solid OpenSCAD_Model
  facet normal 0 0 -1
    outer loop
      vertex 0 0 0
      vertex 15.193640295018128 10.361937279823579 0
      vertex 15.666578601882378 10.011182326184729 0
    endloop
  endfacet
  facet normal 0 0 -1
    outer loop
      vertex 0 0 0
      vertex 15.666578601882378 10.011182326184729 0
      vertex 16.171619579044005 9.70847241390987 0
    endloop
  endfacet
  facet normal 0 0 -1
    outer loop
      vertex 0 0 0
      vertex 16.171619579044005 9.70847241390987 0
      vertex 16.703899405809466 9.45672280493228 0
    endloop
  endfacet
  facet normal 0 0 -1
    outer loop
      vertex 0 0 0
      vertex 13.25835798560675 13.258291936473226 0
      vertex 13.45672280493227 12.703899405809462 0
    endloop
  endfacet
  facet normal 0 0 -1
    outer loop
      vertex 0 0 0
      vertex 13.45672280493227 12.703899405809462 0
      vertex 13.708472413909874 12.171619579044014 0
    endloop
  endfacet
  facet normal 0 0 -1
    outer loop
      vertex 0 0 0
      vertex 13.708472413909874 12.171619579044014 0
      vertex 14.011182326184723 11.666578601882387 0
    endloop
  endfacet
  facet normal 0 0 -1
    outer loop
      vertex 0 0 0
      vertex 13.115288317580621 13.82945806790323 0
      vertex 13.25835798560675 13.258291936473226 0
    endloop
  endfacet
  facet normal 0 0 -1
    outer loop
      vertex 0 0 0
      vertex 13.028891639966815 14.411897158022636 0
      vertex 13.115288317580621 13.82945806790323 0
    endloop
  endfacet
  facet normal 0 0 -1
    outer loop
      vertex 0 0 0
      vertex 13 15 0
      vertex 13.028891639966815 14.411897158022636 0
    endloop
  endfacet
  facet normal 0 0 -1
    outer loop
      vertex 0 0 0
      vertex 14.011182326184723 11.666578601882387 0
      vertex 14.361937279823564 11.193640295018128 0
    endloop
  endfacet
  facet normal 0 0 -1
    outer loop
      vertex 0 0 0
      vertex 14.361937279823564 11.193640295018128 0
      vertex 14.757359312880709 10.757359312880714 0
    endloop
  endfacet
  facet normal 0 0 -1
    outer loop
      vertex 0 0 0
      vertex 14.757359312880709 10.757359312880714 0
      vertex 15.193640295018128 10.361937279823579 0
    endloop
  endfacet
  facet normal 0 0 -1
    outer loop
      vertex 0 0 0
      vertex 17.258291936473228 9.258357985606747 0
      vertex 17.829458067903232 9.115288317580617 0
    endloop
  endfacet
  facet normal 0 0 -1
    outer loop
      vertex 0 0 0
      vertex 16.703899405809466 9.45672280493228 0
      vertex 17.258291936473228 9.258357985606747 0
    endloop
  endfacet
  facet normal 0 0 -1
    outer loop
      vertex 0 0 0
      vertex 17.829458067903232 9.115288317580617 0
      vertex 18.41189715802264 9.028891639966819 0
    endloop
  endfacet
  facet normal 0 0 -1
    outer loop
      vertex 0 0 0
      vertex 6.528891639966815 111.91189715802264 0
      vertex 13 15 0
    endloop
  endfacet
  facet normal 0 0 -1
    outer loop
      vertex 13 15 0
      vertex 6.615288317580621 111.32945806790323 0
      vertex 13.028891639966815 15.588102841977364 0
    endloop
  endfacet
  facet normal 0 0 -1
    outer loop
      vertex 13.028891639966815 15.588102841977364 0
      vertex 6.75835798560675 110.75829193647323 0
      vertex 13.115288317580621 16.170541932096768 0
    endloop
  endfacet
  facet normal 0 0 -1
    outer loop
      vertex 13.115288317580621 16.170541932096768 0
      vertex 6.956722804932269 110.20389940580947 0
      vertex 13.25835798560675 16.741708063526772 0
    endloop
  endfacet
  facet normal 0 0 -1
    outer loop
      vertex 13.25835798560675 16.741708063526772 0
      vertex 7.208472413909874 109.67161957904402 0
      vertex 13.45672280493227 17.296100594190538 0
    endloop
  endfacet
  facet normal 0 0 -1
    outer loop
      vertex 13.45672280493227 17.296100594190538 0
      vertex 7.5111823261847235 109.16657860188239 0
      vertex 13.708472413909874 17.828380420955988 0
    endloop
  endfacet
  facet normal 0 0 -1
    outer loop
      vertex 13.708472413909874 17.828380420955988 0
      vertex 7.8619372798235645 108.69364029501813 0
      vertex 14.011182326184723 18.333421398117615 0
    endloop
  endfacet
  facet normal 0 0 -1
    outer loop
      vertex 14.011182326184723 18.333421398117615 0
      vertex 8.257359312880709 108.25735931288071 0
      vertex 14.361937279823564 18.806359704981872 0
    endloop
  endfacet
  facet normal 0 0 -1
    outer loop
      vertex 14.361937279823564 18.806359704981872 0
      vertex 8.693640295018128 107.86193727982358 0
      vertex 14.757359312880709 19.242640687119284 0
    endloop
  endfacet
  facet normal 0 0 -1
    outer loop
      vertex 14.757359312880709 19.242640687119284 0
      vertex 9.166578601882378 107.51118232618472 0
      vertex 15.193640295018128 19.63806272017642 0
    endloop
  endfacet
  facet normal 0 0 -1
    outer loop
      vertex 15.193640295018128 19.63806272017642 0
      vertex 9.671619579044005 107.20847241390987 0
      vertex 15.666578601882378 19.98881767381527 0
    endloop
  endfacet
  facet normal 0 0 -1
    outer loop
      vertex 15.666578601882378 19.98881767381527 0
      vertex 10.203899405809466 106.95672280493228 0
      vertex 16.171619579044005 20.29152758609013 0
    endloop
  endfacet
  facet normal 0 0 -1
    outer loop
      vertex 16.171619579044005 20.29152758609013 0
      vertex 10.758291936473228 106.75835798560675 0
      vertex 16.703899405809466 20.54327719506772 0
    endloop
  endfacet
  facet normal 0 0 -1
    outer loop
      vertex 16.703899405809466 20.54327719506772 0
      vertex 11.329458067903232 106.61528831758062 0
      vertex 17.258291936473228 20.741642014393253 0
    endloop
  endfacet
  facet normal 0 0 -1
    outer loop
      vertex 17.258291936473228 20.741642014393253 0
      vertex 11.91189715802264 106.52889163996682 0
      vertex 17.829458067903232 20.884711682419383 0
    endloop
  endfacet
  facet normal 0 0 -1
    outer loop
      vertex 17.829458067903232 20.884711682419383 0
      vertex 12.5 106.5 0
      vertex 18.41189715802264 20.97110836003318 0
    endloop
  endfacet
  facet normal 0 0 -1
    outer loop
      vertex 18.41189715802264 20.97110836003318 0
      vertex 13.08810284197736 106.52889163996682 0
      vertex 19 21 0
    endloop
  endfacet
  facet normal 0 0 -1
    outer loop
      vertex 19 21 0
      vertex 13.670541932096768 106.61528831758062 0
      vertex 19.58810284197736 20.97110836003318 0
    endloop
  endfacet
  facet normal 0 0 -1
    outer loop
      vertex 19.58810284197736 20.97110836003318 0
      vertex 14.241708063526772 106.75835798560675 0
      vertex 20.170541932096768 20.884711682419383 0
    endloop
  endfacet
  facet normal 0 0 -1
    outer loop
      vertex 20.170541932096768 20.884711682419383 0
      vertex 14.796100594190534 106.95672280493228 0
      vertex 20.741708063526772 20.741642014393253 0
    endloop
  endfacet
  facet normal 0 0 -1
    outer loop
      vertex 23.24264068711929 19.242640687119284 0
      vertex 22.806359704981872 19.63806272017642 0
      vertex 17.138062720176436 108.69364029501813 0
    endloop
  endfacet
  facet normal 0 0 -1
    outer loop
      vertex 23.24264068711929 19.242640687119284 0
      vertex 17.488817673815277 109.16657860188239 0
      vertex 23.638062720176436 18.806359704981872 0
    endloop
  endfacet
  facet normal 0 0 -1
    outer loop
      vertex 20.741708063526772 20.741642014393253 0
      vertex 15.328380420955995 107.20847241390987 0
      vertex 21.296100594190534 20.54327719506772 0
    endloop
  endfacet
  facet normal 0 0 -1
    outer loop
      vertex 21.296100594190534 20.54327719506772 0
      vertex 15.833421398117622 107.51118232618472 0
      vertex 21.828380420955995 20.29152758609013 0
    endloop
  endfacet
  facet normal 0 0 -1
    outer loop
      vertex 21.828380420955995 20.29152758609013 0
      vertex 16.306359704981872 107.86193727982358 0
      vertex 22.333421398117622 19.98881767381527 0
    endloop
  endfacet
  facet normal 0 0 -1
    outer loop
      vertex 22.333421398117622 19.98881767381527 0
      vertex 16.74264068711929 108.25735931288071 0
      vertex 22.806359704981872 19.63806272017642 0
    endloop
  endfacet
  facet normal 0 0 -1
    outer loop
      vertex 0 0 0
      vertex 6.5 112.5 0
      vertex 6.528891639966815 111.91189715802264 0
    endloop
  endfacet
  facet normal 0 0 -1
    outer loop
      vertex 13.115288317580621 16.170541932096768 0
      vertex 6.75835798560675 110.75829193647323 0
      vertex 6.956722804932269 110.20389940580947 0
    endloop
  endfacet
  facet normal 0 0 -1
    outer loop
      vertex 13.25835798560675 16.741708063526772 0
      vertex 6.956722804932269 110.20389940580947 0
      vertex 7.208472413909874 109.67161957904402 0
    endloop
  endfacet
  facet normal 0 0 -1
    outer loop
      vertex 13 15 0
      vertex 6.528891639966815 111.91189715802264 0
      vertex 6.615288317580621 111.32945806790323 0
    endloop
  endfacet
  facet normal 0 0 -1
    outer loop
      vertex 13.028891639966815 15.588102841977364 0
      vertex 6.615288317580621 111.32945806790323 0
      vertex 6.75835798560675 110.75829193647323 0
    endloop
  endfacet
  facet normal 0 0 -1
    outer loop
      vertex 13.45672280493227 17.296100594190538 0
      vertex 7.208472413909874 109.67161957904402 0
      vertex 7.5111823261847235 109.16657860188239 0
    endloop
  endfacet
  facet normal 0 0 -1
    outer loop
      vertex 13.708472413909874 17.828380420955988 0
      vertex 7.5111823261847235 109.16657860188239 0
      vertex 7.8619372798235645 108.69364029501813 0
    endloop
  endfacet
  facet normal 0 0 -1
    outer loop
      vertex 14.011182326184723 18.333421398117615 0
      vertex 7.8619372798235645 108.69364029501813 0
      vertex 8.257359312880709 108.25735931288071 0
    endloop
  endfacet
  facet normal 0 0 -1
    outer loop
      vertex 14.361937279823564 18.806359704981872 0
      vertex 8.257359312880709 108.25735931288071 0
      vertex 8.693640295018128 107.86193727982358 0
    endloop
  endfacet
  facet normal 0 0 -1
    outer loop
      vertex 14.757359312880709 19.242640687119284 0
      vertex 8.693640295018128 107.86193727982358 0
      vertex 9.166578601882378 107.51118232618472 0
    endloop
  endfacet
  facet normal 0 0 -1
    outer loop
      vertex 15.193640295018128 19.63806272017642 0
      vertex 9.166578601882378 107.51118232618472 0
      vertex 9.671619579044005 107.20847241390987 0
    endloop
  endfacet
  facet normal 0 0 -1
    outer loop
      vertex 15.666578601882378 19.98881767381527 0
      vertex 9.671619579044005 107.20847241390987 0
      vertex 10.203899405809466 106.95672280493228 0
    endloop
  endfacet
  facet normal 0 0 -1
    outer loop
      vertex 16.171619579044005 20.29152758609013 0
      vertex 10.203899405809466 106.95672280493228 0
      vertex 10.758291936473228 106.75835798560675 0
    endloop
  endfacet
  facet normal 0 0 -1
    outer loop
      vertex 16.703899405809466 20.54327719506772 0
      vertex 10.758291936473228 106.75835798560675 0
      vertex 11.329458067903232 106.61528831758062 0
    endloop
  endfacet
  facet normal 0 0 -1
    outer loop
      vertex 17.258291936473228 20.741642014393253 0
      vertex 11.329458067903232 106.61528831758062 0
      vertex 11.91189715802264 106.52889163996682 0
    endloop
  endfacet
  facet normal 0 0 -1
    outer loop
      vertex 17.829458067903232 20.884711682419383 0
      vertex 11.91189715802264 106.52889163996682 0
      vertex 12.5 106.5 0
    endloop
  endfacet
  facet normal 0 0 -1
    outer loop
      vertex 18.41189715802264 20.97110836003318 0
      vertex 12.5 106.5 0
      vertex 13.08810284197736 106.52889163996682 0
    endloop
  endfacet
  facet normal -1 0 0
    outer loop
      vertex 0 0 0
      vertex 0 0 1.9899999999999949
      vertex 0 225 0
    endloop
  endfacet
  facet normal 0 0 -1
    outer loop
      vertex 19 21 0
      vertex 13.08810284197736 106.52889163996682 0
      vertex 13.670541932096768 106.61528831758062 0
    endloop
  endfacet
  facet normal 0 0 -1
    outer loop
      vertex 19.58810284197736 20.97110836003318 0
      vertex 13.670541932096768 106.61528831758062 0
      vertex 14.241708063526772 106.75835798560675 0
    endloop
  endfacet
  facet normal 0 0 -1
    outer loop
      vertex 20.170541932096768 20.884711682419383 0
      vertex 14.241708063526772 106.75835798560675 0
      vertex 14.796100594190534 106.95672280493228 0
    endloop
  endfacet
  facet normal 0 0 -1
    outer loop
      vertex 20.741708063526772 20.741642014393253 0
      vertex 14.796100594190534 106.95672280493228 0
      vertex 15.328380420955995 107.20847241390987 0
    endloop
  endfacet
  facet normal 0 0 -1
    outer loop
      vertex 21.296100594190534 20.54327719506772 0
      vertex 15.328380420955995 107.20847241390987 0
      vertex 15.833421398117622 107.51118232618472 0
    endloop
  endfacet
  facet normal 0 0 -1
    outer loop
      vertex 21.828380420955995 20.29152758609013 0
      vertex 15.833421398117622 107.51118232618472 0
      vertex 16.306359704981872 107.86193727982358 0
    endloop
  endfacet
  facet normal 0 0 -1
    outer loop
      vertex 22.333421398117622 19.98881767381527 0
      vertex 16.306359704981872 107.86193727982358 0
      vertex 16.74264068711929 108.25735931288071 0
    endloop
  endfacet
  facet normal 0 0 -1
    outer loop
      vertex 22.806359704981872 19.63806272017642 0
      vertex 16.74264068711929 108.25735931288071 0
      vertex 17.138062720176436 108.69364029501813 0
    endloop
  endfacet
  facet normal 0 0 -1
    outer loop
      vertex 23.24264068711929 19.242640687119284 0
      vertex 17.138062720176436 108.69364029501813 0
      vertex 17.488817673815277 109.16657860188239 0
    endloop
  endfacet
  facet normal 0 0 -1
    outer loop
      vertex 23.638062720176436 18.806359704981872 0
      vertex 17.488817673815277 109.16657860188239 0
      vertex 17.791527586090126 109.67161957904402 0
    endloop
  endfacet
  facet normal -1 0 0
    outer loop
      vertex 0 0 1.9899999999999949
      vertex 0 0 2
      vertex 0 225 2
    endloop
  endfacet
  facet normal 0 0 -1
    outer loop
      vertex 0 0 0
      vertex 18.41189715802264 9.028891639966819 0
      vertex 112 0 0
    endloop
  endfacet
  facet normal 0 -1 0
    outer loop
      vertex 0 0 0
      vertex 112 0 0
      vertex 0 0 1.9899999999999949
    endloop
  endfacet
  facet normal 0 0 -1
    outer loop
      vertex 18.41189715802264 9.028891639966819 0
      vertex 19 9 0
      vertex 112 0 0
    endloop
  endfacet
  facet normal 0 0 -1
    outer loop
      vertex 19 9 0
      vertex 19.58810284197736 9.028891639966819 0
      vertex 112 0 0
    endloop
  endfacet
  facet normal 0 0 -1
    outer loop
      vertex 19.58810284197736 9.028891639966819 0
      vertex 20.170541932096768 9.115288317580617 0
      vertex 112 0 0
    endloop
  endfacet
  facet normal 0 0 -1
    outer loop
      vertex 20.170541932096768 9.115288317580617 0
      vertex 20.741708063526772 9.258357985606747 0
      vertex 112 0 0
    endloop
  endfacet
  facet normal 0 0 -1
    outer loop
      vertex 20.741708063526772 9.258357985606747 0
      vertex 21.296100594190534 9.45672280493228 0
      vertex 112 0 0
    endloop
  endfacet
  facet normal 0 0 -1
    outer loop
      vertex 21.296100594190534 9.45672280493228 0
      vertex 21.828380420955995 9.70847241390987 0
      vertex 112 0 0
    endloop
  endfacet
  facet normal 0 0 -1
    outer loop
      vertex 21.828380420955995 9.70847241390987 0
      vertex 22.333421398117622 10.011182326184729 0
      vertex 112 0 0
    endloop
  endfacet
  facet normal 0 0 -1
    outer loop
      vertex 22.333421398117622 10.011182326184729 0
      vertex 22.806359704981872 10.361937279823579 0
      vertex 112 0 0
    endloop
  endfacet
  facet normal 0 0 -1
    outer loop
      vertex 22.806359704981872 10.361937279823579 0
      vertex 23.24264068711929 10.757359312880714 0
      vertex 112 0 0
    endloop
  endfacet
  facet normal 0 0 -1
    outer loop
      vertex 23.24264068711929 10.757359312880714 0
      vertex 23.638062720176436 11.193640295018128 0
      vertex 112 0 0
    endloop
  endfacet
  facet normal 0 0 -1
    outer loop
      vertex 23.638062720176436 11.193640295018128 0
      vertex 23.988817673815277 11.666578601882387 0
      vertex 112 0 0
    endloop
  endfacet
  facet normal 0 0 -1
    outer loop
      vertex 23.988817673815277 11.666578601882387 0
      vertex 24.291527586090126 12.171619579044014 0
      vertex 112 0 0
    endloop
  endfacet
  facet normal 0 0 -1
    outer loop
      vertex 24.291527586090126 12.171619579044014 0
      vertex 24.54327719506773 12.703899405809462 0
      vertex 112 0 0
    endloop
  endfacet
  facet normal 0 0 -1
    outer loop
      vertex 24.54327719506773 12.703899405809462 0
      vertex 24.74164201439325 13.258291936473226 0
      vertex 112 0 0
    endloop
  endfacet
  facet normal 0 0 -1
    outer loop
      vertex 24.74164201439325 13.258291936473226 0
      vertex 24.88471168241938 13.82945806790323 0
      vertex 112 0 0
    endloop
  endfacet
  facet normal 0 0 -1
    outer loop
      vertex 24.88471168241938 13.82945806790323 0
      vertex 24.971108360033185 14.411897158022636 0
      vertex 112 0 0
    endloop
  endfacet
  facet normal 0 0 -1
    outer loop
      vertex 24.971108360033185 14.411897158022636 0
      vertex 25 15 0
      vertex 112 0 0
    endloop
  endfacet
  facet normal 0 0 -1
    outer loop
      vertex 25 15 0
      vertex 24.971108360033185 15.588102841977364 0
      vertex 112 0 0
    endloop
  endfacet
  facet normal 0 0 -1
    outer loop
      vertex 23.988817673815277 18.333421398117615 0
      vertex 112 0 0
      vertex 24.291527586090126 17.828380420955988 0
    endloop
  endfacet
  facet normal 0 0 -1
    outer loop
      vertex 23.638062720176436 18.806359704981872 0
      vertex 112 0 0
      vertex 23.988817673815277 18.333421398117615 0
    endloop
  endfacet
  facet normal 0 0 -1
    outer loop
      vertex 24.74164201439325 16.741708063526772 0
      vertex 112 0 0
      vertex 24.88471168241938 16.170541932096768 0
    endloop
  endfacet
  facet normal 0 0 -1
    outer loop
      vertex 24.54327719506773 17.296100594190538 0
      vertex 112 0 0
      vertex 24.74164201439325 16.741708063526772 0
    endloop
  endfacet
  facet normal 0 0 -1
    outer loop
      vertex 24.291527586090126 17.828380420955988 0
      vertex 112 0 0
      vertex 24.54327719506773 17.296100594190538 0
    endloop
  endfacet
  facet normal 0 0 -1
    outer loop
      vertex 24.971108360033185 15.588102841977364 0
      vertex 24.88471168241938 16.170541932096768 0
      vertex 112 0 0
    endloop
  endfacet
  facet normal 0 0 -1
    outer loop
      vertex 23.638062720176436 18.806359704981872 0
      vertex 17.791527586090126 109.67161957904402 0
      vertex 112 0 0
    endloop
  endfacet
  facet normal 0 -1 0
    outer loop
      vertex 0 0 1.9899999999999949
      vertex 112 0 2
      vertex 0 0 2
    endloop
  endfacet
  facet normal 0 0 -1
    outer loop
      vertex 17.791527586090126 109.67161957904402 0
      vertex 18.04327719506773 110.20389940580947 0
      vertex 112 0 0
    endloop
  endfacet
  facet normal 0 0 -1
    outer loop
      vertex 18.04327719506773 110.20389940580947 0
      vertex 18.24164201439325 110.75829193647323 0
      vertex 112 0 0
    endloop
  endfacet
  facet normal 0 0 -1
    outer loop
      vertex 18.24164201439325 110.75829193647323 0
      vertex 18.38471168241938 111.32945806790323 0
      vertex 112 0 0
    endloop
  endfacet
  facet normal 0 0 -1
    outer loop
      vertex 18.38471168241938 111.32945806790323 0
      vertex 18.471108360033185 111.91189715802264 0
      vertex 112 0 0
    endloop
  endfacet
  facet normal 0 0 -1
    outer loop
      vertex 18.471108360033185 111.91189715802264 0
      vertex 18.5 112.5 0
      vertex 112 0 0
    endloop
  endfacet
  facet normal 0 0 -1
    outer loop
      vertex 18.5 112.5 0
      vertex 18.471108360033185 113.08810284197736 0
      vertex 112 0 0
    endloop
  endfacet
  facet normal 0 0 -1
    outer loop
      vertex 17.488817673815277 115.83342139811761 0
      vertex 112 0 0
      vertex 17.791527586090126 115.32838042095598 0
    endloop
  endfacet
  facet normal 0 0 -1
    outer loop
      vertex 18.24164201439325 114.24170806352677 0
      vertex 18.04327719506773 114.79610059419053 0
      vertex 112 0 0
    endloop
  endfacet
  facet normal 0 0 -1
    outer loop
      vertex 18.24164201439325 114.24170806352677 0
      vertex 112 0 0
      vertex 18.38471168241938 113.67054193209677 0
    endloop
  endfacet
  facet normal 0 0 -1
    outer loop
      vertex 18.471108360033185 113.08810284197736 0
      vertex 18.38471168241938 113.67054193209677 0
      vertex 112 0 0
    endloop
  endfacet
  facet normal 0 0 -1
    outer loop
      vertex 17.791527586090126 115.32838042095598 0
      vertex 112 0 0
      vertex 18.04327719506773 114.79610059419053 0
    endloop
  endfacet
  facet normal 0 0 -1
    outer loop
      vertex 17.488817673815277 115.83342139811761 0
      vertex 17.138062720176436 116.30635970498187 0
      vertex 112 0 0
    endloop
  endfacet
  facet normal 0 0 1
    outer loop
      vertex 2 2 4
      vertex 10.180787356516447 10.286032631740024 4
      vertex 9.761204674887125 11.173165676349102 4
    endloop
  endfacet
  facet normal 0 0 1
    outer loop
      vertex 2 2 4
      vertex 9.761204674887125 11.173165676349102 4
      vertex 9.430596642677926 12.097153227455376 4
    endloop
  endfacet
  facet normal 0 0 1
    outer loop
      vertex 2 2 4
      vertex 9.430596642677926 12.097153227455376 4
      vertex 9.192147195967692 13.049096779838717 4
    endloop
  endfacet
  facet normal 0 0 1
    outer loop
      vertex 2 2 4
      vertex 9.192147195967692 13.049096779838717 4
      vertex 9.048152733278016 14.019828596704395 4
    endloop
  endfacet
  facet normal 0 0 1
    outer loop
      vertex 2 2 4
      vertex 9.048152733278016 14.019828596704395 4
      vertex 9 15 4
    endloop
  endfacet
  facet normal 0 0 1
    outer loop
      vertex 2 2 4
      vertex 9 15 4
      vertex 9.048152733278016 15.980171403295605 4
    endloop
  endfacet
  facet normal 0 0 1
    outer loop
      vertex 2 2 4
      vertex 9.048152733278016 15.980171403295605 4
      vertex 9.192147195967692 16.950903220161283 4
    endloop
  endfacet
  facet normal 0 0 1
    outer loop
      vertex 2 2 4
      vertex 9.192147195967692 16.950903220161283 4
      vertex 8.325221870460723 40.324627428259035 4
    endloop
  endfacet
  facet normal 0 0 1
    outer loop
      vertex 2 2 4
      vertex 11.269895466372617 8.656067158363545 4
      vertex 10.685303876974558 9.444297669803978 4
    endloop
  endfacet
  facet normal 0 0 1
    outer loop
      vertex 2 2 4
      vertex 11.928932188134524 7.9289321881345245 4
      vertex 11.269895466372617 8.656067158363545 4
    endloop
  endfacet
  facet normal 0 0 1
    outer loop
      vertex 2 2 4
      vertex 12.656067158363555 7.26989546637263 4
      vertex 11.928932188134524 7.9289321881345245 4
    endloop
  endfacet
  facet normal 0 0 1
    outer loop
      vertex 2 2 4
      vertex 13.444297669803973 6.685303876974547 4
      vertex 12.656067158363555 7.26989546637263 4
    endloop
  endfacet
  facet normal 0 0 1
    outer loop
      vertex 2 2 4
      vertex 14.286032631740028 6.180787356516449 4
      vertex 13.444297669803973 6.685303876974547 4
    endloop
  endfacet
  facet normal 0 0 1
    outer loop
      vertex 2 2 4
      vertex 15.1731656763491 5.761204674887132 4
      vertex 14.286032631740028 6.180787356516449 4
    endloop
  endfacet
  facet normal 0 0 1
    outer loop
      vertex 2 2 4
      vertex 16.09715322745538 5.430596642677912 4
      vertex 15.1731656763491 5.761204674887132 4
    endloop
  endfacet
  facet normal 0 0 1
    outer loop
      vertex 2 2 4
      vertex 10.685303876974558 9.444297669803978 4
      vertex 10.180787356516447 10.286032631740024 4
    endloop
  endfacet
  facet normal 0 0 1
    outer loop
      vertex 2 2 4
      vertex 17.04909677983872 5.192147195967696 4
      vertex 16.09715322745538 5.430596642677912 4
    endloop
  endfacet
  facet normal 0 0 1
    outer loop
      vertex 2 2 4
      vertex 18.0198285967044 5.04815273327803 4
      vertex 17.04909677983872 5.192147195967696 4
    endloop
  endfacet
  facet normal 0 0 1
    outer loop
      vertex 2 2 4
      vertex 19 5 4
      vertex 18.0198285967044 5.04815273327803 4
    endloop
  endfacet
  facet normal 0 0 1
    outer loop
      vertex 9.192147195967692 16.950903220161283 4
      vertex 9.430596642677926 17.902846772544624 4
      vertex 8.325221870460723 40.324627428259035 4
    endloop
  endfacet
  facet normal 0 0 1
    outer loop
      vertex 9.430596642677926 17.902846772544624 4
      vertex 9.761204674887125 18.8268343236509 4
      vertex 8.325221870460723 40.324627428259035 4
    endloop
  endfacet
  facet normal 0 0 1
    outer loop
      vertex 9.761204674887125 18.8268343236509 4
      vertex 10.180787356516447 19.713967368259976 4
      vertex 12.376251725188837 30.544576211396127 4
    endloop
  endfacet
  facet normal 0 0 1
    outer loop
      vertex 10.180787356516447 19.713967368259976 4
      vertex 10.685303876974558 20.55570233019602 4
      vertex 12.376251725188837 30.544576211396127 4
    endloop
  endfacet
  facet normal 0 0 1
    outer loop
      vertex 10.685303876974558 20.55570233019602 4
      vertex 11.269895466372617 21.343932841636455 4
      vertex 12.376251725188837 30.544576211396127 4
    endloop
  endfacet
  facet normal 0 0 1
    outer loop
      vertex 11.269895466372617 21.343932841636455 4
      vertex 11.928932188134524 22.071067811865476 4
      vertex 12.376251725188837 30.544576211396127 4
    endloop
  endfacet
  facet normal 0 0 1
    outer loop
      vertex 11.928932188134524 22.071067811865476 4
      vertex 12.656067158363555 22.73010453362737 4
      vertex 15.100640935662568 25.99920741694148 4
    endloop
  endfacet
  facet normal 0 0 1
    outer loop
      vertex 12.656067158363555 22.73010453362737 4
      vertex 13.444297669803973 23.314696123025453 4
      vertex 15.100640935662568 25.99920741694148 4
    endloop
  endfacet
  facet normal 0 0 1
    outer loop
      vertex 13.444297669803973 23.314696123025453 4
      vertex 14.286032631740028 23.819212643483553 4
      vertex 15.100640935662568 25.99920741694148 4
    endloop
  endfacet
  facet normal 0 0 1
    outer loop
      vertex 11.928932188134524 22.071067811865476 4
      vertex 15.100640935662568 25.99920741694148 4
      vertex 12.376251725188837 30.544576211396127 4
    endloop
  endfacet
  facet normal 0 0 1
    outer loop
      vertex 14.286032631740028 23.819212643483553 4
      vertex 15.1731656763491 24.238795325112868 4
      vertex 15.100640935662568 25.99920741694148 4
    endloop
  endfacet
  facet normal 0 0 1
    outer loop
      vertex 2 2 4
      vertex 7.03759485822556 45.465122611129075 4
      vertex 6.260024759701366 50.707074422203725 4
    endloop
  endfacet
  facet normal 0 0 1
    outer loop
      vertex 2 2 4
      vertex 8.325221870460723 40.324627428259035 4
      vertex 7.03759485822556 45.465122611129075 4
    endloop
  endfacet
  facet normal 0 0 1
    outer loop
      vertex 2 2 4
      vertex 6.260024759701366 50.707074422203725 4
      vertex 6 56 4
    endloop
  endfacet
  facet normal 0 0 1
    outer loop
      vertex 2 2 4
      vertex 6 56 4
      vertex 6.260024759701366 61.292925577796275 4
    endloop
  endfacet
  facet normal 0 0 1
    outer loop
      vertex 2 2 4
      vertex 6.260024759701366 61.292925577796275 4
      vertex 5.4289321881345245 105.42893218813452 4
    endloop
  endfacet
  facet normal 0 0 1
    outer loop
      vertex 9.761204674887125 18.8268343236509 4
      vertex 10.11050524439051 35.33509465228515 4
      vertex 8.325221870460723 40.324627428259035 4
    endloop
  endfacet
  facet normal 0 0 1
    outer loop
      vertex 9.761204674887125 18.8268343236509 4
      vertex 12.376251725188837 30.544576211396127 4
      vertex 10.11050524439051 35.33509465228515 4
    endloop
  endfacet
  facet normal 0 0 1
    outer loop
      vertex 15.1731656763491 24.238795325112868 4
      vertex 16.09715322745538 24.569403357322088 4
      vertex 15.100640935662568 25.99920741694148 4
    endloop
  endfacet
  facet normal 0 0 1
    outer loop
      vertex 16.09715322745538 24.569403357322088 4
      vertex 16.151044341071184 24.582902378553037 4
      vertex 15.100640935662568 25.99920741694148 4
    endloop
  endfacet
  facet normal 0 0 1
    outer loop
      vertex 2 2 4
      vertex 49.46512261112906 3.0375948582255603 4
      vertex 19 5 4
    endloop
  endfacet
  facet normal 0 0 1
    outer loop
      vertex 20.95090322016128 5.192147195967696 4
      vertex 44.32462742825902 4.325221870460723 4
      vertex 21.90284677254462 5.430596642677912 4
    endloop
  endfacet
  facet normal 0 0 1
    outer loop
      vertex 22.8268343236509 5.761204674887132 4
      vertex 39.335094652285136 6.110505244390517 4
      vertex 23.713967368259972 6.180787356516449 4
    endloop
  endfacet
  facet normal 0 0 1
    outer loop
      vertex 19 5 4
      vertex 49.46512261112906 3.0375948582255603 4
      vertex 19.9801714032956 5.04815273327803 4
    endloop
  endfacet
  facet normal 0 0 1
    outer loop
      vertex 21.90284677254462 5.430596642677912 4
      vertex 44.32462742825902 4.325221870460723 4
      vertex 22.8268343236509 5.761204674887132 4
    endloop
  endfacet
  facet normal 0 0 1
    outer loop
      vertex 23.713967368259972 6.180787356516449 4
      vertex 39.335094652285136 6.110505244390517 4
      vertex 24.555702330196027 6.685303876974547 4
    endloop
  endfacet
  facet normal 0 0 1
    outer loop
      vertex 24.555702330196027 6.685303876974547 4
      vertex 39.335094652285136 6.110505244390517 4
      vertex 25.343932841636445 7.26989546637263 4
    endloop
  endfacet
  facet normal 0 0 1
    outer loop
      vertex 26.730104533627383 8.656067158363545 4
      vertex 34.544576211396134 8.37625172518883 4
      vertex 27.314696123025442 9.444297669803978 4
    endloop
  endfacet
  facet normal 0 0 1
    outer loop
      vertex 27.314696123025442 9.444297669803978 4
      vertex 34.544576211396134 8.37625172518883 4
      vertex 27.819212643483553 10.286032631740024 4
    endloop
  endfacet
  facet normal 0 0 1
    outer loop
      vertex 28.238795325112875 11.173165676349102 4
      vertex 29.999207416941488 11.100640935662554 4
      vertex 28.569403357322074 12.097153227455376 4
    endloop
  endfacet
  facet normal 0 0 1
    outer loop
      vertex 28.569403357322074 12.097153227455376 4
      vertex 29.999207416941488 11.100640935662554 4
      vertex 28.58290237855303 12.151044341071193 4
    endloop
  endfacet
  facet normal -0.9914448620347796 0 0.13052618719949255
    outer loop
      vertex 0 0 2
      vertex 0.06814834475517273 0.06814834475517273 2.5176380902050397
      vertex 0 225 2
    endloop
  endfacet
  facet normal -0.9238795298353728 0 0.3826834388253173
    outer loop
      vertex 0.06814834475517273 0.06814834475517273 2.5176380902050397
      vertex 0.2679491937160492 0.2679491937160492 3
      vertex 0.06814834475517273 224.93185165524483 2.5176380902050397
    endloop
  endfacet
  facet normal -0.7933533397671424 8.412116701693749e-20 0.6087614296917317
    outer loop
      vertex 0.2679491937160492 0.2679491937160492 3
      vertex 0.5857864394783974 0.5857864394783974 3.4142135623730923
      vertex 0.5857864394783974 224.4142135605216 3.4142135623730923
    endloop
  endfacet
  facet normal -0.608761430721417 0 0.793353338977037
    outer loop
      vertex 0.5857864394783974 0.5857864394783974 3.4142135623730923
      vertex 1 1 3.732050807568882
      vertex 0.5857864394783974 224.4142135605216 3.4142135623730923
    endloop
  endfacet
  facet normal -0.38268343037934455 -7.233622769207483e-21 0.9238795333338095
    outer loop
      vertex 1 1 3.732050807568882
      vertex 1.482361912727356 1.482361912727356 3.931851652578132
      vertex 1.482361912727356 223.51763808727264 3.931851652578132
    endloop
  endfacet
  facet normal -0.1305261929468879 1.0747103934342382e-20 0.9914448612781207
    outer loop
      vertex 1.482361912727356 1.482361912727356 3.931851652578132
      vertex 2 2 4
      vertex 2 223 4
    endloop
  endfacet
  facet normal 0 0 1
    outer loop
      vertex 2 2 4
      vertex 3.261204674887125 108.6731656763491 4
      vertex 2.9305966426779264 109.59715322745538 4
    endloop
  endfacet
  facet normal 0 0 1
    outer loop
      vertex 2 2 4
      vertex 4.769895466372617 106.15606715836354 4
      vertex 4.185303876974558 106.94429766980397 4
    endloop
  endfacet
  facet normal 0 0 1
    outer loop
      vertex 2 2 4
      vertex 3.680787356516447 107.78603263174003 4
      vertex 3.261204674887125 108.6731656763491 4
    endloop
  endfacet
  facet normal 0 0 1
    outer loop
      vertex 2 2 4
      vertex 4.185303876974558 106.94429766980397 4
      vertex 3.680787356516447 107.78603263174003 4
    endloop
  endfacet
  facet normal 0 0 1
    outer loop
      vertex 2 2 4
      vertex 2.9305966426779264 109.59715322745538 4
      vertex 2.692147195967692 110.54909677983872 4
    endloop
  endfacet
  facet normal 0 0 1
    outer loop
      vertex 2 2 4
      vertex 2.692147195967692 110.54909677983872 4
      vertex 2.548152733278016 111.5198285967044 4
    endloop
  endfacet
  facet normal 0 0 1
    outer loop
      vertex 2 2 4
      vertex 2.548152733278016 111.5198285967044 4
      vertex 2.5 112.5 4
    endloop
  endfacet
  facet normal 0 0 1
    outer loop
      vertex 2 2 4
      vertex 5.4289321881345245 105.42893218813452 4
      vertex 4.769895466372617 106.15606715836354 4
    endloop
  endfacet
  facet normal 0 0 1
    outer loop
      vertex 6.260024759701366 61.292925577796275 4
      vertex 7.03759485822556 66.53487738887092 4
      vertex 5.4289321881345245 105.42893218813452 4
    endloop
  endfacet
  facet normal 0 0 1
    outer loop
      vertex 7.03759485822556 66.53487738887092 4
      vertex 8.325221870460723 71.67537257174097 4
      vertex 6.156067158363555 104.76989546637263 4
    endloop
  endfacet
  facet normal 0 0 1
    outer loop
      vertex 8.325221870460723 71.67537257174097 4
      vertex 10.11050524439051 76.66490534771485 4
      vertex 8.6731656763491 103.26120467488713 4
    endloop
  endfacet
  facet normal 0 0 1
    outer loop
      vertex 7.03759485822556 66.53487738887092 4
      vertex 6.156067158363555 104.76989546637263 4
      vertex 5.4289321881345245 105.42893218813452 4
    endloop
  endfacet
  facet normal 0 0 1
    outer loop
      vertex 8.325221870460723 71.67537257174097 4
      vertex 6.944297669803973 104.18530387697454 4
      vertex 6.156067158363555 104.76989546637263 4
    endloop
  endfacet
  facet normal 0 0 1
    outer loop
      vertex 8.325221870460723 71.67537257174097 4
      vertex 8.6731656763491 103.26120467488713 4
      vertex 7.786032631740028 103.68078735651645 4
    endloop
  endfacet
  facet normal 0 0 1
    outer loop
      vertex 8.325221870460723 71.67537257174097 4
      vertex 7.786032631740028 103.68078735651645 4
      vertex 6.944297669803973 104.18530387697454 4
    endloop
  endfacet
  facet normal 0 0 1
    outer loop
      vertex 10.11050524439051 76.66490534771485 4
      vertex 9.59715322745538 102.93059664267791 4
      vertex 8.6731656763491 103.26120467488713 4
    endloop
  endfacet
  facet normal 0 0 1
    outer loop
      vertex 10.11050524439051 76.66490534771485 4
      vertex 10.54909677983872 102.69214719596769 4
      vertex 9.59715322745538 102.93059664267791 4
    endloop
  endfacet
  facet normal 0 0 1
    outer loop
      vertex 10.11050524439051 76.66490534771485 4
      vertex 11.5198285967044 102.54815273327803 4
      vertex 10.54909677983872 102.69214719596769 4
    endloop
  endfacet
  facet normal 0 0 1
    outer loop
      vertex 10.11050524439051 76.66490534771485 4
      vertex 12.376251725188837 81.45542378860387 4
      vertex 11.5198285967044 102.54815273327803 4
    endloop
  endfacet
  facet normal 0 0 1
    outer loop
      vertex 12.376251725188837 81.45542378860387 4
      vertex 15.100640935662568 86.00079258305851 4
      vertex 14.45090322016128 102.69214719596769 4
    endloop
  endfacet
  facet normal 0 0 1
    outer loop
      vertex 12.376251725188837 81.45542378860387 4
      vertex 12.5 102.5 4
      vertex 11.5198285967044 102.54815273327803 4
    endloop
  endfacet
  facet normal 0 0 1
    outer loop
      vertex 12.376251725188837 81.45542378860387 4
      vertex 13.4801714032956 102.54815273327803 4
      vertex 12.5 102.5 4
    endloop
  endfacet
  facet normal 0 0 1
    outer loop
      vertex 12.376251725188837 81.45542378860387 4
      vertex 14.45090322016128 102.69214719596769 4
      vertex 13.4801714032956 102.54815273327803 4
    endloop
  endfacet
  facet normal 0 0 1
    outer loop
      vertex 14.45090322016128 102.69214719596769 4
      vertex 15.100640935662568 86.00079258305851 4
      vertex 15.40284677254462 102.93059664267791 4
    endloop
  endfacet
  facet normal 0 0 1
    outer loop
      vertex 15.100640935662568 86.00079258305851 4
      vertex 16 87.21343790349701 4
      vertex 16 103.14426148396288 4
    endloop
  endfacet
  facet normal 0 0 1
    outer loop
      vertex 15.100640935662568 86.00079258305851 4
      vertex 16 103.14426148396288 4
      vertex 15.40284677254462 102.93059664267791 4
    endloop
  endfacet
  facet normal 0 0 1
    outer loop
      vertex 23 95.25666931378923 4
      vertex 25.742762655163148 97.7425644815878 4
      vertex 23 103.9698817489015 4
    endloop
  endfacet
  facet normal 0 0 1
    outer loop
      vertex 25.742762655163148 97.7425644815878 4
      vertex 29.999207416941488 100.89935906433745 4
      vertex 23 103.9698817489015 4
    endloop
  endfacet
  facet normal 0 0 1
    outer loop
      vertex 23 103.9698817489015 4
      vertex 29.999207416941488 100.89935906433745 4
      vertex 34.544576211396134 103.62374827481116 4
    endloop
  endfacet
  facet normal 0 -0.9914448620347796 0.13052618719949255
    outer loop
      vertex 0 0 2
      vertex 112 0 2
      vertex 0.06814834475517273 0.06814834475517273 2.5176380902050397
    endloop
  endfacet
  facet normal 0 -0.9238795298353729 0.38268343882531725
    outer loop
      vertex 0.06814834475517273 0.06814834475517273 2.5176380902050397
      vertex 111.9983269572258 0.06814834475517273 2.5176380902050397
      vertex 0.2679491937160492 0.2679491937160492 3
    endloop
  endfacet
  facet normal 1.690191801418482e-19 -0.7933533397671424 0.6087614296917317
    outer loop
      vertex 0.2679491937160492 0.2679491937160492 3
      vertex 111.98561979085207 0.5857864394783974 3.4142135623730923
      vertex 0.5857864394783974 0.5857864394783974 3.4142135623730923
    endloop
  endfacet
  facet normal 0 0 1
    outer loop
      vertex 19.9801714032956 5.04815273327803 4
      vertex 49.46512261112906 3.0375948582255603 4
      vertex 20.95090322016128 5.192147195967696 4
    endloop
  endfacet
  facet normal 0 0 1
    outer loop
      vertex 25.343932841636445 7.26989546637263 4
      vertex 39.335094652285136 6.110505244390517 4
      vertex 26.071067811865476 7.9289321881345245 4
    endloop
  endfacet
  facet normal 0 0 1
    outer loop
      vertex 26.071067811865476 7.9289321881345245 4
      vertex 39.335094652285136 6.110505244390517 4
      vertex 26.730104533627383 8.656067158363545 4
    endloop
  endfacet
  facet normal 0 0 1
    outer loop
      vertex 27.819212643483553 10.286032631740024 4
      vertex 34.544576211396134 8.37625172518883 4
      vertex 28.238795325112875 11.173165676349102 4
    endloop
  endfacet
  facet normal 0 0 1
    outer loop
      vertex 28.238795325112875 11.173165676349102 4
      vertex 34.544576211396134 8.37625172518883 4
      vertex 29.999207416941488 11.100640935662554 4
    endloop
  endfacet
  facet normal 0 0 1
    outer loop
      vertex 26.730104533627383 8.656067158363545 4
      vertex 39.335094652285136 6.110505244390517 4
      vertex 34.544576211396134 8.37625172518883 4
    endloop
  endfacet
  facet normal 0 0 1
    outer loop
      vertex 2 2 4
      vertex 54.70707442220373 2.2600247597013663 4
      vertex 49.46512261112906 3.0375948582255603 4
    endloop
  endfacet
  facet normal 0 0 1
    outer loop
      vertex 22.8268343236509 5.761204674887132 4
      vertex 44.32462742825902 4.325221870460723 4
      vertex 39.335094652285136 6.110505244390517 4
    endloop
  endfacet
  facet normal 2.346265916079026e-19 -0.6087614307214171 0.7933533389770371
    outer loop
      vertex 0.5857864394783974 0.5857864394783974 3.4142135623730923
      vertex 111.97545136511326 1 3.732050807568882
      vertex 1 1 3.732050807568882
    endloop
  endfacet
  facet normal 0 -0.3826834303793445 0.9238795333338093
    outer loop
      vertex 1 1 3.732050807568882
      vertex 111.97545136511326 1 3.732050807568882
      vertex 1.482361912727356 1.482361912727356 3.931851652578132
    endloop
  endfacet
  facet normal 0 -0.1305261929468879 0.9914448612781206
    outer loop
      vertex 1.482361912727356 1.482361912727356 3.931851652578132
      vertex 111.96361004561186 1.482361912727356 3.931851652578132
      vertex 2 2 4
    endloop
  endfacet
  facet normal 0 0 1
    outer loop
      vertex 2 2 4
      vertex 60 2 4
      vertex 54.70707442220373 2.2600247597013663 4
    endloop
  endfacet
  facet normal 0 0 1
    outer loop
      vertex 20.95090322016128 5.192147195967696 4
      vertex 49.46512261112906 3.0375948582255603 4
      vertex 44.32462742825902 4.325221870460723 4
    endloop
  endfacet
  facet normal 0 -0.1305261929468879 0.9914448612781206
    outer loop
      vertex 2 2 4
      vertex 111.96361004561186 1.482361912727356 3.931851652578132
      vertex 60 2 4
    endloop
  endfacet
  facet normal 0 0 1
    outer loop
      vertex 23 103.9698817489015 4
      vertex 34.544576211396134 103.62374827481116 4
      vertex 34.544576211396134 121.37625172518884 4
    endloop
  endfacet
  facet normal 0 0 1
    outer loop
      vertex 34.544576211396134 103.62374827481116 4
      vertex 39.335094652285136 105.88949475560949 4
      vertex 39.335094652285136 119.11050524439051 4
    endloop
  endfacet
  facet normal 0 0 1
    outer loop
      vertex 39.335094652285136 105.88949475560949 4
      vertex 44.32462742825902 107.67477812953928 4
      vertex 44.32462742825902 117.32522187046072 4
    endloop
  endfacet
  facet normal 0 0 1
    outer loop
      vertex 44.32462742825902 107.67477812953928 4
      vertex 49.46512261112906 108.96240514177444 4
      vertex 49.46512261112906 116.03759485822556 4
    endloop
  endfacet
  facet normal 0 0 1
    outer loop
      vertex 49.46512261112906 108.96240514177444 4
      vertex 54.70707442220373 109.73997524029863 4
      vertex 54.70707442220373 115.26002475970137 4
    endloop
  endfacet
  facet normal 0 0 1
    outer loop
      vertex 54.70707442220373 109.73997524029863 4
      vertex 60 110 4
      vertex 60 115 4
    endloop
  endfacet
  facet normal 0 0 -1
    outer loop
      vertex 0 0 0
      vertex 0 225 0
      vertex 6.5 112.5 0
    endloop
  endfacet
  facet normal 0 0 -1
    outer loop
      vertex 6.5 112.5 0
      vertex 0 225 0
      vertex 6.528891639966815 113.08810284197736 0
    endloop
  endfacet
  facet normal 0 0 -1
    outer loop
      vertex 6.528891639966815 113.08810284197736 0
      vertex 0 225 0
      vertex 6.615288317580621 113.67054193209677 0
    endloop
  endfacet
  facet normal 0 0 -1
    outer loop
      vertex 6.615288317580621 113.67054193209677 0
      vertex 0 225 0
      vertex 6.75835798560675 114.24170806352677 0
    endloop
  endfacet
  facet normal 0 0 -1
    outer loop
      vertex 6.75835798560675 114.24170806352677 0
      vertex 0 225 0
      vertex 6.956722804932269 114.79610059419053 0
    endloop
  endfacet
  facet normal 0 0 -1
    outer loop
      vertex 6.956722804932269 114.79610059419053 0
      vertex 0 225 0
      vertex 7.208472413909874 115.32838042095598 0
    endloop
  endfacet
  facet normal 0 0 -1
    outer loop
      vertex 7.208472413909874 115.32838042095598 0
      vertex 0 225 0
      vertex 7.5111823261847235 115.83342139811761 0
    endloop
  endfacet
  facet normal 0 0 -1
    outer loop
      vertex 7.5111823261847235 115.83342139811761 0
      vertex 0 225 0
      vertex 7.8619372798235645 116.30635970498187 0
    endloop
  endfacet
  facet normal 0 0 -1
    outer loop
      vertex 7.8619372798235645 116.30635970498187 0
      vertex 0 225 0
      vertex 8.257359312880709 116.74264068711929 0
    endloop
  endfacet
  facet normal 0 0 -1
    outer loop
      vertex 8.257359312880709 116.74264068711929 0
      vertex 0 225 0
      vertex 8.693640295018128 117.13806272017642 0
    endloop
  endfacet
  facet normal 0 0 -1
    outer loop
      vertex 8.693640295018128 117.13806272017642 0
      vertex 0 225 0
      vertex 9.166578601882378 117.48881767381528 0
    endloop
  endfacet
  facet normal 0 0 -1
    outer loop
      vertex 9.166578601882378 117.48881767381528 0
      vertex 0 225 0
      vertex 9.671619579044005 117.79152758609013 0
    endloop
  endfacet
  facet normal 0 0 -1
    outer loop
      vertex 9.671619579044005 117.79152758609013 0
      vertex 0 225 0
      vertex 10.203899405809466 118.04327719506772 0
    endloop
  endfacet
  facet normal 0 0 -1
    outer loop
      vertex 10.203899405809466 118.04327719506772 0
      vertex 0 225 0
      vertex 10.758291936473228 118.24164201439325 0
    endloop
  endfacet
  facet normal 0 0 -1
    outer loop
      vertex 10.758291936473228 118.24164201439325 0
      vertex 0 225 0
      vertex 11.329458067903232 118.38471168241938 0
    endloop
  endfacet
  facet normal 0 0 -1
    outer loop
      vertex 11.329458067903232 118.38471168241938 0
      vertex 0 225 0
      vertex 11.91189715802264 118.47110836003318 0
    endloop
  endfacet
  facet normal 0 0 -1
    outer loop
      vertex 11.91189715802264 118.47110836003318 0
      vertex 0 225 0
      vertex 12.5 118.5 0
    endloop
  endfacet
  facet normal 0 0 -1
    outer loop
      vertex 12.5 118.5 0
      vertex 0 225 0
      vertex 13.08810284197736 118.47110836003318 0
    endloop
  endfacet
  facet normal 0 0 -1
    outer loop
      vertex 13.08810284197736 118.47110836003318 0
      vertex 0 225 0
      vertex 13.670541932096768 118.38471168241938 0
    endloop
  endfacet
  facet normal 0 0 -1
    outer loop
      vertex 13.670541932096768 118.38471168241938 0
      vertex 0 225 0
      vertex 14.241708063526772 118.24164201439325 0
    endloop
  endfacet
  facet normal 0 0 -1
    outer loop
      vertex 14.241708063526772 118.24164201439325 0
      vertex 0 225 0
      vertex 14.796100594190534 118.04327719506772 0
    endloop
  endfacet
  facet normal 0 0 -1
    outer loop
      vertex 14.796100594190534 118.04327719506772 0
      vertex 0 225 0
      vertex 15.328380420955995 117.79152758609013 0
    endloop
  endfacet
  facet normal 0 0 -1
    outer loop
      vertex 15.833421398117622 117.48881767381528 0
      vertex 15.328380420955995 117.79152758609013 0
      vertex 0 225 0
    endloop
  endfacet
  facet normal 0 0 -1
    outer loop
      vertex 15.833421398117622 117.48881767381528 0
      vertex 0 225 0
      vertex 16.306359704981872 117.13806272017642 0
    endloop
  endfacet
  facet normal 0 0 -1
    outer loop
      vertex 16.306359704981872 117.13806272017642 0
      vertex 0 225 0
      vertex 16.74264068711929 116.74264068711929 0
    endloop
  endfacet
  facet normal 0 0 -1
    outer loop
      vertex 16.74264068711929 116.74264068711929 0
      vertex 0 225 0
      vertex 17.138062720176436 116.30635970498187 0
    endloop
  endfacet
  facet normal -1 0 0
    outer loop
      vertex 0 0 1.9899999999999949
      vertex 0 225 1.9899999999999949
      vertex 0 225 0
    endloop
  endfacet
  facet normal -1 0 0
    outer loop
      vertex 0 0 1.9899999999999949
      vertex 0 225 2
      vertex 0 225 1.9899999999999949
    endloop
  endfacet
  facet normal 0 0 -1
    outer loop
      vertex 0 225 0
      vertex 6.3081859646572696 216.83337086143976 0
      vertex 6.332665023314519 216.6683464525726 0
    endloop
  endfacet
  facet normal 0 0 -1
    outer loop
      vertex 0 225 0
      vertex 6.3081859646572696 217.16662913856024 0
      vertex 6.300000000000011 217 0
    endloop
  endfacet
  facet normal 0 0 -1
    outer loop
      vertex 0 225 0
      vertex 6.300000000000011 217 0
      vertex 6.3081859646572696 216.83337086143976 0
    endloop
  endfacet
  facet normal 0 0 -1
    outer loop
      vertex 0 225 0
      vertex 6.373201429255232 216.5065160486674 0
      vertex 6.4294047947308 216.34943816497935 0
    endloop
  endfacet
  facet normal 0 0 -1
    outer loop
      vertex 0 225 0
      vertex 6.4294047947308 216.34943816497935 0
      vertex 6.500733850607787 216.1986255473958 0
    endloop
  endfacet
  facet normal 0 0 -1
    outer loop
      vertex 0 225 0
      vertex 6.332665023314519 216.6683464525726 0
      vertex 6.373201429255232 216.5065160486674 0
    endloop
  endfacet
  facet normal 0 0 -1
    outer loop
      vertex 0 225 0
      vertex 6.332665023314519 217.3316535474274 0
      vertex 6.3081859646572696 217.16662913856024 0
    endloop
  endfacet
  facet normal 0 0 -1
    outer loop
      vertex 0 225 0
      vertex 6.373201429255232 217.4934839513326 0
      vertex 6.332665023314519 217.3316535474274 0
    endloop
  endfacet
  facet normal 0 0 -1
    outer loop
      vertex 0 225 0
      vertex 6.4294047947308 217.65056183502065 0
      vertex 6.373201429255232 217.4934839513326 0
    endloop
  endfacet
  facet normal 0 0 -1
    outer loop
      vertex 0 225 0
      vertex 6.500733850607787 217.8013744526042 0
      vertex 6.4294047947308 217.65056183502065 0
    endloop
  endfacet
  facet normal 0 0 -1
    outer loop
      vertex 0 225 0
      vertex 6.586501659085684 217.94446939613331 0
      vertex 6.500733850607787 217.8013744526042 0
    endloop
  endfacet
  facet normal 0 0 -1
    outer loop
      vertex 0 225 0
      vertex 6.685882229283351 218.0784685830782 0
      vertex 6.586501659085684 217.94446939613331 0
    endloop
  endfacet
  facet normal 0 0 -1
    outer loop
      vertex 0 225 0
      vertex 6.797918471982882 218.20208152801712 0
      vertex 6.685882229283351 218.0784685830782 0
    endloop
  endfacet
  facet normal 0 0 -1
    outer loop
      vertex 0 225 0
      vertex 6.921531416921795 218.31411777071665 0
      vertex 6.797918471982882 218.20208152801712 0
    endloop
  endfacet
  facet normal 0 0 -1
    outer loop
      vertex 0 225 0
      vertex 7.055530603866686 218.41349834091432 0
      vertex 6.921531416921795 218.31411777071665 0
    endloop
  endfacet
  facet normal 0 0 -1
    outer loop
      vertex 0 225 0
      vertex 7.198625547395807 218.4992661493922 0
      vertex 7.055530603866686 218.41349834091432 0
    endloop
  endfacet
  facet normal 0 0 -1
    outer loop
      vertex 0 225 0
      vertex 7.349438164979347 218.5705952052692 0
      vertex 7.198625547395807 218.4992661493922 0
    endloop
  endfacet
  facet normal 0 0 -1
    outer loop
      vertex 0 225 0
      vertex 7.506516048667407 218.62679857074477 0
      vertex 7.349438164979347 218.5705952052692 0
    endloop
  endfacet
  facet normal 0 0 -1
    outer loop
      vertex 0 225 0
      vertex 7.668346452572592 218.66733497668548 0
      vertex 7.506516048667407 218.62679857074477 0
    endloop
  endfacet
  facet normal 0 0 -1
    outer loop
      vertex 0 225 0
      vertex 7.833370861439761 218.69181403534273 0
      vertex 7.668346452572592 218.66733497668548 0
    endloop
  endfacet
  facet normal 0 0 -1
    outer loop
      vertex 0 225 0
      vertex 8 218.7 0
      vertex 7.833370861439761 218.69181403534273 0
    endloop
  endfacet
  facet normal 0 0 -1
    outer loop
      vertex 17.138062720176436 116.30635970498187 0
      vertex 0 225 0
      vertex 112 0 0
    endloop
  endfacet
  facet normal 0 0 -1
    outer loop
      vertex 0 225 0
      vertex 6.500733850607787 216.1986255473958 0
      vertex 112.16662913856027 9.691814035342734 0
    endloop
  endfacet
  facet normal 0 0 -1
    outer loop
      vertex 6.685882229283351 215.9215314169218 0
      vertex 6.797918471982882 215.79791847198288 0
      vertex 112.16662913856027 9.691814035342734 0
    endloop
  endfacet
  facet normal 0 0 -1
    outer loop
      vertex 6.500733850607787 216.1986255473958 0
      vertex 6.586501659085684 216.05553060386669 0
      vertex 112.16662913856027 9.691814035342734 0
    endloop
  endfacet
  facet normal 0 0 -1
    outer loop
      vertex 6.586501659085684 216.05553060386669 0
      vertex 6.685882229283351 215.9215314169218 0
      vertex 112.16662913856027 9.691814035342734 0
    endloop
  endfacet
  facet normal 0 0 -1
    outer loop
      vertex 7.833370861439761 215.30818596465727 0
      vertex 110.30000000000001 112.5 0
      vertex 7.668346452572592 215.33266502331452 0
    endloop
  endfacet
  facet normal 0 0 -1
    outer loop
      vertex 6.921531416921795 215.68588222928335 0
      vertex 110.30000000000001 112.5 0
      vertex 6.797918471982882 215.79791847198288 0
    endloop
  endfacet
  facet normal 0 0 -1
    outer loop
      vertex 6.921531416921795 215.68588222928335 0
      vertex 7.055530603866686 215.58650165908568 0
      vertex 110.30000000000001 112.5 0
    endloop
  endfacet
  facet normal 0 0 -1
    outer loop
      vertex 7.055530603866686 215.58650165908568 0
      vertex 7.198625547395807 215.5007338506078 0
      vertex 110.30000000000001 112.5 0
    endloop
  endfacet
  facet normal 0 0 -1
    outer loop
      vertex 7.198625547395807 215.5007338506078 0
      vertex 7.349438164979347 215.4294047947308 0
      vertex 110.30000000000001 112.5 0
    endloop
  endfacet
  facet normal 0 0 -1
    outer loop
      vertex 7.349438164979347 215.4294047947308 0
      vertex 7.506516048667407 215.37320142925523 0
      vertex 110.30000000000001 112.5 0
    endloop
  endfacet
  facet normal 0 0 -1
    outer loop
      vertex 7.506516048667407 215.37320142925523 0
      vertex 7.668346452572592 215.33266502331452 0
      vertex 110.30000000000001 112.5 0
    endloop
  endfacet
  facet normal 0 0 -1
    outer loop
      vertex 7.833370861439761 215.30818596465727 0
      vertex 8 215.3 0
      vertex 95 210 0
    endloop
  endfacet
  facet normal 0 0 -1
    outer loop
      vertex 8 215.3 0
      vertex 8.16662913856024 215.30818596465727 0
      vertex 95 210 0
    endloop
  endfacet
  facet normal 0 0 -1
    outer loop
      vertex 8.16662913856024 215.30818596465727 0
      vertex 8.331653547427408 215.33266502331452 0
      vertex 95 210 0
    endloop
  endfacet
  facet normal 0 0 -1
    outer loop
      vertex 8.331653547427408 215.33266502331452 0
      vertex 8.493483951332593 215.37320142925523 0
      vertex 95 210 0
    endloop
  endfacet
  facet normal 0 0 -1
    outer loop
      vertex 8.493483951332593 215.37320142925523 0
      vertex 8.650561835020653 215.4294047947308 0
      vertex 95 210 0
    endloop
  endfacet
  facet normal 0 0 -1
    outer loop
      vertex 8.650561835020653 215.4294047947308 0
      vertex 8.801374452604193 215.5007338506078 0
      vertex 95 210 0
    endloop
  endfacet
  facet normal 0 0 -1
    outer loop
      vertex 8.801374452604193 215.5007338506078 0
      vertex 8.944469396133314 215.58650165908568 0
      vertex 95 210 0
    endloop
  endfacet
  facet normal 0 0 -1
    outer loop
      vertex 8.944469396133314 215.58650165908568 0
      vertex 9.078468583078205 215.68588222928335 0
      vertex 95 210 0
    endloop
  endfacet
  facet normal 0 0 -1
    outer loop
      vertex 9.078468583078205 215.68588222928335 0
      vertex 9.202081528017118 215.79791847198288 0
      vertex 95 210 0
    endloop
  endfacet
  facet normal 0 0 -1
    outer loop
      vertex 9.202081528017118 215.79791847198288 0
      vertex 9.31411777071665 215.9215314169218 0
      vertex 95 210 0
    endloop
  endfacet
  facet normal 0 0 -1
    outer loop
      vertex 9.31411777071665 215.9215314169218 0
      vertex 9.413498340914316 216.05553060386669 0
      vertex 95 210 0
    endloop
  endfacet
  facet normal 0 0 -1
    outer loop
      vertex 9.413498340914316 216.05553060386669 0
      vertex 9.499266149392213 216.1986255473958 0
      vertex 95 210 0
    endloop
  endfacet
  facet normal 0 0 -1
    outer loop
      vertex 9.499266149392213 216.1986255473958 0
      vertex 9.5705952052692 216.34943816497935 0
      vertex 95 210 0
    endloop
  endfacet
  facet normal 0 0 -1
    outer loop
      vertex 9.5705952052692 216.34943816497935 0
      vertex 9.626798570744768 216.5065160486674 0
      vertex 95 210 0
    endloop
  endfacet
  facet normal 0 0 -1
    outer loop
      vertex 9.626798570744768 216.5065160486674 0
      vertex 9.667334976685481 216.6683464525726 0
      vertex 95 210 0
    endloop
  endfacet
  facet normal 0 0 -1
    outer loop
      vertex 9.667334976685481 216.6683464525726 0
      vertex 9.69181403534273 216.83337086143976 0
      vertex 95 210 0
    endloop
  endfacet
  facet normal 0 0 -1
    outer loop
      vertex 9.69181403534273 216.83337086143976 0
      vertex 9.699999999999989 217 0
      vertex 95.02889163996684 210.58810284197736 0
    endloop
  endfacet
  facet normal 0 0 -1
    outer loop
      vertex 9.699999999999989 217 0
      vertex 9.69181403534273 217.16662913856024 0
      vertex 95.11528831758062 211.17054193209677 0
    endloop
  endfacet
  facet normal 0 0 -1
    outer loop
      vertex 9.69181403534273 217.16662913856024 0
      vertex 9.667334976685481 217.3316535474274 0
      vertex 95.25835798560672 211.74170806352677 0
    endloop
  endfacet
  facet normal 0 0 -1
    outer loop
      vertex 9.667334976685481 217.3316535474274 0
      vertex 9.626798570744768 217.4934839513326 0
      vertex 95.45672280493227 212.29610059419053 0
    endloop
  endfacet
  facet normal 0 0 -1
    outer loop
      vertex 9.5705952052692 217.65056183502065 0
      vertex 95.70847241390987 212.828380420956 0
      vertex 9.626798570744768 217.4934839513326 0
    endloop
  endfacet
  facet normal 0 0 -1
    outer loop
      vertex 9.413498340914316 217.94446939613331 0
      vertex 96.01118232618472 213.33342139811762 0
      vertex 9.499266149392213 217.8013744526042 0
    endloop
  endfacet
  facet normal 0 0 -1
    outer loop
      vertex 9.5705952052692 217.65056183502065 0
      vertex 9.499266149392213 217.8013744526042 0
      vertex 96.01118232618472 213.33342139811762 0
    endloop
  endfacet
  facet normal 0 0 -1
    outer loop
      vertex 9.413498340914316 217.94446939613331 0
      vertex 9.31411777071665 218.0784685830782 0
      vertex 96.36193727982356 213.80635970498187 0
    endloop
  endfacet
  facet normal 0 0 -1
    outer loop
      vertex 9.202081528017118 218.20208152801712 0
      vertex 96.75735931288074 214.2426406871193 0
      vertex 9.31411777071665 218.0784685830782 0
    endloop
  endfacet
  facet normal 0 0 -1
    outer loop
      vertex 0 225 0
      vertex 119.05537011478685 220.77117389460798 0
      vertex 8 218.7 0
    endloop
  endfacet
  facet normal 0 1 0
    outer loop
      vertex 0 225 0
      vertex 0 225 1.9899999999999949
      vertex 112 225 0
    endloop
  endfacet
  facet normal 0 0 -1
    outer loop
      vertex 8 218.7 0
      vertex 119.05537011478685 220.77117389460798 0
      vertex 8.16662913856024 218.69181403534273 0
    endloop
  endfacet
  facet normal 0 0 -1
    outer loop
      vertex 8.16662913856024 218.69181403534273 0
      vertex 119.05537011478685 220.77117389460798 0
      vertex 8.331653547427408 218.66733497668548 0
    endloop
  endfacet
  facet normal 0 0 -1
    outer loop
      vertex 8.331653547427408 218.66733497668548 0
      vertex 119.05537011478685 220.77117389460798 0
      vertex 8.493483951332593 218.62679857074477 0
    endloop
  endfacet
  facet normal 0 0 -1
    outer loop
      vertex 8.493483951332593 218.62679857074477 0
      vertex 119.05537011478685 220.77117389460798 0
      vertex 8.650561835020653 218.5705952052692 0
    endloop
  endfacet
  facet normal 0 0 -1
    outer loop
      vertex 8.650561835020653 218.5705952052692 0
      vertex 119.05537011478685 220.77117389460798 0
      vertex 8.801374452604193 218.4992661493922 0
    endloop
  endfacet
  facet normal 0 0 -1
    outer loop
      vertex 8.801374452604193 218.4992661493922 0
      vertex 119.05537011478685 220.77117389460798 0
      vertex 8.944469396133314 218.41349834091432 0
    endloop
  endfacet
  facet normal 0 0 -1
    outer loop
      vertex 9.078468583078205 218.31411777071665 0
      vertex 8.944469396133314 218.41349834091432 0
      vertex 119.05537011478685 220.77117389460798 0
    endloop
  endfacet
  facet normal 0 0 -1
    outer loop
      vertex 9.078468583078205 218.31411777071665 0
      vertex 119.05537011478685 220.77117389460798 0
      vertex 9.202081528017118 218.20208152801712 0
    endloop
  endfacet
  facet normal 0 1 0
    outer loop
      vertex 0 225 1.9899999999999949
      vertex 0 225 2
      vertex 112 225 0
    endloop
  endfacet
  facet normal -0.9914448620347794 0 0.13052618719949252
    outer loop
      vertex 0.06814834475517273 0.06814834475517273 2.5176380902050397
      vertex 0.06814834475517273 224.93185165524483 2.5176380902050397
      vertex 0 225 2
    endloop
  endfacet
  facet normal -0.9238795298353728 0 0.38268343882531725
    outer loop
      vertex 0.2679491937160492 0.2679491937160492 3
      vertex 0.2679491937160492 224.73205080628395 3
      vertex 0.06814834475517273 224.93185165524483 2.5176380902050397
    endloop
  endfacet
  facet normal 0 0 1
    outer loop
      vertex 2 2 4
      vertex 2.5 112.5 4
      vertex 2 223 4
    endloop
  endfacet
  facet normal 0 0 1
    outer loop
      vertex 8.6731656763491 121.73879532511287 4
      vertex 9.59715322745538 122.06940335732209 4
      vertex 8.325221870460723 153.32462742825902 4
    endloop
  endfacet
  facet normal 0 0 1
    outer loop
      vertex 9.59715322745538 122.06940335732209 4
      vertex 10.54909677983872 122.30785280403231 4
      vertex 8.325221870460723 153.32462742825902 4
    endloop
  endfacet
  facet normal 0 0 1
    outer loop
      vertex 10.54909677983872 122.30785280403231 4
      vertex 11.5198285967044 122.45184726672197 4
      vertex 10.11050524439051 148.33509465228514 4
    endloop
  endfacet
  facet normal 0 0 1
    outer loop
      vertex 7.786032631740028 121.31921264348355 4
      vertex 8.6731656763491 121.73879532511287 4
      vertex 7.03759485822556 158.46512261112906 4
    endloop
  endfacet
  facet normal 0 0 1
    outer loop
      vertex 11.5198285967044 122.45184726672197 4
      vertex 12.5 122.5 4
      vertex 12.376251725188837 143.54457621139613 4
    endloop
  endfacet
  facet normal 0 0 1
    outer loop
      vertex 12.5 122.5 4
      vertex 13.4801714032956 122.45184726672197 4
      vertex 12.376251725188837 143.54457621139613 4
    endloop
  endfacet
  facet normal 0 0 1
    outer loop
      vertex 13.4801714032956 122.45184726672197 4
      vertex 14.45090322016128 122.30785280403231 4
      vertex 12.376251725188837 143.54457621139613 4
    endloop
  endfacet
  facet normal 0 0 1
    outer loop
      vertex 14.45090322016128 122.30785280403231 4
      vertex 15.40284677254462 122.06940335732209 4
      vertex 15.100640935662568 138.9992074169415 4
    endloop
  endfacet
  facet normal 0 0 1
    outer loop
      vertex 11.5198285967044 122.45184726672197 4
      vertex 12.376251725188837 143.54457621139613 4
      vertex 10.11050524439051 148.33509465228514 4
    endloop
  endfacet
  facet normal 0 0 1
    outer loop
      vertex 14.45090322016128 122.30785280403231 4
      vertex 15.100640935662568 138.9992074169415 4
      vertex 12.376251725188837 143.54457621139613 4
    endloop
  endfacet
  facet normal -0.7933533397671424 0 0.6087614296917317
    outer loop
      vertex 0.2679491937160492 0.2679491937160492 3
      vertex 0.5857864394783974 224.4142135605216 3.4142135623730923
      vertex 0.2679491937160492 224.73205080628395 3
    endloop
  endfacet
  facet normal -0.6087614307214171 0 0.7933533389770371
    outer loop
      vertex 1 1 3.732050807568882
      vertex 1 224 3.732050807568882
      vertex 0.5857864394783974 224.4142135605216 3.4142135623730923
    endloop
  endfacet
  facet normal -0.3826834303793445 0 0.9238795333338095
    outer loop
      vertex 1 1 3.732050807568882
      vertex 1.482361912727356 223.51763808727264 3.931851652578132
      vertex 1 224 3.732050807568882
    endloop
  endfacet
  facet normal -0.1305261929468879 0 0.9914448612781207
    outer loop
      vertex 1.482361912727356 1.482361912727356 3.931851652578132
      vertex 2 223 4
      vertex 1.482361912727356 223.51763808727264 3.931851652578132
    endloop
  endfacet
  facet normal 0 0 1
    outer loop
      vertex 2.5 112.5 4
      vertex 2.548152733278016 113.4801714032956 4
      vertex 2 223 4
    endloop
  endfacet
  facet normal 0 0 1
    outer loop
      vertex 2.548152733278016 113.4801714032956 4
      vertex 2.692147195967692 114.45090322016128 4
      vertex 2 223 4
    endloop
  endfacet
  facet normal 0 0 1
    outer loop
      vertex 2.692147195967692 114.45090322016128 4
      vertex 2.9305966426779264 115.40284677254462 4
      vertex 2 223 4
    endloop
  endfacet
  facet normal 0 0 1
    outer loop
      vertex 2.9305966426779264 115.40284677254462 4
      vertex 3.261204674887125 116.3268343236509 4
      vertex 2 223 4
    endloop
  endfacet
  facet normal 0 0 1
    outer loop
      vertex 3.261204674887125 116.3268343236509 4
      vertex 3.680787356516447 117.21396736825997 4
      vertex 2 223 4
    endloop
  endfacet
  facet normal 0 0 1
    outer loop
      vertex 3.680787356516447 117.21396736825997 4
      vertex 4.185303876974558 118.05570233019603 4
      vertex 2 223 4
    endloop
  endfacet
  facet normal 0 0 1
    outer loop
      vertex 4.185303876974558 118.05570233019603 4
      vertex 4.769895466372617 118.84393284163646 4
      vertex 2 223 4
    endloop
  endfacet
  facet normal 0 0 1
    outer loop
      vertex 4.769895466372617 118.84393284163646 4
      vertex 5.4289321881345245 119.57106781186548 4
      vertex 2 223 4
    endloop
  endfacet
  facet normal 0 0 1
    outer loop
      vertex 5.4289321881345245 119.57106781186548 4
      vertex 6.156067158363555 120.23010453362737 4
      vertex 2 223 4
    endloop
  endfacet
  facet normal 0 0 1
    outer loop
      vertex 6.156067158363555 120.23010453362737 4
      vertex 6.944297669803973 120.81469612302546 4
      vertex 2 223 4
    endloop
  endfacet
  facet normal 0 0 1
    outer loop
      vertex 7.786032631740028 121.31921264348355 4
      vertex 7.03759485822556 158.46512261112906 4
      vertex 6.260024759701366 163.70707442220373 4
    endloop
  endfacet
  facet normal 0 0 1
    outer loop
      vertex 6.944297669803973 120.81469612302546 4
      vertex 7.786032631740028 121.31921264348355 4
      vertex 2 223 4
    endloop
  endfacet
  facet normal 0 0 1
    outer loop
      vertex 8.6731656763491 121.73879532511287 4
      vertex 8.325221870460723 153.32462742825902 4
      vertex 7.03759485822556 158.46512261112906 4
    endloop
  endfacet
  facet normal 0 0 1
    outer loop
      vertex 10.54909677983872 122.30785280403231 4
      vertex 10.11050524439051 148.33509465228514 4
      vertex 8.325221870460723 153.32462742825902 4
    endloop
  endfacet
  facet normal 0 0 1
    outer loop
      vertex 15.40284677254462 122.06940335732209 4
      vertex 16 121.85573851603712 4
      vertex 16 137.786562096503 4
    endloop
  endfacet
  facet normal 0 0 1
    outer loop
      vertex 15.40284677254462 122.06940335732209 4
      vertex 16 137.786562096503 4
      vertex 15.100640935662568 138.9992074169415 4
    endloop
  endfacet
  facet normal 0 0 1
    outer loop
      vertex 23 103.9698817489015 4
      vertex 29.999207416941488 124.10064093566255 4
      vertex 25.742762655163148 127.2574355184122 4
    endloop
  endfacet
  facet normal 0 0 1
    outer loop
      vertex 23 103.9698817489015 4
      vertex 25.742762655163148 127.2574355184122 4
      vertex 23 129.74333068621075 4
    endloop
  endfacet
  facet normal 0 0 1
    outer loop
      vertex 23 103.9698817489015 4
      vertex 34.544576211396134 121.37625172518884 4
      vertex 29.999207416941488 124.10064093566255 4
    endloop
  endfacet
  facet normal 0 0 1
    outer loop
      vertex 7.786032631740028 121.31921264348355 4
      vertex 6.260024759701366 163.70707442220373 4
      vertex 2 223 4
    endloop
  endfacet
  facet normal 0 0 1
    outer loop
      vertex 6.260024759701366 163.70707442220373 4
      vertex 6 169 4
      vertex 2 223 4
    endloop
  endfacet
  facet normal 0 0 1
    outer loop
      vertex 6 169 4
      vertex 6.260024759701366 174.29292557779627 4
      vertex 2 223 4
    endloop
  endfacet
  facet normal 0 0 1
    outer loop
      vertex 6.260024759701366 174.29292557779627 4
      vertex 7.03759485822556 179.53487738887094 4
      vertex 2 223 4
    endloop
  endfacet
  facet normal 0 0 1
    outer loop
      vertex 7.03759485822556 179.53487738887094 4
      vertex 8.325221870460723 184.67537257174098 4
      vertex 2 223 4
    endloop
  endfacet
  facet normal 0 0 1
    outer loop
      vertex 8.325221870460723 184.67537257174098 4
      vertex 10.11050524439051 189.66490534771486 4
      vertex 2 223 4
    endloop
  endfacet
  facet normal 0 0 1
    outer loop
      vertex 10.11050524439051 189.66490534771486 4
      vertex 4.380853520024488 216.28010700577434 4
      vertex 2 223 4
    endloop
  endfacet
  facet normal 0 0 1
    outer loop
      vertex 10.11050524439051 189.66490534771486 4
      vertex 4.468842552176227 215.92883509890729 4
      vertex 4.380853520024488 216.28010700577434 4
    endloop
  endfacet
  facet normal 0 0 1
    outer loop
      vertex 10.11050524439051 189.66490534771486 4
      vertex 4.74566665787475 215.26052258853812 4
      vertex 4.590838560877501 215.5878790955961 4
    endloop
  endfacet
  facet normal 0 0 1
    outer loop
      vertex 10.11050524439051 189.66490534771486 4
      vertex 4.590838560877501 215.5878790955961 4
      vertex 4.468842552176227 215.92883509890729 4
    endloop
  endfacet
  facet normal 0 0 1
    outer loop
      vertex 12.376251725188837 194.45542378860387 4
      vertex 4.931835763956201 214.94991819984756 4
      vertex 4.74566665787475 215.26052258853812 4
    endloop
  endfacet
  facet normal 0 0 1
    outer loop
      vertex 12.376251725188837 194.45542378860387 4
      vertex 5.147552968859998 214.65905721958123 4
      vertex 4.931835763956201 214.94991819984756 4
    endloop
  endfacet
  facet normal 0 0 1
    outer loop
      vertex 2 223 4
      vertex 4.380853520024488 216.28010700577434 4
      vertex 4.327718846901661 216.63831187570926 4
    endloop
  endfacet
  facet normal 0 0 1
    outer loop
      vertex 2 223 4
      vertex 4.327718846901661 216.63831187570926 4
      vertex 4.309950248756223 217 4
    endloop
  endfacet
  facet normal 0 0 1
    outer loop
      vertex 2 223 4
      vertex 4.309950248756223 217 4
      vertex 4.327718846901661 217.36168812429074 4
    endloop
  endfacet
  facet normal 0 0 1
    outer loop
      vertex 2 223 4
      vertex 4.327718846901661 217.36168812429074 4
      vertex 4.380853520024488 217.71989299422566 4
    endloop
  endfacet
  facet normal 0 0 1
    outer loop
      vertex 2 223 4
      vertex 4.380853520024488 217.71989299422566 4
      vertex 4.468842552176227 218.07116490109271 4
    endloop
  endfacet
  facet normal 0 0 1
    outer loop
      vertex 2 223 4
      vertex 4.468842552176227 218.07116490109271 4
      vertex 4.590838560877501 218.4121209044039 4
    endloop
  endfacet
  facet normal 0 0 1
    outer loop
      vertex 2 223 4
      vertex 4.590838560877501 218.4121209044039 4
      vertex 4.74566665787475 218.7394774114619 4
    endloop
  endfacet
  facet normal 0 0 1
    outer loop
      vertex 2 223 4
      vertex 4.74566665787475 218.7394774114619 4
      vertex 4.931835763956229 219.05008180015244 4
    endloop
  endfacet
  facet normal 0 0 1
    outer loop
      vertex 2 223 4
      vertex 4.931835763956229 219.05008180015244 4
      vertex 5.147552968859998 219.34094278041877 4
    endloop
  endfacet
  facet normal 0 0 1
    outer loop
      vertex 2 223 4
      vertex 5.147552968859998 219.34094278041877 4
      vertex 5.390740797979788 219.6092592020202 4
    endloop
  endfacet
  facet normal 0 0 1
    outer loop
      vertex 2 223 4
      vertex 5.390740797979788 219.6092592020202 4
      vertex 5.6590572195812285 219.85244703114 4
    endloop
  endfacet
  facet normal 0 0 1
    outer loop
      vertex 2 223 4
      vertex 5.6590572195812285 219.85244703114 4
      vertex 5.949918199847559 220.06816423604377 4
    endloop
  endfacet
  facet normal 0 0 1
    outer loop
      vertex 2 223 4
      vertex 5.949918199847559 220.06816423604377 4
      vertex 6.260522588538123 220.25433334212525 4
    endloop
  endfacet
  facet normal 0 0 1
    outer loop
      vertex 2 223 4
      vertex 6.260522588538123 220.25433334212525 4
      vertex 6.587879095596094 220.4091614391225 4
    endloop
  endfacet
  facet normal 0 0 1
    outer loop
      vertex 2 223 4
      vertex 6.587879095596094 220.4091614391225 4
      vertex 6.928835098907285 220.53115744782377 4
    endloop
  endfacet
  facet normal 0 0 1
    outer loop
      vertex 2 223 4
      vertex 6.928835098907285 220.53115744782377 4
      vertex 7.28010700577434 220.6191464799755 4
    endloop
  endfacet
  facet normal 0 0 1
    outer loop
      vertex 2 223 4
      vertex 7.28010700577434 220.6191464799755 4
      vertex 7.638311875709263 220.67228115309834 4
    endloop
  endfacet
  facet normal 0 0 1
    outer loop
      vertex 2 223 4
      vertex 7.638311875709263 220.67228115309834 4
      vertex 8 220.69004975124378 4
    endloop
  endfacet
  facet normal 0 0 1
    outer loop
      vertex 2 223 4
      vertex 8 220.69004975124378 4
      vertex 8.361688124290737 220.67228115309834 4
    endloop
  endfacet
  facet normal 0 0 1
    outer loop
      vertex 2 223 4
      vertex 8.361688124290737 220.67228115309834 4
      vertex 8.71989299422566 220.6191464799755 4
    endloop
  endfacet
  facet normal 0 0 1
    outer loop
      vertex 2 223 4
      vertex 8.71989299422566 220.6191464799755 4
      vertex 9.071164901092715 220.53115744782377 4
    endloop
  endfacet
  facet normal 0 0 1
    outer loop
      vertex 10.11050524439051 189.66490534771486 4
      vertex 12.376251725188837 194.45542378860387 4
      vertex 4.74566665787475 215.26052258853812 4
    endloop
  endfacet
  facet normal 0 0 1
    outer loop
      vertex 12.376251725188837 194.45542378860387 4
      vertex 15.100640935662568 199.0007925830585 4
      vertex 5.147552968859998 214.65905721958123 4
    endloop
  endfacet
  facet normal 0 0 1
    outer loop
      vertex 5.6590572195812285 214.14755296886 4
      vertex 15.100640935662568 199.0007925830585 4
      vertex 5.949918199847559 213.93183576395623 4
    endloop
  endfacet
  facet normal 0 0 1
    outer loop
      vertex 5.949918199847559 213.93183576395623 4
      vertex 15.100640935662568 199.0007925830585 4
      vertex 6.260522588538123 213.74566665787475 4
    endloop
  endfacet
  facet normal 0 0 1
    outer loop
      vertex 6.260522588538123 213.74566665787475 4
      vertex 15.100640935662568 199.0007925830585 4
      vertex 6.587879095596094 213.5908385608775 4
    endloop
  endfacet
  facet normal 0 0 1
    outer loop
      vertex 5.390740797979788 214.3907407979798 4
      vertex 5.147552968859998 214.65905721958123 4
      vertex 15.100640935662568 199.0007925830585 4
    endloop
  endfacet
  facet normal 0 0 1
    outer loop
      vertex 5.390740797979788 214.3907407979798 4
      vertex 15.100640935662568 199.0007925830585 4
      vertex 5.6590572195812285 214.14755296886 4
    endloop
  endfacet
  facet normal 0 0 1
    outer loop
      vertex 6.928835098907285 213.46884255217623 4
      vertex 6.587879095596094 213.5908385608775 4
      vertex 15.100640935662568 199.0007925830585 4
    endloop
  endfacet
  facet normal 0 0 1
    outer loop
      vertex 6.928835098907285 213.46884255217623 4
      vertex 15.100640935662568 199.0007925830585 4
      vertex 7.28010700577434 213.3808535200245 4
    endloop
  endfacet
  facet normal 0 0 1
    outer loop
      vertex 7.28010700577434 213.3808535200245 4
      vertex 15.100640935662568 199.0007925830585 4
      vertex 7.638311875709263 213.32771884690166 4
    endloop
  endfacet
  facet normal 0 0 1
    outer loop
      vertex 7.638311875709263 213.32771884690166 4
      vertex 15.100640935662568 199.0007925830585 4
      vertex 8 213.30995024875622 4
    endloop
  endfacet
  facet normal 0 0 1
    outer loop
      vertex 8 213.30995024875622 4
      vertex 15.100640935662568 199.0007925830585 4
      vertex 8.361688124290737 213.32771884690166 4
    endloop
  endfacet
  facet normal 0 0 1
    outer loop
      vertex 8.361688124290737 213.32771884690166 4
      vertex 18.257435518412194 203.25723734483685 4
      vertex 8.71989299422566 213.3808535200245 4
    endloop
  endfacet
  facet normal 0 0 1
    outer loop
      vertex 8.71989299422566 213.3808535200245 4
      vertex 18.257435518412194 203.25723734483685 4
      vertex 9.071164901092715 213.46884255217623 4
    endloop
  endfacet
  facet normal 0 0 1
    outer loop
      vertex 9.071164901092715 213.46884255217623 4
      vertex 18.257435518412194 203.25723734483685 4
      vertex 9.412120904403906 213.5908385608775 4
    endloop
  endfacet
  facet normal 0 0 1
    outer loop
      vertex 9.412120904403906 213.5908385608775 4
      vertex 18.257435518412194 203.25723734483685 4
      vertex 9.739477411461877 213.74566665787475 4
    endloop
  endfacet
  facet normal 0 0 1
    outer loop
      vertex 9.739477411461877 213.74566665787475 4
      vertex 18.257435518412194 203.25723734483685 4
      vertex 10.05008180015244 213.93183576395623 4
    endloop
  endfacet
  facet normal 0 0 1
    outer loop
      vertex 10.05008180015244 213.93183576395623 4
      vertex 18.257435518412194 203.25723734483685 4
      vertex 10.340942780418771 214.14755296886 4
    endloop
  endfacet
  facet normal 0 0 1
    outer loop
      vertex 10.340942780418771 214.14755296886 4
      vertex 18.257435518412194 203.25723734483685 4
      vertex 10.609259202020212 214.3907407979798 4
    endloop
  endfacet
  facet normal 0 0 1
    outer loop
      vertex 8.361688124290737 213.32771884690166 4
      vertex 15.100640935662568 199.0007925830585 4
      vertex 18.257435518412194 203.25723734483685 4
    endloop
  endfacet
  facet normal 0 0 1
    outer loop
      vertex 10.609259202020212 214.3907407979798 4
      vertex 18.257435518412194 203.25723734483685 4
      vertex 10.852447031140002 214.65905721958123 4
    endloop
  endfacet
  facet normal 0 0 1
    outer loop
      vertex 10.852447031140002 214.65905721958123 4
      vertex 21.816233815926438 207.18376618407356 4
      vertex 11.06816423604377 214.94991819984756 4
    endloop
  endfacet
  facet normal 0 0 1
    outer loop
      vertex 11.06816423604377 214.94991819984756 4
      vertex 21.816233815926438 207.18376618407356 4
      vertex 11.25433334212525 215.26052258853812 4
    endloop
  endfacet
  facet normal 0 0 1
    outer loop
      vertex 2 223 4
      vertex 9.071164901092715 220.53115744782377 4
      vertex 29.999207416941488 213.89935906433743 4
    endloop
  endfacet
  facet normal 0 0 1
    outer loop
      vertex 10.852447031140002 214.65905721958123 4
      vertex 18.257435518412194 203.25723734483685 4
      vertex 21.816233815926438 207.18376618407356 4
    endloop
  endfacet
  facet normal 0 0 1
    outer loop
      vertex 11.25433334212525 215.26052258853812 4
      vertex 25.742762655163148 210.7425644815878 4
      vertex 11.4091614391225 215.5878790955961 4
    endloop
  endfacet
  facet normal 0 0 1
    outer loop
      vertex 11.4091614391225 215.5878790955961 4
      vertex 25.742762655163148 210.7425644815878 4
      vertex 11.531157447823773 215.92883509890729 4
    endloop
  endfacet
  facet normal 0 0 1
    outer loop
      vertex 11.531157447823773 215.92883509890729 4
      vertex 25.742762655163148 210.7425644815878 4
      vertex 11.619146479975512 216.28010700577434 4
    endloop
  endfacet
  facet normal 0 0 1
    outer loop
      vertex 11.619146479975512 216.28010700577434 4
      vertex 25.742762655163148 210.7425644815878 4
      vertex 11.67228115309834 216.63831187570926 4
    endloop
  endfacet
  facet normal 0 0 1
    outer loop
      vertex 11.67228115309834 216.63831187570926 4
      vertex 25.742762655163148 210.7425644815878 4
      vertex 11.690049751243777 217 4
    endloop
  endfacet
  facet normal 0 0 1
    outer loop
      vertex 11.690049751243777 217 4
      vertex 25.742762655163148 210.7425644815878 4
      vertex 11.67228115309834 217.36168812429074 4
    endloop
  endfacet
  facet normal 0 0 1
    outer loop
      vertex 11.67228115309834 217.36168812429074 4
      vertex 25.742762655163148 210.7425644815878 4
      vertex 11.619146479975512 217.71989299422566 4
    endloop
  endfacet
  facet normal 0 0 1
    outer loop
      vertex 11.619146479975512 217.71989299422566 4
      vertex 25.742762655163148 210.7425644815878 4
      vertex 11.531157447823773 218.07116490109271 4
    endloop
  endfacet
  facet normal 0 0 1
    outer loop
      vertex 10.05008180015244 220.06816423604377 4
      vertex 10.340942780418771 219.85244703114 4
      vertex 29.999207416941488 213.89935906433743 4
    endloop
  endfacet
  facet normal 0 0 1
    outer loop
      vertex 10.609259202020212 219.6092592020202 4
      vertex 29.999207416941488 213.89935906433743 4
      vertex 10.340942780418771 219.85244703114 4
    endloop
  endfacet
  facet normal 0 0 1
    outer loop
      vertex 10.852447031140002 219.34094278041877 4
      vertex 11.06816423604377 219.05008180015244 4
      vertex 29.999207416941488 213.89935906433743 4
    endloop
  endfacet
  facet normal 0 0 1
    outer loop
      vertex 10.609259202020212 219.6092592020202 4
      vertex 10.852447031140002 219.34094278041877 4
      vertex 29.999207416941488 213.89935906433743 4
    endloop
  endfacet
  facet normal 0 0 1
    outer loop
      vertex 11.25433334212525 218.73947741146188 4
      vertex 11.4091614391225 218.4121209044039 4
      vertex 29.999207416941488 213.89935906433743 4
    endloop
  endfacet
  facet normal 0 0 1
    outer loop
      vertex 11.4091614391225 218.4121209044039 4
      vertex 11.531157447823773 218.07116490109271 4
      vertex 29.999207416941488 213.89935906433743 4
    endloop
  endfacet
  facet normal 0 0 1
    outer loop
      vertex 11.06816423604377 219.05008180015244 4
      vertex 11.25433334212525 218.73947741146188 4
      vertex 29.999207416941488 213.89935906433743 4
    endloop
  endfacet
  facet normal 0 0 1
    outer loop
      vertex 9.071164901092715 220.53115744782377 4
      vertex 9.412120904403906 220.4091614391225 4
      vertex 29.999207416941488 213.89935906433743 4
    endloop
  endfacet
  facet normal 0 0 1
    outer loop
      vertex 9.412120904403906 220.4091614391225 4
      vertex 9.739477411461877 220.25433334212525 4
      vertex 29.999207416941488 213.89935906433743 4
    endloop
  endfacet
  facet normal 0 0 1
    outer loop
      vertex 9.739477411461877 220.25433334212525 4
      vertex 10.05008180015244 220.06816423604377 4
      vertex 29.999207416941488 213.89935906433743 4
    endloop
  endfacet
  facet normal 0 0 1
    outer loop
      vertex 11.25433334212525 215.26052258853812 4
      vertex 21.816233815926438 207.18376618407356 4
      vertex 25.742762655163148 210.7425644815878 4
    endloop
  endfacet
  facet normal 0 0 1
    outer loop
      vertex 11.531157447823773 218.07116490109271 4
      vertex 25.742762655163148 210.7425644815878 4
      vertex 29.999207416941488 213.89935906433743 4
    endloop
  endfacet
  facet normal 0 0 1
    outer loop
      vertex 2 223 4
      vertex 29.999207416941488 213.89935906433743 4
      vertex 34.544576211396134 216.62374827481116 4
    endloop
  endfacet
  facet normal 0 0 1
    outer loop
      vertex 2 223 4
      vertex 34.544576211396134 216.62374827481116 4
      vertex 39.335094652285136 218.8894947556095 4
    endloop
  endfacet
  facet normal 0 0 1
    outer loop
      vertex 2 223 4
      vertex 39.335094652285136 218.8894947556095 4
      vertex 44.32462742825902 220.67477812953928 4
    endloop
  endfacet
  facet normal 0 0 1
    outer loop
      vertex 34.544576211396134 103.62374827481116 4
      vertex 39.335094652285136 119.11050524439051 4
      vertex 34.544576211396134 121.37625172518884 4
    endloop
  endfacet
  facet normal 0 0 1
    outer loop
      vertex 39.335094652285136 105.88949475560949 4
      vertex 44.32462742825902 117.32522187046072 4
      vertex 39.335094652285136 119.11050524439051 4
    endloop
  endfacet
  facet normal 0 0 1
    outer loop
      vertex 44.32462742825902 107.67477812953928 4
      vertex 49.46512261112906 116.03759485822556 4
      vertex 44.32462742825902 117.32522187046072 4
    endloop
  endfacet
  facet normal 0 0 1
    outer loop
      vertex 49.46512261112906 108.96240514177444 4
      vertex 54.70707442220373 115.26002475970137 4
      vertex 49.46512261112906 116.03759485822556 4
    endloop
  endfacet
  facet normal 0 0 1
    outer loop
      vertex 54.70707442220373 109.73997524029863 4
      vertex 60 115 4
      vertex 54.70707442220373 115.26002475970137 4
    endloop
  endfacet
  facet normal -4.485967267087213e-21 0.9914448620347796 0.13052618719949255
    outer loop
      vertex 0 225 2
      vertex 0.06814834475517273 224.93185165524483 2.5176380902050397
      vertex 111.9983269572258 224.93185165524483 2.5176380902050397
    endloop
  endfacet
  facet normal 7.40851038890044e-20 0.9238795298353729 0.3826834388253173
    outer loop
      vertex 0.06814834475517273 224.93185165524483 2.5176380902050397
      vertex 0.2679491937160492 224.73205080628395 3
      vertex 111.99342226982117 224.73205080628395 3
    endloop
  endfacet
  facet normal 0 0.7933533397671424 0.6087614296917317
    outer loop
      vertex 0.2679491937160492 224.73205080628395 3
      vertex 0.5857864394783974 224.4142135605216 3.4142135623730923
      vertex 111.99342226982117 224.73205080628395 3
    endloop
  endfacet
  facet normal 0 0 1
    outer loop
      vertex 2 223 4
      vertex 44.32462742825902 220.67477812953928 4
      vertex 49.46512261112906 221.96240514177444 4
    endloop
  endfacet
  facet normal 0 0 1
    outer loop
      vertex 2 223 4
      vertex 49.46512261112906 221.96240514177444 4
      vertex 54.70707442220373 222.73997524029863 4
    endloop
  endfacet
  facet normal -2.346265916079026e-19 0.608761430721417 0.7933533389770371
    outer loop
      vertex 0.5857864394783974 224.4142135605216 3.4142135623730923
      vertex 1 224 3.732050807568882
      vertex 111.97545136511326 224 3.732050807568882
    endloop
  endfacet
  facet normal 0 0.3826834303793445 0.9238795333338093
    outer loop
      vertex 1 224 3.732050807568882
      vertex 1.482361912727356 223.51763808727264 3.931851652578132
      vertex 111.97545136511326 224 3.732050807568882
    endloop
  endfacet
  facet normal 0 0 1
    outer loop
      vertex 2 223 4
      vertex 54.70707442220373 222.73997524029863 4
      vertex 60 223 4
    endloop
  endfacet
  facet normal 0 0.1305261929468879 0.9914448612781206
    outer loop
      vertex 1.482361912727356 223.51763808727264 3.931851652578132
      vertex 2 223 4
      vertex 111.96361004561186 223.51763808727264 3.931851652578132
    endloop
  endfacet
  facet normal 0 0.1305261929468879 0.9914448612781206
    outer loop
      vertex 2 223 4
      vertex 60 223 4
      vertex 111.96361004561186 223.51763808727264 3.931851652578132
    endloop
  endfacet
  facet normal 0 -1 0
    outer loop
      vertex 0 0 1.9899999999999949
      vertex 112 0 0
      vertex 112 0 2
    endloop
  endfacet
  facet normal 0 0 -1
    outer loop
      vertex 0 225 0
      vertex 110.33266502331452 7.668346452572582 0
      vertex 110.37320142925523 7.5065160486674145 0
    endloop
  endfacet
  facet normal 0 0 -1
    outer loop
      vertex 0 225 0
      vertex 110.30818596465724 7.833370861439747 0
      vertex 110.33266502331452 7.668346452572582 0
    endloop
  endfacet
  facet normal 0 0 -1
    outer loop
      vertex 0 225 0
      vertex 110.30000000000001 8 0
      vertex 110.30818596465724 7.833370861439747 0
    endloop
  endfacet
  facet normal 0 0 -1
    outer loop
      vertex 0 225 0
      vertex 110.30818596465724 8.166629138560253 0
      vertex 110.30000000000001 8 0
    endloop
  endfacet
  facet normal 0 0 -1
    outer loop
      vertex 0 225 0
      vertex 110.33266502331452 8.331653547427418 0
      vertex 110.30818596465724 8.166629138560253 0
    endloop
  endfacet
  facet normal 0 0 -1
    outer loop
      vertex 0 225 0
      vertex 110.37320142925523 8.493483951332585 0
      vertex 110.33266502331452 8.331653547427418 0
    endloop
  endfacet
  facet normal 0 0 -1
    outer loop
      vertex 0 225 0
      vertex 110.42940479473083 7.349438164979348 0
      vertex 110.50073385060779 7.198625547395804 0
    endloop
  endfacet
  facet normal 0 0 -1
    outer loop
      vertex 0 225 0
      vertex 110.37320142925523 7.5065160486674145 0
      vertex 110.42940479473083 7.349438164979348 0
    endloop
  endfacet
  facet normal 0 0 -1
    outer loop
      vertex 0 225 0
      vertex 110.42940479473083 8.650561835020653 0
      vertex 110.37320142925523 8.493483951332585 0
    endloop
  endfacet
  facet normal 0 0 -1
    outer loop
      vertex 0 225 0
      vertex 110.50073385060779 8.801374452604197 0
      vertex 110.42940479473083 8.650561835020653 0
    endloop
  endfacet
  facet normal 0 0 -1
    outer loop
      vertex 0 225 0
      vertex 110.50073385060779 7.198625547395804 0
      vertex 112 0 0
    endloop
  endfacet
  facet normal 0 0 -1
    outer loop
      vertex 0 225 0
      vertex 110.58650165908568 8.944469396133323 0
      vertex 110.50073385060779 8.801374452604197 0
    endloop
  endfacet
  facet normal 0 0 -1
    outer loop
      vertex 0 225 0
      vertex 110.68588222928332 9.078468583078198 0
      vertex 110.58650165908568 8.944469396133323 0
    endloop
  endfacet
  facet normal 0 0 -1
    outer loop
      vertex 0 225 0
      vertex 110.79791847198288 9.20208152801713 0
      vertex 110.68588222928332 9.078468583078198 0
    endloop
  endfacet
  facet normal 0 0 -1
    outer loop
      vertex 0 225 0
      vertex 110.92153141692182 9.314117770716653 0
      vertex 110.79791847198288 9.20208152801713 0
    endloop
  endfacet
  facet normal 0 0 -1
    outer loop
      vertex 0 225 0
      vertex 111.05553060386666 9.413498340914327 0
      vertex 110.92153141692182 9.314117770716653 0
    endloop
  endfacet
  facet normal 0 0 -1
    outer loop
      vertex 0 225 0
      vertex 111.1986255473958 9.499266149392204 0
      vertex 111.05553060386666 9.413498340914327 0
    endloop
  endfacet
  facet normal 0 0 -1
    outer loop
      vertex 0 225 0
      vertex 111.34943816497935 9.570595205269187 0
      vertex 111.1986255473958 9.499266149392204 0
    endloop
  endfacet
  facet normal 0 0 -1
    outer loop
      vertex 0 225 0
      vertex 111.50651604866744 9.626798570744755 0
      vertex 111.34943816497935 9.570595205269187 0
    endloop
  endfacet
  facet normal 0 0 -1
    outer loop
      vertex 0 225 0
      vertex 111.66834645257256 9.667334976685492 0
      vertex 111.50651604866744 9.626798570744755 0
    endloop
  endfacet
  facet normal 0 0 -1
    outer loop
      vertex 0 225 0
      vertex 111.83337086143973 9.691814035342734 0
      vertex 111.66834645257256 9.667334976685492 0
    endloop
  endfacet
  facet normal 0 0 -1
    outer loop
      vertex 0 225 0
      vertex 112 9.7 0
      vertex 111.83337086143973 9.691814035342734 0
    endloop
  endfacet
  facet normal 0 0 -1
    outer loop
      vertex 0 225 0
      vertex 112.16662913856027 9.691814035342734 0
      vertex 112 9.7 0
    endloop
  endfacet
  facet normal 0 0 -1
    outer loop
      vertex 6.797918471982882 215.79791847198288 0
      vertex 110.58650165908568 111.55553060386667 0
      vertex 112.16662913856027 9.691814035342734 0
    endloop
  endfacet
  facet normal 0 0 -1
    outer loop
      vertex 112 0 0
      vertex 110.58650165908568 7.055530603866677 0
      vertex 110.68588222928332 6.921531416921803 0
    endloop
  endfacet
  facet normal 0 0 -1
    outer loop
      vertex 112 0 0
      vertex 110.50073385060779 7.198625547395804 0
      vertex 110.58650165908568 7.055530603866677 0
    endloop
  endfacet
  facet normal 0 0 -1
    outer loop
      vertex 112 0 0
      vertex 111.05553060386666 6.586501659085673 0
      vertex 111.1986255473958 6.500733850607796 0
    endloop
  endfacet
  facet normal 0 0 -1
    outer loop
      vertex 112 0 0
      vertex 111.1986255473958 6.500733850607796 0
      vertex 111.34943816497935 6.429404794730813 0
    endloop
  endfacet
  facet normal 0 0 -1
    outer loop
      vertex 112 0 0
      vertex 110.68588222928332 6.921531416921803 0
      vertex 110.79791847198288 6.797918471982869 0
    endloop
  endfacet
  facet normal 0 0 -1
    outer loop
      vertex 112 0 0
      vertex 110.92153141692182 6.685882229283347 0
      vertex 111.05553060386666 6.586501659085673 0
    endloop
  endfacet
  facet normal 0 0 -1
    outer loop
      vertex 112 0 0
      vertex 110.79791847198288 6.797918471982869 0
      vertex 110.92153141692182 6.685882229283347 0
    endloop
  endfacet
  facet normal 0 0 -1
    outer loop
      vertex 112 0 0
      vertex 111.34943816497935 6.429404794730813 0
      vertex 111.50651604866744 6.373201429255245 0
    endloop
  endfacet
  facet normal 0 0 -1
    outer loop
      vertex 112 0 0
      vertex 111.50651604866744 6.373201429255245 0
      vertex 111.66834645257256 6.332665023314508 0
    endloop
  endfacet
  facet normal 0 0 -1
    outer loop
      vertex 112 0 0
      vertex 111.66834645257256 6.332665023314508 0
      vertex 111.83337086143973 6.308185964657265 0
    endloop
  endfacet
  facet normal 0 0 -1
    outer loop
      vertex 112 0 0
      vertex 111.83337086143973 6.308185964657265 0
      vertex 112 6.3 0
    endloop
  endfacet
  facet normal 0 0 -1
    outer loop
      vertex 112 0 0
      vertex 112 6.3 0
      vertex 112.16662913856027 6.308185964657265 0
    endloop
  endfacet
  facet normal 0 0 -1
    outer loop
      vertex 112 0 0
      vertex 112.16662913856027 6.308185964657265 0
      vertex 112.33165354742744 6.332665023314508 0
    endloop
  endfacet
  facet normal 0 0 -1
    outer loop
      vertex 112 0 0
      vertex 112.33165354742744 6.332665023314508 0
      vertex 112.49348395133256 6.373201429255245 0
    endloop
  endfacet
  facet normal 0 0 -1
    outer loop
      vertex 112 0 0
      vertex 112.49348395133256 6.373201429255245 0
      vertex 112.65056183502065 6.429404794730813 0
    endloop
  endfacet
  facet normal 0 0 -1
    outer loop
      vertex 112 0 0
      vertex 112.65056183502065 6.429404794730813 0
      vertex 112.8013744526042 6.500733850607796 0
    endloop
  endfacet
  facet normal 0 0 -1
    outer loop
      vertex 112 0 0
      vertex 113.56072257612902 0.15371775677415656 0
      vertex 112.78413712263648 0.03852218662242457 0
    endloop
  endfacet
  facet normal 0 0 -1
    outer loop
      vertex 112 0 0
      vertex 115.06146745892073 0.6089637399097061 0
      vertex 113.56072257612902 0.15371775677415656 0
    endloop
  endfacet
  facet normal 0 0 -1
    outer loop
      vertex 113.56072257612902 0.15371775677415656 0
      vertex 115.06146745892073 0.6089637399097061 0
      vertex 114.3222774180357 0.3444773141423294 0
    endloop
  endfacet
  facet normal 0 0 -1
    outer loop
      vertex 112 0 0
      vertex 112.8013744526042 6.500733850607796 0
      vertex 112.94446939613334 6.586501659085673 0
    endloop
  endfacet
  facet normal 0 0 -1
    outer loop
      vertex 112 0 0
      vertex 112.94446939613334 6.586501659085673 0
      vertex 113.07846858307818 6.685882229283347 0
    endloop
  endfacet
  facet normal 0 0 -1
    outer loop
      vertex 112 0 0
      vertex 113.20208152801712 6.797918471982869 0
      vertex 113.31411777071668 6.921531416921803 0
    endloop
  endfacet
  facet normal 0 0 -1
    outer loop
      vertex 112 0 0
      vertex 113.07846858307818 6.685882229283347 0
      vertex 113.20208152801712 6.797918471982869 0
    endloop
  endfacet
  facet normal 0 0 -1
    outer loop
      vertex 112 0 0
      vertex 113.31411777071668 6.921531416921803 0
      vertex 113.41349834091432 7.055530603866677 0
    endloop
  endfacet
  facet normal 0 0 -1
    outer loop
      vertex 112 0 0
      vertex 113.41349834091432 7.055530603866677 0
      vertex 113.49926614939221 7.198625547395804 0
    endloop
  endfacet
  facet normal 0 0 -1
    outer loop
      vertex 112 0 0
      vertex 113.49926614939221 7.198625547395804 0
      vertex 113.57059520526917 7.349438164979348 0
    endloop
  endfacet
  facet normal 0 0 -1
    outer loop
      vertex 112 0 0
      vertex 117.65685424949237 2.3431457505076194 0
      vertex 115.06146745892073 0.6089637399097061 0
    endloop
  endfacet
  facet normal 0 0 -1
    outer loop
      vertex 115.06146745892073 0.6089637399097061 0
      vertex 116.44456186415681 1.3482431015796381 0
      vertex 115.77117389460795 0.9446298852131596 0
    endloop
  endfacet
  facet normal 0 0 -1
    outer loop
      vertex 112 0 0
      vertex 113.57059520526917 7.349438164979348 0
      vertex 120 8 0
    endloop
  endfacet
  facet normal 0 0 -1
    outer loop
      vertex 112.8013744526042 9.499266149392204 0
      vertex 120 8 0
      vertex 112.94446939613334 9.413498340914327 0
    endloop
  endfacet
  facet normal 0 0 -1
    outer loop
      vertex 113.57059520526917 7.349438164979348 0
      vertex 113.62679857074477 7.5065160486674145 0
      vertex 120 8 0
    endloop
  endfacet
  facet normal 0 0 -1
    outer loop
      vertex 113.62679857074477 7.5065160486674145 0
      vertex 113.66733497668548 7.668346452572582 0
      vertex 120 8 0
    endloop
  endfacet
  facet normal 0 0 -1
    outer loop
      vertex 113.20208152801712 9.20208152801713 0
      vertex 120 8 0
      vertex 113.31411777071668 9.078468583078198 0
    endloop
  endfacet
  facet normal 0 0 -1
    outer loop
      vertex 113.66733497668548 8.331653547427418 0
      vertex 113.62679857074477 8.493483951332585 0
      vertex 120 8 0
    endloop
  endfacet
  facet normal 0 0 -1
    outer loop
      vertex 113.31411777071668 9.078468583078198 0
      vertex 120 8 0
      vertex 113.41349834091432 8.944469396133323 0
    endloop
  endfacet
  facet normal 0 0 -1
    outer loop
      vertex 113.41349834091432 8.944469396133323 0
      vertex 120 8 0
      vertex 113.49926614939221 8.801374452604197 0
    endloop
  endfacet
  facet normal 0 0 -1
    outer loop
      vertex 113.57059520526917 8.650561835020653 0
      vertex 113.49926614939221 8.801374452604197 0
      vertex 120 8 0
    endloop
  endfacet
  facet normal 0 0 -1
    outer loop
      vertex 113.62679857074477 8.493483951332585 0
      vertex 113.57059520526917 8.650561835020653 0
      vertex 120 8 0
    endloop
  endfacet
  facet normal 0 0 -1
    outer loop
      vertex 113.66733497668548 7.668346452572582 0
      vertex 113.69181403534276 7.833370861439747 0
      vertex 120 8 0
    endloop
  endfacet
  facet normal 0 0 -1
    outer loop
      vertex 113.69999999999999 8 0
      vertex 113.69181403534276 8.166629138560253 0
      vertex 120 8 0
    endloop
  endfacet
  facet normal 0 0 -1
    outer loop
      vertex 113.69181403534276 7.833370861439747 0
      vertex 113.69999999999999 8 0
      vertex 120 8 0
    endloop
  endfacet
  facet normal 0 0 -1
    outer loop
      vertex 113.66733497668548 8.331653547427418 0
      vertex 120 8 0
      vertex 113.69181403534276 8.166629138560253 0
    endloop
  endfacet
  facet normal 0 0 -1
    outer loop
      vertex 112.94446939613334 9.413498340914327 0
      vertex 120 8 0
      vertex 113.07846858307818 9.314117770716653 0
    endloop
  endfacet
  facet normal 0 0 -1
    outer loop
      vertex 113.20208152801712 9.20208152801713 0
      vertex 113.07846858307818 9.314117770716653 0
      vertex 120 8 0
    endloop
  endfacet
  facet normal 0 0 -1
    outer loop
      vertex 115.06146745892073 0.6089637399097061 0
      vertex 117.65685424949237 2.3431457505076194 0
      vertex 116.44456186415681 1.3482431015796381 0
    endloop
  endfacet
  facet normal 0 0 -1
    outer loop
      vertex 112 0 0
      vertex 120 8 0
      vertex 117.65685424949237 2.3431457505076194 0
    endloop
  endfacet
  facet normal 0 0 -1
    outer loop
      vertex 116.44456186415681 1.3482431015796381 0
      vertex 117.65685424949237 2.3431457505076194 0
      vertex 117.07514627330914 1.815916373098104 0
    endloop
  endfacet
  facet normal 0 0 -1
    outer loop
      vertex 117.65685424949237 2.3431457505076194 0
      vertex 118.65175689842039 3.5554381358431826 0
      vertex 118.1840836269019 2.924853726690836 0
    endloop
  endfacet
  facet normal 0 0 -1
    outer loop
      vertex 117.65685424949237 2.3431457505076194 0
      vertex 119.39103626009029 4.938532541079281 0
      vertex 118.65175689842039 3.5554381358431826 0
    endloop
  endfacet
  facet normal 0 0 -1
    outer loop
      vertex 118.65175689842039 3.5554381358431826 0
      vertex 119.39103626009029 4.938532541079281 0
      vertex 119.05537011478685 4.228826105392018 0
    endloop
  endfacet
  facet normal 0 0 -1
    outer loop
      vertex 117.65685424949237 2.3431457505076194 0
      vertex 120 8 0
      vertex 119.39103626009029 4.938532541079281 0
    endloop
  endfacet
  facet normal 0 0 -1
    outer loop
      vertex 119.39103626009029 4.938532541079281 0
      vertex 119.84628224322586 6.4392774238709745 0
      vertex 119.65552268585765 5.677722581964302 0
    endloop
  endfacet
  facet normal 0 0 -1
    outer loop
      vertex 119.39103626009029 4.938532541079281 0
      vertex 120 8 0
      vertex 119.84628224322586 6.4392774238709745 0
    endloop
  endfacet
  facet normal 0 0 -1
    outer loop
      vertex 119.84628224322586 6.4392774238709745 0
      vertex 120 8 0
      vertex 119.9614778133776 7.215862877363515 0
    endloop
  endfacet
  facet normal 0.04906767432741788 -0.9987954562051724 -1.3613767355542428e-9
    outer loop
      vertex 112 0 0
      vertex 112.78413712263648 0.03852218662242457 0
      vertex 112.78413712233305 0.038522183895111084 1.9899999999999949
    endloop
  endfacet
  facet normal 0.14673047445536191 -0.989176509964781 -1.3333025040355893e-9
    outer loop
      vertex 112.78413712263648 0.03852218662242457 0
      vertex 113.56072257612902 0.15371775677415656 0
      vertex 112.78413712233305 0.038522183895111084 1.9899999999999949
    endloop
  endfacet
  facet normal 0.24298017990326415 -0.970031253194544 -1.7822222404233487e-9
    outer loop
      vertex 113.56072257612902 0.15371775677415656 0
      vertex 114.3222774180357 0.3444773141423294 0
      vertex 114.32227741926908 0.3444773107767105 2
    endloop
  endfacet
  facet normal 0.3368898533922136 -0.9415440651830231 -1.792197283863555e-9
    outer loop
      vertex 114.3222774180357 0.3444773141423294 0
      vertex 115.06146745892073 0.6089637399097061 0
      vertex 114.32227741926908 0.3444773107767105 2
    endloop
  endfacet
  facet normal 0.42755509343030107 -0.9039892931234342 2.1970750612844505e-18
    outer loop
      vertex 115.06146745892073 0.6089637399097061 0
      vertex 115.77117389460795 0.9446298852131596 0
      vertex 115.77117389460795 0.9446298852131596 2
    endloop
  endfacet
  facet normal 0.5141027441932113 -0.8577286100002782 -1.1161981538554588e-17
    outer loop
      vertex 115.77117389460795 0.9446298852131596 0
      vertex 116.44456186415681 1.3482431015796381 0
      vertex 116.44456186415681 1.3482431015796381 2
    endloop
  endfacet
  facet normal 0.5956993044924405 -0.8032075314806395 -1.705098385014616e-17
    outer loop
      vertex 116.44456186415681 1.3482431015796381 0
      vertex 117.07514627330914 1.815916373098104 0
      vertex 117.07514627330914 1.815916373098104 2
    endloop
  endfacet
  facet normal 0.671558954847013 -0.7409511253549641 -3.1510278031448614e-11
    outer loop
      vertex 117.07514627330914 1.815916373098104 0
      vertex 117.65685424949237 2.3431457505076194 0
      vertex 117.65685424953699 2.343145750463009 2
    endloop
  endfacet
  facet normal 0.7409511253549527 -0.6715589548470254 -3.1510694570495434e-11
    outer loop
      vertex 117.65685424949237 2.3431457505076194 0
      vertex 118.1840836269019 2.924853726690836 0
      vertex 117.65685424953699 2.343145750463009 2
    endloop
  endfacet
  facet normal 0.8032075314806291 -0.5956993044924549 -1.5190738834381579e-18
    outer loop
      vertex 118.1840836269019 2.924853726690836 0
      vertex 118.65175689842039 3.5554381358431826 0
      vertex 118.65175689842039 3.5554381358431826 2
    endloop
  endfacet
  facet normal 0.8577286100002787 -0.5141027441932107 0
    outer loop
      vertex 118.65175689842039 3.5554381358431826 0
      vertex 119.05537011478685 4.228826105392018 0
      vertex 118.65175689842039 3.5554381358431826 2
    endloop
  endfacet
  facet normal 0.9039892931234528 -0.4275550934302625 -3.1906897194656375e-18
    outer loop
      vertex 119.05537011478685 4.228826105392018 0
      vertex 119.39103626009029 4.938532541079281 0
      vertex 119.39103626009029 4.938532541079281 2
    endloop
  endfacet
  facet normal 0.9415440651830282 -0.3368898533921993 -1.7922078643360135e-9
    outer loop
      vertex 119.39103626009029 4.938532541079281 0
      vertex 119.65552268585765 5.677722581964302 0
      vertex 119.65552268922329 5.677722580730915 2
    endloop
  endfacet
  facet normal 0.9700312531945326 -0.24298017990330883 -1.782233221683966e-9
    outer loop
      vertex 119.65552268585765 5.677722581964302 0
      vertex 119.84628224322586 6.4392774238709745 0
      vertex 119.65552268922329 5.677722580730915 2
    endloop
  endfacet
  facet normal 0.9891765099647791 -0.14673047445537363 -1.3332906330542984e-9
    outer loop
      vertex 119.84628224322586 6.4392774238709745 0
      vertex 119.9614778133776 7.215862877363515 0
      vertex 119.96147781610489 7.21586287766695 1.9899999999999949
    endloop
  endfacet
  facet normal 0.9987954562051738 -0.04906767432738821 -1.361365014352103e-9
    outer loop
      vertex 119.9614778133776 7.215862877363515 0
      vertex 120 8 0
      vertex 119.96147781610489 7.21586287766695 1.9899999999999949
    endloop
  endfacet
  facet normal 0.04906767088080504 -0.9987954563744936 0
    outer loop
      vertex 112 0 0
      vertex 112.78413712233305 0.038522183895111084 1.9899999999999949
      vertex 112 0 2
    endloop
  endfacet
  facet normal 0.14673047745768125 -0.989176509519429 -1.358853609477289e-10
    outer loop
      vertex 112.78413712233305 0.038522183895111084 1.9899999999999949
      vertex 113.56072257612902 0.15371775677415656 0
      vertex 113.56072257459164 0.1537177562713623 2
    endloop
  endfacet
  facet normal 0.24298017564018182 -0.9700312542623906 -5.708577422751806e-11
    outer loop
      vertex 113.56072257612902 0.15371775677415656 0
      vertex 114.32227741926908 0.3444773107767105 2
      vertex 113.56072257459164 0.1537177562713623 2
    endloop
  endfacet
  facet normal 0.33688985769095187 -0.94154406364491 4.7590337301125415e-18
    outer loop
      vertex 114.32227741926908 0.3444773107767105 2
      vertex 115.06146745892073 0.6089637399097061 0
      vertex 115.06146745892073 0.6089637399097061 2
    endloop
  endfacet
  facet normal 0.42755509343030107 -0.9039892931234342 0
    outer loop
      vertex 115.06146745892073 0.6089637399097061 0
      vertex 115.77117389460795 0.9446298852131596 2
      vertex 115.06146745892073 0.6089637399097061 2
    endloop
  endfacet
  facet normal 0.5141027441932113 -0.8577286100002782 0
    outer loop
      vertex 115.77117389460795 0.9446298852131596 0
      vertex 116.44456186415681 1.3482431015796381 2
      vertex 115.77117389460795 0.9446298852131596 2
    endloop
  endfacet
  facet normal 0.5956993044924405 -0.8032075314806395 0
    outer loop
      vertex 116.44456186415681 1.3482431015796381 0
      vertex 117.07514627330914 1.815916373098104 2
      vertex 116.44456186415681 1.3482431015796381 2
    endloop
  endfacet
  facet normal 0.671558954787535 -0.7409511254088719 0
    outer loop
      vertex 117.07514627330914 1.815916373098104 0
      vertex 117.65685424953699 2.343145750463009 2
      vertex 117.07514627330914 1.815916373098104 2
    endloop
  endfacet
  facet normal 0.7409511254088611 -0.6715589547875467 1.4639367337501934e-17
    outer loop
      vertex 117.65685424953699 2.343145750463009 2
      vertex 118.1840836269019 2.924853726690836 0
      vertex 118.1840836269019 2.924853726690836 2
    endloop
  endfacet
  facet normal 0.8032075314806291 -0.5956993044924549 0
    outer loop
      vertex 118.1840836269019 2.924853726690836 0
      vertex 118.65175689842039 3.5554381358431826 2
      vertex 118.1840836269019 2.924853726690836 2
    endloop
  endfacet
  facet normal 0.8577286100002787 -0.5141027441932107 0
    outer loop
      vertex 119.05537011478685 4.228826105392018 0
      vertex 119.05537011478685 4.228826105392018 2
      vertex 118.65175689842039 3.5554381358431826 2
    endloop
  endfacet
  facet normal 0.9039892931234528 -0.4275550934302625 0
    outer loop
      vertex 119.05537011478685 4.228826105392018 0
      vertex 119.39103626009029 4.938532541079281 2
      vertex 119.05537011478685 4.228826105392018 2
    endloop
  endfacet
  facet normal 0.941544063644906 -0.3368898576909629 0
    outer loop
      vertex 119.39103626009029 4.938532541079281 0
      vertex 119.65552268922329 5.677722580730915 2
      vertex 119.39103626009029 4.938532541079281 2
    endloop
  endfacet
  facet normal 0.9891765095196828 -0.14673047745596915 -1.3656100504053084e-10
    outer loop
      vertex 119.84628224322586 6.4392774238709745 0
      vertex 119.96147781610489 7.21586287766695 1.9899999999999949
      vertex 119.84628224372864 6.439277425408363 1.9899999999999949
    endloop
  endfacet
  facet normal 0.9700312542622129 -0.2429801756408906 -5.7365493397556335e-11
    outer loop
      vertex 119.84628224322586 6.4392774238709745 0
      vertex 119.84628224372864 6.439277425408363 1.9899999999999949
      vertex 119.65552268922329 5.677722580730915 2
    endloop
  endfacet
  facet normal 0.9987954563744936 -0.04906767088080504 0
    outer loop
      vertex 120 8 0
      vertex 120 8 2
      vertex 119.96147781610489 7.21586287766695 1.9899999999999949
    endloop
  endfacet
  facet normal 0.04906767088080505 -0.9987954563744936 0
    outer loop
      vertex 112 0 2
      vertex 112.78413712233305 0.038522183895111084 1.9899999999999949
      vertex 112.78413712233305 0.038522183895111084 2
    endloop
  endfacet
  facet normal 0.14673047745596915 -0.989176509519683 0
    outer loop
      vertex 112.78413712233305 0.038522183895111084 1.9899999999999949
      vertex 113.56072257459164 0.1537177562713623 2
      vertex 112.78413712233305 0.038522183895111084 2
    endloop
  endfacet
  facet normal 0.9700312542623905 -0.24298017564018182 0
    outer loop
      vertex 119.65552268922329 5.677722580730915 2
      vertex 119.84628224372864 6.439277425408363 1.9899999999999949
      vertex 119.84628224372864 6.439277425408363 2
    endloop
  endfacet
  facet normal 0.989176509519683 -0.14673047745596915 0
    outer loop
      vertex 119.84628224372864 6.439277425408363 1.9899999999999949
      vertex 119.96147781610489 7.21586287766695 2
      vertex 119.84628224372864 6.439277425408363 2
    endloop
  endfacet
  facet normal 0.989176509519683 -0.14673047745596915 0
    outer loop
      vertex 119.84628224372864 6.439277425408363 1.9899999999999949
      vertex 119.96147781610489 7.21586287766695 1.9899999999999949
      vertex 119.96147781610489 7.21586287766695 2
    endloop
  endfacet
  facet normal 0.9987954563744936 -0.04906767088080505 0
    outer loop
      vertex 119.96147781610489 7.21586287766695 1.9899999999999949
      vertex 120 8 2
      vertex 119.96147781610489 7.21586287766695 2
    endloop
  endfacet
  facet normal 0 0 -1
    outer loop
      vertex 112.16662913856027 9.691814035342734 0
      vertex 110.92153141692182 111.18588222928335 0
      vertex 111.05553060386666 111.08650165908567 0
    endloop
  endfacet
  facet normal 0 0 -1
    outer loop
      vertex 112.16662913856027 9.691814035342734 0
      vertex 111.05553060386666 111.08650165908567 0
      vertex 111.1986255473958 111.0007338506078 0
    endloop
  endfacet
  facet normal 0 0 -1
    outer loop
      vertex 112.16662913856027 9.691814035342734 0
      vertex 111.1986255473958 111.0007338506078 0
      vertex 111.34943816497935 110.92940479473081 0
    endloop
  endfacet
  facet normal 0 0 -1
    outer loop
      vertex 112.16662913856027 9.691814035342734 0
      vertex 111.34943816497935 110.92940479473081 0
      vertex 111.50651604866744 110.87320142925525 0
    endloop
  endfacet
  facet normal 0 0 -1
    outer loop
      vertex 112.16662913856027 9.691814035342734 0
      vertex 111.50651604866744 110.87320142925525 0
      vertex 111.66834645257256 110.8326650233145 0
    endloop
  endfacet
  facet normal 0 0 -1
    outer loop
      vertex 112.16662913856027 9.691814035342734 0
      vertex 111.66834645257256 110.8326650233145 0
      vertex 111.83337086143973 110.80818596465727 0
    endloop
  endfacet
  facet normal 0 0 -1
    outer loop
      vertex 112.16662913856027 9.691814035342734 0
      vertex 111.83337086143973 110.80818596465727 0
      vertex 112 110.8 0
    endloop
  endfacet
  facet normal 0 0 -1
    outer loop
      vertex 112.16662913856027 9.691814035342734 0
      vertex 112 110.8 0
      vertex 112.16662913856027 110.80818596465727 0
    endloop
  endfacet
  facet normal 0 0 -1
    outer loop
      vertex 112.16662913856027 9.691814035342734 0
      vertex 112.16662913856027 110.80818596465727 0
      vertex 112.33165354742744 110.8326650233145 0
    endloop
  endfacet
  facet normal 0 0 -1
    outer loop
      vertex 112.16662913856027 9.691814035342734 0
      vertex 112.33165354742744 110.8326650233145 0
      vertex 112.49348395133256 110.87320142925525 0
    endloop
  endfacet
  facet normal 0 0 -1
    outer loop
      vertex 112.16662913856027 9.691814035342734 0
      vertex 112.49348395133256 110.87320142925525 0
      vertex 112.65056183502065 110.92940479473081 0
    endloop
  endfacet
  facet normal 0 0 -1
    outer loop
      vertex 112.16662913856027 9.691814035342734 0
      vertex 110.58650165908568 111.55553060386667 0
      vertex 110.68588222928332 111.42153141692181 0
    endloop
  endfacet
  facet normal 0 0 -1
    outer loop
      vertex 112.16662913856027 9.691814035342734 0
      vertex 110.68588222928332 111.42153141692181 0
      vertex 110.79791847198288 111.29791847198287 0
    endloop
  endfacet
  facet normal 0 0 -1
    outer loop
      vertex 112.16662913856027 9.691814035342734 0
      vertex 110.79791847198288 111.29791847198287 0
      vertex 110.92153141692182 111.18588222928335 0
    endloop
  endfacet
  facet normal 0 0 -1
    outer loop
      vertex 112.16662913856027 9.691814035342734 0
      vertex 112.65056183502065 110.92940479473081 0
      vertex 112.8013744526042 111.0007338506078 0
    endloop
  endfacet
  facet normal 0 0 -1
    outer loop
      vertex 112.16662913856027 9.691814035342734 0
      vertex 112.8013744526042 111.0007338506078 0
      vertex 112.94446939613334 111.08650165908567 0
    endloop
  endfacet
  facet normal 0 0 -1
    outer loop
      vertex 112.16662913856027 9.691814035342734 0
      vertex 112.94446939613334 111.08650165908567 0
      vertex 113.07846858307818 111.18588222928335 0
    endloop
  endfacet
  facet normal 0 0 -1
    outer loop
      vertex 112.16662913856027 9.691814035342734 0
      vertex 113.07846858307818 111.18588222928335 0
      vertex 113.20208152801712 111.29791847198287 0
    endloop
  endfacet
  facet normal 0 0 -1
    outer loop
      vertex 112.16662913856027 9.691814035342734 0
      vertex 113.20208152801712 111.29791847198287 0
      vertex 113.31411777071668 111.42153141692181 0
    endloop
  endfacet
  facet normal 0 0 -1
    outer loop
      vertex 112.16662913856027 9.691814035342734 0
      vertex 113.31411777071668 111.42153141692181 0
      vertex 113.41349834091432 111.55553060386667 0
    endloop
  endfacet
  facet normal 0 0 -1
    outer loop
      vertex 112.16662913856027 9.691814035342734 0
      vertex 113.41349834091432 111.55553060386667 0
      vertex 113.49926614939221 111.6986255473958 0
    endloop
  endfacet
  facet normal 0 0 -1
    outer loop
      vertex 112.16662913856027 9.691814035342734 0
      vertex 113.49926614939221 111.6986255473958 0
      vertex 113.57059520526917 111.84943816497935 0
    endloop
  endfacet
  facet normal 0 0 -1
    outer loop
      vertex 112.16662913856027 9.691814035342734 0
      vertex 113.57059520526917 111.84943816497935 0
      vertex 113.62679857074477 112.00651604866741 0
    endloop
  endfacet
  facet normal 0 0 -1
    outer loop
      vertex 112.16662913856027 9.691814035342734 0
      vertex 113.62679857074477 112.00651604866741 0
      vertex 113.66733497668548 112.16834645257258 0
    endloop
  endfacet
  facet normal 0 0 -1
    outer loop
      vertex 112.16662913856027 9.691814035342734 0
      vertex 113.66733497668548 112.16834645257258 0
      vertex 113.69181403534276 112.33337086143975 0
    endloop
  endfacet
  facet normal 0 0 -1
    outer loop
      vertex 112.65056183502065 9.570595205269187 0
      vertex 119.05537011478685 220.77117389460798 0
      vertex 112.8013744526042 9.499266149392204 0
    endloop
  endfacet
  facet normal 0 0 -1
    outer loop
      vertex 112.33165354742744 9.667334976685492 0
      vertex 112.16662913856027 9.691814035342734 0
      vertex 119.05537011478685 220.77117389460798 0
    endloop
  endfacet
  facet normal 0 0 -1
    outer loop
      vertex 112.33165354742744 9.667334976685492 0
      vertex 119.05537011478685 220.77117389460798 0
      vertex 112.49348395133256 9.626798570744755 0
    endloop
  endfacet
  facet normal 0 0 -1
    outer loop
      vertex 112.49348395133256 9.626798570744755 0
      vertex 119.05537011478685 220.77117389460798 0
      vertex 112.65056183502065 9.570595205269187 0
    endloop
  endfacet
  facet normal 0 0 -1
    outer loop
      vertex 112.8013744526042 9.499266149392204 0
      vertex 119.05537011478685 220.77117389460798 0
      vertex 120 8 0
    endloop
  endfacet
  facet normal 1 0 0
    outer loop
      vertex 120 8 0
      vertex 120 217 0
      vertex 120 8 2
    endloop
  endfacet
  facet normal 0 -0.9914448620347796 0.13052618719949255
    outer loop
      vertex 0.06814834475517273 0.06814834475517273 2.5176380902050397
      vertex 112 0 2
      vertex 111.9983269572258 0.06814834475517273 2.5176380902050397
    endloop
  endfacet
  facet normal 0 -0.9238795298353729 0.3826834388253173
    outer loop
      vertex 0.2679491937160492 0.2679491937160492 3
      vertex 111.9983269572258 0.06814834475517273 2.5176380902050397
      vertex 111.99342226982117 0.2679491937160492 3
    endloop
  endfacet
  facet normal 0 -0.7933533397671424 0.6087614296917317
    outer loop
      vertex 0.2679491937160492 0.2679491937160492 3
      vertex 111.99342226982117 0.2679491937160492 3
      vertex 111.98561979085207 0.5857864394783974 3.4142135623730923
    endloop
  endfacet
  facet normal 0 -0.6087614307214171 0.7933533389770371
    outer loop
      vertex 0.5857864394783974 0.5857864394783974 3.4142135623730923
      vertex 111.98561979085207 0.5857864394783974 3.4142135623730923
      vertex 111.97545136511326 1 3.732050807568882
    endloop
  endfacet
  facet normal 0 -0.3826834303793445 0.9238795333338095
    outer loop
      vertex 1.482361912727356 1.482361912727356 3.931851652578132
      vertex 111.97545136511326 1 3.732050807568882
      vertex 111.96361004561186 1.482361912727356 3.931851652578132
    endloop
  endfacet
  facet normal 0 0 1
    outer loop
      vertex 60 2 4
      vertex 111.95090272277594 2 4
      vertex 65.29292557779627 2.2600247597013663 4
    endloop
  endfacet
  facet normal 0 0 1
    outer loop
      vertex 65.29292557779627 2.2600247597013663 4
      vertex 112.58786646276712 2.031292013823986 4
      vertex 70.53487738887094 3.0375948582255603 4
    endloop
  endfacet
  facet normal 0 0 1
    outer loop
      vertex 70.53487738887094 3.0375948582255603 4
      vertex 112.58786646276712 2.031292013823986 4
      vertex 75.67537257174098 4.325221870460723 4
    endloop
  endfacet
  facet normal 0 0 1
    outer loop
      vertex 60 110 4
      vertex 65.29292557779627 109.73997524029863 4
      vertex 65.29292557779627 115.26002475970137 4
    endloop
  endfacet
  facet normal 0 0 1
    outer loop
      vertex 65.29292557779627 109.73997524029863 4
      vertex 70.53487738887094 108.96240514177444 4
      vertex 70.53487738887094 116.03759485822556 4
    endloop
  endfacet
  facet normal 0 0 1
    outer loop
      vertex 70.53487738887094 108.96240514177444 4
      vertex 75.67537257174098 107.67477812953928 4
      vertex 75.67537257174098 117.32522187046072 4
    endloop
  endfacet
  facet normal 0 0 1
    outer loop
      vertex 75.67537257174098 107.67477812953928 4
      vertex 80.66490534771486 105.88949475560949 4
      vertex 80.66490534771486 119.11050524439051 4
    endloop
  endfacet
  facet normal 0 0 1
    outer loop
      vertex 80.66490534771486 105.88949475560949 4
      vertex 85.45542378860387 103.62374827481116 4
      vertex 85.45542378860387 121.37625172518884 4
    endloop
  endfacet
  facet normal 0 0 1
    outer loop
      vertex 85.45542378860387 103.62374827481116 4
      vertex 90.00079258305851 100.89935906433745 4
      vertex 90.00079258305851 124.10064093566255 4
    endloop
  endfacet
  facet normal 0.048647884588853635 -0.9902506225629428 0.13052619598660586
    outer loop
      vertex 112 0 2
      vertex 112.77744937688112 0.10642416775226593 2.5176380902050397
      vertex 111.9983269572258 0.06814834475517273 2.5176380902050397
    endloop
  endfacet
  facet normal 0.04864789018322502 -0.990250623373654 0.13052618775100389
    outer loop
      vertex 112 0 2
      vertex 112.78413712233305 0.038522183895111084 2
      vertex 112.77744937688112 0.10642416775226593 2.5176380902050397
    endloop
  endfacet
  facet normal 0.1454751780245691 -0.9807139683252202 0.1305261847696417
    outer loop
      vertex 112.78413712233305 0.038522183895111084 2
      vertex 113.56072257459164 0.1537177562713623 2
      vertex 112.77744937688112 0.10642416775226593 2.5176380902050397
    endloop
  endfacet
  facet normal 0.24090144673936978 -0.9617325031498215 0.13052618643037542
    outer loop
      vertex 113.56072257459164 0.1537177562713623 2
      vertex 114.32227741926908 0.3444773107767105 2
      vertex 114.302471190691 0.4097698703408241 2.5176380902050397
    endloop
  endfacet
  facet normal 0.3340077189277554 -0.9334890255333799 0.13052617708880604
    outer loop
      vertex 114.32227741926908 0.3444773107767105 2
      vertex 115.06146745892073 0.6089637399097061 2
      vertex 114.302471190691 0.4097698703408241 2.5176380902050397
    endloop
  endfacet
  facet normal 0.42389730033871464 -0.8962555394106065 0.13052619216598818
    outer loop
      vertex 115.06146745892073 0.6089637399097061 2
      vertex 115.77117389460795 0.9446298852131596 2
      vertex 115.73901027441025 1.0048038586974144 2.5176380902050397
    endloop
  endfacet
  facet normal 0.5097045243792585 -0.8503906235566975 0.13052618585619152
    outer loop
      vertex 115.77117389460795 0.9446298852131596 2
      vertex 116.44456186415681 1.3482431015796381 2
      vertex 115.73901027441025 1.0048038586974144 2.5176380902050397
    endloop
  endfacet
  facet normal 0.5906030146122585 -0.7963359800393324 0.13052618904154223
    outer loop
      vertex 116.44456186415681 1.3482431015796381 2
      vertex 117.07514627330914 1.815916373098104 2
      vertex 116.40665499866009 1.4049747064709663 2.5176380902050397
    endloop
  endfacet
  facet normal 0.6658136745146037 -0.7346121854637339 0.13052619582887662
    outer loop
      vertex 117.07514627330914 1.815916373098104 2
      vertex 117.65685424953699 2.343145750463009 2
      vertex 117.03186126798391 1.8686592802405357 2.5176380902050397
    endloop
  endfacet
  facet normal 0.7346121853687702 -0.6658136744285548 0.13052619680227467
    outer loop
      vertex 117.65685424953699 2.343145750463009 2
      vertex 118.1840836269019 2.924853726690836 2
      vertex 118.13134071230888 2.968138724565506 2.5176380902050397
    endloop
  endfacet
  facet normal 0.7963359797315217 -0.5906030143839927 0.13052619195233905
    outer loop
      vertex 118.1840836269019 2.924853726690836 2
      vertex 118.65175689842039 3.5554381358431826 2
      vertex 118.59502528607845 3.593344993889332 2.5176380902050397
    endloop
  endfacet
  facet normal 0.8503906230123974 -0.5097045240530167 0.13052619067633203
    outer loop
      vertex 118.65175689842039 3.5554381358431826 2
      vertex 119.05537011478685 4.228826105392018 2
      vertex 118.995196133852 4.260989718139172 2.5176380902050397
    endloop
  endfacet
  facet normal 0.8962555386152572 -0.4238972999624955 0.13052619884904823
    outer loop
      vertex 119.05537011478685 4.228826105392018 2
      vertex 119.39103626009029 4.938532541079281 2
      vertex 118.995196133852 4.260989718139172 2.5176380902050397
    endloop
  endfacet
  facet normal 0.9334890244820282 -0.33400771855158806 0.13052618557038415
    outer loop
      vertex 119.39103626009029 4.938532541079281 2
      vertex 119.65552268922329 5.677722580730915 2
      vertex 119.5902301222086 5.697528801858425 2.5176380902050397
    endloop
  endfacet
  facet normal 0.9617325018474067 -0.24090144641313185 0.13052619662883344
    outer loop
      vertex 119.65552268922329 5.677722580730915 2
      vertex 119.84628224372864 6.439277425408363 2
      vertex 119.5902301222086 5.697528801858425 2.5176380902050397
    endloop
  endfacet
  facet normal 0.9807139667863055 -0.14547517779629268 0.13052619658676262
    outer loop
      vertex 119.84628224372864 6.439277425408363 2
      vertex 119.96147781610489 7.21586287766695 2
      vertex 119.89357582479715 7.222550615668297 2.5176380902050397
    endloop
  endfacet
  facet normal 0.9902506223835446 -0.048647890134584065 0.13052619528070247
    outer loop
      vertex 119.96147781610489 7.21586287766695 2
      vertex 120 8 2
      vertex 119.93185165524483 8.00167303532362 2.5176380902050397
    endloop
  endfacet
  facet normal 0.14547518058478268 -0.9807139674188201 0.13052618872648647
    outer loop
      vertex 112.77744937688112 0.10642416775226593 2.5176380902050397
      vertex 113.56072257459164 0.1537177562713623 2
      vertex 113.5474114343524 0.2206372544169426 2.5176380902050397
    endloop
  endfacet
  facet normal 0.24090144211589343 -0.9617325033924798 0.13052619317561
    outer loop
      vertex 113.56072257459164 0.1537177562713623 2
      vertex 114.302471190691 0.4097698703408241 2.5176380902050397
      vertex 113.5474114343524 0.2206372544169426 2.5176380902050397
    endloop
  endfacet
  facet normal 0.3340077237419143 -0.9334890226697516 0.13052618524961554
    outer loop
      vertex 114.302471190691 0.4097698703408241 2.5176380902050397
      vertex 115.06146745892073 0.6089637399097061 2
      vertex 115.03535671532154 0.6720005124807358 2.5176380902050397
    endloop
  endfacet
  facet normal 0.4238972984478955 -0.8962555398909663 0.13052619500823764
    outer loop
      vertex 115.06146745892073 0.6089637399097061 2
      vertex 115.73901027441025 1.0048038586974144 2.5176380902050397
      vertex 115.03535671532154 0.6720005124807358 2.5176380902050397
    endloop
  endfacet
  facet normal 0.5097045245147548 -0.8503906234347147 0.13052618612180822
    outer loop
      vertex 115.73901027441025 1.0048038586974144 2.5176380902050397
      vertex 116.44456186415681 1.3482431015796381 2
      vertex 116.40665499866009 1.4049747064709663 2.5176380902050397
    endloop
  endfacet
  facet normal 0.5906030164340546 -0.7963359780427667 0.1305261929792872
    outer loop
      vertex 116.40665499866009 1.4049747064709663 2.5176380902050397
      vertex 117.07514627330914 1.815916373098104 2
      vertex 117.03186126798391 1.8686592802405357 2.5176380902050397
    endloop
  endfacet
  facet normal 0.6658136753433412 -0.7346121843540954 0.1305261978466253
    outer loop
      vertex 117.03186126798391 1.8686592802405357 2.5176380902050397
      vertex 117.65685424953699 2.343145750463009 2
      vertex 117.60860797017813 2.391392022371292 2.5176380902050397
    endloop
  endfacet
  facet normal 0.7346121842591447 -0.6658136752572829 0.13052619882
    outer loop
      vertex 117.60860797017813 2.391392022371292 2.5176380902050397
      vertex 117.65685424953699 2.343145750463009 2
      vertex 118.13134071230888 2.968138724565506 2.5176380902050397
    endloop
  endfacet
  facet normal 0.7963359777349693 -0.5906030162057765 0.1305261958900577
    outer loop
      vertex 118.1840836269019 2.924853726690836 2
      vertex 118.59502528607845 3.593344993889332 2.5176380902050397
      vertex 118.13134071230888 2.968138724565506 2.5176380902050397
    endloop
  endfacet
  facet normal 0.8503906228904141 -0.5097045241885136 0.13052619094194987
    outer loop
      vertex 118.65175689842039 3.5554381358431826 2
      vertex 118.995196133852 4.260989718139172 2.5176380902050397
      vertex 118.59502528607845 3.593344993889332 2.5176380902050397
    endloop
  endfacet
  facet normal 0.8962555390956063 -0.4238972980717182 0.13052620169123486
    outer loop
      vertex 118.995196133852 4.260989718139172 2.5176380902050397
      vertex 119.39103626009029 4.938532541079281 2
      vertex 119.32799948006868 4.964643277227879 2.5176380902050397
    endloop
  endfacet
  facet normal 0.9334890216184061 -0.33400772336573686 0.1305261937311763
    outer loop
      vertex 119.39103626009029 4.938532541079281 2
      vertex 119.5902301222086 5.697528801858425 2.5176380902050397
      vertex 119.32799948006868 4.964643277227879 2.5176380902050397
    endloop
  endfacet
  facet normal 0.961732502090065 -0.24090144178965553 0.13052620337406812
    outer loop
      vertex 119.5902301222086 5.697528801858425 2.5176380902050397
      vertex 119.84628224372864 6.439277425408363 2
      vertex 119.77936273813248 6.4525885581970215 2.5176380902050397
    endloop
  endfacet
  facet normal 0.9807139658799053 -0.1454751803565062 0.1305262005436073
    outer loop
      vertex 119.84628224372864 6.439277425408363 2
      vertex 119.89357582479715 7.222550615668297 2.5176380902050397
      vertex 119.77936273813248 6.4525885581970215 2.5176380902050397
    endloop
  endfacet
  facet normal 0.9902506214267571 -0.04864789400259074 0.130526201097842
    outer loop
      vertex 119.96147781610489 7.21586287766695 2
      vertex 119.93185165524483 8.00167303532362 2.5176380902050397
      vertex 119.89357582479715 7.222550615668297 2.5176380902050397
    endloop
  endfacet
  facet normal 0.04533261177996547 -0.9227666817767547 0.3826834270149733
    outer loop
      vertex 111.9983269572258 0.06814834475517273 2.5176380902050397
      vertex 112.77744937688112 0.10642416775226593 2.5176380902050397
      vertex 111.99342226982117 0.2679491937160492 3
    endloop
  endfacet
  facet normal 0.13556128734848039 -0.9138799306487179 0.38268343278735956
    outer loop
      vertex 112.77744937688112 0.10642416775226593 2.5176380902050397
      vertex 113.5474114343524 0.2206372544169426 2.5176380902050397
      vertex 113.50838524103165 0.41683531552553177 3
    endloop
  endfacet
  facet normal 0.22448440736022596 -0.8961920242854526 0.3826834285140533
    outer loop
      vertex 113.5474114343524 0.2206372544169426 2.5176380902050397
      vertex 114.302471190691 0.4097698703408241 2.5176380902050397
      vertex 113.50838524103165 0.41683531552553177 3
    endloop
  endfacet
  facet normal 0.31124564907526997 -0.8698732876907604 0.3826834322175204
    outer loop
      vertex 114.302471190691 0.4097698703408241 2.5176380902050397
      vertex 115.03535671532154 0.6720005124807358 2.5176380902050397
      vertex 114.95880407094955 0.8568150550127029 3
    endloop
  endfacet
  facet normal 0.3950093994765075 -0.8351772089279783 0.3826834253171685
    outer loop
      vertex 115.03535671532154 0.6720005124807358 2.5176380902050397
      vertex 115.73901027441025 1.0048038586974144 2.5176380902050397
      vertex 114.95880407094955 0.8568150550127029 3
    endloop
  endfacet
  facet normal 0.47496900277930015 -0.7924379065894707 0.3826834339227853
    outer loop
      vertex 115.73901027441025 1.0048038586974144 2.5176380902050397
      vertex 116.40665499866009 1.4049747064709663 2.5176380902050397
      vertex 115.64471121877432 1.1812249794602394 3
    endloop
  endfacet
  facet normal 0.5503543962315908 -0.7420669962699997 0.3826834352247053
    outer loop
      vertex 116.40665499866009 1.4049747064709663 2.5176380902050397
      vertex 117.03186126798391 1.8686592802405357 2.5176380902050397
      vertex 116.90495613217354 2.0232937186956406 3
    endloop
  endfacet
  facet normal 0.6204395769978815 -0.684549581657527 0.38268342209611667
    outer loop
      vertex 117.03186126798391 1.8686592802405357 2.5176380902050397
      vertex 117.60860797017813 2.391392022371292 2.5176380902050397
      vertex 117.4671570584178 2.5328429341316223 3
    endloop
  endfacet
  facet normal 0.684549581657527 -0.6204395769978815 0.38268342209611667
    outer loop
      vertex 117.60860797017813 2.391392022371292 2.5176380902050397
      vertex 118.13134071230888 2.968138724565506 2.5176380902050397
      vertex 117.4671570584178 2.5328429341316223 3
    endloop
  endfacet
  facet normal 0.7420669962699997 -0.5503543962315908 0.3826834352247053
    outer loop
      vertex 117.97670627385378 3.095043860375881 3
      vertex 118.13134071230888 2.968138724565506 2.5176380902050397
      vertex 118.59502528607845 3.593344993889332 2.5176380902050397
    endloop
  endfacet
  facet normal 0.7924379065894707 -0.47496900277930015 0.3826834339227853
    outer loop
      vertex 118.59502528607845 3.593344993889332 2.5176380902050397
      vertex 118.995196133852 4.260989718139172 2.5176380902050397
      vertex 118.81877501308918 4.355288773775101 3
    endloop
  endfacet
  facet normal 0.8351772089279783 -0.3950093994765075 0.3826834253171685
    outer loop
      vertex 118.995196133852 4.260989718139172 2.5176380902050397
      vertex 119.32799948006868 4.964643277227879 2.5176380902050397
      vertex 119.14318493753672 5.041195921599865 3
    endloop
  endfacet
  facet normal 0.8698732876907604 -0.31124564907526997 0.3826834322175204
    outer loop
      vertex 119.32799948006868 4.964643277227879 2.5176380902050397
      vertex 119.5902301222086 5.697528801858425 2.5176380902050397
      vertex 119.14318493753672 5.041195921599865 3
    endloop
  endfacet
  facet normal 0.8961920242854526 -0.22448440736022596 0.3826834285140533
    outer loop
      vertex 119.5902301222086 5.697528801858425 2.5176380902050397
      vertex 119.77936273813248 6.4525885581970215 2.5176380902050397
      vertex 119.58316467702389 6.491614751517773 3
    endloop
  endfacet
  facet normal 0.9138799306487179 -0.13556128734848039 0.38268343278735956
    outer loop
      vertex 119.77936273813248 6.4525885581970215 2.5176380902050397
      vertex 119.89357582479715 7.222550615668297 2.5176380902050397
      vertex 119.58316467702389 6.491614751517773 3
    endloop
  endfacet
  facet normal 0.9227666811286773 -0.045332620572347326 0.38268342753614176
    outer loop
      vertex 119.89357582479715 7.222550615668297 2.5176380902050397
      vertex 119.93185165524483 8.00167303532362 2.5176380902050397
      vertex 119.73205080628395 8.006577730178833 3
    endloop
  endfacet
  facet normal 0.045332614124319444 -0.9227666802880603 0.38268343032695884
    outer loop
      vertex 111.99342226982117 0.2679491937160492 3
      vertex 112.77744937688112 0.10642416775226593 2.5176380902050397
      vertex 112.75784181058407 0.305502712726593 3
    endloop
  endfacet
  facet normal 0.13556128407461265 -0.9138799293948452 0.3826834369414422
    outer loop
      vertex 112.77744937688112 0.10642416775226593 2.5176380902050397
      vertex 113.50838524103165 0.41683531552553177 3
      vertex 112.75784181058407 0.305502712726593 3
    endloop
  endfacet
  facet normal 0.22448440990202922 -0.896192021877032 0.382683432663207
    outer loop
      vertex 113.50838524103165 0.41683531552553177 3
      vertex 114.302471190691 0.4097698703408241 2.5176380902050397
      vertex 114.24440206587315 0.6011979281902313 3
    endloop
  endfacet
  facet normal 0.31124564121524206 -0.8698732863462962 0.3826834416663561
    outer loop
      vertex 114.302471190691 0.4097698703408241 2.5176380902050397
      vertex 114.95880407094955 0.8568150550127029 3
      vertex 114.24440206587315 0.6011979281902313 3
    endloop
  endfacet
  facet normal 0.3950094035752054 -0.835177203137775 0.38268343372312835
    outer loop
      vertex 114.95880407094955 0.8568150550127029 3
      vertex 115.73901027441025 1.0048038586974144 2.5176380902050397
      vertex 115.64471121877432 1.1812249794602394 3
    endloop
  endfacet
  facet normal 0.4749690031137705 -0.7924379060023304 0.38268343472347055
    outer loop
      vertex 115.64471121877432 1.1812249794602394 3
      vertex 116.40665499866009 1.4049747064709663 2.5176380902050397
      vertex 116.29551769047976 1.571303367614746 3
    endloop
  endfacet
  facet normal 0.5503543910550068 -0.742066996921058 0.38268344140690874
    outer loop
      vertex 116.40665499866009 1.4049747064709663 2.5176380902050397
      vertex 116.90495613217354 2.0232937186956406 3
      vertex 116.29551769047976 1.571303367614746 3
    endloop
  endfacet
  facet normal 0.6204395731534232 -0.684549582530504 0.3826834267674921
    outer loop
      vertex 117.03186126798391 1.8686592802405357 2.5176380902050397
      vertex 117.4671570584178 2.5328429341316223 3
      vertex 116.90495613217354 2.0232937186956406 3
    endloop
  endfacet
  facet normal 0.684549582530504 -0.6204395731534232 0.3826834267674921
    outer loop
      vertex 117.4671570584178 2.5328429341316223 3
      vertex 118.13134071230888 2.968138724565506 2.5176380902050397
      vertex 117.97670627385378 3.095043860375881 3
    endloop
  endfacet
  facet normal 0.7420669969210582 -0.5503543910550067 0.3826834414069087
    outer loop
      vertex 117.97670627385378 3.095043860375881 3
      vertex 118.59502528607845 3.593344993889332 2.5176380902050397
      vertex 118.42869662493467 3.704482302069664 3
    endloop
  endfacet
  facet normal 0.7924379060023304 -0.4749690031137705 0.38268343472347055
    outer loop
      vertex 118.42869662493467 3.704482302069664 3
      vertex 118.59502528607845 3.593344993889332 2.5176380902050397
      vertex 118.81877501308918 4.355288773775101 3
    endloop
  endfacet
  facet normal 0.835177203137775 -0.3950094035752054 0.38268343372312835
    outer loop
      vertex 118.995196133852 4.260989718139172 2.5176380902050397
      vertex 119.14318493753672 5.041195921599865 3
      vertex 118.81877501308918 4.355288773775101 3
    endloop
  endfacet
  facet normal 0.8698732863462962 -0.3112456412152421 0.38268344166635615
    outer loop
      vertex 119.14318493753672 5.041195921599865 3
      vertex 119.5902301222086 5.697528801858425 2.5176380902050397
      vertex 119.39880206435919 5.755597926676273 3
    endloop
  endfacet
  facet normal 0.896192021877032 -0.22448440990202922 0.382683432663207
    outer loop
      vertex 119.39880206435919 5.755597926676273 3
      vertex 119.5902301222086 5.697528801858425 2.5176380902050397
      vertex 119.58316467702389 6.491614751517773 3
    endloop
  endfacet
  facet normal 0.9138799293948452 -0.1355612840746127 0.38268343694144225
    outer loop
      vertex 119.58316467702389 6.491614751517773 3
      vertex 119.89357582479715 7.222550615668297 2.5176380902050397
      vertex 119.69449727982283 7.242158181965351 3
    endloop
  endfacet
  facet normal 0.9227666798075542 -0.04533262265281477 0.38268343047532166
    outer loop
      vertex 119.89357582479715 7.222550615668297 2.5176380902050397
      vertex 119.73205080628395 8.006577730178833 3
      vertex 119.69449727982283 7.242158181965351 3
    endloop
  endfacet
  facet normal 0 0 1
    outer loop
      vertex 75.67537257174098 4.325221870460723 4
      vertex 116.24093514680862 3.759064845740795 4
      vertex 80.66490534771486 6.110505244390517 4
    endloop
  endfacet
  facet normal 0 0 1
    outer loop
      vertex 80.66490534771486 6.110505244390517 4
      vertex 108.32771884690163 7.638311875709278 4
      vertex 85.45542378860387 8.37625172518883 4
    endloop
  endfacet
  facet normal 0 -0.1305261929468879 0.9914448612781206
    outer loop
      vertex 60 2 4
      vertex 111.96361004561186 1.482361912727356 3.931851652578132
      vertex 111.95090272277594 2 4
    endloop
  endfacet
  facet normal 0 0 1
    outer loop
      vertex 65.29292557779627 2.2600247597013663 4
      vertex 111.95090272277594 2 4
      vertex 112.58786646276712 2.031292013823986 4
    endloop
  endfacet
  facet normal 0 0 1
    outer loop
      vertex 85.45542378860387 8.37625172518883 4
      vertex 108.32771884690163 8.36168812429072 4
      vertex 90.00079258305851 11.100640935662554 4
    endloop
  endfacet
  facet normal 0 0 1
    outer loop
      vertex 80.66490534771486 6.110505244390517 4
      vertex 108.38085352002452 7.280107005774318 4
      vertex 108.32771884690163 7.638311875709278 4
    endloop
  endfacet
  facet normal 0 0 1
    outer loop
      vertex 80.66490534771486 6.110505244390517 4
      vertex 108.5908385608775 6.587879095596086 4
      vertex 108.46884255217623 6.9288350989072915 4
    endloop
  endfacet
  facet normal 0 0 1
    outer loop
      vertex 80.66490534771486 6.110505244390517 4
      vertex 108.74566665787472 6.2605225885381 4
      vertex 108.5908385608775 6.587879095596086 4
    endloop
  endfacet
  facet normal 0 0 1
    outer loop
      vertex 80.66490534771486 6.110505244390517 4
      vertex 108.46884255217623 6.9288350989072915 4
      vertex 108.38085352002452 7.280107005774318 4
    endloop
  endfacet
  facet normal 0 0 1
    outer loop
      vertex 80.66490534771486 6.110505244390517 4
      vertex 110.2605225885381 4.7456666578747555 4
      vertex 109.94991819984762 4.931835763956234 4
    endloop
  endfacet
  facet normal 0 0 1
    outer loop
      vertex 80.66490534771486 6.110505244390517 4
      vertex 108.9318357639562 5.949918199847571 4
      vertex 108.74566665787472 6.2605225885381 4
    endloop
  endfacet
  facet normal 0 0 1
    outer loop
      vertex 80.66490534771486 6.110505244390517 4
      vertex 109.14755296886 5.659057219581219 4
      vertex 108.9318357639562 5.949918199847571 4
    endloop
  endfacet
  facet normal 0 0 1
    outer loop
      vertex 80.66490534771486 6.110505244390517 4
      vertex 109.39074079797979 5.3907407979797926 4
      vertex 109.14755296886 5.659057219581219 4
    endloop
  endfacet
  facet normal 0 0 1
    outer loop
      vertex 80.66490534771486 6.110505244390517 4
      vertex 109.65905721958126 5.147552968859994 4
      vertex 109.39074079797979 5.3907407979797926 4
    endloop
  endfacet
  facet normal 0 0 1
    outer loop
      vertex 80.66490534771486 6.110505244390517 4
      vertex 109.94991819984762 4.931835763956234 4
      vertex 109.65905721958126 5.147552968859994 4
    endloop
  endfacet
  facet normal 0 0 1
    outer loop
      vertex 80.66490534771486 6.110505244390517 4
      vertex 110.58787909559607 4.5908385608775095 4
      vertex 110.2605225885381 4.7456666578747555 4
    endloop
  endfacet
  facet normal 0 0 1
    outer loop
      vertex 80.66490534771486 6.110505244390517 4
      vertex 110.92883509890731 4.468842552176227 4
      vertex 110.58787909559607 4.5908385608775095 4
    endloop
  endfacet
  facet normal 0 0 1
    outer loop
      vertex 80.66490534771486 6.110505244390517 4
      vertex 111.28010700577431 4.380853520024503 4
      vertex 110.92883509890731 4.468842552176227 4
    endloop
  endfacet
  facet normal 0 0 1
    outer loop
      vertex 80.66490534771486 6.110505244390517 4
      vertex 111.63831187570929 4.3277188469016545 4
      vertex 111.28010700577431 4.380853520024503 4
    endloop
  endfacet
  facet normal 0 0 1
    outer loop
      vertex 90.00079258305851 11.100640935662554 4
      vertex 108.5908385608775 9.412120904403913 4
      vertex 94.25723734483688 14.257435518412201 4
    endloop
  endfacet
  facet normal 0 0 1
    outer loop
      vertex 85.45542378860387 8.37625172518883 4
      vertex 108.32771884690163 7.638311875709278 4
      vertex 108.30995024875625 8 4
    endloop
  endfacet
  facet normal 0 0 1
    outer loop
      vertex 85.45542378860387 8.37625172518883 4
      vertex 108.30995024875625 8 4
      vertex 108.32771884690163 8.36168812429072 4
    endloop
  endfacet
  facet normal 0 0 1
    outer loop
      vertex 75.67537257174098 4.325221870460723 4
      vertex 112.58786646276712 2.031292013823986 4
      vertex 116.24093514680862 3.759064845740795 4
    endloop
  endfacet
  facet normal 0 0 1
    outer loop
      vertex 80.66490534771486 6.110505244390517 4
      vertex 116.24093514680862 3.759064845740795 4
      vertex 111.63831187570929 4.3277188469016545 4
    endloop
  endfacet
  facet normal 0 0 1
    outer loop
      vertex 90.00079258305851 11.100640935662554 4
      vertex 108.32771884690163 8.36168812429072 4
      vertex 108.38085352002452 8.719892994225681 4
    endloop
  endfacet
  facet normal 0 0 1
    outer loop
      vertex 90.00079258305851 11.100640935662554 4
      vertex 108.38085352002452 8.719892994225681 4
      vertex 108.46884255217623 9.07116490109271 4
    endloop
  endfacet
  facet normal 0 0 1
    outer loop
      vertex 90.00079258305851 11.100640935662554 4
      vertex 108.46884255217623 9.07116490109271 4
      vertex 108.5908385608775 9.412120904403913 4
    endloop
  endfacet
  facet normal 0 0 1
    outer loop
      vertex 94.25723734483688 14.257435518412201 4
      vertex 108.5908385608775 9.412120904403913 4
      vertex 108.74566665787472 9.7394774114619 4
    endloop
  endfacet
  facet normal 0 0 1
    outer loop
      vertex 94.25723734483688 14.257435518412201 4
      vertex 108.74566665787472 9.7394774114619 4
      vertex 108.9318357639562 10.05008180015243 4
    endloop
  endfacet
  facet normal 0 0 1
    outer loop
      vertex 94.25723734483688 14.257435518412201 4
      vertex 108.9318357639562 10.05008180015243 4
      vertex 109.14755296886 10.340942780418782 4
    endloop
  endfacet
  facet normal 0 0 1
    outer loop
      vertex 94.25723734483688 14.257435518412201 4
      vertex 109.14755296886 10.340942780418782 4
      vertex 109.39074079797979 10.609259202020207 4
    endloop
  endfacet
  facet normal 0 0 1
    outer loop
      vertex 94.25723734483688 14.257435518412201 4
      vertex 109.39074079797979 10.609259202020207 4
      vertex 98.18376618407359 17.81623381592643 4
    endloop
  endfacet
  facet normal 0 0 1
    outer loop
      vertex 98.18376618407359 17.81623381592643 4
      vertex 111.28010700577431 11.619146479975498 4
      vertex 101.7425644815878 21.74276265516314 4
    endloop
  endfacet
  facet normal 0.038927998217127835 -0.7923977114262182 0.608761429363999
    outer loop
      vertex 111.99342226982117 0.2679491937160492 3
      vertex 112.75784181058407 0.305502712726593 3
      vertex 112.72665078938007 0.6221909523010254 3.4142135623730923
    endloop
  endfacet
  facet normal 0.038927997173511426 -0.7923977106006502 0.6087614305053395
    outer loop
      vertex 111.99342226982117 0.2679491937160492 3
      vertex 112.72665078938007 0.6221909523010254 3.4142135623730923
      vertex 111.98561979085207 0.5857864394783974 3.4142135623730923
    endloop
  endfacet
  facet normal 0.11640911451448456 -0.7847664919938354 0.6087614237955975
    outer loop
      vertex 112.72665078938007 0.6221909523010254 3.4142135623730923
      vertex 112.75784181058407 0.305502712726593 3
      vertex 113.50838524103165 0.41683531552553177 3
    endloop
  endfacet
  facet normal 0.19276913307512777 -0.7695775363709111 0.6087614285142765
    outer loop
      vertex 113.50838524103165 0.41683531552553177 3
      vertex 114.24440206587315 0.6011979281902313 3
      vertex 113.44630348682404 0.7289413511753082 3.4142135623730923
    endloop
  endfacet
  facet normal 0.26727269166329803 -0.7469771262981076 0.608761431989968
    outer loop
      vertex 114.24440206587315 0.6011979281902313 3
      vertex 114.95880407094955 0.8568150550127029 3
      vertex 114.1520274952054 0.9057160094380379 3.4142135623730923
    endloop
  endfacet
  facet normal 0.3392022676963965 -0.7171829294912753 0.6087614206205373
    outer loop
      vertex 114.95880407094955 0.8568150550127029 3
      vertex 115.64471121877432 1.1812249794602394 3
      vertex 115.49470302462578 1.4618704169988632 3.4142135623730923
    endloop
  endfacet
  facet normal 0.4078651298685976 -0.6804818573961157 0.6087614291263896
    outer loop
      vertex 115.49470302462578 1.4618704169988632 3.4142135623730923
      vertex 115.64471121877432 1.1812249794602394 3
      vertex 116.29551769047976 1.571303367614746 3
    endloop
  endfacet
  facet normal 0.4726000328894593 -0.6372273808496288 0.6087614261830361
    outer loop
      vertex 116.29551769047976 1.571303367614746 3
      vertex 116.90495613217354 2.0232937186956406 3
      vertex 116.70307910442352 2.2692814990878105 3.4142135623730923
    endloop
  endfacet
  facet normal 0.5327835365469821 -0.5878360493168839 0.6087614329998317
    outer loop
      vertex 116.70307910442352 2.2692814990878105 3.4142135623730923
      vertex 116.90495613217354 2.0232937186956406 3
      vertex 117.4671570584178 2.5328429341316223 3
    endloop
  endfacet
  facet normal 0.5878360493168839 -0.5327835365469821 0.6087614329998317
    outer loop
      vertex 117.4671570584178 2.5328429341316223 3
      vertex 117.97670627385378 3.095043860375881 3
      vertex 117.73071849346161 3.2969208881258965 3.4142135623730923
    endloop
  endfacet
  facet normal 0.6372273808496288 -0.4726000328894593 0.6087614261830361
    outer loop
      vertex 117.73071849346161 3.2969208881258965 3.4142135623730923
      vertex 117.97670627385378 3.095043860375881 3
      vertex 118.42869662493467 3.704482302069664 3
    endloop
  endfacet
  facet normal 0.6804818573961157 -0.4078651298685976 0.6087614291263896
    outer loop
      vertex 118.42869662493467 3.704482302069664 3
      vertex 118.81877501308918 4.355288773775101 3
      vertex 118.53812957555056 4.505296967923641 3.4142135623730923
    endloop
  endfacet
  facet normal 0.7171829294912753 -0.3392022676963965 0.6087614206205373
    outer loop
      vertex 118.53812957555056 4.505296967923641 3.4142135623730923
      vertex 118.81877501308918 4.355288773775101 3
      vertex 119.14318493753672 5.041195921599865 3
    endloop
  endfacet
  facet normal 0.7469771262981076 -0.26727269166329803 0.608761431989968
    outer loop
      vertex 119.14318493753672 5.041195921599865 3
      vertex 119.39880206435919 5.755597926676273 3
      vertex 119.09428398311138 5.847972497344017 3.4142135623730923
    endloop
  endfacet
  facet normal 0.7695775363709111 -0.19276913307512777 0.6087614285142765
    outer loop
      vertex 119.39880206435919 5.755597926676273 3
      vertex 119.58316467702389 6.491614751517773 3
      vertex 119.27105864137411 6.553696505725384 3.4142135623730923
    endloop
  endfacet
  facet normal 0.7847664919938354 -0.11640911451448456 0.6087614237955975
    outer loop
      vertex 119.58316467702389 6.491614751517773 3
      vertex 119.69449727982283 7.242158181965351 3
      vertex 119.3778090402484 7.273349203169346 3.4142135623730923
    endloop
  endfacet
  facet normal 0.7923977109329268 -0.03892800553674962 0.6087614295380321
    outer loop
      vertex 119.3778090402484 7.273349203169346 3.4142135623730923
      vertex 119.69449727982283 7.242158181965351 3
      vertex 119.73205080628395 8.006577730178833 3
    endloop
  endfacet
  facet normal 0.11640911780384913 -0.7847664881633893 0.6087614281045001
    outer loop
      vertex 112.72665078938007 0.6221909523010254 3.4142135623730923
      vertex 113.50838524103165 0.41683531552553177 3
      vertex 113.44630348682404 0.7289413511753082 3.4142135623730923
    endloop
  endfacet
  facet normal 0.19276913381910107 -0.7695775353095536 0.6087614296204272
    outer loop
      vertex 113.44630348682404 0.7289413511753082 3.4142135623730923
      vertex 114.24440206587315 0.6011979281902313 3
      vertex 114.1520274952054 0.9057160094380379 3.4142135623730923
    endloop
  endfacet
  facet normal 0.26727269214765453 -0.7469771254386561 0.6087614328318995
    outer loop
      vertex 114.1520274952054 0.9057160094380379 3.4142135623730923
      vertex 114.95880407094955 0.8568150550127029 3
      vertex 114.83702635020018 1.1508125215768814 3.4142135623730923
    endloop
  endfacet
  facet normal 0.3392022559664449 -0.7171829262171118 0.6087614310137717
    outer loop
      vertex 114.83702635020018 1.1508125215768814 3.4142135623730923
      vertex 114.95880407094955 0.8568150550127029 3
      vertex 115.49470302462578 1.4618704169988632 3.4142135623730923
    endloop
  endfacet
  facet normal 0.40786513393614116 -0.6804818449911038 0.6087614402676609
    outer loop
      vertex 115.49470302462578 1.4618704169988632 3.4142135623730923
      vertex 116.29551769047976 1.571303367614746 3
      vertex 116.11872388422489 1.835894137620926 3.4142135623730923
    endloop
  endfacet
  facet normal 0.47260002736892975 -0.6372273804300871 0.6087614309079511
    outer loop
      vertex 116.11872388422489 1.835894137620926 3.4142135623730923
      vertex 116.29551769047976 1.571303367614746 3
      vertex 116.70307910442352 2.2692814990878105 3.4142135623730923
    endloop
  endfacet
  facet normal 0.5327835367053431 -0.5878360480090382 0.6087614341241255
    outer loop
      vertex 116.70307910442352 2.2692814990878105 3.4142135623730923
      vertex 117.4671570584178 2.5328429341316223 3
      vertex 117.24214114248753 2.7578588500618935 3.4142135623730923
    endloop
  endfacet
  facet normal 0.5878360480090382 -0.5327835367053431 0.6087614341241255
    outer loop
      vertex 117.4671570584178 2.5328429341316223 3
      vertex 117.73071849346161 3.2969208881258965 3.4142135623730923
      vertex 117.24214114248753 2.7578588500618935 3.4142135623730923
    endloop
  endfacet
  facet normal 0.6372273804300871 -0.47260002736892975 0.6087614309079511
    outer loop
      vertex 117.73071849346161 3.2969208881258965 3.4142135623730923
      vertex 118.42869662493467 3.704482302069664 3
      vertex 118.1641058549285 3.8812761083245277 3.4142135623730923
    endloop
  endfacet
  facet normal 0.6804818449911038 -0.40786513393614116 0.6087614402676609
    outer loop
      vertex 118.1641058549285 3.8812761083245277 3.4142135623730923
      vertex 118.42869662493467 3.704482302069664 3
      vertex 118.53812957555056 4.505296967923641 3.4142135623730923
    endloop
  endfacet
  facet normal 0.7171829262171118 -0.3392022559664449 0.6087614310137717
    outer loop
      vertex 118.53812957555056 4.505296967923641 3.4142135623730923
      vertex 119.14318493753672 5.041195921599865 3
      vertex 118.84918747097254 5.162973642349243 3.4142135623730923
    endloop
  endfacet
  facet normal 0.7469771254386561 -0.26727269214765453 0.6087614328318995
    outer loop
      vertex 118.84918747097254 5.162973642349243 3.4142135623730923
      vertex 119.14318493753672 5.041195921599865 3
      vertex 119.09428398311138 5.847972497344017 3.4142135623730923
    endloop
  endfacet
  facet normal 0.7695775353095536 -0.19276913381910107 0.6087614296204272
    outer loop
      vertex 119.09428398311138 5.847972497344017 3.4142135623730923
      vertex 119.39880206435919 5.755597926676273 3
      vertex 119.27105864137411 6.553696505725384 3.4142135623730923
    endloop
  endfacet
  facet normal 0.7847664881633893 -0.11640911780384913 0.6087614281045001
    outer loop
      vertex 119.27105864137411 6.553696505725384 3.4142135623730923
      vertex 119.58316467702389 6.491614751517773 3
      vertex 119.3778090402484 7.273349203169346 3.4142135623730923
    endloop
  endfacet
  facet normal 0.7923977102981321 -0.03892800473429328 0.6087614304156305
    outer loop
      vertex 119.3778090402484 7.273349203169346 3.4142135623730923
      vertex 119.73205080628395 8.006577730178833 3
      vertex 119.4142135605216 8.01438020914793 3.4142135623730923
    endloop
  endfacet
  facet normal 0.029870502898719207 -0.6080281501751906 0.7933533397239299
    outer loop
      vertex 111.98561979085207 0.5857864394783974 3.4142135623730923
      vertex 112.72665078938007 0.6221909523010254 3.4142135623730923
      vertex 112.68600175529718 1.0349070951342583 3.732050807568882
    endloop
  endfacet
  facet normal 0.029870501408465606 -0.6080281486941811 0.7933533409150891
    outer loop
      vertex 111.98561979085207 0.5857864394783974 3.4142135623730923
      vertex 112.68600175529718 1.0349070951342583 3.732050807568882
      vertex 111.97545136511326 1 3.732050807568882
    endloop
  endfacet
  facet normal 0 0 1
    outer loop
      vertex 98.18376618407359 17.81623381592643 4
      vertex 109.39074079797979 10.609259202020207 4
      vertex 109.65905721958126 10.852447031140006 4
    endloop
  endfacet
  facet normal 0 0 1
    outer loop
      vertex 98.18376618407359 17.81623381592643 4
      vertex 109.65905721958126 10.852447031140006 4
      vertex 109.94991819984762 11.068164236043765 4
    endloop
  endfacet
  facet normal 0 0 1
    outer loop
      vertex 98.18376618407359 17.81623381592643 4
      vertex 109.94991819984762 11.068164236043765 4
      vertex 110.2605225885381 11.254333342125244 4
    endloop
  endfacet
  facet normal 0 0 1
    outer loop
      vertex 98.18376618407359 17.81623381592643 4
      vertex 110.2605225885381 11.254333342125244 4
      vertex 110.58787909559607 11.40916143912249 4
    endloop
  endfacet
  facet normal 0 0 1
    outer loop
      vertex 98.18376618407359 17.81623381592643 4
      vertex 110.58787909559607 11.40916143912249 4
      vertex 110.92883509890731 11.531157447823768 4
    endloop
  endfacet
  facet normal 0 0 1
    outer loop
      vertex 98.18376618407359 17.81623381592643 4
      vertex 110.92883509890731 11.531157447823768 4
      vertex 111.28010700577431 11.619146479975498 4
    endloop
  endfacet
  facet normal 0.018777382099306395 -0.3822224715628239 0.9238795333558931
    outer loop
      vertex 111.97545136511326 1 3.732050807568882
      vertex 112.68600175529718 1.0349070951342583 3.732050807568882
      vertex 111.96361004561186 1.482361912727356 3.931851652578132
    endloop
  endfacet
  facet normal 0.01877738435279583 -0.3822224684747164 0.9238795345876873
    outer loop
      vertex 111.96361004561186 1.482361912727356 3.931851652578132
      vertex 112.68600175529718 1.0349070951342583 3.732050807568882
      vertex 112.63866506516933 1.5155252367258072 3.931851652578132
    endloop
  endfacet
  facet normal 0.0064046162953151934 -0.13036896960913927 0.9914448611260039
    outer loop
      vertex 111.96361004561186 1.482361912727356 3.931851652578132
      vertex 112.63866506516933 1.5155252367258072 3.931851652578132
      vertex 112.58786646276712 2.031292013823986 4
    endloop
  endfacet
  facet normal 0.006404615050337071 -0.13036896821704436 0.9914448613170983
    outer loop
      vertex 111.96361004561186 1.482361912727356 3.931851652578132
      vertex 112.58786646276712 2.031292013823986 4
      vertex 111.95090272277594 2 4
    endloop
  endfacet
  facet normal 0 0 1
    outer loop
      vertex 101.7425644815878 21.74276265516314 4
      vertex 114.34094278041874 10.852447031140006 4
      vertex 118 8.049097269773483 4
    endloop
  endfacet
  facet normal 0 0 1
    outer loop
      vertex 101.7425644815878 21.74276265516314 4
      vertex 111.28010700577431 11.619146479975498 4
      vertex 111.63831187570929 11.672281153098345 4
    endloop
  endfacet
  facet normal 0 0 1
    outer loop
      vertex 101.7425644815878 21.74276265516314 4
      vertex 111.63831187570929 11.672281153098345 4
      vertex 112 11.690049751243775 4
    endloop
  endfacet
  facet normal 0 0 1
    outer loop
      vertex 101.7425644815878 21.74276265516314 4
      vertex 112 11.690049751243775 4
      vertex 112.36168812429071 11.672281153098345 4
    endloop
  endfacet
  facet normal 0 0 1
    outer loop
      vertex 101.7425644815878 21.74276265516314 4
      vertex 118 8.049097269773483 4
      vertex 104.89935906433743 25.99920741694148 4
    endloop
  endfacet
  facet normal 0 0 1
    outer loop
      vertex 101.7425644815878 21.74276265516314 4
      vertex 112.36168812429071 11.672281153098345 4
      vertex 112.71989299422569 11.619146479975498 4
    endloop
  endfacet
  facet normal 0 0 1
    outer loop
      vertex 101.7425644815878 21.74276265516314 4
      vertex 112.71989299422569 11.619146479975498 4
      vertex 113.07116490109269 11.531157447823773 4
    endloop
  endfacet
  facet normal 0 0 1
    outer loop
      vertex 101.7425644815878 21.74276265516314 4
      vertex 113.07116490109269 11.531157447823773 4
      vertex 113.41212090440393 11.40916143912249 4
    endloop
  endfacet
  facet normal 0 0 1
    outer loop
      vertex 101.7425644815878 21.74276265516314 4
      vertex 113.41212090440393 11.40916143912249 4
      vertex 113.7394774114619 11.254333342125244 4
    endloop
  endfacet
  facet normal 0 0 1
    outer loop
      vertex 101.7425644815878 21.74276265516314 4
      vertex 113.7394774114619 11.254333342125244 4
      vertex 114.05008180015238 11.068164236043765 4
    endloop
  endfacet
  facet normal 0 0 1
    outer loop
      vertex 101.7425644815878 21.74276265516314 4
      vertex 114.05008180015238 11.068164236043765 4
      vertex 114.34094278041874 10.852447031140006 4
    endloop
  endfacet
  facet normal 0 0 1
    outer loop
      vertex 104.89935906433743 25.99920741694148 4
      vertex 118 8.049097269773483 4
      vertex 107.62374827481119 30.544576211396127 4
    endloop
  endfacet
  facet normal 0 0 1
    outer loop
      vertex 118 8.049097269773483 4
      vertex 109.88949475560946 35.33509465228515 4
      vertex 107.62374827481119 30.544576211396127 4
    endloop
  endfacet
  facet normal 0.08932385752070089 -0.6021725041662463 0.7933533410175907
    outer loop
      vertex 112.72665078938007 0.6221909523010254 3.4142135623730923
      vertex 113.44630348682404 0.7289413511753082 3.4142135623730923
      vertex 113.36539699137211 1.1356858611106873 3.732050807568882
    endloop
  endfacet
  facet normal 0.14791695908702834 -0.5905176132165606 0.7933533397518806
    outer loop
      vertex 113.36539699137211 1.1356858611106873 3.732050807568882
      vertex 113.44630348682404 0.7289413511753082 3.4142135623730923
      vertex 114.1520274952054 0.9057160094380379 3.4142135623730923
    endloop
  endfacet
  facet normal 0.20508555059835798 -0.5731757098863415 0.7933533402791324
    outer loop
      vertex 114.1520274952054 0.9057160094380379 3.4142135623730923
      vertex 114.83702635020018 1.1508125215768814 3.4142135623730923
      vertex 114.6783225312829 1.5339574739336967 3.732050807568882
    endloop
  endfacet
  facet normal 0.2602790464702067 -0.5503138168956291 0.7933533392520158
    outer loop
      vertex 114.83702635020018 1.1508125215768814 3.4142135623730923
      vertex 115.49470302462578 1.4618704169988632 3.4142135623730923
      vertex 114.6783225312829 1.5339574739336967 3.732050807568882
    endloop
  endfacet
  facet normal 0.3129659300511224 -0.5221520933777304 0.7933533374282167
    outer loop
      vertex 115.49470302462578 1.4618704169988632 3.4142135623730923
      vertex 116.11872388422489 1.835894137620926 3.4142135623730923
      vertex 115.88832162320614 2.1807154715061188 3.732050807568882
    endloop
  endfacet
  facet normal 0.3626387579415075 -0.48896176974847 0.793353338029837
    outer loop
      vertex 115.88832162320614 2.1807154715061188 3.732050807568882
      vertex 116.11872388422489 1.835894137620926 3.4142135623730923
      vertex 116.70307910442352 2.2692814990878105 3.4142135623730923
    endloop
  endfacet
  facet normal 0.08932385519539097 -0.6021725023085599 0.7933533426894224
    outer loop
      vertex 112.72665078938007 0.6221909523010254 3.4142135623730923
      vertex 113.36539699137211 1.1356858611106873 3.732050807568882
      vertex 112.68600175529718 1.0349070951342583 3.732050807568882
    endloop
  endfacet
  facet normal 0.14791696012702593 -0.5905176113309518 0.7933533409614955
    outer loop
      vertex 113.36539699137211 1.1356858611106873 3.732050807568882
      vertex 114.1520274952054 0.9057160094380379 3.4142135623730923
      vertex 114.03164263814688 1.3025717064738274 3.732050807568882
    endloop
  endfacet
  facet normal 0.20508554979499485 -0.573175709470428 0.7933533407872915
    outer loop
      vertex 114.03164263814688 1.3025717064738274 3.732050807568882
      vertex 114.1520274952054 0.9057160094380379 3.4142135623730923
      vertex 114.6783225312829 1.5339574739336967 3.732050807568882
    endloop
  endfacet
  facet normal 0.260279049004264 -0.5503138089211302 0.79335334395221
    outer loop
      vertex 114.6783225312829 1.5339574739336967 3.732050807568882
      vertex 115.49470302462578 1.4618704169988632 3.4142135623730923
      vertex 115.29920863360167 1.8276147320866585 3.732050807568882
    endloop
  endfacet
  facet normal 0.3129659209439794 -0.5221520907454199 0.7933533427533241
    outer loop
      vertex 115.29920863360167 1.8276147320866585 3.732050807568882
      vertex 115.49470302462578 1.4618704169988632 3.4142135623730923
      vertex 115.88832162320614 2.1807154715061188 3.732050807568882
    endloop
  endfacet
  facet normal 0.4088191875911615 -0.4510624653868813 0.7933533413154641
    outer loop
      vertex 116.70307910442352 2.2692814990878105 3.4142135623730923
      vertex 117.24214114248753 2.7578588500618935 3.4142135623730923
      vertex 116.94889469444752 3.051105298101902 3.732050807568882
    endloop
  endfacet
  facet normal 0.4510624653868814 -0.4088191875911615 0.7933533413154641
    outer loop
      vertex 116.94889469444752 3.051105298101902 3.732050807568882
      vertex 117.24214114248753 2.7578588500618935 3.4142135623730923
      vertex 117.73071849346161 3.2969208881258965 3.4142135623730923
    endloop
  endfacet
  facet normal 0.48896176974847 -0.3626387579415075 0.793353338029837
    outer loop
      vertex 117.73071849346161 3.2969208881258965 3.4142135623730923
      vertex 118.1641058549285 3.8812761083245277 3.4142135623730923
      vertex 117.8192845210433 4.111678369343281 3.732050807568882
    endloop
  endfacet
  facet normal 0.5221520933777304 -0.3129659300511224 0.7933533374282168
    outer loop
      vertex 117.8192845210433 4.111678369343281 3.732050807568882
      vertex 118.1641058549285 3.8812761083245277 3.4142135623730923
      vertex 118.53812957555056 4.505296967923641 3.4142135623730923
    endloop
  endfacet
  facet normal 0.5503138168956291 -0.2602790464702067 0.7933533392520158
    outer loop
      vertex 118.53812957555056 4.505296967923641 3.4142135623730923
      vertex 118.84918747097254 5.162973642349243 3.4142135623730923
      vertex 118.46604251861572 5.321677461266518 3.732050807568882
    endloop
  endfacet
  facet normal 0.5731757098863415 -0.20508555059835798 0.7933533402791324
    outer loop
      vertex 118.84918747097254 5.162973642349243 3.4142135623730923
      vertex 119.09428398311138 5.847972497344017 3.4142135623730923
      vertex 118.46604251861572 5.321677461266518 3.732050807568882
    endloop
  endfacet
  facet normal 0.5905176132165606 -0.14791695908702834 0.7933533397518806
    outer loop
      vertex 118.86431413143873 6.634603001177311 3.732050807568882
      vertex 119.09428398311138 5.847972497344017 3.4142135623730923
      vertex 119.27105864137411 6.553696505725384 3.4142135623730923
    endloop
  endfacet
  facet normal 0.6021725041662463 -0.08932385752070088 0.7933533410175907
    outer loop
      vertex 118.86431413143873 6.634603001177311 3.732050807568882
      vertex 119.27105864137411 6.553696505725384 3.4142135623730923
      vertex 119.3778090402484 7.273349203169346 3.4142135623730923
    endloop
  endfacet
  facet normal 0.3626387588036253 -0.4889617620366373 0.7933533423887449
    outer loop
      vertex 115.88832162320614 2.1807154715061188 3.732050807568882
      vertex 116.70307910442352 2.2692814990878105 3.4142135623730923
      vertex 116.43998789042234 2.5898590609431267 3.732050807568882
    endloop
  endfacet
  facet normal 0.40881918482724466 -0.45106246515132453 0.7933533428736512
    outer loop
      vertex 116.43998789042234 2.5898590609431267 3.732050807568882
      vertex 116.70307910442352 2.2692814990878105 3.4142135623730923
      vertex 116.94889469444752 3.051105298101902 3.732050807568882
    endloop
  endfacet
  facet normal 0.45106246515132453 -0.40881918482724466 0.7933533428736512
    outer loop
      vertex 116.94889469444752 3.051105298101902 3.732050807568882
      vertex 117.73071849346161 3.2969208881258965 3.4142135623730923
      vertex 117.41014093160629 3.560012102127075 3.732050807568882
    endloop
  endfacet
  facet normal 0.4889617620366373 -0.3626387588036253 0.7933533423887449
    outer loop
      vertex 117.73071849346161 3.2969208881258965 3.4142135623730923
      vertex 117.8192845210433 4.111678369343281 3.732050807568882
      vertex 117.41014093160629 3.560012102127075 3.732050807568882
    endloop
  endfacet
  facet normal 0.5221520907454199 -0.3129659209439794 0.7933533427533241
    outer loop
      vertex 117.8192845210433 4.111678369343281 3.732050807568882
      vertex 118.53812957555056 4.505296967923641 3.4142135623730923
      vertex 118.17238526046276 4.700791358947754 3.732050807568882
    endloop
  endfacet
  facet normal 0.5503138089211302 -0.260279049004264 0.79335334395221
    outer loop
      vertex 118.17238526046276 4.700791358947754 3.732050807568882
      vertex 118.53812957555056 4.505296967923641 3.4142135623730923
      vertex 118.46604251861572 5.321677461266518 3.732050807568882
    endloop
  endfacet
  facet normal 0.573175709470428 -0.20508554979499485 0.7933533407872915
    outer loop
      vertex 118.46604251861572 5.321677461266518 3.732050807568882
      vertex 119.09428398311138 5.847972497344017 3.4142135623730923
      vertex 118.69742828607559 5.968357354402542 3.732050807568882
    endloop
  endfacet
  facet normal 0.5905176113309518 -0.14791696012702593 0.7933533409614955
    outer loop
      vertex 118.69742828607559 5.968357354402542 3.732050807568882
      vertex 119.09428398311138 5.847972497344017 3.4142135623730923
      vertex 118.86431413143873 6.634603001177311 3.732050807568882
    endloop
  endfacet
  facet normal 0.6080281497109934 -0.029870508688910516 0.7933533398616858
    outer loop
      vertex 118.96509289741516 7.313998237252235 3.732050807568882
      vertex 119.3778090402484 7.273349203169346 3.4142135623730923
      vertex 119.4142135605216 8.01438020914793 3.4142135623730923
    endloop
  endfacet
  facet normal 0.6021725023085599 -0.08932385519539096 0.7933533426894224
    outer loop
      vertex 118.86431413143873 6.634603001177311 3.732050807568882
      vertex 119.3778090402484 7.273349203169346 3.4142135623730923
      vertex 118.96509289741516 7.313998237252235 3.732050807568882
    endloop
  endfacet
  facet normal 0.6080281488177635 -0.029870507790105343 0.7933533405801004
    outer loop
      vertex 118.96509289741516 7.313998237252235 3.732050807568882
      vertex 119.4142135605216 8.01438020914793 3.4142135623730923
      vertex 119 8.024548627436161 3.732050807568882
    endloop
  endfacet
  facet normal 0.05615132302484748 -0.3785414615149009 0.9238795326430399
    outer loop
      vertex 112.68600175529718 1.0349070951342583 3.732050807568882
      vertex 113.36539699137211 1.1356858611106873 3.732050807568882
      vertex 113.2711792960763 1.609349861741066 3.931851652578132
    endloop
  endfacet
  facet normal 0.09298448854182567 -0.37121488987736917 0.9238795324196482
    outer loop
      vertex 113.36539699137211 1.1356858611106873 3.732050807568882
      vertex 114.03164263814688 1.3025717064738274 3.732050807568882
      vertex 113.891451574862 1.764719970524311 3.931851652578132
    endloop
  endfacet
  facet normal 0.12892216812232613 -0.36031331926528304 0.9238795303104581
    outer loop
      vertex 114.03164263814688 1.3025717064738274 3.732050807568882
      vertex 114.6783225312829 1.5339574739336967 3.732050807568882
      vertex 113.891451574862 1.764719970524311 3.931851652578132
    endloop
  endfacet
  facet normal 0.056151322628718574 -0.3785414611690334 0.9238795328088283
    outer loop
      vertex 112.68600175529718 1.0349070951342583 3.732050807568882
      vertex 113.2711792960763 1.609349861741066 3.931851652578132
      vertex 112.63866506516933 1.5155252367258072 3.931851652578132
    endloop
  endfacet
  facet normal 0.09298448309013853 -0.37121488598874425 0.9238795345307869
    outer loop
      vertex 113.36539699137211 1.1356858611106873 3.732050807568882
      vertex 113.891451574862 1.764719970524311 3.931851652578132
      vertex 113.2711792960763 1.609349861741066 3.931851652578132
    endloop
  endfacet
  facet normal 0.12892217045245383 -0.36031331311507514 0.9238795323838852
    outer loop
      vertex 113.891451574862 1.764719970524311 3.931851652578132
      vertex 114.6783225312829 1.5339574739336967 3.732050807568882
      vertex 114.49350795149803 1.9801391959190369 3.931851652578132
    endloop
  endfacet
  facet normal 0.16361825052202647 -0.3459417229248943 0.9238795335084911
    outer loop
      vertex 114.6783225312829 1.5339574739336967 3.732050807568882
      vertex 115.29920863360167 1.8276147320866585 3.732050807568882
      vertex 115.07155056297779 2.2535329908132553 3.931851652578132
    endloop
  endfacet
  facet normal 0.19673860293204332 -0.32823852687043054 0.9238795330530261
    outer loop
      vertex 115.29920863360167 1.8276147320866585 3.732050807568882
      vertex 115.88832162320614 2.1807154715061188 3.732050807568882
      vertex 115.6200125515461 2.5822684541344643 3.931851652578132
    endloop
  endfacet
  facet normal 0.22796425587129618 -0.307374216148143 0.9238795318072378
    outer loop
      vertex 115.88832162320614 2.1807154715061188 3.732050807568882
      vertex 116.43998789042234 2.5898590609431267 3.732050807568882
      vertex 115.6200125515461 2.5822684541344643 3.931851652578132
    endloop
  endfacet
  facet normal 0.1636182496980435 -0.34594172255372024 0.9238795337934019
    outer loop
      vertex 114.6783225312829 1.5339574739336967 3.732050807568882
      vertex 115.07155056297779 2.2535329908132553 3.931851652578132
      vertex 114.49350795149803 1.9801391959190369 3.931851652578132
    endloop
  endfacet
  facet normal 0.19673860023221895 -0.32823852596053693 0.9238795339512188
    outer loop
      vertex 115.29920863360167 1.8276147320866585 3.732050807568882
      vertex 115.6200125515461 2.5822684541344643 3.931851652578132
      vertex 115.07155056297779 2.2535329908132553 3.931851652578132
    endloop
  endfacet
  facet normal 0.22796425587895974 -0.30737421603500714 0.923879531842987
    outer loop
      vertex 115.6200125515461 2.5822684541344643 3.931851652578132
      vertex 116.43998789042234 2.5898590609431267 3.732050807568882
      vertex 116.13361167907715 2.9631795287132263 3.931851652578132
    endloop
  endfacet
  facet normal 0.019152170745631258 -0.12911344487016796 0.9914448611544106
    outer loop
      vertex 112.63866506516933 1.5155252367258072 3.931851652578132
      vertex 113.2711792960763 1.609349861741066 3.931851652578132
      vertex 112.58786646276712 2.031292013823986 4
    endloop
  endfacet
  facet normal 0.019152171661090844 -0.1291134434153727 0.9914448613261806
    outer loop
      vertex 113.2711792960763 1.609349861741066 3.931851652578132
      vertex 113.17007135599852 2.1176539584994316 4
      vertex 112.58786646276712 2.031292013823986 4
    endloop
  endfacet
  facet normal 0.03171527623922085 -0.12661448729925248 0.9914448612298201
    outer loop
      vertex 113.2711792960763 1.609349861741066 3.931851652578132
      vertex 113.891451574862 1.764719970524311 3.931851652578132
      vertex 113.17007135599852 2.1176539584994316 4
    endloop
  endfacet
  facet normal 0.04397295116684608 -0.122896160270719 0.9914448614806533
    outer loop
      vertex 113.891451574862 1.764719970524311 3.931851652578132
      vertex 114.49350795149803 1.9801391959190369 3.931851652578132
      vertex 114.29517758637667 2.4589512050151825 4
    endloop
  endfacet
  facet normal 0.03171527698349349 -0.12661448581011825 0.9914448613961846
    outer loop
      vertex 113.17007135599852 2.1176539584994316 4
      vertex 113.891451574862 1.764719970524311 3.931851652578132
      vertex 113.74100787937641 2.260666109621525 4
    endloop
  endfacet
  facet normal 0.043972949803714204 -0.12289615949339117 0.9914448616374664
    outer loop
      vertex 113.891451574862 1.764719970524311 3.931851652578132
      vertex 114.29517758637667 2.4589512050151825 4
      vertex 113.74100787937641 2.260666109621525 4
    endloop
  endfacet
  facet normal 0 0 1
    outer loop
      vertex 113.17007135599852 2.1176539584994316 4
      vertex 113.74100787937641 2.260666109621525 4
      vertex 114.82724341005087 2.7105995938181877 4
    endloop
  endfacet
  facet normal 0 0 1
    outer loop
      vertex 112.58786646276712 2.031292013823986 4
      vertex 113.17007135599852 2.1176539584994316 4
      vertex 116.24093514680862 3.759064845740795 4
    endloop
  endfacet
  facet normal 0 0 1
    outer loop
      vertex 113.74100787937641 2.260666109621525 4
      vertex 114.29517758637667 2.4589512050151825 4
      vertex 114.82724341005087 2.7105995938181877 4
    endloop
  endfacet
  facet normal 0 0 1
    outer loop
      vertex 111.63831187570929 4.3277188469016545 4
      vertex 116.24093514680862 3.759064845740795 4
      vertex 112 4.309950248756224 4
    endloop
  endfacet
  facet normal 0 0 1
    outer loop
      vertex 112 4.309950248756224 4
      vertex 116.24093514680862 3.759064845740795 4
      vertex 112.36168812429071 4.3277188469016545 4
    endloop
  endfacet
  facet normal 0 0 1
    outer loop
      vertex 112.36168812429071 4.3277188469016545 4
      vertex 116.24093514680862 3.759064845740795 4
      vertex 112.71989299422569 4.380853520024503 4
    endloop
  endfacet
  facet normal 0 0 1
    outer loop
      vertex 112.71989299422569 4.380853520024503 4
      vertex 116.24093514680862 3.759064845740795 4
      vertex 113.07116490109269 4.468842552176227 4
    endloop
  endfacet
  facet normal 0 0 1
    outer loop
      vertex 113.07116490109269 4.468842552176227 4
      vertex 116.24093514680862 3.759064845740795 4
      vertex 113.41212090440393 4.5908385608775095 4
    endloop
  endfacet
  facet normal 0.05580713919205804 -0.1179942818024574 0.9914448611380868
    outer loop
      vertex 114.49350795149803 1.9801391959190369 3.931851652578132
      vertex 115.07155056297779 2.2535329908132553 3.931851652578132
      vertex 114.82724341005087 2.7105995938181877 4
    endloop
  endfacet
  facet normal 0.06710387468135663 -0.11195605176437558 0.9914448610366999
    outer loop
      vertex 114.82724341005087 2.7105995938181877 4
      vertex 115.07155056297779 2.2535329908132553 3.931851652578132
      vertex 115.6200125515461 2.5822684541344643 3.931851652578132
    endloop
  endfacet
  facet normal 0.05580713781578874 -0.11799428118771545 0.9914448612887172
    outer loop
      vertex 114.29517758637667 2.4589512050151825 4
      vertex 114.49350795149803 1.9801391959190369 3.931851652578132
      vertex 114.82724341005087 2.7105995938181877 4
    endloop
  endfacet
  facet normal 0 0 1
    outer loop
      vertex 113.17007135599852 2.1176539584994316 4
      vertex 114.82724341005087 2.7105995938181877 4
      vertex 116.24093514680862 3.759064845740795 4
    endloop
  endfacet
  facet normal 0.06710387477477299 -0.11195605121677316 0.9914448610922136
    outer loop
      vertex 114.82724341005087 2.7105995938181877 4
      vertex 115.6200125515461 2.5822684541344643 3.931851652578132
      vertex 115.3320813626051 3.0131878182291985 4
    endloop
  endfacet
  facet normal 0.0777543624414509 -0.10483962104757594 0.9914448612907952
    outer loop
      vertex 115.6200125515461 2.5822684541344643 3.931851652578132
      vertex 116.13361167907715 2.9631795287132263 3.931851652578132
      vertex 115.3320813626051 3.0131878182291985 4
    endloop
  endfacet
  facet normal 0.07775436248945905 -0.10483962037053587 0.9914448613586233
    outer loop
      vertex 115.3320813626051 3.0131878182291985 4
      vertex 116.13361167907715 2.9631795287132263 3.931851652578132
      vertex 115.80482951551676 3.363801747560501 4
    endloop
  endfacet
  facet normal 0 0 1
    outer loop
      vertex 114.82724341005087 2.7105995938181877 4
      vertex 115.3320813626051 3.0131878182291985 4
      vertex 116.24093514680862 3.759064845740795 4
    endloop
  endfacet
  facet normal 0.08765603247703199 -0.0967135296867493 0.9914448613745073
    outer loop
      vertex 115.80482951551676 3.363801747560501 4
      vertex 116.13361167907715 2.9631795287132263 3.931851652578132
      vertex 116.24093514680862 3.759064845740795 4
    endloop
  endfacet
  facet normal 0 0 1
    outer loop
      vertex 115.3320813626051 3.0131878182291985 4
      vertex 115.80482951551676 3.363801747560501 4
      vertex 116.24093514680862 3.759064845740795 4
    endloop
  endfacet
  facet normal 0 0 1
    outer loop
      vertex 113.41212090440393 4.5908385608775095 4
      vertex 116.24093514680862 3.759064845740795 4
      vertex 113.7394774114619 4.7456666578747555 4
    endloop
  endfacet
  facet normal 0 0 1
    outer loop
      vertex 113.7394774114619 4.7456666578747555 4
      vertex 116.24093514680862 3.759064845740795 4
      vertex 114.05008180015238 4.931835763956234 4
    endloop
  endfacet
  facet normal 0 0 1
    outer loop
      vertex 114.05008180015238 4.931835763956234 4
      vertex 116.24093514680862 3.759064845740795 4
      vertex 114.34094278041874 5.147552968859994 4
    endloop
  endfacet
  facet normal 0 0 1
    outer loop
      vertex 114.34094278041874 5.147552968859994 4
      vertex 116.24093514680862 3.759064845740795 4
      vertex 114.60925920202021 5.3907407979797926 4
    endloop
  endfacet
  facet normal 0 0 1
    outer loop
      vertex 114.60925920202021 5.3907407979797926 4
      vertex 116.24093514680862 3.759064845740795 4
      vertex 114.85244703114 5.659057219581219 4
    endloop
  endfacet
  facet normal 0 0 1
    outer loop
      vertex 114.85244703114 5.659057219581219 4
      vertex 116.24093514680862 3.759064845740795 4
      vertex 115.0681642360438 5.949918199847571 4
    endloop
  endfacet
  facet normal 0 0 1
    outer loop
      vertex 115.0681642360438 5.949918199847571 4
      vertex 116.24093514680862 3.759064845740795 4
      vertex 115.25433334212528 6.2605225885381 4
    endloop
  endfacet
  facet normal 0 0 1
    outer loop
      vertex 115.25433334212528 6.2605225885381 4
      vertex 116.24093514680862 3.759064845740795 4
      vertex 115.4091614391225 6.587879095596086 4
    endloop
  endfacet
  facet normal 0 0 1
    outer loop
      vertex 116.24093514680862 3.759064845740795 4
      vertex 115.53115744782377 6.9288350989072915 4
      vertex 115.4091614391225 6.587879095596086 4
    endloop
  endfacet
  facet normal 0 0 1
    outer loop
      vertex 114.34094278041874 10.852447031140006 4
      vertex 114.60925920202021 10.609259202020207 4
      vertex 118 8.049097269773483 4
    endloop
  endfacet
  facet normal 0 0 1
    outer loop
      vertex 114.85244703114 10.340942780418782 4
      vertex 118 8.049097269773483 4
      vertex 114.60925920202021 10.609259202020207 4
    endloop
  endfacet
  facet normal 0 0 1
    outer loop
      vertex 115.0681642360438 10.05008180015243 4
      vertex 118 8.049097269773483 4
      vertex 114.85244703114 10.340942780418782 4
    endloop
  endfacet
  facet normal 0 0 1
    outer loop
      vertex 115.25433334212528 9.7394774114619 4
      vertex 115.4091614391225 9.412120904403913 4
      vertex 118 8.049097269773483 4
    endloop
  endfacet
  facet normal 0 0 1
    outer loop
      vertex 115.0681642360438 10.05008180015243 4
      vertex 115.25433334212528 9.7394774114619 4
      vertex 118 8.049097269773483 4
    endloop
  endfacet
  facet normal 0.2569944849822848 -0.28354972131601197 0.923879532314848
    outer loop
      vertex 116.13361167907715 2.9631795287132263 3.931851652578132
      vertex 116.43998789042234 2.5898590609431267 3.732050807568882
      vertex 116.94889469444752 3.051105298101902 3.732050807568882
    endloop
  endfacet
  facet normal 0.28354972131601197 -0.2569944849822848 0.923879532314848
    outer loop
      vertex 116.94889469444752 3.051105298101902 3.732050807568882
      vertex 117.41014093160629 3.560012102127075 3.732050807568882
      vertex 117.0368204638362 3.866388313472271 3.931851652578132
    endloop
  endfacet
  facet normal 0.2569944849809714 -0.28354972127302136 0.9238795323284076
    outer loop
      vertex 116.13361167907715 2.9631795287132263 3.931851652578132
      vertex 116.94889469444752 3.051105298101902 3.732050807568882
      vertex 116.60740197449923 3.392598018050194 3.931851652578132
    endloop
  endfacet
  facet normal 0.28354972127302136 -0.2569944849809714 0.9238795323284076
    outer loop
      vertex 116.94889469444752 3.051105298101902 3.732050807568882
      vertex 117.0368204638362 3.866388313472271 3.931851652578132
      vertex 116.60740197449923 3.392598018050194 3.931851652578132
    endloop
  endfacet
  facet normal 0.307374216148143 -0.22796425587129618 0.9238795318072378
    outer loop
      vertex 117.41014093160629 3.560012102127075 3.732050807568882
      vertex 117.8192845210433 4.111678369343281 3.732050807568882
      vertex 117.41773153841496 4.379987441003323 3.931851652578132
    endloop
  endfacet
  facet normal 0.32823852687043054 -0.19673860293204332 0.9238795330530261
    outer loop
      vertex 117.8192845210433 4.111678369343281 3.732050807568882
      vertex 118.17238526046276 4.700791358947754 3.732050807568882
      vertex 117.41773153841496 4.379987441003323 3.931851652578132
    endloop
  endfacet
  facet normal 0.30737421603500714 -0.22796425587895974 0.923879531842987
    outer loop
      vertex 117.41014093160629 3.560012102127075 3.732050807568882
      vertex 117.41773153841496 4.379987441003323 3.931851652578132
      vertex 117.0368204638362 3.866388313472271 3.931851652578132
    endloop
  endfacet
  facet normal 0.32823852596053693 -0.19673860023221895 0.9238795339512188
    outer loop
      vertex 117.41773153841496 4.379987441003323 3.931851652578132
      vertex 118.17238526046276 4.700791358947754 3.732050807568882
      vertex 117.74646700173616 4.928449429571629 3.931851652578132
    endloop
  endfacet
  facet normal 0.34594172255372024 -0.16361824969804353 0.9238795337934019
    outer loop
      vertex 117.74646700173616 4.928449429571629 3.931851652578132
      vertex 118.46604251861572 5.321677461266518 3.732050807568882
      vertex 118.01986079663038 5.506492041051388 3.931851652578132
    endloop
  endfacet
  facet normal 0.3459417229248943 -0.16361825052202647 0.9238795335084911
    outer loop
      vertex 117.74646700173616 4.928449429571629 3.931851652578132
      vertex 118.17238526046276 4.700791358947754 3.732050807568882
      vertex 118.46604251861572 5.321677461266518 3.732050807568882
    endloop
  endfacet
  facet normal 0.36031331926528304 -0.12892216812232613 0.9238795303104581
    outer loop
      vertex 118.46604251861572 5.321677461266518 3.732050807568882
      vertex 118.69742828607559 5.968357354402542 3.732050807568882
      vertex 118.23528002202511 6.108548417687416 3.931851652578132
    endloop
  endfacet
  facet normal 0.37121488987736917 -0.09298448854182567 0.9238795324196482
    outer loop
      vertex 118.69742828607559 5.968357354402542 3.732050807568882
      vertex 118.86431413143873 6.634603001177311 3.732050807568882
      vertex 118.23528002202511 6.108548417687416 3.931851652578132
    endloop
  endfacet
  facet normal 0.3785414615149009 -0.05615132302484748 0.9238795326430399
    outer loop
      vertex 118.86431413143873 6.634603001177311 3.732050807568882
      vertex 118.96509289741516 7.313998237252235 3.732050807568882
      vertex 118.39065013080835 6.728820696473122 3.931851652578132
    endloop
  endfacet
  facet normal 0.36031331311507514 -0.12892217045245383 0.9238795323838852
    outer loop
      vertex 118.01986079663038 5.506492041051388 3.931851652578132
      vertex 118.46604251861572 5.321677461266518 3.732050807568882
      vertex 118.23528002202511 6.108548417687416 3.931851652578132
    endloop
  endfacet
  facet normal 0.37121488598874425 -0.09298448309013853 0.9238795345307869
    outer loop
      vertex 118.86431413143873 6.634603001177311 3.732050807568882
      vertex 118.39065013080835 6.728820696473122 3.931851652578132
      vertex 118.23528002202511 6.108548417687416 3.931851652578132
    endloop
  endfacet
  facet normal 0.08765603317702785 -0.09671352977510501 0.9914448613039999
    outer loop
      vertex 116.13361167907715 2.9631795287132263 3.931851652578132
      vertex 116.60740197449923 3.392598018050194 3.931851652578132
      vertex 116.24093514680862 3.759064845740795 4
    endloop
  endfacet
  facet normal 0.09671352977510501 -0.08765603317702785 0.9914448613039999
    outer loop
      vertex 116.24093514680862 3.759064845740795 4
      vertex 116.60740197449923 3.392598018050194 3.931851652578132
      vertex 117.0368204638362 3.866388313472271 3.931851652578132
    endloop
  endfacet
  facet normal 0.10483962104757594 -0.0777543624414509 0.9914448612907952
    outer loop
      vertex 117.0368204638362 3.866388313472271 3.931851652578132
      vertex 117.41773153841496 4.379987441003323 3.931851652578132
      vertex 116.98681217432022 4.6679186299443245 4
    endloop
  endfacet
  facet normal 0.0967135296867493 -0.08765603247703199 0.9914448613745073
    outer loop
      vertex 116.24093514680862 3.759064845740795 4
      vertex 117.0368204638362 3.866388313472271 3.931851652578132
      vertex 116.63619824498892 4.195170477032661 4
    endloop
  endfacet
  facet normal 0 0 1
    outer loop
      vertex 116.24093514680862 3.759064845740795 4
      vertex 116.63619824498892 4.195170477032661 4
      vertex 116.98681217432022 4.6679186299443245 4
    endloop
  endfacet
  facet normal 0.10483962037053587 -0.07775436248945905 0.9914448613586233
    outer loop
      vertex 116.63619824498892 4.195170477032661 4
      vertex 117.0368204638362 3.866388313472271 3.931851652578132
      vertex 116.98681217432022 4.6679186299443245 4
    endloop
  endfacet
  facet normal 0 0 1
    outer loop
      vertex 116.24093514680862 3.759064845740795 4
      vertex 116.98681217432022 4.6679186299443245 4
      vertex 117.54104878753424 5.704822406172752 4
    endloop
  endfacet
  facet normal 0 0 1
    outer loop
      vertex 116.24093514680862 3.759064845740795 4
      vertex 118 8.049097269773483 4
      vertex 115.53115744782377 6.9288350989072915 4
    endloop
  endfacet
  facet normal 0.11195605176437558 -0.06710387468135663 0.9914448610366999
    outer loop
      vertex 117.41773153841496 4.379987441003323 3.931851652578132
      vertex 117.74646700173616 4.928449429571629 3.931851652578132
      vertex 117.28940039873123 5.17275658249855 4
    endloop
  endfacet
  facet normal 0.1179942818024574 -0.05580713919205804 0.9914448611380868
    outer loop
      vertex 117.28940039873123 5.17275658249855 4
      vertex 117.74646700173616 4.928449429571629 3.931851652578132
      vertex 118.01986079663038 5.506492041051388 3.931851652578132
    endloop
  endfacet
  facet normal 0.11195605121677316 -0.06710387477477299 0.9914448610922136
    outer loop
      vertex 116.98681217432022 4.6679186299443245 4
      vertex 117.41773153841496 4.379987441003323 3.931851652578132
      vertex 117.28940039873123 5.17275658249855 4
    endloop
  endfacet
  facet normal 0 0 1
    outer loop
      vertex 116.98681217432022 4.6679186299443245 4
      vertex 117.28940039873123 5.17275658249855 4
      vertex 117.54104878753424 5.704822406172752 4
    endloop
  endfacet
  facet normal 0.122896160270719 -0.043972951166846075 0.9914448614806533
    outer loop
      vertex 117.54104878753424 5.704822406172752 4
      vertex 118.01986079663038 5.506492041051388 3.931851652578132
      vertex 118.23528002202511 6.108548417687416 3.931851652578132
    endloop
  endfacet
  facet normal 0.11799428118771545 -0.05580713781578874 0.9914448612887172
    outer loop
      vertex 117.28940039873123 5.17275658249855 4
      vertex 118.01986079663038 5.506492041051388 3.931851652578132
      vertex 117.54104878753424 5.704822406172752 4
    endloop
  endfacet
  facet normal 0 0 1
    outer loop
      vertex 116.24093514680862 3.759064845740795 4
      vertex 117.54104878753424 5.704822406172752 4
      vertex 118 8.049097269773483 4
    endloop
  endfacet
  facet normal 0.12289615949339117 -0.04397294980371419 0.9914448616374664
    outer loop
      vertex 117.54104878753424 5.704822406172752 4
      vertex 118.23528002202511 6.108548417687416 3.931851652578132
      vertex 117.7393338829279 6.258992113173008 4
    endloop
  endfacet
  facet normal 0.12661448581011825 -0.03171527698349349 0.9914448613961846
    outer loop
      vertex 117.7393338829279 6.258992113173008 4
      vertex 118.23528002202511 6.108548417687416 3.931851652578132
      vertex 117.88234603404999 6.829928636550903 4
    endloop
  endfacet
  facet normal 0.1291134434153727 -0.01915217166109085 0.9914448613261806
    outer loop
      vertex 117.88234603404999 6.829928636550903 4
      vertex 118.39065013080835 6.728820696473122 3.931851652578132
      vertex 117.96870797872543 7.412133529782295 4
    endloop
  endfacet
  facet normal 0 0 1
    outer loop
      vertex 117.54104878753424 5.704822406172752 4
      vertex 117.7393338829279 6.258992113173008 4
      vertex 117.96870797872543 7.412133529782295 4
    endloop
  endfacet
  facet normal 0 0 1
    outer loop
      vertex 117.7393338829279 6.258992113173008 4
      vertex 117.88234603404999 6.829928636550903 4
      vertex 117.96870797872543 7.412133529782295 4
    endloop
  endfacet
  facet normal 0.12661448729925248 -0.03171527623922085 0.9914448612298201
    outer loop
      vertex 117.88234603404999 6.829928636550903 4
      vertex 118.23528002202511 6.108548417687416 3.931851652578132
      vertex 118.39065013080835 6.728820696473122 3.931851652578132
    endloop
  endfacet
  facet normal 0.3822224712029183 -0.018777386089475295 0.9238795334236933
    outer loop
      vertex 118.96509289741516 7.313998237252235 3.732050807568882
      vertex 119 8.024548627436161 3.732050807568882
      vertex 118.51763808727264 8.036389954388142 3.931851652578132
    endloop
  endfacet
  facet normal 0.3785414611690334 -0.056151322628718595 0.9238795328088283
    outer loop
      vertex 118.39065013080835 6.728820696473122 3.931851652578132
      vertex 118.96509289741516 7.313998237252235 3.732050807568882
      vertex 118.48447475582361 7.361334927380085 3.931851652578132
    endloop
  endfacet
  facet normal 0.38222246811032656 -0.01877738834623694 0.9238795346572761
    outer loop
      vertex 118.96509289741516 7.313998237252235 3.732050807568882
      vertex 118.51763808727264 8.036389954388142 3.931851652578132
      vertex 118.48447475582361 7.361334927380085 3.931851652578132
    endloop
  endfacet
  facet normal 0 0 1
    outer loop
      vertex 115.53115744782377 6.9288350989072915 4
      vertex 118 8.049097269773483 4
      vertex 115.61914647997548 7.280107005774318 4
    endloop
  endfacet
  facet normal 0 0 1
    outer loop
      vertex 115.61914647997548 7.280107005774318 4
      vertex 118 8.049097269773483 4
      vertex 115.67228115309837 7.638311875709278 4
    endloop
  endfacet
  facet normal 0 0 1
    outer loop
      vertex 115.67228115309837 7.638311875709278 4
      vertex 118 8.049097269773483 4
      vertex 115.69004975124375 8 4
    endloop
  endfacet
  facet normal 0 0 1
    outer loop
      vertex 115.69004975124375 8 4
      vertex 118 8.049097269773483 4
      vertex 115.67228115309837 8.36168812429072 4
    endloop
  endfacet
  facet normal 0 0 1
    outer loop
      vertex 115.61914647997548 8.719892994225681 4
      vertex 115.67228115309837 8.36168812429072 4
      vertex 118 8.049097269773483 4
    endloop
  endfacet
  facet normal 0 0 1
    outer loop
      vertex 115.61914647997548 8.719892994225681 4
      vertex 118 8.049097269773483 4
      vertex 115.53115744782377 9.07116490109271 4
    endloop
  endfacet
  facet normal 0 0 1
    outer loop
      vertex 115.53115744782377 9.07116490109271 4
      vertex 118 8.049097269773483 4
      vertex 115.4091614391225 9.412120904403913 4
    endloop
  endfacet
  facet normal 0 0 1
    outer loop
      vertex 117.54104878753424 5.704822406172752 4
      vertex 117.96870797872543 7.412133529782295 4
      vertex 118 8.049097269773483 4
    endloop
  endfacet
  facet normal 0.12911344487016796 -0.019152170745631258 0.9914448611544106
    outer loop
      vertex 118.39065013080835 6.728820696473122 3.931851652578132
      vertex 118.48447475582361 7.361334927380085 3.931851652578132
      vertex 117.96870797872543 7.412133529782295 4
    endloop
  endfacet
  facet normal 0.13036896947617516 -0.006404617656977325 0.9914448611346917
    outer loop
      vertex 117.96870797872543 7.412133529782295 4
      vertex 118.48447475582361 7.361334927380085 3.931851652578132
      vertex 118.51763808727264 8.036389954388142 3.931851652578132
    endloop
  endfacet
  facet normal 0.13036896826952282 -0.006404616577844211 0.9914448613003302
    outer loop
      vertex 117.96870797872543 7.412133529782295 4
      vertex 118.51763808727264 8.036389954388142 3.931851652578132
      vertex 118 8.049097269773483 4
    endloop
  endfacet
  facet normal 0 0 1
    outer loop
      vertex 118 8.049097269773483 4
      vertex 111.67477812953928 40.324627428259035 4
      vertex 109.88949475560946 35.33509465228515 4
    endloop
  endfacet
  facet normal 0 0 1
    outer loop
      vertex 118 8.049097269773483 4
      vertex 112.96240514177441 45.465122611129075 4
      vertex 111.67477812953928 40.324627428259035 4
    endloop
  endfacet
  facet normal 0 0 1
    outer loop
      vertex 118 8.049097269773483 4
      vertex 113.73997524029863 50.707074422203725 4
      vertex 112.96240514177441 45.465122611129075 4
    endloop
  endfacet
  facet normal 0 0 1
    outer loop
      vertex 118 8.049097269773483 4
      vertex 114 56 4
      vertex 113.73997524029863 50.707074422203725 4
    endloop
  endfacet
  facet normal 0 0 1
    outer loop
      vertex 118 8.049097269773483 4
      vertex 113.73997524029863 61.292925577796275 4
      vertex 114 56 4
    endloop
  endfacet
  facet normal 0.9914448620347796 -2.4025031407555392e-21 0.13052618719949255
    outer loop
      vertex 120 8 2
      vertex 119.93185165524483 216.9983269572258 2.5176380902050397
      vertex 119.93185165524483 8.00167303532362 2.5176380902050397
    endloop
  endfacet
  facet normal 0.9238795298353728 3.960628860835503e-20 0.3826834388253173
    outer loop
      vertex 119.93185165524483 8.00167303532362 2.5176380902050397
      vertex 119.73205080628395 216.9934222623706 3
      vertex 119.73205080628395 8.006577730178833 3
    endloop
  endfacet
  facet normal 0 0 1
    outer loop
      vertex 94.25723734483688 97.7425644815878 4
      vertex 94.25723734483688 127.2574355184122 4
      vertex 90.00079258305851 100.89935906433745 4
    endloop
  endfacet
  facet normal 0 0 1
    outer loop
      vertex 94.25723734483688 97.7425644815878 4
      vertex 97 95.25666931378926 4
      vertex 97 129.74333068621073 4
    endloop
  endfacet
  facet normal 0 0 1
    outer loop
      vertex 104 87.21343790349701 4
      vertex 104.89935906433743 86.00079258305851 4
      vertex 104.89935906433743 138.9992074169415 4
    endloop
  endfacet
  facet normal 0.7933533397671424 -9.009518538420428e-20 0.6087614296917316
    outer loop
      vertex 119.4142135605216 8.01438020914793 3.4142135623730923
      vertex 119.73205080628395 8.006577730178833 3
      vertex 119.73205080628395 216.9934222623706 3
    endloop
  endfacet
  facet normal 0 0 1
    outer loop
      vertex 113.73997524029863 61.292925577796275 4
      vertex 109.94991819984762 109.43183576395624 4
      vertex 112.96240514177441 66.53487738887092 4
    endloop
  endfacet
  facet normal 0 0 1
    outer loop
      vertex 111.67477812953928 71.67537257174097 4
      vertex 112.96240514177441 66.53487738887092 4
      vertex 109.94991819984762 109.43183576395624 4
    endloop
  endfacet
  facet normal 0 0 1
    outer loop
      vertex 118 8.049097269773483 4
      vertex 109.94991819984762 109.43183576395624 4
      vertex 113.73997524029863 61.292925577796275 4
    endloop
  endfacet
  facet normal 0.608761430721417 0 0.793353338977037
    outer loop
      vertex 119 8.024548627436161 3.732050807568882
      vertex 119.4142135605216 8.01438020914793 3.4142135623730923
      vertex 119 216.97545136511326 3.732050807568882
    endloop
  endfacet
  facet normal 0 0 1
    outer loop
      vertex 118 8.049097269773483 4
      vertex 110.2605225885381 109.24566665787476 4
      vertex 109.94991819984762 109.43183576395624 4
    endloop
  endfacet
  facet normal 0 0 1
    outer loop
      vertex 118 8.049097269773483 4
      vertex 110.58787909559607 109.09083856087751 4
      vertex 110.2605225885381 109.24566665787476 4
    endloop
  endfacet
  facet normal 0 0 1
    outer loop
      vertex 118 8.049097269773483 4
      vertex 110.92883509890731 108.96884255217624 4
      vertex 110.58787909559607 109.09083856087751 4
    endloop
  endfacet
  facet normal 0 0 1
    outer loop
      vertex 118 8.049097269773483 4
      vertex 111.28010700577431 108.8808535200245 4
      vertex 110.92883509890731 108.96884255217624 4
    endloop
  endfacet
  facet normal 0 0 1
    outer loop
      vertex 118 8.049097269773483 4
      vertex 111.63831187570929 108.82771884690165 4
      vertex 111.28010700577431 108.8808535200245 4
    endloop
  endfacet
  facet normal 0 0 1
    outer loop
      vertex 118 8.049097269773483 4
      vertex 112 108.80995024875622 4
      vertex 111.63831187570929 108.82771884690165 4
    endloop
  endfacet
  facet normal 0 0 1
    outer loop
      vertex 118 8.049097269773483 4
      vertex 112.36168812429071 108.82771884690165 4
      vertex 112 108.80995024875622 4
    endloop
  endfacet
  facet normal 0 0 1
    outer loop
      vertex 118 8.049097269773483 4
      vertex 112.71989299422569 108.8808535200245 4
      vertex 112.36168812429071 108.82771884690165 4
    endloop
  endfacet
  facet normal 0 0 1
    outer loop
      vertex 118 8.049097269773483 4
      vertex 113.07116490109269 108.96884255217624 4
      vertex 112.71989299422569 108.8808535200245 4
    endloop
  endfacet
  facet normal 0 0 1
    outer loop
      vertex 118 8.049097269773483 4
      vertex 113.41212090440393 109.09083856087751 4
      vertex 113.07116490109269 108.96884255217624 4
    endloop
  endfacet
  facet normal 0 0 1
    outer loop
      vertex 118 8.049097269773483 4
      vertex 113.7394774114619 109.24566665787476 4
      vertex 113.41212090440393 109.09083856087751 4
    endloop
  endfacet
  facet normal 0 0 1
    outer loop
      vertex 118 8.049097269773483 4
      vertex 114.05008180015238 109.43183576395624 4
      vertex 113.7394774114619 109.24566665787476 4
    endloop
  endfacet
  facet normal 0 0 1
    outer loop
      vertex 118 8.049097269773483 4
      vertex 114.34094278041874 109.64755296886 4
      vertex 114.05008180015238 109.43183576395624 4
    endloop
  endfacet
  facet normal 0 0 1
    outer loop
      vertex 118 8.049097269773483 4
      vertex 114.60925920202021 109.89074079797979 4
      vertex 114.34094278041874 109.64755296886 4
    endloop
  endfacet
  facet normal 0 0 1
    outer loop
      vertex 118 8.049097269773483 4
      vertex 114.85244703114 110.15905721958121 4
      vertex 114.60925920202021 109.89074079797979 4
    endloop
  endfacet
  facet normal 0 0 1
    outer loop
      vertex 118 8.049097269773483 4
      vertex 115.0681642360438 110.44991819984757 4
      vertex 114.85244703114 110.15905721958121 4
    endloop
  endfacet
  facet normal 0 0 1
    outer loop
      vertex 118 8.049097269773483 4
      vertex 115.25433334212528 110.7605225885381 4
      vertex 115.0681642360438 110.44991819984757 4
    endloop
  endfacet
  facet normal 0 0 1
    outer loop
      vertex 118 8.049097269773483 4
      vertex 115.4091614391225 111.08787909559608 4
      vertex 115.25433334212528 110.7605225885381 4
    endloop
  endfacet
  facet normal 0 0 1
    outer loop
      vertex 118 8.049097269773483 4
      vertex 115.53115744782377 111.42883509890729 4
      vertex 115.4091614391225 111.08787909559608 4
    endloop
  endfacet
  facet normal 0 0 1
    outer loop
      vertex 118 8.049097269773483 4
      vertex 115.61914647997548 111.78010700577431 4
      vertex 115.53115744782377 111.42883509890729 4
    endloop
  endfacet
  facet normal 0 0 1
    outer loop
      vertex 118 8.049097269773483 4
      vertex 115.67228115309837 112.13831187570928 4
      vertex 115.61914647997548 111.78010700577431 4
    endloop
  endfacet
  facet normal 0.38268343037934444 7.687458956566118e-21 0.9238795333338095
    outer loop
      vertex 119 8.024548627436161 3.732050807568882
      vertex 118.51763808727264 216.96361003816128 3.931851652578132
      vertex 118.51763808727264 8.036389954388142 3.931851652578132
    endloop
  endfacet
  facet normal 0 0 1
    outer loop
      vertex 118 8.049097269773483 4
      vertex 115.69004975124375 112.5 4
      vertex 115.67228115309837 112.13831187570928 4
    endloop
  endfacet
  facet normal 0.1305261929468879 -1.1368121245940682e-20 0.9914448612781207
    outer loop
      vertex 118 8.049097269773483 4
      vertex 118.51763808727264 8.036389954388142 3.931851652578132
      vertex 118.51763808727264 216.96361003816128 3.931851652578132
    endloop
  endfacet
  facet normal 0 0 1
    outer loop
      vertex 107.62374827481119 81.45542378860387 4
      vertex 109.88949475560946 76.66490534771485 4
      vertex 108.5908385608775 111.08787909559608 4
    endloop
  endfacet
  facet normal 0 0 1
    outer loop
      vertex 109.88949475560946 76.66490534771485 4
      vertex 111.67477812953928 71.67537257174097 4
      vertex 109.39074079797979 109.89074079797979 4
    endloop
  endfacet
  facet normal 0 0 1
    outer loop
      vertex 111.67477812953928 71.67537257174097 4
      vertex 109.6590572195812 109.64755296886 4
      vertex 109.39074079797979 109.89074079797979 4
    endloop
  endfacet
  facet normal 0 0 1
    outer loop
      vertex 111.67477812953928 71.67537257174097 4
      vertex 109.94991819984762 109.43183576395624 4
      vertex 109.6590572195812 109.64755296886 4
    endloop
  endfacet
  facet normal 0 0 1
    outer loop
      vertex 104.89935906433743 86.00079258305851 4
      vertex 107.62374827481119 81.45542378860387 4
      vertex 107.62374827481119 143.54457621139613 4
    endloop
  endfacet
  facet normal 0 0 1
    outer loop
      vertex 107.62374827481119 81.45542378860387 4
      vertex 108.5908385608775 111.08787909559608 4
      vertex 108.46884255217623 111.42883509890729 4
    endloop
  endfacet
  facet normal 0 0 1
    outer loop
      vertex 107.62374827481119 81.45542378860387 4
      vertex 108.46884255217623 111.42883509890729 4
      vertex 108.38085352002452 111.78010700577431 4
    endloop
  endfacet
  facet normal 0 0 1
    outer loop
      vertex 107.62374827481119 81.45542378860387 4
      vertex 108.38085352002452 111.78010700577431 4
      vertex 108.32771884690163 112.13831187570928 4
    endloop
  endfacet
  facet normal 0 0 1
    outer loop
      vertex 107.62374827481119 81.45542378860387 4
      vertex 108.32771884690163 112.13831187570928 4
      vertex 108.30995024875625 112.5 4
    endloop
  endfacet
  facet normal 0 0 1
    outer loop
      vertex 109.88949475560946 76.66490534771485 4
      vertex 108.9318357639562 110.44991819984757 4
      vertex 108.74566665787472 110.7605225885381 4
    endloop
  endfacet
  facet normal 0 0 1
    outer loop
      vertex 109.88949475560946 76.66490534771485 4
      vertex 108.74566665787472 110.7605225885381 4
      vertex 108.5908385608775 111.08787909559608 4
    endloop
  endfacet
  facet normal 0 0 1
    outer loop
      vertex 109.88949475560946 76.66490534771485 4
      vertex 109.14755296886 110.15905721958121 4
      vertex 108.9318357639562 110.44991819984757 4
    endloop
  endfacet
  facet normal 0 0 1
    outer loop
      vertex 109.88949475560946 76.66490534771485 4
      vertex 109.39074079797979 109.89074079797979 4
      vertex 109.14755296886 110.15905721958121 4
    endloop
  endfacet
  facet normal 0 0 -1
    outer loop
      vertex 6.797918471982882 215.79791847198288 0
      vertex 110.30818596465724 112.33337086143975 0
      vertex 110.33266502331452 112.16834645257258 0
    endloop
  endfacet
  facet normal 0 0 -1
    outer loop
      vertex 6.797918471982882 215.79791847198288 0
      vertex 110.37320142925523 112.00651604866741 0
      vertex 110.42940479473083 111.84943816497935 0
    endloop
  endfacet
  facet normal 0 0 -1
    outer loop
      vertex 6.797918471982882 215.79791847198288 0
      vertex 110.42940479473083 111.84943816497935 0
      vertex 110.50073385060779 111.6986255473958 0
    endloop
  endfacet
  facet normal 0 0 -1
    outer loop
      vertex 6.797918471982882 215.79791847198288 0
      vertex 110.33266502331452 112.16834645257258 0
      vertex 110.37320142925523 112.00651604866741 0
    endloop
  endfacet
  facet normal 0 0 -1
    outer loop
      vertex 6.797918471982882 215.79791847198288 0
      vertex 110.30000000000001 112.5 0
      vertex 110.30818596465724 112.33337086143975 0
    endloop
  endfacet
  facet normal 0 0 -1
    outer loop
      vertex 6.797918471982882 215.79791847198288 0
      vertex 110.50073385060779 111.6986255473958 0
      vertex 110.58650165908568 111.55553060386667 0
    endloop
  endfacet
  facet normal 0 0 -1
    outer loop
      vertex 7.833370861439761 215.30818596465727 0
      vertex 95.25835798560672 208.25829193647323 0
      vertex 110.30000000000001 112.5 0
    endloop
  endfacet
  facet normal 0 0 -1
    outer loop
      vertex 7.833370861439761 215.30818596465727 0
      vertex 95.11528831758062 208.82945806790323 0
      vertex 95.25835798560672 208.25829193647323 0
    endloop
  endfacet
  facet normal 0 0 -1
    outer loop
      vertex 7.833370861439761 215.30818596465727 0
      vertex 95.02889163996684 209.41189715802264 0
      vertex 95.11528831758062 208.82945806790323 0
    endloop
  endfacet
  facet normal 0 0 -1
    outer loop
      vertex 7.833370861439761 215.30818596465727 0
      vertex 95 210 0
      vertex 95.02889163996684 209.41189715802264 0
    endloop
  endfacet
  facet normal 0 0 -1
    outer loop
      vertex 9.69181403534273 216.83337086143976 0
      vertex 95.02889163996684 210.58810284197736 0
      vertex 95 210 0
    endloop
  endfacet
  facet normal 0 0 -1
    outer loop
      vertex 9.699999999999989 217 0
      vertex 95.11528831758062 211.17054193209677 0
      vertex 95.02889163996684 210.58810284197736 0
    endloop
  endfacet
  facet normal 0 0 -1
    outer loop
      vertex 9.69181403534273 217.16662913856024 0
      vertex 95.25835798560672 211.74170806352677 0
      vertex 95.11528831758062 211.17054193209677 0
    endloop
  endfacet
  facet normal 0 0 -1
    outer loop
      vertex 9.667334976685481 217.3316535474274 0
      vertex 95.45672280493227 212.29610059419053 0
      vertex 95.25835798560672 211.74170806352677 0
    endloop
  endfacet
  facet normal 0 0 -1
    outer loop
      vertex 9.626798570744768 217.4934839513326 0
      vertex 95.70847241390987 212.828380420956 0
      vertex 95.45672280493227 212.29610059419053 0
    endloop
  endfacet
  facet normal 0 0 -1
    outer loop
      vertex 9.5705952052692 217.65056183502065 0
      vertex 96.01118232618472 213.33342139811762 0
      vertex 95.70847241390987 212.828380420956 0
    endloop
  endfacet
  facet normal 0 0 -1
    outer loop
      vertex 9.413498340914316 217.94446939613331 0
      vertex 96.36193727982356 213.80635970498187 0
      vertex 96.01118232618472 213.33342139811762 0
    endloop
  endfacet
  facet normal 0 0 -1
    outer loop
      vertex 9.31411777071665 218.0784685830782 0
      vertex 96.75735931288074 214.2426406871193 0
      vertex 96.36193727982356 213.80635970498187 0
    endloop
  endfacet
  facet normal 0 0 -1
    outer loop
      vertex 9.202081528017118 218.20208152801712 0
      vertex 97.1936402950181 214.63806272017644 0
      vertex 96.75735931288074 214.2426406871193 0
    endloop
  endfacet
  facet normal 0 0 -1
    outer loop
      vertex 9.202081528017118 218.20208152801712 0
      vertex 97.6665786018824 214.98881767381528 0
      vertex 97.1936402950181 214.63806272017644 0
    endloop
  endfacet
  facet normal 0 0 -1
    outer loop
      vertex 9.202081528017118 218.20208152801712 0
      vertex 98.17161957904403 215.29152758609013 0
      vertex 97.6665786018824 214.98881767381528 0
    endloop
  endfacet
  facet normal 0 0 -1
    outer loop
      vertex 9.202081528017118 218.20208152801712 0
      vertex 98.70389940580947 215.54327719506773 0
      vertex 98.17161957904403 215.29152758609013 0
    endloop
  endfacet
  facet normal 0 0 -1
    outer loop
      vertex 9.202081528017118 218.20208152801712 0
      vertex 99.2582919364732 215.74164201439325 0
      vertex 98.70389940580947 215.54327719506773 0
    endloop
  endfacet
  facet normal 0 0 -1
    outer loop
      vertex 9.202081528017118 218.20208152801712 0
      vertex 119.05537011478685 220.77117389460798 0
      vertex 99.2582919364732 215.74164201439325 0
    endloop
  endfacet
  facet normal 0 0 -1
    outer loop
      vertex 0 225 0
      vertex 112 225 0
      vertex 119.05537011478685 220.77117389460798 0
    endloop
  endfacet
  facet normal 0 1 0
    outer loop
      vertex 0 225 2
      vertex 112 225 2
      vertex 112 225 0
    endloop
  endfacet
  facet normal 0 0 -1
    outer loop
      vertex 112.16662913856027 9.691814035342734 0
      vertex 113.69181403534276 112.33337086143975 0
      vertex 119.05537011478685 220.77117389460798 0
    endloop
  endfacet
  facet normal 0 0 -1
    outer loop
      vertex 110.30000000000001 112.5 0
      vertex 97.6665786018824 205.01118232618472 0
      vertex 110.30818596465724 112.66662913856025 0
    endloop
  endfacet
  facet normal 0 0 -1
    outer loop
      vertex 110.30818596465724 112.66662913856025 0
      vertex 98.17161957904403 204.70847241390987 0
      vertex 110.33266502331452 112.83165354742742 0
    endloop
  endfacet
  facet normal 0 0 -1
    outer loop
      vertex 110.33266502331452 112.83165354742742 0
      vertex 98.17161957904403 204.70847241390987 0
      vertex 110.37320142925523 112.99348395133259 0
    endloop
  endfacet
  facet normal 0 0 -1
    outer loop
      vertex 110.37320142925523 112.99348395133259 0
      vertex 98.70389940580947 204.45672280493227 0
      vertex 110.42940479473083 113.15056183502065 0
    endloop
  endfacet
  facet normal 0 0 -1
    outer loop
      vertex 110.42940479473083 113.15056183502065 0
      vertex 98.70389940580947 204.45672280493227 0
      vertex 110.50073385060779 113.3013744526042 0
    endloop
  endfacet
  facet normal 0 0 -1
    outer loop
      vertex 110.50073385060779 113.3013744526042 0
      vertex 99.2582919364732 204.25835798560675 0
      vertex 110.58650165908568 113.44446939613333 0
    endloop
  endfacet
  facet normal 0 0 -1
    outer loop
      vertex 110.58650165908568 113.44446939613333 0
      vertex 99.2582919364732 204.25835798560675 0
      vertex 110.68588222928332 113.57846858307819 0
    endloop
  endfacet
  facet normal 0 0 -1
    outer loop
      vertex 110.68588222928332 113.57846858307819 0
      vertex 99.8294580679032 204.11528831758062 0
      vertex 110.79791847198288 113.70208152801713 0
    endloop
  endfacet
  facet normal 0 0 -1
    outer loop
      vertex 110.79791847198288 113.70208152801713 0
      vertex 99.8294580679032 204.11528831758062 0
      vertex 110.92153141692182 113.81411777071665 0
    endloop
  endfacet
  facet normal 0 0 -1
    outer loop
      vertex 110.92153141692182 113.81411777071665 0
      vertex 100.41189715802261 204.02889163996682 0
      vertex 111.05553060386666 113.91349834091433 0
    endloop
  endfacet
  facet normal 0 0 -1
    outer loop
      vertex 111.05553060386666 113.91349834091433 0
      vertex 100.41189715802261 204.02889163996682 0
      vertex 111.1986255473958 113.9992661493922 0
    endloop
  endfacet
  facet normal 0 0 -1
    outer loop
      vertex 111.1986255473958 113.9992661493922 0
      vertex 101 204 0
      vertex 111.34943816497935 114.07059520526919 0
    endloop
  endfacet
  facet normal 0 0 -1
    outer loop
      vertex 111.34943816497935 114.07059520526919 0
      vertex 101 204 0
      vertex 111.50651604866744 114.12679857074475 0
    endloop
  endfacet
  facet normal 0 0 -1
    outer loop
      vertex 111.50651604866744 114.12679857074475 0
      vertex 101.58810284197739 204.02889163996682 0
      vertex 111.66834645257256 114.1673349766855 0
    endloop
  endfacet
  facet normal 0 0 -1
    outer loop
      vertex 111.66834645257256 114.1673349766855 0
      vertex 101.58810284197739 204.02889163996682 0
      vertex 111.83337086143973 114.19181403534273 0
    endloop
  endfacet
  facet normal 0 0 -1
    outer loop
      vertex 111.83337086143973 114.19181403534273 0
      vertex 102.1705419320968 204.11528831758062 0
      vertex 112 114.2 0
    endloop
  endfacet
  facet normal 0 0 -1
    outer loop
      vertex 112 114.2 0
      vertex 102.7417080635268 204.25835798560675 0
      vertex 112.16662913856027 114.19181403534273 0
    endloop
  endfacet
  facet normal 0 0 -1
    outer loop
      vertex 112.16662913856027 114.19181403534273 0
      vertex 103.29610059419053 204.45672280493227 0
      vertex 112.33165354742744 114.1673349766855 0
    endloop
  endfacet
  facet normal 0 0 -1
    outer loop
      vertex 112.33165354742744 114.1673349766855 0
      vertex 103.82838042095597 204.70847241390987 0
      vertex 112.49348395133256 114.12679857074475 0
    endloop
  endfacet
  facet normal 0 0 -1
    outer loop
      vertex 112.49348395133256 114.12679857074475 0
      vertex 103.82838042095597 204.70847241390987 0
      vertex 112.65056183502065 114.07059520526919 0
    endloop
  endfacet
  facet normal 0 0 -1
    outer loop
      vertex 112.65056183502065 114.07059520526919 0
      vertex 104.3334213981176 205.01118232618472 0
      vertex 112.8013744526042 113.9992661493922 0
    endloop
  endfacet
  facet normal 0 0 -1
    outer loop
      vertex 112.8013744526042 113.9992661493922 0
      vertex 104.8063597049819 205.36193727982356 0
      vertex 112.94446939613334 113.91349834091433 0
    endloop
  endfacet
  facet normal 0 0 -1
    outer loop
      vertex 112.94446939613334 113.91349834091433 0
      vertex 105.24264068711926 205.7573593128807 0
      vertex 113.07846858307818 113.81411777071665 0
    endloop
  endfacet
  facet normal 0 0 -1
    outer loop
      vertex 113.07846858307818 113.81411777071665 0
      vertex 105.63806272017644 206.19364029501813 0
      vertex 113.20208152801712 113.70208152801713 0
    endloop
  endfacet
  facet normal 0 0 -1
    outer loop
      vertex 113.20208152801712 113.70208152801713 0
      vertex 105.98881767381528 206.66657860188238 0
      vertex 113.31411777071668 113.57846858307819 0
    endloop
  endfacet
  facet normal 0 0 -1
    outer loop
      vertex 113.31411777071668 113.57846858307819 0
      vertex 106.29152758609013 207.171619579044 0
      vertex 113.41349834091432 113.44446939613333 0
    endloop
  endfacet
  facet normal 0 0 -1
    outer loop
      vertex 113.41349834091432 113.44446939613333 0
      vertex 106.54327719506773 207.70389940580947 0
      vertex 113.49926614939221 113.3013744526042 0
    endloop
  endfacet
  facet normal 0 0 -1
    outer loop
      vertex 113.69181403534276 112.33337086143975 0
      vertex 113.69999999999999 112.5 0
      vertex 119.05537011478685 220.77117389460798 0
    endloop
  endfacet
  facet normal 0 0 -1
    outer loop
      vertex 113.62679857074477 112.99348395133259 0
      vertex 113.57059520526917 113.15056183502065 0
      vertex 119.05537011478685 220.77117389460798 0
    endloop
  endfacet
  facet normal 0 0 -1
    outer loop
      vertex 113.69999999999999 112.5 0
      vertex 113.69181403534276 112.66662913856025 0
      vertex 119.05537011478685 220.77117389460798 0
    endloop
  endfacet
  facet normal 0 0 -1
    outer loop
      vertex 113.66733497668548 112.83165354742742 0
      vertex 113.62679857074477 112.99348395133259 0
      vertex 119.05537011478685 220.77117389460798 0
    endloop
  endfacet
  facet normal 0 0 -1
    outer loop
      vertex 113.66733497668548 112.83165354742742 0
      vertex 119.05537011478685 220.77117389460798 0
      vertex 113.69181403534276 112.66662913856025 0
    endloop
  endfacet
  facet normal 0 0 -1
    outer loop
      vertex 113.49926614939221 113.3013744526042 0
      vertex 119.05537011478685 220.77117389460798 0
      vertex 113.57059520526917 113.15056183502065 0
    endloop
  endfacet
  facet normal 0 0 -1
    outer loop
      vertex 120 8 0
      vertex 119.05537011478685 220.77117389460798 0
      vertex 120 217 0
    endloop
  endfacet
  facet normal 1 0 0
    outer loop
      vertex 120 8 2
      vertex 120 217 0
      vertex 120 217 2
    endloop
  endfacet
  facet normal 0 0 -1
    outer loop
      vertex 110.30000000000001 112.5 0
      vertex 95.70847241390987 207.171619579044 0
      vertex 96.01118232618472 206.66657860188238 0
    endloop
  endfacet
  facet normal 0 0 -1
    outer loop
      vertex 110.30000000000001 112.5 0
      vertex 96.36193727982356 206.19364029501813 0
      vertex 96.75735931288074 205.7573593128807 0
    endloop
  endfacet
  facet normal 0 0 -1
    outer loop
      vertex 110.30000000000001 112.5 0
      vertex 96.01118232618472 206.66657860188238 0
      vertex 96.36193727982356 206.19364029501813 0
    endloop
  endfacet
  facet normal 0 0 -1
    outer loop
      vertex 110.30000000000001 112.5 0
      vertex 95.25835798560672 208.25829193647323 0
      vertex 95.45672280493227 207.70389940580947 0
    endloop
  endfacet
  facet normal 0 0 -1
    outer loop
      vertex 110.30000000000001 112.5 0
      vertex 95.45672280493227 207.70389940580947 0
      vertex 95.70847241390987 207.171619579044 0
    endloop
  endfacet
  facet normal 0 0 -1
    outer loop
      vertex 110.30000000000001 112.5 0
      vertex 96.75735931288074 205.7573593128807 0
      vertex 97.1936402950181 205.36193727982356 0
    endloop
  endfacet
  facet normal 0 0 -1
    outer loop
      vertex 110.30000000000001 112.5 0
      vertex 97.1936402950181 205.36193727982356 0
      vertex 97.6665786018824 205.01118232618472 0
    endloop
  endfacet
  facet normal 0 0 -1
    outer loop
      vertex 110.30818596465724 112.66662913856025 0
      vertex 97.6665786018824 205.01118232618472 0
      vertex 98.17161957904403 204.70847241390987 0
    endloop
  endfacet
  facet normal 0 0 -1
    outer loop
      vertex 110.50073385060779 113.3013744526042 0
      vertex 98.70389940580947 204.45672280493227 0
      vertex 99.2582919364732 204.25835798560675 0
    endloop
  endfacet
  facet normal 0 0 -1
    outer loop
      vertex 110.37320142925523 112.99348395133259 0
      vertex 98.17161957904403 204.70847241390987 0
      vertex 98.70389940580947 204.45672280493227 0
    endloop
  endfacet
  facet normal 0 0 -1
    outer loop
      vertex 110.68588222928332 113.57846858307819 0
      vertex 99.2582919364732 204.25835798560675 0
      vertex 99.8294580679032 204.11528831758062 0
    endloop
  endfacet
  facet normal 0 0 -1
    outer loop
      vertex 110.92153141692182 113.81411777071665 0
      vertex 99.8294580679032 204.11528831758062 0
      vertex 100.41189715802261 204.02889163996682 0
    endloop
  endfacet
  facet normal 0 0 -1
    outer loop
      vertex 111.1986255473958 113.9992661493922 0
      vertex 100.41189715802261 204.02889163996682 0
      vertex 101 204 0
    endloop
  endfacet
  facet normal 0 0 -1
    outer loop
      vertex 111.50651604866744 114.12679857074475 0
      vertex 101 204 0
      vertex 101.58810284197739 204.02889163996682 0
    endloop
  endfacet
  facet normal 0 0 -1
    outer loop
      vertex 111.83337086143973 114.19181403534273 0
      vertex 101.58810284197739 204.02889163996682 0
      vertex 102.1705419320968 204.11528831758062 0
    endloop
  endfacet
  facet normal 0 0 -1
    outer loop
      vertex 112 114.2 0
      vertex 102.1705419320968 204.11528831758062 0
      vertex 102.7417080635268 204.25835798560675 0
    endloop
  endfacet
  facet normal 0 0 -1
    outer loop
      vertex 112.16662913856027 114.19181403534273 0
      vertex 102.7417080635268 204.25835798560675 0
      vertex 103.29610059419053 204.45672280493227 0
    endloop
  endfacet
  facet normal 0 0 -1
    outer loop
      vertex 112.33165354742744 114.1673349766855 0
      vertex 103.29610059419053 204.45672280493227 0
      vertex 103.82838042095597 204.70847241390987 0
    endloop
  endfacet
  facet normal 0 0 -1
    outer loop
      vertex 112.65056183502065 114.07059520526919 0
      vertex 103.82838042095597 204.70847241390987 0
      vertex 104.3334213981176 205.01118232618472 0
    endloop
  endfacet
  facet normal 0 0 -1
    outer loop
      vertex 112.8013744526042 113.9992661493922 0
      vertex 104.3334213981176 205.01118232618472 0
      vertex 104.8063597049819 205.36193727982356 0
    endloop
  endfacet
  facet normal 0 0 -1
    outer loop
      vertex 112.94446939613334 113.91349834091433 0
      vertex 104.8063597049819 205.36193727982356 0
      vertex 105.24264068711926 205.7573593128807 0
    endloop
  endfacet
  facet normal 0 0 -1
    outer loop
      vertex 113.07846858307818 113.81411777071665 0
      vertex 105.24264068711926 205.7573593128807 0
      vertex 105.63806272017644 206.19364029501813 0
    endloop
  endfacet
  facet normal 0 0 -1
    outer loop
      vertex 113.20208152801712 113.70208152801713 0
      vertex 105.63806272017644 206.19364029501813 0
      vertex 105.98881767381528 206.66657860188238 0
    endloop
  endfacet
  facet normal 0 0 -1
    outer loop
      vertex 113.31411777071668 113.57846858307819 0
      vertex 105.98881767381528 206.66657860188238 0
      vertex 106.29152758609013 207.171619579044 0
    endloop
  endfacet
  facet normal 0 0 -1
    outer loop
      vertex 113.41349834091432 113.44446939613333 0
      vertex 106.29152758609013 207.171619579044 0
      vertex 106.54327719506773 207.70389940580947 0
    endloop
  endfacet
  facet normal 0 0 -1
    outer loop
      vertex 113.49926614939221 113.3013744526042 0
      vertex 106.54327719506773 207.70389940580947 0
      vertex 106.74164201439328 208.25829193647323 0
    endloop
  endfacet
  facet normal 0 0 -1
    outer loop
      vertex 113.49926614939221 113.3013744526042 0
      vertex 106.74164201439328 208.25829193647323 0
      vertex 119.05537011478685 220.77117389460798 0
    endloop
  endfacet
  facet normal 0 0 -1
    outer loop
      vertex 99.2582919364732 215.74164201439325 0
      vertex 119.05537011478685 220.77117389460798 0
      vertex 99.8294580679032 215.88471168241938 0
    endloop
  endfacet
  facet normal 0 0 -1
    outer loop
      vertex 99.8294580679032 215.88471168241938 0
      vertex 119.05537011478685 220.77117389460798 0
      vertex 100.41189715802261 215.97110836003318 0
    endloop
  endfacet
  facet normal 0 0 -1
    outer loop
      vertex 100.41189715802261 215.97110836003318 0
      vertex 119.05537011478685 220.77117389460798 0
      vertex 101 216 0
    endloop
  endfacet
  facet normal 0 0 -1
    outer loop
      vertex 101 216 0
      vertex 119.05537011478685 220.77117389460798 0
      vertex 101.58810284197739 215.97110836003318 0
    endloop
  endfacet
  facet normal 0 0 -1
    outer loop
      vertex 101.58810284197739 215.97110836003318 0
      vertex 119.05537011478685 220.77117389460798 0
      vertex 102.1705419320968 215.88471168241938 0
    endloop
  endfacet
  facet normal 0 0 -1
    outer loop
      vertex 102.1705419320968 215.88471168241938 0
      vertex 119.05537011478685 220.77117389460798 0
      vertex 102.7417080635268 215.74164201439325 0
    endloop
  endfacet
  facet normal 0 0 -1
    outer loop
      vertex 102.7417080635268 215.74164201439325 0
      vertex 119.05537011478685 220.77117389460798 0
      vertex 103.29610059419053 215.54327719506773 0
    endloop
  endfacet
  facet normal 0 0 -1
    outer loop
      vertex 103.29610059419053 215.54327719506773 0
      vertex 119.05537011478685 220.77117389460798 0
      vertex 103.82838042095597 215.29152758609013 0
    endloop
  endfacet
  facet normal 0 0 -1
    outer loop
      vertex 103.82838042095597 215.29152758609013 0
      vertex 119.05537011478685 220.77117389460798 0
      vertex 104.3334213981176 214.98881767381528 0
    endloop
  endfacet
  facet normal 0 0 -1
    outer loop
      vertex 104.3334213981176 214.98881767381528 0
      vertex 119.05537011478685 220.77117389460798 0
      vertex 104.8063597049819 214.63806272017644 0
    endloop
  endfacet
  facet normal 0 0 -1
    outer loop
      vertex 105.63806272017644 213.80635970498187 0
      vertex 119.05537011478685 220.77117389460798 0
      vertex 105.98881767381528 213.33342139811762 0
    endloop
  endfacet
  facet normal 0 0 -1
    outer loop
      vertex 105.98881767381528 213.33342139811762 0
      vertex 119.05537011478685 220.77117389460798 0
      vertex 106.29152758609013 212.828380420956 0
    endloop
  endfacet
  facet normal 0 0 -1
    outer loop
      vertex 104.8063597049819 214.63806272017644 0
      vertex 119.05537011478685 220.77117389460798 0
      vertex 105.24264068711926 214.2426406871193 0
    endloop
  endfacet
  facet normal 0 0 -1
    outer loop
      vertex 105.24264068711926 214.2426406871193 0
      vertex 119.05537011478685 220.77117389460798 0
      vertex 105.63806272017644 213.80635970498187 0
    endloop
  endfacet
  facet normal 0 0 -1
    outer loop
      vertex 106.74164201439328 208.25829193647323 0
      vertex 106.88471168241938 208.82945806790323 0
      vertex 119.05537011478685 220.77117389460798 0
    endloop
  endfacet
  facet normal 0 0 -1
    outer loop
      vertex 106.88471168241938 208.82945806790323 0
      vertex 106.97110836003316 209.41189715802264 0
      vertex 119.05537011478685 220.77117389460798 0
    endloop
  endfacet
  facet normal 0 0 -1
    outer loop
      vertex 106.97110836003316 209.41189715802264 0
      vertex 107 210 0
      vertex 119.05537011478685 220.77117389460798 0
    endloop
  endfacet
  facet normal 0 0 -1
    outer loop
      vertex 107 210 0
      vertex 106.97110836003316 210.58810284197736 0
      vertex 119.05537011478685 220.77117389460798 0
    endloop
  endfacet
  facet normal 0 0 -1
    outer loop
      vertex 106.97110836003316 210.58810284197736 0
      vertex 106.88471168241938 211.17054193209677 0
      vertex 119.05537011478685 220.77117389460798 0
    endloop
  endfacet
  facet normal 0 0 -1
    outer loop
      vertex 106.54327719506773 212.29610059419053 0
      vertex 106.29152758609013 212.828380420956 0
      vertex 119.05537011478685 220.77117389460798 0
    endloop
  endfacet
  facet normal 0 0 -1
    outer loop
      vertex 106.74164201439328 211.74170806352677 0
      vertex 106.54327719506773 212.29610059419053 0
      vertex 119.05537011478685 220.77117389460798 0
    endloop
  endfacet
  facet normal 0 0 -1
    outer loop
      vertex 106.74164201439328 211.74170806352677 0
      vertex 119.05537011478685 220.77117389460798 0
      vertex 106.88471168241938 211.17054193209677 0
    endloop
  endfacet
  facet normal 0 0 -1
    outer loop
      vertex 112 225 0
      vertex 112.78413712263648 224.96147781337757 0
      vertex 113.56072257612902 224.84628224322586 0
    endloop
  endfacet
  facet normal 0 0 -1
    outer loop
      vertex 112 225 0
      vertex 113.56072257612902 224.84628224322586 0
      vertex 115.06146745892073 224.3910362600903 0
    endloop
  endfacet
  facet normal 0 0 -1
    outer loop
      vertex 113.56072257612902 224.84628224322586 0
      vertex 114.3222774180357 224.65552268585768 0
      vertex 115.06146745892073 224.3910362600903 0
    endloop
  endfacet
  facet normal 0 0 -1
    outer loop
      vertex 112 225 0
      vertex 115.06146745892073 224.3910362600903 0
      vertex 116.44456186415681 223.65175689842036 0
    endloop
  endfacet
  facet normal 0 0 -1
    outer loop
      vertex 112 225 0
      vertex 116.44456186415681 223.65175689842036 0
      vertex 119.05537011478685 220.77117389460798 0
    endloop
  endfacet
  facet normal 0 0 -1
    outer loop
      vertex 115.06146745892073 224.3910362600903 0
      vertex 115.77117389460795 224.05537011478685 0
      vertex 116.44456186415681 223.65175689842036 0
    endloop
  endfacet
  facet normal 0 0 -1
    outer loop
      vertex 117.07514627330914 223.1840836269019 0
      vertex 117.65685424949237 222.65685424949237 0
      vertex 116.44456186415681 223.65175689842036 0
    endloop
  endfacet
  facet normal 0 0 -1
    outer loop
      vertex 116.44456186415681 223.65175689842036 0
      vertex 117.65685424949237 222.65685424949237 0
      vertex 118.1840836269019 222.07514627330917 0
    endloop
  endfacet
  facet normal 0 0 -1
    outer loop
      vertex 116.44456186415681 223.65175689842036 0
      vertex 118.1840836269019 222.07514627330917 0
      vertex 119.05537011478685 220.77117389460798 0
    endloop
  endfacet
  facet normal 0 0 -1
    outer loop
      vertex 118.65175689842039 221.4445618641568 0
      vertex 119.05537011478685 220.77117389460798 0
      vertex 118.1840836269019 222.07514627330917 0
    endloop
  endfacet
  facet normal 0 0 -1
    outer loop
      vertex 120 217 0
      vertex 119.05537011478685 220.77117389460798 0
      vertex 119.9614778133776 217.78413712263648 0
    endloop
  endfacet
  facet normal 0 0 -1
    outer loop
      vertex 119.9614778133776 217.78413712263648 0
      vertex 119.65552268585765 219.3222774180357 0
      vertex 119.84628224322586 218.56072257612902 0
    endloop
  endfacet
  facet normal 0 0 -1
    outer loop
      vertex 119.9614778133776 217.78413712263648 0
      vertex 119.05537011478685 220.77117389460798 0
      vertex 119.65552268585765 219.3222774180357 0
    endloop
  endfacet
  facet normal 0 0 -1
    outer loop
      vertex 119.05537011478685 220.77117389460798 0
      vertex 119.39103626009029 220.06146745892073 0
      vertex 119.65552268585765 219.3222774180357 0
    endloop
  endfacet
  facet normal 0.049067674327424655 0.998795456205172 -1.3545725140836701e-9
    outer loop
      vertex 112 225 0
      vertex 112.78413712233305 224.9614778161049 2
      vertex 112.78413712263648 224.96147781337757 0
    endloop
  endfacet
  facet normal 0.14673047445533755 0.9891765099647846 -1.3266386272111045e-9
    outer loop
      vertex 112.78413712263648 224.96147781337757 0
      vertex 112.78413712233305 224.9614778161049 2
      vertex 113.56072257612902 224.84628224322586 0
    endloop
  endfacet
  facet normal 0.24298017990327478 0.9700312531945413 -1.7911755346942007e-9
    outer loop
      vertex 113.56072257612902 224.84628224322586 0
      vertex 114.32227741926908 224.6555226892233 1.9899999999999949
      vertex 114.3222774180357 224.65552268585768 0
    endloop
  endfacet
  facet normal 0.33688985339222566 0.9415440651830188 -1.8012007789811055e-9
    outer loop
      vertex 114.3222774180357 224.65552268585768 0
      vertex 114.32227741926908 224.6555226892233 1.9899999999999949
      vertex 115.06146745892073 224.3910362600903 0
    endloop
  endfacet
  facet normal 0.42755509343028164 0.9039892931234434 0
    outer loop
      vertex 115.06146745892073 224.3910362600903 0
      vertex 115.06146745892073 224.3910362600903 2
      vertex 115.77117389460795 224.05537011478685 0
    endloop
  endfacet
  facet normal 0.5141027441932263 0.8577286100002692 0
    outer loop
      vertex 115.77117389460795 224.05537011478685 0
      vertex 115.77117389460795 224.05537011478685 2
      vertex 116.44456186415681 223.65175689842036 0
    endloop
  endfacet
  facet normal 0.9987954562051738 0.04906767432738854 -1.3545583203465598e-9
    outer loop
      vertex 120 217 0
      vertex 119.9614778133776 217.78413712263648 0
      vertex 119.96147781610489 217.78413712233305 2
    endloop
  endfacet
  facet normal 0.595699304492439 0.8032075314806407 -1.1984965265304012e-17
    outer loop
      vertex 117.07514627330914 223.1840836269019 0
      vertex 116.44456186415681 223.65175689842036 0
      vertex 116.44456186415681 223.65175689842036 2
    endloop
  endfacet
  facet normal 0.6715589548470204 0.7409511253549573 -3.151456932931889e-11
    outer loop
      vertex 117.07514627330914 223.1840836269019 0
      vertex 117.65685424953699 222.656854249537 2
      vertex 117.65685424949237 222.65685424949237 0
    endloop
  endfacet
  facet normal 0.740951125354941 0.6715589548470384 -3.15145715876086e-11
    outer loop
      vertex 117.65685424949237 222.65685424949237 0
      vertex 117.65685424953699 222.656854249537 2
      vertex 118.1840836269019 222.07514627330917 0
    endloop
  endfacet
  facet normal 0.8577286100002757 0.5141027441932157 0
    outer loop
      vertex 118.65175689842039 221.4445618641568 0
      vertex 118.65175689842039 221.4445618641568 2
      vertex 119.05537011478685 220.77117389460798 0
    endloop
  endfacet
  facet normal 0.9891765099647793 0.146730474455373 -1.3266245701674214e-9
    outer loop
      vertex 119.9614778133776 217.78413712263648 0
      vertex 119.84628224322586 218.56072257612902 0
      vertex 119.96147781610489 217.78413712233305 2
    endloop
  endfacet
  facet normal 0.9700312531945326 0.24298017990330883 -1.78223344199394e-9
    outer loop
      vertex 119.84628224322586 218.56072257612902 0
      vertex 119.65552268585765 219.3222774180357 0
      vertex 119.65552268922329 219.32227741926908 2
    endloop
  endfacet
  facet normal 0.9415440651830304 0.3368898533921936 -1.7922081552321134e-9
    outer loop
      vertex 119.65552268585765 219.3222774180357 0
      vertex 119.39103626009029 220.06146745892073 0
      vertex 119.65552268922329 219.32227741926908 2
    endloop
  endfacet
  facet normal 0.9039892931234501 0.4275550934302677 1.3487587368199903e-18
    outer loop
      vertex 119.05537011478685 220.77117389460798 0
      vertex 119.39103626009029 220.06146745892073 2
      vertex 119.39103626009029 220.06146745892073 0
    endloop
  endfacet
  facet normal 0.8032075314806362 0.5956993044924451 0
    outer loop
      vertex 118.65175689842039 221.4445618641568 0
      vertex 118.1840836269019 222.07514627330917 0
      vertex 118.65175689842039 221.4445618641568 2
    endloop
  endfacet
  facet normal 0.04906767088080504 0.9987954563744936 0
    outer loop
      vertex 112 225 0
      vertex 112 225 2
      vertex 112.78413712233305 224.9614778161049 2
    endloop
  endfacet
  facet normal 0.14673047745596915 0.989176509519683 -1.3587833413161577e-10
    outer loop
      vertex 112.78413712233305 224.9614778161049 2
      vertex 113.56072257459164 224.84628224372864 2
      vertex 113.56072257612902 224.84628224322586 0
    endloop
  endfacet
  facet normal 0.24298017563947658 0.9700312542625672 -5.7078881741492855e-11
    outer loop
      vertex 113.56072257612902 224.84628224322586 0
      vertex 113.56072257459164 224.84628224372864 2
      vertex 114.32227741926908 224.6555226892233 1.9899999999999949
    endloop
  endfacet
  facet normal 0.33688985769095786 0.9415440636449077 -3.424212872442743e-18
    outer loop
      vertex 114.32227741926908 224.6555226892233 1.9899999999999949
      vertex 115.06146745892073 224.3910362600903 2
      vertex 115.06146745892073 224.3910362600903 0
    endloop
  endfacet
  facet normal 0.42755509343028164 0.9039892931234434 -3.563057216901955e-18
    outer loop
      vertex 115.06146745892073 224.3910362600903 2
      vertex 115.77117389460795 224.05537011478685 2
      vertex 115.77117389460795 224.05537011478685 0
    endloop
  endfacet
  facet normal 0.5141027441932263 0.8577286100002692 1.343397846123959e-17
    outer loop
      vertex 115.77117389460795 224.05537011478685 2
      vertex 116.44456186415681 223.65175689842036 2
      vertex 116.44456186415681 223.65175689842036 0
    endloop
  endfacet
  facet normal 0.9987954563744936 0.04906767088080504 0
    outer loop
      vertex 120 217 0
      vertex 119.96147781610489 217.78413712233305 2
      vertex 120 217 2
    endloop
  endfacet
  facet normal 0.595699304492439 0.8032075314806407 0
    outer loop
      vertex 117.07514627330914 223.1840836269019 0
      vertex 116.44456186415681 223.65175689842036 2
      vertex 117.07514627330914 223.1840836269019 2
    endloop
  endfacet
  facet normal 0.6715589547875344 0.7409511254088723 0
    outer loop
      vertex 117.07514627330914 223.1840836269019 0
      vertex 117.07514627330914 223.1840836269019 2
      vertex 117.65685424953699 222.656854249537 2
    endloop
  endfacet
  facet normal 0.740951125408856 0.6715589547875522 -2.0286918010535282e-18
    outer loop
      vertex 117.65685424953699 222.656854249537 2
      vertex 118.1840836269019 222.07514627330917 2
      vertex 118.1840836269019 222.07514627330917 0
    endloop
  endfacet
  facet normal 0.8577286100002757 0.5141027441932157 0
    outer loop
      vertex 119.05537011478685 220.77117389460798 0
      vertex 118.65175689842039 221.4445618641568 2
      vertex 119.05537011478685 220.77117389460798 2
    endloop
  endfacet
  facet normal 0.989176509519683 0.14673047745596915 -1.3587833413161577e-10
    outer loop
      vertex 119.96147781610489 217.78413712233305 2
      vertex 119.84628224322586 218.56072257612902 0
      vertex 119.84628224372864 218.56072257459164 2
    endloop
  endfacet
  facet normal 0.9700312542623906 0.24298017564018182 -5.707888174090631e-11
    outer loop
      vertex 119.84628224322586 218.56072257612902 0
      vertex 119.65552268922329 219.32227741926908 2
      vertex 119.84628224372864 218.56072257459164 2
    endloop
  endfacet
  facet normal 0.9039892931234501 0.4275550934302677 0
    outer loop
      vertex 119.05537011478685 220.77117389460798 0
      vertex 119.05537011478685 220.77117389460798 2
      vertex 119.39103626009029 220.06146745892073 2
    endloop
  endfacet
  facet normal 0.9415440636449077 0.33688985769095786 -3.424212872442743e-18
    outer loop
      vertex 119.65552268922329 219.32227741926908 2
      vertex 119.39103626009029 220.06146745892073 0
      vertex 119.39103626009029 220.06146745892073 2
    endloop
  endfacet
  facet normal 0.8032075314806362 0.5956993044924451 1.2482176282751175e-17
    outer loop
      vertex 118.65175689842039 221.4445618641568 2
      vertex 118.1840836269019 222.07514627330917 0
      vertex 118.1840836269019 222.07514627330917 2
    endloop
  endfacet
  facet normal 0.24298017564018182 0.9700312542623905 0
    outer loop
      vertex 113.56072257459164 224.84628224372864 2
      vertex 114.32227741926908 224.6555226892233 2
      vertex 114.32227741926908 224.6555226892233 1.9899999999999949
    endloop
  endfacet
  facet normal 0.33688985769095786 0.9415440636449078 0
    outer loop
      vertex 114.32227741926908 224.6555226892233 1.9899999999999949
      vertex 114.32227741926908 224.6555226892233 2
      vertex 115.06146745892073 224.3910362600903 2
    endloop
  endfacet
  facet normal 0 0 1
    outer loop
      vertex 60 110 4
      vertex 65.29292557779627 115.26002475970137 4
      vertex 60 115 4
    endloop
  endfacet
  facet normal 0 0 1
    outer loop
      vertex 65.29292557779627 109.73997524029863 4
      vertex 70.53487738887094 116.03759485822556 4
      vertex 65.29292557779627 115.26002475970137 4
    endloop
  endfacet
  facet normal 0 0 1
    outer loop
      vertex 70.53487738887094 108.96240514177444 4
      vertex 75.67537257174098 117.32522187046072 4
      vertex 70.53487738887094 116.03759485822556 4
    endloop
  endfacet
  facet normal 0 0 1
    outer loop
      vertex 75.67537257174098 107.67477812953928 4
      vertex 80.66490534771486 119.11050524439051 4
      vertex 75.67537257174098 117.32522187046072 4
    endloop
  endfacet
  facet normal 0 0 1
    outer loop
      vertex 80.66490534771486 105.88949475560949 4
      vertex 85.45542378860387 121.37625172518884 4
      vertex 80.66490534771486 119.11050524439051 4
    endloop
  endfacet
  facet normal 0 0 1
    outer loop
      vertex 85.45542378860387 103.62374827481116 4
      vertex 90.00079258305851 124.10064093566255 4
      vertex 85.45542378860387 121.37625172518884 4
    endloop
  endfacet
  facet normal 0 0.9914448620347796 0.13052618719949255
    outer loop
      vertex 0 225 2
      vertex 111.9983269572258 224.93185165524483 2.5176380902050397
      vertex 112 225 2
    endloop
  endfacet
  facet normal 0 0.9238795298353729 0.38268343882531725
    outer loop
      vertex 0.06814834475517273 224.93185165524483 2.5176380902050397
      vertex 111.99342226982117 224.73205080628395 3
      vertex 111.9983269572258 224.93185165524483 2.5176380902050397
    endloop
  endfacet
  facet normal 0 0.7933533397671424 0.6087614296917317
    outer loop
      vertex 0.5857864394783974 224.4142135605216 3.4142135623730923
      vertex 111.98561979085207 224.4142135605216 3.4142135623730923
      vertex 111.99342226982117 224.73205080628395 3
    endloop
  endfacet
  facet normal 0 0.6087614307214171 0.7933533389770371
    outer loop
      vertex 0.5857864394783974 224.4142135605216 3.4142135623730923
      vertex 111.97545136511326 224 3.732050807568882
      vertex 111.98561979085207 224.4142135605216 3.4142135623730923
    endloop
  endfacet
  facet normal 0 0.3826834303793445 0.9238795333338095
    outer loop
      vertex 1.482361912727356 223.51763808727264 3.931851652578132
      vertex 111.96361004561186 223.51763808727264 3.931851652578132
      vertex 111.97545136511326 224 3.732050807568882
    endloop
  endfacet
  facet normal 0 0 1
    outer loop
      vertex 60 223 4
      vertex 65.29292557779627 222.73997524029863 4
      vertex 111.95090272277594 223 4
    endloop
  endfacet
  facet normal 0 0 1
    outer loop
      vertex 70.53487738887094 221.96240514177444 4
      vertex 75.67537257174098 220.67477812953928 4
      vertex 101 220 4
    endloop
  endfacet
  facet normal 0 0 1
    outer loop
      vertex 75.67537257174098 220.67477812953928 4
      vertex 80.66490534771486 218.8894947556095 4
      vertex 94.65606715836356 217.73010453362738 4
    endloop
  endfacet
  facet normal 0 0 1
    outer loop
      vertex 65.29292557779627 222.73997524029863 4
      vertex 70.53487738887094 221.96240514177444 4
      vertex 114.82724341005087 222.28940039873123 4
    endloop
  endfacet
  facet normal 0 0 1
    outer loop
      vertex 80.66490534771486 218.8894947556095 4
      vertex 85.45542378860387 216.62374827481116 4
      vertex 93.26989546637265 216.34393284163644 4
    endloop
  endfacet
  facet normal 0 0 1
    outer loop
      vertex 85.45542378860387 216.62374827481116 4
      vertex 90.00079258305851 213.89935906433743 4
      vertex 91.76120467488715 213.8268343236509 4
    endloop
  endfacet
  facet normal 0 0 1
    outer loop
      vertex 85.45542378860387 216.62374827481116 4
      vertex 91.76120467488715 213.8268343236509 4
      vertex 92.18078735651648 214.71396736825997 4
    endloop
  endfacet
  facet normal 0 0 1
    outer loop
      vertex 80.66490534771486 218.8894947556095 4
      vertex 93.26989546637265 216.34393284163644 4
      vertex 93.92893218813452 217.07106781186548 4
    endloop
  endfacet
  facet normal 0 0 1
    outer loop
      vertex 80.66490534771486 218.8894947556095 4
      vertex 93.92893218813452 217.07106781186548 4
      vertex 94.65606715836356 217.73010453362738 4
    endloop
  endfacet
  facet normal 0 0 1
    outer loop
      vertex 75.67537257174098 220.67477812953928 4
      vertex 94.65606715836356 217.73010453362738 4
      vertex 95.44429766980397 218.31469612302544 4
    endloop
  endfacet
  facet normal 0 0 1
    outer loop
      vertex 75.67537257174098 220.67477812953928 4
      vertex 95.44429766980397 218.31469612302544 4
      vertex 96.28603263174 218.81921264348355 4
    endloop
  endfacet
  facet normal 0 0 1
    outer loop
      vertex 75.67537257174098 220.67477812953928 4
      vertex 96.28603263174 218.81921264348355 4
      vertex 97.17316567634913 219.23879532511287 4
    endloop
  endfacet
  facet normal 0.9914448620347796 0 0.13052618719949255
    outer loop
      vertex 120 8 2
      vertex 120 217 2
      vertex 119.93185165524483 216.9983269572258 2.5176380902050397
    endloop
  endfacet
  facet normal 0.9238795298353729 0 0.38268343882531725
    outer loop
      vertex 119.93185165524483 8.00167303532362 2.5176380902050397
      vertex 119.93185165524483 216.9983269572258 2.5176380902050397
      vertex 119.73205080628395 216.9934222623706 3
    endloop
  endfacet
  facet normal 0 0 1
    outer loop
      vertex 90.00079258305851 100.89935906433745 4
      vertex 94.25723734483688 127.2574355184122 4
      vertex 90.00079258305851 124.10064093566255 4
    endloop
  endfacet
  facet normal 0 0 1
    outer loop
      vertex 94.25723734483688 97.7425644815878 4
      vertex 97 129.74333068621073 4
      vertex 94.25723734483688 127.2574355184122 4
    endloop
  endfacet
  facet normal 0 0 1
    outer loop
      vertex 104 87.21343790349701 4
      vertex 104.89935906433743 138.9992074169415 4
      vertex 104 137.786562096503 4
    endloop
  endfacet
  facet normal 0 0 1
    outer loop
      vertex 107.62374827481119 81.45542378860387 4
      vertex 108.30995024875625 112.5 4
      vertex 107.62374827481119 143.54457621139613 4
    endloop
  endfacet
  facet normal 0 0 1
    outer loop
      vertex 104.89935906433743 86.00079258305851 4
      vertex 107.62374827481119 143.54457621139613 4
      vertex 104.89935906433743 138.9992074169415 4
    endloop
  endfacet
  facet normal 0 0 1
    outer loop
      vertex 108.30995024875625 112.5 4
      vertex 108.32771884690163 112.86168812429072 4
      vertex 107.62374827481119 143.54457621139613 4
    endloop
  endfacet
  facet normal 0 0 1
    outer loop
      vertex 108.32771884690163 112.86168812429072 4
      vertex 108.38085352002452 113.21989299422569 4
      vertex 107.62374827481119 143.54457621139613 4
    endloop
  endfacet
  facet normal 0 0 1
    outer loop
      vertex 108.38085352002452 113.21989299422569 4
      vertex 108.46884255217623 113.57116490109271 4
      vertex 107.62374827481119 143.54457621139613 4
    endloop
  endfacet
  facet normal 0 0 1
    outer loop
      vertex 108.46884255217623 113.57116490109271 4
      vertex 108.5908385608775 113.91212090440392 4
      vertex 107.62374827481119 143.54457621139613 4
    endloop
  endfacet
  facet normal 0 0 1
    outer loop
      vertex 108.5908385608775 113.91212090440392 4
      vertex 108.74566665787472 114.2394774114619 4
      vertex 107.62374827481119 143.54457621139613 4
    endloop
  endfacet
  facet normal 0 0 1
    outer loop
      vertex 108.74566665787472 114.2394774114619 4
      vertex 108.9318357639562 114.55008180015243 4
      vertex 107.62374827481119 143.54457621139613 4
    endloop
  endfacet
  facet normal 0 0 1
    outer loop
      vertex 108.9318357639562 114.55008180015243 4
      vertex 109.14755296886 114.84094278041879 4
      vertex 107.62374827481119 143.54457621139613 4
    endloop
  endfacet
  facet normal 0 0 1
    outer loop
      vertex 109.14755296886 114.84094278041879 4
      vertex 109.39074079797979 115.10925920202021 4
      vertex 107.62374827481119 143.54457621139613 4
    endloop
  endfacet
  facet normal 0 0 1
    outer loop
      vertex 109.39074079797979 115.10925920202021 4
      vertex 109.65905721958126 115.35244703114 4
      vertex 107.62374827481119 143.54457621139613 4
    endloop
  endfacet
  facet normal 0 0 1
    outer loop
      vertex 109.65905721958126 115.35244703114 4
      vertex 109.94991819984762 115.56816423604376 4
      vertex 107.62374827481119 143.54457621139613 4
    endloop
  endfacet
  facet normal 0 0 1
    outer loop
      vertex 109.94991819984762 115.56816423604376 4
      vertex 110.2605225885381 115.75433334212524 4
      vertex 107.62374827481119 143.54457621139613 4
    endloop
  endfacet
  facet normal 0 0 1
    outer loop
      vertex 110.2605225885381 115.75433334212524 4
      vertex 110.58787909559607 115.90916143912249 4
      vertex 107.62374827481119 143.54457621139613 4
    endloop
  endfacet
  facet normal 0 0 1
    outer loop
      vertex 110.58787909559607 115.90916143912249 4
      vertex 110.92883509890731 116.03115744782376 4
      vertex 107.62374827481119 143.54457621139613 4
    endloop
  endfacet
  facet normal 0 0 1
    outer loop
      vertex 110.92883509890731 116.03115744782376 4
      vertex 111.28010700577431 116.1191464799755 4
      vertex 107.62374827481119 143.54457621139613 4
    endloop
  endfacet
  facet normal 0 0 1
    outer loop
      vertex 111.28010700577431 116.1191464799755 4
      vertex 111.63831187570929 116.17228115309835 4
      vertex 107.62374827481119 143.54457621139613 4
    endloop
  endfacet
  facet normal 0 0 1
    outer loop
      vertex 111.63831187570929 116.17228115309835 4
      vertex 112 116.19004975124378 4
      vertex 107.62374827481119 143.54457621139613 4
    endloop
  endfacet
  facet normal 0 0 1
    outer loop
      vertex 112 116.19004975124378 4
      vertex 112.36168812429071 116.17228115309835 4
      vertex 109.88949475560946 148.33509465228514 4
    endloop
  endfacet
  facet normal 0 0 1
    outer loop
      vertex 112.36168812429071 116.17228115309835 4
      vertex 112.71989299422569 116.1191464799755 4
      vertex 109.88949475560946 148.33509465228514 4
    endloop
  endfacet
  facet normal 0 0 1
    outer loop
      vertex 112.71989299422569 116.1191464799755 4
      vertex 113.07116490109269 116.03115744782376 4
      vertex 109.88949475560946 148.33509465228514 4
    endloop
  endfacet
  facet normal 0 0 1
    outer loop
      vertex 113.41212090440393 115.90916143912249 4
      vertex 109.88949475560946 148.33509465228514 4
      vertex 113.07116490109269 116.03115744782376 4
    endloop
  endfacet
  facet normal 0 0 1
    outer loop
      vertex 112 116.19004975124378 4
      vertex 109.88949475560946 148.33509465228514 4
      vertex 107.62374827481119 143.54457621139613 4
    endloop
  endfacet
  facet normal 0 0 1
    outer loop
      vertex 113.41212090440393 115.90916143912249 4
      vertex 111.67477812953928 153.32462742825902 4
      vertex 109.88949475560946 148.33509465228514 4
    endloop
  endfacet
  facet normal 0 0 1
    outer loop
      vertex 118 8.049097269773483 4
      vertex 116.24093514680862 221.24093514680862 4
      vertex 115.69004975124375 112.5 4
    endloop
  endfacet
  facet normal 0 0 1
    outer loop
      vertex 113.7394774114619 115.75433334212524 4
      vertex 114.05008180015238 115.56816423604376 4
      vertex 111.67477812953928 153.32462742825902 4
    endloop
  endfacet
  facet normal 0 0 1
    outer loop
      vertex 114.05008180015238 115.56816423604376 4
      vertex 114.34094278041874 115.35244703114 4
      vertex 111.67477812953928 153.32462742825902 4
    endloop
  endfacet
  facet normal 0 0 1
    outer loop
      vertex 113.41212090440393 115.90916143912249 4
      vertex 113.7394774114619 115.75433334212524 4
      vertex 111.67477812953928 153.32462742825902 4
    endloop
  endfacet
  facet normal 0 0 1
    outer loop
      vertex 114.34094278041874 115.35244703114 4
      vertex 114.60925920202021 115.10925920202021 4
      vertex 111.67477812953928 153.32462742825902 4
    endloop
  endfacet
  facet normal 0 0 1
    outer loop
      vertex 114.60925920202021 115.10925920202021 4
      vertex 114.85244703114 114.84094278041879 4
      vertex 112.96240514177441 158.46512261112906 4
    endloop
  endfacet
  facet normal 0 0 1
    outer loop
      vertex 115.0681642360438 114.55008180015243 4
      vertex 112.96240514177441 158.46512261112906 4
      vertex 114.85244703114 114.84094278041879 4
    endloop
  endfacet
  facet normal 0 0 1
    outer loop
      vertex 115.25433334212528 114.2394774114619 4
      vertex 112.96240514177441 158.46512261112906 4
      vertex 115.0681642360438 114.55008180015243 4
    endloop
  endfacet
  facet normal 0 0 1
    outer loop
      vertex 115.25433334212528 114.2394774114619 4
      vertex 115.4091614391225 113.91212090440392 4
      vertex 113.73997524029863 163.70707442220373 4
    endloop
  endfacet
  facet normal 0 0 1
    outer loop
      vertex 115.67228115309837 112.86168812429072 4
      vertex 114 169 4
      vertex 115.61914647997548 113.21989299422569 4
    endloop
  endfacet
  facet normal 0 0 1
    outer loop
      vertex 115.61914647997548 113.21989299422569 4
      vertex 114 169 4
      vertex 115.53115744782377 113.57116490109271 4
    endloop
  endfacet
  facet normal 0 0 1
    outer loop
      vertex 115.53115744782377 113.57116490109271 4
      vertex 114 169 4
      vertex 115.4091614391225 113.91212090440392 4
    endloop
  endfacet
  facet normal 0.7933533397671423 0 0.6087614296917317
    outer loop
      vertex 119.4142135605216 8.01438020914793 3.4142135623730923
      vertex 119.73205080628395 216.9934222623706 3
      vertex 119.4142135605216 216.9856197834015 3.4142135623730923
    endloop
  endfacet
  facet normal 0.608761430721417 0 0.7933533389770371
    outer loop
      vertex 119.4142135605216 8.01438020914793 3.4142135623730923
      vertex 119.4142135605216 216.9856197834015 3.4142135623730923
      vertex 119 216.97545136511326 3.732050807568882
    endloop
  endfacet
  facet normal 0 0 1
    outer loop
      vertex 114.60925920202021 115.10925920202021 4
      vertex 112.96240514177441 158.46512261112906 4
      vertex 111.67477812953928 153.32462742825902 4
    endloop
  endfacet
  facet normal 0 0 1
    outer loop
      vertex 115.25433334212528 114.2394774114619 4
      vertex 113.73997524029863 163.70707442220373 4
      vertex 112.96240514177441 158.46512261112906 4
    endloop
  endfacet
  facet normal 0 0 1
    outer loop
      vertex 115.4091614391225 113.91212090440392 4
      vertex 114 169 4
      vertex 113.73997524029863 163.70707442220373 4
    endloop
  endfacet
  facet normal 0 0 1
    outer loop
      vertex 115.69004975124375 112.5 4
      vertex 116.24093514680862 221.24093514680862 4
      vertex 115.67228115309837 112.86168812429072 4
    endloop
  endfacet
  facet normal 0.3826834303793445 0 0.9238795333338093
    outer loop
      vertex 119 8.024548627436161 3.732050807568882
      vertex 119 216.97545136511326 3.732050807568882
      vertex 118.51763808727264 216.96361003816128 3.931851652578132
    endloop
  endfacet
  facet normal 0.13052619294688786 0 0.9914448612781205
    outer loop
      vertex 118 8.049097269773483 4
      vertex 118.51763808727264 216.96361003816128 3.931851652578132
      vertex 118 216.95090272277594 4
    endloop
  endfacet
  facet normal 0 0 1
    outer loop
      vertex 118 8.049097269773483 4
      vertex 118 216.95090272277594 4
      vertex 116.24093514680862 221.24093514680862 4
    endloop
  endfacet
  facet normal 0 0 1
    outer loop
      vertex 115.67228115309837 112.86168812429072 4
      vertex 116.24093514680862 221.24093514680862 4
      vertex 114 169 4
    endloop
  endfacet
  facet normal 0.04864789013013786 0.99025062229304 0.1305261959689823
    outer loop
      vertex 112 225 2
      vertex 111.9983269572258 224.93185165524483 2.5176380902050397
      vertex 112.78413712233305 224.9614778161049 2
    endloop
  endfacet
  facet normal 0.14547517775653332 0.9807139665182697 0.13052619864497375
    outer loop
      vertex 112.78413712233305 224.9614778161049 2
      vertex 112.77744937688112 224.89357582479715 2.5176380902050397
      vertex 113.56072257459164 224.84628224372864 2
    endloop
  endfacet
  facet normal 0.24090144630410326 0.9617325014121402 0.13052620003715396
    outer loop
      vertex 113.56072257459164 224.84628224372864 2
      vertex 114.302471190691 224.5902301222086 2.5176380902050397
      vertex 114.32227741926908 224.6555226892233 2
    endloop
  endfacet
  facet normal 0.33400771834199117 0.9334890238962599 0.13052619029599039
    outer loop
      vertex 114.32227741926908 224.6555226892233 2
      vertex 114.302471190691 224.5902301222086 2.5176380902050397
      vertex 115.06146745892073 224.3910362600903 2
    endloop
  endfacet
  facet normal 0.423897299624931 0.8962555379014876 0.13052620484640848
    outer loop
      vertex 115.06146745892073 224.3910362600903 2
      vertex 115.73901027441025 223.995196133852 2.5176380902050397
      vertex 115.77117389460795 224.05537011478685 2
    endloop
  endfacet
  facet normal 0.5097045235649456 0.8503906221980647 0.13052619788770492
    outer loop
      vertex 115.77117389460795 224.05537011478685 2
      vertex 115.73901027441025 223.995196133852 2.5176380902050397
      vertex 116.44456186415681 223.65175689842036 2
    endloop
  endfacet
  facet normal 0.99025062229304 0.04864789013013786 0.1305261959689823
    outer loop
      vertex 120 217 2
      vertex 119.96147781610489 217.78413712233305 2
      vertex 119.93185165524483 216.9983269572258 2.5176380902050397
    endloop
  endfacet
  facet normal 0.5906030137286618 0.796335978847943 0.13052620030825451
    outer loop
      vertex 117.07514627330914 223.1840836269019 2
      vertex 116.44456186415681 223.65175689842036 2
      vertex 116.40665499866009 223.59502528607845 2.5176380902050397
    endloop
  endfacet
  facet normal 0.6658136735956943 0.7346121844498749 0.13052620622231148
    outer loop
      vertex 117.07514627330914 223.1840836269019 2
      vertex 117.03186126798391 223.13134071230888 2.5176380902050397
      vertex 117.65685424953699 222.656854249537 2
    endloop
  endfacet
  facet normal 0.7346121844498552 0.665813673595709 0.13052620622234729
    outer loop
      vertex 117.65685424953699 222.656854249537 2
      vertex 118.13134071230888 222.0318612679839 2.5176380902050397
      vertex 118.1840836269019 222.07514627330917 2
    endloop
  endfacet
  facet normal 0.8503906221980679 0.509704523564933 0.13052619788773256
    outer loop
      vertex 118.65175689842039 221.4445618641568 2
      vertex 118.995196133852 220.73901027441025 2.5176380902050397
      vertex 119.05537011478685 220.77117389460798 2
    endloop
  endfacet
  facet normal 0.9807139665182697 0.14547517775653332 0.13052619864497375
    outer loop
      vertex 119.96147781610489 217.78413712233305 2
      vertex 119.84628224372864 218.56072257459164 2
      vertex 119.89357582479715 217.77744937688112 2.5176380902050397
    endloop
  endfacet
  facet normal 0.9617325014121402 0.24090144630410326 0.13052620003715396
    outer loop
      vertex 119.84628224372864 218.56072257459164 2
      vertex 119.65552268922329 219.32227741926908 2
      vertex 119.5902301222086 219.302471190691 2.5176380902050397
    endloop
  endfacet
  facet normal 0.9334890238962599 0.33400771834199117 0.13052619029599039
    outer loop
      vertex 119.65552268922329 219.32227741926908 2
      vertex 119.39103626009029 220.06146745892073 2
      vertex 119.5902301222086 219.302471190691 2.5176380902050397
    endloop
  endfacet
  facet normal 0.8962555379014915 0.4238972996249158 0.13052620484643115
    outer loop
      vertex 119.05537011478685 220.77117389460798 2
      vertex 118.995196133852 220.73901027441025 2.5176380902050397
      vertex 119.39103626009029 220.06146745892073 2
    endloop
  endfacet
  facet normal 0.7963359788479342 0.5906030137286644 0.13052620030829748
    outer loop
      vertex 118.65175689842039 221.4445618641568 2
      vertex 118.1840836269019 222.07514627330917 2
      vertex 118.59502528607845 221.4066549986601 2.5176380902050397
    endloop
  endfacet
  facet normal 0.04864789399814452 0.9902506213362524 0.13052620178612184
    outer loop
      vertex 111.9983269572258 224.93185165524483 2.5176380902050397
      vertex 112.77744937688112 224.89357582479715 2.5176380902050397
      vertex 112.78413712233305 224.9614778161049 2
    endloop
  endfacet
  facet normal 0.14547518031674683 0.9807139656118695 0.13052620260181846
    outer loop
      vertex 112.77744937688112 224.89357582479715 2.5176380902050397
      vertex 113.5474114343524 224.77936273813248 2.5176380902050397
      vertex 113.56072257459164 224.84628224372864 2
    endloop
  endfacet
  facet normal 0.2409014416806269 0.9617325016547983 0.13052620678238855
    outer loop
      vertex 113.56072257459164 224.84628224372864 2
      vertex 113.5474114343524 224.77936273813248 2.5176380902050397
      vertex 114.302471190691 224.5902301222086 2.5176380902050397
    endloop
  endfacet
  facet normal 0.3340077231561445 0.9334890210326349 0.1305261984567904
    outer loop
      vertex 114.302471190691 224.5902301222086 2.5176380902050397
      vertex 115.03535671532154 224.32799948006868 2.5176380902050397
      vertex 115.06146745892073 224.3910362600903 2
    endloop
  endfacet
  facet normal 0.4238972977341329 0.896255538381842 0.13052620768862627
    outer loop
      vertex 115.06146745892073 224.3910362600903 2
      vertex 115.03535671532154 224.32799948006868 2.5176380902050397
      vertex 115.73901027441025 223.995196133852 2.5176380902050397
    endloop
  endfacet
  facet normal 0.5097045237004287 0.8503906220760937 0.13052619815329589
    outer loop
      vertex 115.73901027441025 223.995196133852 2.5176380902050397
      vertex 116.40665499866009 223.59502528607845 2.5176380902050397
      vertex 116.44456186415681 223.65175689842036 2
    endloop
  endfacet
  facet normal 0.9902506213362524 0.04864789399814452 0.13052620178612184
    outer loop
      vertex 119.93185165524483 216.9983269572258 2.5176380902050397
      vertex 119.96147781610489 217.78413712233305 2
      vertex 119.89357582479715 217.77744937688112 2.5176380902050397
    endloop
  endfacet
  facet normal 0.5906030155504589 0.7963359768513759 0.13052620424600211
    outer loop
      vertex 117.07514627330914 223.1840836269019 2
      vertex 116.40665499866009 223.59502528607845 2.5176380902050397
      vertex 117.03186126798391 223.13134071230888 2.5176380902050397
    endloop
  endfacet
  facet normal 0.6658136744244324 0.7346121833402358 0.13052620824006136
    outer loop
      vertex 117.03186126798391 223.13134071230888 2.5176380902050397
      vertex 117.60860797017813 222.60860797017813 2.5176380902050397
      vertex 117.65685424953699 222.656854249537 2
    endloop
  endfacet
  facet normal 0.7346121833402358 0.6658136744244324 0.13052620824006136
    outer loop
      vertex 117.60860797017813 222.60860797017813 2.5176380902050397
      vertex 118.13134071230888 222.0318612679839 2.5176380902050397
      vertex 117.65685424953699 222.656854249537 2
    endloop
  endfacet
  facet normal 0.8503906220760886 0.5097045237004256 0.13052619815334177
    outer loop
      vertex 118.65175689842039 221.4445618641568 2
      vertex 118.59502528607845 221.4066549986601 2.5176380902050397
      vertex 118.995196133852 220.73901027441025 2.5176380902050397
    endloop
  endfacet
  facet normal 0.9617325016547983 0.2409014416806269 0.13052620678238855
    outer loop
      vertex 119.84628224372864 218.56072257459164 2
      vertex 119.5902301222086 219.302471190691 2.5176380902050397
      vertex 119.77936273813248 218.5474114343524 2.5176380902050397
    endloop
  endfacet
  facet normal 0.9807139656118695 0.14547518031674683 0.13052620260181846
    outer loop
      vertex 119.89357582479715 217.77744937688112 2.5176380902050397
      vertex 119.84628224372864 218.56072257459164 2
      vertex 119.77936273813248 218.5474114343524 2.5176380902050397
    endloop
  endfacet
  facet normal 0.896255538381842 0.42389729773413287 0.13052620768862633
    outer loop
      vertex 118.995196133852 220.73901027441025 2.5176380902050397
      vertex 119.32799948006868 220.03535671532154 2.5176380902050397
      vertex 119.39103626009029 220.06146745892073 2
    endloop
  endfacet
  facet normal 0.9334890210326349 0.3340077231561445 0.1305261984567904
    outer loop
      vertex 119.5902301222086 219.302471190691 2.5176380902050397
      vertex 119.39103626009029 220.06146745892073 2
      vertex 119.32799948006868 220.03535671532154 2.5176380902050397
    endloop
  endfacet
  facet normal 0.7963359768513727 0.5906030155504566 0.13052620424603406
    outer loop
      vertex 118.59502528607845 221.4066549986601 2.5176380902050397
      vertex 118.1840836269019 222.07514627330917 2
      vertex 118.13134071230888 222.0318612679839 2.5176380902050397
    endloop
  endfacet
  facet normal 0.045332620584494596 0.9227666813759406 0.3826834269384757
    outer loop
      vertex 111.9983269572258 224.93185165524483 2.5176380902050397
      vertex 111.99342226982117 224.73205080628395 3
      vertex 112.77744937688112 224.89357582479715 2.5176380902050397
    endloop
  endfacet
  facet normal 0.13556128734848039 0.9138799306487179 0.38268343278735956
    outer loop
      vertex 112.77744937688112 224.89357582479715 2.5176380902050397
      vertex 113.50838524103165 224.5831646770239 3
      vertex 113.5474114343524 224.77936273813248 2.5176380902050397
    endloop
  endfacet
  facet normal 0.22448440736022596 0.8961920242854526 0.3826834285140533
    outer loop
      vertex 113.5474114343524 224.77936273813248 2.5176380902050397
      vertex 113.50838524103165 224.5831646770239 3
      vertex 114.302471190691 224.5902301222086 2.5176380902050397
    endloop
  endfacet
  facet normal 0.31124564907526997 0.8698732876907604 0.3826834322175204
    outer loop
      vertex 114.302471190691 224.5902301222086 2.5176380902050397
      vertex 114.95880407094955 224.14318493753672 3
      vertex 115.03535671532154 224.32799948006868 2.5176380902050397
    endloop
  endfacet
  facet normal 0.3950093994765075 0.8351772089279783 0.3826834253171685
    outer loop
      vertex 115.03535671532154 224.32799948006868 2.5176380902050397
      vertex 114.95880407094955 224.14318493753672 3
      vertex 115.73901027441025 223.995196133852 2.5176380902050397
    endloop
  endfacet
  facet normal 0.47496900277930015 0.7924379065894707 0.3826834339227853
    outer loop
      vertex 115.73901027441025 223.995196133852 2.5176380902050397
      vertex 115.64471121877432 223.81877501308918 3
      vertex 116.40665499866009 223.59502528607845 2.5176380902050397
    endloop
  endfacet
  facet normal 0.9227666811286773 0.045332620572347326 0.38268342753614176
    outer loop
      vertex 119.93185165524483 216.9983269572258 2.5176380902050397
      vertex 119.89357582479715 217.77744937688112 2.5176380902050397
      vertex 119.73205080628395 216.9934222623706 3
    endloop
  endfacet
  facet normal 0.5503543962315908 0.7420669962699997 0.3826834352247053
    outer loop
      vertex 117.03186126798391 223.13134071230888 2.5176380902050397
      vertex 116.40665499866009 223.59502528607845 2.5176380902050397
      vertex 116.90495613217354 222.97670627385378 3
    endloop
  endfacet
  facet normal 0.6204395769978815 0.684549581657527 0.38268342209611667
    outer loop
      vertex 117.03186126798391 223.13134071230888 2.5176380902050397
      vertex 117.4671570584178 222.4671570584178 3
      vertex 117.60860797017813 222.60860797017813 2.5176380902050397
    endloop
  endfacet
  facet normal 0.684549581657527 0.6204395769978815 0.38268342209611667
    outer loop
      vertex 117.60860797017813 222.60860797017813 2.5176380902050397
      vertex 117.4671570584178 222.4671570584178 3
      vertex 118.13134071230888 222.0318612679839 2.5176380902050397
    endloop
  endfacet
  facet normal 0.7924379065894707 0.47496900277930015 0.3826834339227853
    outer loop
      vertex 118.59502528607845 221.4066549986601 2.5176380902050397
      vertex 118.81877501308918 220.64471121877432 3
      vertex 118.995196133852 220.73901027441025 2.5176380902050397
    endloop
  endfacet
  facet normal 0.9138799306487179 0.13556128734848039 0.38268343278735956
    outer loop
      vertex 119.89357582479715 217.77744937688112 2.5176380902050397
      vertex 119.77936273813248 218.5474114343524 2.5176380902050397
      vertex 119.58316467702389 218.50838524103165 3
    endloop
  endfacet
  facet normal 0.8961920242854526 0.22448440736022596 0.3826834285140533
    outer loop
      vertex 119.77936273813248 218.5474114343524 2.5176380902050397
      vertex 119.5902301222086 219.302471190691 2.5176380902050397
      vertex 119.58316467702389 218.50838524103165 3
    endloop
  endfacet
  facet normal 0.8351772089279783 0.3950093994765075 0.3826834253171685
    outer loop
      vertex 118.995196133852 220.73901027441025 2.5176380902050397
      vertex 119.14318493753672 219.95880407094955 3
      vertex 119.32799948006868 220.03535671532154 2.5176380902050397
    endloop
  endfacet
  facet normal 0.8698732876907604 0.31124564907526997 0.3826834322175204
    outer loop
      vertex 119.5902301222086 219.302471190691 2.5176380902050397
      vertex 119.32799948006868 220.03535671532154 2.5176380902050397
      vertex 119.14318493753672 219.95880407094955 3
    endloop
  endfacet
  facet normal 0.7420669962699998 0.5503543962315908 0.3826834352247054
    outer loop
      vertex 117.97670627385378 221.90495613217354 3
      vertex 118.59502528607845 221.4066549986601 2.5176380902050397
      vertex 118.13134071230888 222.0318612679839 2.5176380902050397
    endloop
  endfacet
  facet normal 0.04533262309343939 0.9227666797827289 0.3826834304829868
    outer loop
      vertex 111.99342226982117 224.73205080628395 3
      vertex 112.75784181058407 224.69449727982283 3
      vertex 112.77744937688112 224.89357582479715 2.5176380902050397
    endloop
  endfacet
  facet normal 0.1355612840746127 0.9138799293948452 0.38268343694144225
    outer loop
      vertex 112.77744937688112 224.89357582479715 2.5176380902050397
      vertex 112.75784181058407 224.69449727982283 3
      vertex 113.50838524103165 224.5831646770239 3
    endloop
  endfacet
  facet normal 0.22448440990202922 0.896192021877032 0.382683432663207
    outer loop
      vertex 113.50838524103165 224.5831646770239 3
      vertex 114.24440206587315 224.3988020643592 3
      vertex 114.302471190691 224.5902301222086 2.5176380902050397
    endloop
  endfacet
  facet normal 0.3112456412152421 0.8698732863462962 0.38268344166635615
    outer loop
      vertex 114.302471190691 224.5902301222086 2.5176380902050397
      vertex 114.24440206587315 224.3988020643592 3
      vertex 114.95880407094955 224.14318493753672 3
    endloop
  endfacet
  facet normal 0.3950094035752054 0.835177203137775 0.38268343372312835
    outer loop
      vertex 114.95880407094955 224.14318493753672 3
      vertex 115.64471121877432 223.81877501308918 3
      vertex 115.73901027441025 223.995196133852 2.5176380902050397
    endloop
  endfacet
  facet normal 0.4749690031137705 0.7924379060023304 0.38268343472347055
    outer loop
      vertex 115.64471121877432 223.81877501308918 3
      vertex 116.29551769047976 223.42869662493467 3
      vertex 116.40665499866009 223.59502528607845 2.5176380902050397
    endloop
  endfacet
  facet normal 0.9227666798075542 0.045332622652814764 0.38268343047532166
    outer loop
      vertex 119.73205080628395 216.9934222623706 3
      vertex 119.89357582479715 217.77744937688112 2.5176380902050397
      vertex 119.69449727982283 217.75784181058407 3
    endloop
  endfacet
  facet normal 0.6204395731534232 0.684549582530504 0.3826834267674921
    outer loop
      vertex 117.03186126798391 223.13134071230888 2.5176380902050397
      vertex 116.90495613217354 222.97670627385378 3
      vertex 117.4671570584178 222.4671570584178 3
    endloop
  endfacet
  facet normal 0.5503543910550067 0.7420669969210582 0.3826834414069087
    outer loop
      vertex 116.90495613217354 222.97670627385378 3
      vertex 116.40665499866009 223.59502528607845 2.5176380902050397
      vertex 116.29551769047976 223.42869662493467 3
    endloop
  endfacet
  facet normal 0.684549582530504 0.6204395731534232 0.3826834267674921
    outer loop
      vertex 117.4671570584178 222.4671570584178 3
      vertex 117.97670627385378 221.90495613217354 3
      vertex 118.13134071230888 222.0318612679839 2.5176380902050397
    endloop
  endfacet
  facet normal 0.835177203137775 0.3950094035752054 0.38268343372312835
    outer loop
      vertex 118.995196133852 220.73901027441025 2.5176380902050397
      vertex 118.81877501308918 220.64471121877432 3
      vertex 119.14318493753672 219.95880407094955 3
    endloop
  endfacet
  facet normal 0.7924379060023304 0.4749690031137705 0.38268343472347055
    outer loop
      vertex 118.42869662493467 221.29551769047976 3
      vertex 118.81877501308918 220.64471121877432 3
      vertex 118.59502528607845 221.4066549986601 2.5176380902050397
    endloop
  endfacet
  facet normal 0.896192021877032 0.22448440990202922 0.382683432663207
    outer loop
      vertex 119.39880206435919 219.24440206587315 3
      vertex 119.58316467702389 218.50838524103165 3
      vertex 119.5902301222086 219.302471190691 2.5176380902050397
    endloop
  endfacet
  facet normal 0.8698732863462962 0.3112456412152421 0.38268344166635615
    outer loop
      vertex 119.39880206435919 219.24440206587315 3
      vertex 119.5902301222086 219.302471190691 2.5176380902050397
      vertex 119.14318493753672 219.95880407094955 3
    endloop
  endfacet
  facet normal 0.9138799293948452 0.1355612840746127 0.38268343694144225
    outer loop
      vertex 119.89357582479715 217.77744937688112 2.5176380902050397
      vertex 119.58316467702389 218.50838524103165 3
      vertex 119.69449727982283 217.75784181058407 3
    endloop
  endfacet
  facet normal 0.7420669969210582 0.5503543910550067 0.3826834414069087
    outer loop
      vertex 117.97670627385378 221.90495613217354 3
      vertex 118.42869662493467 221.29551769047976 3
      vertex 118.59502528607845 221.4066549986601 2.5176380902050397
    endloop
  endfacet
  facet normal 0 0 1
    outer loop
      vertex 90.00079258305851 213.89935906433743 4
      vertex 91.417097621447 212.8489556589288 4
      vertex 91.43059664267793 212.90284677254462 4
    endloop
  endfacet
  facet normal 0 0 1
    outer loop
      vertex 90.00079258305851 213.89935906433743 4
      vertex 91.43059664267793 212.90284677254462 4
      vertex 91.76120467488715 213.8268343236509 4
    endloop
  endfacet
  facet normal 0 0 1
    outer loop
      vertex 85.45542378860387 216.62374827481116 4
      vertex 92.18078735651648 214.71396736825997 4
      vertex 92.68530387697456 215.55570233019603 4
    endloop
  endfacet
  facet normal 0 0 1
    outer loop
      vertex 85.45542378860387 216.62374827481116 4
      vertex 92.68530387697456 215.55570233019603 4
      vertex 93.26989546637265 216.34393284163644 4
    endloop
  endfacet
  facet normal 0 0 1
    outer loop
      vertex 75.67537257174098 220.67477812953928 4
      vertex 97.17316567634913 219.23879532511287 4
      vertex 98.09715322745535 219.56940335732207 4
    endloop
  endfacet
  facet normal 0 0 1
    outer loop
      vertex 75.67537257174098 220.67477812953928 4
      vertex 98.09715322745535 219.56940335732207 4
      vertex 99.04909677983869 219.8078528040323 4
    endloop
  endfacet
  facet normal 0 0 1
    outer loop
      vertex 70.53487738887094 221.96240514177444 4
      vertex 101 220 4
      vertex 101.98017140329563 219.95184726672198 4
    endloop
  endfacet
  facet normal 0 0 1
    outer loop
      vertex 75.67537257174098 220.67477812953928 4
      vertex 99.04909677983869 219.8078528040323 4
      vertex 100.01982859670437 219.95184726672198 4
    endloop
  endfacet
  facet normal 0 0 1
    outer loop
      vertex 75.67537257174098 220.67477812953928 4
      vertex 100.01982859670437 219.95184726672198 4
      vertex 101 220 4
    endloop
  endfacet
  facet normal 0 0.1305261929468879 0.9914448612781206
    outer loop
      vertex 60 223 4
      vertex 111.95090272277594 223 4
      vertex 111.96361004561186 223.51763808727264 3.931851652578132
    endloop
  endfacet
  facet normal 0 0 1
    outer loop
      vertex 70.53487738887094 221.96240514177444 4
      vertex 101.98017140329563 219.95184726672198 4
      vertex 116.24093514680862 221.24093514680862 4
    endloop
  endfacet
  facet normal 0 0 1
    outer loop
      vertex 65.29292557779627 222.73997524029863 4
      vertex 114.82724341005087 222.28940039873123 4
      vertex 111.95090272277594 223 4
    endloop
  endfacet
  facet normal 0 0 1
    outer loop
      vertex 104.89935906433743 199.0007925830585 4
      vertex 103.90284677254465 200.43059664267793 4
      vertex 103.84895565892879 200.41709762144697 4
    endloop
  endfacet
  facet normal 0 0 1
    outer loop
      vertex 104.89935906433743 199.0007925830585 4
      vertex 104.82683432365087 200.76120467488713 4
      vertex 103.90284677254465 200.43059664267793 4
    endloop
  endfacet
  facet normal 0 0 1
    outer loop
      vertex 70.53487738887094 221.96240514177444 4
      vertex 116.24093514680862 221.24093514680862 4
      vertex 114.82724341005087 222.28940039873123 4
    endloop
  endfacet
  facet normal 0 0 1
    outer loop
      vertex 107.62374827481119 194.45542378860387 4
      vertex 109.88949475560946 189.66490534771486 4
      vertex 109.31469612302544 204.44429766980397 4
    endloop
  endfacet
  facet normal 0 0 1
    outer loop
      vertex 109.88949475560946 189.66490534771486 4
      vertex 111.67477812953928 184.67537257174098 4
      vertex 110.23879532511285 206.1731656763491 4
    endloop
  endfacet
  facet normal 0 0 1
    outer loop
      vertex 114 169 4
      vertex 116.24093514680862 221.24093514680862 4
      vertex 113.73997524029863 174.29292557779627 4
    endloop
  endfacet
  facet normal 0 0 1
    outer loop
      vertex 113.73997524029863 174.29292557779627 4
      vertex 116.24093514680862 221.24093514680862 4
      vertex 112.96240514177441 179.53487738887094 4
    endloop
  endfacet
  facet normal 0 0 1
    outer loop
      vertex 111.67477812953928 184.67537257174098 4
      vertex 112.96240514177441 179.53487738887094 4
      vertex 116.24093514680862 221.24093514680862 4
    endloop
  endfacet
  facet normal 0.03892800591491784 0.7923977109074409 0.6087614295470236
    outer loop
      vertex 111.99342226982117 224.73205080628395 3
      vertex 112.72665078938007 224.3778090402484 3.4142135623730923
      vertex 112.75784181058407 224.69449727982283 3
    endloop
  endfacet
  facet normal 0.03892800512492099 0.7923977102825024 0.6087614304109956
    outer loop
      vertex 111.98561979085207 224.4142135605216 3.4142135623730923
      vertex 112.72665078938007 224.3778090402484 3.4142135623730923
      vertex 111.99342226982117 224.73205080628395 3
    endloop
  endfacet
  facet normal 0.11640911451448457 0.7847664919938354 0.6087614237955975
    outer loop
      vertex 112.72665078938007 224.3778090402484 3.4142135623730923
      vertex 113.50838524103165 224.5831646770239 3
      vertex 112.75784181058407 224.69449727982283 3
    endloop
  endfacet
  facet normal 0.19276913307512777 0.7695775363709111 0.6087614285142765
    outer loop
      vertex 113.44630348682404 224.2710586413741 3.4142135623730923
      vertex 114.24440206587315 224.3988020643592 3
      vertex 113.50838524103165 224.5831646770239 3
    endloop
  endfacet
  facet normal 0.2672726916632981 0.7469771262981076 0.608761431989968
    outer loop
      vertex 114.1520274952054 224.09428398311138 3.4142135623730923
      vertex 114.95880407094955 224.14318493753672 3
      vertex 114.24440206587315 224.3988020643592 3
    endloop
  endfacet
  facet normal 0.3392022676963965 0.7171829294912753 0.6087614206205373
    outer loop
      vertex 114.95880407094955 224.14318493753672 3
      vertex 115.49470302462578 223.53812957555056 3.4142135623730923
      vertex 115.64471121877432 223.81877501308918 3
    endloop
  endfacet
  facet normal 0.4078651298685976 0.6804818573961159 0.6087614291263896
    outer loop
      vertex 115.49470302462578 223.53812957555056 3.4142135623730923
      vertex 116.29551769047976 223.42869662493467 3
      vertex 115.64471121877432 223.81877501308918 3
    endloop
  endfacet
  facet normal 0.7923977109329268 0.03892800553674967 0.6087614295380321
    outer loop
      vertex 119.3778090402484 217.72665078938007 3.4142135623730923
      vertex 119.73205080628395 216.9934222623706 3
      vertex 119.69449727982283 217.75784181058407 3
    endloop
  endfacet
  facet normal 0.4726000328894593 0.6372273808496288 0.6087614261830361
    outer loop
      vertex 116.70307910442352 222.7307184934616 3.4142135623730923
      vertex 116.90495613217354 222.97670627385378 3
      vertex 116.29551769047976 223.42869662493467 3
    endloop
  endfacet
  facet normal 0.5327835365469821 0.5878360493168839 0.6087614329998317
    outer loop
      vertex 116.70307910442352 222.7307184934616 3.4142135623730923
      vertex 117.4671570584178 222.4671570584178 3
      vertex 116.90495613217354 222.97670627385378 3
    endloop
  endfacet
  facet normal 0.5878360493168839 0.5327835365469821 0.6087614329998317
    outer loop
      vertex 117.4671570584178 222.4671570584178 3
      vertex 117.73071849346161 221.70307910442352 3.4142135623730923
      vertex 117.97670627385378 221.90495613217354 3
    endloop
  endfacet
  facet normal 0.6372273808496288 0.4726000328894593 0.6087614261830361
    outer loop
      vertex 117.73071849346161 221.70307910442352 3.4142135623730923
      vertex 118.42869662493467 221.29551769047976 3
      vertex 117.97670627385378 221.90495613217354 3
    endloop
  endfacet
  facet normal 0.7171829294912753 0.3392022676963965 0.6087614206205373
    outer loop
      vertex 118.53812957555056 220.49470302462578 3.4142135623730923
      vertex 119.14318493753672 219.95880407094955 3
      vertex 118.81877501308918 220.64471121877432 3
    endloop
  endfacet
  facet normal 0.6804818573961159 0.4078651298685976 0.6087614291263896
    outer loop
      vertex 118.53812957555056 220.49470302462578 3.4142135623730923
      vertex 118.81877501308918 220.64471121877432 3
      vertex 118.42869662493467 221.29551769047976 3
    endloop
  endfacet
  facet normal 0.7695775363709111 0.19276913307512777 0.6087614285142765
    outer loop
      vertex 119.27105864137411 218.44630348682404 3.4142135623730923
      vertex 119.58316467702389 218.50838524103165 3
      vertex 119.39880206435919 219.24440206587315 3
    endloop
  endfacet
  facet normal 0.7469771262981076 0.2672726916632981 0.608761431989968
    outer loop
      vertex 119.09428398311138 219.1520274952054 3.4142135623730923
      vertex 119.39880206435919 219.24440206587315 3
      vertex 119.14318493753672 219.95880407094955 3
    endloop
  endfacet
  facet normal 0.7847664919938354 0.11640911451448457 0.6087614237955975
    outer loop
      vertex 119.3778090402484 217.72665078938007 3.4142135623730923
      vertex 119.69449727982283 217.75784181058407 3
      vertex 119.58316467702389 218.50838524103165 3
    endloop
  endfacet
  facet normal 0.11640911780384913 0.7847664881633893 0.6087614281045001
    outer loop
      vertex 112.72665078938007 224.3778090402484 3.4142135623730923
      vertex 113.44630348682404 224.2710586413741 3.4142135623730923
      vertex 113.50838524103165 224.5831646770239 3
    endloop
  endfacet
  facet normal 0.19276913381910107 0.7695775353095536 0.6087614296204272
    outer loop
      vertex 113.44630348682404 224.2710586413741 3.4142135623730923
      vertex 114.1520274952054 224.09428398311138 3.4142135623730923
      vertex 114.24440206587315 224.3988020643592 3
    endloop
  endfacet
  facet normal 0.26727269214765453 0.7469771254386561 0.6087614328318995
    outer loop
      vertex 114.1520274952054 224.09428398311138 3.4142135623730923
      vertex 114.83702635020018 223.84918747097254 3.4142135623730923
      vertex 114.95880407094955 224.14318493753672 3
    endloop
  endfacet
  facet normal 0.3392022559664449 0.7171829262171118 0.6087614310137717
    outer loop
      vertex 114.83702635020018 223.84918747097254 3.4142135623730923
      vertex 115.49470302462578 223.53812957555056 3.4142135623730923
      vertex 114.95880407094955 224.14318493753672 3
    endloop
  endfacet
  facet normal 0.40786513393614116 0.6804818449911038 0.6087614402676609
    outer loop
      vertex 116.11872388422489 223.1641058549285 3.4142135623730923
      vertex 116.29551769047976 223.42869662493467 3
      vertex 115.49470302462578 223.53812957555056 3.4142135623730923
    endloop
  endfacet
  facet normal 0.7923977102981321 0.03892800473429328 0.6087614304156305
    outer loop
      vertex 119.4142135605216 216.9856197834015 3.4142135623730923
      vertex 119.73205080628395 216.9934222623706 3
      vertex 119.3778090402484 217.72665078938007 3.4142135623730923
    endloop
  endfacet
  facet normal 0.6372273804300871 0.47260002736892975 0.6087614309079511
    outer loop
      vertex 117.73071849346161 221.70307910442352 3.4142135623730923
      vertex 118.1641058549285 221.1187238842249 3.4142135623730923
      vertex 118.42869662493467 221.29551769047976 3
    endloop
  endfacet
  facet normal 0.47260002736892975 0.6372273804300871 0.6087614309079511
    outer loop
      vertex 116.11872388422489 223.1641058549285 3.4142135623730923
      vertex 116.70307910442352 222.7307184934616 3.4142135623730923
      vertex 116.29551769047976 223.42869662493467 3
    endloop
  endfacet
  facet normal 0.5327835367053431 0.5878360480090382 0.6087614341241255
    outer loop
      vertex 116.70307910442352 222.7307184934616 3.4142135623730923
      vertex 117.24214114248753 222.24214114248753 3.4142135623730923
      vertex 117.4671570584178 222.4671570584178 3
    endloop
  endfacet
  facet normal 0.5878360480090382 0.5327835367053431 0.6087614341241255
    outer loop
      vertex 117.24214114248753 222.24214114248753 3.4142135623730923
      vertex 117.73071849346161 221.70307910442352 3.4142135623730923
      vertex 117.4671570584178 222.4671570584178 3
    endloop
  endfacet
  facet normal 0.7469771254386561 0.26727269214765453 0.6087614328318995
    outer loop
      vertex 118.84918747097254 219.83702635020018 3.4142135623730923
      vertex 119.09428398311138 219.1520274952054 3.4142135623730923
      vertex 119.14318493753672 219.95880407094955 3
    endloop
  endfacet
  facet normal 0.6804818449911038 0.40786513393614116 0.6087614402676609
    outer loop
      vertex 118.53812957555056 220.49470302462578 3.4142135623730923
      vertex 118.42869662493467 221.29551769047976 3
      vertex 118.1641058549285 221.1187238842249 3.4142135623730923
    endloop
  endfacet
  facet normal 0.7171829262171118 0.3392022559664449 0.6087614310137717
    outer loop
      vertex 118.53812957555056 220.49470302462578 3.4142135623730923
      vertex 118.84918747097254 219.83702635020018 3.4142135623730923
      vertex 119.14318493753672 219.95880407094955 3
    endloop
  endfacet
  facet normal 0.7847664881633893 0.11640911780384913 0.6087614281045001
    outer loop
      vertex 119.3778090402484 217.72665078938007 3.4142135623730923
      vertex 119.58316467702389 218.50838524103165 3
      vertex 119.27105864137411 218.44630348682404 3.4142135623730923
    endloop
  endfacet
  facet normal 0.7695775353095536 0.19276913381910107 0.6087614296204272
    outer loop
      vertex 119.27105864137411 218.44630348682404 3.4142135623730923
      vertex 119.39880206435919 219.24440206587315 3
      vertex 119.09428398311138 219.1520274952054 3.4142135623730923
    endloop
  endfacet
  facet normal 0 0 1
    outer loop
      vertex 104.89935906433743 199.0007925830585 4
      vertex 105.71396736826 201.18078735651645 4
      vertex 104.82683432365087 200.76120467488713 4
    endloop
  endfacet
  facet normal 0 0 1
    outer loop
      vertex 104.89935906433743 199.0007925830585 4
      vertex 107.62374827481119 194.45542378860387 4
      vertex 107.34393284163644 202.26989546637262 4
    endloop
  endfacet
  facet normal 0 0 1
    outer loop
      vertex 104.89935906433743 199.0007925830585 4
      vertex 106.55570233019603 201.68530387697456 4
      vertex 105.71396736826 201.18078735651645 4
    endloop
  endfacet
  facet normal 0 0 1
    outer loop
      vertex 104.89935906433743 199.0007925830585 4
      vertex 107.34393284163644 202.26989546637262 4
      vertex 106.55570233019603 201.68530387697456 4
    endloop
  endfacet
  facet normal 0 0 1
    outer loop
      vertex 107.62374827481119 194.45542378860387 4
      vertex 108.07106781186548 202.92893218813452 4
      vertex 107.34393284163644 202.26989546637262 4
    endloop
  endfacet
  facet normal 0 0 1
    outer loop
      vertex 107.62374827481119 194.45542378860387 4
      vertex 108.73010453362735 203.65606715836356 4
      vertex 108.07106781186548 202.92893218813452 4
    endloop
  endfacet
  facet normal 0 0 1
    outer loop
      vertex 107.62374827481119 194.45542378860387 4
      vertex 109.31469612302544 204.44429766980397 4
      vertex 108.73010453362735 203.65606715836356 4
    endloop
  endfacet
  facet normal 0 0 1
    outer loop
      vertex 109.88949475560946 189.66490534771486 4
      vertex 109.81921264348352 205.28603263174003 4
      vertex 109.31469612302544 204.44429766980397 4
    endloop
  endfacet
  facet normal 0 0 1
    outer loop
      vertex 109.88949475560946 189.66490534771486 4
      vertex 110.23879532511285 206.1731656763491 4
      vertex 109.81921264348352 205.28603263174003 4
    endloop
  endfacet
  facet normal 0 0 1
    outer loop
      vertex 111.67477812953928 184.67537257174098 4
      vertex 110.56940335732207 207.09715322745538 4
      vertex 110.23879532511285 206.1731656763491 4
    endloop
  endfacet
  facet normal 0 0 1
    outer loop
      vertex 111.67477812953928 184.67537257174098 4
      vertex 110.80785280403228 208.04909677983872 4
      vertex 110.56940335732207 207.09715322745538 4
    endloop
  endfacet
  facet normal 0.02987050898806066 0.6080281496870106 0.793353339868803
    outer loop
      vertex 111.98561979085207 224.4142135605216 3.4142135623730923
      vertex 112.68600175529718 223.96509289741516 3.732050807568882
      vertex 112.72665078938007 224.3778090402484 3.4142135623730923
    endloop
  endfacet
  facet normal 0.029870507773511874 0.6080281484799956 0.7933533408395914
    outer loop
      vertex 111.97545136511326 224 3.732050807568882
      vertex 112.68600175529718 223.96509289741516 3.732050807568882
      vertex 111.98561979085207 224.4142135605216 3.4142135623730923
    endloop
  endfacet
  facet normal 0 0 1
    outer loop
      vertex 101.98017140329563 219.95184726672198 4
      vertex 102.95090322016131 219.8078528040323 4
      vertex 116.24093514680862 221.24093514680862 4
    endloop
  endfacet
  facet normal 0 0 1
    outer loop
      vertex 102.95090322016131 219.8078528040323 4
      vertex 103.90284677254465 219.56940335732207 4
      vertex 116.24093514680862 221.24093514680862 4
    endloop
  endfacet
  facet normal 0 0 1
    outer loop
      vertex 103.90284677254465 219.56940335732207 4
      vertex 104.82683432365087 219.23879532511287 4
      vertex 116.24093514680862 221.24093514680862 4
    endloop
  endfacet
  facet normal 0 0 1
    outer loop
      vertex 108.73010453362735 216.34393284163644 4
      vertex 109.31469612302544 215.55570233019603 4
      vertex 116.24093514680862 221.24093514680862 4
    endloop
  endfacet
  facet normal 0 0 1
    outer loop
      vertex 110.56940335732207 212.90284677254462 4
      vertex 116.24093514680862 221.24093514680862 4
      vertex 110.23879532511285 213.8268343236509 4
    endloop
  endfacet
  facet normal 0 0 1
    outer loop
      vertex 109.31469612302544 215.55570233019603 4
      vertex 109.81921264348352 214.71396736825997 4
      vertex 116.24093514680862 221.24093514680862 4
    endloop
  endfacet
  facet normal 0 0 1
    outer loop
      vertex 110.23879532511285 213.8268343236509 4
      vertex 116.24093514680862 221.24093514680862 4
      vertex 109.81921264348352 214.71396736825997 4
    endloop
  endfacet
  facet normal 0.018777386101622558 0.38222247145018146 0.9238795333211499
    outer loop
      vertex 111.97545136511326 224 3.732050807568882
      vertex 111.96361004561186 223.51763808727264 3.931851652578132
      vertex 112.68600175529718 223.96509289741516 3.732050807568882
    endloop
  endfacet
  facet normal 0.018777388552558075 0.38222246809150034 0.9238795346608714
    outer loop
      vertex 111.96361004561186 223.51763808727264 3.931851652578132
      vertex 112.63866506516933 223.4844747558236 3.931851652578132
      vertex 112.68600175529718 223.96509289741516 3.732050807568882
    endloop
  endfacet
  facet normal 0 0 1
    outer loop
      vertex 105.71396736826 218.81921264348355 4
      vertex 106.55570233019603 218.31469612302544 4
      vertex 116.24093514680862 221.24093514680862 4
    endloop
  endfacet
  facet normal 0 0 1
    outer loop
      vertex 104.82683432365087 219.23879532511287 4
      vertex 105.71396736826 218.81921264348355 4
      vertex 116.24093514680862 221.24093514680862 4
    endloop
  endfacet
  facet normal 0 0 1
    outer loop
      vertex 107.34393284163644 217.73010453362738 4
      vertex 116.24093514680862 221.24093514680862 4
      vertex 106.55570233019603 218.31469612302544 4
    endloop
  endfacet
  facet normal 0 0 1
    outer loop
      vertex 107.34393284163644 217.73010453362738 4
      vertex 108.07106781186548 217.07106781186548 4
      vertex 116.24093514680862 221.24093514680862 4
    endloop
  endfacet
  facet normal 0 0 1
    outer loop
      vertex 108.07106781186548 217.07106781186548 4
      vertex 108.73010453362735 216.34393284163644 4
      vertex 116.24093514680862 221.24093514680862 4
    endloop
  endfacet
  facet normal 0.0064046165733980046 0.1303689681790182 0.9914448613122597
    outer loop
      vertex 111.95090272277594 223 4
      vertex 112.58786646276712 222.96870797872543 4
      vertex 111.96361004561186 223.51763808727264 3.931851652578132
    endloop
  endfacet
  facet normal 0.0064046177273276005 0.13036896946930554 0.9914448611351405
    outer loop
      vertex 111.96361004561186 223.51763808727264 3.931851652578132
      vertex 112.58786646276712 222.96870797872543 4
      vertex 112.63866506516933 223.4844747558236 3.931851652578132
    endloop
  endfacet
  facet normal 0 0 1
    outer loop
      vertex 111.67477812953928 184.67537257174098 4
      vertex 116.24093514680862 221.24093514680862 4
      vertex 110.80785280403228 208.04909677983872 4
    endloop
  endfacet
  facet normal 0.08932385752070089 0.6021725041662463 0.7933533410175907
    outer loop
      vertex 112.72665078938007 224.3778090402484 3.4142135623730923
      vertex 113.36539699137211 223.86431413143873 3.732050807568882
      vertex 113.44630348682404 224.2710586413741 3.4142135623730923
    endloop
  endfacet
  facet normal 0.14791695908702834 0.5905176132165605 0.7933533397518806
    outer loop
      vertex 113.36539699137211 223.86431413143873 3.732050807568882
      vertex 114.1520274952054 224.09428398311138 3.4142135623730923
      vertex 113.44630348682404 224.2710586413741 3.4142135623730923
    endloop
  endfacet
  facet normal 0.20508555059835798 0.5731757098863415 0.7933533402791324
    outer loop
      vertex 114.1520274952054 224.09428398311138 3.4142135623730923
      vertex 114.6783225312829 223.46604251861572 3.732050807568882
      vertex 114.83702635020018 223.84918747097254 3.4142135623730923
    endloop
  endfacet
  facet normal 0.2602790464702067 0.5503138168956291 0.7933533392520158
    outer loop
      vertex 114.6783225312829 223.46604251861572 3.732050807568882
      vertex 115.49470302462578 223.53812957555056 3.4142135623730923
      vertex 114.83702635020018 223.84918747097254 3.4142135623730923
    endloop
  endfacet
  facet normal 0.31296593005112244 0.5221520933777304 0.7933533374282168
    outer loop
      vertex 115.88832162320614 222.8192845210433 3.732050807568882
      vertex 116.11872388422489 223.1641058549285 3.4142135623730923
      vertex 115.49470302462578 223.53812957555056 3.4142135623730923
    endloop
  endfacet
  facet normal 0.3626387579415075 0.4889617697484701 0.793353338029837
    outer loop
      vertex 115.88832162320614 222.8192845210433 3.732050807568882
      vertex 116.70307910442352 222.7307184934616 3.4142135623730923
      vertex 116.11872388422489 223.1641058549285 3.4142135623730923
    endloop
  endfacet
  facet normal 0.08932385519539096 0.6021725023085599 0.7933533426894224
    outer loop
      vertex 112.68600175529718 223.96509289741516 3.732050807568882
      vertex 113.36539699137211 223.86431413143873 3.732050807568882
      vertex 112.72665078938007 224.3778090402484 3.4142135623730923
    endloop
  endfacet
  facet normal 0.14791696012702593 0.5905176113309518 0.7933533409614955
    outer loop
      vertex 113.36539699137211 223.86431413143873 3.732050807568882
      vertex 114.03164263814688 223.6974282860756 3.732050807568882
      vertex 114.1520274952054 224.09428398311138 3.4142135623730923
    endloop
  endfacet
  facet normal 0.20508554979499485 0.573175709470428 0.7933533407872915
    outer loop
      vertex 114.03164263814688 223.6974282860756 3.732050807568882
      vertex 114.6783225312829 223.46604251861572 3.732050807568882
      vertex 114.1520274952054 224.09428398311138 3.4142135623730923
    endloop
  endfacet
  facet normal 0.260279049004264 0.5503138089211302 0.79335334395221
    outer loop
      vertex 115.29920863360167 223.17238526046276 3.732050807568882
      vertex 115.49470302462578 223.53812957555056 3.4142135623730923
      vertex 114.6783225312829 223.46604251861572 3.732050807568882
    endloop
  endfacet
  facet normal 0.3129659209439794 0.5221520907454199 0.7933533427533241
    outer loop
      vertex 115.29920863360167 223.17238526046276 3.732050807568882
      vertex 115.88832162320614 222.8192845210433 3.732050807568882
      vertex 115.49470302462578 223.53812957555056 3.4142135623730923
    endloop
  endfacet
  facet normal 0.6080281497109934 0.029870508688910478 0.7933533398616858
    outer loop
      vertex 118.96509289741516 217.68600175529718 3.732050807568882
      vertex 119.4142135605216 216.9856197834015 3.4142135623730923
      vertex 119.3778090402484 217.72665078938007 3.4142135623730923
    endloop
  endfacet
  facet normal 0.6080281488177635 0.029870507790105343 0.7933533405801004
    outer loop
      vertex 119 216.97545136511326 3.732050807568882
      vertex 119.4142135605216 216.9856197834015 3.4142135623730923
      vertex 118.96509289741516 217.68600175529718 3.732050807568882
    endloop
  endfacet
  facet normal 0.6021725023085599 0.08932385519539096 0.7933533426894224
    outer loop
      vertex 118.96509289741516 217.68600175529718 3.732050807568882
      vertex 119.3778090402484 217.72665078938007 3.4142135623730923
      vertex 118.86431413143873 218.3653969913721 3.732050807568882
    endloop
  endfacet
  facet normal 0.4889617697484701 0.3626387579415075 0.793353338029837
    outer loop
      vertex 117.8192845210433 220.88832162320614 3.732050807568882
      vertex 118.1641058549285 221.1187238842249 3.4142135623730923
      vertex 117.73071849346161 221.70307910442352 3.4142135623730923
    endloop
  endfacet
  facet normal 0.4088191875911615 0.4510624653868813 0.7933533413154641
    outer loop
      vertex 116.70307910442352 222.7307184934616 3.4142135623730923
      vertex 116.94889469444752 221.94889469444752 3.732050807568882
      vertex 117.24214114248753 222.24214114248753 3.4142135623730923
    endloop
  endfacet
  facet normal 0.45106246538688133 0.4088191875911614 0.7933533413154642
    outer loop
      vertex 116.94889469444752 221.94889469444752 3.732050807568882
      vertex 117.73071849346161 221.70307910442352 3.4142135623730923
      vertex 117.24214114248753 222.24214114248753 3.4142135623730923
    endloop
  endfacet
  facet normal 0.5731757098863416 0.20508555059835798 0.7933533402791324
    outer loop
      vertex 118.46604251861572 219.6783225312829 3.732050807568882
      vertex 119.09428398311138 219.1520274952054 3.4142135623730923
      vertex 118.84918747097254 219.83702635020018 3.4142135623730923
    endloop
  endfacet
  facet normal 0.5221520933777304 0.31296593005112244 0.7933533374282168
    outer loop
      vertex 117.8192845210433 220.88832162320614 3.732050807568882
      vertex 118.53812957555056 220.49470302462578 3.4142135623730923
      vertex 118.1641058549285 221.1187238842249 3.4142135623730923
    endloop
  endfacet
  facet normal 0.5503138168956291 0.2602790464702067 0.7933533392520158
    outer loop
      vertex 118.46604251861572 219.6783225312829 3.732050807568882
      vertex 118.84918747097254 219.83702635020018 3.4142135623730923
      vertex 118.53812957555056 220.49470302462578 3.4142135623730923
    endloop
  endfacet
  facet normal 0.6021725041662463 0.08932385752070089 0.7933533410175907
    outer loop
      vertex 119.3778090402484 217.72665078938007 3.4142135623730923
      vertex 119.27105864137411 218.44630348682404 3.4142135623730923
      vertex 118.86431413143873 218.3653969913721 3.732050807568882
    endloop
  endfacet
  facet normal 0.5905176132165605 0.14791695908702834 0.7933533397518806
    outer loop
      vertex 118.86431413143873 218.3653969913721 3.732050807568882
      vertex 119.27105864137411 218.44630348682404 3.4142135623730923
      vertex 119.09428398311138 219.1520274952054 3.4142135623730923
    endloop
  endfacet
  facet normal 0.4889617620366373 0.3626387588036253 0.7933533423887449
    outer loop
      vertex 117.41014093160629 221.43998789042234 3.732050807568882
      vertex 117.8192845210433 220.88832162320614 3.732050807568882
      vertex 117.73071849346161 221.70307910442352 3.4142135623730923
    endloop
  endfacet
  facet normal 0.40881918482724466 0.45106246515132453 0.7933533428736512
    outer loop
      vertex 116.43998789042234 222.4101409316063 3.732050807568882
      vertex 116.94889469444752 221.94889469444752 3.732050807568882
      vertex 116.70307910442352 222.7307184934616 3.4142135623730923
    endloop
  endfacet
  facet normal 0.3626387588036253 0.4889617620366373 0.7933533423887449
    outer loop
      vertex 115.88832162320614 222.8192845210433 3.732050807568882
      vertex 116.43998789042234 222.4101409316063 3.732050807568882
      vertex 116.70307910442352 222.7307184934616 3.4142135623730923
    endloop
  endfacet
  facet normal 0.45106246515132453 0.40881918482724466 0.7933533428736512
    outer loop
      vertex 117.41014093160629 221.43998789042234 3.732050807568882
      vertex 117.73071849346161 221.70307910442352 3.4142135623730923
      vertex 116.94889469444752 221.94889469444752 3.732050807568882
    endloop
  endfacet
  facet normal 0.573175709470428 0.20508554979499485 0.7933533407872915
    outer loop
      vertex 118.46604251861572 219.6783225312829 3.732050807568882
      vertex 118.69742828607559 219.03164263814688 3.732050807568882
      vertex 119.09428398311138 219.1520274952054 3.4142135623730923
    endloop
  endfacet
  facet normal 0.5905176113309518 0.14791696012702593 0.7933533409614955
    outer loop
      vertex 118.86431413143873 218.3653969913721 3.732050807568882
      vertex 119.09428398311138 219.1520274952054 3.4142135623730923
      vertex 118.69742828607559 219.03164263814688 3.732050807568882
    endloop
  endfacet
  facet normal 0.5221520907454199 0.3129659209439794 0.7933533427533241
    outer loop
      vertex 117.8192845210433 220.88832162320614 3.732050807568882
      vertex 118.17238526046276 220.29920863360167 3.732050807568882
      vertex 118.53812957555056 220.49470302462578 3.4142135623730923
    endloop
  endfacet
  facet normal 0.5503138089211302 0.260279049004264 0.79335334395221
    outer loop
      vertex 118.46604251861572 219.6783225312829 3.732050807568882
      vertex 118.53812957555056 220.49470302462578 3.4142135623730923
      vertex 118.17238526046276 220.29920863360167 3.732050807568882
    endloop
  endfacet
  facet normal 0 0 1
    outer loop
      vertex 110.80785280403228 208.04909677983872 4
      vertex 116.24093514680862 221.24093514680862 4
      vertex 110.95184726672198 209.0198285967044 4
    endloop
  endfacet
  facet normal 0 0 1
    outer loop
      vertex 110.95184726672198 209.0198285967044 4
      vertex 116.24093514680862 221.24093514680862 4
      vertex 111 210 4
    endloop
  endfacet
  facet normal 0 0 1
    outer loop
      vertex 111 210 4
      vertex 116.24093514680862 221.24093514680862 4
      vertex 110.95184726672198 210.9801714032956 4
    endloop
  endfacet
  facet normal 0 0 1
    outer loop
      vertex 110.95184726672198 210.9801714032956 4
      vertex 116.24093514680862 221.24093514680862 4
      vertex 110.80785280403228 211.95090322016128 4
    endloop
  endfacet
  facet normal 0 0 1
    outer loop
      vertex 110.56940335732207 212.90284677254462 4
      vertex 110.80785280403228 211.95090322016128 4
      vertex 116.24093514680862 221.24093514680862 4
    endloop
  endfacet
  facet normal 0.05615132302484748 0.3785414615149009 0.9238795326430399
    outer loop
      vertex 112.68600175529718 223.96509289741516 3.732050807568882
      vertex 113.2711792960763 223.39065013080835 3.931851652578132
      vertex 113.36539699137211 223.86431413143873 3.732050807568882
    endloop
  endfacet
  facet normal 0.09298448854182567 0.37121488987736917 0.9238795324196482
    outer loop
      vertex 113.36539699137211 223.86431413143873 3.732050807568882
      vertex 113.891451574862 223.2352800220251 3.931851652578132
      vertex 114.03164263814688 223.6974282860756 3.732050807568882
    endloop
  endfacet
  facet normal 0.12892216812232613 0.36031331926528304 0.9238795303104581
    outer loop
      vertex 114.03164263814688 223.6974282860756 3.732050807568882
      vertex 113.891451574862 223.2352800220251 3.931851652578132
      vertex 114.6783225312829 223.46604251861572 3.732050807568882
    endloop
  endfacet
  facet normal 0.056151322628718574 0.3785414611690334 0.9238795328088283
    outer loop
      vertex 112.68600175529718 223.96509289741516 3.732050807568882
      vertex 112.63866506516933 223.4844747558236 3.931851652578132
      vertex 113.2711792960763 223.39065013080835 3.931851652578132
    endloop
  endfacet
  facet normal 0.12892217045245383 0.36031331311507514 0.9238795323838852
    outer loop
      vertex 113.891451574862 223.2352800220251 3.931851652578132
      vertex 114.49350795149803 223.01986079663038 3.931851652578132
      vertex 114.6783225312829 223.46604251861572 3.732050807568882
    endloop
  endfacet
  facet normal 0.09298448309013849 0.3712148859887443 0.9238795345307869
    outer loop
      vertex 113.36539699137211 223.86431413143873 3.732050807568882
      vertex 113.2711792960763 223.39065013080835 3.931851652578132
      vertex 113.891451574862 223.2352800220251 3.931851652578132
    endloop
  endfacet
  facet normal 0.16361825052202647 0.3459417229248943 0.9238795335084911
    outer loop
      vertex 115.29920863360167 223.17238526046276 3.732050807568882
      vertex 114.6783225312829 223.46604251861572 3.732050807568882
      vertex 115.07155056297779 222.74646700173616 3.931851652578132
    endloop
  endfacet
  facet normal 0.19673860293204332 0.32823852687043054 0.9238795330530261
    outer loop
      vertex 115.29920863360167 223.17238526046276 3.732050807568882
      vertex 115.6200125515461 222.41773153841496 3.931851652578132
      vertex 115.88832162320614 222.8192845210433 3.732050807568882
    endloop
  endfacet
  facet normal 0.22796425587129618 0.307374216148143 0.9238795318072378
    outer loop
      vertex 115.88832162320614 222.8192845210433 3.732050807568882
      vertex 115.6200125515461 222.41773153841496 3.931851652578132
      vertex 116.43998789042234 222.4101409316063 3.732050807568882
    endloop
  endfacet
  facet normal 0.1636182496980435 0.34594172255372024 0.9238795337934019
    outer loop
      vertex 114.6783225312829 223.46604251861572 3.732050807568882
      vertex 114.49350795149803 223.01986079663038 3.931851652578132
      vertex 115.07155056297779 222.74646700173616 3.931851652578132
    endloop
  endfacet
  facet normal 0.19673860023221898 0.32823852596053693 0.9238795339512188
    outer loop
      vertex 115.29920863360167 223.17238526046276 3.732050807568882
      vertex 115.07155056297779 222.74646700173616 3.931851652578132
      vertex 115.6200125515461 222.41773153841496 3.931851652578132
    endloop
  endfacet
  facet normal 0.22796425587895974 0.30737421603500714 0.923879531842987
    outer loop
      vertex 115.6200125515461 222.41773153841496 3.931851652578132
      vertex 116.13361167907715 222.0368204638362 3.931851652578132
      vertex 116.43998789042234 222.4101409316063 3.732050807568882
    endloop
  endfacet
  facet normal 0 0 1
    outer loop
      vertex 111.95090272277594 223 4
      vertex 113.17007135599852 222.88234603405 4
      vertex 112.58786646276712 222.96870797872543 4
    endloop
  endfacet
  facet normal 0.01915217166109085 0.1291134434153727 0.9914448613261806
    outer loop
      vertex 112.58786646276712 222.96870797872543 4
      vertex 113.17007135599852 222.88234603405 4
      vertex 113.2711792960763 223.39065013080835 3.931851652578132
    endloop
  endfacet
  facet normal 0 0 1
    outer loop
      vertex 111.95090272277594 223 4
      vertex 114.82724341005087 222.28940039873123 4
      vertex 113.17007135599852 222.88234603405 4
    endloop
  endfacet
  facet normal 0.019152170745631268 0.12911344487016796 0.9914448611544106
    outer loop
      vertex 112.58786646276712 222.96870797872543 4
      vertex 113.2711792960763 223.39065013080835 3.931851652578132
      vertex 112.63866506516933 223.4844747558236 3.931851652578132
    endloop
  endfacet
  facet normal 0.03171527623922085 0.1266144872992525 0.9914448612298201
    outer loop
      vertex 113.17007135599852 222.88234603405 4
      vertex 113.891451574862 223.2352800220251 3.931851652578132
      vertex 113.2711792960763 223.39065013080835 3.931851652578132
    endloop
  endfacet
  facet normal 0.04397295116684608 0.122896160270719 0.9914448614806533
    outer loop
      vertex 113.891451574862 223.2352800220251 3.931851652578132
      vertex 114.29517758637667 222.54104878753424 4
      vertex 114.49350795149803 223.01986079663038 3.931851652578132
    endloop
  endfacet
  facet normal 0.03171527698349349 0.12661448581011825 0.9914448613961846
    outer loop
      vertex 113.17007135599852 222.88234603405 4
      vertex 113.74100787937641 222.7393338829279 4
      vertex 113.891451574862 223.2352800220251 3.931851652578132
    endloop
  endfacet
  facet normal 0.04397294980371419 0.12289615949339117 0.9914448616374664
    outer loop
      vertex 113.74100787937641 222.7393338829279 4
      vertex 114.29517758637667 222.54104878753424 4
      vertex 113.891451574862 223.2352800220251 3.931851652578132
    endloop
  endfacet
  facet normal 0 0 1
    outer loop
      vertex 113.17007135599852 222.88234603405 4
      vertex 114.82724341005087 222.28940039873123 4
      vertex 113.74100787937641 222.7393338829279 4
    endloop
  endfacet
  facet normal 0 0 1
    outer loop
      vertex 113.74100787937641 222.7393338829279 4
      vertex 114.82724341005087 222.28940039873123 4
      vertex 114.29517758637667 222.54104878753424 4
    endloop
  endfacet
  facet normal 0.05580713919205804 0.1179942818024574 0.9914448611380868
    outer loop
      vertex 114.82724341005087 222.28940039873123 4
      vertex 115.07155056297779 222.74646700173616 3.931851652578132
      vertex 114.49350795149803 223.01986079663038 3.931851652578132
    endloop
  endfacet
  facet normal 0.06710387468135663 0.11195605176437556 0.9914448610366999
    outer loop
      vertex 114.82724341005087 222.28940039873123 4
      vertex 115.6200125515461 222.41773153841496 3.931851652578132
      vertex 115.07155056297779 222.74646700173616 3.931851652578132
    endloop
  endfacet
  facet normal 0.05580713781578874 0.11799428118771545 0.9914448612887172
    outer loop
      vertex 114.29517758637667 222.54104878753424 4
      vertex 114.82724341005087 222.28940039873123 4
      vertex 114.49350795149803 223.01986079663038 3.931851652578132
    endloop
  endfacet
  facet normal 0.06710387477477299 0.11195605121677316 0.9914448610922136
    outer loop
      vertex 114.82724341005087 222.28940039873123 4
      vertex 115.3320813626051 221.98681217432022 4
      vertex 115.6200125515461 222.41773153841496 3.931851652578132
    endloop
  endfacet
  facet normal 0.07775436244145091 0.10483962104757596 0.9914448612907952
    outer loop
      vertex 115.3320813626051 221.98681217432022 4
      vertex 116.13361167907715 222.0368204638362 3.931851652578132
      vertex 115.6200125515461 222.41773153841496 3.931851652578132
    endloop
  endfacet
  facet normal 0.07775436248945905 0.10483962037053587 0.9914448613586233
    outer loop
      vertex 115.3320813626051 221.98681217432022 4
      vertex 115.80482951551676 221.63619824498892 4
      vertex 116.13361167907715 222.0368204638362 3.931851652578132
    endloop
  endfacet
  facet normal 0 0 1
    outer loop
      vertex 116.24093514680862 221.24093514680862 4
      vertex 115.3320813626051 221.98681217432022 4
      vertex 114.82724341005087 222.28940039873123 4
    endloop
  endfacet
  facet normal 0.08765603247703199 0.0967135296867493 0.9914448613745073
    outer loop
      vertex 116.24093514680862 221.24093514680862 4
      vertex 116.13361167907715 222.0368204638362 3.931851652578132
      vertex 115.80482951551676 221.63619824498892 4
    endloop
  endfacet
  facet normal 0 0 1
    outer loop
      vertex 116.24093514680862 221.24093514680862 4
      vertex 115.80482951551676 221.63619824498892 4
      vertex 115.3320813626051 221.98681217432022 4
    endloop
  endfacet
  facet normal 0.3822224712029183 0.018777386089475295 0.9238795334236933
    outer loop
      vertex 119 216.97545136511326 3.732050807568882
      vertex 118.96509289741516 217.68600175529718 3.732050807568882
      vertex 118.51763808727264 216.96361003816128 3.931851652578132
    endloop
  endfacet
  facet normal 0.38222246811032656 0.018777388346236976 0.9238795346572761
    outer loop
      vertex 118.96509289741516 217.68600175529718 3.732050807568882
      vertex 118.48447475582361 217.63866506516933 3.931851652578132
      vertex 118.51763808727264 216.96361003816128 3.931851652578132
    endloop
  endfacet
  facet normal 0.3785414611690334 0.056151322628718574 0.9238795328088283
    outer loop
      vertex 118.96509289741516 217.68600175529718 3.732050807568882
      vertex 118.39065013080835 218.2711792960763 3.931851652578132
      vertex 118.48447475582361 217.63866506516933 3.931851652578132
    endloop
  endfacet
  facet normal 0 0 1
    outer loop
      vertex 118 216.95090272277594 4
      vertex 117.96870797872543 217.58786646276712 4
      vertex 117.88234603404999 218.17007135599852 4
    endloop
  endfacet
  facet normal 0.13036896947617516 0.006404617656977325 0.9914448611346917
    outer loop
      vertex 117.96870797872543 217.58786646276712 4
      vertex 118.51763808727264 216.96361003816128 3.931851652578132
      vertex 118.48447475582361 217.63866506516933 3.931851652578132
    endloop
  endfacet
  facet normal 0.12911344487016796 0.019152170745631268 0.9914448611544106
    outer loop
      vertex 117.96870797872543 217.58786646276712 4
      vertex 118.48447475582361 217.63866506516933 3.931851652578132
      vertex 118.39065013080835 218.2711792960763 3.931851652578132
    endloop
  endfacet
  facet normal 0.13036896826952282 0.006404616577844211 0.9914448613003302
    outer loop
      vertex 118 216.95090272277594 4
      vertex 118.51763808727264 216.96361003816128 3.931851652578132
      vertex 117.96870797872543 217.58786646276712 4
    endloop
  endfacet
  facet normal 0.307374216148143 0.22796425587129618 0.9238795318072378
    outer loop
      vertex 117.41014093160629 221.43998789042234 3.732050807568882
      vertex 117.41773153841496 220.6200125515461 3.931851652578132
      vertex 117.8192845210433 220.88832162320614 3.732050807568882
    endloop
  endfacet
  facet normal 0.32823852687043054 0.19673860293204332 0.9238795330530261
    outer loop
      vertex 117.8192845210433 220.88832162320614 3.732050807568882
      vertex 117.41773153841496 220.6200125515461 3.931851652578132
      vertex 118.17238526046276 220.29920863360167 3.732050807568882
    endloop
  endfacet
  facet normal 0.30737421603500714 0.22796425587895974 0.923879531842987
    outer loop
      vertex 117.41014093160629 221.43998789042234 3.732050807568882
      vertex 117.0368204638362 221.13361167907715 3.931851652578132
      vertex 117.41773153841496 220.6200125515461 3.931851652578132
    endloop
  endfacet
  facet normal 0.32823852596053693 0.19673860023221895 0.9238795339512188
    outer loop
      vertex 117.41773153841496 220.6200125515461 3.931851652578132
      vertex 117.74646700173616 220.0715505629778 3.931851652578132
      vertex 118.17238526046276 220.29920863360167 3.732050807568882
    endloop
  endfacet
  facet normal 0.34594172255372024 0.16361824969804353 0.9238795337934019
    outer loop
      vertex 118.01986079663038 219.49350795149803 3.931851652578132
      vertex 118.46604251861572 219.6783225312829 3.732050807568882
      vertex 117.74646700173616 220.0715505629778 3.931851652578132
    endloop
  endfacet
  facet normal 0.2569944849822848 0.283549721316012 0.923879532314848
    outer loop
      vertex 116.13361167907715 222.0368204638362 3.931851652578132
      vertex 116.94889469444752 221.94889469444752 3.732050807568882
      vertex 116.43998789042234 222.4101409316063 3.732050807568882
    endloop
  endfacet
  facet normal 0.28354972131601197 0.2569944849822848 0.923879532314848
    outer loop
      vertex 117.41014093160629 221.43998789042234 3.732050807568882
      vertex 116.94889469444752 221.94889469444752 3.732050807568882
      vertex 117.0368204638362 221.13361167907715 3.931851652578132
    endloop
  endfacet
  facet normal 0.2569944849809714 0.28354972127302136 0.9238795323284076
    outer loop
      vertex 116.13361167907715 222.0368204638362 3.931851652578132
      vertex 116.60740197449923 221.60740197449923 3.931851652578132
      vertex 116.94889469444752 221.94889469444752 3.732050807568882
    endloop
  endfacet
  facet normal 0.28354972127302136 0.2569944849809714 0.9238795323284076
    outer loop
      vertex 117.0368204638362 221.13361167907715 3.931851652578132
      vertex 116.94889469444752 221.94889469444752 3.732050807568882
      vertex 116.60740197449923 221.60740197449923 3.931851652578132
    endloop
  endfacet
  facet normal 0.36031331926528304 0.12892216812232613 0.9238795303104581
    outer loop
      vertex 118.46604251861572 219.6783225312829 3.732050807568882
      vertex 118.23528002202511 218.891451574862 3.931851652578132
      vertex 118.69742828607559 219.03164263814688 3.732050807568882
    endloop
  endfacet
  facet normal 0.3785414615149009 0.05615132302484748 0.9238795326430399
    outer loop
      vertex 118.96509289741516 217.68600175529718 3.732050807568882
      vertex 118.86431413143873 218.3653969913721 3.732050807568882
      vertex 118.39065013080835 218.2711792960763 3.931851652578132
    endloop
  endfacet
  facet normal 0.37121488987736917 0.09298448854182567 0.9238795324196482
    outer loop
      vertex 118.86431413143873 218.3653969913721 3.732050807568882
      vertex 118.69742828607559 219.03164263814688 3.732050807568882
      vertex 118.23528002202511 218.891451574862 3.931851652578132
    endloop
  endfacet
  facet normal 0.3459417229248943 0.16361825052202644 0.9238795335084911
    outer loop
      vertex 117.74646700173616 220.0715505629778 3.931851652578132
      vertex 118.46604251861572 219.6783225312829 3.732050807568882
      vertex 118.17238526046276 220.29920863360167 3.732050807568882
    endloop
  endfacet
  facet normal 0.3712148859887443 0.09298448309013849 0.9238795345307869
    outer loop
      vertex 118.86431413143873 218.3653969913721 3.732050807568882
      vertex 118.23528002202511 218.891451574862 3.931851652578132
      vertex 118.39065013080835 218.2711792960763 3.931851652578132
    endloop
  endfacet
  facet normal 0.36031331311507514 0.12892217045245383 0.9238795323838852
    outer loop
      vertex 118.01986079663038 219.49350795149803 3.931851652578132
      vertex 118.23528002202511 218.891451574862 3.931851652578132
      vertex 118.46604251861572 219.6783225312829 3.732050807568882
    endloop
  endfacet
  facet normal 0.09671352977510501 0.08765603317702786 0.9914448613039999
    outer loop
      vertex 116.24093514680862 221.24093514680862 4
      vertex 117.0368204638362 221.13361167907715 3.931851652578132
      vertex 116.60740197449923 221.60740197449923 3.931851652578132
    endloop
  endfacet
  facet normal 0.10483962104757596 0.07775436244145091 0.9914448612907952
    outer loop
      vertex 116.98681217432022 220.3320813626051 4
      vertex 117.41773153841496 220.6200125515461 3.931851652578132
      vertex 117.0368204638362 221.13361167907715 3.931851652578132
    endloop
  endfacet
  facet normal 0.0967135296867493 0.08765603247703199 0.9914448613745073
    outer loop
      vertex 116.24093514680862 221.24093514680862 4
      vertex 116.63619824498892 220.80482951551676 4
      vertex 117.0368204638362 221.13361167907715 3.931851652578132
    endloop
  endfacet
  facet normal 0 0 1
    outer loop
      vertex 116.24093514680862 221.24093514680862 4
      vertex 116.98681217432022 220.3320813626051 4
      vertex 116.63619824498892 220.80482951551676 4
    endloop
  endfacet
  facet normal 0 0 1
    outer loop
      vertex 116.24093514680862 221.24093514680862 4
      vertex 117.54104878753424 219.29517758637667 4
      vertex 116.98681217432022 220.3320813626051 4
    endloop
  endfacet
  facet normal 0.10483962037053587 0.07775436248945905 0.9914448613586233
    outer loop
      vertex 116.63619824498892 220.80482951551676 4
      vertex 116.98681217432022 220.3320813626051 4
      vertex 117.0368204638362 221.13361167907715 3.931851652578132
    endloop
  endfacet
  facet normal 0.122896160270719 0.04397295116684607 0.9914448614806533
    outer loop
      vertex 117.54104878753424 219.29517758637667 4
      vertex 118.23528002202511 218.891451574862 3.931851652578132
      vertex 118.01986079663038 219.49350795149803 3.931851652578132
    endloop
  endfacet
  facet normal 0.11799428118771545 0.05580713781578874 0.9914448612887172
    outer loop
      vertex 117.54104878753424 219.29517758637667 4
      vertex 118.01986079663038 219.49350795149803 3.931851652578132
      vertex 117.28940039873123 219.82724341005087 4
    endloop
  endfacet
  facet normal 0 0 1
    outer loop
      vertex 116.24093514680862 221.24093514680862 4
      vertex 118 216.95090272277594 4
      vertex 117.54104878753424 219.29517758637667 4
    endloop
  endfacet
  facet normal 0.1291134434153727 0.01915217166109085 0.9914448613261806
    outer loop
      vertex 117.96870797872543 217.58786646276712 4
      vertex 118.39065013080835 218.2711792960763 3.931851652578132
      vertex 117.88234603404999 218.17007135599852 4
    endloop
  endfacet
  facet normal 0.12661448581011825 0.03171527698349349 0.9914448613961846
    outer loop
      vertex 117.88234603404999 218.17007135599852 4
      vertex 118.23528002202511 218.891451574862 3.931851652578132
      vertex 117.7393338829279 218.7410078793764 4
    endloop
  endfacet
  facet normal 0 0 1
    outer loop
      vertex 118 216.95090272277594 4
      vertex 117.88234603404999 218.17007135599852 4
      vertex 117.54104878753424 219.29517758637667 4
    endloop
  endfacet
  facet normal 0 0 1
    outer loop
      vertex 117.54104878753424 219.29517758637667 4
      vertex 117.88234603404999 218.17007135599852 4
      vertex 117.7393338829279 218.7410078793764 4
    endloop
  endfacet
  facet normal 0.12289615949339117 0.04397294980371419 0.9914448616374664
    outer loop
      vertex 117.54104878753424 219.29517758637667 4
      vertex 117.7393338829279 218.7410078793764 4
      vertex 118.23528002202511 218.891451574862 3.931851652578132
    endloop
  endfacet
  facet normal 0.11195605176437556 0.06710387468135663 0.9914448610366999
    outer loop
      vertex 117.28940039873123 219.82724341005087 4
      vertex 117.74646700173616 220.0715505629778 3.931851652578132
      vertex 117.41773153841496 220.6200125515461 3.931851652578132
    endloop
  endfacet
  facet normal 0.1179942818024574 0.05580713919205804 0.9914448611380868
    outer loop
      vertex 118.01986079663038 219.49350795149803 3.931851652578132
      vertex 117.74646700173616 220.0715505629778 3.931851652578132
      vertex 117.28940039873123 219.82724341005087 4
    endloop
  endfacet
  facet normal 0.11195605121677316 0.06710387477477299 0.9914448610922136
    outer loop
      vertex 116.98681217432022 220.3320813626051 4
      vertex 117.28940039873123 219.82724341005087 4
      vertex 117.41773153841496 220.6200125515461 3.931851652578132
    endloop
  endfacet
  facet normal 0 0 1
    outer loop
      vertex 116.98681217432022 220.3320813626051 4
      vertex 117.54104878753424 219.29517758637667 4
      vertex 117.28940039873123 219.82724341005087 4
    endloop
  endfacet
  facet normal 0.08765603317702786 0.09671352977510501 0.9914448613039999
    outer loop
      vertex 116.24093514680862 221.24093514680862 4
      vertex 116.60740197449923 221.60740197449923 3.931851652578132
      vertex 116.13361167907715 222.0368204638362 3.931851652578132
    endloop
  endfacet
  facet normal 0.1266144872992525 0.03171527623922085 0.9914448612298201
    outer loop
      vertex 117.88234603404999 218.17007135599852 4
      vertex 118.39065013080835 218.2711792960763 3.931851652578132
      vertex 118.23528002202511 218.891451574862 3.931851652578132
    endloop
  endfacet
  facet normal 0 0 1
    outer loop
      vertex 12.231133119734551 51.29517726418109 4
      vertex 12.231133119734551 60.70482273581891 4
      vertex 12 56 4
    endloop
  endfacet
  facet normal 0 0 1
    outer loop
      vertex 12.92230654064494 46.63566454322584 4
      vertex 12.92230654064494 65.36433545677416 4
      vertex 12.231133119734551 51.29517726418109 4
    endloop
  endfacet
  facet normal 0 0 1
    outer loop
      vertex 14.066863884853973 42.06633549178581 4
      vertex 14.066863884853973 69.93366450821419 4
      vertex 12.92230654064494 46.63566454322584 4
    endloop
  endfacet
  facet normal 0 0 1
    outer loop
      vertex 14.066863884853973 42.06633549178581 4
      vertex 15.65378243945824 37.63119524647569 4
      vertex 15.65378243945824 74.3688047535243 4
    endloop
  endfacet
  facet normal 0 0 1
    outer loop
      vertex 17.667779311278963 33.372956632352114 4
      vertex 17.667779311278963 78.62704336764789 4
      vertex 15.65378243945824 37.63119524647569 4
    endloop
  endfacet
  facet normal 0 0 1
    outer loop
      vertex 17.667779311278963 33.372956632352114 4
      vertex 20.089458609477845 29.332628815059095 4
      vertex 20.089458609477845 82.6673711849409 4
    endloop
  endfacet
  facet normal 0 0 1
    outer loop
      vertex 22.89549823858863 25.549122360145017 4
      vertex 22.89549823858863 86.45087763985498 4
      vertex 20.089458609477845 29.332628815059095 4
    endloop
  endfacet
  facet normal 0 0 1
    outer loop
      vertex 22.89549823858863 25.549122360145017 4
      vertex 26.05887450304573 22.058874503045715 4
      vertex 26.05887450304573 89.94112549695429 4
    endloop
  endfacet
  facet normal 0 0 1
    outer loop
      vertex 26.05887450304573 22.058874503045715 4
      vertex 29.54912236014502 18.895498238588623 4
      vertex 29.54912236014502 93.10450176141137 4
    endloop
  endfacet
  facet normal 0 0 1
    outer loop
      vertex 12.231133119734551 51.29517726418109 4
      vertex 12.92230654064494 65.36433545677416 4
      vertex 12.231133119734551 60.70482273581891 4
    endloop
  endfacet
  facet normal 0 0 1
    outer loop
      vertex 12.92230654064494 46.63566454322584 4
      vertex 14.066863884853973 69.93366450821419 4
      vertex 12.92230654064494 65.36433545677416 4
    endloop
  endfacet
  facet normal 0 0 1
    outer loop
      vertex 14.066863884853973 42.06633549178581 4
      vertex 15.65378243945824 74.3688047535243 4
      vertex 14.066863884853973 69.93366450821419 4
    endloop
  endfacet
  facet normal 0 0 1
    outer loop
      vertex 15.65378243945824 37.63119524647569 4
      vertex 17.667779311278963 78.62704336764789 4
      vertex 15.65378243945824 74.3688047535243 4
    endloop
  endfacet
  facet normal 0 0 1
    outer loop
      vertex 17.667779311278963 33.372956632352114 4
      vertex 20.089458609477845 82.6673711849409 4
      vertex 17.667779311278963 78.62704336764789 4
    endloop
  endfacet
  facet normal 0 0 1
    outer loop
      vertex 20.089458609477845 29.332628815059095 4
      vertex 22.89549823858863 86.45087763985498 4
      vertex 20.089458609477845 82.6673711849409 4
    endloop
  endfacet
  facet normal 0 0 1
    outer loop
      vertex 22.89549823858863 25.549122360145017 4
      vertex 26.05887450304573 89.94112549695429 4
      vertex 22.89549823858863 86.45087763985498 4
    endloop
  endfacet
  facet normal 0 0 1
    outer loop
      vertex 26.05887450304573 22.058874503045715 4
      vertex 29.54912236014502 93.10450176141137 4
      vertex 26.05887450304573 89.94112549695429 4
    endloop
  endfacet
  facet normal 0 0 1
    outer loop
      vertex 29.54912236014502 18.895498238588623 4
      vertex 33.33262881505908 16.08945860947783 4
      vertex 33.33262881505908 95.91054139052217 4
    endloop
  endfacet
  facet normal 0 0 1
    outer loop
      vertex 37.3729566323521 13.667779311278956 4
      vertex 37.3729566323521 98.33222068872104 4
      vertex 33.33262881505908 16.08945860947783 4
    endloop
  endfacet
  facet normal 0 0 1
    outer loop
      vertex 37.3729566323521 13.667779311278956 4
      vertex 41.63119524647567 11.65378243945824 4
      vertex 41.63119524647567 100.34621756054176 4
    endloop
  endfacet
  facet normal 0 0 1
    outer loop
      vertex 41.63119524647567 11.65378243945824 4
      vertex 46.06633549178582 10.066863884853973 4
      vertex 46.06633549178582 101.93313611514603 4
    endloop
  endfacet
  facet normal 0 0 1
    outer loop
      vertex 46.06633549178582 10.066863884853973 4
      vertex 50.63566454322586 8.92230654064494 4
      vertex 50.63566454322586 103.07769345935506 4
    endloop
  endfacet
  facet normal 0 0 1
    outer loop
      vertex 50.63566454322586 8.92230654064494 4
      vertex 55.29517726418106 8.231133119734551 4
      vertex 55.29517726418106 103.76886688026545 4
    endloop
  endfacet
  facet normal 0 0 1
    outer loop
      vertex 55.29517726418106 8.231133119734551 4
      vertex 60 8 4
      vertex 60 104 4
    endloop
  endfacet
  facet normal 0 0 1
    outer loop
      vertex 29.54912236014502 18.895498238588623 4
      vertex 33.33262881505908 95.91054139052217 4
      vertex 29.54912236014502 93.10450176141137 4
    endloop
  endfacet
  facet normal 0 0 1
    outer loop
      vertex 33.33262881505908 16.08945860947783 4
      vertex 37.3729566323521 98.33222068872104 4
      vertex 33.33262881505908 95.91054139052217 4
    endloop
  endfacet
  facet normal 0 0 1
    outer loop
      vertex 37.3729566323521 13.667779311278956 4
      vertex 41.63119524647567 100.34621756054176 4
      vertex 37.3729566323521 98.33222068872104 4
    endloop
  endfacet
  facet normal 0 0 1
    outer loop
      vertex 41.63119524647567 11.65378243945824 4
      vertex 46.06633549178582 101.93313611514603 4
      vertex 41.63119524647567 100.34621756054176 4
    endloop
  endfacet
  facet normal 0 0 1
    outer loop
      vertex 46.06633549178582 10.066863884853973 4
      vertex 50.63566454322586 103.07769345935506 4
      vertex 46.06633549178582 101.93313611514603 4
    endloop
  endfacet
  facet normal 0 0 1
    outer loop
      vertex 50.63566454322586 8.92230654064494 4
      vertex 55.29517726418106 103.76886688026545 4
      vertex 50.63566454322586 103.07769345935506 4
    endloop
  endfacet
  facet normal 0 0 1
    outer loop
      vertex 55.29517726418106 8.231133119734551 4
      vertex 60 104 4
      vertex 55.29517726418106 103.76886688026545 4
    endloop
  endfacet
  facet normal 0 0 1
    outer loop
      vertex 60 8 4
      vertex 64.70482273581894 8.231133119734551 4
      vertex 64.70482273581894 103.76886688026545 4
    endloop
  endfacet
  facet normal 0 0 1
    outer loop
      vertex 64.70482273581894 8.231133119734551 4
      vertex 69.36433545677414 8.92230654064494 4
      vertex 69.36433545677414 103.07769345935506 4
    endloop
  endfacet
  facet normal 0 0 1
    outer loop
      vertex 69.36433545677414 8.92230654064494 4
      vertex 73.93366450821418 10.066863884853973 4
      vertex 73.93366450821418 101.93313611514603 4
    endloop
  endfacet
  facet normal 0 0 1
    outer loop
      vertex 73.93366450821418 10.066863884853973 4
      vertex 78.36880475352433 11.65378243945824 4
      vertex 78.36880475352433 100.34621756054176 4
    endloop
  endfacet
  facet normal 0 0 1
    outer loop
      vertex 78.36880475352433 11.65378243945824 4
      vertex 82.6270433676479 13.667779311278956 4
      vertex 82.6270433676479 98.33222068872104 4
    endloop
  endfacet
  facet normal 0 0 1
    outer loop
      vertex 82.6270433676479 13.667779311278956 4
      vertex 86.66737118494092 16.08945860947783 4
      vertex 86.66737118494092 95.91054139052217 4
    endloop
  endfacet
  facet normal 0 0 1
    outer loop
      vertex 86.66737118494092 16.08945860947783 4
      vertex 90.45087763985498 18.895498238588623 4
      vertex 90.45087763985498 93.10450176141137 4
    endloop
  endfacet
  facet normal 0 0 1
    outer loop
      vertex 60 8 4
      vertex 64.70482273581894 103.76886688026545 4
      vertex 60 104 4
    endloop
  endfacet
  facet normal 0 0 1
    outer loop
      vertex 64.70482273581894 8.231133119734551 4
      vertex 69.36433545677414 103.07769345935506 4
      vertex 64.70482273581894 103.76886688026545 4
    endloop
  endfacet
  facet normal 0 0 1
    outer loop
      vertex 69.36433545677414 8.92230654064494 4
      vertex 73.93366450821418 101.93313611514603 4
      vertex 69.36433545677414 103.07769345935506 4
    endloop
  endfacet
  facet normal 0 0 1
    outer loop
      vertex 78.36880475352433 11.65378243945824 4
      vertex 82.6270433676479 98.33222068872104 4
      vertex 78.36880475352433 100.34621756054176 4
    endloop
  endfacet
  facet normal 0 0 1
    outer loop
      vertex 73.93366450821418 10.066863884853973 4
      vertex 78.36880475352433 100.34621756054176 4
      vertex 73.93366450821418 101.93313611514603 4
    endloop
  endfacet
  facet normal 0 0 1
    outer loop
      vertex 82.6270433676479 13.667779311278956 4
      vertex 86.66737118494092 95.91054139052217 4
      vertex 82.6270433676479 98.33222068872104 4
    endloop
  endfacet
  facet normal 0 0 1
    outer loop
      vertex 86.66737118494092 16.08945860947783 4
      vertex 90.45087763985498 93.10450176141137 4
      vertex 86.66737118494092 95.91054139052217 4
    endloop
  endfacet
  facet normal 0 0 1
    outer loop
      vertex 90.45087763985498 18.895498238588623 4
      vertex 93.94112549695427 22.058874503045715 4
      vertex 93.94112549695427 89.94112549695429 4
    endloop
  endfacet
  facet normal 0 0 1
    outer loop
      vertex 93.94112549695427 22.058874503045715 4
      vertex 97.10450176141137 25.549122360145017 4
      vertex 97.10450176141137 86.45087763985498 4
    endloop
  endfacet
  facet normal 0 0 1
    outer loop
      vertex 97.10450176141137 25.549122360145017 4
      vertex 99.91054139052216 29.332628815059095 4
      vertex 99.91054139052216 82.6673711849409 4
    endloop
  endfacet
  facet normal 0 0 1
    outer loop
      vertex 99.91054139052216 29.332628815059095 4
      vertex 102.33222068872107 33.372956632352114 4
      vertex 102.33222068872107 78.62704336764789 4
    endloop
  endfacet
  facet normal 0 0 1
    outer loop
      vertex 102.33222068872107 33.372956632352114 4
      vertex 104.34621756054173 37.63119524647569 4
      vertex 104.34621756054173 74.3688047535243 4
    endloop
  endfacet
  facet normal 0 0 1
    outer loop
      vertex 104.34621756054173 37.63119524647569 4
      vertex 105.933136115146 42.06633549178581 4
      vertex 105.933136115146 69.93366450821419 4
    endloop
  endfacet
  facet normal 0 0 1
    outer loop
      vertex 105.933136115146 42.06633549178581 4
      vertex 107.07769345935503 46.63566454322584 4
      vertex 107.07769345935503 65.36433545677416 4
    endloop
  endfacet
  facet normal 0 0 1
    outer loop
      vertex 107.07769345935503 46.63566454322584 4
      vertex 107.76886688026548 51.29517726418109 4
      vertex 107.76886688026548 60.70482273581891 4
    endloop
  endfacet
  facet normal 0 0 1
    outer loop
      vertex 107.76886688026548 51.29517726418109 4
      vertex 108 56 4
      vertex 107.76886688026548 60.70482273581891 4
    endloop
  endfacet
  facet normal 0 0 1
    outer loop
      vertex 90.45087763985498 18.895498238588623 4
      vertex 93.94112549695427 89.94112549695429 4
      vertex 90.45087763985498 93.10450176141137 4
    endloop
  endfacet
  facet normal 0 0 1
    outer loop
      vertex 93.94112549695427 22.058874503045715 4
      vertex 97.10450176141137 86.45087763985498 4
      vertex 93.94112549695427 89.94112549695429 4
    endloop
  endfacet
  facet normal 0 0 1
    outer loop
      vertex 97.10450176141137 25.549122360145017 4
      vertex 99.91054139052216 82.6673711849409 4
      vertex 97.10450176141137 86.45087763985498 4
    endloop
  endfacet
  facet normal 0 0 1
    outer loop
      vertex 99.91054139052216 29.332628815059095 4
      vertex 102.33222068872107 78.62704336764789 4
      vertex 99.91054139052216 82.6673711849409 4
    endloop
  endfacet
  facet normal 0 0 1
    outer loop
      vertex 102.33222068872107 33.372956632352114 4
      vertex 104.34621756054173 74.3688047535243 4
      vertex 102.33222068872107 78.62704336764789 4
    endloop
  endfacet
  facet normal 0 0 1
    outer loop
      vertex 104.34621756054173 37.63119524647569 4
      vertex 105.933136115146 69.93366450821419 4
      vertex 104.34621756054173 74.3688047535243 4
    endloop
  endfacet
  facet normal 0 0 1
    outer loop
      vertex 105.933136115146 42.06633549178581 4
      vertex 107.07769345935503 65.36433545677416 4
      vertex 105.933136115146 69.93366450821419 4
    endloop
  endfacet
  facet normal 0 0 1
    outer loop
      vertex 107.07769345935503 46.63566454322584 4
      vertex 107.76886688026548 60.70482273581891 4
      vertex 107.07769345935503 65.36433545677416 4
    endloop
  endfacet
  facet normal 0 0 1
    outer loop
      vertex 12.92230654064494 159.63566454322586 4
      vertex 12.92230654064494 178.36433545677414 4
      vertex 12.231133119734551 164.2951772641811 4
    endloop
  endfacet
  facet normal 0 0 1
    outer loop
      vertex 12.92230654064494 159.63566454322586 4
      vertex 14.066863884853973 155.06633549178582 4
      vertex 14.066863884853973 182.93366450821418 4
    endloop
  endfacet
  facet normal 0 0 1
    outer loop
      vertex 14.066863884853973 155.06633549178582 4
      vertex 15.65378243945824 150.6311952464757 4
      vertex 15.65378243945824 187.3688047535243 4
    endloop
  endfacet
  facet normal 0 0 1
    outer loop
      vertex 17.667779311278963 146.3729566323521 4
      vertex 17.667779311278963 191.6270433676479 4
      vertex 15.65378243945824 150.6311952464757 4
    endloop
  endfacet
  facet normal 0 0 1
    outer loop
      vertex 17.667779311278963 146.3729566323521 4
      vertex 20.089458609477845 142.33262881505908 4
      vertex 20.089458609477845 195.66737118494092 4
    endloop
  endfacet
  facet normal 0 0 1
    outer loop
      vertex 22.89549823858863 138.54912236014502 4
      vertex 22.89549823858863 199.45087763985498 4
      vertex 20.089458609477845 142.33262881505908 4
    endloop
  endfacet
  facet normal 0 0 1
    outer loop
      vertex 22.89549823858863 138.54912236014502 4
      vertex 26.05887450304573 135.05887450304573 4
      vertex 26.05887450304573 202.94112549695427 4
    endloop
  endfacet
  facet normal 0 0 1
    outer loop
      vertex 26.05887450304573 135.05887450304573 4
      vertex 29.54912236014502 131.89549823858863 4
      vertex 29.54912236014502 206.10450176141137 4
    endloop
  endfacet
  facet normal 0 0 1
    outer loop
      vertex 12.231133119734551 164.2951772641811 4
      vertex 12.231133119734551 173.7048227358189 4
      vertex 12 169 4
    endloop
  endfacet
  facet normal 0 0 1
    outer loop
      vertex 12.231133119734551 164.2951772641811 4
      vertex 12.92230654064494 178.36433545677414 4
      vertex 12.231133119734551 173.7048227358189 4
    endloop
  endfacet
  facet normal 0 0 1
    outer loop
      vertex 12.92230654064494 159.63566454322586 4
      vertex 14.066863884853973 182.93366450821418 4
      vertex 12.92230654064494 178.36433545677414 4
    endloop
  endfacet
  facet normal 0 0 1
    outer loop
      vertex 14.066863884853973 155.06633549178582 4
      vertex 15.65378243945824 187.3688047535243 4
      vertex 14.066863884853973 182.93366450821418 4
    endloop
  endfacet
  facet normal 0 0 1
    outer loop
      vertex 15.65378243945824 150.6311952464757 4
      vertex 17.667779311278963 191.6270433676479 4
      vertex 15.65378243945824 187.3688047535243 4
    endloop
  endfacet
  facet normal 0 0 1
    outer loop
      vertex 17.667779311278963 146.3729566323521 4
      vertex 20.089458609477845 195.66737118494092 4
      vertex 17.667779311278963 191.6270433676479 4
    endloop
  endfacet
  facet normal 0 0 1
    outer loop
      vertex 20.089458609477845 142.33262881505908 4
      vertex 22.89549823858863 199.45087763985498 4
      vertex 20.089458609477845 195.66737118494092 4
    endloop
  endfacet
  facet normal 0 0 1
    outer loop
      vertex 22.89549823858863 138.54912236014502 4
      vertex 26.05887450304573 202.94112549695427 4
      vertex 22.89549823858863 199.45087763985498 4
    endloop
  endfacet
  facet normal 0 0 1
    outer loop
      vertex 26.05887450304573 135.05887450304573 4
      vertex 29.54912236014502 206.10450176141137 4
      vertex 26.05887450304573 202.94112549695427 4
    endloop
  endfacet
  facet normal 0 0 1
    outer loop
      vertex 29.54912236014502 131.89549823858863 4
      vertex 33.33262881505908 129.08945860947784 4
      vertex 33.33262881505908 208.91054139052216 4
    endloop
  endfacet
  facet normal 0 0 1
    outer loop
      vertex 33.33262881505908 129.08945860947784 4
      vertex 37.3729566323521 126.66777931127896 4
      vertex 37.3729566323521 211.33222068872104 4
    endloop
  endfacet
  facet normal 0 0 1
    outer loop
      vertex 41.63119524647567 124.65378243945824 4
      vertex 46.06633549178582 123.06686388485397 4
      vertex 46.06633549178582 214.93313611514603 4
    endloop
  endfacet
  facet normal 0 0 1
    outer loop
      vertex 37.3729566323521 126.66777931127896 4
      vertex 41.63119524647567 124.65378243945824 4
      vertex 41.63119524647567 213.34621756054176 4
    endloop
  endfacet
  facet normal 0 0 1
    outer loop
      vertex 46.06633549178582 123.06686388485397 4
      vertex 50.63566454322586 121.92230654064494 4
      vertex 50.63566454322586 216.07769345935506 4
    endloop
  endfacet
  facet normal 0 0 1
    outer loop
      vertex 50.63566454322586 121.92230654064494 4
      vertex 55.29517726418106 121.23113311973455 4
      vertex 55.29517726418106 216.76886688026545 4
    endloop
  endfacet
  facet normal 0 0 1
    outer loop
      vertex 55.29517726418106 121.23113311973455 4
      vertex 60 121 4
      vertex 60 217 4
    endloop
  endfacet
  facet normal 0 0 1
    outer loop
      vertex 29.54912236014502 131.89549823858863 4
      vertex 33.33262881505908 208.91054139052216 4
      vertex 29.54912236014502 206.10450176141137 4
    endloop
  endfacet
  facet normal 0 0 1
    outer loop
      vertex 33.33262881505908 129.08945860947784 4
      vertex 37.3729566323521 211.33222068872104 4
      vertex 33.33262881505908 208.91054139052216 4
    endloop
  endfacet
  facet normal 0 0 1
    outer loop
      vertex 37.3729566323521 126.66777931127896 4
      vertex 41.63119524647567 213.34621756054176 4
      vertex 37.3729566323521 211.33222068872104 4
    endloop
  endfacet
  facet normal 0 0 1
    outer loop
      vertex 41.63119524647567 124.65378243945824 4
      vertex 46.06633549178582 214.93313611514603 4
      vertex 41.63119524647567 213.34621756054176 4
    endloop
  endfacet
  facet normal 0 0 1
    outer loop
      vertex 46.06633549178582 123.06686388485397 4
      vertex 50.63566454322586 216.07769345935506 4
      vertex 46.06633549178582 214.93313611514603 4
    endloop
  endfacet
  facet normal 0 0 1
    outer loop
      vertex 50.63566454322586 121.92230654064494 4
      vertex 55.29517726418106 216.76886688026545 4
      vertex 50.63566454322586 216.07769345935506 4
    endloop
  endfacet
  facet normal 0 0 1
    outer loop
      vertex 55.29517726418106 121.23113311973455 4
      vertex 60 217 4
      vertex 55.29517726418106 216.76886688026545 4
    endloop
  endfacet
  facet normal 0 0 1
    outer loop
      vertex 60 121 4
      vertex 64.70482273581894 121.23113311973455 4
      vertex 64.70482273581894 216.76886688026545 4
    endloop
  endfacet
  facet normal 0 0 1
    outer loop
      vertex 64.70482273581894 121.23113311973455 4
      vertex 69.36433545677414 121.92230654064494 4
      vertex 69.36433545677414 216.07769345935506 4
    endloop
  endfacet
  facet normal 0 0 1
    outer loop
      vertex 69.36433545677414 121.92230654064494 4
      vertex 73.93366450821418 123.06686388485397 4
      vertex 73.93366450821418 214.93313611514603 4
    endloop
  endfacet
  facet normal 0 0 1
    outer loop
      vertex 73.93366450821418 123.06686388485397 4
      vertex 78.36880475352433 124.65378243945824 4
      vertex 78.36880475352433 213.34621756054176 4
    endloop
  endfacet
  facet normal 0 0 1
    outer loop
      vertex 78.36880475352433 124.65378243945824 4
      vertex 82.6270433676479 126.66777931127896 4
      vertex 82.6270433676479 211.33222068872104 4
    endloop
  endfacet
  facet normal 0 0 1
    outer loop
      vertex 82.6270433676479 126.66777931127896 4
      vertex 86.66737118494092 129.08945860947784 4
      vertex 86.66737118494092 208.91054139052216 4
    endloop
  endfacet
  facet normal 0 0 1
    outer loop
      vertex 86.66737118494092 129.08945860947784 4
      vertex 90.45087763985498 131.89549823858863 4
      vertex 90.45087763985498 206.10450176141137 4
    endloop
  endfacet
  facet normal 0 0 1
    outer loop
      vertex 60 121 4
      vertex 64.70482273581894 216.76886688026545 4
      vertex 60 217 4
    endloop
  endfacet
  facet normal 0 0 1
    outer loop
      vertex 64.70482273581894 121.23113311973455 4
      vertex 69.36433545677414 216.07769345935506 4
      vertex 64.70482273581894 216.76886688026545 4
    endloop
  endfacet
  facet normal 0 0 1
    outer loop
      vertex 69.36433545677414 121.92230654064494 4
      vertex 73.93366450821418 214.93313611514603 4
      vertex 69.36433545677414 216.07769345935506 4
    endloop
  endfacet
  facet normal 0 0 1
    outer loop
      vertex 73.93366450821418 123.06686388485397 4
      vertex 78.36880475352433 213.34621756054176 4
      vertex 73.93366450821418 214.93313611514603 4
    endloop
  endfacet
  facet normal 0 0 1
    outer loop
      vertex 78.36880475352433 124.65378243945824 4
      vertex 82.6270433676479 211.33222068872104 4
      vertex 78.36880475352433 213.34621756054176 4
    endloop
  endfacet
  facet normal 0 0 1
    outer loop
      vertex 82.6270433676479 126.66777931127896 4
      vertex 86.66737118494092 208.91054139052216 4
      vertex 82.6270433676479 211.33222068872104 4
    endloop
  endfacet
  facet normal 0 0 1
    outer loop
      vertex 86.66737118494092 129.08945860947784 4
      vertex 90.45087763985498 206.10450176141137 4
      vertex 86.66737118494092 208.91054139052216 4
    endloop
  endfacet
  facet normal 0 0 1
    outer loop
      vertex 90.45087763985498 131.89549823858863 4
      vertex 93.94112549695427 135.05887450304573 4
      vertex 93.94112549695427 202.94112549695427 4
    endloop
  endfacet
  facet normal 0 0 1
    outer loop
      vertex 93.94112549695427 135.05887450304573 4
      vertex 97.10450176141137 138.54912236014502 4
      vertex 97.10450176141137 199.45087763985498 4
    endloop
  endfacet
  facet normal 0 0 1
    outer loop
      vertex 97.10450176141137 138.54912236014502 4
      vertex 99.91054139052216 142.33262881505908 4
      vertex 99.91054139052216 195.66737118494092 4
    endloop
  endfacet
  facet normal 0 0 1
    outer loop
      vertex 99.91054139052216 142.33262881505908 4
      vertex 102.33222068872107 146.3729566323521 4
      vertex 102.33222068872107 191.6270433676479 4
    endloop
  endfacet
  facet normal 0 0 1
    outer loop
      vertex 102.33222068872107 146.3729566323521 4
      vertex 104.34621756054173 150.6311952464757 4
      vertex 104.34621756054173 187.3688047535243 4
    endloop
  endfacet
  facet normal 0 0 1
    outer loop
      vertex 104.34621756054173 150.6311952464757 4
      vertex 105.933136115146 155.06633549178582 4
      vertex 105.933136115146 182.93366450821418 4
    endloop
  endfacet
  facet normal 0 0 1
    outer loop
      vertex 105.933136115146 155.06633549178582 4
      vertex 107.07769345935503 159.63566454322586 4
      vertex 107.07769345935503 178.36433545677414 4
    endloop
  endfacet
  facet normal 0 0 1
    outer loop
      vertex 107.07769345935503 159.63566454322586 4
      vertex 107.76886688026548 164.2951772641811 4
      vertex 107.76886688026548 173.7048227358189 4
    endloop
  endfacet
  facet normal 0 0 1
    outer loop
      vertex 90.45087763985498 131.89549823858863 4
      vertex 93.94112549695427 202.94112549695427 4
      vertex 90.45087763985498 206.10450176141137 4
    endloop
  endfacet
  facet normal 0 0 1
    outer loop
      vertex 93.94112549695427 135.05887450304573 4
      vertex 97.10450176141137 199.45087763985498 4
      vertex 93.94112549695427 202.94112549695427 4
    endloop
  endfacet
  facet normal 0 0 1
    outer loop
      vertex 97.10450176141137 138.54912236014502 4
      vertex 99.91054139052216 195.66737118494092 4
      vertex 97.10450176141137 199.45087763985498 4
    endloop
  endfacet
  facet normal 0 0 1
    outer loop
      vertex 99.91054139052216 142.33262881505908 4
      vertex 102.33222068872107 191.6270433676479 4
      vertex 99.91054139052216 195.66737118494092 4
    endloop
  endfacet
  facet normal 0 0 1
    outer loop
      vertex 102.33222068872107 146.3729566323521 4
      vertex 104.34621756054173 187.3688047535243 4
      vertex 102.33222068872107 191.6270433676479 4
    endloop
  endfacet
  facet normal 0 0 1
    outer loop
      vertex 104.34621756054173 150.6311952464757 4
      vertex 105.933136115146 182.93366450821418 4
      vertex 104.34621756054173 187.3688047535243 4
    endloop
  endfacet
  facet normal 0 0 1
    outer loop
      vertex 105.933136115146 155.06633549178582 4
      vertex 107.07769345935503 178.36433545677414 4
      vertex 105.933136115146 182.93366450821418 4
    endloop
  endfacet
  facet normal 0 0 1
    outer loop
      vertex 107.07769345935503 159.63566454322586 4
      vertex 107.76886688026548 173.7048227358189 4
      vertex 107.07769345935503 178.36433545677414 4
    endloop
  endfacet
  facet normal 0 0 1
    outer loop
      vertex 107.76886688026548 164.2951772641811 4
      vertex 108 169 4
      vertex 107.76886688026548 173.7048227358189 4
    endloop
  endfacet
  facet normal 0.9891765099647792 0.1467304744553734 0
    outer loop
      vertex 13.115288317580621 13.82945806790323 0
      vertex 13.028891639966815 14.411897158022636 0
      vertex 13.115288317580621 13.82945806790323 4
    endloop
  endfacet
  facet normal 0.857728610000279 0.5141027441932103 -1.0437349385212577e-18
    outer loop
      vertex 13.708472413909874 12.171619579044014 0
      vertex 14.011182326184723 11.666578601882387 4
      vertex 14.011182326184723 11.666578601882387 0
    endloop
  endfacet
  facet normal 0.9415440651830279 0.33688985339220023 0
    outer loop
      vertex 13.45672280493227 12.703899405809462 0
      vertex 13.25835798560675 13.258291936473226 0
      vertex 13.45672280493227 12.703899405809462 4
    endloop
  endfacet
  facet normal 0.9700312531945442 0.24298017990326345 1.4762301934177316e-19
    outer loop
      vertex 13.115288317580621 13.82945806790323 0
      vertex 13.25835798560675 13.258291936473226 4
      vertex 13.25835798560675 13.258291936473226 0
    endloop
  endfacet
  facet normal 0.9039892931234342 0.4275550934303013 0
    outer loop
      vertex 13.708472413909874 12.171619579044014 0
      vertex 13.45672280493227 12.703899405809462 0
      vertex 13.708472413909874 12.171619579044014 4
    endloop
  endfacet
  facet normal 0.8032075314806518 0.595699304492424 -5.981329422058814e-19
    outer loop
      vertex 14.011182326184723 11.666578601882387 0
      vertex 14.361937279823564 11.193640295018128 4
      vertex 14.361937279823564 11.193640295018128 0
    endloop
  endfacet
  facet normal 0.7409511253549531 0.6715589548470249 5.4311523060012825e-18
    outer loop
      vertex 14.361937279823564 11.193640295018128 0
      vertex 14.757359312880709 10.757359312880714 4
      vertex 14.757359312880709 10.757359312880714 0
    endloop
  endfacet
  facet normal 0.9987954562051726 0.04906767432741232 0
    outer loop
      vertex 13.028891639966815 14.411897158022636 0
      vertex 13 15 0
      vertex 13.028891639966815 14.411897158022636 4
    endloop
  endfacet
  facet normal 0.9987954562051726 -0.04906767432741232 0
    outer loop
      vertex 13 15 0
      vertex 13.028891639966815 15.588102841977364 0
      vertex 13 15 4
    endloop
  endfacet
  facet normal 0.9891765099647792 -0.14673047445537385 0
    outer loop
      vertex 13.028891639966815 15.588102841977364 0
      vertex 13.115288317580621 16.170541932096768 0
      vertex 13.028891639966815 15.588102841977364 4
    endloop
  endfacet
  facet normal 0.9700312531945442 -0.24298017990326345 0
    outer loop
      vertex 13.115288317580621 16.170541932096768 0
      vertex 13.25835798560675 16.741708063526772 0
      vertex 13.115288317580621 16.170541932096768 4
    endloop
  endfacet
  facet normal 0.9415440651830282 -0.3368898533921993 0
    outer loop
      vertex 13.25835798560675 16.741708063526772 0
      vertex 13.45672280493227 17.296100594190538 0
      vertex 13.25835798560675 16.741708063526772 4
    endloop
  endfacet
  facet normal 0.9039892931234349 -0.4275550934303002 0
    outer loop
      vertex 13.45672280493227 17.296100594190538 0
      vertex 13.708472413909874 17.828380420955988 0
      vertex 13.45672280493227 17.296100594190538 4
    endloop
  endfacet
  facet normal 0.857728610000279 -0.5141027441932103 0
    outer loop
      vertex 13.708472413909874 17.828380420955988 0
      vertex 14.011182326184723 18.333421398117615 0
      vertex 13.708472413909874 17.828380420955988 4
    endloop
  endfacet
  facet normal 0.8032075314806507 -0.5956993044924255 0
    outer loop
      vertex 14.011182326184723 18.333421398117615 0
      vertex 14.361937279823564 18.806359704981872 0
      vertex 14.011182326184723 18.333421398117615 4
    endloop
  endfacet
  facet normal 0.7409511253549518 -0.6715589548470263 0
    outer loop
      vertex 14.361937279823564 18.806359704981872 0
      vertex 14.757359312880709 19.242640687119284 0
      vertex 14.361937279823564 18.806359704981872 4
    endloop
  endfacet
  facet normal 0.6715589548470138 -0.7409511253549633 0
    outer loop
      vertex 14.757359312880709 19.242640687119284 0
      vertex 15.193640295018128 19.63806272017642 0
      vertex 14.757359312880709 19.242640687119284 4
    endloop
  endfacet
  facet normal 0.6715589548470121 0.7409511253549649 1.7647850853983172e-18
    outer loop
      vertex 14.757359312880709 10.757359312880714 0
      vertex 15.193640295018128 10.361937279823579 4
      vertex 15.193640295018128 10.361937279823579 0
    endloop
  endfacet
  facet normal 0.595699304492441 0.8032075314806393 -1.760951624972859e-18
    outer loop
      vertex 15.193640295018128 10.361937279823579 0
      vertex 15.666578601882378 10.011182326184729 4
      vertex 15.666578601882378 10.011182326184729 0
    endloop
  endfacet
  facet normal 0.5141027441932214 0.8577286100002723 3.515563387236715e-18
    outer loop
      vertex 15.666578601882378 10.011182326184729 0
      vertex 16.171619579044005 9.70847241390987 4
      vertex 16.171619579044005 9.70847241390987 0
    endloop
  endfacet
  facet normal 0.4275550934302735 0.9039892931234476 -9.198059751359933e-19
    outer loop
      vertex 16.171619579044005 9.70847241390987 0
      vertex 16.703899405809466 9.45672280493228 4
      vertex 16.703899405809466 9.45672280493228 0
    endloop
  endfacet
  facet normal 0.3368898533922226 0.9415440651830199 -2.20157939860134e-18
    outer loop
      vertex 16.703899405809466 9.45672280493228 0
      vertex 17.258291936473228 9.258357985606747 4
      vertex 17.258291936473228 9.258357985606747 0
    endloop
  endfacet
  facet normal 0.24298017990326345 0.9700312531945442 1.4762301934177316e-19
    outer loop
      vertex 17.258291936473228 9.258357985606747 0
      vertex 17.829458067903232 9.115288317580617 4
      vertex 17.829458067903232 9.115288317580617 0
    endloop
  endfacet
  facet normal 0.14673047445536117 0.9891765099647811 -1.0214940593546814e-18
    outer loop
      vertex 17.829458067903232 9.115288317580617 0
      vertex 18.41189715802264 9.028891639966819 4
      vertex 18.41189715802264 9.028891639966819 0
    endloop
  endfacet
  facet normal 0.04906767432741864 0.9987954562051724 -1.9994895300291422e-19
    outer loop
      vertex 18.41189715802264 9.028891639966819 0
      vertex 19 9 4
      vertex 19 9 0
    endloop
  endfacet
  facet normal -0.04906767432741864 0.9987954562051724 1.9994895300291422e-19
    outer loop
      vertex 19 9 0
      vertex 19.58810284197736 9.028891639966819 4
      vertex 19.58810284197736 9.028891639966819 0
    endloop
  endfacet
  facet normal -0.14673047445536117 0.9891765099647811 1.0214940593546814e-18
    outer loop
      vertex 19.58810284197736 9.028891639966819 0
      vertex 20.170541932096768 9.115288317580617 4
      vertex 20.170541932096768 9.115288317580617 0
    endloop
  endfacet
  facet normal -0.24298017990326345 0.9700312531945442 -1.4762301934177316e-19
    outer loop
      vertex 20.170541932096768 9.115288317580617 0
      vertex 20.741708063526772 9.258357985606747 4
      vertex 20.741708063526772 9.258357985606747 0
    endloop
  endfacet
  facet normal -0.3368898533922226 0.9415440651830199 2.20157939860134e-18
    outer loop
      vertex 20.741708063526772 9.258357985606747 0
      vertex 21.296100594190534 9.45672280493228 4
      vertex 21.296100594190534 9.45672280493228 0
    endloop
  endfacet
  facet normal -0.4275550934302735 0.9039892931234476 9.198059751359933e-19
    outer loop
      vertex 21.296100594190534 9.45672280493228 0
      vertex 21.828380420955995 9.70847241390987 4
      vertex 21.828380420955995 9.70847241390987 0
    endloop
  endfacet
  facet normal -0.5141027441932214 0.8577286100002723 -3.515563387236715e-18
    outer loop
      vertex 21.828380420955995 9.70847241390987 0
      vertex 22.333421398117622 10.011182326184729 4
      vertex 22.333421398117622 10.011182326184729 0
    endloop
  endfacet
  facet normal 0.595699304492439 -0.8032075314806406 0
    outer loop
      vertex 15.193640295018128 19.63806272017642 0
      vertex 15.666578601882378 19.98881767381527 0
      vertex 15.193640295018128 19.63806272017642 4
    endloop
  endfacet
  facet normal 0.5141027441932237 -0.857728610000271 0
    outer loop
      vertex 15.666578601882378 19.98881767381527 0
      vertex 16.171619579044005 20.29152758609013 0
      vertex 15.666578601882378 19.98881767381527 4
    endloop
  endfacet
  facet normal 0.4275550934302735 -0.9039892931234476 0
    outer loop
      vertex 16.171619579044005 20.29152758609013 0
      vertex 16.703899405809466 20.54327719506772 0
      vertex 16.171619579044005 20.29152758609013 4
    endloop
  endfacet
  facet normal 0.3368898533922226 -0.9415440651830199 0
    outer loop
      vertex 16.703899405809466 20.54327719506772 0
      vertex 17.258291936473228 20.741642014393253 0
      vertex 16.703899405809466 20.54327719506772 4
    endloop
  endfacet
  facet normal 0.24298017990326345 -0.9700312531945442 0
    outer loop
      vertex 17.258291936473228 20.741642014393253 0
      vertex 17.829458067903232 20.884711682419383 0
      vertex 17.258291936473228 20.741642014393253 4
    endloop
  endfacet
  facet normal 0.14673047445536117 -0.9891765099647811 0
    outer loop
      vertex 17.829458067903232 20.884711682419383 0
      vertex 18.41189715802264 20.97110836003318 0
      vertex 17.829458067903232 20.884711682419383 4
    endloop
  endfacet
  facet normal 0.04906767432741864 -0.9987954562051724 0
    outer loop
      vertex 18.41189715802264 20.97110836003318 0
      vertex 19 21 0
      vertex 18.41189715802264 20.97110836003318 4
    endloop
  endfacet
  facet normal -0.04906767432741864 -0.9987954562051724 0
    outer loop
      vertex 19 21 0
      vertex 19.58810284197736 20.97110836003318 0
      vertex 19 21 4
    endloop
  endfacet
  facet normal -0.14673047445536117 -0.9891765099647811 0
    outer loop
      vertex 19.58810284197736 20.97110836003318 0
      vertex 20.170541932096768 20.884711682419383 0
      vertex 19.58810284197736 20.97110836003318 4
    endloop
  endfacet
  facet normal -0.24298017990326345 -0.9700312531945442 0
    outer loop
      vertex 20.170541932096768 20.884711682419383 0
      vertex 20.741708063526772 20.741642014393253 0
      vertex 20.170541932096768 20.884711682419383 4
    endloop
  endfacet
  facet normal -0.3368898533922226 -0.9415440651830199 0
    outer loop
      vertex 20.741708063526772 20.741642014393253 0
      vertex 21.296100594190534 20.54327719506772 0
      vertex 20.741708063526772 20.741642014393253 4
    endloop
  endfacet
  facet normal -0.4275550934302735 -0.9039892931234476 0
    outer loop
      vertex 21.296100594190534 20.54327719506772 0
      vertex 21.828380420955995 20.29152758609013 0
      vertex 21.296100594190534 20.54327719506772 4
    endloop
  endfacet
  facet normal -0.5141027441932237 -0.857728610000271 0
    outer loop
      vertex 21.828380420955995 20.29152758609013 0
      vertex 22.333421398117622 19.98881767381527 0
      vertex 21.828380420955995 20.29152758609013 4
    endloop
  endfacet
  facet normal -0.595699304492439 -0.8032075314806406 0
    outer loop
      vertex 22.333421398117622 19.98881767381527 0
      vertex 22.806359704981872 19.63806272017642 0
      vertex 22.333421398117622 19.98881767381527 4
    endloop
  endfacet
  facet normal -0.595699304492441 0.8032075314806393 1.760951624972859e-18
    outer loop
      vertex 22.333421398117622 10.011182326184729 0
      vertex 22.806359704981872 10.361937279823579 4
      vertex 22.806359704981872 10.361937279823579 0
    endloop
  endfacet
  facet normal -0.6715589548470121 0.7409511253549649 -1.7647850853983172e-18
    outer loop
      vertex 22.806359704981872 10.361937279823579 0
      vertex 23.24264068711929 10.757359312880714 4
      vertex 23.24264068711929 10.757359312880714 0
    endloop
  endfacet
  facet normal -0.7409511253549531 0.6715589548470249 -5.4311523060012825e-18
    outer loop
      vertex 23.24264068711929 10.757359312880714 0
      vertex 23.638062720176436 11.193640295018128 4
      vertex 23.638062720176436 11.193640295018128 0
    endloop
  endfacet
  facet normal -0.8032075314806518 0.595699304492424 5.981329422058814e-19
    outer loop
      vertex 23.638062720176436 11.193640295018128 0
      vertex 23.988817673815277 11.666578601882387 4
      vertex 23.988817673815277 11.666578601882387 0
    endloop
  endfacet
  facet normal -0.857728610000279 0.5141027441932103 1.0437349385212577e-18
    outer loop
      vertex 23.988817673815277 11.666578601882387 0
      vertex 24.291527586090126 12.171619579044014 4
      vertex 24.291527586090126 12.171619579044014 0
    endloop
  endfacet
  facet normal -0.9039892931234342 0.4275550934303013 -2.103565431178744e-18
    outer loop
      vertex 24.291527586090126 12.171619579044014 0
      vertex 24.54327719506773 12.703899405809462 4
      vertex 24.54327719506773 12.703899405809462 0
    endloop
  endfacet
  facet normal -0.9415440651830279 0.33688985339220023 3.911490534953503e-19
    outer loop
      vertex 24.54327719506773 12.703899405809462 0
      vertex 24.74164201439325 13.258291936473226 4
      vertex 24.74164201439325 13.258291936473226 0
    endloop
  endfacet
  facet normal -0.9700312531945442 0.24298017990326345 -1.4762301934177316e-19
    outer loop
      vertex 24.74164201439325 13.258291936473226 0
      vertex 24.88471168241938 13.82945806790323 4
      vertex 24.88471168241938 13.82945806790323 0
    endloop
  endfacet
  facet normal -0.7409511253549518 -0.6715589548470263 0
    outer loop
      vertex 23.24264068711929 19.242640687119284 0
      vertex 23.638062720176436 18.806359704981872 0
      vertex 23.24264068711929 19.242640687119284 4
    endloop
  endfacet
  facet normal -0.6715589548470138 -0.7409511253549633 2.68418311884119e-18
    outer loop
      vertex 23.24264068711929 19.242640687119284 0
      vertex 22.806359704981872 19.63806272017642 4
      vertex 22.806359704981872 19.63806272017642 0
    endloop
  endfacet
  facet normal -0.8032075314806507 -0.5956993044924255 0
    outer loop
      vertex 23.638062720176436 18.806359704981872 0
      vertex 23.988817673815277 18.333421398117615 0
      vertex 23.638062720176436 18.806359704981872 4
    endloop
  endfacet
  facet normal -0.857728610000279 -0.5141027441932103 0
    outer loop
      vertex 23.988817673815277 18.333421398117615 0
      vertex 24.291527586090126 17.828380420955988 0
      vertex 23.988817673815277 18.333421398117615 4
    endloop
  endfacet
  facet normal -0.9891765099647792 0.1467304744553734 -1.0405724824564026e-18
    outer loop
      vertex 24.88471168241938 13.82945806790323 0
      vertex 24.971108360033185 14.411897158022636 4
      vertex 24.971108360033185 14.411897158022636 0
    endloop
  endfacet
  facet normal -0.9987954562051726 0.04906767432741232 -7.314306135572038e-19
    outer loop
      vertex 24.971108360033185 14.411897158022636 0
      vertex 25 15 4
      vertex 25 15 0
    endloop
  endfacet
  facet normal -0.9987954562051726 -0.04906767432741232 7.314306135572038e-19
    outer loop
      vertex 25 15 0
      vertex 24.971108360033185 15.588102841977364 4
      vertex 24.971108360033185 15.588102841977364 0
    endloop
  endfacet
  facet normal -0.9700312531945442 -0.24298017990326345 0
    outer loop
      vertex 24.74164201439325 16.741708063526772 0
      vertex 24.88471168241938 16.170541932096768 0
      vertex 24.74164201439325 16.741708063526772 4
    endloop
  endfacet
  facet normal -0.9415440651830282 -0.3368898533921993 0
    outer loop
      vertex 24.54327719506773 17.296100594190538 0
      vertex 24.74164201439325 16.741708063526772 0
      vertex 24.54327719506773 17.296100594190538 4
    endloop
  endfacet
  facet normal -0.9891765099647792 -0.14673047445537385 1.3868897991197523e-18
    outer loop
      vertex 24.971108360033185 15.588102841977364 0
      vertex 24.88471168241938 16.170541932096768 4
      vertex 24.88471168241938 16.170541932096768 0
    endloop
  endfacet
  facet normal -0.9039892931234349 -0.4275550934303002 0
    outer loop
      vertex 24.291527586090126 17.828380420955988 0
      vertex 24.54327719506773 17.296100594190538 0
      vertex 24.291527586090126 17.828380420955988 4
    endloop
  endfacet
  facet normal 0.857728610000279 0.5141027441932103 0
    outer loop
      vertex 13.708472413909874 12.171619579044014 0
      vertex 13.708472413909874 12.171619579044014 4
      vertex 14.011182326184723 11.666578601882387 4
    endloop
  endfacet
  facet normal 0.9415440651830279 0.33688985339220023 0
    outer loop
      vertex 13.25835798560675 13.258291936473226 0
      vertex 13.25835798560675 13.258291936473226 4
      vertex 13.45672280493227 12.703899405809462 4
    endloop
  endfacet
  facet normal 0.9039892931234342 0.4275550934303013 0
    outer loop
      vertex 13.45672280493227 12.703899405809462 0
      vertex 13.45672280493227 12.703899405809462 4
      vertex 13.708472413909874 12.171619579044014 4
    endloop
  endfacet
  facet normal 0.9700312531945442 0.24298017990326345 0
    outer loop
      vertex 13.115288317580621 13.82945806790323 0
      vertex 13.115288317580621 13.82945806790323 4
      vertex 13.25835798560675 13.258291936473226 4
    endloop
  endfacet
  facet normal 0.7409511253549531 0.6715589548470249 0
    outer loop
      vertex 14.361937279823564 11.193640295018128 0
      vertex 14.361937279823564 11.193640295018128 4
      vertex 14.757359312880709 10.757359312880714 4
    endloop
  endfacet
  facet normal 0.8032075314806518 0.595699304492424 0
    outer loop
      vertex 14.011182326184723 11.666578601882387 0
      vertex 14.011182326184723 11.666578601882387 4
      vertex 14.361937279823564 11.193640295018128 4
    endloop
  endfacet
  facet normal 0.6715589548470121 0.7409511253549649 0
    outer loop
      vertex 14.757359312880709 10.757359312880714 0
      vertex 14.757359312880709 10.757359312880714 4
      vertex 15.193640295018128 10.361937279823579 4
    endloop
  endfacet
  facet normal 0.9891765099647792 0.1467304744553734 0
    outer loop
      vertex 13.028891639966815 14.411897158022636 0
      vertex 13.028891639966815 14.411897158022636 4
      vertex 13.115288317580621 13.82945806790323 4
    endloop
  endfacet
  facet normal 0.9987954562051726 0.04906767432741232 0
    outer loop
      vertex 13 15 0
      vertex 13 15 4
      vertex 13.028891639966815 14.411897158022636 4
    endloop
  endfacet
  facet normal 0.9987954562051726 -0.04906767432741232 0
    outer loop
      vertex 13.028891639966815 15.588102841977364 0
      vertex 13.028891639966815 15.588102841977364 4
      vertex 13 15 4
    endloop
  endfacet
  facet normal 0.9891765099647792 -0.14673047445537385 0
    outer loop
      vertex 13.115288317580621 16.170541932096768 0
      vertex 13.115288317580621 16.170541932096768 4
      vertex 13.028891639966815 15.588102841977364 4
    endloop
  endfacet
  facet normal 0.9700312531945442 -0.24298017990326345 0
    outer loop
      vertex 13.25835798560675 16.741708063526772 0
      vertex 13.25835798560675 16.741708063526772 4
      vertex 13.115288317580621 16.170541932096768 4
    endloop
  endfacet
  facet normal 0.9415440651830282 -0.3368898533921993 0
    outer loop
      vertex 13.45672280493227 17.296100594190538 0
      vertex 13.45672280493227 17.296100594190538 4
      vertex 13.25835798560675 16.741708063526772 4
    endloop
  endfacet
  facet normal 0.9039892931234349 -0.4275550934303002 0
    outer loop
      vertex 13.708472413909874 17.828380420955988 0
      vertex 13.708472413909874 17.828380420955988 4
      vertex 13.45672280493227 17.296100594190538 4
    endloop
  endfacet
  facet normal 0.857728610000279 -0.5141027441932103 0
    outer loop
      vertex 14.011182326184723 18.333421398117615 0
      vertex 14.011182326184723 18.333421398117615 4
      vertex 13.708472413909874 17.828380420955988 4
    endloop
  endfacet
  facet normal 0.8032075314806507 -0.5956993044924255 0
    outer loop
      vertex 14.361937279823564 18.806359704981872 0
      vertex 14.361937279823564 18.806359704981872 4
      vertex 14.011182326184723 18.333421398117615 4
    endloop
  endfacet
  facet normal 0.7409511253549518 -0.6715589548470263 0
    outer loop
      vertex 14.757359312880709 19.242640687119284 0
      vertex 14.757359312880709 19.242640687119284 4
      vertex 14.361937279823564 18.806359704981872 4
    endloop
  endfacet
  facet normal 0.595699304492441 0.8032075314806393 0
    outer loop
      vertex 15.193640295018128 10.361937279823579 0
      vertex 15.193640295018128 10.361937279823579 4
      vertex 15.666578601882378 10.011182326184729 4
    endloop
  endfacet
  facet normal 0.5141027441932214 0.8577286100002723 0
    outer loop
      vertex 15.666578601882378 10.011182326184729 0
      vertex 15.666578601882378 10.011182326184729 4
      vertex 16.171619579044005 9.70847241390987 4
    endloop
  endfacet
  facet normal 0.4275550934302735 0.9039892931234476 0
    outer loop
      vertex 16.171619579044005 9.70847241390987 0
      vertex 16.171619579044005 9.70847241390987 4
      vertex 16.703899405809466 9.45672280493228 4
    endloop
  endfacet
  facet normal 0.3368898533922226 0.9415440651830199 0
    outer loop
      vertex 16.703899405809466 9.45672280493228 0
      vertex 16.703899405809466 9.45672280493228 4
      vertex 17.258291936473228 9.258357985606747 4
    endloop
  endfacet
  facet normal 0.24298017990326345 0.9700312531945442 0
    outer loop
      vertex 17.258291936473228 9.258357985606747 0
      vertex 17.258291936473228 9.258357985606747 4
      vertex 17.829458067903232 9.115288317580617 4
    endloop
  endfacet
  facet normal 0.14673047445536117 0.9891765099647811 0
    outer loop
      vertex 17.829458067903232 9.115288317580617 0
      vertex 17.829458067903232 9.115288317580617 4
      vertex 18.41189715802264 9.028891639966819 4
    endloop
  endfacet
  facet normal 0.04906767432741864 0.9987954562051724 0
    outer loop
      vertex 18.41189715802264 9.028891639966819 0
      vertex 18.41189715802264 9.028891639966819 4
      vertex 19 9 4
    endloop
  endfacet
  facet normal -0.04906767432741864 0.9987954562051724 0
    outer loop
      vertex 19 9 0
      vertex 19 9 4
      vertex 19.58810284197736 9.028891639966819 4
    endloop
  endfacet
  facet normal -0.14673047445536117 0.9891765099647811 0
    outer loop
      vertex 19.58810284197736 9.028891639966819 0
      vertex 19.58810284197736 9.028891639966819 4
      vertex 20.170541932096768 9.115288317580617 4
    endloop
  endfacet
  facet normal -0.24298017990326345 0.9700312531945442 0
    outer loop
      vertex 20.170541932096768 9.115288317580617 0
      vertex 20.170541932096768 9.115288317580617 4
      vertex 20.741708063526772 9.258357985606747 4
    endloop
  endfacet
  facet normal -0.3368898533922226 0.9415440651830199 0
    outer loop
      vertex 20.741708063526772 9.258357985606747 0
      vertex 20.741708063526772 9.258357985606747 4
      vertex 21.296100594190534 9.45672280493228 4
    endloop
  endfacet
  facet normal -0.4275550934302735 0.9039892931234476 0
    outer loop
      vertex 21.296100594190534 9.45672280493228 0
      vertex 21.296100594190534 9.45672280493228 4
      vertex 21.828380420955995 9.70847241390987 4
    endloop
  endfacet
  facet normal -0.5141027441932214 0.8577286100002723 0
    outer loop
      vertex 21.828380420955995 9.70847241390987 0
      vertex 21.828380420955995 9.70847241390987 4
      vertex 22.333421398117622 10.011182326184729 4
    endloop
  endfacet
  facet normal -0.595699304492441 0.8032075314806393 0
    outer loop
      vertex 22.333421398117622 10.011182326184729 0
      vertex 22.333421398117622 10.011182326184729 4
      vertex 22.806359704981872 10.361937279823579 4
    endloop
  endfacet
  facet normal 0.6715589548470138 -0.7409511253549633 0
    outer loop
      vertex 15.193640295018128 19.63806272017642 0
      vertex 15.193640295018128 19.63806272017642 4
      vertex 14.757359312880709 19.242640687119284 4
    endloop
  endfacet
  facet normal 0.595699304492439 -0.8032075314806406 0
    outer loop
      vertex 15.666578601882378 19.98881767381527 0
      vertex 15.666578601882378 19.98881767381527 4
      vertex 15.193640295018128 19.63806272017642 4
    endloop
  endfacet
  facet normal 0.5141027441932237 -0.857728610000271 0
    outer loop
      vertex 16.171619579044005 20.29152758609013 0
      vertex 16.171619579044005 20.29152758609013 4
      vertex 15.666578601882378 19.98881767381527 4
    endloop
  endfacet
  facet normal 0.4275550934302735 -0.9039892931234476 0
    outer loop
      vertex 16.703899405809466 20.54327719506772 0
      vertex 16.703899405809466 20.54327719506772 4
      vertex 16.171619579044005 20.29152758609013 4
    endloop
  endfacet
  facet normal 0.3368898533922226 -0.9415440651830199 0
    outer loop
      vertex 17.258291936473228 20.741642014393253 0
      vertex 17.258291936473228 20.741642014393253 4
      vertex 16.703899405809466 20.54327719506772 4
    endloop
  endfacet
  facet normal 0.24298017990326345 -0.9700312531945442 0
    outer loop
      vertex 17.829458067903232 20.884711682419383 0
      vertex 17.829458067903232 20.884711682419383 4
      vertex 17.258291936473228 20.741642014393253 4
    endloop
  endfacet
  facet normal 0.14673047445536117 -0.9891765099647811 0
    outer loop
      vertex 18.41189715802264 20.97110836003318 0
      vertex 18.41189715802264 20.97110836003318 4
      vertex 17.829458067903232 20.884711682419383 4
    endloop
  endfacet
  facet normal 0.04906767432741864 -0.9987954562051724 0
    outer loop
      vertex 19 21 0
      vertex 19 21 4
      vertex 18.41189715802264 20.97110836003318 4
    endloop
  endfacet
  facet normal -0.04906767432741864 -0.9987954562051724 0
    outer loop
      vertex 19.58810284197736 20.97110836003318 0
      vertex 19.58810284197736 20.97110836003318 4
      vertex 19 21 4
    endloop
  endfacet
  facet normal -0.14673047445536117 -0.9891765099647811 0
    outer loop
      vertex 20.170541932096768 20.884711682419383 0
      vertex 20.170541932096768 20.884711682419383 4
      vertex 19.58810284197736 20.97110836003318 4
    endloop
  endfacet
  facet normal -0.24298017990326345 -0.9700312531945442 0
    outer loop
      vertex 20.741708063526772 20.741642014393253 0
      vertex 20.741708063526772 20.741642014393253 4
      vertex 20.170541932096768 20.884711682419383 4
    endloop
  endfacet
  facet normal -0.3368898533922226 -0.9415440651830199 0
    outer loop
      vertex 21.296100594190534 20.54327719506772 0
      vertex 21.296100594190534 20.54327719506772 4
      vertex 20.741708063526772 20.741642014393253 4
    endloop
  endfacet
  facet normal -0.4275550934302735 -0.9039892931234476 0
    outer loop
      vertex 21.828380420955995 20.29152758609013 0
      vertex 21.828380420955995 20.29152758609013 4
      vertex 21.296100594190534 20.54327719506772 4
    endloop
  endfacet
  facet normal -0.5141027441932237 -0.857728610000271 0
    outer loop
      vertex 22.333421398117622 19.98881767381527 0
      vertex 22.333421398117622 19.98881767381527 4
      vertex 21.828380420955995 20.29152758609013 4
    endloop
  endfacet
  facet normal -0.6715589548470121 0.7409511253549649 0
    outer loop
      vertex 22.806359704981872 10.361937279823579 0
      vertex 22.806359704981872 10.361937279823579 4
      vertex 23.24264068711929 10.757359312880714 4
    endloop
  endfacet
  facet normal -0.7409511253549531 0.6715589548470249 0
    outer loop
      vertex 23.24264068711929 10.757359312880714 0
      vertex 23.24264068711929 10.757359312880714 4
      vertex 23.638062720176436 11.193640295018128 4
    endloop
  endfacet
  facet normal -0.8032075314806518 0.595699304492424 0
    outer loop
      vertex 23.638062720176436 11.193640295018128 0
      vertex 23.638062720176436 11.193640295018128 4
      vertex 23.988817673815277 11.666578601882387 4
    endloop
  endfacet
  facet normal -0.857728610000279 0.5141027441932103 0
    outer loop
      vertex 23.988817673815277 11.666578601882387 0
      vertex 23.988817673815277 11.666578601882387 4
      vertex 24.291527586090126 12.171619579044014 4
    endloop
  endfacet
  facet normal -0.9039892931234342 0.4275550934303013 0
    outer loop
      vertex 24.291527586090126 12.171619579044014 0
      vertex 24.291527586090126 12.171619579044014 4
      vertex 24.54327719506773 12.703899405809462 4
    endloop
  endfacet
  facet normal -0.9415440651830279 0.33688985339220023 0
    outer loop
      vertex 24.54327719506773 12.703899405809462 0
      vertex 24.54327719506773 12.703899405809462 4
      vertex 24.74164201439325 13.258291936473226 4
    endloop
  endfacet
  facet normal -0.9700312531945442 0.24298017990326345 0
    outer loop
      vertex 24.74164201439325 13.258291936473226 0
      vertex 24.74164201439325 13.258291936473226 4
      vertex 24.88471168241938 13.82945806790323 4
    endloop
  endfacet
  facet normal -0.9891765099647792 0.1467304744553734 0
    outer loop
      vertex 24.88471168241938 13.82945806790323 0
      vertex 24.88471168241938 13.82945806790323 4
      vertex 24.971108360033185 14.411897158022636 4
    endloop
  endfacet
  facet normal -0.595699304492439 -0.8032075314806406 0
    outer loop
      vertex 22.806359704981872 19.63806272017642 0
      vertex 22.806359704981872 19.63806272017642 4
      vertex 22.333421398117622 19.98881767381527 4
    endloop
  endfacet
  facet normal -0.6715589548470138 -0.7409511253549633 0
    outer loop
      vertex 23.24264068711929 19.242640687119284 0
      vertex 23.24264068711929 19.242640687119284 4
      vertex 22.806359704981872 19.63806272017642 4
    endloop
  endfacet
  facet normal -0.7409511253549518 -0.6715589548470263 0
    outer loop
      vertex 23.638062720176436 18.806359704981872 0
      vertex 23.638062720176436 18.806359704981872 4
      vertex 23.24264068711929 19.242640687119284 4
    endloop
  endfacet
  facet normal -0.8032075314806507 -0.5956993044924255 0
    outer loop
      vertex 23.988817673815277 18.333421398117615 0
      vertex 23.988817673815277 18.333421398117615 4
      vertex 23.638062720176436 18.806359704981872 4
    endloop
  endfacet
  facet normal -0.857728610000279 -0.5141027441932103 0
    outer loop
      vertex 24.291527586090126 17.828380420955988 0
      vertex 24.291527586090126 17.828380420955988 4
      vertex 23.988817673815277 18.333421398117615 4
    endloop
  endfacet
  facet normal -0.9987954562051726 0.04906767432741232 0
    outer loop
      vertex 24.971108360033185 14.411897158022636 0
      vertex 24.971108360033185 14.411897158022636 4
      vertex 25 15 4
    endloop
  endfacet
  facet normal -0.9987954562051726 -0.04906767432741232 0
    outer loop
      vertex 25 15 0
      vertex 25 15 4
      vertex 24.971108360033185 15.588102841977364 4
    endloop
  endfacet
  facet normal -0.9891765099647792 -0.14673047445537385 0
    outer loop
      vertex 24.971108360033185 15.588102841977364 0
      vertex 24.971108360033185 15.588102841977364 4
      vertex 24.88471168241938 16.170541932096768 4
    endloop
  endfacet
  facet normal -0.9700312531945442 -0.24298017990326345 0
    outer loop
      vertex 24.88471168241938 16.170541932096768 0
      vertex 24.88471168241938 16.170541932096768 4
      vertex 24.74164201439325 16.741708063526772 4
    endloop
  endfacet
  facet normal -0.9039892931234349 -0.4275550934303002 0
    outer loop
      vertex 24.54327719506773 17.296100594190538 0
      vertex 24.54327719506773 17.296100594190538 4
      vertex 24.291527586090126 17.828380420955988 4
    endloop
  endfacet
  facet normal -0.9415440651830282 -0.3368898533921993 0
    outer loop
      vertex 24.74164201439325 16.741708063526772 0
      vertex 24.74164201439325 16.741708063526772 4
      vertex 24.54327719506773 17.296100594190538 4
    endloop
  endfacet
  facet normal 0.9987954562051726 0.049067674327412616 0
    outer loop
      vertex 6.528891639966815 111.91189715802264 0
      vertex 6.5 112.5 0
      vertex 6.528891639966815 111.91189715802264 4
    endloop
  endfacet
  facet normal 0.9415440651830275 0.3368898533922012 0
    outer loop
      vertex 6.956722804932269 110.20389940580947 0
      vertex 6.75835798560675 110.75829193647323 0
      vertex 6.956722804932269 110.20389940580947 4
    endloop
  endfacet
  facet normal 0.9039892931234337 0.4275550934303024 3.423141708672469e-18
    outer loop
      vertex 6.956722804932269 110.20389940580947 0
      vertex 7.208472413909874 109.67161957904402 4
      vertex 7.208472413909874 109.67161957904402 0
    endloop
  endfacet
  facet normal 0.857728610000279 0.5141027441932103 -1.0437349385212577e-18
    outer loop
      vertex 7.208472413909874 109.67161957904402 0
      vertex 7.5111823261847235 109.16657860188239 4
      vertex 7.5111823261847235 109.16657860188239 0
    endloop
  endfacet
  facet normal 0.9700312531945442 0.24298017990326345 0
    outer loop
      vertex 6.75835798560675 110.75829193647323 0
      vertex 6.615288317580621 111.32945806790323 0
      vertex 6.75835798560675 110.75829193647323 4
    endloop
  endfacet
  facet normal 0.9891765099647792 0.14673047445537296 6.942551657930549e-19
    outer loop
      vertex 6.528891639966815 111.91189715802264 0
      vertex 6.615288317580621 111.32945806790323 4
      vertex 6.615288317580621 111.32945806790323 0
    endloop
  endfacet
  facet normal 0.8032075314806549 0.5956993044924197 0
    outer loop
      vertex 7.8619372798235645 108.69364029501813 0
      vertex 7.5111823261847235 109.16657860188239 0
      vertex 7.8619372798235645 108.69364029501813 4
    endloop
  endfacet
  facet normal 0.7409511253549573 0.6715589548470204 -5.422788955595947e-18
    outer loop
      vertex 7.8619372798235645 108.69364029501813 0
      vertex 8.257359312880709 108.25735931288071 4
      vertex 8.257359312880709 108.25735931288071 0
    endloop
  endfacet
  facet normal 0.6715589548470071 0.7409511253549693 -9.934090149303234e-19
    outer loop
      vertex 8.257359312880709 108.25735931288071 0
      vertex 8.693640295018128 107.86193727982358 4
      vertex 8.693640295018128 107.86193727982358 0
    endloop
  endfacet
  facet normal 0.5956993044924468 0.8032075314806348 5.469973194710837e-19
    outer loop
      vertex 8.693640295018128 107.86193727982358 0
      vertex 9.166578601882378 107.51118232618472 4
      vertex 9.166578601882378 107.51118232618472 0
    endloop
  endfacet
  facet normal 0.4275550934302735 0.9039892931234476 -9.198059751359933e-19
    outer loop
      vertex 9.671619579044005 107.20847241390987 0
      vertex 10.203899405809466 106.95672280493228 4
      vertex 10.203899405809466 106.95672280493228 0
    endloop
  endfacet
  facet normal 0.5141027441932103 0.857728610000279 -1.0437349385212577e-18
    outer loop
      vertex 9.166578601882378 107.51118232618472 0
      vertex 9.671619579044005 107.20847241390987 4
      vertex 9.671619579044005 107.20847241390987 0
    endloop
  endfacet
  facet normal 0.3368898533922226 0.9415440651830199 -2.20157939860134e-18
    outer loop
      vertex 10.203899405809466 106.95672280493228 0
      vertex 10.758291936473228 106.75835798560675 4
      vertex 10.758291936473228 106.75835798560675 0
    endloop
  endfacet
  facet normal 0.24298017990326345 0.9700312531945442 1.4762301934177316e-19
    outer loop
      vertex 10.758291936473228 106.75835798560675 0
      vertex 11.329458067903232 106.61528831758062 4
      vertex 11.329458067903232 106.61528831758062 0
    endloop
  endfacet
  facet normal 0.14673047445537296 0.9891765099647792 6.942551657930549e-19
    outer loop
      vertex 11.329458067903232 106.61528831758062 0
      vertex 11.91189715802264 106.52889163996682 4
      vertex 11.91189715802264 106.52889163996682 0
    endloop
  endfacet
  facet normal 0.049067674327412616 0.9987954562051726 1.2016427525570114e-19
    outer loop
      vertex 11.91189715802264 106.52889163996682 0
      vertex 12.5 106.5 4
      vertex 12.5 106.5 0
    endloop
  endfacet
  facet normal -0.049067674327412616 0.9987954562051726 -1.2016427525570114e-19
    outer loop
      vertex 12.5 106.5 0
      vertex 13.08810284197736 106.52889163996682 4
      vertex 13.08810284197736 106.52889163996682 0
    endloop
  endfacet
  facet normal -0.14673047445537296 0.9891765099647792 -6.942551657930549e-19
    outer loop
      vertex 13.08810284197736 106.52889163996682 0
      vertex 13.670541932096768 106.61528831758062 4
      vertex 13.670541932096768 106.61528831758062 0
    endloop
  endfacet
  facet normal -0.24298017990326345 0.9700312531945442 -1.4762301934177316e-19
    outer loop
      vertex 13.670541932096768 106.61528831758062 0
      vertex 14.241708063526772 106.75835798560675 4
      vertex 14.241708063526772 106.75835798560675 0
    endloop
  endfacet
  facet normal -0.3368898533922226 0.9415440651830199 2.20157939860134e-18
    outer loop
      vertex 14.241708063526772 106.75835798560675 0
      vertex 14.796100594190534 106.95672280493228 4
      vertex 14.796100594190534 106.95672280493228 0
    endloop
  endfacet
  facet normal -0.4275550934302735 0.9039892931234476 9.198059751359933e-19
    outer loop
      vertex 14.796100594190534 106.95672280493228 0
      vertex 15.328380420955995 107.20847241390987 4
      vertex 15.328380420955995 107.20847241390987 0
    endloop
  endfacet
  facet normal -0.5141027441932103 0.857728610000279 1.0437349385212577e-18
    outer loop
      vertex 15.328380420955995 107.20847241390987 0
      vertex 15.833421398117622 107.51118232618472 4
      vertex 15.833421398117622 107.51118232618472 0
    endloop
  endfacet
  facet normal -0.5956993044924468 0.8032075314806348 -5.469973194710837e-19
    outer loop
      vertex 15.833421398117622 107.51118232618472 0
      vertex 16.306359704981872 107.86193727982358 4
      vertex 16.306359704981872 107.86193727982358 0
    endloop
  endfacet
  facet normal -0.6715589548470071 0.7409511253549693 9.934090149303234e-19
    outer loop
      vertex 16.306359704981872 107.86193727982358 0
      vertex 16.74264068711929 108.25735931288071 4
      vertex 16.74264068711929 108.25735931288071 0
    endloop
  endfacet
  facet normal -0.7409511253549573 0.6715589548470204 5.422788955595947e-18
    outer loop
      vertex 16.74264068711929 108.25735931288071 0
      vertex 17.138062720176436 108.69364029501813 4
      vertex 17.138062720176436 108.69364029501813 0
    endloop
  endfacet
  facet normal -0.8032075314806549 0.5956993044924197 4.663231313027064e-18
    outer loop
      vertex 17.138062720176436 108.69364029501813 0
      vertex 17.488817673815277 109.16657860188239 4
      vertex 17.488817673815277 109.16657860188239 0
    endloop
  endfacet
  facet normal -0.857728610000279 0.5141027441932103 1.0437349385212577e-18
    outer loop
      vertex 17.488817673815277 109.16657860188239 0
      vertex 17.791527586090126 109.67161957904402 4
      vertex 17.791527586090126 109.67161957904402 0
    endloop
  endfacet
  facet normal -0.9039892931234337 0.4275550934303024 -3.423141708672469e-18
    outer loop
      vertex 17.791527586090126 109.67161957904402 0
      vertex 18.04327719506773 110.20389940580947 4
      vertex 18.04327719506773 110.20389940580947 0
    endloop
  endfacet
  facet normal -0.9415440651830275 0.3368898533922012 -1.9109471433390746e-18
    outer loop
      vertex 18.04327719506773 110.20389940580947 0
      vertex 18.24164201439325 110.75829193647323 4
      vertex 18.24164201439325 110.75829193647323 0
    endloop
  endfacet
  facet normal -0.9700312531945442 0.24298017990326345 -1.4762301934177316e-19
    outer loop
      vertex 18.24164201439325 110.75829193647323 0
      vertex 18.38471168241938 111.32945806790323 4
      vertex 18.38471168241938 111.32945806790323 0
    endloop
  endfacet
  facet normal -0.9891765099647792 0.14673047445537296 -6.942551657930549e-19
    outer loop
      vertex 18.38471168241938 111.32945806790323 0
      vertex 18.471108360033185 111.91189715802264 4
      vertex 18.471108360033185 111.91189715802264 0
    endloop
  endfacet
  facet normal -0.9987954562051726 0.049067674327412616 -1.2016427525570114e-19
    outer loop
      vertex 18.471108360033185 111.91189715802264 0
      vertex 18.5 112.5 4
      vertex 18.5 112.5 0
    endloop
  endfacet
  facet normal 0.9891765099647792 0.14673047445537296 0
    outer loop
      vertex 6.528891639966815 111.91189715802264 0
      vertex 6.528891639966815 111.91189715802264 4
      vertex 6.615288317580621 111.32945806790323 4
    endloop
  endfacet
  facet normal 0.9987954562051726 0.049067674327412616 0
    outer loop
      vertex 6.5 112.5 0
      vertex 6.5 112.5 4
      vertex 6.528891639966815 111.91189715802264 4
    endloop
  endfacet
  facet normal 0.9415440651830275 0.3368898533922012 0
    outer loop
      vertex 6.75835798560675 110.75829193647323 0
      vertex 6.75835798560675 110.75829193647323 4
      vertex 6.956722804932269 110.20389940580947 4
    endloop
  endfacet
  facet normal 0.857728610000279 0.5141027441932103 0
    outer loop
      vertex 7.208472413909874 109.67161957904402 0
      vertex 7.208472413909874 109.67161957904402 4
      vertex 7.5111823261847235 109.16657860188239 4
    endloop
  endfacet
  facet normal 0.9039892931234337 0.4275550934303024 0
    outer loop
      vertex 6.956722804932269 110.20389940580947 0
      vertex 6.956722804932269 110.20389940580947 4
      vertex 7.208472413909874 109.67161957904402 4
    endloop
  endfacet
  facet normal 0.9700312531945442 0.24298017990326345 0
    outer loop
      vertex 6.615288317580621 111.32945806790323 0
      vertex 6.615288317580621 111.32945806790323 4
      vertex 6.75835798560675 110.75829193647323 4
    endloop
  endfacet
  facet normal 0.7409511253549573 0.6715589548470204 0
    outer loop
      vertex 7.8619372798235645 108.69364029501813 0
      vertex 7.8619372798235645 108.69364029501813 4
      vertex 8.257359312880709 108.25735931288071 4
    endloop
  endfacet
  facet normal 0.6715589548470071 0.7409511253549693 0
    outer loop
      vertex 8.257359312880709 108.25735931288071 0
      vertex 8.257359312880709 108.25735931288071 4
      vertex 8.693640295018128 107.86193727982358 4
    endloop
  endfacet
  facet normal 0.5956993044924468 0.8032075314806348 0
    outer loop
      vertex 8.693640295018128 107.86193727982358 0
      vertex 8.693640295018128 107.86193727982358 4
      vertex 9.166578601882378 107.51118232618472 4
    endloop
  endfacet
  facet normal 0.5141027441932103 0.857728610000279 0
    outer loop
      vertex 9.166578601882378 107.51118232618472 0
      vertex 9.166578601882378 107.51118232618472 4
      vertex 9.671619579044005 107.20847241390987 4
    endloop
  endfacet
  facet normal 0.8032075314806549 0.5956993044924197 0
    outer loop
      vertex 7.5111823261847235 109.16657860188239 0
      vertex 7.5111823261847235 109.16657860188239 4
      vertex 7.8619372798235645 108.69364029501813 4
    endloop
  endfacet
  facet normal 0.4275550934302735 0.9039892931234476 0
    outer loop
      vertex 9.671619579044005 107.20847241390987 0
      vertex 9.671619579044005 107.20847241390987 4
      vertex 10.203899405809466 106.95672280493228 4
    endloop
  endfacet
  facet normal 0.3368898533922226 0.9415440651830199 0
    outer loop
      vertex 10.203899405809466 106.95672280493228 0
      vertex 10.203899405809466 106.95672280493228 4
      vertex 10.758291936473228 106.75835798560675 4
    endloop
  endfacet
  facet normal 0.24298017990326345 0.9700312531945442 0
    outer loop
      vertex 10.758291936473228 106.75835798560675 0
      vertex 10.758291936473228 106.75835798560675 4
      vertex 11.329458067903232 106.61528831758062 4
    endloop
  endfacet
  facet normal 0.14673047445537296 0.9891765099647792 0
    outer loop
      vertex 11.329458067903232 106.61528831758062 0
      vertex 11.329458067903232 106.61528831758062 4
      vertex 11.91189715802264 106.52889163996682 4
    endloop
  endfacet
  facet normal 0.049067674327412616 0.9987954562051726 0
    outer loop
      vertex 11.91189715802264 106.52889163996682 0
      vertex 11.91189715802264 106.52889163996682 4
      vertex 12.5 106.5 4
    endloop
  endfacet
  facet normal -0.049067674327412616 0.9987954562051726 0
    outer loop
      vertex 12.5 106.5 0
      vertex 12.5 106.5 4
      vertex 13.08810284197736 106.52889163996682 4
    endloop
  endfacet
  facet normal -0.14673047445537296 0.9891765099647792 0
    outer loop
      vertex 13.08810284197736 106.52889163996682 0
      vertex 13.08810284197736 106.52889163996682 4
      vertex 13.670541932096768 106.61528831758062 4
    endloop
  endfacet
  facet normal -0.24298017990326345 0.9700312531945442 0
    outer loop
      vertex 13.670541932096768 106.61528831758062 0
      vertex 13.670541932096768 106.61528831758062 4
      vertex 14.241708063526772 106.75835798560675 4
    endloop
  endfacet
  facet normal -0.3368898533922226 0.9415440651830199 0
    outer loop
      vertex 14.241708063526772 106.75835798560675 0
      vertex 14.241708063526772 106.75835798560675 4
      vertex 14.796100594190534 106.95672280493228 4
    endloop
  endfacet
  facet normal -0.4275550934302735 0.9039892931234476 0
    outer loop
      vertex 14.796100594190534 106.95672280493228 0
      vertex 14.796100594190534 106.95672280493228 4
      vertex 15.328380420955995 107.20847241390987 4
    endloop
  endfacet
  facet normal -0.5141027441932103 0.857728610000279 0
    outer loop
      vertex 15.328380420955995 107.20847241390987 0
      vertex 15.328380420955995 107.20847241390987 4
      vertex 15.833421398117622 107.51118232618472 4
    endloop
  endfacet
  facet normal -0.5956993044924468 0.8032075314806348 0
    outer loop
      vertex 15.833421398117622 107.51118232618472 0
      vertex 15.833421398117622 107.51118232618472 4
      vertex 16.306359704981872 107.86193727982358 4
    endloop
  endfacet
  facet normal -0.6715589548470071 0.7409511253549693 0
    outer loop
      vertex 16.306359704981872 107.86193727982358 0
      vertex 16.306359704981872 107.86193727982358 4
      vertex 16.74264068711929 108.25735931288071 4
    endloop
  endfacet
  facet normal -0.7409511253549573 0.6715589548470204 0
    outer loop
      vertex 16.74264068711929 108.25735931288071 0
      vertex 16.74264068711929 108.25735931288071 4
      vertex 17.138062720176436 108.69364029501813 4
    endloop
  endfacet
  facet normal -0.8032075314806549 0.5956993044924197 0
    outer loop
      vertex 17.138062720176436 108.69364029501813 0
      vertex 17.138062720176436 108.69364029501813 4
      vertex 17.488817673815277 109.16657860188239 4
    endloop
  endfacet
  facet normal -0.857728610000279 0.5141027441932103 0
    outer loop
      vertex 17.488817673815277 109.16657860188239 0
      vertex 17.488817673815277 109.16657860188239 4
      vertex 17.791527586090126 109.67161957904402 4
    endloop
  endfacet
  facet normal -0.9039892931234337 0.4275550934303024 0
    outer loop
      vertex 17.791527586090126 109.67161957904402 0
      vertex 17.791527586090126 109.67161957904402 4
      vertex 18.04327719506773 110.20389940580947 4
    endloop
  endfacet
  facet normal -0.9415440651830275 0.3368898533922012 0
    outer loop
      vertex 18.04327719506773 110.20389940580947 0
      vertex 18.04327719506773 110.20389940580947 4
      vertex 18.24164201439325 110.75829193647323 4
    endloop
  endfacet
  facet normal -0.9700312531945442 0.24298017990326345 0
    outer loop
      vertex 18.24164201439325 110.75829193647323 0
      vertex 18.24164201439325 110.75829193647323 4
      vertex 18.38471168241938 111.32945806790323 4
    endloop
  endfacet
  facet normal -0.9891765099647792 0.14673047445537296 0
    outer loop
      vertex 18.38471168241938 111.32945806790323 0
      vertex 18.38471168241938 111.32945806790323 4
      vertex 18.471108360033185 111.91189715802264 4
    endloop
  endfacet
  facet normal -0.9987954562051726 0.049067674327412616 0
    outer loop
      vertex 18.471108360033185 111.91189715802264 0
      vertex 18.471108360033185 111.91189715802264 4
      vertex 18.5 112.5 4
    endloop
  endfacet
  facet normal 0.9987954562051726 -0.049067674327412616 0
    outer loop
      vertex 6.5 112.5 0
      vertex 6.528891639966815 113.08810284197736 0
      vertex 6.5 112.5 4
    endloop
  endfacet
  facet normal 0.9891765099647792 -0.14673047445537296 0
    outer loop
      vertex 6.528891639966815 113.08810284197736 0
      vertex 6.615288317580621 113.67054193209677 0
      vertex 6.528891639966815 113.08810284197736 4
    endloop
  endfacet
  facet normal 0.9700312531945442 -0.24298017990326345 0
    outer loop
      vertex 6.615288317580621 113.67054193209677 0
      vertex 6.75835798560675 114.24170806352677 0
      vertex 6.615288317580621 113.67054193209677 4
    endloop
  endfacet
  facet normal 0.9415440651830275 -0.3368898533922012 0
    outer loop
      vertex 6.75835798560675 114.24170806352677 0
      vertex 6.956722804932269 114.79610059419053 0
      vertex 6.75835798560675 114.24170806352677 4
    endloop
  endfacet
  facet normal 0.9039892931234337 -0.4275550934303024 0
    outer loop
      vertex 6.956722804932269 114.79610059419053 0
      vertex 7.208472413909874 115.32838042095598 0
      vertex 6.956722804932269 114.79610059419053 4
    endloop
  endfacet
  facet normal 0.857728610000279 -0.5141027441932103 0
    outer loop
      vertex 7.208472413909874 115.32838042095598 0
      vertex 7.5111823261847235 115.83342139811761 0
      vertex 7.208472413909874 115.32838042095598 4
    endloop
  endfacet
  facet normal 0.8032075314806549 -0.5956993044924197 0
    outer loop
      vertex 7.5111823261847235 115.83342139811761 0
      vertex 7.8619372798235645 116.30635970498187 0
      vertex 7.5111823261847235 115.83342139811761 4
    endloop
  endfacet
  facet normal 0.7409511253549573 -0.6715589548470204 0
    outer loop
      vertex 7.8619372798235645 116.30635970498187 0
      vertex 8.257359312880709 116.74264068711929 0
      vertex 7.8619372798235645 116.30635970498187 4
    endloop
  endfacet
  facet normal 0.6715589548470071 -0.7409511253549693 0
    outer loop
      vertex 8.257359312880709 116.74264068711929 0
      vertex 8.693640295018128 117.13806272017642 0
      vertex 8.257359312880709 116.74264068711929 4
    endloop
  endfacet
  facet normal 0.5956993044924468 -0.8032075314806348 0
    outer loop
      vertex 8.693640295018128 117.13806272017642 0
      vertex 9.166578601882378 117.48881767381528 0
      vertex 8.693640295018128 117.13806272017642 4
    endloop
  endfacet
  facet normal 0.5141027441932103 -0.857728610000279 0
    outer loop
      vertex 9.166578601882378 117.48881767381528 0
      vertex 9.671619579044005 117.79152758609013 0
      vertex 9.166578601882378 117.48881767381528 4
    endloop
  endfacet
  facet normal 0.4275550934302735 -0.9039892931234476 0
    outer loop
      vertex 9.671619579044005 117.79152758609013 0
      vertex 10.203899405809466 118.04327719506772 0
      vertex 9.671619579044005 117.79152758609013 4
    endloop
  endfacet
  facet normal 0.3368898533922226 -0.9415440651830199 0
    outer loop
      vertex 10.203899405809466 118.04327719506772 0
      vertex 10.758291936473228 118.24164201439325 0
      vertex 10.203899405809466 118.04327719506772 4
    endloop
  endfacet
  facet normal 0.24298017990326345 -0.9700312531945442 0
    outer loop
      vertex 10.758291936473228 118.24164201439325 0
      vertex 11.329458067903232 118.38471168241938 0
      vertex 10.758291936473228 118.24164201439325 4
    endloop
  endfacet
  facet normal 0.14673047445537296 -0.9891765099647792 0
    outer loop
      vertex 11.329458067903232 118.38471168241938 0
      vertex 11.91189715802264 118.47110836003318 0
      vertex 11.329458067903232 118.38471168241938 4
    endloop
  endfacet
  facet normal 0.049067674327412616 -0.9987954562051726 0
    outer loop
      vertex 11.91189715802264 118.47110836003318 0
      vertex 12.5 118.5 0
      vertex 11.91189715802264 118.47110836003318 4
    endloop
  endfacet
  facet normal -0.049067674327412616 -0.9987954562051726 0
    outer loop
      vertex 12.5 118.5 0
      vertex 13.08810284197736 118.47110836003318 0
      vertex 12.5 118.5 4
    endloop
  endfacet
  facet normal -0.14673047445537296 -0.9891765099647792 0
    outer loop
      vertex 13.08810284197736 118.47110836003318 0
      vertex 13.670541932096768 118.38471168241938 0
      vertex 13.08810284197736 118.47110836003318 4
    endloop
  endfacet
  facet normal -0.24298017990326345 -0.9700312531945442 0
    outer loop
      vertex 13.670541932096768 118.38471168241938 0
      vertex 14.241708063526772 118.24164201439325 0
      vertex 13.670541932096768 118.38471168241938 4
    endloop
  endfacet
  facet normal -0.3368898533922226 -0.9415440651830199 0
    outer loop
      vertex 14.241708063526772 118.24164201439325 0
      vertex 14.796100594190534 118.04327719506772 0
      vertex 14.241708063526772 118.24164201439325 4
    endloop
  endfacet
  facet normal -0.4275550934302735 -0.9039892931234476 0
    outer loop
      vertex 14.796100594190534 118.04327719506772 0
      vertex 15.328380420955995 117.79152758609013 0
      vertex 14.796100594190534 118.04327719506772 4
    endloop
  endfacet
  facet normal -0.5141027441932103 -0.857728610000279 -1.0437349385212577e-18
    outer loop
      vertex 15.833421398117622 117.48881767381528 0
      vertex 15.328380420955995 117.79152758609013 4
      vertex 15.328380420955995 117.79152758609013 0
    endloop
  endfacet
  facet normal -0.5956993044924468 -0.8032075314806348 0
    outer loop
      vertex 15.833421398117622 117.48881767381528 0
      vertex 16.306359704981872 117.13806272017642 0
      vertex 15.833421398117622 117.48881767381528 4
    endloop
  endfacet
  facet normal -0.7409511253549573 -0.6715589548470204 0
    outer loop
      vertex 16.74264068711929 116.74264068711929 0
      vertex 17.138062720176436 116.30635970498187 0
      vertex 16.74264068711929 116.74264068711929 4
    endloop
  endfacet
  facet normal -0.6715589548470071 -0.7409511253549693 0
    outer loop
      vertex 16.306359704981872 117.13806272017642 0
      vertex 16.74264068711929 116.74264068711929 0
      vertex 16.306359704981872 117.13806272017642 4
    endloop
  endfacet
  facet normal -0.857728610000279 -0.5141027441932103 0
    outer loop
      vertex 17.488817673815277 115.83342139811761 0
      vertex 17.791527586090126 115.32838042095598 0
      vertex 17.488817673815277 115.83342139811761 4
    endloop
  endfacet
  facet normal -0.9987954562051726 -0.049067674327412616 1.2016427525570114e-19
    outer loop
      vertex 18.5 112.5 0
      vertex 18.471108360033185 113.08810284197736 4
      vertex 18.471108360033185 113.08810284197736 0
    endloop
  endfacet
  facet normal -0.9891765099647792 -0.14673047445537296 6.942551657930549e-19
    outer loop
      vertex 18.471108360033185 113.08810284197736 0
      vertex 18.38471168241938 113.67054193209677 4
      vertex 18.38471168241938 113.67054193209677 0
    endloop
  endfacet
  facet normal -0.9700312531945442 -0.24298017990326345 0
    outer loop
      vertex 18.24164201439325 114.24170806352677 0
      vertex 18.38471168241938 113.67054193209677 0
      vertex 18.24164201439325 114.24170806352677 4
    endloop
  endfacet
  facet normal -0.9415440651830275 -0.3368898533922012 1.9109471433390746e-18
    outer loop
      vertex 18.24164201439325 114.24170806352677 0
      vertex 18.04327719506773 114.79610059419053 4
      vertex 18.04327719506773 114.79610059419053 0
    endloop
  endfacet
  facet normal -0.9039892931234337 -0.4275550934303024 0
    outer loop
      vertex 17.791527586090126 115.32838042095598 0
      vertex 18.04327719506773 114.79610059419053 0
      vertex 17.791527586090126 115.32838042095598 4
    endloop
  endfacet
  facet normal -0.8032075314806549 -0.5956993044924197 -4.663231313027064e-18
    outer loop
      vertex 17.488817673815277 115.83342139811761 0
      vertex 17.138062720176436 116.30635970498187 4
      vertex 17.138062720176436 116.30635970498187 0
    endloop
  endfacet
  facet normal 0.9987954562051726 -0.049067674327412616 0
    outer loop
      vertex 6.528891639966815 113.08810284197736 0
      vertex 6.528891639966815 113.08810284197736 4
      vertex 6.5 112.5 4
    endloop
  endfacet
  facet normal 0.9891765099647792 -0.14673047445537296 0
    outer loop
      vertex 6.615288317580621 113.67054193209677 0
      vertex 6.615288317580621 113.67054193209677 4
      vertex 6.528891639966815 113.08810284197736 4
    endloop
  endfacet
  facet normal 0.9700312531945442 -0.24298017990326345 0
    outer loop
      vertex 6.75835798560675 114.24170806352677 0
      vertex 6.75835798560675 114.24170806352677 4
      vertex 6.615288317580621 113.67054193209677 4
    endloop
  endfacet
  facet normal 0.9415440651830275 -0.3368898533922012 0
    outer loop
      vertex 6.956722804932269 114.79610059419053 0
      vertex 6.956722804932269 114.79610059419053 4
      vertex 6.75835798560675 114.24170806352677 4
    endloop
  endfacet
  facet normal 0.9039892931234337 -0.4275550934303024 0
    outer loop
      vertex 7.208472413909874 115.32838042095598 0
      vertex 7.208472413909874 115.32838042095598 4
      vertex 6.956722804932269 114.79610059419053 4
    endloop
  endfacet
  facet normal 0.857728610000279 -0.5141027441932103 0
    outer loop
      vertex 7.5111823261847235 115.83342139811761 0
      vertex 7.5111823261847235 115.83342139811761 4
      vertex 7.208472413909874 115.32838042095598 4
    endloop
  endfacet
  facet normal 0.8032075314806549 -0.5956993044924197 0
    outer loop
      vertex 7.8619372798235645 116.30635970498187 0
      vertex 7.8619372798235645 116.30635970498187 4
      vertex 7.5111823261847235 115.83342139811761 4
    endloop
  endfacet
  facet normal 0.7409511253549573 -0.6715589548470204 0
    outer loop
      vertex 8.257359312880709 116.74264068711929 0
      vertex 8.257359312880709 116.74264068711929 4
      vertex 7.8619372798235645 116.30635970498187 4
    endloop
  endfacet
  facet normal 0.6715589548470071 -0.7409511253549693 0
    outer loop
      vertex 8.693640295018128 117.13806272017642 0
      vertex 8.693640295018128 117.13806272017642 4
      vertex 8.257359312880709 116.74264068711929 4
    endloop
  endfacet
  facet normal 0.5956993044924468 -0.8032075314806348 0
    outer loop
      vertex 9.166578601882378 117.48881767381528 0
      vertex 9.166578601882378 117.48881767381528 4
      vertex 8.693640295018128 117.13806272017642 4
    endloop
  endfacet
  facet normal 0.5141027441932103 -0.857728610000279 0
    outer loop
      vertex 9.671619579044005 117.79152758609013 0
      vertex 9.671619579044005 117.79152758609013 4
      vertex 9.166578601882378 117.48881767381528 4
    endloop
  endfacet
  facet normal 0.4275550934302735 -0.9039892931234476 0
    outer loop
      vertex 10.203899405809466 118.04327719506772 0
      vertex 10.203899405809466 118.04327719506772 4
      vertex 9.671619579044005 117.79152758609013 4
    endloop
  endfacet
  facet normal 0.3368898533922226 -0.9415440651830199 0
    outer loop
      vertex 10.758291936473228 118.24164201439325 0
      vertex 10.758291936473228 118.24164201439325 4
      vertex 10.203899405809466 118.04327719506772 4
    endloop
  endfacet
  facet normal 0.24298017990326345 -0.9700312531945442 0
    outer loop
      vertex 11.329458067903232 118.38471168241938 0
      vertex 11.329458067903232 118.38471168241938 4
      vertex 10.758291936473228 118.24164201439325 4
    endloop
  endfacet
  facet normal 0.14673047445537296 -0.9891765099647792 0
    outer loop
      vertex 11.91189715802264 118.47110836003318 0
      vertex 11.91189715802264 118.47110836003318 4
      vertex 11.329458067903232 118.38471168241938 4
    endloop
  endfacet
  facet normal 0.049067674327412616 -0.9987954562051726 0
    outer loop
      vertex 12.5 118.5 0
      vertex 12.5 118.5 4
      vertex 11.91189715802264 118.47110836003318 4
    endloop
  endfacet
  facet normal -0.049067674327412616 -0.9987954562051726 0
    outer loop
      vertex 13.08810284197736 118.47110836003318 0
      vertex 13.08810284197736 118.47110836003318 4
      vertex 12.5 118.5 4
    endloop
  endfacet
  facet normal -0.14673047445537296 -0.9891765099647792 0
    outer loop
      vertex 13.670541932096768 118.38471168241938 0
      vertex 13.670541932096768 118.38471168241938 4
      vertex 13.08810284197736 118.47110836003318 4
    endloop
  endfacet
  facet normal -0.24298017990326345 -0.9700312531945442 0
    outer loop
      vertex 14.241708063526772 118.24164201439325 0
      vertex 14.241708063526772 118.24164201439325 4
      vertex 13.670541932096768 118.38471168241938 4
    endloop
  endfacet
  facet normal -0.3368898533922226 -0.9415440651830199 0
    outer loop
      vertex 14.796100594190534 118.04327719506772 0
      vertex 14.796100594190534 118.04327719506772 4
      vertex 14.241708063526772 118.24164201439325 4
    endloop
  endfacet
  facet normal -0.5141027441932103 -0.857728610000279 0
    outer loop
      vertex 15.833421398117622 117.48881767381528 0
      vertex 15.833421398117622 117.48881767381528 4
      vertex 15.328380420955995 117.79152758609013 4
    endloop
  endfacet
  facet normal -0.4275550934302735 -0.9039892931234476 0
    outer loop
      vertex 15.328380420955995 117.79152758609013 0
      vertex 15.328380420955995 117.79152758609013 4
      vertex 14.796100594190534 118.04327719506772 4
    endloop
  endfacet
  facet normal -0.5956993044924468 -0.8032075314806348 0
    outer loop
      vertex 16.306359704981872 117.13806272017642 0
      vertex 16.306359704981872 117.13806272017642 4
      vertex 15.833421398117622 117.48881767381528 4
    endloop
  endfacet
  facet normal -0.6715589548470071 -0.7409511253549693 0
    outer loop
      vertex 16.74264068711929 116.74264068711929 0
      vertex 16.74264068711929 116.74264068711929 4
      vertex 16.306359704981872 117.13806272017642 4
    endloop
  endfacet
  facet normal -0.8032075314806549 -0.5956993044924197 0
    outer loop
      vertex 17.488817673815277 115.83342139811761 0
      vertex 17.488817673815277 115.83342139811761 4
      vertex 17.138062720176436 116.30635970498187 4
    endloop
  endfacet
  facet normal -0.857728610000279 -0.5141027441932103 0
    outer loop
      vertex 17.791527586090126 115.32838042095598 0
      vertex 17.791527586090126 115.32838042095598 4
      vertex 17.488817673815277 115.83342139811761 4
    endloop
  endfacet
  facet normal -0.9987954562051726 -0.049067674327412616 0
    outer loop
      vertex 18.5 112.5 0
      vertex 18.5 112.5 4
      vertex 18.471108360033185 113.08810284197736 4
    endloop
  endfacet
  facet normal -0.9891765099647792 -0.14673047445537296 0
    outer loop
      vertex 18.471108360033185 113.08810284197736 0
      vertex 18.471108360033185 113.08810284197736 4
      vertex 18.38471168241938 113.67054193209677 4
    endloop
  endfacet
  facet normal -0.9700312531945442 -0.24298017990326345 0
    outer loop
      vertex 18.38471168241938 113.67054193209677 0
      vertex 18.38471168241938 113.67054193209677 4
      vertex 18.24164201439325 114.24170806352677 4
    endloop
  endfacet
  facet normal -0.9039892931234337 -0.4275550934303024 0
    outer loop
      vertex 18.04327719506773 114.79610059419053 0
      vertex 18.04327719506773 114.79610059419053 4
      vertex 17.791527586090126 115.32838042095598 4
    endloop
  endfacet
  facet normal -0.9415440651830275 -0.3368898533922012 0
    outer loop
      vertex 18.24164201439325 114.24170806352677 0
      vertex 18.24164201439325 114.24170806352677 4
      vertex 18.04327719506773 114.79610059419053 4
    endloop
  endfacet
  facet normal -0.7409511253549573 -0.6715589548470204 0
    outer loop
      vertex 17.138062720176436 116.30635970498187 0
      vertex 17.138062720176436 116.30635970498187 4
      vertex 16.74264068711929 116.74264068711929 4
    endloop
  endfacet
  facet normal 0.9039892931234381 0.42755509343029313 4.6510956969312985e-18
    outer loop
      vertex 95.45672280493227 207.70389940580947 0
      vertex 95.70847241390987 207.171619579044 4
      vertex 95.70847241390987 207.171619579044 0
    endloop
  endfacet
  facet normal 0.9891765099647863 0.14673047445532575 0
    outer loop
      vertex 95.11528831758062 208.82945806790323 0
      vertex 95.02889163996684 209.41189715802264 0
      vertex 95.11528831758062 208.82945806790323 4
    endloop
  endfacet
  facet normal 0.9415440651830123 0.336889853392244 -4.218238364373173e-19
    outer loop
      vertex 95.25835798560672 208.25829193647323 0
      vertex 95.45672280493227 207.70389940580947 4
      vertex 95.45672280493227 207.70389940580947 0
    endloop
  endfacet
  facet normal 0.9700312531945555 0.24298017990321802 -1.335834606305147e-18
    outer loop
      vertex 95.11528831758062 208.82945806790323 0
      vertex 95.25835798560672 208.25829193647323 4
      vertex 95.25835798560672 208.25829193647323 0
    endloop
  endfacet
  facet normal 0.9987954562051703 0.04906767432746077 0
    outer loop
      vertex 95.02889163996684 209.41189715802264 0
      vertex 95 210 0
      vertex 95.02889163996684 209.41189715802264 4
    endloop
  endfacet
  facet normal 0.9987954562051703 -0.04906767432746077 0
    outer loop
      vertex 95 210 0
      vertex 95.02889163996684 210.58810284197736 0
      vertex 95 210 4
    endloop
  endfacet
  facet normal 0.9891765099647863 -0.14673047445532575 0
    outer loop
      vertex 95.02889163996684 210.58810284197736 0
      vertex 95.11528831758062 211.17054193209677 0
      vertex 95.02889163996684 210.58810284197736 4
    endloop
  endfacet
  facet normal 0.857728610000279 0.5141027441932103 -1.0437349385212577e-18
    outer loop
      vertex 95.70847241390987 207.171619579044 0
      vertex 96.01118232618472 206.66657860188238 4
      vertex 96.01118232618472 206.66657860188238 0
    endloop
  endfacet
  facet normal 0.8032075314806464 0.5956993044924312 2.248842939759875e-18
    outer loop
      vertex 96.01118232618472 206.66657860188238 0
      vertex 96.36193727982356 206.19364029501813 4
      vertex 96.36193727982356 206.19364029501813 0
    endloop
  endfacet
  facet normal 0.6715589548470684 0.7409511253549137 0
    outer loop
      vertex 97.1936402950181 205.36193727982356 0
      vertex 96.75735931288074 205.7573593128807 0
      vertex 97.1936402950181 205.36193727982356 4
    endloop
  endfacet
  facet normal 0.7409511253549332 0.6715589548470469 -2.4969846287185554e-18
    outer loop
      vertex 96.36193727982356 206.19364029501813 0
      vertex 96.75735931288074 205.7573593128807 4
      vertex 96.75735931288074 205.7573593128807 0
    endloop
  endfacet
  facet normal 0.9700312531945555 -0.24298017990321802 0
    outer loop
      vertex 95.11528831758062 211.17054193209677 0
      vertex 95.25835798560672 211.74170806352677 0
      vertex 95.11528831758062 211.17054193209677 4
    endloop
  endfacet
  facet normal 0.9415440651830123 -0.336889853392244 0
    outer loop
      vertex 95.25835798560672 211.74170806352677 0
      vertex 95.45672280493227 212.29610059419053 0
      vertex 95.25835798560672 211.74170806352677 4
    endloop
  endfacet
  facet normal 0.9039892931234381 -0.42755509343029313 0
    outer loop
      vertex 95.45672280493227 212.29610059419053 0
      vertex 95.70847241390987 212.828380420956 0
      vertex 95.45672280493227 212.29610059419053 4
    endloop
  endfacet
  facet normal 0.857728610000279 -0.5141027441932103 0
    outer loop
      vertex 95.70847241390987 212.828380420956 0
      vertex 96.01118232618472 213.33342139811762 0
      vertex 95.70847241390987 212.828380420956 4
    endloop
  endfacet
  facet normal 0.8032075314806464 -0.5956993044924312 0
    outer loop
      vertex 96.01118232618472 213.33342139811762 0
      vertex 96.36193727982356 213.80635970498187 0
      vertex 96.01118232618472 213.33342139811762 4
    endloop
  endfacet
  facet normal 0.7409511253549332 -0.6715589548470469 0
    outer loop
      vertex 96.36193727982356 213.80635970498187 0
      vertex 96.75735931288074 214.2426406871193 0
      vertex 96.36193727982356 213.80635970498187 4
    endloop
  endfacet
  facet normal 0.6715589548470684 -0.7409511253549137 0
    outer loop
      vertex 96.75735931288074 214.2426406871193 0
      vertex 97.1936402950181 214.63806272017644 0
      vertex 96.75735931288074 214.2426406871193 4
    endloop
  endfacet
  facet normal 0.5956993044923851 -0.8032075314806807 0
    outer loop
      vertex 97.1936402950181 214.63806272017644 0
      vertex 97.6665786018824 214.98881767381528 0
      vertex 97.1936402950181 214.63806272017644 4
    endloop
  endfacet
  facet normal 0.5956993044923851 0.8032075314806807 -1.8303256549700235e-18
    outer loop
      vertex 97.1936402950181 205.36193727982356 0
      vertex 97.6665786018824 205.01118232618472 4
      vertex 97.6665786018824 205.01118232618472 0
    endloop
  endfacet
  facet normal 0.5141027441932103 0.857728610000279 -1.0437349385212577e-18
    outer loop
      vertex 97.6665786018824 205.01118232618472 0
      vertex 98.17161957904403 204.70847241390987 4
      vertex 98.17161957904403 204.70847241390987 0
    endloop
  endfacet
  facet normal 0.4275550934303118 0.9039892931234292 2.1951877204135864e-18
    outer loop
      vertex 98.17161957904403 204.70847241390987 0
      vertex 98.70389940580947 204.45672280493227 4
      vertex 98.70389940580947 204.45672280493227 0
    endloop
  endfacet
  facet normal 0.3368898533922165 0.941544065183022 -2.5014884360414843e-18
    outer loop
      vertex 98.70389940580947 204.45672280493227 0
      vertex 99.2582919364732 204.25835798560675 4
      vertex 99.2582919364732 204.25835798560675 0
    endloop
  endfacet
  facet normal 0.24298017990326345 0.9700312531945442 1.4762301934177316e-19
    outer loop
      vertex 99.2582919364732 204.25835798560675 0
      vertex 99.8294580679032 204.11528831758062 4
      vertex 99.8294580679032 204.11528831758062 0
    endloop
  endfacet
  facet normal 0.14673047445537296 0.9891765099647792 6.942551657930549e-19
    outer loop
      vertex 99.8294580679032 204.11528831758062 0
      vertex 100.41189715802261 204.02889163996682 4
      vertex 100.41189715802261 204.02889163996682 0
    endloop
  endfacet
  facet normal 0.04906767432741025 0.9987954562051726 5.910834035894045e-19
    outer loop
      vertex 100.41189715802261 204.02889163996682 0
      vertex 101 204 4
      vertex 101 204 0
    endloop
  endfacet
  facet normal -0.04906767432741025 0.9987954562051726 -5.910834035894045e-19
    outer loop
      vertex 101 204 0
      vertex 101.58810284197739 204.02889163996682 4
      vertex 101.58810284197739 204.02889163996682 0
    endloop
  endfacet
  facet normal -0.14673047445537296 0.9891765099647792 -6.942551657930549e-19
    outer loop
      vertex 101.58810284197739 204.02889163996682 0
      vertex 102.1705419320968 204.11528831758062 4
      vertex 102.1705419320968 204.11528831758062 0
    endloop
  endfacet
  facet normal -0.24298017990326345 0.9700312531945442 -1.4762301934177316e-19
    outer loop
      vertex 102.1705419320968 204.11528831758062 0
      vertex 102.7417080635268 204.25835798560675 4
      vertex 102.7417080635268 204.25835798560675 0
    endloop
  endfacet
  facet normal -0.3368898533922165 0.941544065183022 2.5014884360414843e-18
    outer loop
      vertex 102.7417080635268 204.25835798560675 0
      vertex 103.29610059419053 204.45672280493227 4
      vertex 103.29610059419053 204.45672280493227 0
    endloop
  endfacet
  facet normal -0.4275550934303118 0.9039892931234292 -2.1951877204135864e-18
    outer loop
      vertex 103.29610059419053 204.45672280493227 0
      vertex 103.82838042095597 204.70847241390987 4
      vertex 103.82838042095597 204.70847241390987 0
    endloop
  endfacet
  facet normal -0.5141027441932103 0.857728610000279 1.0437349385212577e-18
    outer loop
      vertex 103.82838042095597 204.70847241390987 0
      vertex 104.3334213981176 205.01118232618472 4
      vertex 104.3334213981176 205.01118232618472 0
    endloop
  endfacet
  facet normal -0.5956993044923851 0.8032075314806807 1.8303256549700235e-18
    outer loop
      vertex 104.3334213981176 205.01118232618472 0
      vertex 104.8063597049819 205.36193727982356 4
      vertex 104.8063597049819 205.36193727982356 0
    endloop
  endfacet
  facet normal 0.5141027441932103 -0.857728610000279 0
    outer loop
      vertex 97.6665786018824 214.98881767381528 0
      vertex 98.17161957904403 215.29152758609013 0
      vertex 97.6665786018824 214.98881767381528 4
    endloop
  endfacet
  facet normal 0.4275550934303118 -0.9039892931234292 0
    outer loop
      vertex 98.17161957904403 215.29152758609013 0
      vertex 98.70389940580947 215.54327719506773 0
      vertex 98.17161957904403 215.29152758609013 4
    endloop
  endfacet
  facet normal 0.3368898533922165 -0.941544065183022 0
    outer loop
      vertex 98.70389940580947 215.54327719506773 0
      vertex 99.2582919364732 215.74164201439325 0
      vertex 98.70389940580947 215.54327719506773 4
    endloop
  endfacet
  facet normal 0.24298017990326345 -0.9700312531945442 0
    outer loop
      vertex 99.2582919364732 215.74164201439325 0
      vertex 99.8294580679032 215.88471168241938 0
      vertex 99.2582919364732 215.74164201439325 4
    endloop
  endfacet
  facet normal 0.14673047445537296 -0.9891765099647792 0
    outer loop
      vertex 99.8294580679032 215.88471168241938 0
      vertex 100.41189715802261 215.97110836003318 0
      vertex 99.8294580679032 215.88471168241938 4
    endloop
  endfacet
  facet normal 0.04906767432741025 -0.9987954562051726 0
    outer loop
      vertex 100.41189715802261 215.97110836003318 0
      vertex 101 216 0
      vertex 100.41189715802261 215.97110836003318 4
    endloop
  endfacet
  facet normal -0.04906767432741025 -0.9987954562051726 0
    outer loop
      vertex 101 216 0
      vertex 101.58810284197739 215.97110836003318 0
      vertex 101 216 4
    endloop
  endfacet
  facet normal -0.14673047445537296 -0.9891765099647792 0
    outer loop
      vertex 101.58810284197739 215.97110836003318 0
      vertex 102.1705419320968 215.88471168241938 0
      vertex 101.58810284197739 215.97110836003318 4
    endloop
  endfacet
  facet normal -0.24298017990326345 -0.9700312531945442 0
    outer loop
      vertex 102.1705419320968 215.88471168241938 0
      vertex 102.7417080635268 215.74164201439325 0
      vertex 102.1705419320968 215.88471168241938 4
    endloop
  endfacet
  facet normal -0.3368898533922165 -0.941544065183022 0
    outer loop
      vertex 102.7417080635268 215.74164201439325 0
      vertex 103.29610059419053 215.54327719506773 0
      vertex 102.7417080635268 215.74164201439325 4
    endloop
  endfacet
  facet normal -0.4275550934303118 -0.9039892931234292 0
    outer loop
      vertex 103.29610059419053 215.54327719506773 0
      vertex 103.82838042095597 215.29152758609013 0
      vertex 103.29610059419053 215.54327719506773 4
    endloop
  endfacet
  facet normal -0.5141027441932103 -0.857728610000279 0
    outer loop
      vertex 103.82838042095597 215.29152758609013 0
      vertex 104.3334213981176 214.98881767381528 0
      vertex 103.82838042095597 215.29152758609013 4
    endloop
  endfacet
  facet normal -0.5956993044923851 -0.8032075314806807 0
    outer loop
      vertex 104.3334213981176 214.98881767381528 0
      vertex 104.8063597049819 214.63806272017644 0
      vertex 104.3334213981176 214.98881767381528 4
    endloop
  endfacet
  facet normal -0.6715589548470684 -0.7409511253549137 0
    outer loop
      vertex 104.8063597049819 214.63806272017644 0
      vertex 105.24264068711926 214.2426406871193 0
      vertex 104.8063597049819 214.63806272017644 4
    endloop
  endfacet
  facet normal -0.6715589548470684 0.7409511253549137 -4.2915066275637724e-18
    outer loop
      vertex 104.8063597049819 205.36193727982356 0
      vertex 105.24264068711926 205.7573593128807 4
      vertex 105.24264068711926 205.7573593128807 0
    endloop
  endfacet
  facet normal -0.7409511253549332 0.6715589548470469 2.4969846287185554e-18
    outer loop
      vertex 105.24264068711926 205.7573593128807 0
      vertex 105.63806272017644 206.19364029501813 4
      vertex 105.63806272017644 206.19364029501813 0
    endloop
  endfacet
  facet normal -0.8032075314806464 0.5956993044924312 -2.248842939759875e-18
    outer loop
      vertex 105.63806272017644 206.19364029501813 0
      vertex 105.98881767381528 206.66657860188238 4
      vertex 105.98881767381528 206.66657860188238 0
    endloop
  endfacet
  facet normal -0.857728610000279 0.5141027441932103 1.0437349385212577e-18
    outer loop
      vertex 105.98881767381528 206.66657860188238 0
      vertex 106.29152758609013 207.171619579044 4
      vertex 106.29152758609013 207.171619579044 0
    endloop
  endfacet
  facet normal -0.9039892931234381 0.42755509343029313 -4.6510956969312985e-18
    outer loop
      vertex 106.29152758609013 207.171619579044 0
      vertex 106.54327719506773 207.70389940580947 4
      vertex 106.54327719506773 207.70389940580947 0
    endloop
  endfacet
  facet normal -0.9415440651830123 0.336889853392244 4.218238364373173e-19
    outer loop
      vertex 106.54327719506773 207.70389940580947 0
      vertex 106.74164201439328 208.25829193647323 4
      vertex 106.74164201439328 208.25829193647323 0
    endloop
  endfacet
  facet normal -0.9700312531945555 0.24298017990321802 1.335834606305147e-18
    outer loop
      vertex 106.74164201439328 208.25829193647323 0
      vertex 106.88471168241938 208.82945806790323 4
      vertex 106.88471168241938 208.82945806790323 0
    endloop
  endfacet
  facet normal -0.9891765099647863 0.14673047445532575 2.764596306935182e-19
    outer loop
      vertex 106.88471168241938 208.82945806790323 0
      vertex 106.97110836003316 209.41189715802264 4
      vertex 106.97110836003316 209.41189715802264 0
    endloop
  endfacet
  facet normal -0.9987954562051703 0.04906767432746077 -5.053995012389935e-19
    outer loop
      vertex 106.97110836003316 209.41189715802264 0
      vertex 107 210 4
      vertex 107 210 0
    endloop
  endfacet
  facet normal -0.9987954562051703 -0.04906767432746077 5.053995012389935e-19
    outer loop
      vertex 107 210 0
      vertex 106.97110836003316 210.58810284197736 4
      vertex 106.97110836003316 210.58810284197736 0
    endloop
  endfacet
  facet normal -0.7409511253549332 -0.6715589548470469 0
    outer loop
      vertex 105.24264068711926 214.2426406871193 0
      vertex 105.63806272017644 213.80635970498187 0
      vertex 105.24264068711926 214.2426406871193 4
    endloop
  endfacet
  facet normal -0.8032075314806464 -0.5956993044924312 0
    outer loop
      vertex 105.63806272017644 213.80635970498187 0
      vertex 105.98881767381528 213.33342139811762 0
      vertex 105.63806272017644 213.80635970498187 4
    endloop
  endfacet
  facet normal -0.9039892931234381 -0.42755509343029313 4.6510956969312985e-18
    outer loop
      vertex 106.54327719506773 212.29610059419053 0
      vertex 106.29152758609013 212.828380420956 4
      vertex 106.29152758609013 212.828380420956 0
    endloop
  endfacet
  facet normal -0.9700312531945555 -0.24298017990321802 0
    outer loop
      vertex 106.74164201439328 211.74170806352677 0
      vertex 106.88471168241938 211.17054193209677 0
      vertex 106.74164201439328 211.74170806352677 4
    endloop
  endfacet
  facet normal -0.9415440651830123 -0.336889853392244 -4.218238364373173e-19
    outer loop
      vertex 106.74164201439328 211.74170806352677 0
      vertex 106.54327719506773 212.29610059419053 4
      vertex 106.54327719506773 212.29610059419053 0
    endloop
  endfacet
  facet normal -0.857728610000279 -0.5141027441932103 0
    outer loop
      vertex 105.98881767381528 213.33342139811762 0
      vertex 106.29152758609013 212.828380420956 0
      vertex 105.98881767381528 213.33342139811762 4
    endloop
  endfacet
  facet normal -0.9891765099647863 -0.14673047445532575 -2.764596306935182e-19
    outer loop
      vertex 106.97110836003316 210.58810284197736 0
      vertex 106.88471168241938 211.17054193209677 4
      vertex 106.88471168241938 211.17054193209677 0
    endloop
  endfacet
  facet normal 0.9415440651830123 0.336889853392244 0
    outer loop
      vertex 95.25835798560672 208.25829193647323 0
      vertex 95.25835798560672 208.25829193647323 4
      vertex 95.45672280493227 207.70389940580947 4
    endloop
  endfacet
  facet normal 0.9039892931234381 0.42755509343029313 0
    outer loop
      vertex 95.45672280493227 207.70389940580947 0
      vertex 95.45672280493227 207.70389940580947 4
      vertex 95.70847241390987 207.171619579044 4
    endloop
  endfacet
  facet normal 0.9700312531945555 0.24298017990321802 0
    outer loop
      vertex 95.11528831758062 208.82945806790323 0
      vertex 95.11528831758062 208.82945806790323 4
      vertex 95.25835798560672 208.25829193647323 4
    endloop
  endfacet
  facet normal 0.9891765099647863 0.14673047445532575 0
    outer loop
      vertex 95.02889163996684 209.41189715802264 0
      vertex 95.02889163996684 209.41189715802264 4
      vertex 95.11528831758062 208.82945806790323 4
    endloop
  endfacet
  facet normal 0.9987954562051703 0.04906767432746077 0
    outer loop
      vertex 95 210 0
      vertex 95 210 4
      vertex 95.02889163996684 209.41189715802264 4
    endloop
  endfacet
  facet normal 0.9987954562051703 -0.04906767432746077 0
    outer loop
      vertex 95.02889163996684 210.58810284197736 0
      vertex 95.02889163996684 210.58810284197736 4
      vertex 95 210 4
    endloop
  endfacet
  facet normal 0.857728610000279 0.5141027441932103 0
    outer loop
      vertex 95.70847241390987 207.171619579044 0
      vertex 95.70847241390987 207.171619579044 4
      vertex 96.01118232618472 206.66657860188238 4
    endloop
  endfacet
  facet normal 0.8032075314806464 0.5956993044924312 0
    outer loop
      vertex 96.01118232618472 206.66657860188238 0
      vertex 96.01118232618472 206.66657860188238 4
      vertex 96.36193727982356 206.19364029501813 4
    endloop
  endfacet
  facet normal 0.7409511253549332 0.6715589548470469 0
    outer loop
      vertex 96.36193727982356 206.19364029501813 0
      vertex 96.36193727982356 206.19364029501813 4
      vertex 96.75735931288074 205.7573593128807 4
    endloop
  endfacet
  facet normal 0.6715589548470684 0.7409511253549137 0
    outer loop
      vertex 96.75735931288074 205.7573593128807 0
      vertex 96.75735931288074 205.7573593128807 4
      vertex 97.1936402950181 205.36193727982356 4
    endloop
  endfacet
  facet normal 0.5956993044923851 0.8032075314806807 0
    outer loop
      vertex 97.1936402950181 205.36193727982356 0
      vertex 97.1936402950181 205.36193727982356 4
      vertex 97.6665786018824 205.01118232618472 4
    endloop
  endfacet
  facet normal 0.9891765099647863 -0.14673047445532575 0
    outer loop
      vertex 95.11528831758062 211.17054193209677 0
      vertex 95.11528831758062 211.17054193209677 4
      vertex 95.02889163996684 210.58810284197736 4
    endloop
  endfacet
  facet normal 0.9700312531945555 -0.24298017990321802 0
    outer loop
      vertex 95.25835798560672 211.74170806352677 0
      vertex 95.25835798560672 211.74170806352677 4
      vertex 95.11528831758062 211.17054193209677 4
    endloop
  endfacet
  facet normal 0.9415440651830123 -0.336889853392244 0
    outer loop
      vertex 95.45672280493227 212.29610059419053 0
      vertex 95.45672280493227 212.29610059419053 4
      vertex 95.25835798560672 211.74170806352677 4
    endloop
  endfacet
  facet normal 0.9039892931234381 -0.42755509343029313 0
    outer loop
      vertex 95.70847241390987 212.828380420956 0
      vertex 95.70847241390987 212.828380420956 4
      vertex 95.45672280493227 212.29610059419053 4
    endloop
  endfacet
  facet normal 0.857728610000279 -0.5141027441932103 0
    outer loop
      vertex 96.01118232618472 213.33342139811762 0
      vertex 96.01118232618472 213.33342139811762 4
      vertex 95.70847241390987 212.828380420956 4
    endloop
  endfacet
  facet normal 0.8032075314806464 -0.5956993044924312 0
    outer loop
      vertex 96.36193727982356 213.80635970498187 0
      vertex 96.36193727982356 213.80635970498187 4
      vertex 96.01118232618472 213.33342139811762 4
    endloop
  endfacet
  facet normal 0.7409511253549332 -0.6715589548470469 0
    outer loop
      vertex 96.75735931288074 214.2426406871193 0
      vertex 96.75735931288074 214.2426406871193 4
      vertex 96.36193727982356 213.80635970498187 4
    endloop
  endfacet
  facet normal 0.6715589548470684 -0.7409511253549137 0
    outer loop
      vertex 97.1936402950181 214.63806272017644 0
      vertex 97.1936402950181 214.63806272017644 4
      vertex 96.75735931288074 214.2426406871193 4
    endloop
  endfacet
  facet normal 0.5141027441932103 0.857728610000279 0
    outer loop
      vertex 97.6665786018824 205.01118232618472 0
      vertex 97.6665786018824 205.01118232618472 4
      vertex 98.17161957904403 204.70847241390987 4
    endloop
  endfacet
  facet normal 0.4275550934303118 0.9039892931234292 0
    outer loop
      vertex 98.17161957904403 204.70847241390987 0
      vertex 98.17161957904403 204.70847241390987 4
      vertex 98.70389940580947 204.45672280493227 4
    endloop
  endfacet
  facet normal 0.3368898533922165 0.941544065183022 0
    outer loop
      vertex 98.70389940580947 204.45672280493227 0
      vertex 98.70389940580947 204.45672280493227 4
      vertex 99.2582919364732 204.25835798560675 4
    endloop
  endfacet
  facet normal 0.24298017990326345 0.9700312531945442 0
    outer loop
      vertex 99.2582919364732 204.25835798560675 0
      vertex 99.2582919364732 204.25835798560675 4
      vertex 99.8294580679032 204.11528831758062 4
    endloop
  endfacet
  facet normal 0.14673047445537296 0.9891765099647792 0
    outer loop
      vertex 99.8294580679032 204.11528831758062 0
      vertex 99.8294580679032 204.11528831758062 4
      vertex 100.41189715802261 204.02889163996682 4
    endloop
  endfacet
  facet normal 0.04906767432741025 0.9987954562051726 0
    outer loop
      vertex 100.41189715802261 204.02889163996682 0
      vertex 100.41189715802261 204.02889163996682 4
      vertex 101 204 4
    endloop
  endfacet
  facet normal -0.04906767432741025 0.9987954562051726 0
    outer loop
      vertex 101 204 0
      vertex 101 204 4
      vertex 101.58810284197739 204.02889163996682 4
    endloop
  endfacet
  facet normal -0.14673047445537296 0.9891765099647792 0
    outer loop
      vertex 101.58810284197739 204.02889163996682 0
      vertex 101.58810284197739 204.02889163996682 4
      vertex 102.1705419320968 204.11528831758062 4
    endloop
  endfacet
  facet normal -0.24298017990326345 0.9700312531945442 0
    outer loop
      vertex 102.1705419320968 204.11528831758062 0
      vertex 102.1705419320968 204.11528831758062 4
      vertex 102.7417080635268 204.25835798560675 4
    endloop
  endfacet
  facet normal -0.3368898533922165 0.941544065183022 0
    outer loop
      vertex 102.7417080635268 204.25835798560675 0
      vertex 102.7417080635268 204.25835798560675 4
      vertex 103.29610059419053 204.45672280493227 4
    endloop
  endfacet
  facet normal -0.4275550934303118 0.9039892931234292 0
    outer loop
      vertex 103.29610059419053 204.45672280493227 0
      vertex 103.29610059419053 204.45672280493227 4
      vertex 103.82838042095597 204.70847241390987 4
    endloop
  endfacet
  facet normal -0.5141027441932103 0.857728610000279 0
    outer loop
      vertex 103.82838042095597 204.70847241390987 0
      vertex 103.82838042095597 204.70847241390987 4
      vertex 104.3334213981176 205.01118232618472 4
    endloop
  endfacet
  facet normal -0.5956993044923851 0.8032075314806807 0
    outer loop
      vertex 104.3334213981176 205.01118232618472 0
      vertex 104.3334213981176 205.01118232618472 4
      vertex 104.8063597049819 205.36193727982356 4
    endloop
  endfacet
  facet normal -0.6715589548470684 0.7409511253549137 0
    outer loop
      vertex 104.8063597049819 205.36193727982356 0
      vertex 104.8063597049819 205.36193727982356 4
      vertex 105.24264068711926 205.7573593128807 4
    endloop
  endfacet
  facet normal 0.5956993044923851 -0.8032075314806807 0
    outer loop
      vertex 97.6665786018824 214.98881767381528 0
      vertex 97.6665786018824 214.98881767381528 4
      vertex 97.1936402950181 214.63806272017644 4
    endloop
  endfacet
  facet normal 0.5141027441932103 -0.857728610000279 0
    outer loop
      vertex 98.17161957904403 215.29152758609013 0
      vertex 98.17161957904403 215.29152758609013 4
      vertex 97.6665786018824 214.98881767381528 4
    endloop
  endfacet
  facet normal 0.4275550934303118 -0.9039892931234292 0
    outer loop
      vertex 98.70389940580947 215.54327719506773 0
      vertex 98.70389940580947 215.54327719506773 4
      vertex 98.17161957904403 215.29152758609013 4
    endloop
  endfacet
  facet normal 0.3368898533922165 -0.941544065183022 0
    outer loop
      vertex 99.2582919364732 215.74164201439325 0
      vertex 99.2582919364732 215.74164201439325 4
      vertex 98.70389940580947 215.54327719506773 4
    endloop
  endfacet
  facet normal 0.24298017990326345 -0.9700312531945442 0
    outer loop
      vertex 99.8294580679032 215.88471168241938 0
      vertex 99.8294580679032 215.88471168241938 4
      vertex 99.2582919364732 215.74164201439325 4
    endloop
  endfacet
  facet normal 0.14673047445537296 -0.9891765099647792 0
    outer loop
      vertex 100.41189715802261 215.97110836003318 0
      vertex 100.41189715802261 215.97110836003318 4
      vertex 99.8294580679032 215.88471168241938 4
    endloop
  endfacet
  facet normal 0.04906767432741025 -0.9987954562051726 0
    outer loop
      vertex 101 216 0
      vertex 101 216 4
      vertex 100.41189715802261 215.97110836003318 4
    endloop
  endfacet
  facet normal -0.04906767432741025 -0.9987954562051726 0
    outer loop
      vertex 101.58810284197739 215.97110836003318 0
      vertex 101.58810284197739 215.97110836003318 4
      vertex 101 216 4
    endloop
  endfacet
  facet normal -0.14673047445537296 -0.9891765099647792 0
    outer loop
      vertex 102.1705419320968 215.88471168241938 0
      vertex 102.1705419320968 215.88471168241938 4
      vertex 101.58810284197739 215.97110836003318 4
    endloop
  endfacet
  facet normal -0.24298017990326345 -0.9700312531945442 0
    outer loop
      vertex 102.7417080635268 215.74164201439325 0
      vertex 102.7417080635268 215.74164201439325 4
      vertex 102.1705419320968 215.88471168241938 4
    endloop
  endfacet
  facet normal -0.3368898533922165 -0.941544065183022 0
    outer loop
      vertex 103.29610059419053 215.54327719506773 0
      vertex 103.29610059419053 215.54327719506773 4
      vertex 102.7417080635268 215.74164201439325 4
    endloop
  endfacet
  facet normal -0.4275550934303118 -0.9039892931234292 0
    outer loop
      vertex 103.82838042095597 215.29152758609013 0
      vertex 103.82838042095597 215.29152758609013 4
      vertex 103.29610059419053 215.54327719506773 4
    endloop
  endfacet
  facet normal -0.5141027441932103 -0.857728610000279 0
    outer loop
      vertex 104.3334213981176 214.98881767381528 0
      vertex 104.3334213981176 214.98881767381528 4
      vertex 103.82838042095597 215.29152758609013 4
    endloop
  endfacet
  facet normal -0.5956993044923851 -0.8032075314806807 0
    outer loop
      vertex 104.8063597049819 214.63806272017644 0
      vertex 104.8063597049819 214.63806272017644 4
      vertex 104.3334213981176 214.98881767381528 4
    endloop
  endfacet
  facet normal -0.7409511253549332 0.6715589548470469 0
    outer loop
      vertex 105.24264068711926 205.7573593128807 0
      vertex 105.24264068711926 205.7573593128807 4
      vertex 105.63806272017644 206.19364029501813 4
    endloop
  endfacet
  facet normal -0.8032075314806464 0.5956993044924312 0
    outer loop
      vertex 105.63806272017644 206.19364029501813 0
      vertex 105.63806272017644 206.19364029501813 4
      vertex 105.98881767381528 206.66657860188238 4
    endloop
  endfacet
  facet normal -0.857728610000279 0.5141027441932103 0
    outer loop
      vertex 105.98881767381528 206.66657860188238 0
      vertex 105.98881767381528 206.66657860188238 4
      vertex 106.29152758609013 207.171619579044 4
    endloop
  endfacet
  facet normal -0.9039892931234381 0.42755509343029313 0
    outer loop
      vertex 106.29152758609013 207.171619579044 0
      vertex 106.29152758609013 207.171619579044 4
      vertex 106.54327719506773 207.70389940580947 4
    endloop
  endfacet
  facet normal -0.9415440651830123 0.336889853392244 0
    outer loop
      vertex 106.54327719506773 207.70389940580947 0
      vertex 106.54327719506773 207.70389940580947 4
      vertex 106.74164201439328 208.25829193647323 4
    endloop
  endfacet
  facet normal -0.9700312531945555 0.24298017990321802 0
    outer loop
      vertex 106.74164201439328 208.25829193647323 0
      vertex 106.74164201439328 208.25829193647323 4
      vertex 106.88471168241938 208.82945806790323 4
    endloop
  endfacet
  facet normal -0.9891765099647863 0.14673047445532575 0
    outer loop
      vertex 106.88471168241938 208.82945806790323 0
      vertex 106.88471168241938 208.82945806790323 4
      vertex 106.97110836003316 209.41189715802264 4
    endloop
  endfacet
  facet normal -0.9987954562051703 0.04906767432746077 0
    outer loop
      vertex 106.97110836003316 209.41189715802264 0
      vertex 106.97110836003316 209.41189715802264 4
      vertex 107 210 4
    endloop
  endfacet
  facet normal -0.9987954562051703 -0.04906767432746077 0
    outer loop
      vertex 107 210 0
      vertex 107 210 4
      vertex 106.97110836003316 210.58810284197736 4
    endloop
  endfacet
  facet normal -0.9891765099647863 -0.14673047445532575 0
    outer loop
      vertex 106.97110836003316 210.58810284197736 0
      vertex 106.97110836003316 210.58810284197736 4
      vertex 106.88471168241938 211.17054193209677 4
    endloop
  endfacet
  facet normal -0.6715589548470684 -0.7409511253549137 0
    outer loop
      vertex 105.24264068711926 214.2426406871193 0
      vertex 105.24264068711926 214.2426406871193 4
      vertex 104.8063597049819 214.63806272017644 4
    endloop
  endfacet
  facet normal -0.8032075314806464 -0.5956993044924312 0
    outer loop
      vertex 105.98881767381528 213.33342139811762 0
      vertex 105.98881767381528 213.33342139811762 4
      vertex 105.63806272017644 213.80635970498187 4
    endloop
  endfacet
  facet normal -0.7409511253549332 -0.6715589548470469 0
    outer loop
      vertex 105.63806272017644 213.80635970498187 0
      vertex 105.63806272017644 213.80635970498187 4
      vertex 105.24264068711926 214.2426406871193 4
    endloop
  endfacet
  facet normal -0.9700312531945555 -0.24298017990321802 0
    outer loop
      vertex 106.88471168241938 211.17054193209677 0
      vertex 106.88471168241938 211.17054193209677 4
      vertex 106.74164201439328 211.74170806352677 4
    endloop
  endfacet
  facet normal -0.9039892931234381 -0.42755509343029313 0
    outer loop
      vertex 106.54327719506773 212.29610059419053 0
      vertex 106.54327719506773 212.29610059419053 4
      vertex 106.29152758609013 212.828380420956 4
    endloop
  endfacet
  facet normal -0.9415440651830123 -0.336889853392244 0
    outer loop
      vertex 106.74164201439328 211.74170806352677 0
      vertex 106.74164201439328 211.74170806352677 4
      vertex 106.54327719506773 212.29610059419053 4
    endloop
  endfacet
  facet normal -0.857728610000279 -0.5141027441932103 0
    outer loop
      vertex 106.29152758609013 212.828380420956 0
      vertex 106.29152758609013 212.828380420956 4
      vertex 105.98881767381528 213.33342139811762 4
    endloop
  endfacet
  facet normal 0.8032075314807233 0.5956993044923274 0
    outer loop
      vertex 110.58650165908568 111.55553060386667 0
      vertex 110.58650165908568 111.55553060386667 2
      vertex 110.68588222928332 111.42153141692181 0
    endloop
  endfacet
  facet normal 0.9700312531945778 0.24298017990312848 7.903383613262998e-20
    outer loop
      vertex 110.37320142925523 112.00651604866741 0
      vertex 110.33266502331452 112.16834645257258 0
      vertex 110.33266502331452 112.16834645257258 2
    endloop
  endfacet
  facet normal 0.9891765099647511 0.1467304744555622 -9.964932611419308e-20
    outer loop
      vertex 110.33266502331452 112.16834645257258 0
      vertex 110.30818596465724 112.33337086143975 0
      vertex 110.30818596465724 112.33337086143975 2
    endloop
  endfacet
  facet normal 0.9987954562051828 0.04906767432720543 2.349240161751342e-19
    outer loop
      vertex 110.30818596465724 112.33337086143975 0
      vertex 110.30000000000001 112.5 0
      vertex 110.30000000000001 112.5 2
    endloop
  endfacet
  facet normal 0.9039892931234984 0.42755509343016573 2.158364642374326e-18
    outer loop
      vertex 110.50073385060779 111.6986255473958 0
      vertex 110.42940479473083 111.84943816497935 0
      vertex 110.42940479473083 111.84943816497935 2
    endloop
  endfacet
  facet normal 0.9415440651829617 0.33688985339238475 0
    outer loop
      vertex 110.37320142925523 112.00651604866741 0
      vertex 110.37320142925523 112.00651604866741 2
      vertex 110.42940479473083 111.84943816497935 0
    endloop
  endfacet
  facet normal 0.8577286100002308 0.5141027441932906 -1.3157685521884692e-18
    outer loop
      vertex 110.58650165908568 111.55553060386667 0
      vertex 110.50073385060779 111.6986255473958 0
      vertex 110.50073385060779 111.6986255473958 2
    endloop
  endfacet
  facet normal 0.7409511253548667 0.6715589548471205 0
    outer loop
      vertex 110.68588222928332 111.42153141692181 0
      vertex 110.68588222928332 111.42153141692181 2
      vertex 110.79791847198288 111.29791847198287 0
    endloop
  endfacet
  facet normal 0.67155895484698 0.7409511253549939 0
    outer loop
      vertex 110.79791847198288 111.29791847198287 0
      vertex 110.79791847198288 111.29791847198287 2
      vertex 110.92153141692182 111.18588222928335 0
    endloop
  endfacet
  facet normal 0.5956993044925739 0.8032075314805407 -1.6996810343121269e-18
    outer loop
      vertex 111.05553060386666 111.08650165908567 0
      vertex 110.92153141692182 111.18588222928335 0
      vertex 110.92153141692182 111.18588222928335 2
    endloop
  endfacet
  facet normal 0.5141027441931276 0.8577286100003284 0
    outer loop
      vertex 111.05553060386666 111.08650165908567 0
      vertex 111.05553060386666 111.08650165908567 2
      vertex 111.1986255473958 111.0007338506078 0
    endloop
  endfacet
  facet normal 0.42755509343030496 0.9039892931234326 0
    outer loop
      vertex 111.1986255473958 111.0007338506078 0
      vertex 111.1986255473958 111.0007338506078 2
      vertex 111.34943816497935 110.92940479473081 0
    endloop
  endfacet
  facet normal 0.3368898533921797 0.9415440651830352 0
    outer loop
      vertex 111.34943816497935 110.92940479473081 0
      vertex 111.34943816497935 110.92940479473081 2
      vertex 111.50651604866744 110.87320142925525 0
    endloop
  endfacet
  facet normal 0.24298017990334905 0.9700312531945228 0
    outer loop
      vertex 111.50651604866744 110.87320142925525 0
      vertex 111.50651604866744 110.87320142925525 2
      vertex 111.66834645257256 110.8326650233145 0
    endloop
  endfacet
  facet normal 0.14673047445531215 0.9891765099647883 0
    outer loop
      vertex 111.66834645257256 110.8326650233145 0
      vertex 111.66834645257256 110.8326650233145 2
      vertex 111.83337086143973 110.80818596465727 0
    endloop
  endfacet
  facet normal 0.04906767432745618 0.9987954562051705 0
    outer loop
      vertex 111.83337086143973 110.80818596465727 0
      vertex 111.83337086143973 110.80818596465727 2
      vertex 112 110.8 0
    endloop
  endfacet
  facet normal -0.04906767432745618 0.9987954562051705 0
    outer loop
      vertex 112 110.8 0
      vertex 112 110.8 2
      vertex 112.16662913856027 110.80818596465727 0
    endloop
  endfacet
  facet normal -0.14673047445531215 0.9891765099647883 0
    outer loop
      vertex 112.16662913856027 110.80818596465727 0
      vertex 112.16662913856027 110.80818596465727 2
      vertex 112.33165354742744 110.8326650233145 0
    endloop
  endfacet
  facet normal -0.24298017990334905 0.9700312531945228 0
    outer loop
      vertex 112.33165354742744 110.8326650233145 0
      vertex 112.33165354742744 110.8326650233145 2
      vertex 112.49348395133256 110.87320142925525 0
    endloop
  endfacet
  facet normal -0.3368898533921797 0.9415440651830352 0
    outer loop
      vertex 112.49348395133256 110.87320142925525 0
      vertex 112.49348395133256 110.87320142925525 2
      vertex 112.65056183502065 110.92940479473081 0
    endloop
  endfacet
  facet normal -0.42755509343030496 0.9039892931234326 0
    outer loop
      vertex 112.65056183502065 110.92940479473081 0
      vertex 112.65056183502065 110.92940479473081 2
      vertex 112.8013744526042 111.0007338506078 0
    endloop
  endfacet
  facet normal -0.5141027441931276 0.8577286100003284 0
    outer loop
      vertex 112.8013744526042 111.0007338506078 0
      vertex 112.8013744526042 111.0007338506078 2
      vertex 112.94446939613334 111.08650165908567 0
    endloop
  endfacet
  facet normal -0.5956993044925739 0.8032075314805407 0
    outer loop
      vertex 112.94446939613334 111.08650165908567 0
      vertex 112.94446939613334 111.08650165908567 2
      vertex 113.07846858307818 111.18588222928335 0
    endloop
  endfacet
  facet normal -0.67155895484698 0.7409511253549939 0
    outer loop
      vertex 113.07846858307818 111.18588222928335 0
      vertex 113.07846858307818 111.18588222928335 2
      vertex 113.20208152801712 111.29791847198287 0
    endloop
  endfacet
  facet normal -0.7409511253548667 0.6715589548471205 0
    outer loop
      vertex 113.20208152801712 111.29791847198287 0
      vertex 113.20208152801712 111.29791847198287 2
      vertex 113.31411777071668 111.42153141692181 0
    endloop
  endfacet
  facet normal -0.8032075314807233 0.5956993044923274 0
    outer loop
      vertex 113.31411777071668 111.42153141692181 0
      vertex 113.31411777071668 111.42153141692181 2
      vertex 113.41349834091432 111.55553060386667 0
    endloop
  endfacet
  facet normal -0.8577286100002308 0.5141027441932906 0
    outer loop
      vertex 113.41349834091432 111.55553060386667 0
      vertex 113.41349834091432 111.55553060386667 2
      vertex 113.49926614939221 111.6986255473958 0
    endloop
  endfacet
  facet normal -0.9039892931234984 0.42755509343016573 0
    outer loop
      vertex 113.49926614939221 111.6986255473958 0
      vertex 113.49926614939221 111.6986255473958 2
      vertex 113.57059520526917 111.84943816497935 0
    endloop
  endfacet
  facet normal -0.9415440651829617 0.33688985339238475 0
    outer loop
      vertex 113.57059520526917 111.84943816497935 0
      vertex 113.57059520526917 111.84943816497935 2
      vertex 113.62679857074477 112.00651604866741 0
    endloop
  endfacet
  facet normal -0.9700312531945778 0.24298017990312848 0
    outer loop
      vertex 113.62679857074477 112.00651604866741 0
      vertex 113.62679857074477 112.00651604866741 2
      vertex 113.66733497668548 112.16834645257258 0
    endloop
  endfacet
  facet normal -0.9891765099647511 0.1467304744555622 0
    outer loop
      vertex 113.66733497668548 112.16834645257258 0
      vertex 113.66733497668548 112.16834645257258 2
      vertex 113.69181403534276 112.33337086143975 0
    endloop
  endfacet
  facet normal -0.9987954562051828 0.04906767432720543 0
    outer loop
      vertex 113.69181403534276 112.33337086143975 0
      vertex 113.69181403534276 112.33337086143975 2
      vertex 113.69999999999999 112.5 0
    endloop
  endfacet
  facet normal 0.8577286100002308 0.5141027441932906 0
    outer loop
      vertex 110.58650165908568 111.55553060386667 0
      vertex 110.50073385060779 111.6986255473958 2
      vertex 110.58650165908568 111.55553060386667 2
    endloop
  endfacet
  facet normal 0.9700312531945778 0.24298017990312848 0
    outer loop
      vertex 110.37320142925523 112.00651604866741 0
      vertex 110.33266502331452 112.16834645257258 2
      vertex 110.37320142925523 112.00651604866741 2
    endloop
  endfacet
  facet normal 0.9891765099647511 0.1467304744555622 0
    outer loop
      vertex 110.33266502331452 112.16834645257258 0
      vertex 110.30818596465724 112.33337086143975 2
      vertex 110.33266502331452 112.16834645257258 2
    endloop
  endfacet
  facet normal 0.9987954562051828 0.04906767432720543 0
    outer loop
      vertex 110.30818596465724 112.33337086143975 0
      vertex 110.30000000000001 112.5 2
      vertex 110.30818596465724 112.33337086143975 2
    endloop
  endfacet
  facet normal 0.9039892931234984 0.42755509343016573 0
    outer loop
      vertex 110.50073385060779 111.6986255473958 0
      vertex 110.42940479473083 111.84943816497935 2
      vertex 110.50073385060779 111.6986255473958 2
    endloop
  endfacet
  facet normal 0.9415440651829617 0.33688985339238475 0
    outer loop
      vertex 110.42940479473083 111.84943816497935 0
      vertex 110.37320142925523 112.00651604866741 2
      vertex 110.42940479473083 111.84943816497935 2
    endloop
  endfacet
  facet normal 0.8032075314807233 0.5956993044923274 -2.1532676726169532e-18
    outer loop
      vertex 110.58650165908568 111.55553060386667 2
      vertex 110.68588222928332 111.42153141692181 2
      vertex 110.68588222928332 111.42153141692181 0
    endloop
  endfacet
  facet normal 0.7409511253548667 0.6715589548471205 0
    outer loop
      vertex 110.79791847198288 111.29791847198287 0
      vertex 110.68588222928332 111.42153141692181 2
      vertex 110.79791847198288 111.29791847198287 2
    endloop
  endfacet
  facet normal 0.5956993044925739 0.8032075314805407 0
    outer loop
      vertex 111.05553060386666 111.08650165908567 0
      vertex 110.92153141692182 111.18588222928335 2
      vertex 111.05553060386666 111.08650165908567 2
    endloop
  endfacet
  facet normal 0.67155895484698 0.7409511253549939 0
    outer loop
      vertex 110.92153141692182 111.18588222928335 0
      vertex 110.79791847198288 111.29791847198287 2
      vertex 110.92153141692182 111.18588222928335 2
    endloop
  endfacet
  facet normal 0.5141027441931276 0.8577286100003284 0
    outer loop
      vertex 111.1986255473958 111.0007338506078 0
      vertex 111.05553060386666 111.08650165908567 2
      vertex 111.1986255473958 111.0007338506078 2
    endloop
  endfacet
  facet normal 0.42755509343030496 0.9039892931234326 0
    outer loop
      vertex 111.34943816497935 110.92940479473081 0
      vertex 111.1986255473958 111.0007338506078 2
      vertex 111.34943816497935 110.92940479473081 2
    endloop
  endfacet
  facet normal 0.3368898533921797 0.9415440651830352 0
    outer loop
      vertex 111.50651604866744 110.87320142925525 0
      vertex 111.34943816497935 110.92940479473081 2
      vertex 111.50651604866744 110.87320142925525 2
    endloop
  endfacet
  facet normal 0.24298017990334905 0.9700312531945228 -9.952254573703068e-19
    outer loop
      vertex 111.50651604866744 110.87320142925525 2
      vertex 111.66834645257256 110.8326650233145 2
      vertex 111.66834645257256 110.8326650233145 0
    endloop
  endfacet
  facet normal 0.14673047445531215 0.9891765099647883 0
    outer loop
      vertex 111.83337086143973 110.80818596465727 0
      vertex 111.66834645257256 110.8326650233145 2
      vertex 111.83337086143973 110.80818596465727 2
    endloop
  endfacet
  facet normal 0.04906767432745618 0.9987954562051705 0
    outer loop
      vertex 112 110.8 0
      vertex 111.83337086143973 110.80818596465727 2
      vertex 112 110.8 2
    endloop
  endfacet
  facet normal -0.04906767432745618 0.9987954562051705 0
    outer loop
      vertex 112.16662913856027 110.80818596465727 0
      vertex 112 110.8 2
      vertex 112.16662913856027 110.80818596465727 2
    endloop
  endfacet
  facet normal -0.14673047445531215 0.9891765099647883 0
    outer loop
      vertex 112.33165354742744 110.8326650233145 0
      vertex 112.16662913856027 110.80818596465727 2
      vertex 112.33165354742744 110.8326650233145 2
    endloop
  endfacet
  facet normal -0.24298017990334905 0.9700312531945228 0
    outer loop
      vertex 112.49348395133256 110.87320142925525 0
      vertex 112.33165354742744 110.8326650233145 2
      vertex 112.49348395133256 110.87320142925525 2
    endloop
  endfacet
  facet normal -0.3368898533921797 0.9415440651830352 -8.889901600219778e-19
    outer loop
      vertex 112.49348395133256 110.87320142925525 2
      vertex 112.65056183502065 110.92940479473081 2
      vertex 112.65056183502065 110.92940479473081 0
    endloop
  endfacet
  facet normal -0.42755509343030496 0.9039892931234326 0
    outer loop
      vertex 112.8013744526042 111.0007338506078 0
      vertex 112.65056183502065 110.92940479473081 2
      vertex 112.8013744526042 111.0007338506078 2
    endloop
  endfacet
  facet normal -0.5141027441931276 0.8577286100003284 0
    outer loop
      vertex 112.94446939613334 111.08650165908567 0
      vertex 112.8013744526042 111.0007338506078 2
      vertex 112.94446939613334 111.08650165908567 2
    endloop
  endfacet
  facet normal -0.5956993044925739 0.8032075314805407 0
    outer loop
      vertex 113.07846858307818 111.18588222928335 0
      vertex 112.94446939613334 111.08650165908567 2
      vertex 113.07846858307818 111.18588222928335 2
    endloop
  endfacet
  facet normal -0.67155895484698 0.7409511253549939 0
    outer loop
      vertex 113.20208152801712 111.29791847198287 0
      vertex 113.07846858307818 111.18588222928335 2
      vertex 113.20208152801712 111.29791847198287 2
    endloop
  endfacet
  facet normal -0.7409511253548667 0.6715589548471205 0
    outer loop
      vertex 113.31411777071668 111.42153141692181 0
      vertex 113.20208152801712 111.29791847198287 2
      vertex 113.31411777071668 111.42153141692181 2
    endloop
  endfacet
  facet normal -0.8032075314807233 0.5956993044923274 0
    outer loop
      vertex 113.41349834091432 111.55553060386667 0
      vertex 113.31411777071668 111.42153141692181 2
      vertex 113.41349834091432 111.55553060386667 2
    endloop
  endfacet
  facet normal -0.8577286100002308 0.5141027441932906 1.3157685521884692e-18
    outer loop
      vertex 113.41349834091432 111.55553060386667 2
      vertex 113.49926614939221 111.6986255473958 2
      vertex 113.49926614939221 111.6986255473958 0
    endloop
  endfacet
  facet normal -0.9039892931234984 0.42755509343016573 0
    outer loop
      vertex 113.57059520526917 111.84943816497935 0
      vertex 113.49926614939221 111.6986255473958 2
      vertex 113.57059520526917 111.84943816497935 2
    endloop
  endfacet
  facet normal -0.9415440651829617 0.33688985339238475 0
    outer loop
      vertex 113.62679857074477 112.00651604866741 0
      vertex 113.57059520526917 111.84943816497935 2
      vertex 113.62679857074477 112.00651604866741 2
    endloop
  endfacet
  facet normal -0.9700312531945778 0.24298017990312848 0
    outer loop
      vertex 113.66733497668548 112.16834645257258 0
      vertex 113.62679857074477 112.00651604866741 2
      vertex 113.66733497668548 112.16834645257258 2
    endloop
  endfacet
  facet normal -0.9891765099647511 0.1467304744555622 0
    outer loop
      vertex 113.69181403534276 112.33337086143975 0
      vertex 113.66733497668548 112.16834645257258 2
      vertex 113.69181403534276 112.33337086143975 2
    endloop
  endfacet
  facet normal -0.9987954562051828 0.04906767432720543 -2.349240161751342e-19
    outer loop
      vertex 113.69181403534276 112.33337086143975 2
      vertex 113.69999999999999 112.5 2
      vertex 113.69999999999999 112.5 0
    endloop
  endfacet
  facet normal 0.9987954562051828 -0.04906767432720543 -2.349240161751342e-19
    outer loop
      vertex 110.30000000000001 112.5 0
      vertex 110.30818596465724 112.66662913856025 0
      vertex 110.30818596465724 112.66662913856025 2
    endloop
  endfacet
  facet normal 0.9891765099647511 -0.1467304744555622 9.964932611419308e-20
    outer loop
      vertex 110.30818596465724 112.66662913856025 0
      vertex 110.33266502331452 112.83165354742742 0
      vertex 110.33266502331452 112.83165354742742 2
    endloop
  endfacet
  facet normal 0.9700312531945778 -0.24298017990312848 -7.903383613262998e-20
    outer loop
      vertex 110.33266502331452 112.83165354742742 0
      vertex 110.37320142925523 112.99348395133259 0
      vertex 110.37320142925523 112.99348395133259 2
    endloop
  endfacet
  facet normal 0.9415440651829617 -0.33688985339238475 -2.302584717603098e-18
    outer loop
      vertex 110.37320142925523 112.99348395133259 0
      vertex 110.42940479473083 113.15056183502065 0
      vertex 110.42940479473083 113.15056183502065 2
    endloop
  endfacet
  facet normal 0.9039892931234984 -0.42755509343016573 -2.158364642374326e-18
    outer loop
      vertex 110.42940479473083 113.15056183502065 0
      vertex 110.50073385060779 113.3013744526042 0
      vertex 110.50073385060779 113.3013744526042 2
    endloop
  endfacet
  facet normal 0.8577286100002308 -0.5141027441932906 1.3157685521884692e-18
    outer loop
      vertex 110.50073385060779 113.3013744526042 0
      vertex 110.58650165908568 113.44446939613333 0
      vertex 110.58650165908568 113.44446939613333 2
    endloop
  endfacet
  facet normal 0.8032075314807233 -0.5956993044923274 2.1532676726169532e-18
    outer loop
      vertex 110.58650165908568 113.44446939613333 0
      vertex 110.68588222928332 113.57846858307819 0
      vertex 110.68588222928332 113.57846858307819 2
    endloop
  endfacet
  facet normal 0.7409511253548667 -0.6715589548471205 -1.1146082740691882e-20
    outer loop
      vertex 110.68588222928332 113.57846858307819 0
      vertex 110.79791847198288 113.70208152801713 0
      vertex 110.79791847198288 113.70208152801713 2
    endloop
  endfacet
  facet normal 0.67155895484698 -0.7409511253549939 4.477509854882865e-19
    outer loop
      vertex 110.79791847198288 113.70208152801713 0
      vertex 110.92153141692182 113.81411777071665 0
      vertex 110.92153141692182 113.81411777071665 2
    endloop
  endfacet
  facet normal 0.5956993044925739 -0.8032075314805407 1.6996810343121269e-18
    outer loop
      vertex 110.92153141692182 113.81411777071665 0
      vertex 111.05553060386666 113.91349834091433 0
      vertex 111.05553060386666 113.91349834091433 2
    endloop
  endfacet
  facet normal 0.5141027441931276 -0.8577286100003284 2.055764331742871e-18
    outer loop
      vertex 111.05553060386666 113.91349834091433 0
      vertex 111.1986255473958 113.9992661493922 0
      vertex 111.1986255473958 113.9992661493922 2
    endloop
  endfacet
  facet normal 0.42755509343030496 -0.9039892931234326 2.593205381700398e-18
    outer loop
      vertex 111.1986255473958 113.9992661493922 0
      vertex 111.34943816497935 114.07059520526919 0
      vertex 111.34943816497935 114.07059520526919 2
    endloop
  endfacet
  facet normal 0.3368898533921797 -0.9415440651830352 -8.889901600219778e-19
    outer loop
      vertex 111.34943816497935 114.07059520526919 0
      vertex 111.50651604866744 114.12679857074475 0
      vertex 111.50651604866744 114.12679857074475 2
    endloop
  endfacet
  facet normal 0.24298017990334905 -0.9700312531945228 9.952254573703068e-19
    outer loop
      vertex 111.50651604866744 114.12679857074475 0
      vertex 111.66834645257256 114.1673349766855 0
      vertex 111.66834645257256 114.1673349766855 2
    endloop
  endfacet
  facet normal 0.14673047445531215 -0.9891765099647883 -6.275569961478142e-19
    outer loop
      vertex 111.66834645257256 114.1673349766855 0
      vertex 111.83337086143973 114.19181403534273 0
      vertex 111.83337086143973 114.19181403534273 2
    endloop
  endfacet
  facet normal 0.04906767432745618 -0.9987954562051705 -1.718502773748183e-19
    outer loop
      vertex 111.83337086143973 114.19181403534273 0
      vertex 112 114.2 0
      vertex 112 114.2 2
    endloop
  endfacet
  facet normal -0.04906767432745618 -0.9987954562051705 1.718502773748183e-19
    outer loop
      vertex 112 114.2 0
      vertex 112.16662913856027 114.19181403534273 0
      vertex 112.16662913856027 114.19181403534273 2
    endloop
  endfacet
  facet normal -0.14673047445531215 -0.9891765099647883 6.275569961478142e-19
    outer loop
      vertex 112.16662913856027 114.19181403534273 0
      vertex 112.33165354742744 114.1673349766855 0
      vertex 112.33165354742744 114.1673349766855 2
    endloop
  endfacet
  facet normal -0.24298017990334905 -0.9700312531945228 -9.952254573703068e-19
    outer loop
      vertex 112.33165354742744 114.1673349766855 0
      vertex 112.49348395133256 114.12679857074475 0
      vertex 112.49348395133256 114.12679857074475 2
    endloop
  endfacet
  facet normal -0.3368898533921797 -0.9415440651830352 8.889901600219778e-19
    outer loop
      vertex 112.49348395133256 114.12679857074475 0
      vertex 112.65056183502065 114.07059520526919 0
      vertex 112.65056183502065 114.07059520526919 2
    endloop
  endfacet
  facet normal -0.42755509343030496 -0.9039892931234326 -2.593205381700398e-18
    outer loop
      vertex 112.65056183502065 114.07059520526919 0
      vertex 112.8013744526042 113.9992661493922 0
      vertex 112.8013744526042 113.9992661493922 2
    endloop
  endfacet
  facet normal -0.5141027441931276 -0.8577286100003284 -2.055764331742871e-18
    outer loop
      vertex 112.8013744526042 113.9992661493922 0
      vertex 112.94446939613334 113.91349834091433 0
      vertex 112.94446939613334 113.91349834091433 2
    endloop
  endfacet
  facet normal -0.67155895484698 -0.7409511253549939 -4.477509854882865e-19
    outer loop
      vertex 113.07846858307818 113.81411777071665 0
      vertex 113.20208152801712 113.70208152801713 0
      vertex 113.20208152801712 113.70208152801713 2
    endloop
  endfacet
  facet normal -0.5956993044925739 -0.8032075314805407 -1.6996810343121269e-18
    outer loop
      vertex 112.94446939613334 113.91349834091433 0
      vertex 113.07846858307818 113.81411777071665 0
      vertex 113.07846858307818 113.81411777071665 2
    endloop
  endfacet
  facet normal -0.7409511253548667 -0.6715589548471205 1.1146082740691882e-20
    outer loop
      vertex 113.20208152801712 113.70208152801713 0
      vertex 113.31411777071668 113.57846858307819 0
      vertex 113.31411777071668 113.57846858307819 2
    endloop
  endfacet
  facet normal -0.8032075314807233 -0.5956993044923274 -2.1532676726169532e-18
    outer loop
      vertex 113.31411777071668 113.57846858307819 0
      vertex 113.41349834091432 113.44446939613333 0
      vertex 113.41349834091432 113.44446939613333 2
    endloop
  endfacet
  facet normal -0.9700312531945778 -0.24298017990312848 0
    outer loop
      vertex 113.66733497668548 112.83165354742742 0
      vertex 113.66733497668548 112.83165354742742 2
      vertex 113.62679857074477 112.99348395133259 0
    endloop
  endfacet
  facet normal -0.8577286100002308 -0.5141027441932906 -1.3157685521884692e-18
    outer loop
      vertex 113.41349834091432 113.44446939613333 0
      vertex 113.49926614939221 113.3013744526042 0
      vertex 113.49926614939221 113.3013744526042 2
    endloop
  endfacet
  facet normal -0.9039892931234984 -0.42755509343016573 2.158364642374326e-18
    outer loop
      vertex 113.49926614939221 113.3013744526042 0
      vertex 113.57059520526917 113.15056183502065 0
      vertex 113.57059520526917 113.15056183502065 2
    endloop
  endfacet
  facet normal -0.9415440651829617 -0.33688985339238475 0
    outer loop
      vertex 113.62679857074477 112.99348395133259 0
      vertex 113.62679857074477 112.99348395133259 2
      vertex 113.57059520526917 113.15056183502065 0
    endloop
  endfacet
  facet normal -0.9987954562051828 -0.04906767432720543 0
    outer loop
      vertex 113.69999999999999 112.5 0
      vertex 113.69999999999999 112.5 2
      vertex 113.69181403534276 112.66662913856025 0
    endloop
  endfacet
  facet normal -0.9891765099647511 -0.1467304744555622 -9.964932611419308e-20
    outer loop
      vertex 113.66733497668548 112.83165354742742 0
      vertex 113.69181403534276 112.66662913856025 0
      vertex 113.69181403534276 112.66662913856025 2
    endloop
  endfacet
  facet normal 0.9987954562051828 -0.04906767432720543 0
    outer loop
      vertex 110.30000000000001 112.5 0
      vertex 110.30818596465724 112.66662913856025 2
      vertex 110.30000000000001 112.5 2
    endloop
  endfacet
  facet normal 0.9891765099647511 -0.1467304744555622 0
    outer loop
      vertex 110.30818596465724 112.66662913856025 0
      vertex 110.33266502331452 112.83165354742742 2
      vertex 110.30818596465724 112.66662913856025 2
    endloop
  endfacet
  facet normal 0.9700312531945778 -0.24298017990312848 0
    outer loop
      vertex 110.33266502331452 112.83165354742742 0
      vertex 110.37320142925523 112.99348395133259 2
      vertex 110.33266502331452 112.83165354742742 2
    endloop
  endfacet
  facet normal 0.9415440651829617 -0.33688985339238475 0
    outer loop
      vertex 110.37320142925523 112.99348395133259 0
      vertex 110.42940479473083 113.15056183502065 2
      vertex 110.37320142925523 112.99348395133259 2
    endloop
  endfacet
  facet normal 0.9039892931234984 -0.42755509343016573 0
    outer loop
      vertex 110.42940479473083 113.15056183502065 0
      vertex 110.50073385060779 113.3013744526042 2
      vertex 110.42940479473083 113.15056183502065 2
    endloop
  endfacet
  facet normal 0.8577286100002308 -0.5141027441932906 0
    outer loop
      vertex 110.50073385060779 113.3013744526042 0
      vertex 110.58650165908568 113.44446939613333 2
      vertex 110.50073385060779 113.3013744526042 2
    endloop
  endfacet
  facet normal 0.8032075314807233 -0.5956993044923274 0
    outer loop
      vertex 110.58650165908568 113.44446939613333 0
      vertex 110.68588222928332 113.57846858307819 2
      vertex 110.58650165908568 113.44446939613333 2
    endloop
  endfacet
  facet normal 0.7409511253548667 -0.6715589548471205 0
    outer loop
      vertex 110.68588222928332 113.57846858307819 0
      vertex 110.79791847198288 113.70208152801713 2
      vertex 110.68588222928332 113.57846858307819 2
    endloop
  endfacet
  facet normal 0.67155895484698 -0.7409511253549939 0
    outer loop
      vertex 110.79791847198288 113.70208152801713 0
      vertex 110.92153141692182 113.81411777071665 2
      vertex 110.79791847198288 113.70208152801713 2
    endloop
  endfacet
  facet normal 0.5956993044925739 -0.8032075314805407 0
    outer loop
      vertex 110.92153141692182 113.81411777071665 0
      vertex 111.05553060386666 113.91349834091433 2
      vertex 110.92153141692182 113.81411777071665 2
    endloop
  endfacet
  facet normal 0.5141027441931276 -0.8577286100003284 0
    outer loop
      vertex 111.05553060386666 113.91349834091433 0
      vertex 111.1986255473958 113.9992661493922 2
      vertex 111.05553060386666 113.91349834091433 2
    endloop
  endfacet
  facet normal 0.42755509343030496 -0.9039892931234326 0
    outer loop
      vertex 111.1986255473958 113.9992661493922 0
      vertex 111.34943816497935 114.07059520526919 2
      vertex 111.1986255473958 113.9992661493922 2
    endloop
  endfacet
  facet normal 0.3368898533921797 -0.9415440651830352 0
    outer loop
      vertex 111.34943816497935 114.07059520526919 0
      vertex 111.50651604866744 114.12679857074475 2
      vertex 111.34943816497935 114.07059520526919 2
    endloop
  endfacet
  facet normal 0.24298017990334905 -0.9700312531945228 0
    outer loop
      vertex 111.50651604866744 114.12679857074475 0
      vertex 111.66834645257256 114.1673349766855 2
      vertex 111.50651604866744 114.12679857074475 2
    endloop
  endfacet
  facet normal 0.14673047445531215 -0.9891765099647883 0
    outer loop
      vertex 111.66834645257256 114.1673349766855 0
      vertex 111.83337086143973 114.19181403534273 2
      vertex 111.66834645257256 114.1673349766855 2
    endloop
  endfacet
  facet normal 0.04906767432745618 -0.9987954562051705 0
    outer loop
      vertex 111.83337086143973 114.19181403534273 0
      vertex 112 114.2 2
      vertex 111.83337086143973 114.19181403534273 2
    endloop
  endfacet
  facet normal -0.04906767432745618 -0.9987954562051705 0
    outer loop
      vertex 112 114.2 0
      vertex 112.16662913856027 114.19181403534273 2
      vertex 112 114.2 2
    endloop
  endfacet
  facet normal -0.14673047445531215 -0.9891765099647883 0
    outer loop
      vertex 112.16662913856027 114.19181403534273 0
      vertex 112.33165354742744 114.1673349766855 2
      vertex 112.16662913856027 114.19181403534273 2
    endloop
  endfacet
  facet normal -0.24298017990334905 -0.9700312531945228 0
    outer loop
      vertex 112.33165354742744 114.1673349766855 0
      vertex 112.49348395133256 114.12679857074475 2
      vertex 112.33165354742744 114.1673349766855 2
    endloop
  endfacet
  facet normal -0.3368898533921797 -0.9415440651830352 0
    outer loop
      vertex 112.49348395133256 114.12679857074475 0
      vertex 112.65056183502065 114.07059520526919 2
      vertex 112.49348395133256 114.12679857074475 2
    endloop
  endfacet
  facet normal -0.42755509343030496 -0.9039892931234326 0
    outer loop
      vertex 112.65056183502065 114.07059520526919 0
      vertex 112.8013744526042 113.9992661493922 2
      vertex 112.65056183502065 114.07059520526919 2
    endloop
  endfacet
  facet normal -0.5141027441931276 -0.8577286100003284 0
    outer loop
      vertex 112.8013744526042 113.9992661493922 0
      vertex 112.94446939613334 113.91349834091433 2
      vertex 112.8013744526042 113.9992661493922 2
    endloop
  endfacet
  facet normal -0.67155895484698 -0.7409511253549939 0
    outer loop
      vertex 113.07846858307818 113.81411777071665 0
      vertex 113.20208152801712 113.70208152801713 2
      vertex 113.07846858307818 113.81411777071665 2
    endloop
  endfacet
  facet normal -0.5956993044925739 -0.8032075314805407 0
    outer loop
      vertex 112.94446939613334 113.91349834091433 0
      vertex 113.07846858307818 113.81411777071665 2
      vertex 112.94446939613334 113.91349834091433 2
    endloop
  endfacet
  facet normal -0.7409511253548667 -0.6715589548471205 0
    outer loop
      vertex 113.20208152801712 113.70208152801713 0
      vertex 113.31411777071668 113.57846858307819 2
      vertex 113.20208152801712 113.70208152801713 2
    endloop
  endfacet
  facet normal -0.8032075314807233 -0.5956993044923274 0
    outer loop
      vertex 113.31411777071668 113.57846858307819 0
      vertex 113.41349834091432 113.44446939613333 2
      vertex 113.31411777071668 113.57846858307819 2
    endloop
  endfacet
  facet normal -0.9039892931234984 -0.42755509343016573 0
    outer loop
      vertex 113.49926614939221 113.3013744526042 0
      vertex 113.57059520526917 113.15056183502065 2
      vertex 113.49926614939221 113.3013744526042 2
    endloop
  endfacet
  facet normal -0.9700312531945778 -0.24298017990312848 0
    outer loop
      vertex 113.62679857074477 112.99348395133259 0
      vertex 113.66733497668548 112.83165354742742 2
      vertex 113.62679857074477 112.99348395133259 2
    endloop
  endfacet
  facet normal -0.9415440651829617 -0.33688985339238475 0
    outer loop
      vertex 113.57059520526917 113.15056183502065 0
      vertex 113.62679857074477 112.99348395133259 2
      vertex 113.57059520526917 113.15056183502065 2
    endloop
  endfacet
  facet normal -0.9987954562051828 -0.04906767432720543 0
    outer loop
      vertex 113.69181403534276 112.66662913856025 0
      vertex 113.69999999999999 112.5 2
      vertex 113.69181403534276 112.66662913856025 2
    endloop
  endfacet
  facet normal -0.9891765099647511 -0.1467304744555622 0
    outer loop
      vertex 113.66733497668548 112.83165354742742 0
      vertex 113.69181403534276 112.66662913856025 2
      vertex 113.66733497668548 112.83165354742742 2
    endloop
  endfacet
  facet normal -0.8577286100002308 -0.5141027441932906 0
    outer loop
      vertex 113.41349834091432 113.44446939613333 0
      vertex 113.49926614939221 113.3013744526042 2
      vertex 113.41349834091432 113.44446939613333 2
    endloop
  endfacet
  facet normal 0.8032075314807481 0.5956993044922945 5.654560612935652e-19
    outer loop
      vertex 110.68588222928332 6.921531416921803 0
      vertex 110.58650165908568 7.055530603866677 0
      vertex 110.58650165908568 7.055530603866677 2
    endloop
  endfacet
  facet normal 0.7409511253548474 0.6715589548471416 0
    outer loop
      vertex 110.68588222928332 6.921531416921803 0
      vertex 110.68588222928332 6.921531416921803 2
      vertex 110.79791847198288 6.797918471982869 0
    endloop
  endfacet
  facet normal 0.6715589548469947 0.7409511253549805 0
    outer loop
      vertex 110.79791847198288 6.797918471982869 0
      vertex 110.79791847198288 6.797918471982869 2
      vertex 110.92153141692182 6.685882229283347 0
    endloop
  endfacet
  facet normal 0.5956993044925465 0.8032075314805611 -2.424069222382786e-18
    outer loop
      vertex 111.05553060386666 6.586501659085673 0
      vertex 110.92153141692182 6.685882229283347 0
      vertex 110.92153141692182 6.685882229283347 2
    endloop
  endfacet
  facet normal 0.5141027441931668 0.857728610000305 0
    outer loop
      vertex 111.05553060386666 6.586501659085673 0
      vertex 111.05553060386666 6.586501659085673 2
      vertex 111.1986255473958 6.500733850607796 0
    endloop
  endfacet
  facet normal 0.4275550934302876 0.9039892931234408 0
    outer loop
      vertex 111.1986255473958 6.500733850607796 0
      vertex 111.1986255473958 6.500733850607796 2
      vertex 111.34943816497935 6.429404794730813 0
    endloop
  endfacet
  facet normal 0.3368898533921797 0.9415440651830352 0
    outer loop
      vertex 111.34943816497935 6.429404794730813 0
      vertex 111.34943816497935 6.429404794730813 2
      vertex 111.50651604866744 6.373201429255245 0
    endloop
  endfacet
  facet normal 0.242980179903319 0.9700312531945303 0
    outer loop
      vertex 111.50651604866744 6.373201429255245 0
      vertex 111.50651604866744 6.373201429255245 2
      vertex 111.66834645257256 6.332665023314508 0
    endloop
  endfacet
  facet normal 0.14673047445535903 0.9891765099647812 0
    outer loop
      vertex 111.66834645257256 6.332665023314508 0
      vertex 111.66834645257256 6.332665023314508 2
      vertex 111.83337086143973 6.308185964657265 0
    endloop
  endfacet
  facet normal 0.049067674327413685 0.9987954562051725 0
    outer loop
      vertex 111.83337086143973 6.308185964657265 0
      vertex 111.83337086143973 6.308185964657265 2
      vertex 112 6.3 0
    endloop
  endfacet
  facet normal -0.049067674327413685 0.9987954562051725 0
    outer loop
      vertex 112 6.3 0
      vertex 112 6.3 2
      vertex 112.16662913856027 6.308185964657265 0
    endloop
  endfacet
  facet normal -0.14673047445535903 0.9891765099647812 0
    outer loop
      vertex 112.16662913856027 6.308185964657265 0
      vertex 112.16662913856027 6.308185964657265 2
      vertex 112.33165354742744 6.332665023314508 0
    endloop
  endfacet
  facet normal -0.242980179903319 0.9700312531945303 0
    outer loop
      vertex 112.33165354742744 6.332665023314508 0
      vertex 112.33165354742744 6.332665023314508 2
      vertex 112.49348395133256 6.373201429255245 0
    endloop
  endfacet
  facet normal 0.9700312531945767 0.24298017990313353 1.7552532751697418e-19
    outer loop
      vertex 110.37320142925523 7.5065160486674145 0
      vertex 110.33266502331452 7.668346452572582 0
      vertex 110.33266502331452 7.668346452572582 2
    endloop
  endfacet
  facet normal 0.9891765099647508 0.14673047445556528 5.924102815807896e-19
    outer loop
      vertex 110.33266502331452 7.668346452572582 0
      vertex 110.30818596465724 7.833370861439747 0
      vertex 110.30818596465724 7.833370861439747 2
    endloop
  endfacet
  facet normal 0.9039892931235023 0.4275550934301575 1.7325271478568419e-18
    outer loop
      vertex 110.50073385060779 7.198625547395804 0
      vertex 110.42940479473083 7.349438164979348 0
      vertex 110.42940479473083 7.349438164979348 2
    endloop
  endfacet
  facet normal 0.941544065182966 0.33688985339237293 0
    outer loop
      vertex 110.37320142925523 7.5065160486674145 0
      vertex 110.37320142925523 7.5065160486674145 2
      vertex 110.42940479473083 7.349438164979348 0
    endloop
  endfacet
  facet normal 0.8577286100002182 0.5141027441933117 0
    outer loop
      vertex 110.50073385060779 7.198625547395804 0
      vertex 110.50073385060779 7.198625547395804 2
      vertex 110.58650165908568 7.055530603866677 0
    endloop
  endfacet
  facet normal 0.9987954562051828 0.04906767432720543 2.349240161751342e-19
    outer loop
      vertex 110.30818596465724 7.833370861439747 0
      vertex 110.30000000000001 8 0
      vertex 110.30000000000001 8 2
    endloop
  endfacet
  facet normal 0.9987954562051828 -0.04906767432720543 -2.349240161751342e-19
    outer loop
      vertex 110.30000000000001 8 0
      vertex 110.30818596465724 8.166629138560253 0
      vertex 110.30818596465724 8.166629138560253 2
    endloop
  endfacet
  facet normal 0.9891765099647508 -0.14673047445556528 -5.924102815807896e-19
    outer loop
      vertex 110.30818596465724 8.166629138560253 0
      vertex 110.33266502331452 8.331653547427418 0
      vertex 110.33266502331452 8.331653547427418 2
    endloop
  endfacet
  facet normal 0.9700312531945767 -0.24298017990313353 -1.7552532751697418e-19
    outer loop
      vertex 110.33266502331452 8.331653547427418 0
      vertex 110.37320142925523 8.493483951332585 0
      vertex 110.37320142925523 8.493483951332585 2
    endloop
  endfacet
  facet normal 0.9415440651829666 -0.33688985339237126 -1.2160566248918356e-18
    outer loop
      vertex 110.37320142925523 8.493483951332585 0
      vertex 110.42940479473083 8.650561835020653 0
      vertex 110.42940479473083 8.650561835020653 2
    endloop
  endfacet
  facet normal 0.9039892931235023 -0.4275550934301575 -1.7325271478568419e-18
    outer loop
      vertex 110.42940479473083 8.650561835020653 0
      vertex 110.50073385060779 8.801374452604197 0
      vertex 110.50073385060779 8.801374452604197 2
    endloop
  endfacet
  facet normal 0.8577286100002167 -0.514102744193314 6.337573128059347e-19
    outer loop
      vertex 110.50073385060779 8.801374452604197 0
      vertex 110.58650165908568 8.944469396133323 0
      vertex 110.58650165908568 8.944469396133323 2
    endloop
  endfacet
  facet normal 0.8032075314807499 -0.5956993044922919 -1.1745173058096405e-18
    outer loop
      vertex 110.58650165908568 8.944469396133323 0
      vertex 110.68588222928332 9.078468583078198 0
      vertex 110.68588222928332 9.078468583078198 2
    endloop
  endfacet
  facet normal 0.7409511253548426 -0.6715589548471468 1.935580972840696e-18
    outer loop
      vertex 110.68588222928332 9.078468583078198 0
      vertex 110.79791847198288 9.20208152801713 0
      vertex 110.79791847198288 9.20208152801713 2
    endloop
  endfacet
  facet normal 0.6715589548469976 -0.740951125354978 -9.093792592397979e-19
    outer loop
      vertex 110.79791847198288 9.20208152801713 0
      vertex 110.92153141692182 9.314117770716653 0
      vertex 110.92153141692182 9.314117770716653 2
    endloop
  endfacet
  facet normal 0.5956993044925465 -0.8032075314805611 2.424069222382786e-18
    outer loop
      vertex 110.92153141692182 9.314117770716653 0
      vertex 111.05553060386666 9.413498340914327 0
      vertex 111.05553060386666 9.413498340914327 2
    endloop
  endfacet
  facet normal 0.5141027441931668 -0.857728610000305 2.1586910352432687e-19
    outer loop
      vertex 111.05553060386666 9.413498340914327 0
      vertex 111.1986255473958 9.499266149392204 0
      vertex 111.1986255473958 9.499266149392204 2
    endloop
  endfacet
  facet normal 0.4275550934302876 -0.9039892931234408 -1.9000452049074774e-18
    outer loop
      vertex 111.1986255473958 9.499266149392204 0
      vertex 111.34943816497935 9.570595205269187 0
      vertex 111.34943816497935 9.570595205269187 2
    endloop
  endfacet
  facet normal 0.3368898533921797 -0.9415440651830352 -8.889901600219778e-19
    outer loop
      vertex 111.34943816497935 9.570595205269187 0
      vertex 111.50651604866744 9.626798570744755 0
      vertex 111.50651604866744 9.626798570744755 2
    endloop
  endfacet
  facet normal 0.242980179903319 -0.9700312531945303 2.517539564237464e-19
    outer loop
      vertex 111.50651604866744 9.626798570744755 0
      vertex 111.66834645257256 9.667334976685492 0
      vertex 111.66834645257256 9.667334976685492 2
    endloop
  endfacet
  facet normal 0.1467304744553538 -0.9891765099647821 -9.396119795039673e-19
    outer loop
      vertex 111.66834645257256 9.667334976685492 0
      vertex 111.83337086143973 9.691814035342734 0
      vertex 111.83337086143973 9.691814035342734 2
    endloop
  endfacet
  facet normal 0.049067674327413685 -0.9987954562051725 -2.3918628695595554e-19
    outer loop
      vertex 111.83337086143973 9.691814035342734 0
      vertex 112 9.7 0
      vertex 112 9.7 2
    endloop
  endfacet
  facet normal -0.242980179903319 -0.9700312531945303 -2.517539564237464e-19
    outer loop
      vertex 112.33165354742744 9.667334976685492 0
      vertex 112.49348395133256 9.626798570744755 0
      vertex 112.49348395133256 9.626798570744755 2
    endloop
  endfacet
  facet normal -0.049067674327413685 -0.9987954562051725 2.3918628695595554e-19
    outer loop
      vertex 112 9.7 0
      vertex 112.16662913856027 9.691814035342734 0
      vertex 112.16662913856027 9.691814035342734 2
    endloop
  endfacet
  facet normal -0.1467304744553538 -0.9891765099647821 0
    outer loop
      vertex 112.33165354742744 9.667334976685492 0
      vertex 112.33165354742744 9.667334976685492 2
      vertex 112.16662913856027 9.691814035342734 0
    endloop
  endfacet
  facet normal -0.3368898533921797 0.9415440651830352 0
    outer loop
      vertex 112.49348395133256 6.373201429255245 0
      vertex 112.49348395133256 6.373201429255245 2
      vertex 112.65056183502065 6.429404794730813 0
    endloop
  endfacet
  facet normal -0.4275550934302876 0.9039892931234408 0
    outer loop
      vertex 112.65056183502065 6.429404794730813 0
      vertex 112.65056183502065 6.429404794730813 2
      vertex 112.8013744526042 6.500733850607796 0
    endloop
  endfacet
  facet normal -0.5141027441931668 0.857728610000305 0
    outer loop
      vertex 112.8013744526042 6.500733850607796 0
      vertex 112.8013744526042 6.500733850607796 2
      vertex 112.94446939613334 6.586501659085673 0
    endloop
  endfacet
  facet normal -0.5956993044925465 0.8032075314805611 0
    outer loop
      vertex 112.94446939613334 6.586501659085673 0
      vertex 112.94446939613334 6.586501659085673 2
      vertex 113.07846858307818 6.685882229283347 0
    endloop
  endfacet
  facet normal -0.6715589548469947 0.7409511253549805 0
    outer loop
      vertex 113.07846858307818 6.685882229283347 0
      vertex 113.07846858307818 6.685882229283347 2
      vertex 113.20208152801712 6.797918471982869 0
    endloop
  endfacet
  facet normal -0.7409511253548474 0.6715589548471416 0
    outer loop
      vertex 113.20208152801712 6.797918471982869 0
      vertex 113.20208152801712 6.797918471982869 2
      vertex 113.31411777071668 6.921531416921803 0
    endloop
  endfacet
  facet normal -0.8032075314807481 0.5956993044922945 0
    outer loop
      vertex 113.31411777071668 6.921531416921803 0
      vertex 113.31411777071668 6.921531416921803 2
      vertex 113.41349834091432 7.055530603866677 0
    endloop
  endfacet
  facet normal -0.3368898533921797 -0.9415440651830352 8.889901600219778e-19
    outer loop
      vertex 112.49348395133256 9.626798570744755 0
      vertex 112.65056183502065 9.570595205269187 0
      vertex 112.65056183502065 9.570595205269187 2
    endloop
  endfacet
  facet normal -0.4275550934302876 -0.9039892931234408 1.9000452049074774e-18
    outer loop
      vertex 112.65056183502065 9.570595205269187 0
      vertex 112.8013744526042 9.499266149392204 0
      vertex 112.8013744526042 9.499266149392204 2
    endloop
  endfacet
  facet normal -0.5141027441931668 -0.857728610000305 -2.1586910352432687e-19
    outer loop
      vertex 112.8013744526042 9.499266149392204 0
      vertex 112.94446939613334 9.413498340914327 0
      vertex 112.94446939613334 9.413498340914327 2
    endloop
  endfacet
  facet normal -0.5956993044925465 -0.8032075314805611 -2.424069222382786e-18
    outer loop
      vertex 112.94446939613334 9.413498340914327 0
      vertex 113.07846858307818 9.314117770716653 0
      vertex 113.07846858307818 9.314117770716653 2
    endloop
  endfacet
  facet normal -0.6715589548469976 -0.740951125354978 0
    outer loop
      vertex 113.20208152801712 9.20208152801713 0
      vertex 113.20208152801712 9.20208152801713 2
      vertex 113.07846858307818 9.314117770716653 0
    endloop
  endfacet
  facet normal -0.7409511253548426 -0.6715589548471468 -1.935580972840696e-18
    outer loop
      vertex 113.20208152801712 9.20208152801713 0
      vertex 113.31411777071668 9.078468583078198 0
      vertex 113.31411777071668 9.078468583078198 2
    endloop
  endfacet
  facet normal -0.8032075314807499 -0.5956993044922919 1.1745173058096405e-18
    outer loop
      vertex 113.31411777071668 9.078468583078198 0
      vertex 113.41349834091432 8.944469396133323 0
      vertex 113.41349834091432 8.944469396133323 2
    endloop
  endfacet
  facet normal -0.8577286100002182 0.5141027441933117 0
    outer loop
      vertex 113.41349834091432 7.055530603866677 0
      vertex 113.41349834091432 7.055530603866677 2
      vertex 113.49926614939221 7.198625547395804 0
    endloop
  endfacet
  facet normal -0.9039892931235023 0.4275550934301575 0
    outer loop
      vertex 113.49926614939221 7.198625547395804 0
      vertex 113.49926614939221 7.198625547395804 2
      vertex 113.57059520526917 7.349438164979348 0
    endloop
  endfacet
  facet normal -0.941544065182966 0.33688985339237293 0
    outer loop
      vertex 113.57059520526917 7.349438164979348 0
      vertex 113.57059520526917 7.349438164979348 2
      vertex 113.62679857074477 7.5065160486674145 0
    endloop
  endfacet
  facet normal -0.9700312531945767 0.24298017990313353 0
    outer loop
      vertex 113.62679857074477 7.5065160486674145 0
      vertex 113.62679857074477 7.5065160486674145 2
      vertex 113.66733497668548 7.668346452572582 0
    endloop
  endfacet
  facet normal -0.9891765099647508 0.14673047445556528 0
    outer loop
      vertex 113.66733497668548 7.668346452572582 0
      vertex 113.66733497668548 7.668346452572582 2
      vertex 113.69181403534276 7.833370861439747 0
    endloop
  endfacet
  facet normal -0.9987954562051828 0.04906767432720543 0
    outer loop
      vertex 113.69181403534276 7.833370861439747 0
      vertex 113.69181403534276 7.833370861439747 2
      vertex 113.69999999999999 8 0
    endloop
  endfacet
  facet normal -0.9039892931235023 -0.4275550934301575 0
    outer loop
      vertex 113.57059520526917 8.650561835020653 0
      vertex 113.57059520526917 8.650561835020653 2
      vertex 113.49926614939221 8.801374452604197 0
    endloop
  endfacet
  facet normal -0.9415440651829666 -0.33688985339237126 0
    outer loop
      vertex 113.62679857074477 8.493483951332585 0
      vertex 113.62679857074477 8.493483951332585 2
      vertex 113.57059520526917 8.650561835020653 0
    endloop
  endfacet
  facet normal -0.9700312531945767 -0.24298017990313353 0
    outer loop
      vertex 113.66733497668548 8.331653547427418 0
      vertex 113.66733497668548 8.331653547427418 2
      vertex 113.62679857074477 8.493483951332585 0
    endloop
  endfacet
  facet normal -0.9987954562051828 -0.04906767432720543 0
    outer loop
      vertex 113.69999999999999 8 0
      vertex 113.69999999999999 8 2
      vertex 113.69181403534276 8.166629138560253 0
    endloop
  endfacet
  facet normal -0.9891765099647508 -0.14673047445556528 5.924102815807896e-19
    outer loop
      vertex 113.66733497668548 8.331653547427418 0
      vertex 113.69181403534276 8.166629138560253 0
      vertex 113.69181403534276 8.166629138560253 2
    endloop
  endfacet
  facet normal -0.8577286100002167 -0.514102744193314 -6.337573128059347e-19
    outer loop
      vertex 113.41349834091432 8.944469396133323 0
      vertex 113.49926614939221 8.801374452604197 0
      vertex 113.49926614939221 8.801374452604197 2
    endloop
  endfacet
  facet normal 0.8032075314807481 0.5956993044922945 0
    outer loop
      vertex 110.68588222928332 6.921531416921803 0
      vertex 110.58650165908568 7.055530603866677 2
      vertex 110.68588222928332 6.921531416921803 2
    endloop
  endfacet
  facet normal 0.7409511253548474 0.6715589548471416 0
    outer loop
      vertex 110.79791847198288 6.797918471982869 0
      vertex 110.68588222928332 6.921531416921803 2
      vertex 110.79791847198288 6.797918471982869 2
    endloop
  endfacet
  facet normal 0.6715589548469947 0.7409511253549805 0
    outer loop
      vertex 110.92153141692182 6.685882229283347 0
      vertex 110.79791847198288 6.797918471982869 2
      vertex 110.92153141692182 6.685882229283347 2
    endloop
  endfacet
  facet normal 0.5956993044925465 0.8032075314805611 0
    outer loop
      vertex 111.05553060386666 6.586501659085673 0
      vertex 110.92153141692182 6.685882229283347 2
      vertex 111.05553060386666 6.586501659085673 2
    endloop
  endfacet
  facet normal 0.5141027441931668 0.857728610000305 0
    outer loop
      vertex 111.1986255473958 6.500733850607796 0
      vertex 111.05553060386666 6.586501659085673 2
      vertex 111.1986255473958 6.500733850607796 2
    endloop
  endfacet
  facet normal 0.4275550934302876 0.9039892931234408 0
    outer loop
      vertex 111.34943816497935 6.429404794730813 0
      vertex 111.1986255473958 6.500733850607796 2
      vertex 111.34943816497935 6.429404794730813 2
    endloop
  endfacet
  facet normal 0.3368898533921797 0.9415440651830352 0
    outer loop
      vertex 111.50651604866744 6.373201429255245 0
      vertex 111.34943816497935 6.429404794730813 2
      vertex 111.50651604866744 6.373201429255245 2
    endloop
  endfacet
  facet normal 0.242980179903319 0.9700312531945303 -2.517539564237464e-19
    outer loop
      vertex 111.50651604866744 6.373201429255245 2
      vertex 111.66834645257256 6.332665023314508 2
      vertex 111.66834645257256 6.332665023314508 0
    endloop
  endfacet
  facet normal 0.14673047445535903 0.9891765099647812 0
    outer loop
      vertex 111.83337086143973 6.308185964657265 0
      vertex 111.66834645257256 6.332665023314508 2
      vertex 111.83337086143973 6.308185964657265 2
    endloop
  endfacet
  facet normal 0.049067674327413685 0.9987954562051725 0
    outer loop
      vertex 112 6.3 0
      vertex 111.83337086143973 6.308185964657265 2
      vertex 112 6.3 2
    endloop
  endfacet
  facet normal -0.049067674327413685 0.9987954562051725 0
    outer loop
      vertex 112.16662913856027 6.308185964657265 0
      vertex 112 6.3 2
      vertex 112.16662913856027 6.308185964657265 2
    endloop
  endfacet
  facet normal -0.14673047445535903 0.9891765099647812 0
    outer loop
      vertex 112.33165354742744 6.332665023314508 0
      vertex 112.16662913856027 6.308185964657265 2
      vertex 112.33165354742744 6.332665023314508 2
    endloop
  endfacet
  facet normal -0.242980179903319 0.9700312531945303 0
    outer loop
      vertex 112.49348395133256 6.373201429255245 0
      vertex 112.33165354742744 6.332665023314508 2
      vertex 112.49348395133256 6.373201429255245 2
    endloop
  endfacet
  facet normal 0.9700312531945767 0.24298017990313353 0
    outer loop
      vertex 110.37320142925523 7.5065160486674145 0
      vertex 110.33266502331452 7.668346452572582 2
      vertex 110.37320142925523 7.5065160486674145 2
    endloop
  endfacet
  facet normal 0.9891765099647508 0.14673047445556528 0
    outer loop
      vertex 110.33266502331452 7.668346452572582 0
      vertex 110.30818596465724 7.833370861439747 2
      vertex 110.33266502331452 7.668346452572582 2
    endloop
  endfacet
  facet normal 0.9987954562051828 0.04906767432720543 0
    outer loop
      vertex 110.30818596465724 7.833370861439747 0
      vertex 110.30000000000001 8 2
      vertex 110.30818596465724 7.833370861439747 2
    endloop
  endfacet
  facet normal 0.9039892931235023 0.4275550934301575 0
    outer loop
      vertex 110.50073385060779 7.198625547395804 0
      vertex 110.42940479473083 7.349438164979348 2
      vertex 110.50073385060779 7.198625547395804 2
    endloop
  endfacet
  facet normal 0.941544065182966 0.33688985339237293 0
    outer loop
      vertex 110.42940479473083 7.349438164979348 0
      vertex 110.37320142925523 7.5065160486674145 2
      vertex 110.42940479473083 7.349438164979348 2
    endloop
  endfacet
  facet normal 0.8577286100002182 0.5141027441933117 0
    outer loop
      vertex 110.58650165908568 7.055530603866677 0
      vertex 110.50073385060779 7.198625547395804 2
      vertex 110.58650165908568 7.055530603866677 2
    endloop
  endfacet
  facet normal 0.9987954562051828 -0.04906767432720543 0
    outer loop
      vertex 110.30000000000001 8 0
      vertex 110.30818596465724 8.166629138560253 2
      vertex 110.30000000000001 8 2
    endloop
  endfacet
  facet normal 0.9891765099647508 -0.14673047445556528 0
    outer loop
      vertex 110.30818596465724 8.166629138560253 0
      vertex 110.33266502331452 8.331653547427418 2
      vertex 110.30818596465724 8.166629138560253 2
    endloop
  endfacet
  facet normal 0.9700312531945767 -0.24298017990313353 0
    outer loop
      vertex 110.33266502331452 8.331653547427418 0
      vertex 110.37320142925523 8.493483951332585 2
      vertex 110.33266502331452 8.331653547427418 2
    endloop
  endfacet
  facet normal 0.9415440651829666 -0.33688985339237126 0
    outer loop
      vertex 110.37320142925523 8.493483951332585 0
      vertex 110.42940479473083 8.650561835020653 2
      vertex 110.37320142925523 8.493483951332585 2
    endloop
  endfacet
  facet normal 0.9039892931235023 -0.4275550934301575 0
    outer loop
      vertex 110.42940479473083 8.650561835020653 0
      vertex 110.50073385060779 8.801374452604197 2
      vertex 110.42940479473083 8.650561835020653 2
    endloop
  endfacet
  facet normal 0.8577286100002167 -0.514102744193314 0
    outer loop
      vertex 110.50073385060779 8.801374452604197 0
      vertex 110.58650165908568 8.944469396133323 2
      vertex 110.50073385060779 8.801374452604197 2
    endloop
  endfacet
  facet normal 0.8032075314807499 -0.5956993044922919 0
    outer loop
      vertex 110.58650165908568 8.944469396133323 0
      vertex 110.68588222928332 9.078468583078198 2
      vertex 110.58650165908568 8.944469396133323 2
    endloop
  endfacet
  facet normal 0.7409511253548426 -0.6715589548471468 0
    outer loop
      vertex 110.68588222928332 9.078468583078198 0
      vertex 110.79791847198288 9.20208152801713 2
      vertex 110.68588222928332 9.078468583078198 2
    endloop
  endfacet
  facet normal 0.6715589548469976 -0.740951125354978 0
    outer loop
      vertex 110.79791847198288 9.20208152801713 0
      vertex 110.92153141692182 9.314117770716653 2
      vertex 110.79791847198288 9.20208152801713 2
    endloop
  endfacet
  facet normal 0.5956993044925465 -0.8032075314805611 0
    outer loop
      vertex 110.92153141692182 9.314117770716653 0
      vertex 111.05553060386666 9.413498340914327 2
      vertex 110.92153141692182 9.314117770716653 2
    endloop
  endfacet
  facet normal 0.5141027441931668 -0.857728610000305 0
    outer loop
      vertex 111.05553060386666 9.413498340914327 0
      vertex 111.1986255473958 9.499266149392204 2
      vertex 111.05553060386666 9.413498340914327 2
    endloop
  endfacet
  facet normal 0.4275550934302876 -0.9039892931234408 0
    outer loop
      vertex 111.1986255473958 9.499266149392204 0
      vertex 111.34943816497935 9.570595205269187 2
      vertex 111.1986255473958 9.499266149392204 2
    endloop
  endfacet
  facet normal 0.3368898533921797 -0.9415440651830352 0
    outer loop
      vertex 111.34943816497935 9.570595205269187 0
      vertex 111.50651604866744 9.626798570744755 2
      vertex 111.34943816497935 9.570595205269187 2
    endloop
  endfacet
  facet normal 0.242980179903319 -0.9700312531945303 0
    outer loop
      vertex 111.50651604866744 9.626798570744755 0
      vertex 111.66834645257256 9.667334976685492 2
      vertex 111.50651604866744 9.626798570744755 2
    endloop
  endfacet
  facet normal 0.1467304744553538 -0.9891765099647821 0
    outer loop
      vertex 111.66834645257256 9.667334976685492 0
      vertex 111.83337086143973 9.691814035342734 2
      vertex 111.66834645257256 9.667334976685492 2
    endloop
  endfacet
  facet normal 0.049067674327413685 -0.9987954562051725 0
    outer loop
      vertex 111.83337086143973 9.691814035342734 0
      vertex 112 9.7 2
      vertex 111.83337086143973 9.691814035342734 2
    endloop
  endfacet
  facet normal -0.242980179903319 -0.9700312531945303 0
    outer loop
      vertex 112.33165354742744 9.667334976685492 0
      vertex 112.49348395133256 9.626798570744755 2
      vertex 112.33165354742744 9.667334976685492 2
    endloop
  endfacet
  facet normal -0.049067674327413685 -0.9987954562051725 0
    outer loop
      vertex 112 9.7 0
      vertex 112.16662913856027 9.691814035342734 2
      vertex 112 9.7 2
    endloop
  endfacet
  facet normal -0.1467304744553538 -0.9891765099647821 0
    outer loop
      vertex 112.16662913856027 9.691814035342734 0
      vertex 112.33165354742744 9.667334976685492 2
      vertex 112.16662913856027 9.691814035342734 2
    endloop
  endfacet
  facet normal -0.3368898533921797 0.9415440651830352 -8.889901600219778e-19
    outer loop
      vertex 112.49348395133256 6.373201429255245 2
      vertex 112.65056183502065 6.429404794730813 2
      vertex 112.65056183502065 6.429404794730813 0
    endloop
  endfacet
  facet normal -0.4275550934302876 0.9039892931234408 0
    outer loop
      vertex 112.8013744526042 6.500733850607796 0
      vertex 112.65056183502065 6.429404794730813 2
      vertex 112.8013744526042 6.500733850607796 2
    endloop
  endfacet
  facet normal -0.5141027441931668 0.857728610000305 0
    outer loop
      vertex 112.94446939613334 6.586501659085673 0
      vertex 112.8013744526042 6.500733850607796 2
      vertex 112.94446939613334 6.586501659085673 2
    endloop
  endfacet
  facet normal -0.5956993044925465 0.8032075314805611 0
    outer loop
      vertex 113.07846858307818 6.685882229283347 0
      vertex 112.94446939613334 6.586501659085673 2
      vertex 113.07846858307818 6.685882229283347 2
    endloop
  endfacet
  facet normal -0.6715589548469947 0.7409511253549805 0
    outer loop
      vertex 113.20208152801712 6.797918471982869 0
      vertex 113.07846858307818 6.685882229283347 2
      vertex 113.20208152801712 6.797918471982869 2
    endloop
  endfacet
  facet normal -0.7409511253548474 0.6715589548471416 0
    outer loop
      vertex 113.31411777071668 6.921531416921803 0
      vertex 113.20208152801712 6.797918471982869 2
      vertex 113.31411777071668 6.921531416921803 2
    endloop
  endfacet
  facet normal -0.8032075314807481 0.5956993044922945 -5.654560612935652e-19
    outer loop
      vertex 113.31411777071668 6.921531416921803 2
      vertex 113.41349834091432 7.055530603866677 2
      vertex 113.41349834091432 7.055530603866677 0
    endloop
  endfacet
  facet normal -0.3368898533921797 -0.9415440651830352 0
    outer loop
      vertex 112.49348395133256 9.626798570744755 0
      vertex 112.65056183502065 9.570595205269187 2
      vertex 112.49348395133256 9.626798570744755 2
    endloop
  endfacet
  facet normal -0.4275550934302876 -0.9039892931234408 0
    outer loop
      vertex 112.65056183502065 9.570595205269187 0
      vertex 112.8013744526042 9.499266149392204 2
      vertex 112.65056183502065 9.570595205269187 2
    endloop
  endfacet
  facet normal -0.5141027441931668 -0.857728610000305 0
    outer loop
      vertex 112.8013744526042 9.499266149392204 0
      vertex 112.94446939613334 9.413498340914327 2
      vertex 112.8013744526042 9.499266149392204 2
    endloop
  endfacet
  facet normal -0.5956993044925465 -0.8032075314805611 0
    outer loop
      vertex 112.94446939613334 9.413498340914327 0
      vertex 113.07846858307818 9.314117770716653 2
      vertex 112.94446939613334 9.413498340914327 2
    endloop
  endfacet
  facet normal -0.6715589548469976 -0.740951125354978 0
    outer loop
      vertex 113.07846858307818 9.314117770716653 0
      vertex 113.20208152801712 9.20208152801713 2
      vertex 113.07846858307818 9.314117770716653 2
    endloop
  endfacet
  facet normal -0.7409511253548426 -0.6715589548471468 0
    outer loop
      vertex 113.20208152801712 9.20208152801713 0
      vertex 113.31411777071668 9.078468583078198 2
      vertex 113.20208152801712 9.20208152801713 2
    endloop
  endfacet
  facet normal -0.8032075314807499 -0.5956993044922919 0
    outer loop
      vertex 113.31411777071668 9.078468583078198 0
      vertex 113.41349834091432 8.944469396133323 2
      vertex 113.31411777071668 9.078468583078198 2
    endloop
  endfacet
  facet normal -0.8577286100002182 0.5141027441933117 1.8205119226442243e-19
    outer loop
      vertex 113.41349834091432 7.055530603866677 2
      vertex 113.49926614939221 7.198625547395804 2
      vertex 113.49926614939221 7.198625547395804 0
    endloop
  endfacet
  facet normal -0.9039892931235023 0.4275550934301575 0
    outer loop
      vertex 113.57059520526917 7.349438164979348 0
      vertex 113.49926614939221 7.198625547395804 2
      vertex 113.57059520526917 7.349438164979348 2
    endloop
  endfacet
  facet normal -0.941544065182966 0.33688985339237293 0
    outer loop
      vertex 113.62679857074477 7.5065160486674145 0
      vertex 113.57059520526917 7.349438164979348 2
      vertex 113.62679857074477 7.5065160486674145 2
    endloop
  endfacet
  facet normal -0.9700312531945767 0.24298017990313353 0
    outer loop
      vertex 113.66733497668548 7.668346452572582 0
      vertex 113.62679857074477 7.5065160486674145 2
      vertex 113.66733497668548 7.668346452572582 2
    endloop
  endfacet
  facet normal -0.9891765099647508 0.14673047445556528 0
    outer loop
      vertex 113.69181403534276 7.833370861439747 0
      vertex 113.66733497668548 7.668346452572582 2
      vertex 113.69181403534276 7.833370861439747 2
    endloop
  endfacet
  facet normal -0.9039892931235023 -0.4275550934301575 1.7325271478568419e-18
    outer loop
      vertex 113.57059520526917 8.650561835020653 2
      vertex 113.49926614939221 8.801374452604197 2
      vertex 113.49926614939221 8.801374452604197 0
    endloop
  endfacet
  facet normal -0.9700312531945767 -0.24298017990313353 0
    outer loop
      vertex 113.62679857074477 8.493483951332585 0
      vertex 113.66733497668548 8.331653547427418 2
      vertex 113.62679857074477 8.493483951332585 2
    endloop
  endfacet
  facet normal -0.9415440651829666 -0.33688985339237126 0
    outer loop
      vertex 113.57059520526917 8.650561835020653 0
      vertex 113.62679857074477 8.493483951332585 2
      vertex 113.57059520526917 8.650561835020653 2
    endloop
  endfacet
  facet normal -0.9987954562051828 0.04906767432720543 0
    outer loop
      vertex 113.69999999999999 8 0
      vertex 113.69181403534276 7.833370861439747 2
      vertex 113.69999999999999 8 2
    endloop
  endfacet
  facet normal -0.9987954562051828 -0.04906767432720543 0
    outer loop
      vertex 113.69181403534276 8.166629138560253 0
      vertex 113.69999999999999 8 2
      vertex 113.69181403534276 8.166629138560253 2
    endloop
  endfacet
  facet normal -0.9891765099647508 -0.14673047445556528 0
    outer loop
      vertex 113.66733497668548 8.331653547427418 0
      vertex 113.69181403534276 8.166629138560253 2
      vertex 113.66733497668548 8.331653547427418 2
    endloop
  endfacet
  facet normal -0.8577286100002167 -0.514102744193314 0
    outer loop
      vertex 113.41349834091432 8.944469396133323 0
      vertex 113.49926614939221 8.801374452604197 2
      vertex 113.41349834091432 8.944469396133323 2
    endloop
  endfacet
  facet normal 0.8577286100002083 0.5141027441933281 0
    outer loop
      vertex 6.500733850607787 216.1986255473958 0
      vertex 6.500733850607787 216.1986255473958 2
      vertex 6.586501659085684 216.05553060386669 0
    endloop
  endfacet
  facet normal 0.9891765099647759 0.14673047445539547 0
    outer loop
      vertex 6.3081859646572696 216.83337086143976 0
      vertex 6.3081859646572696 216.83337086143976 2
      vertex 6.332665023314519 216.6683464525726 0
    endloop
  endfacet
  facet normal 0.9987954562051743 0.04906767432737955 2.7452171718478277e-19
    outer loop
      vertex 6.3081859646572696 216.83337086143976 0
      vertex 6.300000000000011 217 0
      vertex 6.300000000000011 217 2
    endloop
  endfacet
  facet normal 0.9700312531945829 0.24298017990310844 -3.069321294047069e-19
    outer loop
      vertex 6.373201429255232 216.5065160486674 0
      vertex 6.332665023314519 216.6683464525726 0
      vertex 6.332665023314519 216.6683464525726 2
    endloop
  endfacet
  facet normal 0.9415440651830158 0.33688985339223376 3.603008364805194e-20
    outer loop
      vertex 6.4294047947308 216.34943816497935 0
      vertex 6.373201429255232 216.5065160486674 0
      vertex 6.373201429255232 216.5065160486674 2
    endloop
  endfacet
  facet normal 0.9039892931234326 0.42755509343030496 -2.593205381700398e-18
    outer loop
      vertex 6.500733850607787 216.1986255473958 0
      vertex 6.4294047947308 216.34943816497935 0
      vertex 6.4294047947308 216.34943816497935 2
    endloop
  endfacet
  facet normal 0.9987954562051743 -0.04906767432737955 -2.7452171718478277e-19
    outer loop
      vertex 6.300000000000011 217 0
      vertex 6.3081859646572696 217.16662913856024 0
      vertex 6.3081859646572696 217.16662913856024 2
    endloop
  endfacet
  facet normal 0.9891765099647759 -0.14673047445539547 -1.2516669628601162e-18
    outer loop
      vertex 6.3081859646572696 217.16662913856024 0
      vertex 6.332665023314519 217.3316535474274 0
      vertex 6.332665023314519 217.3316535474274 2
    endloop
  endfacet
  facet normal 0.9700312531945829 -0.24298017990310844 3.069321294047069e-19
    outer loop
      vertex 6.332665023314519 217.3316535474274 0
      vertex 6.373201429255232 217.4934839513326 0
      vertex 6.373201429255232 217.4934839513326 2
    endloop
  endfacet
  facet normal 0.9415440651830158 -0.33688985339223376 -3.603008364805194e-20
    outer loop
      vertex 6.373201429255232 217.4934839513326 0
      vertex 6.4294047947308 217.65056183502065 0
      vertex 6.4294047947308 217.65056183502065 2
    endloop
  endfacet
  facet normal 0.9039892931234326 -0.42755509343030496 2.593205381700398e-18
    outer loop
      vertex 6.4294047947308 217.65056183502065 0
      vertex 6.500733850607787 217.8013744526042 0
      vertex 6.500733850607787 217.8013744526042 2
    endloop
  endfacet
  facet normal 0.8577286100002083 -0.5141027441933281 -1.8550784087427566e-18
    outer loop
      vertex 6.500733850607787 217.8013744526042 0
      vertex 6.586501659085684 217.94446939613331 0
      vertex 6.586501659085684 217.94446939613331 2
    endloop
  endfacet
  facet normal 0.8032075314807023 0.5956993044923559 0
    outer loop
      vertex 6.586501659085684 216.05553060386669 0
      vertex 6.586501659085684 216.05553060386669 2
      vertex 6.685882229283351 215.9215314169218 0
    endloop
  endfacet
  facet normal 0.7409511253548746 0.6715589548471116 0
    outer loop
      vertex 6.685882229283351 215.9215314169218 0
      vertex 6.685882229283351 215.9215314169218 2
      vertex 6.797918471982882 215.79791847198288 0
    endloop
  endfacet
  facet normal 0.6715589548471116 0.7409511253548746 -6.320297722566281e-19
    outer loop
      vertex 6.921531416921795 215.68588222928335 0
      vertex 6.797918471982882 215.79791847198288 0
      vertex 6.797918471982882 215.79791847198288 2
    endloop
  endfacet
  facet normal 0.5956993044923559 0.8032075314807023 0
    outer loop
      vertex 6.921531416921795 215.68588222928335 0
      vertex 6.921531416921795 215.68588222928335 2
      vertex 7.055530603866686 215.58650165908568 0
    endloop
  endfacet
  facet normal 0.5141027441933281 0.8577286100002083 0
    outer loop
      vertex 7.055530603866686 215.58650165908568 0
      vertex 7.055530603866686 215.58650165908568 2
      vertex 7.198625547395807 215.5007338506078 0
    endloop
  endfacet
  facet normal 0.42755509343030496 0.9039892931234326 0
    outer loop
      vertex 7.198625547395807 215.5007338506078 0
      vertex 7.198625547395807 215.5007338506078 2
      vertex 7.349438164979347 215.4294047947308 0
    endloop
  endfacet
  facet normal 0.33688985339223376 0.9415440651830158 0
    outer loop
      vertex 7.349438164979347 215.4294047947308 0
      vertex 7.349438164979347 215.4294047947308 2
      vertex 7.506516048667407 215.37320142925523 0
    endloop
  endfacet
  facet normal 0.8032075314807023 -0.5956993044923559 5.620448798564841e-19
    outer loop
      vertex 6.586501659085684 217.94446939613331 0
      vertex 6.685882229283351 218.0784685830782 0
      vertex 6.685882229283351 218.0784685830782 2
    endloop
  endfacet
  facet normal 0.7409511253548746 -0.6715589548471116 6.320297722566281e-19
    outer loop
      vertex 6.685882229283351 218.0784685830782 0
      vertex 6.797918471982882 218.20208152801712 0
      vertex 6.797918471982882 218.20208152801712 2
    endloop
  endfacet
  facet normal 0.6715589548471116 -0.7409511253548746 6.320297722566281e-19
    outer loop
      vertex 6.797918471982882 218.20208152801712 0
      vertex 6.921531416921795 218.31411777071665 0
      vertex 6.921531416921795 218.31411777071665 2
    endloop
  endfacet
  facet normal 0.5956993044923559 -0.8032075314807023 5.620448798564841e-19
    outer loop
      vertex 6.921531416921795 218.31411777071665 0
      vertex 7.055530603866686 218.41349834091432 0
      vertex 7.055530603866686 218.41349834091432 2
    endloop
  endfacet
  facet normal 0.5141027441933281 -0.8577286100002083 -1.8550784087427566e-18
    outer loop
      vertex 7.055530603866686 218.41349834091432 0
      vertex 7.198625547395807 218.4992661493922 0
      vertex 7.198625547395807 218.4992661493922 2
    endloop
  endfacet
  facet normal 0.42755509343030496 -0.9039892931234326 2.593205381700398e-18
    outer loop
      vertex 7.198625547395807 218.4992661493922 0
      vertex 7.349438164979347 218.5705952052692 0
      vertex 7.349438164979347 218.5705952052692 2
    endloop
  endfacet
  facet normal 0.33688985339223376 -0.9415440651830158 -3.603008364805194e-20
    outer loop
      vertex 7.349438164979347 218.5705952052692 0
      vertex 7.506516048667407 218.62679857074477 0
      vertex 7.506516048667407 218.62679857074477 2
    endloop
  endfacet
  facet normal 0.14673047445539547 0.9891765099647759 1.2516669628601162e-18
    outer loop
      vertex 7.833370861439761 215.30818596465727 0
      vertex 7.668346452572592 215.33266502331452 0
      vertex 7.668346452572592 215.33266502331452 2
    endloop
  endfacet
  facet normal 0.04906767432737955 0.9987954562051743 0
    outer loop
      vertex 7.833370861439761 215.30818596465727 0
      vertex 7.833370861439761 215.30818596465727 2
      vertex 8 215.3 0
    endloop
  endfacet
  facet normal 0.24298017990310844 0.9700312531945829 0
    outer loop
      vertex 7.506516048667407 215.37320142925523 0
      vertex 7.506516048667407 215.37320142925523 2
      vertex 7.668346452572592 215.33266502331452 0
    endloop
  endfacet
  facet normal -0.04906767432737955 0.9987954562051743 0
    outer loop
      vertex 8 215.3 0
      vertex 8 215.3 2
      vertex 8.16662913856024 215.30818596465727 0
    endloop
  endfacet
  facet normal -0.14673047445539547 0.9891765099647759 0
    outer loop
      vertex 8.16662913856024 215.30818596465727 0
      vertex 8.16662913856024 215.30818596465727 2
      vertex 8.331653547427408 215.33266502331452 0
    endloop
  endfacet
  facet normal -0.24298017990310844 0.9700312531945829 0
    outer loop
      vertex 8.331653547427408 215.33266502331452 0
      vertex 8.331653547427408 215.33266502331452 2
      vertex 8.493483951332593 215.37320142925523 0
    endloop
  endfacet
  facet normal -0.33688985339223376 0.9415440651830158 0
    outer loop
      vertex 8.493483951332593 215.37320142925523 0
      vertex 8.493483951332593 215.37320142925523 2
      vertex 8.650561835020653 215.4294047947308 0
    endloop
  endfacet
  facet normal -0.42755509343030496 0.9039892931234326 0
    outer loop
      vertex 8.650561835020653 215.4294047947308 0
      vertex 8.650561835020653 215.4294047947308 2
      vertex 8.801374452604193 215.5007338506078 0
    endloop
  endfacet
  facet normal -0.5141027441933281 0.8577286100002083 0
    outer loop
      vertex 8.801374452604193 215.5007338506078 0
      vertex 8.801374452604193 215.5007338506078 2
      vertex 8.944469396133314 215.58650165908568 0
    endloop
  endfacet
  facet normal -0.5956993044923559 0.8032075314807023 0
    outer loop
      vertex 8.944469396133314 215.58650165908568 0
      vertex 8.944469396133314 215.58650165908568 2
      vertex 9.078468583078205 215.68588222928335 0
    endloop
  endfacet
  facet normal -0.6715589548471116 0.7409511253548746 0
    outer loop
      vertex 9.078468583078205 215.68588222928335 0
      vertex 9.078468583078205 215.68588222928335 2
      vertex 9.202081528017118 215.79791847198288 0
    endloop
  endfacet
  facet normal -0.7409511253548746 0.6715589548471116 0
    outer loop
      vertex 9.202081528017118 215.79791847198288 0
      vertex 9.202081528017118 215.79791847198288 2
      vertex 9.31411777071665 215.9215314169218 0
    endloop
  endfacet
  facet normal -0.8032075314807023 0.5956993044923559 0
    outer loop
      vertex 9.31411777071665 215.9215314169218 0
      vertex 9.31411777071665 215.9215314169218 2
      vertex 9.413498340914316 216.05553060386669 0
    endloop
  endfacet
  facet normal -0.8577286100002083 0.5141027441933281 0
    outer loop
      vertex 9.413498340914316 216.05553060386669 0
      vertex 9.413498340914316 216.05553060386669 2
      vertex 9.499266149392213 216.1986255473958 0
    endloop
  endfacet
  facet normal -0.9039892931234326 0.42755509343030496 0
    outer loop
      vertex 9.499266149392213 216.1986255473958 0
      vertex 9.499266149392213 216.1986255473958 2
      vertex 9.5705952052692 216.34943816497935 0
    endloop
  endfacet
  facet normal -0.9415440651830158 0.33688985339223376 0
    outer loop
      vertex 9.5705952052692 216.34943816497935 0
      vertex 9.5705952052692 216.34943816497935 2
      vertex 9.626798570744768 216.5065160486674 0
    endloop
  endfacet
  facet normal -0.9700312531945829 0.24298017990310844 0
    outer loop
      vertex 9.626798570744768 216.5065160486674 0
      vertex 9.626798570744768 216.5065160486674 2
      vertex 9.667334976685481 216.6683464525726 0
    endloop
  endfacet
  facet normal -0.9891765099647759 0.14673047445539547 0
    outer loop
      vertex 9.667334976685481 216.6683464525726 0
      vertex 9.667334976685481 216.6683464525726 2
      vertex 9.69181403534273 216.83337086143976 0
    endloop
  endfacet
  facet normal -0.9987954562051743 0.04906767432737955 0
    outer loop
      vertex 9.69181403534273 216.83337086143976 0
      vertex 9.69181403534273 216.83337086143976 2
      vertex 9.699999999999989 217 0
    endloop
  endfacet
  facet normal -0.9987954562051743 -0.04906767432737955 0
    outer loop
      vertex 9.699999999999989 217 0
      vertex 9.699999999999989 217 2
      vertex 9.69181403534273 217.16662913856024 0
    endloop
  endfacet
  facet normal -0.8577286100002083 -0.5141027441933281 1.8550784087427566e-18
    outer loop
      vertex 9.413498340914316 217.94446939613331 0
      vertex 9.499266149392213 217.8013744526042 0
      vertex 9.499266149392213 217.8013744526042 2
    endloop
  endfacet
  facet normal -0.9415440651830158 -0.33688985339223376 3.603008364805194e-20
    outer loop
      vertex 9.5705952052692 217.65056183502065 0
      vertex 9.626798570744768 217.4934839513326 0
      vertex 9.626798570744768 217.4934839513326 2
    endloop
  endfacet
  facet normal -0.9039892931234326 -0.42755509343030496 0
    outer loop
      vertex 9.5705952052692 217.65056183502065 0
      vertex 9.5705952052692 217.65056183502065 2
      vertex 9.499266149392213 217.8013744526042 0
    endloop
  endfacet
  facet normal -0.9891765099647759 -0.14673047445539547 0
    outer loop
      vertex 9.69181403534273 217.16662913856024 0
      vertex 9.69181403534273 217.16662913856024 2
      vertex 9.667334976685481 217.3316535474274 0
    endloop
  endfacet
  facet normal -0.9700312531945829 -0.24298017990310844 0
    outer loop
      vertex 9.667334976685481 217.3316535474274 0
      vertex 9.667334976685481 217.3316535474274 2
      vertex 9.626798570744768 217.4934839513326 0
    endloop
  endfacet
  facet normal 0.24298017990310844 -0.9700312531945829 3.069321294047069e-19
    outer loop
      vertex 7.506516048667407 218.62679857074477 0
      vertex 7.668346452572592 218.66733497668548 0
      vertex 7.668346452572592 218.66733497668548 2
    endloop
  endfacet
  facet normal 0.14673047445539547 -0.9891765099647759 -1.2516669628601162e-18
    outer loop
      vertex 7.668346452572592 218.66733497668548 0
      vertex 7.833370861439761 218.69181403534273 0
      vertex 7.833370861439761 218.69181403534273 2
    endloop
  endfacet
  facet normal 0.04906767432737955 -0.9987954562051743 -2.7452171718478277e-19
    outer loop
      vertex 7.833370861439761 218.69181403534273 0
      vertex 8 218.7 0
      vertex 8 218.7 2
    endloop
  endfacet
  facet normal -0.04906767432737955 -0.9987954562051743 2.7452171718478277e-19
    outer loop
      vertex 8 218.7 0
      vertex 8.16662913856024 218.69181403534273 0
      vertex 8.16662913856024 218.69181403534273 2
    endloop
  endfacet
  facet normal -0.14673047445539547 -0.9891765099647759 1.2516669628601162e-18
    outer loop
      vertex 8.16662913856024 218.69181403534273 0
      vertex 8.331653547427408 218.66733497668548 0
      vertex 8.331653547427408 218.66733497668548 2
    endloop
  endfacet
  facet normal -0.24298017990310844 -0.9700312531945829 -3.069321294047069e-19
    outer loop
      vertex 8.331653547427408 218.66733497668548 0
      vertex 8.493483951332593 218.62679857074477 0
      vertex 8.493483951332593 218.62679857074477 2
    endloop
  endfacet
  facet normal -0.33688985339223376 -0.9415440651830158 3.603008364805194e-20
    outer loop
      vertex 8.493483951332593 218.62679857074477 0
      vertex 8.650561835020653 218.5705952052692 0
      vertex 8.650561835020653 218.5705952052692 2
    endloop
  endfacet
  facet normal -0.42755509343030496 -0.9039892931234326 -2.593205381700398e-18
    outer loop
      vertex 8.650561835020653 218.5705952052692 0
      vertex 8.801374452604193 218.4992661493922 0
      vertex 8.801374452604193 218.4992661493922 2
    endloop
  endfacet
  facet normal -0.5141027441933281 -0.8577286100002083 1.8550784087427566e-18
    outer loop
      vertex 8.801374452604193 218.4992661493922 0
      vertex 8.944469396133314 218.41349834091432 0
      vertex 8.944469396133314 218.41349834091432 2
    endloop
  endfacet
  facet normal -0.5956993044923559 -0.8032075314807023 0
    outer loop
      vertex 9.078468583078205 218.31411777071665 0
      vertex 9.078468583078205 218.31411777071665 2
      vertex 8.944469396133314 218.41349834091432 0
    endloop
  endfacet
  facet normal -0.6715589548471116 -0.7409511253548746 -6.320297722566281e-19
    outer loop
      vertex 9.078468583078205 218.31411777071665 0
      vertex 9.202081528017118 218.20208152801712 0
      vertex 9.202081528017118 218.20208152801712 2
    endloop
  endfacet
  facet normal -0.7409511253548746 -0.6715589548471116 -6.320297722566281e-19
    outer loop
      vertex 9.202081528017118 218.20208152801712 0
      vertex 9.31411777071665 218.0784685830782 0
      vertex 9.31411777071665 218.0784685830782 2
    endloop
  endfacet
  facet normal -0.8032075314807023 -0.5956993044923559 0
    outer loop
      vertex 9.413498340914316 217.94446939613331 0
      vertex 9.413498340914316 217.94446939613331 2
      vertex 9.31411777071665 218.0784685830782 0
    endloop
  endfacet
  facet normal 0.8577286100002083 0.5141027441933281 1.8550784087427566e-18
    outer loop
      vertex 6.500733850607787 216.1986255473958 2
      vertex 6.586501659085684 216.05553060386669 2
      vertex 6.586501659085684 216.05553060386669 0
    endloop
  endfacet
  facet normal 0.9891765099647759 0.14673047445539547 0
    outer loop
      vertex 6.332665023314519 216.6683464525726 0
      vertex 6.3081859646572696 216.83337086143976 2
      vertex 6.332665023314519 216.6683464525726 2
    endloop
  endfacet
  facet normal 0.9987954562051743 0.04906767432737955 0
    outer loop
      vertex 6.3081859646572696 216.83337086143976 0
      vertex 6.300000000000011 217 2
      vertex 6.3081859646572696 216.83337086143976 2
    endloop
  endfacet
  facet normal 0.9987954562051743 -0.04906767432737955 0
    outer loop
      vertex 6.300000000000011 217 0
      vertex 6.3081859646572696 217.16662913856024 2
      vertex 6.300000000000011 217 2
    endloop
  endfacet
  facet normal 0.9415440651830158 0.33688985339223376 0
    outer loop
      vertex 6.4294047947308 216.34943816497935 0
      vertex 6.373201429255232 216.5065160486674 2
      vertex 6.4294047947308 216.34943816497935 2
    endloop
  endfacet
  facet normal 0.9700312531945829 0.24298017990310844 0
    outer loop
      vertex 6.373201429255232 216.5065160486674 0
      vertex 6.332665023314519 216.6683464525726 2
      vertex 6.373201429255232 216.5065160486674 2
    endloop
  endfacet
  facet normal 0.9039892931234326 0.42755509343030496 0
    outer loop
      vertex 6.500733850607787 216.1986255473958 0
      vertex 6.4294047947308 216.34943816497935 2
      vertex 6.500733850607787 216.1986255473958 2
    endloop
  endfacet
  facet normal 0.9891765099647759 -0.14673047445539547 0
    outer loop
      vertex 6.3081859646572696 217.16662913856024 0
      vertex 6.332665023314519 217.3316535474274 2
      vertex 6.3081859646572696 217.16662913856024 2
    endloop
  endfacet
  facet normal 0.9700312531945829 -0.24298017990310844 0
    outer loop
      vertex 6.332665023314519 217.3316535474274 0
      vertex 6.373201429255232 217.4934839513326 2
      vertex 6.332665023314519 217.3316535474274 2
    endloop
  endfacet
  facet normal 0.9415440651830158 -0.33688985339223376 0
    outer loop
      vertex 6.373201429255232 217.4934839513326 0
      vertex 6.4294047947308 217.65056183502065 2
      vertex 6.373201429255232 217.4934839513326 2
    endloop
  endfacet
  facet normal 0.9039892931234326 -0.42755509343030496 0
    outer loop
      vertex 6.4294047947308 217.65056183502065 0
      vertex 6.500733850607787 217.8013744526042 2
      vertex 6.4294047947308 217.65056183502065 2
    endloop
  endfacet
  facet normal 0.8577286100002083 -0.5141027441933281 0
    outer loop
      vertex 6.500733850607787 217.8013744526042 0
      vertex 6.586501659085684 217.94446939613331 2
      vertex 6.500733850607787 217.8013744526042 2
    endloop
  endfacet
  facet normal 0.8032075314807023 0.5956993044923559 0
    outer loop
      vertex 6.685882229283351 215.9215314169218 0
      vertex 6.586501659085684 216.05553060386669 2
      vertex 6.685882229283351 215.9215314169218 2
    endloop
  endfacet
  facet normal 0.7409511253548746 0.6715589548471116 0
    outer loop
      vertex 6.797918471982882 215.79791847198288 0
      vertex 6.685882229283351 215.9215314169218 2
      vertex 6.797918471982882 215.79791847198288 2
    endloop
  endfacet
  facet normal 0.6715589548471116 0.7409511253548746 0
    outer loop
      vertex 6.921531416921795 215.68588222928335 0
      vertex 6.797918471982882 215.79791847198288 2
      vertex 6.921531416921795 215.68588222928335 2
    endloop
  endfacet
  facet normal 0.5956993044923559 0.8032075314807023 0
    outer loop
      vertex 7.055530603866686 215.58650165908568 0
      vertex 6.921531416921795 215.68588222928335 2
      vertex 7.055530603866686 215.58650165908568 2
    endloop
  endfacet
  facet normal 0.5141027441933281 0.8577286100002083 0
    outer loop
      vertex 7.198625547395807 215.5007338506078 0
      vertex 7.055530603866686 215.58650165908568 2
      vertex 7.198625547395807 215.5007338506078 2
    endloop
  endfacet
  facet normal 0.42755509343030496 0.9039892931234326 0
    outer loop
      vertex 7.349438164979347 215.4294047947308 0
      vertex 7.198625547395807 215.5007338506078 2
      vertex 7.349438164979347 215.4294047947308 2
    endloop
  endfacet
  facet normal 0.33688985339223376 0.9415440651830158 3.603008364805194e-20
    outer loop
      vertex 7.349438164979347 215.4294047947308 2
      vertex 7.506516048667407 215.37320142925523 2
      vertex 7.506516048667407 215.37320142925523 0
    endloop
  endfacet
  facet normal 0.8032075314807023 -0.5956993044923559 0
    outer loop
      vertex 6.586501659085684 217.94446939613331 0
      vertex 6.685882229283351 218.0784685830782 2
      vertex 6.586501659085684 217.94446939613331 2
    endloop
  endfacet
  facet normal 0.7409511253548746 -0.6715589548471116 0
    outer loop
      vertex 6.685882229283351 218.0784685830782 0
      vertex 6.797918471982882 218.20208152801712 2
      vertex 6.685882229283351 218.0784685830782 2
    endloop
  endfacet
  facet normal 0.6715589548471116 -0.7409511253548746 0
    outer loop
      vertex 6.797918471982882 218.20208152801712 0
      vertex 6.921531416921795 218.31411777071665 2
      vertex 6.797918471982882 218.20208152801712 2
    endloop
  endfacet
  facet normal 0.5956993044923559 -0.8032075314807023 0
    outer loop
      vertex 6.921531416921795 218.31411777071665 0
      vertex 7.055530603866686 218.41349834091432 2
      vertex 6.921531416921795 218.31411777071665 2
    endloop
  endfacet
  facet normal 0.5141027441933281 -0.8577286100002083 0
    outer loop
      vertex 7.055530603866686 218.41349834091432 0
      vertex 7.198625547395807 218.4992661493922 2
      vertex 7.055530603866686 218.41349834091432 2
    endloop
  endfacet
  facet normal 0.42755509343030496 -0.9039892931234326 0
    outer loop
      vertex 7.198625547395807 218.4992661493922 0
      vertex 7.349438164979347 218.5705952052692 2
      vertex 7.198625547395807 218.4992661493922 2
    endloop
  endfacet
  facet normal 0.33688985339223376 -0.9415440651830158 0
    outer loop
      vertex 7.349438164979347 218.5705952052692 0
      vertex 7.506516048667407 218.62679857074477 2
      vertex 7.349438164979347 218.5705952052692 2
    endloop
  endfacet
  facet normal 0.14673047445539547 0.9891765099647759 0
    outer loop
      vertex 7.833370861439761 215.30818596465727 0
      vertex 7.668346452572592 215.33266502331452 2
      vertex 7.833370861439761 215.30818596465727 2
    endloop
  endfacet
  facet normal 0.04906767432737955 0.9987954562051743 0
    outer loop
      vertex 8 215.3 0
      vertex 7.833370861439761 215.30818596465727 2
      vertex 8 215.3 2
    endloop
  endfacet
  facet normal 0.24298017990310844 0.9700312531945829 0
    outer loop
      vertex 7.668346452572592 215.33266502331452 0
      vertex 7.506516048667407 215.37320142925523 2
      vertex 7.668346452572592 215.33266502331452 2
    endloop
  endfacet
  facet normal -0.04906767432737955 0.9987954562051743 0
    outer loop
      vertex 8.16662913856024 215.30818596465727 0
      vertex 8 215.3 2
      vertex 8.16662913856024 215.30818596465727 2
    endloop
  endfacet
  facet normal -0.14673047445539547 0.9891765099647759 0
    outer loop
      vertex 8.331653547427408 215.33266502331452 0
      vertex 8.16662913856024 215.30818596465727 2
      vertex 8.331653547427408 215.33266502331452 2
    endloop
  endfacet
  facet normal -0.24298017990310844 0.9700312531945829 3.069321294047069e-19
    outer loop
      vertex 8.331653547427408 215.33266502331452 2
      vertex 8.493483951332593 215.37320142925523 2
      vertex 8.493483951332593 215.37320142925523 0
    endloop
  endfacet
  facet normal -0.33688985339223376 0.9415440651830158 0
    outer loop
      vertex 8.650561835020653 215.4294047947308 0
      vertex 8.493483951332593 215.37320142925523 2
      vertex 8.650561835020653 215.4294047947308 2
    endloop
  endfacet
  facet normal -0.42755509343030496 0.9039892931234326 0
    outer loop
      vertex 8.801374452604193 215.5007338506078 0
      vertex 8.650561835020653 215.4294047947308 2
      vertex 8.801374452604193 215.5007338506078 2
    endloop
  endfacet
  facet normal -0.5141027441933281 0.8577286100002083 0
    outer loop
      vertex 8.944469396133314 215.58650165908568 0
      vertex 8.801374452604193 215.5007338506078 2
      vertex 8.944469396133314 215.58650165908568 2
    endloop
  endfacet
  facet normal -0.5956993044923559 0.8032075314807023 0
    outer loop
      vertex 9.078468583078205 215.68588222928335 0
      vertex 8.944469396133314 215.58650165908568 2
      vertex 9.078468583078205 215.68588222928335 2
    endloop
  endfacet
  facet normal -0.6715589548471116 0.7409511253548746 0
    outer loop
      vertex 9.202081528017118 215.79791847198288 0
      vertex 9.078468583078205 215.68588222928335 2
      vertex 9.202081528017118 215.79791847198288 2
    endloop
  endfacet
  facet normal -0.7409511253548746 0.6715589548471116 0
    outer loop
      vertex 9.31411777071665 215.9215314169218 0
      vertex 9.202081528017118 215.79791847198288 2
      vertex 9.31411777071665 215.9215314169218 2
    endloop
  endfacet
  facet normal -0.8032075314807023 0.5956993044923559 5.620448798564841e-19
    outer loop
      vertex 9.31411777071665 215.9215314169218 2
      vertex 9.413498340914316 216.05553060386669 2
      vertex 9.413498340914316 216.05553060386669 0
    endloop
  endfacet
  facet normal -0.8577286100002083 0.5141027441933281 0
    outer loop
      vertex 9.499266149392213 216.1986255473958 0
      vertex 9.413498340914316 216.05553060386669 2
      vertex 9.499266149392213 216.1986255473958 2
    endloop
  endfacet
  facet normal -0.9039892931234326 0.42755509343030496 2.593205381700398e-18
    outer loop
      vertex 9.499266149392213 216.1986255473958 2
      vertex 9.5705952052692 216.34943816497935 2
      vertex 9.5705952052692 216.34943816497935 0
    endloop
  endfacet
  facet normal -0.9415440651830158 0.33688985339223376 0
    outer loop
      vertex 9.626798570744768 216.5065160486674 0
      vertex 9.5705952052692 216.34943816497935 2
      vertex 9.626798570744768 216.5065160486674 2
    endloop
  endfacet
  facet normal -0.9700312531945829 0.24298017990310844 0
    outer loop
      vertex 9.667334976685481 216.6683464525726 0
      vertex 9.626798570744768 216.5065160486674 2
      vertex 9.667334976685481 216.6683464525726 2
    endloop
  endfacet
  facet normal -0.9891765099647759 0.14673047445539547 0
    outer loop
      vertex 9.69181403534273 216.83337086143976 0
      vertex 9.667334976685481 216.6683464525726 2
      vertex 9.69181403534273 216.83337086143976 2
    endloop
  endfacet
  facet normal -0.9987954562051743 0.04906767432737955 0
    outer loop
      vertex 9.699999999999989 217 0
      vertex 9.69181403534273 216.83337086143976 2
      vertex 9.699999999999989 217 2
    endloop
  endfacet
  facet normal -0.8577286100002083 -0.5141027441933281 0
    outer loop
      vertex 9.413498340914316 217.94446939613331 0
      vertex 9.499266149392213 217.8013744526042 2
      vertex 9.413498340914316 217.94446939613331 2
    endloop
  endfacet
  facet normal -0.9415440651830158 -0.33688985339223376 0
    outer loop
      vertex 9.5705952052692 217.65056183502065 0
      vertex 9.626798570744768 217.4934839513326 2
      vertex 9.5705952052692 217.65056183502065 2
    endloop
  endfacet
  facet normal -0.9039892931234326 -0.42755509343030496 0
    outer loop
      vertex 9.499266149392213 217.8013744526042 0
      vertex 9.5705952052692 217.65056183502065 2
      vertex 9.499266149392213 217.8013744526042 2
    endloop
  endfacet
  facet normal -0.9987954562051743 -0.04906767432737955 0
    outer loop
      vertex 9.69181403534273 217.16662913856024 0
      vertex 9.699999999999989 217 2
      vertex 9.69181403534273 217.16662913856024 2
    endloop
  endfacet
  facet normal -0.9891765099647759 -0.14673047445539547 0
    outer loop
      vertex 9.667334976685481 217.3316535474274 0
      vertex 9.69181403534273 217.16662913856024 2
      vertex 9.667334976685481 217.3316535474274 2
    endloop
  endfacet
  facet normal -0.9700312531945829 -0.24298017990310844 0
    outer loop
      vertex 9.626798570744768 217.4934839513326 0
      vertex 9.667334976685481 217.3316535474274 2
      vertex 9.626798570744768 217.4934839513326 2
    endloop
  endfacet
  facet normal 0.24298017990310844 -0.9700312531945829 0
    outer loop
      vertex 7.506516048667407 218.62679857074477 0
      vertex 7.668346452572592 218.66733497668548 2
      vertex 7.506516048667407 218.62679857074477 2
    endloop
  endfacet
  facet normal 0.14673047445539547 -0.9891765099647759 0
    outer loop
      vertex 7.668346452572592 218.66733497668548 0
      vertex 7.833370861439761 218.69181403534273 2
      vertex 7.668346452572592 218.66733497668548 2
    endloop
  endfacet
  facet normal 0.04906767432737955 -0.9987954562051743 0
    outer loop
      vertex 7.833370861439761 218.69181403534273 0
      vertex 8 218.7 2
      vertex 7.833370861439761 218.69181403534273 2
    endloop
  endfacet
  facet normal -0.04906767432737955 -0.9987954562051743 0
    outer loop
      vertex 8 218.7 0
      vertex 8.16662913856024 218.69181403534273 2
      vertex 8 218.7 2
    endloop
  endfacet
  facet normal -0.14673047445539547 -0.9891765099647759 0
    outer loop
      vertex 8.16662913856024 218.69181403534273 0
      vertex 8.331653547427408 218.66733497668548 2
      vertex 8.16662913856024 218.69181403534273 2
    endloop
  endfacet
  facet normal -0.24298017990310844 -0.9700312531945829 0
    outer loop
      vertex 8.331653547427408 218.66733497668548 0
      vertex 8.493483951332593 218.62679857074477 2
      vertex 8.331653547427408 218.66733497668548 2
    endloop
  endfacet
  facet normal -0.33688985339223376 -0.9415440651830158 0
    outer loop
      vertex 8.493483951332593 218.62679857074477 0
      vertex 8.650561835020653 218.5705952052692 2
      vertex 8.493483951332593 218.62679857074477 2
    endloop
  endfacet
  facet normal -0.42755509343030496 -0.9039892931234326 0
    outer loop
      vertex 8.650561835020653 218.5705952052692 0
      vertex 8.801374452604193 218.4992661493922 2
      vertex 8.650561835020653 218.5705952052692 2
    endloop
  endfacet
  facet normal -0.5141027441933281 -0.8577286100002083 0
    outer loop
      vertex 8.801374452604193 218.4992661493922 0
      vertex 8.944469396133314 218.41349834091432 2
      vertex 8.801374452604193 218.4992661493922 2
    endloop
  endfacet
  facet normal -0.5956993044923559 -0.8032075314807023 0
    outer loop
      vertex 8.944469396133314 218.41349834091432 0
      vertex 9.078468583078205 218.31411777071665 2
      vertex 8.944469396133314 218.41349834091432 2
    endloop
  endfacet
  facet normal -0.6715589548471116 -0.7409511253548746 0
    outer loop
      vertex 9.078468583078205 218.31411777071665 0
      vertex 9.202081528017118 218.20208152801712 2
      vertex 9.078468583078205 218.31411777071665 2
    endloop
  endfacet
  facet normal -0.7409511253548746 -0.6715589548471116 0
    outer loop
      vertex 9.202081528017118 218.20208152801712 0
      vertex 9.31411777071665 218.0784685830782 2
      vertex 9.202081528017118 218.20208152801712 2
    endloop
  endfacet
  facet normal -0.8032075314807023 -0.5956993044923559 -5.620448798564841e-19
    outer loop
      vertex 9.413498340914316 217.94446939613331 2
      vertex 9.31411777071665 218.0784685830782 2
      vertex 9.31411777071665 218.0784685830782 0
    endloop
  endfacet
  facet normal 0.7016158391769788 0.1040748783770088 0.7049139195013776
    outer loop
      vertex 108.32771884690163 112.13831187570928 4
      vertex 110.33266502331452 112.16834645257258 2
      vertex 110.30818596465724 112.33337086143975 2
    endloop
  endfacet
  facet normal 0.7084384890988967 0.03480335122471871 0.7049139195013823
    outer loop
      vertex 110.30818596465724 112.33337086143975 2
      vertex 110.30000000000001 112.5 2
      vertex 108.30995024875625 112.5 4
    endloop
  endfacet
  facet normal 0.42252526541859237 0.5697093699213116 0.7049139195013886
    outer loop
      vertex 109.6590572195812 109.64755296886 4
      vertex 111.05553060386666 111.08650165908567 2
      vertex 110.92153141692182 111.18588222928335 2
    endloop
  endfacet
  facet normal 0.6411931542171769 0.30326177648727465 0.7049139195013883
    outer loop
      vertex 108.5908385608775 111.08787909559608 4
      vertex 110.50073385060779 111.6986255473958 2
      vertex 110.42940479473083 111.84943816497935 2
    endloop
  endfacet
  facet normal 0.5697093699214408 0.4225252654184173 0.7049139195013892
    outer loop
      vertex 110.58650165908568 111.55553060386667 2
      vertex 108.9318357639562 110.44991819984757 4
      vertex 110.68588222928332 111.42153141692181 2
    endloop
  endfacet
  facet normal 0.608380781821087 0.36464940751900093 0.7049139195013846
    outer loop
      vertex 108.74566665787472 110.7605225885381 4
      vertex 110.58650165908568 111.55553060386667 2
      vertex 110.50073385060779 111.6986255473958 2
    endloop
  endfacet
  facet normal 0.6678304860261889 0.2389535687685615 0.7049139195013763
    outer loop
      vertex 108.46884255217623 111.42883509890729 4
      vertex 110.42940479473083 111.84943816497935 2
      vertex 110.37320142925523 112.00651604866741 2
    endloop
  endfacet
  facet normal 0.6880362451816178 0.17234410755688112 0.7049139195013834
    outer loop
      vertex 108.38085352002452 111.78010700577431 4
      vertex 110.37320142925523 112.00651604866741 2
      vertex 110.33266502331452 112.16834645257258 2
    endloop
  endfacet
  facet normal 0.5255513453544377 0.4763319740363305 0.7049139195013765
    outer loop
      vertex 109.14755296886 110.15905721958121 4
      vertex 110.79791847198288 111.29791847198287 2
      vertex 110.68588222928332 111.42153141692181 2
    endloop
  endfacet
  facet normal 0.4763319740362264 0.5255513453545229 0.7049139195013833
    outer loop
      vertex 109.39074079797979 109.89074079797979 4
      vertex 110.92153141692182 111.18588222928335 2
      vertex 110.79791847198288 111.29791847198287 2
    endloop
  endfacet
  facet normal 0.3646494075188921 0.6083807818211674 0.7049139195013715
    outer loop
      vertex 109.94991819984762 109.43183576395624 4
      vertex 111.1986255473958 111.0007338506078 2
      vertex 111.05553060386666 111.08650165908567 2
    endloop
  endfacet
  facet normal 0.3032617764873761 0.641193154217136 0.7049139195013819
    outer loop
      vertex 110.2605225885381 109.24566665787476 4
      vertex 111.34943816497935 110.92940479473081 2
      vertex 111.1986255473958 111.0007338506078 2
    endloop
  endfacet
  facet normal 0.23895356876841436 0.6678304860262362 0.7049139195013814
    outer loop
      vertex 110.58787909559607 109.09083856087751 4
      vertex 111.50651604866744 110.87320142925525 2
      vertex 111.34943816497935 110.92940479473081 2
    endloop
  endfacet
  facet normal 0.17234410755703822 0.6880362451815814 0.7049139195013807
    outer loop
      vertex 110.92883509890731 108.96884255217624 4
      vertex 111.66834645257256 110.8326650233145 2
      vertex 111.50651604866744 110.87320142925525 2
    endloop
  endfacet
  facet normal 0.10407487837683113 0.7016158391770029 0.7049139195013797
    outer loop
      vertex 111.28010700577431 108.8808535200245 4
      vertex 111.83337086143973 110.80818596465727 2
      vertex 111.66834645257256 110.8326650233145 2
    endloop
  endfacet
  facet normal 0.03480335122489649 0.7084384890988863 0.704913919501384
    outer loop
      vertex 111.63831187570929 108.82771884690165 4
      vertex 112 110.8 2
      vertex 111.83337086143973 110.80818596465727 2
    endloop
  endfacet
  facet normal -0.03480335122489667 0.7084384890988898 0.7049139195013804
    outer loop
      vertex 112 108.80995024875622 4
      vertex 112.16662913856027 110.80818596465727 2
      vertex 112 110.8 2
    endloop
  endfacet
  facet normal -0.10407487837683053 0.701615839176999 0.7049139195013837
    outer loop
      vertex 112.36168812429071 108.82771884690165 4
      vertex 112.33165354742744 110.8326650233145 2
      vertex 112.16662913856027 110.80818596465727 2
    endloop
  endfacet
  facet normal -0.17234410755703866 0.688036245181583 0.7049139195013788
    outer loop
      vertex 112.33165354742744 110.8326650233145 2
      vertex 112.71989299422569 108.8808535200245 4
      vertex 112.49348395133256 110.87320142925525 2
    endloop
  endfacet
  facet normal -0.23895356876841478 0.6678304860262373 0.70491391950138
    outer loop
      vertex 112.49348395133256 110.87320142925525 2
      vertex 113.07116490109269 108.96884255217624 4
      vertex 112.65056183502065 110.92940479473081 2
    endloop
  endfacet
  facet normal -0.303261776487376 0.6411931542171359 0.704913919501382
    outer loop
      vertex 112.65056183502065 110.92940479473081 2
      vertex 113.41212090440393 109.09083856087751 4
      vertex 112.8013744526042 111.0007338506078 2
    endloop
  endfacet
  facet normal -0.36464940751888597 0.6083807818211572 0.7049139195013835
    outer loop
      vertex 112.8013744526042 111.0007338506078 2
      vertex 113.7394774114619 109.24566665787476 4
      vertex 112.94446939613334 111.08650165908567 2
    endloop
  endfacet
  facet normal -0.4225252654186036 0.5697093699213268 0.7049139195013696
    outer loop
      vertex 112.94446939613334 111.08650165908567 2
      vertex 114.05008180015238 109.43183576395624 4
      vertex 113.07846858307818 111.18588222928335 2
    endloop
  endfacet
  facet normal -0.47633197403622857 0.5255513453545253 0.7049139195013802
    outer loop
      vertex 113.07846858307818 111.18588222928335 2
      vertex 114.34094278041874 109.64755296886 4
      vertex 113.20208152801712 111.29791847198287 2
    endloop
  endfacet
  facet normal -0.5255513453544303 0.4763319740363237 0.7049139195013866
    outer loop
      vertex 113.20208152801712 111.29791847198287 2
      vertex 114.60925920202021 109.89074079797979 4
      vertex 113.31411777071668 111.42153141692181 2
    endloop
  endfacet
  facet normal -0.5697093699214513 0.422525265418425 0.7049139195013762
    outer loop
      vertex 113.31411777071668 111.42153141692181 2
      vertex 114.85244703114 110.15905721958121 4
      vertex 113.41349834091432 111.55553060386667 2
    endloop
  endfacet
  facet normal -0.6083807818210833 0.3646494075189988 0.7049139195013888
    outer loop
      vertex 113.41349834091432 111.55553060386667 2
      vertex 115.0681642360438 110.44991819984757 4
      vertex 113.49926614939221 111.6986255473958 2
    endloop
  endfacet
  facet normal -0.641193154217181 0.3032617764872766 0.7049139195013839
    outer loop
      vertex 113.49926614939221 111.6986255473958 2
      vertex 115.25433334212528 110.7605225885381 4
      vertex 113.57059520526917 111.84943816497935 2
    endloop
  endfacet
  facet normal -0.6678304860261768 0.2389535687685572 0.7049139195013892
    outer loop
      vertex 113.57059520526917 111.84943816497935 2
      vertex 115.4091614391225 111.08787909559608 4
      vertex 113.62679857074477 112.00651604866741 2
    endloop
  endfacet
  facet normal -0.6880362451816242 0.17234410755688273 0.7049139195013768
    outer loop
      vertex 113.62679857074477 112.00651604866741 2
      vertex 115.53115744782377 111.42883509890729 4
      vertex 113.66733497668548 112.16834645257258 2
    endloop
  endfacet
  facet normal -0.701615839176972 0.1040748783770078 0.7049139195013845
    outer loop
      vertex 113.66733497668548 112.16834645257258 2
      vertex 115.61914647997548 111.78010700577431 4
      vertex 113.69181403534276 112.33337086143975 2
    endloop
  endfacet
  facet normal -0.7084384890989015 0.03480335122471895 0.7049139195013774
    outer loop
      vertex 113.69181403534276 112.33337086143975 2
      vertex 115.67228115309837 112.13831187570928 4
      vertex 113.69999999999999 112.5 2
    endloop
  endfacet
  facet normal 0.5697093699213629 0.42252526541853824 0.7049139195013796
    outer loop
      vertex 108.9318357639562 110.44991819984757 4
      vertex 109.14755296886 110.15905721958121 4
      vertex 110.68588222928332 111.42153141692181 2
    endloop
  endfacet
  facet normal 0.6678304860262277 0.23895356876842488 0.7049139195013857
    outer loop
      vertex 108.46884255217623 111.42883509890729 4
      vertex 108.5908385608775 111.08787909559608 4
      vertex 110.42940479473083 111.84943816497935 2
    endloop
  endfacet
  facet normal 0.7084384890988976 0.03480335122477165 0.7049139195013786
    outer loop
      vertex 108.32771884690163 112.13831187570928 4
      vertex 110.30818596465724 112.33337086143975 2
      vertex 108.30995024875625 112.5 4
    endloop
  endfacet
  facet normal 0.6880362451816048 0.17234410755695276 0.7049139195013785
    outer loop
      vertex 108.46884255217623 111.42883509890729 4
      vertex 110.37320142925523 112.00651604866741 2
      vertex 108.38085352002452 111.78010700577431 4
    endloop
  endfacet
  facet normal 0.7016158391769849 0.10407487837693345 0.7049139195013826
    outer loop
      vertex 108.38085352002452 111.78010700577431 4
      vertex 110.33266502331452 112.16834645257258 2
      vertex 108.32771884690163 112.13831187570928 4
    endloop
  endfacet
  facet normal 0.6083807818211082 0.36464940751895947 0.7049139195013876
    outer loop
      vertex 108.74566665787472 110.7605225885381 4
      vertex 108.9318357639562 110.44991819984757 4
      vertex 110.58650165908568 111.55553060386667 2
    endloop
  endfacet
  facet normal 0.6411931542171591 0.3032617764873201 0.7049139195013849
    outer loop
      vertex 108.5908385608775 111.08787909559608 4
      vertex 108.74566665787472 110.7605225885381 4
      vertex 110.50073385060779 111.6986255473958 2
    endloop
  endfacet
  facet normal 0.5255513453545076 0.4763319740362422 0.7049139195013839
    outer loop
      vertex 109.14755296886 110.15905721958121 4
      vertex 109.39074079797979 109.89074079797979 4
      vertex 110.79791847198288 111.29791847198287 2
    endloop
  endfacet
  facet normal 0.4763319740362549 0.5255513453544938 0.7049139195013859
    outer loop
      vertex 109.6590572195812 109.64755296886 4
      vertex 110.92153141692182 111.18588222928335 2
      vertex 109.39074079797979 109.89074079797979 4
    endloop
  endfacet
  facet normal 0.422525265418434 0.5697093699214463 0.7049139195013747
    outer loop
      vertex 109.6590572195812 109.64755296886 4
      vertex 109.94991819984762 109.43183576395624 4
      vertex 111.05553060386666 111.08650165908567 2
    endloop
  endfacet
  facet normal 0.36464940751900005 0.6083807818210925 0.7049139195013803
    outer loop
      vertex 109.94991819984762 109.43183576395624 4
      vertex 110.2605225885381 109.24566665787476 4
      vertex 111.1986255473958 111.0007338506078 2
    endloop
  endfacet
  facet normal 0.3032617764873776 0.6411931542171351 0.7049139195013819
    outer loop
      vertex 110.2605225885381 109.24566665787476 4
      vertex 110.58787909559607 109.09083856087751 4
      vertex 111.34943816497935 110.92940479473081 2
    endloop
  endfacet
  facet normal 0.23895356876840015 0.6678304860262421 0.7049139195013804
    outer loop
      vertex 110.58787909559607 109.09083856087751 4
      vertex 110.92883509890731 108.96884255217624 4
      vertex 111.50651604866744 110.87320142925525 2
    endloop
  endfacet
  facet normal 0.17234410755701804 0.6880362451815876 0.7049139195013793
    outer loop
      vertex 110.92883509890731 108.96884255217624 4
      vertex 111.28010700577431 108.8808535200245 4
      vertex 111.66834645257256 110.8326650233145 2
    endloop
  endfacet
  facet normal 0.10407487837687494 0.7016158391769937 0.7049139195013827
    outer loop
      vertex 111.28010700577431 108.8808535200245 4
      vertex 111.63831187570929 108.82771884690165 4
      vertex 111.83337086143973 110.80818596465727 2
    endloop
  endfacet
  facet normal 0.03480335122485619 0.7084384890988908 0.7049139195013814
    outer loop
      vertex 111.63831187570929 108.82771884690165 4
      vertex 112 108.80995024875622 4
      vertex 112 110.8 2
    endloop
  endfacet
  facet normal -0.03480335122485611 0.7084384890988892 0.704913919501383
    outer loop
      vertex 112 108.80995024875622 4
      vertex 112.36168812429071 108.82771884690165 4
      vertex 112.16662913856027 110.80818596465727 2
    endloop
  endfacet
  facet normal -0.10407487837687522 0.7016158391769954 0.7049139195013808
    outer loop
      vertex 112.36168812429071 108.82771884690165 4
      vertex 112.71989299422569 108.8808535200245 4
      vertex 112.33165354742744 110.8326650233145 2
    endloop
  endfacet
  facet normal -0.17234410755701787 0.6880362451815868 0.7049139195013802
    outer loop
      vertex 112.49348395133256 110.87320142925525 2
      vertex 112.71989299422569 108.8808535200245 4
      vertex 113.07116490109269 108.96884255217624 4
    endloop
  endfacet
  facet normal -0.23895356876839996 0.6678304860262415 0.704913919501381
    outer loop
      vertex 113.07116490109269 108.96884255217624 4
      vertex 113.41212090440393 109.09083856087751 4
      vertex 112.65056183502065 110.92940479473081 2
    endloop
  endfacet
  facet normal -0.30326177648737773 0.6411931542171353 0.704913919501382
    outer loop
      vertex 112.8013744526042 111.0007338506078 2
      vertex 113.41212090440393 109.09083856087751 4
      vertex 113.7394774114619 109.24566665787476 4
    endloop
  endfacet
  facet normal -0.3646494075190029 0.6083807818210972 0.7049139195013748
    outer loop
      vertex 112.94446939613334 111.08650165908567 2
      vertex 113.7394774114619 109.24566665787476 4
      vertex 114.05008180015238 109.43183576395624 4
    endloop
  endfacet
  facet normal -0.4225252654184847 0.5697093699214033 0.704913919501379
    outer loop
      vertex 113.07846858307818 111.18588222928335 2
      vertex 114.05008180015238 109.43183576395624 4
      vertex 114.34094278041874 109.64755296886 4
    endloop
  endfacet
  facet normal -0.47633197403620164 0.5255513453545464 0.7049139195013824
    outer loop
      vertex 113.20208152801712 111.29791847198287 2
      vertex 114.34094278041874 109.64755296886 4
      vertex 114.60925920202021 109.89074079797979 4
    endloop
  endfacet
  facet normal -0.5255513453545111 0.47633197403624533 0.7049139195013793
    outer loop
      vertex 113.31411777071668 111.42153141692181 2
      vertex 114.60925920202021 109.89074079797979 4
      vertex 114.85244703114 110.15905721958121 4
    endloop
  endfacet
  facet normal -0.569709369921358 0.4225252654185346 0.7049139195013857
    outer loop
      vertex 113.41349834091432 111.55553060386667 2
      vertex 114.85244703114 110.15905721958121 4
      vertex 115.0681642360438 110.44991819984757 4
    endloop
  endfacet
  facet normal -0.6083807818211099 0.3646494075189604 0.7049139195013857
    outer loop
      vertex 113.49926614939221 111.6986255473958 2
      vertex 115.0681642360438 110.44991819984757 4
      vertex 115.25433334212528 110.7605225885381 4
    endloop
  endfacet
  facet normal -0.6411931542171573 0.3032617764873193 0.7049139195013873
    outer loop
      vertex 113.57059520526917 111.84943816497935 2
      vertex 115.25433334212528 110.7605225885381 4
      vertex 115.4091614391225 111.08787909559608 4
    endloop
  endfacet
  facet normal -0.6678304860262333 0.23895356876842688 0.7049139195013798
    outer loop
      vertex 113.62679857074477 112.00651604866741 2
      vertex 115.4091614391225 111.08787909559608 4
      vertex 115.53115744782377 111.42883509890729 4
    endloop
  endfacet
  facet normal -0.6880362451816018 0.172344107556952 0.7049139195013817
    outer loop
      vertex 113.66733497668548 112.16834645257258 2
      vertex 115.53115744782377 111.42883509890729 4
      vertex 115.61914647997548 111.78010700577431 4
    endloop
  endfacet
  facet normal -0.7016158391769879 0.1040748783769339 0.7049139195013794
    outer loop
      vertex 113.69181403534276 112.33337086143975 2
      vertex 115.61914647997548 111.78010700577431 4
      vertex 115.67228115309837 112.13831187570928 4
    endloop
  endfacet
  facet normal -0.7084384890988955 0.034803351224771545 0.7049139195013809
    outer loop
      vertex 115.67228115309837 112.13831187570928 4
      vertex 115.69004975124375 112.5 4
      vertex 113.69999999999999 112.5 2
    endloop
  endfacet
  facet normal 0.7084384890989015 -0.03480335122471895 0.7049139195013775
    outer loop
      vertex 108.32771884690163 112.86168812429072 4
      vertex 110.30000000000001 112.5 2
      vertex 110.30818596465724 112.66662913856025 2
    endloop
  endfacet
  facet normal 0.7016158391769721 -0.10407487837700781 0.7049139195013844
    outer loop
      vertex 108.38085352002452 113.21989299422569 4
      vertex 110.30818596465724 112.66662913856025 2
      vertex 110.33266502331452 112.83165354742742 2
    endloop
  endfacet
  facet normal 0.6880362451816242 -0.17234410755688273 0.7049139195013768
    outer loop
      vertex 108.46884255217623 113.57116490109271 4
      vertex 110.33266502331452 112.83165354742742 2
      vertex 110.37320142925523 112.99348395133259 2
    endloop
  endfacet
  facet normal 0.6678304860261768 -0.2389535687685572 0.7049139195013892
    outer loop
      vertex 108.5908385608775 113.91212090440392 4
      vertex 110.37320142925523 112.99348395133259 2
      vertex 110.42940479473083 113.15056183502065 2
    endloop
  endfacet
  facet normal 0.6411931542171811 -0.30326177648727665 0.7049139195013837
    outer loop
      vertex 108.74566665787472 114.2394774114619 4
      vertex 110.42940479473083 113.15056183502065 2
      vertex 110.50073385060779 113.3013744526042 2
    endloop
  endfacet
  facet normal 0.6083807818210833 -0.3646494075189988 0.7049139195013888
    outer loop
      vertex 110.50073385060779 113.3013744526042 2
      vertex 110.58650165908568 113.44446939613333 2
      vertex 108.9318357639562 114.55008180015243 4
    endloop
  endfacet
  facet normal 0.5697093699214513 -0.422525265418425 0.7049139195013762
    outer loop
      vertex 110.58650165908568 113.44446939613333 2
      vertex 110.68588222928332 113.57846858307819 2
      vertex 109.14755296886 114.84094278041879 4
    endloop
  endfacet
  facet normal 0.52555134535443 -0.47633197403632355 0.7049139195013868
    outer loop
      vertex 109.39074079797979 115.10925920202021 4
      vertex 110.68588222928332 113.57846858307819 2
      vertex 110.79791847198288 113.70208152801713 2
    endloop
  endfacet
  facet normal 0.47633197403622873 -0.5255513453545254 0.7049139195013799
    outer loop
      vertex 109.65905721958126 115.35244703114 4
      vertex 110.79791847198288 113.70208152801713 2
      vertex 110.92153141692182 113.81411777071665 2
    endloop
  endfacet
  facet normal 0.42252526541860363 -0.5697093699213268 0.7049139195013695
    outer loop
      vertex 109.94991819984762 115.56816423604376 4
      vertex 110.92153141692182 113.81411777071665 2
      vertex 111.05553060386666 113.91349834091433 2
    endloop
  endfacet
  facet normal 0.3646494075188859 -0.6083807818211571 0.7049139195013835
    outer loop
      vertex 110.2605225885381 115.75433334212524 4
      vertex 111.05553060386666 113.91349834091433 2
      vertex 111.1986255473958 113.9992661493922 2
    endloop
  endfacet
  facet normal 0.30326177648737607 -0.641193154217136 0.704913919501382
    outer loop
      vertex 110.58787909559607 115.90916143912249 4
      vertex 111.1986255473958 113.9992661493922 2
      vertex 111.34943816497935 114.07059520526919 2
    endloop
  endfacet
  facet normal 0.23895356876841478 -0.6678304860262373 0.70491391950138
    outer loop
      vertex 111.34943816497935 114.07059520526919 2
      vertex 111.50651604866744 114.12679857074475 2
      vertex 110.92883509890731 116.03115744782376 4
    endloop
  endfacet
  facet normal 0.17234410755703866 -0.688036245181583 0.7049139195013788
    outer loop
      vertex 111.50651604866744 114.12679857074475 2
      vertex 111.66834645257256 114.1673349766855 2
      vertex 111.28010700577431 116.1191464799755 4
    endloop
  endfacet
  facet normal 0.10407487837683053 -0.701615839176999 0.7049139195013837
    outer loop
      vertex 111.66834645257256 114.1673349766855 2
      vertex 111.83337086143973 114.19181403534273 2
      vertex 111.63831187570929 116.17228115309835 4
    endloop
  endfacet
  facet normal 0.03480335122489667 -0.7084384890988898 0.7049139195013804
    outer loop
      vertex 111.83337086143973 114.19181403534273 2
      vertex 112 114.2 2
      vertex 112 116.19004975124378 4
    endloop
  endfacet
  facet normal -0.03480335122489649 -0.7084384890988863 0.704913919501384
    outer loop
      vertex 112 114.2 2
      vertex 112.16662913856027 114.19181403534273 2
      vertex 112.36168812429071 116.17228115309835 4
    endloop
  endfacet
  facet normal -0.10407487837683113 -0.701615839177003 0.7049139195013797
    outer loop
      vertex 112.16662913856027 114.19181403534273 2
      vertex 112.33165354742744 114.1673349766855 2
      vertex 112.71989299422569 116.1191464799755 4
    endloop
  endfacet
  facet normal -0.1723441075570382 -0.6880362451815811 0.7049139195013807
    outer loop
      vertex 112.33165354742744 114.1673349766855 2
      vertex 112.49348395133256 114.12679857074475 2
      vertex 113.07116490109269 116.03115744782376 4
    endloop
  endfacet
  facet normal -0.2389535687684143 -0.667830486026236 0.7049139195013815
    outer loop
      vertex 112.49348395133256 114.12679857074475 2
      vertex 112.65056183502065 114.07059520526919 2
      vertex 113.41212090440393 115.90916143912249 4
    endloop
  endfacet
  facet normal -0.3032617764873761 -0.641193154217136 0.7049139195013818
    outer loop
      vertex 112.65056183502065 114.07059520526919 2
      vertex 112.8013744526042 113.9992661493922 2
      vertex 113.7394774114619 115.75433334212524 4
    endloop
  endfacet
  facet normal -0.3646494075188921 -0.6083807818211674 0.7049139195013716
    outer loop
      vertex 112.8013744526042 113.9992661493922 2
      vertex 112.94446939613334 113.91349834091433 2
      vertex 114.05008180015238 115.56816423604376 4
    endloop
  endfacet
  facet normal -0.47633197403622646 -0.525551345354523 0.7049139195013832
    outer loop
      vertex 113.07846858307818 113.81411777071665 2
      vertex 113.20208152801712 113.70208152801713 2
      vertex 114.60925920202021 115.10925920202021 4
    endloop
  endfacet
  facet normal -0.5255513453544377 -0.4763319740363305 0.7049139195013764
    outer loop
      vertex 113.20208152801712 113.70208152801713 2
      vertex 113.31411777071668 113.57846858307819 2
      vertex 114.85244703114 114.84094278041879 4
    endloop
  endfacet
  facet normal -0.7084384890988968 -0.03480335122471872 0.7049139195013823
    outer loop
      vertex 113.69999999999999 112.5 2
      vertex 115.69004975124375 112.5 4
      vertex 113.69181403534276 112.66662913856025 2
    endloop
  endfacet
  facet normal -0.7016158391769788 -0.1040748783770088 0.7049139195013776
    outer loop
      vertex 113.66733497668548 112.83165354742742 2
      vertex 113.69181403534276 112.66662913856025 2
      vertex 115.67228115309837 112.86168812429072 4
    endloop
  endfacet
  facet normal -0.6678304860261889 -0.2389535687685615 0.7049139195013763
    outer loop
      vertex 113.62679857074477 112.99348395133259 2
      vertex 115.53115744782377 113.57116490109271 4
      vertex 113.57059520526917 113.15056183502065 2
    endloop
  endfacet
  facet normal -0.6880362451816178 -0.17234410755688112 0.7049139195013834
    outer loop
      vertex 113.66733497668548 112.83165354742742 2
      vertex 115.61914647997548 113.21989299422569 4
      vertex 113.62679857074477 112.99348395133259 2
    endloop
  endfacet
  facet normal -0.608380781821087 -0.364649407519001 0.7049139195013846
    outer loop
      vertex 113.41349834091432 113.44446939613333 2
      vertex 113.49926614939221 113.3013744526042 2
      vertex 115.25433334212528 114.2394774114619 4
    endloop
  endfacet
  facet normal -0.5697093699214408 -0.4225252654184173 0.7049139195013892
    outer loop
      vertex 113.31411777071668 113.57846858307819 2
      vertex 113.41349834091432 113.44446939613333 2
      vertex 115.0681642360438 114.55008180015243 4
    endloop
  endfacet
  facet normal -0.641193154217177 -0.30326177648727465 0.7049139195013883
    outer loop
      vertex 113.49926614939221 113.3013744526042 2
      vertex 113.57059520526917 113.15056183502065 2
      vertex 115.4091614391225 113.91212090440392 4
    endloop
  endfacet
  facet normal -0.422525265418596 -0.5697093699213165 0.7049139195013825
    outer loop
      vertex 112.94446939613334 113.91349834091433 2
      vertex 113.07846858307818 113.81411777071665 2
      vertex 114.34094278041874 115.35244703114 4
    endloop
  endfacet
  facet normal 0.7084384890988955 -0.034803351224771545 0.7049139195013809
    outer loop
      vertex 108.30995024875625 112.5 4
      vertex 110.30000000000001 112.5 2
      vertex 108.32771884690163 112.86168812429072 4
    endloop
  endfacet
  facet normal 0.7016158391769879 -0.1040748783769339 0.7049139195013794
    outer loop
      vertex 108.32771884690163 112.86168812429072 4
      vertex 110.30818596465724 112.66662913856025 2
      vertex 108.38085352002452 113.21989299422569 4
    endloop
  endfacet
  facet normal 0.688036245181602 -0.17234410755695204 0.7049139195013817
    outer loop
      vertex 108.38085352002452 113.21989299422569 4
      vertex 110.33266502331452 112.83165354742742 2
      vertex 108.46884255217623 113.57116490109271 4
    endloop
  endfacet
  facet normal 0.6678304860262333 -0.23895356876842688 0.7049139195013797
    outer loop
      vertex 108.46884255217623 113.57116490109271 4
      vertex 110.37320142925523 112.99348395133259 2
      vertex 108.5908385608775 113.91212090440392 4
    endloop
  endfacet
  facet normal 0.6411931542171573 -0.3032617764873193 0.7049139195013872
    outer loop
      vertex 108.5908385608775 113.91212090440392 4
      vertex 110.42940479473083 113.15056183502065 2
      vertex 108.74566665787472 114.2394774114619 4
    endloop
  endfacet
  facet normal 0.60838078182111 -0.36464940751896047 0.7049139195013858
    outer loop
      vertex 108.74566665787472 114.2394774114619 4
      vertex 110.50073385060779 113.3013744526042 2
      vertex 108.9318357639562 114.55008180015243 4
    endloop
  endfacet
  facet normal 0.569709369921358 -0.4225252654185346 0.7049139195013857
    outer loop
      vertex 110.58650165908568 113.44446939613333 2
      vertex 109.14755296886 114.84094278041879 4
      vertex 108.9318357639562 114.55008180015243 4
    endloop
  endfacet
  facet normal 0.5255513453545112 -0.47633197403624544 0.7049139195013792
    outer loop
      vertex 109.14755296886 114.84094278041879 4
      vertex 110.68588222928332 113.57846858307819 2
      vertex 109.39074079797979 115.10925920202021 4
    endloop
  endfacet
  facet normal 0.47633197403620176 -0.5255513453545465 0.7049139195013824
    outer loop
      vertex 109.39074079797979 115.10925920202021 4
      vertex 110.79791847198288 113.70208152801713 2
      vertex 109.65905721958126 115.35244703114 4
    endloop
  endfacet
  facet normal 0.4225252654184847 -0.5697093699214033 0.704913919501379
    outer loop
      vertex 109.65905721958126 115.35244703114 4
      vertex 110.92153141692182 113.81411777071665 2
      vertex 109.94991819984762 115.56816423604376 4
    endloop
  endfacet
  facet normal 0.3646494075190029 -0.6083807818210972 0.7049139195013748
    outer loop
      vertex 109.94991819984762 115.56816423604376 4
      vertex 111.05553060386666 113.91349834091433 2
      vertex 110.2605225885381 115.75433334212524 4
    endloop
  endfacet
  facet normal 0.30326177648737773 -0.6411931542171353 0.704913919501382
    outer loop
      vertex 110.2605225885381 115.75433334212524 4
      vertex 111.1986255473958 113.9992661493922 2
      vertex 110.58787909559607 115.90916143912249 4
    endloop
  endfacet
  facet normal 0.23895356876839996 -0.6678304860262415 0.704913919501381
    outer loop
      vertex 110.58787909559607 115.90916143912249 4
      vertex 111.34943816497935 114.07059520526919 2
      vertex 110.92883509890731 116.03115744782376 4
    endloop
  endfacet
  facet normal 0.17234410755701787 -0.6880362451815868 0.7049139195013802
    outer loop
      vertex 111.50651604866744 114.12679857074475 2
      vertex 111.28010700577431 116.1191464799755 4
      vertex 110.92883509890731 116.03115744782376 4
    endloop
  endfacet
  facet normal 0.10407487837687522 -0.7016158391769954 0.7049139195013808
    outer loop
      vertex 111.66834645257256 114.1673349766855 2
      vertex 111.63831187570929 116.17228115309835 4
      vertex 111.28010700577431 116.1191464799755 4
    endloop
  endfacet
  facet normal 0.03480335122485611 -0.7084384890988892 0.704913919501383
    outer loop
      vertex 111.83337086143973 114.19181403534273 2
      vertex 112 116.19004975124378 4
      vertex 111.63831187570929 116.17228115309835 4
    endloop
  endfacet
  facet normal -0.03480335122485619 -0.7084384890988908 0.7049139195013814
    outer loop
      vertex 112 114.2 2
      vertex 112.36168812429071 116.17228115309835 4
      vertex 112 116.19004975124378 4
    endloop
  endfacet
  facet normal -0.10407487837687494 -0.7016158391769937 0.7049139195013827
    outer loop
      vertex 112.16662913856027 114.19181403534273 2
      vertex 112.71989299422569 116.1191464799755 4
      vertex 112.36168812429071 116.17228115309835 4
    endloop
  endfacet
  facet normal -0.17234410755701804 -0.6880362451815876 0.7049139195013793
    outer loop
      vertex 112.33165354742744 114.1673349766855 2
      vertex 113.07116490109269 116.03115744782376 4
      vertex 112.71989299422569 116.1191464799755 4
    endloop
  endfacet
  facet normal -0.23895356876840015 -0.6678304860262421 0.7049139195013804
    outer loop
      vertex 112.49348395133256 114.12679857074475 2
      vertex 113.41212090440393 115.90916143912249 4
      vertex 113.07116490109269 116.03115744782376 4
    endloop
  endfacet
  facet normal -0.3032617764873776 -0.6411931542171351 0.7049139195013819
    outer loop
      vertex 112.65056183502065 114.07059520526919 2
      vertex 113.7394774114619 115.75433334212524 4
      vertex 113.41212090440393 115.90916143912249 4
    endloop
  endfacet
  facet normal -0.36464940751900005 -0.6083807818210925 0.7049139195013803
    outer loop
      vertex 112.8013744526042 113.9992661493922 2
      vertex 114.05008180015238 115.56816423604376 4
      vertex 113.7394774114619 115.75433334212524 4
    endloop
  endfacet
  facet normal -0.42252526541848817 -0.569709369921408 0.704913919501373
    outer loop
      vertex 112.94446939613334 113.91349834091433 2
      vertex 114.34094278041874 115.35244703114 4
      vertex 114.05008180015238 115.56816423604376 4
    endloop
  endfacet
  facet normal -0.47633197403620275 -0.5255513453545476 0.7049139195013809
    outer loop
      vertex 113.07846858307818 113.81411777071665 2
      vertex 114.60925920202021 115.10925920202021 4
      vertex 114.34094278041874 115.35244703114 4
    endloop
  endfacet
  facet normal -0.5255513453545076 -0.4763319740362422 0.7049139195013839
    outer loop
      vertex 113.20208152801712 113.70208152801713 2
      vertex 114.85244703114 114.84094278041879 4
      vertex 114.60925920202021 115.10925920202021 4
    endloop
  endfacet
  facet normal -0.6083807818211084 -0.3646494075189595 0.7049139195013877
    outer loop
      vertex 113.41349834091432 113.44446939613333 2
      vertex 115.25433334212528 114.2394774114619 4
      vertex 115.0681642360438 114.55008180015243 4
    endloop
  endfacet
  facet normal -0.6411931542171591 -0.3032617764873201 0.7049139195013848
    outer loop
      vertex 113.49926614939221 113.3013744526042 2
      vertex 115.4091614391225 113.91212090440392 4
      vertex 115.25433334212528 114.2394774114619 4
    endloop
  endfacet
  facet normal -0.6678304860262277 -0.23895356876842488 0.7049139195013857
    outer loop
      vertex 113.57059520526917 113.15056183502065 2
      vertex 115.53115744782377 113.57116490109271 4
      vertex 115.4091614391225 113.91212090440392 4
    endloop
  endfacet
  facet normal -0.7084384890988976 -0.03480335122477165 0.7049139195013786
    outer loop
      vertex 113.69181403534276 112.66662913856025 2
      vertex 115.69004975124375 112.5 4
      vertex 115.67228115309837 112.86168812429072 4
    endloop
  endfacet
  facet normal -0.6880362451816048 -0.17234410755695276 0.7049139195013785
    outer loop
      vertex 113.62679857074477 112.99348395133259 2
      vertex 115.61914647997548 113.21989299422569 4
      vertex 115.53115744782377 113.57116490109271 4
    endloop
  endfacet
  facet normal -0.7016158391769849 -0.10407487837693345 0.7049139195013826
    outer loop
      vertex 113.66733497668548 112.83165354742742 2
      vertex 115.67228115309837 112.86168812429072 4
      vertex 115.61914647997548 113.21989299422569 4
    endloop
  endfacet
  facet normal -0.5697093699213629 -0.42252526541853824 0.7049139195013797
    outer loop
      vertex 113.31411777071668 113.57846858307819 2
      vertex 115.0681642360438 114.55008180015243 4
      vertex 114.85244703114 114.84094278041879 4
    endloop
  endfacet
  facet normal 0.608380781821079 0.36464940751901653 0.7049139195013834
    outer loop
      vertex 108.74566665787472 6.2605225885381 4
      vertex 110.58650165908568 7.055530603866677 2
      vertex 110.50073385060779 7.198625547395804 2
    endloop
  endfacet
  facet normal 0.5697093699214569 0.42252526541839286 0.7049139195013907
    outer loop
      vertex 108.9318357639562 5.949918199847571 4
      vertex 110.68588222928332 6.921531416921803 2
      vertex 110.58650165908568 7.055530603866677 2
    endloop
  endfacet
  facet normal 0.4225252654185768 0.5697093699213314 0.7049139195013819
    outer loop
      vertex 109.65905721958126 5.147552968859994 4
      vertex 111.05553060386666 6.586501659085673 2
      vertex 110.92153141692182 6.685882229283347 2
    endloop
  endfacet
  facet normal 0.5255513453544255 0.4763319740363468 0.7049139195013746
    outer loop
      vertex 109.14755296886 5.659057219581219 4
      vertex 110.79791847198288 6.797918471982869 2
      vertex 110.68588222928332 6.921531416921803 2
    endloop
  endfacet
  facet normal 0.47633197403623706 0.5255513453545138 0.704913919501383
    outer loop
      vertex 109.39074079797979 5.3907407979797926 4
      vertex 110.92153141692182 6.685882229283347 2
      vertex 110.79791847198288 6.797918471982869 2
    endloop
  endfacet
  facet normal 0.36464940751891844 0.6083807818211483 0.7049139195013745
    outer loop
      vertex 109.94991819984762 4.931835763956234 4
      vertex 111.1986255473958 6.500733850607796 2
      vertex 111.05553060386666 6.586501659085673 2
    endloop
  endfacet
  facet normal 0.30326177648736363 0.6411931542171416 0.7049139195013823
    outer loop
      vertex 110.2605225885381 4.7456666578747555 4
      vertex 111.34943816497935 6.429404794730813 2
      vertex 111.1986255473958 6.500733850607796 2
    endloop
  endfacet
  facet normal 0.23895356876841414 0.6678304860262355 0.704913919501382
    outer loop
      vertex 110.58787909559607 4.5908385608775095 4
      vertex 111.50651604866744 6.373201429255245 2
      vertex 111.34943816497935 6.429404794730813 2
    endloop
  endfacet
  facet normal 0.17234410755701648 0.688036245181585 0.7049139195013824
    outer loop
      vertex 111.50651604866744 6.373201429255245 2
      vertex 110.92883509890731 4.468842552176227 4
      vertex 111.66834645257256 6.332665023314508 2
    endloop
  endfacet
  facet normal 0.10407487837686422 0.7016158391769969 0.7049139195013809
    outer loop
      vertex 111.66834645257256 6.332665023314508 2
      vertex 111.28010700577431 4.380853520024503 4
      vertex 111.83337086143973 6.308185964657265 2
    endloop
  endfacet
  facet normal 0.03480335122486649 0.7084384890988906 0.704913919501381
    outer loop
      vertex 111.83337086143973 6.308185964657265 2
      vertex 111.63831187570929 4.3277188469016545 4
      vertex 112 6.3 2
    endloop
  endfacet
  facet normal -0.034803351224866476 0.7084384890988903 0.7049139195013815
    outer loop
      vertex 112 6.3 2
      vertex 112 4.309950248756224 4
      vertex 112.16662913856027 6.308185964657265 2
    endloop
  endfacet
  facet normal -0.10407487837686426 0.7016158391769971 0.7049139195013807
    outer loop
      vertex 112.16662913856027 6.308185964657265 2
      vertex 112.36168812429071 4.3277188469016545 4
      vertex 112.33165354742744 6.332665023314508 2
    endloop
  endfacet
  facet normal 0.7016158391769786 0.104074878377011 0.7049139195013776
    outer loop
      vertex 108.32771884690163 7.638311875709278 4
      vertex 110.33266502331452 7.668346452572582 2
      vertex 110.30818596465724 7.833370861439747 2
    endloop
  endfacet
  facet normal 0.7084384890988968 0.03480335122471872 0.7049139195013823
    outer loop
      vertex 108.30995024875625 8 4
      vertex 110.30818596465724 7.833370861439747 2
      vertex 110.30000000000001 8 2
    endloop
  endfacet
  facet normal 0.7084384890989015 -0.03480335122471895 0.7049139195013774
    outer loop
      vertex 108.32771884690163 8.36168812429072 4
      vertex 110.30000000000001 8 2
      vertex 110.30818596465724 8.166629138560253 2
    endloop
  endfacet
  facet normal 0.7016158391769718 -0.10407487837701 0.7049139195013845
    outer loop
      vertex 108.38085352002452 8.719892994225681 4
      vertex 110.30818596465724 8.166629138560253 2
      vertex 110.33266502331452 8.331653547427418 2
    endloop
  endfacet
  facet normal 0.6678304860261917 0.23895356876855306 0.7049139195013765
    outer loop
      vertex 108.46884255217623 6.9288350989072915 4
      vertex 110.42940479473083 7.349438164979348 2
      vertex 110.37320142925523 7.5065160486674145 2
    endloop
  endfacet
  facet normal 0.64119315421718 0.303261776487269 0.7049139195013878
    outer loop
      vertex 108.5908385608775 6.587879095596086 4
      vertex 110.50073385060779 7.198625547395804 2
      vertex 110.42940479473083 7.349438164979348 2
    endloop
  endfacet
  facet normal 0.6880362451816171 0.17234410755688473 0.7049139195013833
    outer loop
      vertex 108.38085352002452 7.280107005774318 4
      vertex 110.37320142925523 7.5065160486674145 2
      vertex 110.33266502331452 7.668346452572582 2
    endloop
  endfacet
  facet normal 0.6880362451816231 -0.17234410755688623 0.704913919501377
    outer loop
      vertex 108.46884255217623 9.07116490109271 4
      vertex 110.33266502331452 8.331653547427418 2
      vertex 110.37320142925523 8.493483951332585 2
    endloop
  endfacet
  facet normal 0.6678304860261808 -0.23895356876854784 0.7049139195013885
    outer loop
      vertex 108.5908385608775 9.412120904403913 4
      vertex 110.37320142925523 8.493483951332585 2
      vertex 110.42940479473083 8.650561835020653 2
    endloop
  endfacet
  facet normal 0.6411931542171846 -0.3032617764872711 0.7049139195013829
    outer loop
      vertex 108.74566665787472 9.7394774114619 4
      vertex 110.42940479473083 8.650561835020653 2
      vertex 110.50073385060779 8.801374452604197 2
    endloop
  endfacet
  facet normal 0.6083807818210724 -0.3646494075190148 0.7049139195013902
    outer loop
      vertex 110.50073385060779 8.801374452604197 2
      vertex 110.58650165908568 8.944469396133323 2
      vertex 108.9318357639562 10.05008180015243 4
    endloop
  endfacet
  facet normal 0.5697093699214715 -0.42252526541840085 0.7049139195013742
    outer loop
      vertex 110.58650165908568 8.944469396133323 2
      vertex 110.68588222928332 9.078468583078198 2
      vertex 109.14755296886 10.340942780418782 4
    endloop
  endfacet
  facet normal 0.5255513453544132 -0.4763319740363424 0.7049139195013868
    outer loop
      vertex 109.39074079797979 10.609259202020207 4
      vertex 110.68588222928332 9.078468583078198 2
      vertex 110.79791847198288 9.20208152801713 2
    endloop
  endfacet
  facet normal 0.47633197403624117 -0.5255513453545142 0.7049139195013798
    outer loop
      vertex 109.65905721958126 10.852447031140006 4
      vertex 110.79791847198288 9.20208152801713 2
      vertex 110.92153141692182 9.314117770716653 2
    endloop
  endfacet
  facet normal 0.4225252654185827 -0.5697093699213394 0.704913919501372
    outer loop
      vertex 109.94991819984762 11.068164236043765 4
      vertex 110.92153141692182 9.314117770716653 2
      vertex 111.05553060386666 9.413498340914327 2
    endloop
  endfacet
  facet normal 0.3646494075189139 -0.6083807818211407 0.7049139195013832
    outer loop
      vertex 110.2605225885381 11.254333342125244 4
      vertex 111.05553060386666 9.413498340914327 2
      vertex 111.1986255473958 9.499266149392204 2
    endloop
  endfacet
  facet normal 0.3032617764873633 -0.641193154217141 0.7049139195013829
    outer loop
      vertex 110.58787909559607 11.40916143912249 4
      vertex 111.1986255473958 9.499266149392204 2
      vertex 111.34943816497935 9.570595205269187 2
    endloop
  endfacet
  facet normal 0.2389535687684144 -0.6678304860262362 0.7049139195013813
    outer loop
      vertex 111.34943816497935 9.570595205269187 2
      vertex 111.50651604866744 9.626798570744755 2
      vertex 110.92883509890731 11.531157447823768 4
    endloop
  endfacet
  facet normal 0.17234410755701707 -0.6880362451815872 0.70491391950138
    outer loop
      vertex 111.50651604866744 9.626798570744755 2
      vertex 111.66834645257256 9.667334976685492 2
      vertex 111.28010700577431 11.619146479975498 4
    endloop
  endfacet
  facet normal 0.10407487837686052 -0.7016158391769974 0.7049139195013808
    outer loop
      vertex 111.66834645257256 9.667334976685492 2
      vertex 111.83337086143973 9.691814035342734 2
      vertex 111.63831187570929 11.672281153098345 4
    endloop
  endfacet
  facet normal 0.034803351224866476 -0.7084384890988903 0.7049139195013815
    outer loop
      vertex 111.83337086143973 9.691814035342734 2
      vertex 112 9.7 2
      vertex 112 11.690049751243775 4
    endloop
  endfacet
  facet normal -0.03480335122486649 -0.7084384890988906 0.704913919501381
    outer loop
      vertex 112 9.7 2
      vertex 112.16662913856027 9.691814035342734 2
      vertex 112.36168812429071 11.672281153098345 4
    endloop
  endfacet
  facet normal -0.1040748783768605 -0.7016158391769973 0.704913919501381
    outer loop
      vertex 112.33165354742744 9.667334976685492 2
      vertex 112.71989299422569 11.619146479975498 4
      vertex 112.16662913856027 9.691814035342734 2
    endloop
  endfacet
  facet normal -0.1723441075570171 0.6880362451815875 0.7049139195013798
    outer loop
      vertex 112.33165354742744 6.332665023314508 2
      vertex 112.71989299422569 4.380853520024503 4
      vertex 112.49348395133256 6.373201429255245 2
    endloop
  endfacet
  facet normal -0.2389535687684141 0.6678304860262354 0.704913919501382
    outer loop
      vertex 112.49348395133256 6.373201429255245 2
      vertex 113.07116490109269 4.468842552176227 4
      vertex 112.65056183502065 6.429404794730813 2
    endloop
  endfacet
  facet normal -0.3032617764873633 0.641193154217141 0.704913919501383
    outer loop
      vertex 112.65056183502065 6.429404794730813 2
      vertex 113.41212090440393 4.5908385608775095 4
      vertex 112.8013744526042 6.500733850607796 2
    endloop
  endfacet
  facet normal -0.3646494075189139 0.6083807818211407 0.7049139195013833
    outer loop
      vertex 112.8013744526042 6.500733850607796 2
      vertex 113.7394774114619 4.7456666578747555 4
      vertex 112.94446939613334 6.586501659085673 2
    endloop
  endfacet
  facet normal -0.4225252654185826 0.5697093699213392 0.7049139195013722
    outer loop
      vertex 112.94446939613334 6.586501659085673 2
      vertex 114.05008180015238 4.931835763956234 4
      vertex 113.07846858307818 6.685882229283347 2
    endloop
  endfacet
  facet normal -0.4763319740362391 0.5255513453545161 0.7049139195013797
    outer loop
      vertex 113.07846858307818 6.685882229283347 2
      vertex 114.34094278041874 5.147552968859994 4
      vertex 113.20208152801712 6.797918471982869 2
    endloop
  endfacet
  facet normal -0.5255513453544166 0.4763319740363387 0.7049139195013868
    outer loop
      vertex 113.20208152801712 6.797918471982869 2
      vertex 114.60925920202021 5.3907407979797926 4
      vertex 113.31411777071668 6.921531416921803 2
    endloop
  endfacet
  facet normal -0.56970936992147 0.4225252654184026 0.7049139195013743
    outer loop
      vertex 113.31411777071668 6.921531416921803 2
      vertex 114.85244703114 5.659057219581219 4
      vertex 113.41349834091432 7.055530603866677 2
    endloop
  endfacet
  facet normal -0.6083807818210734 0.3646494075190132 0.7049139195013902
    outer loop
      vertex 115.0681642360438 5.949918199847571 4
      vertex 113.49926614939221 7.198625547395804 2
      vertex 113.41349834091432 7.055530603866677 2
    endloop
  endfacet
  facet normal -0.6411931542171845 0.30326177648727104 0.7049139195013829
    outer loop
      vertex 115.25433334212528 6.2605225885381 4
      vertex 113.57059520526917 7.349438164979348 2
      vertex 113.49926614939221 7.198625547395804 2
    endloop
  endfacet
  facet normal -0.17234410755701648 -0.688036245181585 0.7049139195013824
    outer loop
      vertex 112.33165354742744 9.667334976685492 2
      vertex 112.49348395133256 9.626798570744755 2
      vertex 113.07116490109269 11.531157447823773 4
    endloop
  endfacet
  facet normal -0.23895356876841412 -0.6678304860262354 0.704913919501382
    outer loop
      vertex 112.49348395133256 9.626798570744755 2
      vertex 112.65056183502065 9.570595205269187 2
      vertex 113.41212090440393 11.40916143912249 4
    endloop
  endfacet
  facet normal -0.3032617764873637 -0.6411931542171416 0.7049139195013822
    outer loop
      vertex 112.65056183502065 9.570595205269187 2
      vertex 112.8013744526042 9.499266149392204 2
      vertex 113.7394774114619 11.254333342125244 4
    endloop
  endfacet
  facet normal -0.36464940751891844 -0.6083807818211483 0.7049139195013744
    outer loop
      vertex 112.8013744526042 9.499266149392204 2
      vertex 112.94446939613334 9.413498340914327 2
      vertex 114.05008180015238 11.068164236043765 4
    endloop
  endfacet
  facet normal -0.6678304860261803 0.238953568768549 0.7049139195013885
    outer loop
      vertex 115.4091614391225 6.587879095596086 4
      vertex 113.62679857074477 7.5065160486674145 2
      vertex 113.57059520526917 7.349438164979348 2
    endloop
  endfacet
  facet normal -0.6880362451816232 0.17234410755688628 0.7049139195013769
    outer loop
      vertex 115.53115744782377 6.9288350989072915 4
      vertex 113.66733497668548 7.668346452572582 2
      vertex 113.62679857074477 7.5065160486674145 2
    endloop
  endfacet
  facet normal -0.7016158391769718 0.10407487837701 0.7049139195013845
    outer loop
      vertex 113.66733497668548 7.668346452572582 2
      vertex 115.61914647997548 7.280107005774318 4
      vertex 113.69181403534276 7.833370861439747 2
    endloop
  endfacet
  facet normal -0.7084384890989015 0.03480335122471895 0.7049139195013774
    outer loop
      vertex 113.69181403534276 7.833370861439747 2
      vertex 115.67228115309837 7.638311875709278 4
      vertex 113.69999999999999 8 2
    endloop
  endfacet
  facet normal -0.7084384890988968 -0.03480335122471872 0.7049139195013823
    outer loop
      vertex 113.69999999999999 8 2
      vertex 115.69004975124375 8 4
      vertex 113.69181403534276 8.166629138560253 2
    endloop
  endfacet
  facet normal -0.7016158391769786 -0.104074878377011 0.7049139195013775
    outer loop
      vertex 113.66733497668548 8.331653547427418 2
      vertex 113.69181403534276 8.166629138560253 2
      vertex 115.67228115309837 8.36168812429072 4
    endloop
  endfacet
  facet normal -0.6678304860261919 -0.2389535687685518 0.7049139195013766
    outer loop
      vertex 113.62679857074477 8.493483951332585 2
      vertex 115.53115744782377 9.07116490109271 4
      vertex 113.57059520526917 8.650561835020653 2
    endloop
  endfacet
  facet normal -0.6880362451816171 -0.17234410755688473 0.7049139195013832
    outer loop
      vertex 113.66733497668548 8.331653547427418 2
      vertex 115.61914647997548 8.719892994225681 4
      vertex 113.62679857074477 8.493483951332585 2
    endloop
  endfacet
  facet normal -0.5255513453544222 -0.4763319740363506 0.7049139195013746
    outer loop
      vertex 113.20208152801712 9.20208152801713 2
      vertex 113.31411777071668 9.078468583078198 2
      vertex 114.85244703114 10.340942780418782 4
    endloop
  endfacet
  facet normal -0.4225252654185769 -0.5697093699213315 0.7049139195013819
    outer loop
      vertex 112.94446939613334 9.413498340914327 2
      vertex 113.07846858307818 9.314117770716653 2
      vertex 114.34094278041874 10.852447031140006 4
    endloop
  endfacet
  facet normal -0.47633197403623895 -0.5255513453545118 0.7049139195013832
    outer loop
      vertex 113.20208152801712 9.20208152801713 2
      vertex 114.60925920202021 10.609259202020207 4
      vertex 113.07846858307818 9.314117770716653 2
    endloop
  endfacet
  facet normal -0.6083807818210781 -0.3646494075190183 0.7049139195013833
    outer loop
      vertex 113.41349834091432 8.944469396133323 2
      vertex 113.49926614939221 8.801374452604197 2
      vertex 115.25433334212528 9.7394774114619 4
    endloop
  endfacet
  facet normal -0.5697093699214582 -0.4225252654183909 0.7049139195013908
    outer loop
      vertex 113.31411777071668 9.078468583078198 2
      vertex 113.41349834091432 8.944469396133323 2
      vertex 115.0681642360438 10.05008180015243 4
    endloop
  endfacet
  facet normal -0.64119315421718 -0.303261776487269 0.7049139195013878
    outer loop
      vertex 113.57059520526917 8.650561835020653 2
      vertex 115.4091614391225 9.412120904403913 4
      vertex 113.49926614939221 8.801374452604197 2
    endloop
  endfacet
  facet normal 0.6678304860262281 0.238953568768425 0.7049139195013854
    outer loop
      vertex 108.46884255217623 6.9288350989072915 4
      vertex 108.5908385608775 6.587879095596086 4
      vertex 110.42940479473083 7.349438164979348 2
    endloop
  endfacet
  facet normal 0.608380781821112 0.3646494075189523 0.7049139195013883
    outer loop
      vertex 108.74566665787472 6.2605225885381 4
      vertex 108.9318357639562 5.949918199847571 4
      vertex 110.58650165908568 7.055530603866677 2
    endloop
  endfacet
  facet normal 0.6411931542171599 0.3032617764873197 0.7049139195013844
    outer loop
      vertex 108.5908385608775 6.587879095596086 4
      vertex 108.74566665787472 6.2605225885381 4
      vertex 110.50073385060779 7.198625547395804 2
    endloop
  endfacet
  facet normal 0.5697093699213587 0.4225252654185454 0.7049139195013787
    outer loop
      vertex 108.9318357639562 5.949918199847571 4
      vertex 109.14755296886 5.659057219581219 4
      vertex 110.68588222928332 6.921531416921803 2
    endloop
  endfacet
  facet normal 0.525551345354508 0.47633197403624256 0.7049139195013835
    outer loop
      vertex 109.14755296886 5.659057219581219 4
      vertex 109.39074079797979 5.3907407979797926 4
      vertex 110.79791847198288 6.797918471982869 2
    endloop
  endfacet
  facet normal 0.47633197403621147 0.52555134535454 0.7049139195013807
    outer loop
      vertex 109.65905721958126 5.147552968859994 4
      vertex 110.92153141692182 6.685882229283347 2
      vertex 109.39074079797979 5.3907407979797926 4
    endloop
  endfacet
  facet normal 0.4225252654184951 0.569709369921401 0.7049139195013749
    outer loop
      vertex 109.65905721958126 5.147552968859994 4
      vertex 109.94991819984762 4.931835763956234 4
      vertex 111.05553060386666 6.586501659085673 2
    endloop
  endfacet
  facet normal 0.3646494075189985 0.6083807818210928 0.7049139195013809
    outer loop
      vertex 109.94991819984762 4.931835763956234 4
      vertex 110.2605225885381 4.7456666578747555 4
      vertex 111.1986255473958 6.500733850607796 2
    endloop
  endfacet
  facet normal 0.3032617764873717 0.6411931542171372 0.7049139195013827
    outer loop
      vertex 110.2605225885381 4.7456666578747555 4
      vertex 110.58787909559607 4.5908385608775095 4
      vertex 111.34943816497935 6.429404794730813 2
    endloop
  endfacet
  facet normal 0.238953568768415 0.667830486026235 0.704913919501382
    outer loop
      vertex 110.58787909559607 4.5908385608775095 4
      vertex 110.92883509890731 4.468842552176227 4
      vertex 111.50651604866744 6.373201429255245 2
    endloop
  endfacet
  facet normal 0.17234410755698998 0.6880362451815936 0.7049139195013806
    outer loop
      vertex 111.66834645257256 6.332665023314508 2
      vertex 110.92883509890731 4.468842552176227 4
      vertex 111.28010700577431 4.380853520024503 4
    endloop
  endfacet
  facet normal 0.1040748783768616 0.7016158391769974 0.7049139195013808
    outer loop
      vertex 111.83337086143973 6.308185964657265 2
      vertex 111.28010700577431 4.380853520024503 4
      vertex 111.63831187570929 4.3277188469016545 4
    endloop
  endfacet
  facet normal 0.03480335122487008 0.7084384890988903 0.7049139195013814
    outer loop
      vertex 112 6.3 2
      vertex 111.63831187570929 4.3277188469016545 4
      vertex 112 4.309950248756224 4
    endloop
  endfacet
  facet normal -0.03480335122487009 0.7084384890988904 0.7049139195013813
    outer loop
      vertex 112.16662913856027 6.308185964657265 2
      vertex 112 4.309950248756224 4
      vertex 112.36168812429071 4.3277188469016545 4
    endloop
  endfacet
  facet normal -0.10407487837686158 0.7016158391769973 0.7049139195013809
    outer loop
      vertex 112.33165354742744 6.332665023314508 2
      vertex 112.36168812429071 4.3277188469016545 4
      vertex 112.71989299422569 4.380853520024503 4
    endloop
  endfacet
  facet normal 0.7084384890988977 0.03480335122477174 0.7049139195013787
    outer loop
      vertex 108.32771884690163 7.638311875709278 4
      vertex 110.30818596465724 7.833370861439747 2
      vertex 108.30995024875625 8 4
    endloop
  endfacet
  facet normal 0.6880362451816048 0.17234410755695276 0.7049139195013786
    outer loop
      vertex 108.46884255217623 6.9288350989072915 4
      vertex 110.37320142925523 7.5065160486674145 2
      vertex 108.38085352002452 7.280107005774318 4
    endloop
  endfacet
  facet normal 0.7016158391769847 0.10407487837693497 0.7049139195013825
    outer loop
      vertex 108.38085352002452 7.280107005774318 4
      vertex 110.33266502331452 7.668346452572582 2
      vertex 108.32771884690163 7.638311875709278 4
    endloop
  endfacet
  facet normal 0.7084384890988955 -0.03480335122477172 0.7049139195013809
    outer loop
      vertex 108.30995024875625 8 4
      vertex 110.30000000000001 8 2
      vertex 108.32771884690163 8.36168812429072 4
    endloop
  endfacet
  facet normal 0.7016158391769879 -0.10407487837693544 0.7049139195013794
    outer loop
      vertex 108.32771884690163 8.36168812429072 4
      vertex 110.30818596465724 8.166629138560253 2
      vertex 108.38085352002452 8.719892994225681 4
    endloop
  endfacet
  facet normal 0.6880362451816023 -0.17234410755695126 0.7049139195013815
    outer loop
      vertex 108.38085352002452 8.719892994225681 4
      vertex 110.33266502331452 8.331653547427418 2
      vertex 108.46884255217623 9.07116490109271 4
    endloop
  endfacet
  facet normal 0.667830486026233 -0.23895356876842802 0.7049139195013798
    outer loop
      vertex 108.46884255217623 9.07116490109271 4
      vertex 110.37320142925523 8.493483951332585 2
      vertex 108.5908385608775 9.412120904403913 4
    endloop
  endfacet
  facet normal 0.6411931542171584 -0.30326177648731817 0.7049139195013866
    outer loop
      vertex 108.5908385608775 9.412120904403913 4
      vertex 110.42940479473083 8.650561835020653 2
      vertex 108.74566665787472 9.7394774114619 4
    endloop
  endfacet
  facet normal 0.6083807818211151 -0.3646494075189531 0.7049139195013852
    outer loop
      vertex 108.74566665787472 9.7394774114619 4
      vertex 110.50073385060779 8.801374452604197 2
      vertex 108.9318357639562 10.05008180015243 4
    endloop
  endfacet
  facet normal 0.5697093699213526 -0.4225252654185409 0.7049139195013864
    outer loop
      vertex 110.58650165908568 8.944469396133323 2
      vertex 109.14755296886 10.340942780418782 4
      vertex 108.9318357639562 10.05008180015243 4
    endloop
  endfacet
  facet normal 0.5255513453545106 -0.47633197403624805 0.7049139195013779
    outer loop
      vertex 109.14755296886 10.340942780418782 4
      vertex 110.68588222928332 9.078468583078198 2
      vertex 109.39074079797979 10.609259202020207 4
    endloop
  endfacet
  facet normal 0.47633197403621136 -0.525551345354538 0.7049139195013822
    outer loop
      vertex 109.39074079797979 10.609259202020207 4
      vertex 110.79791847198288 9.20208152801713 2
      vertex 109.65905721958126 10.852447031140006 4
    endloop
  endfacet
  facet normal 0.4225252654184913 -0.5697093699213981 0.7049139195013792
    outer loop
      vertex 109.65905721958126 10.852447031140006 4
      vertex 110.92153141692182 9.314117770716653 2
      vertex 109.94991819984762 11.068164236043765 4
    endloop
  endfacet
  facet normal 0.3646494075190019 -0.6083807818210956 0.7049139195013767
    outer loop
      vertex 109.94991819984762 11.068164236043765 4
      vertex 111.05553060386666 9.413498340914327 2
      vertex 110.2605225885381 11.254333342125244 4
    endloop
  endfacet
  facet normal 0.3032617764873718 -0.6411931542171375 0.7049139195013823
    outer loop
      vertex 110.2605225885381 11.254333342125244 4
      vertex 111.1986255473958 9.499266149392204 2
      vertex 110.58787909559607 11.40916143912249 4
    endloop
  endfacet
  facet normal 0.23895356876840582 -0.6678304860262385 0.7049139195013817
    outer loop
      vertex 110.58787909559607 11.40916143912249 4
      vertex 111.34943816497935 9.570595205269187 2
      vertex 110.92883509890731 11.531157447823768 4
    endloop
  endfacet
  facet normal 0.1723441075570013 -0.6880362451815901 0.7049139195013812
    outer loop
      vertex 111.50651604866744 9.626798570744755 2
      vertex 111.28010700577431 11.619146479975498 4
      vertex 110.92883509890731 11.531157447823768 4
    endloop
  endfacet
  facet normal 0.10407487837685817 -0.7016158391769978 0.704913919501381
    outer loop
      vertex 111.66834645257256 9.667334976685492 2
      vertex 111.63831187570929 11.672281153098345 4
      vertex 111.28010700577431 11.619146479975498 4
    endloop
  endfacet
  facet normal 0.03480335122487009 -0.7084384890988904 0.7049139195013813
    outer loop
      vertex 111.83337086143973 9.691814035342734 2
      vertex 112 11.690049751243775 4
      vertex 111.63831187570929 11.672281153098345 4
    endloop
  endfacet
  facet normal -0.03480335122487008 -0.7084384890988903 0.7049139195013814
    outer loop
      vertex 112 9.7 2
      vertex 112.36168812429071 11.672281153098345 4
      vertex 112 11.690049751243775 4
    endloop
  endfacet
  facet normal -0.10407487837685818 -0.7016158391769979 0.704913919501381
    outer loop
      vertex 112.16662913856027 9.691814035342734 2
      vertex 112.71989299422569 11.619146479975498 4
      vertex 112.36168812429071 11.672281153098345 4
    endloop
  endfacet
  facet normal -0.1723441075569897 0.6880362451815926 0.7049139195013818
    outer loop
      vertex 112.49348395133256 6.373201429255245 2
      vertex 112.71989299422569 4.380853520024503 4
      vertex 113.07116490109269 4.468842552176227 4
    endloop
  endfacet
  facet normal -0.23895356876841506 0.6678304860262352 0.7049139195013822
    outer loop
      vertex 112.65056183502065 6.429404794730813 2
      vertex 113.07116490109269 4.468842552176227 4
      vertex 113.41212090440393 4.5908385608775095 4
    endloop
  endfacet
  facet normal -0.3032617764873718 0.6411931542171375 0.7049139195013823
    outer loop
      vertex 112.8013744526042 6.500733850607796 2
      vertex 113.41212090440393 4.5908385608775095 4
      vertex 113.7394774114619 4.7456666578747555 4
    endloop
  endfacet
  facet normal -0.3646494075190006 0.6083807818210963 0.7049139195013768
    outer loop
      vertex 112.94446939613334 6.586501659085673 2
      vertex 113.7394774114619 4.7456666578747555 4
      vertex 114.05008180015238 4.931835763956234 4
    endloop
  endfacet
  facet normal -0.4225252654184924 0.5697093699213972 0.7049139195013794
    outer loop
      vertex 113.07846858307818 6.685882229283347 2
      vertex 114.05008180015238 4.931835763956234 4
      vertex 114.34094278041874 5.147552968859994 4
    endloop
  endfacet
  facet normal -0.47633197403621047 0.5255513453545388 0.7049139195013823
    outer loop
      vertex 113.20208152801712 6.797918471982869 2
      vertex 114.34094278041874 5.147552968859994 4
      vertex 114.60925920202021 5.3907407979797926 4
    endloop
  endfacet
  facet normal -0.525551345354512 0.47633197403624616 0.7049139195013779
    outer loop
      vertex 113.31411777071668 6.921531416921803 2
      vertex 114.60925920202021 5.3907407979797926 4
      vertex 114.85244703114 5.659057219581219 4
    endloop
  endfacet
  facet normal -0.5697093699213526 0.4225252654185409 0.7049139195013863
    outer loop
      vertex 114.85244703114 5.659057219581219 4
      vertex 115.0681642360438 5.949918199847571 4
      vertex 113.41349834091432 7.055530603866677 2
    endloop
  endfacet
  facet normal -0.6083807818211147 0.3646494075189539 0.7049139195013853
    outer loop
      vertex 115.0681642360438 5.949918199847571 4
      vertex 115.25433334212528 6.2605225885381 4
      vertex 113.49926614939221 7.198625547395804 2
    endloop
  endfacet
  facet normal -0.6411931542171578 0.3032617764873187 0.7049139195013866
    outer loop
      vertex 115.25433334212528 6.2605225885381 4
      vertex 115.4091614391225 6.587879095596086 4
      vertex 113.57059520526917 7.349438164979348 2
    endloop
  endfacet
  facet normal -0.6678304860262333 0.23895356876842688 0.7049139195013798
    outer loop
      vertex 115.4091614391225 6.587879095596086 4
      vertex 115.53115744782377 6.9288350989072915 4
      vertex 113.62679857074477 7.5065160486674145 2
    endloop
  endfacet
  facet normal -0.422525265418494 -0.5697093699214019 0.7049139195013747
    outer loop
      vertex 112.94446939613334 9.413498340914327 2
      vertex 114.34094278041874 10.852447031140006 4
      vertex 114.05008180015238 11.068164236043765 4
    endloop
  endfacet
  facet normal -0.4763319740362125 -0.5255513453545392 0.7049139195013807
    outer loop
      vertex 113.07846858307818 9.314117770716653 2
      vertex 114.60925920202021 10.609259202020207 4
      vertex 114.34094278041874 10.852447031140006 4
    endloop
  endfacet
  facet normal -0.5255513453545065 -0.47633197403624433 0.7049139195013836
    outer loop
      vertex 113.20208152801712 9.20208152801713 2
      vertex 114.85244703114 10.340942780418782 4
      vertex 114.60925920202021 10.609259202020207 4
    endloop
  endfacet
  facet normal -0.17234410755699156 -0.688036245181593 0.7049139195013806
    outer loop
      vertex 112.33165354742744 9.667334976685492 2
      vertex 113.07116490109269 11.531157447823773 4
      vertex 112.71989299422569 11.619146479975498 4
    endloop
  endfacet
  facet normal -0.23895356876841506 -0.6678304860262352 0.7049139195013822
    outer loop
      vertex 112.49348395133256 9.626798570744755 2
      vertex 113.41212090440393 11.40916143912249 4
      vertex 113.07116490109269 11.531157447823773 4
    endloop
  endfacet
  facet normal -0.3032617764873716 -0.6411931542171371 0.7049139195013827
    outer loop
      vertex 112.65056183502065 9.570595205269187 2
      vertex 113.7394774114619 11.254333342125244 4
      vertex 113.41212090440393 11.40916143912249 4
    endloop
  endfacet
  facet normal -0.3646494075189997 -0.608380781821092 0.7049139195013808
    outer loop
      vertex 112.8013744526042 9.499266149392204 2
      vertex 114.05008180015238 11.068164236043765 4
      vertex 113.7394774114619 11.254333342125244 4
    endloop
  endfacet
  facet normal -0.688036245181602 0.17234410755695204 0.7049139195013815
    outer loop
      vertex 115.53115744782377 6.9288350989072915 4
      vertex 115.61914647997548 7.280107005774318 4
      vertex 113.66733497668548 7.668346452572582 2
    endloop
  endfacet
  facet normal -0.7016158391769879 0.10407487837693544 0.7049139195013795
    outer loop
      vertex 113.69181403534276 7.833370861439747 2
      vertex 115.61914647997548 7.280107005774318 4
      vertex 115.67228115309837 7.638311875709278 4
    endloop
  endfacet
  facet normal -0.7084384890988954 0.03480335122477163 0.7049139195013809
    outer loop
      vertex 113.69999999999999 8 2
      vertex 115.67228115309837 7.638311875709278 4
      vertex 115.69004975124375 8 4
    endloop
  endfacet
  facet normal -0.7084384890988977 -0.03480335122477182 0.7049139195013787
    outer loop
      vertex 113.69181403534276 8.166629138560253 2
      vertex 115.69004975124375 8 4
      vertex 115.67228115309837 8.36168812429072 4
    endloop
  endfacet
  facet normal -0.688036245181605 -0.17234410755695193 0.7049139195013786
    outer loop
      vertex 113.62679857074477 8.493483951332585 2
      vertex 115.61914647997548 8.719892994225681 4
      vertex 115.53115744782377 9.07116490109271 4
    endloop
  endfacet
  facet normal -0.7016158391769848 -0.10407487837693499 0.7049139195013826
    outer loop
      vertex 113.66733497668548 8.331653547427418 2
      vertex 115.67228115309837 8.36168812429072 4
      vertex 115.61914647997548 8.719892994225681 4
    endloop
  endfacet
  facet normal -0.6083807818211124 -0.36464940751895153 0.7049139195013883
    outer loop
      vertex 113.41349834091432 8.944469396133323 2
      vertex 115.25433334212528 9.7394774114619 4
      vertex 115.0681642360438 10.05008180015243 4
    endloop
  endfacet
  facet normal -0.6678304860262277 -0.23895356876842613 0.7049139195013853
    outer loop
      vertex 113.57059520526917 8.650561835020653 2
      vertex 115.53115744782377 9.07116490109271 4
      vertex 115.4091614391225 9.412120904403913 4
    endloop
  endfacet
  facet normal -0.6411931542171604 -0.3032617764873191 0.7049139195013844
    outer loop
      vertex 113.49926614939221 8.801374452604197 2
      vertex 115.4091614391225 9.412120904403913 4
      vertex 115.25433334212528 9.7394774114619 4
    endloop
  endfacet
  facet normal -0.5697093699213587 -0.4225252654185454 0.7049139195013786
    outer loop
      vertex 113.31411777071668 9.078468583078198 2
      vertex 115.0681642360438 10.05008180015243 4
      vertex 114.85244703114 10.340942780418782 4
    endloop
  endfacet
  facet normal 0.6411931542171377 0.3032617764873769 0.70491391950138
    outer loop
      vertex 4.590838560877501 215.5878790955961 4
      vertex 6.500733850607787 216.1986255473958 2
      vertex 6.4294047947308 216.34943816497935 2
    endloop
  endfacet
  facet normal 0.569709369921424 0.422525265418436 0.7049139195013916
    outer loop
      vertex 4.931835763956201 214.94991819984756 4
      vertex 6.685882229283351 215.9215314169218 2
      vertex 6.586501659085684 216.05553060386669 2
    endloop
  endfacet
  facet normal 0.6083807818210776 0.3646494075190316 0.7049139195013768
    outer loop
      vertex 4.74566665787475 215.26052258853812 4
      vertex 6.586501659085684 216.05553060386669 2
      vertex 6.500733850607787 216.1986255473958 2
    endloop
  endfacet
  facet normal 0.47633197403631644 0.5255513453544347 0.7049139195013883
    outer loop
      vertex 5.390740797979788 214.3907407979798 4
      vertex 6.921531416921795 215.68588222928335 2
      vertex 6.797918471982882 215.79791847198288 2
    endloop
  endfacet
  facet normal 0.4225252654184442 0.569709369921435 0.7049139195013776
    outer loop
      vertex 5.6590572195812285 214.14755296886 4
      vertex 7.055530603866686 215.58650165908568 2
      vertex 6.921531416921795 215.68588222928335 2
    endloop
  endfacet
  facet normal 0.5255513453544429 0.4763319740363239 0.7049139195013769
    outer loop
      vertex 5.147552968859998 214.65905721958123 4
      vertex 6.797918471982882 215.79791847198288 2
      vertex 6.685882229283351 215.9215314169218 2
    endloop
  endfacet
  facet normal 0.6880362451816169 0.17234410755686577 0.704913919501388
    outer loop
      vertex 4.380853520024488 216.28010700577434 4
      vertex 6.373201429255232 216.5065160486674 2
      vertex 6.332665023314519 216.6683464525726 2
    endloop
  endfacet
  facet normal 0.6678304860262246 0.23895356876845347 0.704913919501379
    outer loop
      vertex 4.468842552176227 215.92883509890729 4
      vertex 6.4294047947308 216.34943816497935 2
      vertex 6.373201429255232 216.5065160486674 2
    endloop
  endfacet
  facet normal 0.7016158391769928 0.10407487837689003 0.7049139195013813
    outer loop
      vertex 4.327718846901661 216.63831187570926 4
      vertex 6.332665023314519 216.6683464525726 2
      vertex 6.3081859646572696 216.83337086143976 2
    endloop
  endfacet
  facet normal 0.7084384890988887 0.03480335122484213 0.7049139195013843
    outer loop
      vertex 4.309950248756223 217 4
      vertex 6.3081859646572696 216.83337086143976 2
      vertex 6.300000000000011 217 2
    endloop
  endfacet
  facet normal 0.7084384890988923 -0.0348033512248423 0.7049139195013807
    outer loop
      vertex 4.327718846901661 217.36168812429074 4
      vertex 6.300000000000011 217 2
      vertex 6.3081859646572696 217.16662913856024 2
    endloop
  endfacet
  facet normal 0.7016158391769879 -0.10407487837688932 0.7049139195013862
    outer loop
      vertex 4.380853520024488 217.71989299422566 4
      vertex 6.3081859646572696 217.16662913856024 2
      vertex 6.332665023314519 217.3316535474274 2
    endloop
  endfacet
  facet normal 0.6880362451816281 -0.17234410755686855 0.7049139195013765
    outer loop
      vertex 6.332665023314519 217.3316535474274 2
      vertex 6.373201429255232 217.4934839513326 2
      vertex 4.468842552176227 218.07116490109271 4
    endloop
  endfacet
  facet normal 0.667830486026223 -0.2389535687684529 0.7049139195013808
    outer loop
      vertex 6.373201429255232 217.4934839513326 2
      vertex 6.4294047947308 217.65056183502065 2
      vertex 4.590838560877501 218.4121209044039 4
    endloop
  endfacet
  facet normal 0.3646494075190259 0.6083807818210683 0.7049139195013878
    outer loop
      vertex 5.949918199847559 213.93183576395623 4
      vertex 7.198625547395807 215.5007338506078 2
      vertex 7.055530603866686 215.58650165908568 2
    endloop
  endfacet
  facet normal 0.30326177648737707 0.6411931542171381 0.7049139195013797
    outer loop
      vertex 6.260522588538123 213.74566665787475 4
      vertex 7.349438164979347 215.4294047947308 2
      vertex 7.198625547395807 215.5007338506078 2
    endloop
  endfacet
  facet normal 0.23895356876845286 0.6678304860262229 0.7049139195013808
    outer loop
      vertex 6.587879095596094 213.5908385608775 4
      vertex 7.506516048667407 215.37320142925523 2
      vertex 7.349438164979347 215.4294047947308 2
    endloop
  endfacet
  facet normal 0.17234410755686863 0.6880362451816283 0.7049139195013764
    outer loop
      vertex 6.928835098907285 213.46884255217623 4
      vertex 7.668346452572592 215.33266502331452 2
      vertex 7.506516048667407 215.37320142925523 2
    endloop
  endfacet
  facet normal 0.641193154217136 -0.3032617764873761 0.7049139195013818
    outer loop
      vertex 6.4294047947308 217.65056183502065 2
      vertex 6.500733850607787 217.8013744526042 2
      vertex 4.74566665787475 218.7394774114619 4
    endloop
  endfacet
  facet normal 0.6083807818210683 -0.36464940751902597 0.7049139195013878
    outer loop
      vertex 6.500733850607787 217.8013744526042 2
      vertex 6.586501659085684 217.94446939613331 2
      vertex 4.931835763956229 219.05008180015244 4
    endloop
  endfacet
  facet normal 0.569709369921435 -0.42252526541844415 0.7049139195013778
    outer loop
      vertex 6.586501659085684 217.94446939613331 2
      vertex 6.685882229283351 218.0784685830782 2
      vertex 5.147552968859998 219.34094278041877 4
    endloop
  endfacet
  facet normal 0.5255513453544346 -0.4763319740363163 0.7049139195013884
    outer loop
      vertex 5.390740797979788 219.6092592020202 4
      vertex 6.685882229283351 218.0784685830782 2
      vertex 6.797918471982882 218.20208152801712 2
    endloop
  endfacet
  facet normal 0.4763319740363239 -0.5255513453544429 0.7049139195013769
    outer loop
      vertex 6.797918471982882 218.20208152801712 2
      vertex 6.921531416921795 218.31411777071665 2
      vertex 5.6590572195812285 219.85244703114 4
    endloop
  endfacet
  facet normal 0.4225252654184384 -0.5697093699214272 0.7049139195013875
    outer loop
      vertex 6.921531416921795 218.31411777071665 2
      vertex 7.055530603866686 218.41349834091432 2
      vertex 5.949918199847559 220.06816423604377 4
    endloop
  endfacet
  facet normal 0.3646494075190316 -0.6083807818210776 0.7049139195013768
    outer loop
      vertex 7.055530603866686 218.41349834091432 2
      vertex 7.198625547395807 218.4992661493922 2
      vertex 6.260522588538123 220.25433334212525 4
    endloop
  endfacet
  facet normal 0.30326177648737696 -0.6411931542171379 0.7049139195013799
    outer loop
      vertex 7.198625547395807 218.4992661493922 2
      vertex 7.349438164979347 218.5705952052692 2
      vertex 6.587879095596094 220.4091614391225 4
    endloop
  endfacet
  facet normal 0.23895356876845347 -0.6678304860262246 0.704913919501379
    outer loop
      vertex 7.349438164979347 218.5705952052692 2
      vertex 7.506516048667407 218.62679857074477 2
      vertex 6.928835098907285 220.53115744782377 4
    endloop
  endfacet
  facet normal 0.17234410755686577 -0.6880362451816169 0.704913919501388
    outer loop
      vertex 7.28010700577434 220.6191464799755 4
      vertex 7.506516048667407 218.62679857074477 2
      vertex 7.668346452572592 218.66733497668548 2
    endloop
  endfacet
  facet normal 0.10407487837688931 0.7016158391769879 0.7049139195013862
    outer loop
      vertex 7.28010700577434 213.3808535200245 4
      vertex 7.833370861439761 215.30818596465727 2
      vertex 7.668346452572592 215.33266502331452 2
    endloop
  endfacet
  facet normal 0.034803351224842294 0.7084384890988922 0.7049139195013807
    outer loop
      vertex 7.638311875709263 213.32771884690166 4
      vertex 8 215.3 2
      vertex 7.833370861439761 215.30818596465727 2
    endloop
  endfacet
  facet normal -0.03480335122484213 0.7084384890988887 0.7049139195013843
    outer loop
      vertex 8 213.30995024875622 4
      vertex 8.16662913856024 215.30818596465727 2
      vertex 8 215.3 2
    endloop
  endfacet
  facet normal -0.10407487837689001 0.7016158391769927 0.7049139195013813
    outer loop
      vertex 8.361688124290737 213.32771884690166 4
      vertex 8.331653547427408 215.33266502331452 2
      vertex 8.16662913856024 215.30818596465727 2
    endloop
  endfacet
  facet normal -0.17234410755686577 0.6880362451816169 0.704913919501388
    outer loop
      vertex 8.71989299422566 213.3808535200245 4
      vertex 8.493483951332593 215.37320142925523 2
      vertex 8.331653547427408 215.33266502331452 2
    endloop
  endfacet
  facet normal -0.23895356876845347 0.6678304860262246 0.7049139195013789
    outer loop
      vertex 9.071164901092715 213.46884255217623 4
      vertex 8.650561835020653 215.4294047947308 2
      vertex 8.493483951332593 215.37320142925523 2
    endloop
  endfacet
  facet normal -0.303261776487377 0.6411931542171379 0.7049139195013799
    outer loop
      vertex 8.650561835020653 215.4294047947308 2
      vertex 9.412120904403906 213.5908385608775 4
      vertex 8.801374452604193 215.5007338506078 2
    endloop
  endfacet
  facet normal -0.3646494075190316 0.6083807818210776 0.7049139195013769
    outer loop
      vertex 8.801374452604193 215.5007338506078 2
      vertex 9.739477411461877 213.74566665787475 4
      vertex 8.944469396133314 215.58650165908568 2
    endloop
  endfacet
  facet normal -0.4225252654184384 0.5697093699214272 0.7049139195013875
    outer loop
      vertex 8.944469396133314 215.58650165908568 2
      vertex 10.05008180015244 213.93183576395623 4
      vertex 9.078468583078205 215.68588222928335 2
    endloop
  endfacet
  facet normal -0.4763319740363239 0.5255513453544429 0.7049139195013769
    outer loop
      vertex 9.078468583078205 215.68588222928335 2
      vertex 10.340942780418771 214.14755296886 4
      vertex 9.202081528017118 215.79791847198288 2
    endloop
  endfacet
  facet normal -0.5255513453544348 0.4763319740363165 0.7049139195013883
    outer loop
      vertex 9.202081528017118 215.79791847198288 2
      vertex 10.609259202020212 214.3907407979798 4
      vertex 9.31411777071665 215.9215314169218 2
    endloop
  endfacet
  facet normal -0.569709369921435 0.4225252654184442 0.7049139195013777
    outer loop
      vertex 9.31411777071665 215.9215314169218 2
      vertex 10.852447031140002 214.65905721958123 4
      vertex 9.413498340914316 216.05553060386669 2
    endloop
  endfacet
  facet normal -0.6083807818210683 0.36464940751902597 0.7049139195013878
    outer loop
      vertex 9.413498340914316 216.05553060386669 2
      vertex 11.06816423604377 214.94991819984756 4
      vertex 9.499266149392213 216.1986255473958 2
    endloop
  endfacet
  facet normal -0.641193154217138 0.303261776487377 0.7049139195013798
    outer loop
      vertex 9.499266149392213 216.1986255473958 2
      vertex 11.25433334212525 215.26052258853812 4
      vertex 9.5705952052692 216.34943816497935 2
    endloop
  endfacet
  facet normal -0.667830486026223 0.2389535687684529 0.7049139195013808
    outer loop
      vertex 9.5705952052692 216.34943816497935 2
      vertex 11.4091614391225 215.5878790955961 4
      vertex 9.626798570744768 216.5065160486674 2
    endloop
  endfacet
  facet normal -0.6880362451816281 0.17234410755686858 0.7049139195013765
    outer loop
      vertex 9.626798570744768 216.5065160486674 2
      vertex 11.531157447823773 215.92883509890729 4
      vertex 9.667334976685481 216.6683464525726 2
    endloop
  endfacet
  facet normal -0.6880362451816169 -0.17234410755686577 0.704913919501388
    outer loop
      vertex 9.626798570744768 217.4934839513326 2
      vertex 9.667334976685481 217.3316535474274 2
      vertex 11.619146479975512 217.71989299422566 4
    endloop
  endfacet
  facet normal -0.6411931542171379 -0.30326177648737696 0.7049139195013799
    outer loop
      vertex 9.5705952052692 217.65056183502065 2
      vertex 11.4091614391225 218.4121209044039 4
      vertex 9.499266149392213 217.8013744526042 2
    endloop
  endfacet
  facet normal -0.6678304860262246 -0.23895356876845347 0.704913919501379
    outer loop
      vertex 9.5705952052692 217.65056183502065 2
      vertex 9.626798570744768 217.4934839513326 2
      vertex 11.531157447823773 218.07116490109271 4
    endloop
  endfacet
  facet normal -0.7016158391769879 0.10407487837688931 0.7049139195013862
    outer loop
      vertex 9.667334976685481 216.6683464525726 2
      vertex 11.619146479975512 216.28010700577434 4
      vertex 9.69181403534273 216.83337086143976 2
    endloop
  endfacet
  facet normal -0.7084384890988923 0.0348033512248423 0.7049139195013807
    outer loop
      vertex 9.69181403534273 216.83337086143976 2
      vertex 11.67228115309834 216.63831187570926 4
      vertex 9.699999999999989 217 2
    endloop
  endfacet
  facet normal -0.7084384890988887 -0.03480335122484213 0.7049139195013843
    outer loop
      vertex 9.699999999999989 217 2
      vertex 11.690049751243777 217 4
      vertex 9.69181403534273 217.16662913856024 2
    endloop
  endfacet
  facet normal -0.7016158391769928 -0.10407487837689003 0.7049139195013813
    outer loop
      vertex 9.69181403534273 217.16662913856024 2
      vertex 11.67228115309834 217.36168812429074 4
      vertex 9.667334976685481 217.3316535474274 2
    endloop
  endfacet
  facet normal 0.10407487837689003 -0.7016158391769928 0.7049139195013813
    outer loop
      vertex 7.668346452572592 218.66733497668548 2
      vertex 7.833370861439761 218.69181403534273 2
      vertex 7.638311875709263 220.67228115309834 4
    endloop
  endfacet
  facet normal 0.03480335122484213 -0.7084384890988887 0.7049139195013843
    outer loop
      vertex 7.833370861439761 218.69181403534273 2
      vertex 8 218.7 2
      vertex 8 220.69004975124378 4
    endloop
  endfacet
  facet normal -0.0348033512248423 -0.7084384890988923 0.7049139195013807
    outer loop
      vertex 8 218.7 2
      vertex 8.16662913856024 218.69181403534273 2
      vertex 8.361688124290737 220.67228115309834 4
    endloop
  endfacet
  facet normal -0.10407487837688931 -0.7016158391769879 0.7049139195013862
    outer loop
      vertex 8.16662913856024 218.69181403534273 2
      vertex 8.331653547427408 218.66733497668548 2
      vertex 8.71989299422566 220.6191464799755 4
    endloop
  endfacet
  facet normal -0.17234410755686858 -0.6880362451816281 0.7049139195013765
    outer loop
      vertex 8.331653547427408 218.66733497668548 2
      vertex 8.493483951332593 218.62679857074477 2
      vertex 9.071164901092715 220.53115744782377 4
    endloop
  endfacet
  facet normal -0.2389535687684529 -0.667830486026223 0.7049139195013808
    outer loop
      vertex 8.493483951332593 218.62679857074477 2
      vertex 8.650561835020653 218.5705952052692 2
      vertex 9.412120904403906 220.4091614391225 4
    endloop
  endfacet
  facet normal -0.303261776487377 -0.641193154217138 0.7049139195013798
    outer loop
      vertex 8.650561835020653 218.5705952052692 2
      vertex 8.801374452604193 218.4992661493922 2
      vertex 9.739477411461877 220.25433334212525 4
    endloop
  endfacet
  facet normal -0.36464940751902597 -0.6083807818210683 0.7049139195013878
    outer loop
      vertex 8.801374452604193 218.4992661493922 2
      vertex 8.944469396133314 218.41349834091432 2
      vertex 10.05008180015244 220.06816423604377 4
    endloop
  endfacet
  facet normal -0.4763319740363165 -0.5255513453544348 0.7049139195013883
    outer loop
      vertex 9.078468583078205 218.31411777071665 2
      vertex 9.202081528017118 218.20208152801712 2
      vertex 10.609259202020212 219.6092592020202 4
    endloop
  endfacet
  facet normal -0.5255513453544429 -0.4763319740363239 0.7049139195013769
    outer loop
      vertex 9.202081528017118 218.20208152801712 2
      vertex 9.31411777071665 218.0784685830782 2
      vertex 10.852447031140002 219.34094278041877 4
    endloop
  endfacet
  facet normal -0.42252526541844415 -0.569709369921435 0.7049139195013778
    outer loop
      vertex 9.078468583078205 218.31411777071665 2
      vertex 10.340942780418771 219.85244703114 4
      vertex 8.944469396133314 218.41349834091432 2
    endloop
  endfacet
  facet normal -0.5697093699214272 -0.4225252654184384 0.7049139195013875
    outer loop
      vertex 9.413498340914316 217.94446939613331 2
      vertex 11.06816423604377 219.05008180015244 4
      vertex 9.31411777071665 218.0784685830782 2
    endloop
  endfacet
  facet normal -0.6083807818210776 -0.3646494075190316 0.7049139195013768
    outer loop
      vertex 9.413498340914316 217.94446939613331 2
      vertex 9.499266149392213 217.8013744526042 2
      vertex 11.25433334212525 218.73947741146188 4
    endloop
  endfacet
  facet normal 0.5697093699213417 0.4225252654185638 0.7049139195013815
    outer loop
      vertex 5.147552968859998 214.65905721958123 4
      vertex 6.685882229283351 215.9215314169218 2
      vertex 4.931835763956201 214.94991819984756 4
    endloop
  endfacet
  facet normal 0.6411931542171371 0.30326177648737856 0.7049139195013797
    outer loop
      vertex 4.590838560877501 215.5878790955961 4
      vertex 4.74566665787475 215.26052258853812 4
      vertex 6.500733850607787 216.1986255473958 2
    endloop
  endfacet
  facet normal 0.6678304860262296 0.23895356876843554 0.7049139195013803
    outer loop
      vertex 4.590838560877501 215.5878790955961 4
      vertex 6.4294047947308 216.34943816497935 2
      vertex 4.468842552176227 215.92883509890729 4
    endloop
  endfacet
  facet normal 0.6083807818211546 0.3646494075188815 0.704913919501388
    outer loop
      vertex 4.74566665787475 215.26052258853812 4
      vertex 4.931835763956201 214.94991819984756 4
      vertex 6.586501659085684 216.05553060386669 2
    endloop
  endfacet
  facet normal 0.701615839176997 0.1040748783768363 0.7049139195013849
    outer loop
      vertex 4.327718846901661 216.63831187570926 4
      vertex 4.380853520024488 216.28010700577434 4
      vertex 6.332665023314519 216.6683464525726 2
    endloop
  endfacet
  facet normal 0.688036245181594 0.17234410755699178 0.7049139195013796
    outer loop
      vertex 4.468842552176227 215.92883509890729 4
      vertex 6.373201429255232 216.5065160486674 2
      vertex 4.380853520024488 216.28010700577434 4
    endloop
  endfacet
  facet normal 0.7084384890988894 0.03480335122488122 0.7049139195013817
    outer loop
      vertex 4.327718846901661 216.63831187570926 4
      vertex 6.3081859646572696 216.83337086143976 2
      vertex 4.309950248756223 217 4
    endloop
  endfacet
  facet normal 0.7084384890988878 -0.034803351224881145 0.7049139195013834
    outer loop
      vertex 4.309950248756223 217 4
      vertex 6.300000000000011 217 2
      vertex 4.327718846901661 217.36168812429074 4
    endloop
  endfacet
  facet normal 0.7016158391769993 -0.10407487837683664 0.7049139195013826
    outer loop
      vertex 4.327718846901661 217.36168812429074 4
      vertex 6.3081859646572696 217.16662913856024 2
      vertex 4.380853520024488 217.71989299422566 4
    endloop
  endfacet
  facet normal 0.6880362451815888 -0.17234410755699048 0.7049139195013849
    outer loop
      vertex 4.380853520024488 217.71989299422566 4
      vertex 6.332665023314519 217.3316535474274 2
      vertex 4.468842552176227 218.07116490109271 4
    endloop
  endfacet
  facet normal 0.3646494075189267 0.6083807818211371 0.7049139195013798
    outer loop
      vertex 5.949918199847559 213.93183576395623 4
      vertex 6.260522588538123 213.74566665787475 4
      vertex 7.198625547395807 215.5007338506078 2
    endloop
  endfacet
  facet normal 0.30326177648737856 0.6411931542171371 0.7049139195013799
    outer loop
      vertex 6.260522588538123 213.74566665787475 4
      vertex 6.587879095596094 213.5908385608775 4
      vertex 7.349438164979347 215.4294047947308 2
    endloop
  endfacet
  facet normal 0.23895356876843582 0.6678304860262304 0.7049139195013795
    outer loop
      vertex 6.928835098907285 213.46884255217623 4
      vertex 7.506516048667407 215.37320142925523 2
      vertex 6.587879095596094 213.5908385608775 4
    endloop
  endfacet
  facet normal 0.17234410755699048 0.6880362451815888 0.7049139195013849
    outer loop
      vertex 6.928835098907285 213.46884255217623 4
      vertex 7.28010700577434 213.3808535200245 4
      vertex 7.668346452572592 215.33266502331452 2
    endloop
  endfacet
  facet normal 0.5255513453545194 0.4763319740362276 0.7049139195013853
    outer loop
      vertex 5.390740797979788 214.3907407979798 4
      vertex 6.797918471982882 215.79791847198288 2
      vertex 5.147552968859998 214.65905721958123 4
    endloop
  endfacet
  facet normal 0.47633197403623095 0.5255513453545231 0.7049139195013799
    outer loop
      vertex 5.390740797979788 214.3907407979798 4
      vertex 5.6590572195812285 214.14755296886 4
      vertex 6.921531416921795 215.68588222928335 2
    endloop
  endfacet
  facet normal 0.42252526541852586 0.5697093699213656 0.7049139195013849
    outer loop
      vertex 5.6590572195812285 214.14755296886 4
      vertex 5.949918199847559 213.93183576395623 4
      vertex 7.055530603866686 215.58650165908568 2
    endloop
  endfacet
  facet normal 0.6678304860262304 -0.23895356876843582 0.7049139195013796
    outer loop
      vertex 6.373201429255232 217.4934839513326 2
      vertex 4.590838560877501 218.4121209044039 4
      vertex 4.468842552176227 218.07116490109271 4
    endloop
  endfacet
  facet normal 0.6411931542171467 -0.3032617764873568 0.7049139195013804
    outer loop
      vertex 6.4294047947308 217.65056183502065 2
      vertex 4.74566665787475 218.7394774114619 4
      vertex 4.590838560877501 218.4121209044039 4
    endloop
  endfacet
  facet normal 0.6083807818211208 -0.36464940751895025 0.7049139195013819
    outer loop
      vertex 6.500733850607787 217.8013744526042 2
      vertex 4.931835763956229 219.05008180015244 4
      vertex 4.74566665787475 218.7394774114619 4
    endloop
  endfacet
  facet normal 0.5697093699213656 -0.42252526541852586 0.7049139195013848
    outer loop
      vertex 6.586501659085684 217.94446939613331 2
      vertex 5.147552968859998 219.34094278041877 4
      vertex 4.931835763956229 219.05008180015244 4
    endloop
  endfacet
  facet normal 0.5255513453545231 -0.47633197403623095 0.7049139195013799
    outer loop
      vertex 5.147552968859998 219.34094278041877 4
      vertex 6.685882229283351 218.0784685830782 2
      vertex 5.390740797979788 219.6092592020202 4
    endloop
  endfacet
  facet normal 0.4763319740362276 -0.5255513453545194 0.7049139195013853
    outer loop
      vertex 5.390740797979788 219.6092592020202 4
      vertex 6.797918471982882 218.20208152801712 2
      vertex 5.6590572195812285 219.85244703114 4
    endloop
  endfacet
  facet normal 0.42252526541852853 -0.5697093699213692 0.7049139195013804
    outer loop
      vertex 6.921531416921795 218.31411777071665 2
      vertex 5.949918199847559 220.06816423604377 4
      vertex 5.6590572195812285 219.85244703114 4
    endloop
  endfacet
  facet normal 0.36464940751892416 -0.6083807818211329 0.7049139195013848
    outer loop
      vertex 7.055530603866686 218.41349834091432 2
      vertex 6.260522588538123 220.25433334212525 4
      vertex 5.949918199847559 220.06816423604377 4
    endloop
  endfacet
  facet normal 0.30326177648737856 -0.6411931542171371 0.7049139195013798
    outer loop
      vertex 7.198625547395807 218.4992661493922 2
      vertex 6.587879095596094 220.4091614391225 4
      vertex 6.260522588538123 220.25433334212525 4
    endloop
  endfacet
  facet normal 0.23895356876843554 -0.6678304860262296 0.7049139195013803
    outer loop
      vertex 7.349438164979347 218.5705952052692 2
      vertex 6.928835098907285 220.53115744782377 4
      vertex 6.587879095596094 220.4091614391225 4
    endloop
  endfacet
  facet normal 0.17234410755699178 -0.688036245181594 0.7049139195013796
    outer loop
      vertex 6.928835098907285 220.53115744782377 4
      vertex 7.506516048667407 218.62679857074477 2
      vertex 7.28010700577434 220.6191464799755 4
    endloop
  endfacet
  facet normal 0.10407487837683664 0.7016158391769993 0.7049139195013826
    outer loop
      vertex 7.28010700577434 213.3808535200245 4
      vertex 7.638311875709263 213.32771884690166 4
      vertex 7.833370861439761 215.30818596465727 2
    endloop
  endfacet
  facet normal 0.034803351224881145 0.7084384890988878 0.7049139195013834
    outer loop
      vertex 7.638311875709263 213.32771884690166 4
      vertex 8 213.30995024875622 4
      vertex 8 215.3 2
    endloop
  endfacet
  facet normal -0.03480335122488122 0.7084384890988894 0.7049139195013817
    outer loop
      vertex 8 213.30995024875622 4
      vertex 8.361688124290737 213.32771884690166 4
      vertex 8.16662913856024 215.30818596465727 2
    endloop
  endfacet
  facet normal -0.10407487837683632 0.7016158391769972 0.7049139195013849
    outer loop
      vertex 8.361688124290737 213.32771884690166 4
      vertex 8.71989299422566 213.3808535200245 4
      vertex 8.331653547427408 215.33266502331452 2
    endloop
  endfacet
  facet normal -0.17234410755699178 0.688036245181594 0.7049139195013796
    outer loop
      vertex 8.71989299422566 213.3808535200245 4
      vertex 9.071164901092715 213.46884255217623 4
      vertex 8.493483951332593 215.37320142925523 2
    endloop
  endfacet
  facet normal -0.23895356876843554 0.6678304860262296 0.7049139195013803
    outer loop
      vertex 9.071164901092715 213.46884255217623 4
      vertex 9.412120904403906 213.5908385608775 4
      vertex 8.650561835020653 215.4294047947308 2
    endloop
  endfacet
  facet normal -0.30326177648737856 0.6411931542171371 0.7049139195013798
    outer loop
      vertex 8.801374452604193 215.5007338506078 2
      vertex 9.412120904403906 213.5908385608775 4
      vertex 9.739477411461877 213.74566665787475 4
    endloop
  endfacet
  facet normal -0.36464940751892416 0.6083807818211329 0.7049139195013848
    outer loop
      vertex 8.944469396133314 215.58650165908568 2
      vertex 9.739477411461877 213.74566665787475 4
      vertex 10.05008180015244 213.93183576395623 4
    endloop
  endfacet
  facet normal -0.42252526541852853 0.5697093699213692 0.7049139195013804
    outer loop
      vertex 9.078468583078205 215.68588222928335 2
      vertex 10.05008180015244 213.93183576395623 4
      vertex 10.340942780418771 214.14755296886 4
    endloop
  endfacet
  facet normal -0.4763319740362275 0.5255513453545193 0.7049139195013853
    outer loop
      vertex 9.202081528017118 215.79791847198288 2
      vertex 10.340942780418771 214.14755296886 4
      vertex 10.609259202020212 214.3907407979798 4
    endloop
  endfacet
  facet normal -0.5255513453545232 0.47633197403623107 0.7049139195013799
    outer loop
      vertex 9.31411777071665 215.9215314169218 2
      vertex 10.609259202020212 214.3907407979798 4
      vertex 10.852447031140002 214.65905721958123 4
    endloop
  endfacet
  facet normal -0.5697093699213656 0.42252526541852586 0.7049139195013848
    outer loop
      vertex 9.413498340914316 216.05553060386669 2
      vertex 10.852447031140002 214.65905721958123 4
      vertex 11.06816423604377 214.94991819984756 4
    endloop
  endfacet
  facet normal -0.608380781821137 0.3646494075189266 0.7049139195013798
    outer loop
      vertex 9.499266149392213 216.1986255473958 2
      vertex 11.06816423604377 214.94991819984756 4
      vertex 11.25433334212525 215.26052258853812 4
    endloop
  endfacet
  facet normal -0.6411931542171371 0.30326177648737856 0.7049139195013797
    outer loop
      vertex 9.5705952052692 216.34943816497935 2
      vertex 11.25433334212525 215.26052258853812 4
      vertex 11.4091614391225 215.5878790955961 4
    endloop
  endfacet
  facet normal -0.6678304860262304 0.23895356876843582 0.7049139195013796
    outer loop
      vertex 9.626798570744768 216.5065160486674 2
      vertex 11.4091614391225 215.5878790955961 4
      vertex 11.531157447823773 215.92883509890729 4
    endloop
  endfacet
  facet normal -0.6880362451815888 0.17234410755699048 0.7049139195013849
    outer loop
      vertex 9.667334976685481 216.6683464525726 2
      vertex 11.531157447823773 215.92883509890729 4
      vertex 11.619146479975512 216.28010700577434 4
    endloop
  endfacet
  facet normal -0.7016158391769993 0.10407487837683664 0.7049139195013825
    outer loop
      vertex 9.69181403534273 216.83337086143976 2
      vertex 11.619146479975512 216.28010700577434 4
      vertex 11.67228115309834 216.63831187570926 4
    endloop
  endfacet
  facet normal -0.7084384890988878 0.034803351224881145 0.7049139195013834
    outer loop
      vertex 9.699999999999989 217 2
      vertex 11.67228115309834 216.63831187570926 4
      vertex 11.690049751243777 217 4
    endloop
  endfacet
  facet normal -0.7016158391769972 -0.10407487837683632 0.7049139195013849
    outer loop
      vertex 9.667334976685481 217.3316535474274 2
      vertex 11.67228115309834 217.36168812429074 4
      vertex 11.619146479975512 217.71989299422566 4
    endloop
  endfacet
  facet normal -0.688036245181594 -0.17234410755699178 0.7049139195013796
    outer loop
      vertex 9.626798570744768 217.4934839513326 2
      vertex 11.619146479975512 217.71989299422566 4
      vertex 11.531157447823773 218.07116490109271 4
    endloop
  endfacet
  facet normal -0.7084384890988894 -0.03480335122488122 0.7049139195013817
    outer loop
      vertex 9.69181403534273 217.16662913856024 2
      vertex 11.690049751243777 217 4
      vertex 11.67228115309834 217.36168812429074 4
    endloop
  endfacet
  facet normal 0.10407487837683632 -0.7016158391769972 0.7049139195013849
    outer loop
      vertex 7.28010700577434 220.6191464799755 4
      vertex 7.668346452572592 218.66733497668548 2
      vertex 7.638311875709263 220.67228115309834 4
    endloop
  endfacet
  facet normal 0.03480335122488122 -0.7084384890988894 0.7049139195013817
    outer loop
      vertex 7.833370861439761 218.69181403534273 2
      vertex 8 220.69004975124378 4
      vertex 7.638311875709263 220.67228115309834 4
    endloop
  endfacet
  facet normal -0.034803351224881145 -0.7084384890988878 0.7049139195013834
    outer loop
      vertex 8 218.7 2
      vertex 8.361688124290737 220.67228115309834 4
      vertex 8 220.69004975124378 4
    endloop
  endfacet
  facet normal -0.10407487837683664 -0.7016158391769993 0.7049139195013826
    outer loop
      vertex 8.16662913856024 218.69181403534273 2
      vertex 8.71989299422566 220.6191464799755 4
      vertex 8.361688124290737 220.67228115309834 4
    endloop
  endfacet
  facet normal -0.17234410755699048 -0.6880362451815888 0.7049139195013849
    outer loop
      vertex 8.331653547427408 218.66733497668548 2
      vertex 9.071164901092715 220.53115744782377 4
      vertex 8.71989299422566 220.6191464799755 4
    endloop
  endfacet
  facet normal -0.23895356876843582 -0.6678304860262304 0.7049139195013795
    outer loop
      vertex 8.493483951332593 218.62679857074477 2
      vertex 9.412120904403906 220.4091614391225 4
      vertex 9.071164901092715 220.53115744782377 4
    endloop
  endfacet
  facet normal -0.30326177648737856 -0.6411931542171371 0.7049139195013799
    outer loop
      vertex 8.650561835020653 218.5705952052692 2
      vertex 9.739477411461877 220.25433334212525 4
      vertex 9.412120904403906 220.4091614391225 4
    endloop
  endfacet
  facet normal -0.3646494075189267 -0.6083807818211371 0.7049139195013798
    outer loop
      vertex 8.801374452604193 218.4992661493922 2
      vertex 10.05008180015244 220.06816423604377 4
      vertex 9.739477411461877 220.25433334212525 4
    endloop
  endfacet
  facet normal -0.42252526541852586 -0.5697093699213656 0.704913919501385
    outer loop
      vertex 8.944469396133314 218.41349834091432 2
      vertex 10.340942780418771 219.85244703114 4
      vertex 10.05008180015244 220.06816423604377 4
    endloop
  endfacet
  facet normal -0.47633197403623107 -0.5255513453545232 0.7049139195013799
    outer loop
      vertex 9.078468583078205 218.31411777071665 2
      vertex 10.609259202020212 219.6092592020202 4
      vertex 10.340942780418771 219.85244703114 4
    endloop
  endfacet
  facet normal -0.5255513453545194 -0.4763319740362276 0.7049139195013853
    outer loop
      vertex 9.202081528017118 218.20208152801712 2
      vertex 10.852447031140002 219.34094278041877 4
      vertex 10.609259202020212 219.6092592020202 4
    endloop
  endfacet
  facet normal -0.5697093699213692 -0.42252526541852853 0.7049139195013804
    outer loop
      vertex 9.31411777071665 218.0784685830782 2
      vertex 11.06816423604377 219.05008180015244 4
      vertex 10.852447031140002 219.34094278041877 4
    endloop
  endfacet
  facet normal -0.6411931542171371 -0.30326177648737856 0.7049139195013797
    outer loop
      vertex 9.499266149392213 217.8013744526042 2
      vertex 11.4091614391225 218.4121209044039 4
      vertex 11.25433334212525 218.73947741146188 4
    endloop
  endfacet
  facet normal -0.6083807818211328 -0.3646494075189241 0.7049139195013849
    outer loop
      vertex 9.413498340914316 217.94446939613331 2
      vertex 11.25433334212525 218.73947741146188 4
      vertex 11.06816423604377 219.05008180015244 4
    endloop
  endfacet
  facet normal -0.6678304860262296 -0.23895356876843554 0.7049139195013804
    outer loop
      vertex 9.5705952052692 217.65056183502065 2
      vertex 11.531157447823773 218.07116490109271 4
      vertex 11.4091614391225 218.4121209044039 4
    endloop
  endfacet
  facet normal 0 0 1
    outer loop
      vertex 10.180787356516447 10.286032631740024 4
      vertex 13.708472413909874 12.171619579044014 4
      vertex 9.761204674887125 11.173165676349102 4
    endloop
  endfacet
  facet normal 0 0 1
    outer loop
      vertex 9.430596642677926 12.097153227455376 4
      vertex 9.761204674887125 11.173165676349102 4
      vertex 13.45672280493227 12.703899405809462 4
    endloop
  endfacet
  facet normal 0 0 1
    outer loop
      vertex 9.430596642677926 12.097153227455376 4
      vertex 13.25835798560675 13.258291936473226 4
      vertex 9.192147195967692 13.049096779838717 4
    endloop
  endfacet
  facet normal 0 0 1
    outer loop
      vertex 9.048152733278016 14.019828596704395 4
      vertex 9.192147195967692 13.049096779838717 4
      vertex 13.115288317580621 13.82945806790323 4
    endloop
  endfacet
  facet normal 0 0 1
    outer loop
      vertex 10.180787356516447 10.286032631740024 4
      vertex 10.685303876974558 9.444297669803978 4
      vertex 14.011182326184723 11.666578601882387 4
    endloop
  endfacet
  facet normal 0 0 1
    outer loop
      vertex 10.685303876974558 9.444297669803978 4
      vertex 11.269895466372617 8.656067158363545 4
      vertex 14.361937279823564 11.193640295018128 4
    endloop
  endfacet
  facet normal 0 0 1
    outer loop
      vertex 11.269895466372617 8.656067158363545 4
      vertex 11.928932188134524 7.9289321881345245 4
      vertex 14.757359312880709 10.757359312880714 4
    endloop
  endfacet
  facet normal 0 0 1
    outer loop
      vertex 9.430596642677926 12.097153227455376 4
      vertex 13.45672280493227 12.703899405809462 4
      vertex 13.25835798560675 13.258291936473226 4
    endloop
  endfacet
  facet normal 0 0 1
    outer loop
      vertex 9.192147195967692 13.049096779838717 4
      vertex 13.25835798560675 13.258291936473226 4
      vertex 13.115288317580621 13.82945806790323 4
    endloop
  endfacet
  facet normal 0 0 1
    outer loop
      vertex 10.180787356516447 10.286032631740024 4
      vertex 14.011182326184723 11.666578601882387 4
      vertex 13.708472413909874 12.171619579044014 4
    endloop
  endfacet
  facet normal 0 0 1
    outer loop
      vertex 9.761204674887125 11.173165676349102 4
      vertex 13.708472413909874 12.171619579044014 4
      vertex 13.45672280493227 12.703899405809462 4
    endloop
  endfacet
  facet normal 0 0 1
    outer loop
      vertex 10.685303876974558 9.444297669803978 4
      vertex 14.361937279823564 11.193640295018128 4
      vertex 14.011182326184723 11.666578601882387 4
    endloop
  endfacet
  facet normal 0 0 1
    outer loop
      vertex 12.656067158363555 7.26989546637263 4
      vertex 15.193640295018128 10.361937279823579 4
      vertex 11.928932188134524 7.9289321881345245 4
    endloop
  endfacet
  facet normal 0 0 1
    outer loop
      vertex 12.656067158363555 7.26989546637263 4
      vertex 13.444297669803973 6.685303876974547 4
      vertex 15.666578601882378 10.011182326184729 4
    endloop
  endfacet
  facet normal 0 0 1
    outer loop
      vertex 11.269895466372617 8.656067158363545 4
      vertex 14.757359312880709 10.757359312880714 4
      vertex 14.361937279823564 11.193640295018128 4
    endloop
  endfacet
  facet normal 0 0 1
    outer loop
      vertex 11.928932188134524 7.9289321881345245 4
      vertex 15.193640295018128 10.361937279823579 4
      vertex 14.757359312880709 10.757359312880714 4
    endloop
  endfacet
  facet normal 0 0 1
    outer loop
      vertex 13.444297669803973 6.685303876974547 4
      vertex 14.286032631740028 6.180787356516449 4
      vertex 16.171619579044005 9.70847241390987 4
    endloop
  endfacet
  facet normal 0 0 1
    outer loop
      vertex 12.656067158363555 7.26989546637263 4
      vertex 15.666578601882378 10.011182326184729 4
      vertex 15.193640295018128 10.361937279823579 4
    endloop
  endfacet
  facet normal 0 0 1
    outer loop
      vertex 9.048152733278016 14.019828596704395 4
      vertex 13.028891639966815 14.411897158022636 4
      vertex 9 15 4
    endloop
  endfacet
  facet normal 0 0 1
    outer loop
      vertex 9 15 4
      vertex 13 15 4
      vertex 9.048152733278016 15.980171403295605 4
    endloop
  endfacet
  facet normal 0 0 1
    outer loop
      vertex 9.048152733278016 15.980171403295605 4
      vertex 13.028891639966815 15.588102841977364 4
      vertex 9.192147195967692 16.950903220161283 4
    endloop
  endfacet
  facet normal 0 0 1
    outer loop
      vertex 9.192147195967692 16.950903220161283 4
      vertex 13.115288317580621 16.170541932096768 4
      vertex 9.430596642677926 17.902846772544624 4
    endloop
  endfacet
  facet normal 0 0 1
    outer loop
      vertex 9.430596642677926 17.902846772544624 4
      vertex 13.25835798560675 16.741708063526772 4
      vertex 9.761204674887125 18.8268343236509 4
    endloop
  endfacet
  facet normal 0 0 1
    outer loop
      vertex 9.761204674887125 18.8268343236509 4
      vertex 13.45672280493227 17.296100594190538 4
      vertex 10.180787356516447 19.713967368259976 4
    endloop
  endfacet
  facet normal 0 0 1
    outer loop
      vertex 9 15 4
      vertex 13.028891639966815 14.411897158022636 4
      vertex 13 15 4
    endloop
  endfacet
  facet normal 0 0 1
    outer loop
      vertex 9.048152733278016 15.980171403295605 4
      vertex 13 15 4
      vertex 13.028891639966815 15.588102841977364 4
    endloop
  endfacet
  facet normal 0 0 1
    outer loop
      vertex 9.048152733278016 14.019828596704395 4
      vertex 13.115288317580621 13.82945806790323 4
      vertex 13.028891639966815 14.411897158022636 4
    endloop
  endfacet
  facet normal 0 0 1
    outer loop
      vertex 9.192147195967692 16.950903220161283 4
      vertex 13.028891639966815 15.588102841977364 4
      vertex 13.115288317580621 16.170541932096768 4
    endloop
  endfacet
  facet normal 0 0 1
    outer loop
      vertex 9.430596642677926 17.902846772544624 4
      vertex 13.115288317580621 16.170541932096768 4
      vertex 13.25835798560675 16.741708063526772 4
    endloop
  endfacet
  facet normal 0 0 1
    outer loop
      vertex 9.761204674887125 18.8268343236509 4
      vertex 13.25835798560675 16.741708063526772 4
      vertex 13.45672280493227 17.296100594190538 4
    endloop
  endfacet
  facet normal 0 0 1
    outer loop
      vertex 10.180787356516447 19.713967368259976 4
      vertex 13.708472413909874 17.828380420955988 4
      vertex 10.685303876974558 20.55570233019602 4
    endloop
  endfacet
  facet normal 0 0 1
    outer loop
      vertex 10.685303876974558 20.55570233019602 4
      vertex 14.011182326184723 18.333421398117615 4
      vertex 11.269895466372617 21.343932841636455 4
    endloop
  endfacet
  facet normal 0 0 1
    outer loop
      vertex 10.180787356516447 19.713967368259976 4
      vertex 13.45672280493227 17.296100594190538 4
      vertex 13.708472413909874 17.828380420955988 4
    endloop
  endfacet
  facet normal 0 0 1
    outer loop
      vertex 10.685303876974558 20.55570233019602 4
      vertex 13.708472413909874 17.828380420955988 4
      vertex 14.011182326184723 18.333421398117615 4
    endloop
  endfacet
  facet normal 0 0 1
    outer loop
      vertex 11.269895466372617 21.343932841636455 4
      vertex 14.361937279823564 18.806359704981872 4
      vertex 11.928932188134524 22.071067811865476 4
    endloop
  endfacet
  facet normal 0 0 1
    outer loop
      vertex 11.269895466372617 21.343932841636455 4
      vertex 14.011182326184723 18.333421398117615 4
      vertex 14.361937279823564 18.806359704981872 4
    endloop
  endfacet
  facet normal 0 0 1
    outer loop
      vertex 11.928932188134524 22.071067811865476 4
      vertex 14.361937279823564 18.806359704981872 4
      vertex 14.757359312880709 19.242640687119284 4
    endloop
  endfacet
  facet normal 0 0 1
    outer loop
      vertex 12.656067158363555 22.73010453362737 4
      vertex 14.757359312880709 19.242640687119284 4
      vertex 15.193640295018128 19.63806272017642 4
    endloop
  endfacet
  facet normal 0 0 1
    outer loop
      vertex 13.444297669803973 23.314696123025453 4
      vertex 15.193640295018128 19.63806272017642 4
      vertex 15.666578601882378 19.98881767381527 4
    endloop
  endfacet
  facet normal 0 0 1
    outer loop
      vertex 11.928932188134524 22.071067811865476 4
      vertex 14.757359312880709 19.242640687119284 4
      vertex 12.656067158363555 22.73010453362737 4
    endloop
  endfacet
  facet normal 0 0 1
    outer loop
      vertex 12.656067158363555 22.73010453362737 4
      vertex 15.193640295018128 19.63806272017642 4
      vertex 13.444297669803973 23.314696123025453 4
    endloop
  endfacet
  facet normal 0 0 1
    outer loop
      vertex 13.444297669803973 23.314696123025453 4
      vertex 15.666578601882378 19.98881767381527 4
      vertex 14.286032631740028 23.819212643483553 4
    endloop
  endfacet
  facet normal 0 0 1
    outer loop
      vertex 10.11050524439051 35.33509465228515 4
      vertex 14.066863884853973 42.06633549178581 4
      vertex 8.325221870460723 40.324627428259035 4
    endloop
  endfacet
  facet normal 0 0 1
    outer loop
      vertex 10.11050524439051 35.33509465228515 4
      vertex 12.376251725188837 30.544576211396127 4
      vertex 15.65378243945824 37.63119524647569 4
    endloop
  endfacet
  facet normal 0 0 1
    outer loop
      vertex 10.11050524439051 35.33509465228515 4
      vertex 15.65378243945824 37.63119524647569 4
      vertex 14.066863884853973 42.06633549178581 4
    endloop
  endfacet
  facet normal 0 0 1
    outer loop
      vertex 6.260024759701366 50.707074422203725 4
      vertex 7.03759485822556 45.465122611129075 4
      vertex 12.231133119734551 51.29517726418109 4
    endloop
  endfacet
  facet normal 0 0 1
    outer loop
      vertex 8.325221870460723 40.324627428259035 4
      vertex 12.92230654064494 46.63566454322584 4
      vertex 7.03759485822556 45.465122611129075 4
    endloop
  endfacet
  facet normal 0 0 1
    outer loop
      vertex 7.03759485822556 45.465122611129075 4
      vertex 12.92230654064494 46.63566454322584 4
      vertex 12.231133119734551 51.29517726418109 4
    endloop
  endfacet
  facet normal 0 0 1
    outer loop
      vertex 6.260024759701366 50.707074422203725 4
      vertex 12 56 4
      vertex 6 56 4
    endloop
  endfacet
  facet normal 0 0 1
    outer loop
      vertex 6.260024759701366 50.707074422203725 4
      vertex 12.231133119734551 51.29517726418109 4
      vertex 12 56 4
    endloop
  endfacet
  facet normal 0 0 1
    outer loop
      vertex 8.325221870460723 40.324627428259035 4
      vertex 14.066863884853973 42.06633549178581 4
      vertex 12.92230654064494 46.63566454322584 4
    endloop
  endfacet
  facet normal 0 0 1
    outer loop
      vertex 15.1731656763491 5.761204674887132 4
      vertex 16.09715322745538 5.430596642677912 4
      vertex 17.258291936473228 9.258357985606747 4
    endloop
  endfacet
  facet normal 0 0 1
    outer loop
      vertex 16.09715322745538 5.430596642677912 4
      vertex 17.04909677983872 5.192147195967696 4
      vertex 17.829458067903232 9.115288317580617 4
    endloop
  endfacet
  facet normal 0 0 1
    outer loop
      vertex 17.04909677983872 5.192147195967696 4
      vertex 18.0198285967044 5.04815273327803 4
      vertex 18.41189715802264 9.028891639966819 4
    endloop
  endfacet
  facet normal 0 0 1
    outer loop
      vertex 18.0198285967044 5.04815273327803 4
      vertex 19 5 4
      vertex 19 9 4
    endloop
  endfacet
  facet normal 0 0 1
    outer loop
      vertex 14.286032631740028 6.180787356516449 4
      vertex 15.1731656763491 5.761204674887132 4
      vertex 16.703899405809466 9.45672280493228 4
    endloop
  endfacet
  facet normal 0 0 1
    outer loop
      vertex 14.286032631740028 6.180787356516449 4
      vertex 16.703899405809466 9.45672280493228 4
      vertex 16.171619579044005 9.70847241390987 4
    endloop
  endfacet
  facet normal 0 0 1
    outer loop
      vertex 13.444297669803973 6.685303876974547 4
      vertex 16.171619579044005 9.70847241390987 4
      vertex 15.666578601882378 10.011182326184729 4
    endloop
  endfacet
  facet normal 0 0 1
    outer loop
      vertex 15.1731656763491 5.761204674887132 4
      vertex 17.258291936473228 9.258357985606747 4
      vertex 16.703899405809466 9.45672280493228 4
    endloop
  endfacet
  facet normal 0 0 1
    outer loop
      vertex 16.09715322745538 5.430596642677912 4
      vertex 17.829458067903232 9.115288317580617 4
      vertex 17.258291936473228 9.258357985606747 4
    endloop
  endfacet
  facet normal 0 0 1
    outer loop
      vertex 17.04909677983872 5.192147195967696 4
      vertex 18.41189715802264 9.028891639966819 4
      vertex 17.829458067903232 9.115288317580617 4
    endloop
  endfacet
  facet normal 0 0 1
    outer loop
      vertex 18.0198285967044 5.04815273327803 4
      vertex 19 9 4
      vertex 18.41189715802264 9.028891639966819 4
    endloop
  endfacet
  facet normal 0 0 1
    outer loop
      vertex 19 5 4
      vertex 19.9801714032956 5.04815273327803 4
      vertex 19.58810284197736 9.028891639966819 4
    endloop
  endfacet
  facet normal 0 0 1
    outer loop
      vertex 19.9801714032956 5.04815273327803 4
      vertex 20.95090322016128 5.192147195967696 4
      vertex 20.170541932096768 9.115288317580617 4
    endloop
  endfacet
  facet normal 0 0 1
    outer loop
      vertex 20.95090322016128 5.192147195967696 4
      vertex 21.90284677254462 5.430596642677912 4
      vertex 20.741708063526772 9.258357985606747 4
    endloop
  endfacet
  facet normal 0 0 1
    outer loop
      vertex 21.90284677254462 5.430596642677912 4
      vertex 22.8268343236509 5.761204674887132 4
      vertex 21.296100594190534 9.45672280493228 4
    endloop
  endfacet
  facet normal 0 0 1
    outer loop
      vertex 19 5 4
      vertex 19.58810284197736 9.028891639966819 4
      vertex 19 9 4
    endloop
  endfacet
  facet normal 0 0 1
    outer loop
      vertex 19.9801714032956 5.04815273327803 4
      vertex 20.170541932096768 9.115288317580617 4
      vertex 19.58810284197736 9.028891639966819 4
    endloop
  endfacet
  facet normal 0 0 1
    outer loop
      vertex 20.95090322016128 5.192147195967696 4
      vertex 20.741708063526772 9.258357985606747 4
      vertex 20.170541932096768 9.115288317580617 4
    endloop
  endfacet
  facet normal 0 0 1
    outer loop
      vertex 21.90284677254462 5.430596642677912 4
      vertex 21.296100594190534 9.45672280493228 4
      vertex 20.741708063526772 9.258357985606747 4
    endloop
  endfacet
  facet normal 0 0 1
    outer loop
      vertex 22.8268343236509 5.761204674887132 4
      vertex 21.828380420955995 9.70847241390987 4
      vertex 21.296100594190534 9.45672280493228 4
    endloop
  endfacet
  facet normal 0 0 1
    outer loop
      vertex 14.286032631740028 23.819212643483553 4
      vertex 15.666578601882378 19.98881767381527 4
      vertex 16.171619579044005 20.29152758609013 4
    endloop
  endfacet
  facet normal 0 0 1
    outer loop
      vertex 14.286032631740028 23.819212643483553 4
      vertex 16.171619579044005 20.29152758609013 4
      vertex 15.1731656763491 24.238795325112868 4
    endloop
  endfacet
  facet normal 0 0 1
    outer loop
      vertex 15.1731656763491 24.238795325112868 4
      vertex 16.171619579044005 20.29152758609013 4
      vertex 16.703899405809466 20.54327719506772 4
    endloop
  endfacet
  facet normal 0 0 1
    outer loop
      vertex 16.09715322745538 24.569403357322088 4
      vertex 16.703899405809466 20.54327719506772 4
      vertex 17.258291936473228 20.741642014393253 4
    endloop
  endfacet
  facet normal 0 0 1
    outer loop
      vertex 15.1731656763491 24.238795325112868 4
      vertex 16.703899405809466 20.54327719506772 4
      vertex 16.09715322745538 24.569403357322088 4
    endloop
  endfacet
  facet normal 0 0 1
    outer loop
      vertex 16.09715322745538 24.569403357322088 4
      vertex 17.258291936473228 20.741642014393253 4
      vertex 16.151044341071184 24.582902378553037 4
    endloop
  endfacet
  facet normal 0 0 1
    outer loop
      vertex 16.151044341071184 24.582902378553037 4
      vertex 17.258291936473228 20.741642014393253 4
      vertex 17.829458067903232 20.884711682419383 4
    endloop
  endfacet
  facet normal 0 0 1
    outer loop
      vertex 16.151044341071184 24.582902378553037 4
      vertex 17.829458067903232 20.884711682419383 4
      vertex 18.41189715802264 20.97110836003318 4
    endloop
  endfacet
  facet normal 0 0 1
    outer loop
      vertex 15.100640935662568 25.99920741694148 4
      vertex 16.151044341071184 24.582902378553037 4
      vertex 20.089458609477845 29.332628815059095 4
    endloop
  endfacet
  facet normal 0 0 1
    outer loop
      vertex 16.151044341071184 24.582902378553037 4
      vertex 18.41189715802264 20.97110836003318 4
      vertex 20.089458609477845 29.332628815059095 4
    endloop
  endfacet
  facet normal 0 0 1
    outer loop
      vertex 19 21 4
      vertex 20.089458609477845 29.332628815059095 4
      vertex 18.41189715802264 20.97110836003318 4
    endloop
  endfacet
  facet normal 0 0 1
    outer loop
      vertex 19.58810284197736 20.97110836003318 4
      vertex 20.089458609477845 29.332628815059095 4
      vertex 19 21 4
    endloop
  endfacet
  facet normal 0 0 1
    outer loop
      vertex 20.170541932096768 20.884711682419383 4
      vertex 22.89549823858863 25.549122360145017 4
      vertex 19.58810284197736 20.97110836003318 4
    endloop
  endfacet
  facet normal 0 0 1
    outer loop
      vertex 20.741708063526772 20.741642014393253 4
      vertex 22.89549823858863 25.549122360145017 4
      vertex 20.170541932096768 20.884711682419383 4
    endloop
  endfacet
  facet normal 0 0 1
    outer loop
      vertex 21.296100594190534 20.54327719506772 4
      vertex 22.89549823858863 25.549122360145017 4
      vertex 20.741708063526772 20.741642014393253 4
    endloop
  endfacet
  facet normal 0 0 1
    outer loop
      vertex 21.828380420955995 20.29152758609013 4
      vertex 22.89549823858863 25.549122360145017 4
      vertex 21.296100594190534 20.54327719506772 4
    endloop
  endfacet
  facet normal 0 0 1
    outer loop
      vertex 22.333421398117622 19.98881767381527 4
      vertex 22.89549823858863 25.549122360145017 4
      vertex 21.828380420955995 20.29152758609013 4
    endloop
  endfacet
  facet normal 0 0 1
    outer loop
      vertex 19.58810284197736 20.97110836003318 4
      vertex 22.89549823858863 25.549122360145017 4
      vertex 20.089458609477845 29.332628815059095 4
    endloop
  endfacet
  facet normal 0 0 1
    outer loop
      vertex 22.8268343236509 5.761204674887132 4
      vertex 23.713967368259972 6.180787356516449 4
      vertex 21.828380420955995 9.70847241390987 4
    endloop
  endfacet
  facet normal 0 0 1
    outer loop
      vertex 23.713967368259972 6.180787356516449 4
      vertex 22.333421398117622 10.011182326184729 4
      vertex 21.828380420955995 9.70847241390987 4
    endloop
  endfacet
  facet normal 0 0 1
    outer loop
      vertex 24.555702330196027 6.685303876974547 4
      vertex 22.806359704981872 10.361937279823579 4
      vertex 22.333421398117622 10.011182326184729 4
    endloop
  endfacet
  facet normal 0 0 1
    outer loop
      vertex 23.713967368259972 6.180787356516449 4
      vertex 24.555702330196027 6.685303876974547 4
      vertex 22.333421398117622 10.011182326184729 4
    endloop
  endfacet
  facet normal 0 0 1
    outer loop
      vertex 24.555702330196027 6.685303876974547 4
      vertex 25.343932841636445 7.26989546637263 4
      vertex 22.806359704981872 10.361937279823579 4
    endloop
  endfacet
  facet normal 0 0 1
    outer loop
      vertex 25.343932841636445 7.26989546637263 4
      vertex 23.24264068711929 10.757359312880714 4
      vertex 22.806359704981872 10.361937279823579 4
    endloop
  endfacet
  facet normal 0 0 1
    outer loop
      vertex 26.071067811865476 7.9289321881345245 4
      vertex 23.638062720176436 11.193640295018128 4
      vertex 23.24264068711929 10.757359312880714 4
    endloop
  endfacet
  facet normal 0 0 1
    outer loop
      vertex 25.343932841636445 7.26989546637263 4
      vertex 26.071067811865476 7.9289321881345245 4
      vertex 23.24264068711929 10.757359312880714 4
    endloop
  endfacet
  facet normal 0 0 1
    outer loop
      vertex 26.730104533627383 8.656067158363545 4
      vertex 23.988817673815277 11.666578601882387 4
      vertex 23.638062720176436 11.193640295018128 4
    endloop
  endfacet
  facet normal 0 0 1
    outer loop
      vertex 26.071067811865476 7.9289321881345245 4
      vertex 26.730104533627383 8.656067158363545 4
      vertex 23.638062720176436 11.193640295018128 4
    endloop
  endfacet
  facet normal 0 0 1
    outer loop
      vertex 26.730104533627383 8.656067158363545 4
      vertex 27.314696123025442 9.444297669803978 4
      vertex 23.988817673815277 11.666578601882387 4
    endloop
  endfacet
  facet normal 0 0 1
    outer loop
      vertex 27.314696123025442 9.444297669803978 4
      vertex 24.291527586090126 12.171619579044014 4
      vertex 23.988817673815277 11.666578601882387 4
    endloop
  endfacet
  facet normal 0 0 1
    outer loop
      vertex 27.819212643483553 10.286032631740024 4
      vertex 24.54327719506773 12.703899405809462 4
      vertex 24.291527586090126 12.171619579044014 4
    endloop
  endfacet
  facet normal 0 0 1
    outer loop
      vertex 28.238795325112875 11.173165676349102 4
      vertex 24.74164201439325 13.258291936473226 4
      vertex 24.54327719506773 12.703899405809462 4
    endloop
  endfacet
  facet normal 0 0 1
    outer loop
      vertex 28.58290237855303 12.151044341071193 4
      vertex 24.88471168241938 13.82945806790323 4
      vertex 24.74164201439325 13.258291936473226 4
    endloop
  endfacet
  facet normal 0 0 1
    outer loop
      vertex 28.58290237855303 12.151044341071193 4
      vertex 24.971108360033185 14.411897158022636 4
      vertex 24.88471168241938 13.82945806790323 4
    endloop
  endfacet
  facet normal 0 0 1
    outer loop
      vertex 28.58290237855303 12.151044341071193 4
      vertex 25 15 4
      vertex 24.971108360033185 14.411897158022636 4
    endloop
  endfacet
  facet normal 0 0 1
    outer loop
      vertex 27.314696123025442 9.444297669803978 4
      vertex 27.819212643483553 10.286032631740024 4
      vertex 24.291527586090126 12.171619579044014 4
    endloop
  endfacet
  facet normal 0 0 1
    outer loop
      vertex 27.819212643483553 10.286032631740024 4
      vertex 28.238795325112875 11.173165676349102 4
      vertex 24.54327719506773 12.703899405809462 4
    endloop
  endfacet
  facet normal 0 0 1
    outer loop
      vertex 28.238795325112875 11.173165676349102 4
      vertex 28.569403357322074 12.097153227455376 4
      vertex 24.74164201439325 13.258291936473226 4
    endloop
  endfacet
  facet normal 0 0 1
    outer loop
      vertex 28.569403357322074 12.097153227455376 4
      vertex 28.58290237855303 12.151044341071193 4
      vertex 24.74164201439325 13.258291936473226 4
    endloop
  endfacet
  facet normal 0 0 1
    outer loop
      vertex 23.638062720176436 18.806359704981872 4
      vertex 26.05887450304573 22.058874503045715 4
      vertex 23.24264068711929 19.242640687119284 4
    endloop
  endfacet
  facet normal 0 0 1
    outer loop
      vertex 23.24264068711929 19.242640687119284 4
      vertex 26.05887450304573 22.058874503045715 4
      vertex 22.806359704981872 19.63806272017642 4
    endloop
  endfacet
  facet normal 0 0 1
    outer loop
      vertex 23.988817673815277 18.333421398117615 4
      vertex 26.05887450304573 22.058874503045715 4
      vertex 23.638062720176436 18.806359704981872 4
    endloop
  endfacet
  facet normal 0 0 1
    outer loop
      vertex 24.291527586090126 17.828380420955988 4
      vertex 26.05887450304573 22.058874503045715 4
      vertex 23.988817673815277 18.333421398117615 4
    endloop
  endfacet
  facet normal 0 0 1
    outer loop
      vertex 24.54327719506773 17.296100594190538 4
      vertex 29.54912236014502 18.895498238588623 4
      vertex 24.291527586090126 17.828380420955988 4
    endloop
  endfacet
  facet normal 0 0 1
    outer loop
      vertex 22.806359704981872 19.63806272017642 4
      vertex 22.89549823858863 25.549122360145017 4
      vertex 22.333421398117622 19.98881767381527 4
    endloop
  endfacet
  facet normal 0 0 1
    outer loop
      vertex 22.806359704981872 19.63806272017642 4
      vertex 26.05887450304573 22.058874503045715 4
      vertex 22.89549823858863 25.549122360145017 4
    endloop
  endfacet
  facet normal 0 0 1
    outer loop
      vertex 25 15 4
      vertex 29.54912236014502 18.895498238588623 4
      vertex 24.971108360033185 15.588102841977364 4
    endloop
  endfacet
  facet normal 0 0 1
    outer loop
      vertex 24.971108360033185 15.588102841977364 4
      vertex 29.54912236014502 18.895498238588623 4
      vertex 24.88471168241938 16.170541932096768 4
    endloop
  endfacet
  facet normal 0 0 1
    outer loop
      vertex 24.88471168241938 16.170541932096768 4
      vertex 29.54912236014502 18.895498238588623 4
      vertex 24.74164201439325 16.741708063526772 4
    endloop
  endfacet
  facet normal 0 0 1
    outer loop
      vertex 24.74164201439325 16.741708063526772 4
      vertex 29.54912236014502 18.895498238588623 4
      vertex 24.54327719506773 17.296100594190538 4
    endloop
  endfacet
  facet normal 0 0 1
    outer loop
      vertex 24.291527586090126 17.828380420955988 4
      vertex 29.54912236014502 18.895498238588623 4
      vertex 26.05887450304573 22.058874503045715 4
    endloop
  endfacet
  facet normal 0 0 1
    outer loop
      vertex 28.58290237855303 12.151044341071193 4
      vertex 33.33262881505908 16.08945860947783 4
      vertex 25 15 4
    endloop
  endfacet
  facet normal 0 0 1
    outer loop
      vertex 25 15 4
      vertex 33.33262881505908 16.08945860947783 4
      vertex 29.54912236014502 18.895498238588623 4
    endloop
  endfacet
  facet normal 0 0 1
    outer loop
      vertex 15.100640935662568 25.99920741694148 4
      vertex 17.667779311278963 33.372956632352114 4
      vertex 12.376251725188837 30.544576211396127 4
    endloop
  endfacet
  facet normal 0 0 1
    outer loop
      vertex 12.376251725188837 30.544576211396127 4
      vertex 17.667779311278963 33.372956632352114 4
      vertex 15.65378243945824 37.63119524647569 4
    endloop
  endfacet
  facet normal 0 0 1
    outer loop
      vertex 15.100640935662568 25.99920741694148 4
      vertex 20.089458609477845 29.332628815059095 4
      vertex 17.667779311278963 33.372956632352114 4
    endloop
  endfacet
  facet normal 0 0 1
    outer loop
      vertex 6 56 4
      vertex 12.231133119734551 60.70482273581891 4
      vertex 6.260024759701366 61.292925577796275 4
    endloop
  endfacet
  facet normal 0 0 1
    outer loop
      vertex 6 56 4
      vertex 12 56 4
      vertex 12.231133119734551 60.70482273581891 4
    endloop
  endfacet
  facet normal 0 0 1
    outer loop
      vertex 6.260024759701366 61.292925577796275 4
      vertex 12.231133119734551 60.70482273581891 4
      vertex 12.92230654064494 65.36433545677416 4
    endloop
  endfacet
  facet normal 0 0 1
    outer loop
      vertex 6.260024759701366 61.292925577796275 4
      vertex 12.92230654064494 65.36433545677416 4
      vertex 7.03759485822556 66.53487738887092 4
    endloop
  endfacet
  facet normal 0 0 1
    outer loop
      vertex 7.03759485822556 66.53487738887092 4
      vertex 14.066863884853973 69.93366450821419 4
      vertex 8.325221870460723 71.67537257174097 4
    endloop
  endfacet
  facet normal 0 0 1
    outer loop
      vertex 7.03759485822556 66.53487738887092 4
      vertex 12.92230654064494 65.36433545677416 4
      vertex 14.066863884853973 69.93366450821419 4
    endloop
  endfacet
  facet normal 0 0 1
    outer loop
      vertex 8.325221870460723 71.67537257174097 4
      vertex 14.066863884853973 69.93366450821419 4
      vertex 15.65378243945824 74.3688047535243 4
    endloop
  endfacet
  facet normal 0 0 1
    outer loop
      vertex 8.325221870460723 71.67537257174097 4
      vertex 15.65378243945824 74.3688047535243 4
      vertex 10.11050524439051 76.66490534771485 4
    endloop
  endfacet
  facet normal 0 0 1
    outer loop
      vertex 10.11050524439051 76.66490534771485 4
      vertex 15.65378243945824 74.3688047535243 4
      vertex 17.667779311278963 78.62704336764789 4
    endloop
  endfacet
  facet normal 0 0 1
    outer loop
      vertex 10.11050524439051 76.66490534771485 4
      vertex 17.667779311278963 78.62704336764789 4
      vertex 12.376251725188837 81.45542378860387 4
    endloop
  endfacet
  facet normal 0 0 1
    outer loop
      vertex 4.185303876974558 106.94429766980397 4
      vertex 7.5111823261847235 109.16657860188239 4
      vertex 3.680787356516447 107.78603263174003 4
    endloop
  endfacet
  facet normal 0 0 1
    outer loop
      vertex 3.261204674887125 108.6731656763491 4
      vertex 3.680787356516447 107.78603263174003 4
      vertex 7.208472413909874 109.67161957904402 4
    endloop
  endfacet
  facet normal 0 0 1
    outer loop
      vertex 4.185303876974558 106.94429766980397 4
      vertex 4.769895466372617 106.15606715836354 4
      vertex 7.8619372798235645 108.69364029501813 4
    endloop
  endfacet
  facet normal 0 0 1
    outer loop
      vertex 2.9305966426779264 109.59715322745538 4
      vertex 6.75835798560675 110.75829193647323 4
      vertex 2.692147195967692 110.54909677983872 4
    endloop
  endfacet
  facet normal 0 0 1
    outer loop
      vertex 3.261204674887125 108.6731656763491 4
      vertex 6.956722804932269 110.20389940580947 4
      vertex 2.9305966426779264 109.59715322745538 4
    endloop
  endfacet
  facet normal 0 0 1
    outer loop
      vertex 2.548152733278016 111.5198285967044 4
      vertex 2.692147195967692 110.54909677983872 4
      vertex 6.615288317580621 111.32945806790323 4
    endloop
  endfacet
  facet normal 0 0 1
    outer loop
      vertex 2.548152733278016 111.5198285967044 4
      vertex 6.528891639966815 111.91189715802264 4
      vertex 2.5 112.5 4
    endloop
  endfacet
  facet normal 0 0 1
    outer loop
      vertex 2.9305966426779264 109.59715322745538 4
      vertex 6.956722804932269 110.20389940580947 4
      vertex 6.75835798560675 110.75829193647323 4
    endloop
  endfacet
  facet normal 0 0 1
    outer loop
      vertex 2.692147195967692 110.54909677983872 4
      vertex 6.75835798560675 110.75829193647323 4
      vertex 6.615288317580621 111.32945806790323 4
    endloop
  endfacet
  facet normal 0 0 1
    outer loop
      vertex 2.548152733278016 111.5198285967044 4
      vertex 6.615288317580621 111.32945806790323 4
      vertex 6.528891639966815 111.91189715802264 4
    endloop
  endfacet
  facet normal 0 0 1
    outer loop
      vertex 2.5 112.5 4
      vertex 6.528891639966815 111.91189715802264 4
      vertex 6.5 112.5 4
    endloop
  endfacet
  facet normal 0 0 1
    outer loop
      vertex 5.4289321881345245 105.42893218813452 4
      vertex 8.257359312880709 108.25735931288071 4
      vertex 4.769895466372617 106.15606715836354 4
    endloop
  endfacet
  facet normal 0 0 1
    outer loop
      vertex 3.680787356516447 107.78603263174003 4
      vertex 7.5111823261847235 109.16657860188239 4
      vertex 7.208472413909874 109.67161957904402 4
    endloop
  endfacet
  facet normal 0 0 1
    outer loop
      vertex 4.185303876974558 106.94429766980397 4
      vertex 7.8619372798235645 108.69364029501813 4
      vertex 7.5111823261847235 109.16657860188239 4
    endloop
  endfacet
  facet normal 0 0 1
    outer loop
      vertex 5.4289321881345245 105.42893218813452 4
      vertex 6.156067158363555 104.76989546637263 4
      vertex 8.693640295018128 107.86193727982358 4
    endloop
  endfacet
  facet normal 0 0 1
    outer loop
      vertex 6.156067158363555 104.76989546637263 4
      vertex 6.944297669803973 104.18530387697454 4
      vertex 9.166578601882378 107.51118232618472 4
    endloop
  endfacet
  facet normal 0 0 1
    outer loop
      vertex 5.4289321881345245 105.42893218813452 4
      vertex 8.693640295018128 107.86193727982358 4
      vertex 8.257359312880709 108.25735931288071 4
    endloop
  endfacet
  facet normal 0 0 1
    outer loop
      vertex 4.769895466372617 106.15606715836354 4
      vertex 8.257359312880709 108.25735931288071 4
      vertex 7.8619372798235645 108.69364029501813 4
    endloop
  endfacet
  facet normal 0 0 1
    outer loop
      vertex 3.261204674887125 108.6731656763491 4
      vertex 7.208472413909874 109.67161957904402 4
      vertex 6.956722804932269 110.20389940580947 4
    endloop
  endfacet
  facet normal 0 0 1
    outer loop
      vertex 6.944297669803973 104.18530387697454 4
      vertex 7.786032631740028 103.68078735651645 4
      vertex 9.671619579044005 107.20847241390987 4
    endloop
  endfacet
  facet normal 0 0 1
    outer loop
      vertex 7.786032631740028 103.68078735651645 4
      vertex 8.6731656763491 103.26120467488713 4
      vertex 10.203899405809466 106.95672280493228 4
    endloop
  endfacet
  facet normal 0 0 1
    outer loop
      vertex 8.6731656763491 103.26120467488713 4
      vertex 9.59715322745538 102.93059664267791 4
      vertex 10.758291936473228 106.75835798560675 4
    endloop
  endfacet
  facet normal 0 0 1
    outer loop
      vertex 9.59715322745538 102.93059664267791 4
      vertex 10.54909677983872 102.69214719596769 4
      vertex 11.329458067903232 106.61528831758062 4
    endloop
  endfacet
  facet normal 0 0 1
    outer loop
      vertex 9.59715322745538 102.93059664267791 4
      vertex 11.329458067903232 106.61528831758062 4
      vertex 10.758291936473228 106.75835798560675 4
    endloop
  endfacet
  facet normal 0 0 1
    outer loop
      vertex 6.156067158363555 104.76989546637263 4
      vertex 9.166578601882378 107.51118232618472 4
      vertex 8.693640295018128 107.86193727982358 4
    endloop
  endfacet
  facet normal 0 0 1
    outer loop
      vertex 6.944297669803973 104.18530387697454 4
      vertex 9.671619579044005 107.20847241390987 4
      vertex 9.166578601882378 107.51118232618472 4
    endloop
  endfacet
  facet normal 0 0 1
    outer loop
      vertex 7.786032631740028 103.68078735651645 4
      vertex 10.203899405809466 106.95672280493228 4
      vertex 9.671619579044005 107.20847241390987 4
    endloop
  endfacet
  facet normal 0 0 1
    outer loop
      vertex 8.6731656763491 103.26120467488713 4
      vertex 10.758291936473228 106.75835798560675 4
      vertex 10.203899405809466 106.95672280493228 4
    endloop
  endfacet
  facet normal 0 0 1
    outer loop
      vertex 10.54909677983872 102.69214719596769 4
      vertex 11.5198285967044 102.54815273327803 4
      vertex 11.91189715802264 106.52889163996682 4
    endloop
  endfacet
  facet normal 0 0 1
    outer loop
      vertex 10.54909677983872 102.69214719596769 4
      vertex 11.91189715802264 106.52889163996682 4
      vertex 11.329458067903232 106.61528831758062 4
    endloop
  endfacet
  facet normal 0 0 1
    outer loop
      vertex 11.5198285967044 102.54815273327803 4
      vertex 12.5 102.5 4
      vertex 12.5 106.5 4
    endloop
  endfacet
  facet normal 0 0 1
    outer loop
      vertex 11.5198285967044 102.54815273327803 4
      vertex 12.5 106.5 4
      vertex 11.91189715802264 106.52889163996682 4
    endloop
  endfacet
  facet normal 0 0 1
    outer loop
      vertex 12.5 102.5 4
      vertex 13.4801714032956 102.54815273327803 4
      vertex 13.08810284197736 106.52889163996682 4
    endloop
  endfacet
  facet normal 0 0 1
    outer loop
      vertex 12.5 102.5 4
      vertex 13.08810284197736 106.52889163996682 4
      vertex 12.5 106.5 4
    endloop
  endfacet
  facet normal 0 0 1
    outer loop
      vertex 13.4801714032956 102.54815273327803 4
      vertex 13.670541932096768 106.61528831758062 4
      vertex 13.08810284197736 106.52889163996682 4
    endloop
  endfacet
  facet normal 0 0 1
    outer loop
      vertex 13.4801714032956 102.54815273327803 4
      vertex 14.45090322016128 102.69214719596769 4
      vertex 13.670541932096768 106.61528831758062 4
    endloop
  endfacet
  facet normal 0 0 1
    outer loop
      vertex 14.45090322016128 102.69214719596769 4
      vertex 14.241708063526772 106.75835798560675 4
      vertex 13.670541932096768 106.61528831758062 4
    endloop
  endfacet
  facet normal 0 0 1
    outer loop
      vertex 14.45090322016128 102.69214719596769 4
      vertex 15.40284677254462 102.93059664267791 4
      vertex 14.241708063526772 106.75835798560675 4
    endloop
  endfacet
  facet normal 0 0 1
    outer loop
      vertex 12.376251725188837 81.45542378860387 4
      vertex 20.089458609477845 82.6673711849409 4
      vertex 15.100640935662568 86.00079258305851 4
    endloop
  endfacet
  facet normal 0 0 1
    outer loop
      vertex 12.376251725188837 81.45542378860387 4
      vertex 17.667779311278963 78.62704336764789 4
      vertex 20.089458609477845 82.6673711849409 4
    endloop
  endfacet
  facet normal 0 0 1
    outer loop
      vertex 15.100640935662568 86.00079258305851 4
      vertex 20.089458609477845 82.6673711849409 4
      vertex 16 87.21343790349701 4
    endloop
  endfacet
  facet normal 0 0 1
    outer loop
      vertex 16 87.21343790349701 4
      vertex 23 95.25666931378923 4
      vertex 16 103.14426148396288 4
    endloop
  endfacet
  facet normal 0 0 1
    outer loop
      vertex 16 87.21343790349701 4
      vertex 20.089458609477845 82.6673711849409 4
      vertex 22.89549823858863 86.45087763985498 4
    endloop
  endfacet
  facet normal 0 0 1
    outer loop
      vertex 16 87.21343790349701 4
      vertex 22.89549823858863 86.45087763985498 4
      vertex 23 95.25666931378923 4
    endloop
  endfacet
  facet normal 0 0 1
    outer loop
      vertex 15.40284677254462 102.93059664267791 4
      vertex 16 103.14426148396288 4
      vertex 14.241708063526772 106.75835798560675 4
    endloop
  endfacet
  facet normal 0 0 1
    outer loop
      vertex 16 103.14426148396288 4
      vertex 23 103.9698817489015 4
      vertex 16.306359704981872 107.86193727982358 4
    endloop
  endfacet
  facet normal 0 0 1
    outer loop
      vertex 16 103.14426148396288 4
      vertex 14.796100594190534 106.95672280493228 4
      vertex 14.241708063526772 106.75835798560675 4
    endloop
  endfacet
  facet normal 0 0 1
    outer loop
      vertex 16 103.14426148396288 4
      vertex 15.328380420955995 107.20847241390987 4
      vertex 14.796100594190534 106.95672280493228 4
    endloop
  endfacet
  facet normal 0 0 1
    outer loop
      vertex 16 103.14426148396288 4
      vertex 15.833421398117622 107.51118232618472 4
      vertex 15.328380420955995 107.20847241390987 4
    endloop
  endfacet
  facet normal 0 0 1
    outer loop
      vertex 16 103.14426148396288 4
      vertex 16.306359704981872 107.86193727982358 4
      vertex 15.833421398117622 107.51118232618472 4
    endloop
  endfacet
  facet normal 0 0 1
    outer loop
      vertex 23 103.9698817489015 4
      vertex 16.74264068711929 108.25735931288071 4
      vertex 16.306359704981872 107.86193727982358 4
    endloop
  endfacet
  facet normal 0 0 1
    outer loop
      vertex 16 103.14426148396288 4
      vertex 23 95.25666931378923 4
      vertex 23 103.9698817489015 4
    endloop
  endfacet
  facet normal 0 0 1
    outer loop
      vertex 23 103.9698817489015 4
      vertex 17.138062720176436 108.69364029501813 4
      vertex 16.74264068711929 108.25735931288071 4
    endloop
  endfacet
  facet normal 0 0 1
    outer loop
      vertex 23 103.9698817489015 4
      vertex 17.488817673815277 109.16657860188239 4
      vertex 17.138062720176436 108.69364029501813 4
    endloop
  endfacet
  facet normal 0 0 1
    outer loop
      vertex 23 103.9698817489015 4
      vertex 17.791527586090126 109.67161957904402 4
      vertex 17.488817673815277 109.16657860188239 4
    endloop
  endfacet
  facet normal 0 0 1
    outer loop
      vertex 23 103.9698817489015 4
      vertex 18.04327719506773 110.20389940580947 4
      vertex 17.791527586090126 109.67161957904402 4
    endloop
  endfacet
  facet normal 0 0 1
    outer loop
      vertex 23 103.9698817489015 4
      vertex 18.24164201439325 110.75829193647323 4
      vertex 18.04327719506773 110.20389940580947 4
    endloop
  endfacet
  facet normal 0 0 1
    outer loop
      vertex 23 103.9698817489015 4
      vertex 18.38471168241938 111.32945806790323 4
      vertex 18.24164201439325 110.75829193647323 4
    endloop
  endfacet
  facet normal 0 0 1
    outer loop
      vertex 23 103.9698817489015 4
      vertex 18.471108360033185 111.91189715802264 4
      vertex 18.38471168241938 111.32945806790323 4
    endloop
  endfacet
  facet normal 0 0 1
    outer loop
      vertex 23 103.9698817489015 4
      vertex 18.5 112.5 4
      vertex 18.471108360033185 111.91189715802264 4
    endloop
  endfacet
  facet normal 0 0 1
    outer loop
      vertex 23 103.9698817489015 4
      vertex 18.471108360033185 113.08810284197736 4
      vertex 18.5 112.5 4
    endloop
  endfacet
  facet normal 0 0 1
    outer loop
      vertex 23 103.9698817489015 4
      vertex 18.24164201439325 114.24170806352677 4
      vertex 18.38471168241938 113.67054193209677 4
    endloop
  endfacet
  facet normal 0 0 1
    outer loop
      vertex 23 103.9698817489015 4
      vertex 18.38471168241938 113.67054193209677 4
      vertex 18.471108360033185 113.08810284197736 4
    endloop
  endfacet
  facet normal 0 0 1
    outer loop
      vertex 23 103.9698817489015 4
      vertex 18.04327719506773 114.79610059419053 4
      vertex 18.24164201439325 114.24170806352677 4
    endloop
  endfacet
  facet normal 0 0 1
    outer loop
      vertex 23 95.25666931378923 4
      vertex 22.89549823858863 86.45087763985498 4
      vertex 26.05887450304573 89.94112549695429 4
    endloop
  endfacet
  facet normal 0 0 1
    outer loop
      vertex 23 95.25666931378923 4
      vertex 26.05887450304573 89.94112549695429 4
      vertex 29.54912236014502 93.10450176141137 4
    endloop
  endfacet
  facet normal 0 0 1
    outer loop
      vertex 23 95.25666931378923 4
      vertex 29.54912236014502 93.10450176141137 4
      vertex 25.742762655163148 97.7425644815878 4
    endloop
  endfacet
  facet normal 0 0 1
    outer loop
      vertex 25.742762655163148 97.7425644815878 4
      vertex 29.54912236014502 93.10450176141137 4
      vertex 29.999207416941488 100.89935906433745 4
    endloop
  endfacet
  facet normal 0 0 1
    outer loop
      vertex 28.58290237855303 12.151044341071193 4
      vertex 29.999207416941488 11.100640935662554 4
      vertex 33.33262881505908 16.08945860947783 4
    endloop
  endfacet
  facet normal 0 0 1
    outer loop
      vertex 29.999207416941488 11.100640935662554 4
      vertex 34.544576211396134 8.37625172518883 4
      vertex 33.33262881505908 16.08945860947783 4
    endloop
  endfacet
  facet normal 0 0 1
    outer loop
      vertex 34.544576211396134 8.37625172518883 4
      vertex 37.3729566323521 13.667779311278956 4
      vertex 33.33262881505908 16.08945860947783 4
    endloop
  endfacet
  facet normal 0 0 1
    outer loop
      vertex 34.544576211396134 8.37625172518883 4
      vertex 39.335094652285136 6.110505244390517 4
      vertex 37.3729566323521 13.667779311278956 4
    endloop
  endfacet
  facet normal 0 0 1
    outer loop
      vertex 39.335094652285136 6.110505244390517 4
      vertex 41.63119524647567 11.65378243945824 4
      vertex 37.3729566323521 13.667779311278956 4
    endloop
  endfacet
  facet normal 0 0 1
    outer loop
      vertex 39.335094652285136 6.110505244390517 4
      vertex 44.32462742825902 4.325221870460723 4
      vertex 41.63119524647567 11.65378243945824 4
    endloop
  endfacet
  facet normal 0 0 1
    outer loop
      vertex 44.32462742825902 4.325221870460723 4
      vertex 46.06633549178582 10.066863884853973 4
      vertex 41.63119524647567 11.65378243945824 4
    endloop
  endfacet
  facet normal 0 0 1
    outer loop
      vertex 44.32462742825902 4.325221870460723 4
      vertex 49.46512261112906 3.0375948582255603 4
      vertex 46.06633549178582 10.066863884853973 4
    endloop
  endfacet
  facet normal 0 0 1
    outer loop
      vertex 49.46512261112906 3.0375948582255603 4
      vertex 50.63566454322586 8.92230654064494 4
      vertex 46.06633549178582 10.066863884853973 4
    endloop
  endfacet
  facet normal 0 0 1
    outer loop
      vertex 49.46512261112906 3.0375948582255603 4
      vertex 54.70707442220373 2.2600247597013663 4
      vertex 50.63566454322586 8.92230654064494 4
    endloop
  endfacet
  facet normal 0 0 1
    outer loop
      vertex 54.70707442220373 2.2600247597013663 4
      vertex 55.29517726418106 8.231133119734551 4
      vertex 50.63566454322586 8.92230654064494 4
    endloop
  endfacet
  facet normal 0 0 1
    outer loop
      vertex 54.70707442220373 2.2600247597013663 4
      vertex 60 2 4
      vertex 55.29517726418106 8.231133119734551 4
    endloop
  endfacet
  facet normal 0 0 1
    outer loop
      vertex 55.29517726418106 8.231133119734551 4
      vertex 60 2 4
      vertex 60 8 4
    endloop
  endfacet
  facet normal 0 0 1
    outer loop
      vertex 29.999207416941488 100.89935906433745 4
      vertex 29.54912236014502 93.10450176141137 4
      vertex 33.33262881505908 95.91054139052217 4
    endloop
  endfacet
  facet normal 0 0 1
    outer loop
      vertex 29.999207416941488 100.89935906433745 4
      vertex 33.33262881505908 95.91054139052217 4
      vertex 34.544576211396134 103.62374827481116 4
    endloop
  endfacet
  facet normal 0 0 1
    outer loop
      vertex 34.544576211396134 103.62374827481116 4
      vertex 33.33262881505908 95.91054139052217 4
      vertex 37.3729566323521 98.33222068872104 4
    endloop
  endfacet
  facet normal 0 0 1
    outer loop
      vertex 34.544576211396134 103.62374827481116 4
      vertex 37.3729566323521 98.33222068872104 4
      vertex 39.335094652285136 105.88949475560949 4
    endloop
  endfacet
  facet normal 0 0 1
    outer loop
      vertex 39.335094652285136 105.88949475560949 4
      vertex 37.3729566323521 98.33222068872104 4
      vertex 41.63119524647567 100.34621756054176 4
    endloop
  endfacet
  facet normal 0 0 1
    outer loop
      vertex 39.335094652285136 105.88949475560949 4
      vertex 41.63119524647567 100.34621756054176 4
      vertex 44.32462742825902 107.67477812953928 4
    endloop
  endfacet
  facet normal 0 0 1
    outer loop
      vertex 44.32462742825902 107.67477812953928 4
      vertex 41.63119524647567 100.34621756054176 4
      vertex 46.06633549178582 101.93313611514603 4
    endloop
  endfacet
  facet normal 0 0 1
    outer loop
      vertex 49.46512261112906 108.96240514177444 4
      vertex 46.06633549178582 101.93313611514603 4
      vertex 50.63566454322586 103.07769345935506 4
    endloop
  endfacet
  facet normal 0 0 1
    outer loop
      vertex 44.32462742825902 107.67477812953928 4
      vertex 46.06633549178582 101.93313611514603 4
      vertex 49.46512261112906 108.96240514177444 4
    endloop
  endfacet
  facet normal 0 0 1
    outer loop
      vertex 49.46512261112906 108.96240514177444 4
      vertex 50.63566454322586 103.07769345935506 4
      vertex 54.70707442220373 109.73997524029863 4
    endloop
  endfacet
  facet normal 0 0 1
    outer loop
      vertex 54.70707442220373 109.73997524029863 4
      vertex 50.63566454322586 103.07769345935506 4
      vertex 55.29517726418106 103.76886688026545 4
    endloop
  endfacet
  facet normal 0 0 1
    outer loop
      vertex 54.70707442220373 109.73997524029863 4
      vertex 55.29517726418106 103.76886688026545 4
      vertex 60 110 4
    endloop
  endfacet
  facet normal 0 0 1
    outer loop
      vertex 60 110 4
      vertex 55.29517726418106 103.76886688026545 4
      vertex 60 104 4
    endloop
  endfacet
  facet normal 0 0 1
    outer loop
      vertex 2.5 112.5 4
      vertex 6.5 112.5 4
      vertex 2.548152733278016 113.4801714032956 4
    endloop
  endfacet
  facet normal 0 0 1
    outer loop
      vertex 2.548152733278016 113.4801714032956 4
      vertex 6.528891639966815 113.08810284197736 4
      vertex 2.692147195967692 114.45090322016128 4
    endloop
  endfacet
  facet normal 0 0 1
    outer loop
      vertex 2.692147195967692 114.45090322016128 4
      vertex 6.615288317580621 113.67054193209677 4
      vertex 2.9305966426779264 115.40284677254462 4
    endloop
  endfacet
  facet normal 0 0 1
    outer loop
      vertex 2.9305966426779264 115.40284677254462 4
      vertex 6.75835798560675 114.24170806352677 4
      vertex 3.261204674887125 116.3268343236509 4
    endloop
  endfacet
  facet normal 0 0 1
    outer loop
      vertex 2.548152733278016 113.4801714032956 4
      vertex 6.5 112.5 4
      vertex 6.528891639966815 113.08810284197736 4
    endloop
  endfacet
  facet normal 0 0 1
    outer loop
      vertex 2.692147195967692 114.45090322016128 4
      vertex 6.528891639966815 113.08810284197736 4
      vertex 6.615288317580621 113.67054193209677 4
    endloop
  endfacet
  facet normal 0 0 1
    outer loop
      vertex 2.9305966426779264 115.40284677254462 4
      vertex 6.615288317580621 113.67054193209677 4
      vertex 6.75835798560675 114.24170806352677 4
    endloop
  endfacet
  facet normal 0 0 1
    outer loop
      vertex 3.261204674887125 116.3268343236509 4
      vertex 6.956722804932269 114.79610059419053 4
      vertex 3.680787356516447 117.21396736825997 4
    endloop
  endfacet
  facet normal 0 0 1
    outer loop
      vertex 3.680787356516447 117.21396736825997 4
      vertex 7.208472413909874 115.32838042095598 4
      vertex 4.185303876974558 118.05570233019603 4
    endloop
  endfacet
  facet normal 0 0 1
    outer loop
      vertex 4.185303876974558 118.05570233019603 4
      vertex 7.5111823261847235 115.83342139811761 4
      vertex 4.769895466372617 118.84393284163646 4
    endloop
  endfacet
  facet normal 0 0 1
    outer loop
      vertex 3.261204674887125 116.3268343236509 4
      vertex 6.75835798560675 114.24170806352677 4
      vertex 6.956722804932269 114.79610059419053 4
    endloop
  endfacet
  facet normal 0 0 1
    outer loop
      vertex 3.680787356516447 117.21396736825997 4
      vertex 6.956722804932269 114.79610059419053 4
      vertex 7.208472413909874 115.32838042095598 4
    endloop
  endfacet
  facet normal 0 0 1
    outer loop
      vertex 4.185303876974558 118.05570233019603 4
      vertex 7.208472413909874 115.32838042095598 4
      vertex 7.5111823261847235 115.83342139811761 4
    endloop
  endfacet
  facet normal 0 0 1
    outer loop
      vertex 4.769895466372617 118.84393284163646 4
      vertex 7.8619372798235645 116.30635970498187 4
      vertex 5.4289321881345245 119.57106781186548 4
    endloop
  endfacet
  facet normal 0 0 1
    outer loop
      vertex 4.769895466372617 118.84393284163646 4
      vertex 7.5111823261847235 115.83342139811761 4
      vertex 7.8619372798235645 116.30635970498187 4
    endloop
  endfacet
  facet normal 0 0 1
    outer loop
      vertex 5.4289321881345245 119.57106781186548 4
      vertex 7.8619372798235645 116.30635970498187 4
      vertex 8.257359312880709 116.74264068711929 4
    endloop
  endfacet
  facet normal 0 0 1
    outer loop
      vertex 5.4289321881345245 119.57106781186548 4
      vertex 8.257359312880709 116.74264068711929 4
      vertex 6.156067158363555 120.23010453362737 4
    endloop
  endfacet
  facet normal 0 0 1
    outer loop
      vertex 6.156067158363555 120.23010453362737 4
      vertex 8.693640295018128 117.13806272017642 4
      vertex 6.944297669803973 120.81469612302546 4
    endloop
  endfacet
  facet normal 0 0 1
    outer loop
      vertex 6.156067158363555 120.23010453362737 4
      vertex 8.257359312880709 116.74264068711929 4
      vertex 8.693640295018128 117.13806272017642 4
    endloop
  endfacet
  facet normal 0 0 1
    outer loop
      vertex 6.944297669803973 120.81469612302546 4
      vertex 8.693640295018128 117.13806272017642 4
      vertex 9.166578601882378 117.48881767381528 4
    endloop
  endfacet
  facet normal 0 0 1
    outer loop
      vertex 7.786032631740028 121.31921264348355 4
      vertex 9.166578601882378 117.48881767381528 4
      vertex 9.671619579044005 117.79152758609013 4
    endloop
  endfacet
  facet normal 0 0 1
    outer loop
      vertex 8.6731656763491 121.73879532511287 4
      vertex 9.671619579044005 117.79152758609013 4
      vertex 10.203899405809466 118.04327719506772 4
    endloop
  endfacet
  facet normal 0 0 1
    outer loop
      vertex 9.59715322745538 122.06940335732209 4
      vertex 10.203899405809466 118.04327719506772 4
      vertex 10.758291936473228 118.24164201439325 4
    endloop
  endfacet
  facet normal 0 0 1
    outer loop
      vertex 6.944297669803973 120.81469612302546 4
      vertex 9.166578601882378 117.48881767381528 4
      vertex 7.786032631740028 121.31921264348355 4
    endloop
  endfacet
  facet normal 0 0 1
    outer loop
      vertex 7.786032631740028 121.31921264348355 4
      vertex 9.671619579044005 117.79152758609013 4
      vertex 8.6731656763491 121.73879532511287 4
    endloop
  endfacet
  facet normal 0 0 1
    outer loop
      vertex 8.6731656763491 121.73879532511287 4
      vertex 10.203899405809466 118.04327719506772 4
      vertex 9.59715322745538 122.06940335732209 4
    endloop
  endfacet
  facet normal 0 0 1
    outer loop
      vertex 9.59715322745538 122.06940335732209 4
      vertex 10.758291936473228 118.24164201439325 4
      vertex 10.54909677983872 122.30785280403231 4
    endloop
  endfacet
  facet normal 0 0 1
    outer loop
      vertex 10.54909677983872 122.30785280403231 4
      vertex 10.758291936473228 118.24164201439325 4
      vertex 11.329458067903232 118.38471168241938 4
    endloop
  endfacet
  facet normal 0 0 1
    outer loop
      vertex 10.54909677983872 122.30785280403231 4
      vertex 11.329458067903232 118.38471168241938 4
      vertex 11.5198285967044 122.45184726672197 4
    endloop
  endfacet
  facet normal 0 0 1
    outer loop
      vertex 11.5198285967044 122.45184726672197 4
      vertex 11.329458067903232 118.38471168241938 4
      vertex 11.91189715802264 118.47110836003318 4
    endloop
  endfacet
  facet normal 0 0 1
    outer loop
      vertex 11.5198285967044 122.45184726672197 4
      vertex 11.91189715802264 118.47110836003318 4
      vertex 12.5 122.5 4
    endloop
  endfacet
  facet normal 0 0 1
    outer loop
      vertex 12.5 122.5 4
      vertex 11.91189715802264 118.47110836003318 4
      vertex 12.5 118.5 4
    endloop
  endfacet
  facet normal 0 0 1
    outer loop
      vertex 13.4801714032956 122.45184726672197 4
      vertex 12.5 118.5 4
      vertex 13.08810284197736 118.47110836003318 4
    endloop
  endfacet
  facet normal 0 0 1
    outer loop
      vertex 12.5 122.5 4
      vertex 12.5 118.5 4
      vertex 13.4801714032956 122.45184726672197 4
    endloop
  endfacet
  facet normal 0 0 1
    outer loop
      vertex 14.45090322016128 122.30785280403231 4
      vertex 13.08810284197736 118.47110836003318 4
      vertex 13.670541932096768 118.38471168241938 4
    endloop
  endfacet
  facet normal 0 0 1
    outer loop
      vertex 13.4801714032956 122.45184726672197 4
      vertex 13.08810284197736 118.47110836003318 4
      vertex 14.45090322016128 122.30785280403231 4
    endloop
  endfacet
  facet normal 0 0 1
    outer loop
      vertex 15.40284677254462 122.06940335732209 4
      vertex 13.670541932096768 118.38471168241938 4
      vertex 14.241708063526772 118.24164201439325 4
    endloop
  endfacet
  facet normal 0 0 1
    outer loop
      vertex 14.45090322016128 122.30785280403231 4
      vertex 13.670541932096768 118.38471168241938 4
      vertex 15.40284677254462 122.06940335732209 4
    endloop
  endfacet
  facet normal 0 0 1
    outer loop
      vertex 10.11050524439051 148.33509465228514 4
      vertex 12.376251725188837 143.54457621139613 4
      vertex 17.667779311278963 146.3729566323521 4
    endloop
  endfacet
  facet normal 0 0 1
    outer loop
      vertex 10.11050524439051 148.33509465228514 4
      vertex 15.65378243945824 150.6311952464757 4
      vertex 8.325221870460723 153.32462742825902 4
    endloop
  endfacet
  facet normal 0 0 1
    outer loop
      vertex 8.325221870460723 153.32462742825902 4
      vertex 15.65378243945824 150.6311952464757 4
      vertex 14.066863884853973 155.06633549178582 4
    endloop
  endfacet
  facet normal 0 0 1
    outer loop
      vertex 10.11050524439051 148.33509465228514 4
      vertex 17.667779311278963 146.3729566323521 4
      vertex 15.65378243945824 150.6311952464757 4
    endloop
  endfacet
  facet normal 0 0 1
    outer loop
      vertex 6.260024759701366 163.70707442220373 4
      vertex 7.03759485822556 158.46512261112906 4
      vertex 12.92230654064494 159.63566454322586 4
    endloop
  endfacet
  facet normal 0 0 1
    outer loop
      vertex 8.325221870460723 153.32462742825902 4
      vertex 14.066863884853973 155.06633549178582 4
      vertex 7.03759485822556 158.46512261112906 4
    endloop
  endfacet
  facet normal 0 0 1
    outer loop
      vertex 6.260024759701366 163.70707442220373 4
      vertex 12.231133119734551 164.2951772641811 4
      vertex 6 169 4
    endloop
  endfacet
  facet normal 0 0 1
    outer loop
      vertex 6.260024759701366 163.70707442220373 4
      vertex 12.92230654064494 159.63566454322586 4
      vertex 12.231133119734551 164.2951772641811 4
    endloop
  endfacet
  facet normal 0 0 1
    outer loop
      vertex 6 169 4
      vertex 12.231133119734551 164.2951772641811 4
      vertex 12 169 4
    endloop
  endfacet
  facet normal 0 0 1
    outer loop
      vertex 7.03759485822556 158.46512261112906 4
      vertex 14.066863884853973 155.06633549178582 4
      vertex 12.92230654064494 159.63566454322586 4
    endloop
  endfacet
  facet normal 0 0 1
    outer loop
      vertex 16 121.85573851603712 4
      vertex 14.241708063526772 118.24164201439325 4
      vertex 14.796100594190534 118.04327719506772 4
    endloop
  endfacet
  facet normal 0 0 1
    outer loop
      vertex 16 121.85573851603712 4
      vertex 14.796100594190534 118.04327719506772 4
      vertex 15.328380420955995 117.79152758609013 4
    endloop
  endfacet
  facet normal 0 0 1
    outer loop
      vertex 16 121.85573851603712 4
      vertex 15.328380420955995 117.79152758609013 4
      vertex 15.833421398117622 117.48881767381528 4
    endloop
  endfacet
  facet normal 0 0 1
    outer loop
      vertex 16 121.85573851603712 4
      vertex 15.833421398117622 117.48881767381528 4
      vertex 16.306359704981872 117.13806272017642 4
    endloop
  endfacet
  facet normal 0 0 1
    outer loop
      vertex 15.40284677254462 122.06940335732209 4
      vertex 14.241708063526772 118.24164201439325 4
      vertex 16 121.85573851603712 4
    endloop
  endfacet
  facet normal 0 0 1
    outer loop
      vertex 23 129.74333068621075 4
      vertex 16.306359704981872 117.13806272017642 4
      vertex 16.74264068711929 116.74264068711929 4
    endloop
  endfacet
  facet normal 0 0 1
    outer loop
      vertex 16 121.85573851603712 4
      vertex 16.306359704981872 117.13806272017642 4
      vertex 23 129.74333068621075 4
    endloop
  endfacet
  facet normal 0 0 1
    outer loop
      vertex 23 103.9698817489015 4
      vertex 23 129.74333068621075 4
      vertex 18.04327719506773 114.79610059419053 4
    endloop
  endfacet
  facet normal 0 0 1
    outer loop
      vertex 23 129.74333068621075 4
      vertex 16.74264068711929 116.74264068711929 4
      vertex 17.138062720176436 116.30635970498187 4
    endloop
  endfacet
  facet normal 0 0 1
    outer loop
      vertex 23 129.74333068621075 4
      vertex 17.138062720176436 116.30635970498187 4
      vertex 17.488817673815277 115.83342139811761 4
    endloop
  endfacet
  facet normal 0 0 1
    outer loop
      vertex 23 129.74333068621075 4
      vertex 17.488817673815277 115.83342139811761 4
      vertex 17.791527586090126 115.32838042095598 4
    endloop
  endfacet
  facet normal 0 0 1
    outer loop
      vertex 23 129.74333068621075 4
      vertex 17.791527586090126 115.32838042095598 4
      vertex 18.04327719506773 114.79610059419053 4
    endloop
  endfacet
  facet normal 0 0 1
    outer loop
      vertex 16 121.85573851603712 4
      vertex 23 129.74333068621075 4
      vertex 16 137.786562096503 4
    endloop
  endfacet
  facet normal 0 0 1
    outer loop
      vertex 16 137.786562096503 4
      vertex 20.089458609477845 142.33262881505908 4
      vertex 15.100640935662568 138.9992074169415 4
    endloop
  endfacet
  facet normal 0 0 1
    outer loop
      vertex 16 137.786562096503 4
      vertex 22.89549823858863 138.54912236014502 4
      vertex 20.089458609477845 142.33262881505908 4
    endloop
  endfacet
  facet normal 0 0 1
    outer loop
      vertex 16 137.786562096503 4
      vertex 23 129.74333068621075 4
      vertex 22.89549823858863 138.54912236014502 4
    endloop
  endfacet
  facet normal 0 0 1
    outer loop
      vertex 25.742762655163148 127.2574355184122 4
      vertex 29.54912236014502 131.89549823858863 4
      vertex 23 129.74333068621075 4
    endloop
  endfacet
  facet normal 0 0 1
    outer loop
      vertex 23 129.74333068621075 4
      vertex 29.54912236014502 131.89549823858863 4
      vertex 26.05887450304573 135.05887450304573 4
    endloop
  endfacet
  facet normal 0 0 1
    outer loop
      vertex 23 129.74333068621075 4
      vertex 26.05887450304573 135.05887450304573 4
      vertex 22.89549823858863 138.54912236014502 4
    endloop
  endfacet
  facet normal 0 0 1
    outer loop
      vertex 25.742762655163148 127.2574355184122 4
      vertex 29.999207416941488 124.10064093566255 4
      vertex 29.54912236014502 131.89549823858863 4
    endloop
  endfacet
  facet normal 0 0 1
    outer loop
      vertex 12.376251725188837 143.54457621139613 4
      vertex 15.100640935662568 138.9992074169415 4
      vertex 20.089458609477845 142.33262881505908 4
    endloop
  endfacet
  facet normal 0 0 1
    outer loop
      vertex 12.376251725188837 143.54457621139613 4
      vertex 20.089458609477845 142.33262881505908 4
      vertex 17.667779311278963 146.3729566323521 4
    endloop
  endfacet
  facet normal 0 0 1
    outer loop
      vertex 6 169 4
      vertex 12 169 4
      vertex 6.260024759701366 174.29292557779627 4
    endloop
  endfacet
  facet normal 0 0 1
    outer loop
      vertex 6.260024759701366 174.29292557779627 4
      vertex 12 169 4
      vertex 12.231133119734551 173.7048227358189 4
    endloop
  endfacet
  facet normal 0 0 1
    outer loop
      vertex 6.260024759701366 174.29292557779627 4
      vertex 12.231133119734551 173.7048227358189 4
      vertex 7.03759485822556 179.53487738887094 4
    endloop
  endfacet
  facet normal 0 0 1
    outer loop
      vertex 7.03759485822556 179.53487738887094 4
      vertex 12.231133119734551 173.7048227358189 4
      vertex 12.92230654064494 178.36433545677414 4
    endloop
  endfacet
  facet normal 0 0 1
    outer loop
      vertex 7.03759485822556 179.53487738887094 4
      vertex 12.92230654064494 178.36433545677414 4
      vertex 8.325221870460723 184.67537257174098 4
    endloop
  endfacet
  facet normal 0 0 1
    outer loop
      vertex 8.325221870460723 184.67537257174098 4
      vertex 12.92230654064494 178.36433545677414 4
      vertex 14.066863884853973 182.93366450821418 4
    endloop
  endfacet
  facet normal 0 0 1
    outer loop
      vertex 8.325221870460723 184.67537257174098 4
      vertex 14.066863884853973 182.93366450821418 4
      vertex 10.11050524439051 189.66490534771486 4
    endloop
  endfacet
  facet normal 0 0 1
    outer loop
      vertex 10.11050524439051 189.66490534771486 4
      vertex 14.066863884853973 182.93366450821418 4
      vertex 15.65378243945824 187.3688047535243 4
    endloop
  endfacet
  facet normal 0 0 1
    outer loop
      vertex 10.11050524439051 189.66490534771486 4
      vertex 15.65378243945824 187.3688047535243 4
      vertex 12.376251725188837 194.45542378860387 4
    endloop
  endfacet
  facet normal 0 0 1
    outer loop
      vertex 12.376251725188837 194.45542378860387 4
      vertex 15.65378243945824 187.3688047535243 4
      vertex 15.100640935662568 199.0007925830585 4
    endloop
  endfacet
  facet normal 0 0 1
    outer loop
      vertex 17.667779311278963 191.6270433676479 4
      vertex 15.100640935662568 199.0007925830585 4
      vertex 15.65378243945824 187.3688047535243 4
    endloop
  endfacet
  facet normal 0 0 1
    outer loop
      vertex 17.667779311278963 191.6270433676479 4
      vertex 20.089458609477845 195.66737118494092 4
      vertex 15.100640935662568 199.0007925830585 4
    endloop
  endfacet
  facet normal 0 0 1
    outer loop
      vertex 15.100640935662568 199.0007925830585 4
      vertex 20.089458609477845 195.66737118494092 4
      vertex 22.89549823858863 199.45087763985498 4
    endloop
  endfacet
  facet normal 0 0 1
    outer loop
      vertex 15.100640935662568 199.0007925830585 4
      vertex 22.89549823858863 199.45087763985498 4
      vertex 18.257435518412194 203.25723734483685 4
    endloop
  endfacet
  facet normal 0 0 1
    outer loop
      vertex 18.257435518412194 203.25723734483685 4
      vertex 22.89549823858863 199.45087763985498 4
      vertex 26.05887450304573 202.94112549695427 4
    endloop
  endfacet
  facet normal 0 0 1
    outer loop
      vertex 18.257435518412194 203.25723734483685 4
      vertex 26.05887450304573 202.94112549695427 4
      vertex 21.816233815926438 207.18376618407356 4
    endloop
  endfacet
  facet normal 0 0 1
    outer loop
      vertex 21.816233815926438 207.18376618407356 4
      vertex 26.05887450304573 202.94112549695427 4
      vertex 29.54912236014502 206.10450176141137 4
    endloop
  endfacet
  facet normal 0 0 1
    outer loop
      vertex 21.816233815926438 207.18376618407356 4
      vertex 29.54912236014502 206.10450176141137 4
      vertex 25.742762655163148 210.7425644815878 4
    endloop
  endfacet
  facet normal 0 0 1
    outer loop
      vertex 25.742762655163148 210.7425644815878 4
      vertex 29.54912236014502 206.10450176141137 4
      vertex 33.33262881505908 208.91054139052216 4
    endloop
  endfacet
  facet normal 0 0 1
    outer loop
      vertex 25.742762655163148 210.7425644815878 4
      vertex 33.33262881505908 208.91054139052216 4
      vertex 29.999207416941488 213.89935906433743 4
    endloop
  endfacet
  facet normal 0 0 1
    outer loop
      vertex 29.999207416941488 124.10064093566255 4
      vertex 34.544576211396134 121.37625172518884 4
      vertex 33.33262881505908 129.08945860947784 4
    endloop
  endfacet
  facet normal 0 0 1
    outer loop
      vertex 34.544576211396134 121.37625172518884 4
      vertex 37.3729566323521 126.66777931127896 4
      vertex 33.33262881505908 129.08945860947784 4
    endloop
  endfacet
  facet normal 0 0 1
    outer loop
      vertex 34.544576211396134 121.37625172518884 4
      vertex 39.335094652285136 119.11050524439051 4
      vertex 37.3729566323521 126.66777931127896 4
    endloop
  endfacet
  facet normal 0 0 1
    outer loop
      vertex 29.999207416941488 124.10064093566255 4
      vertex 33.33262881505908 129.08945860947784 4
      vertex 29.54912236014502 131.89549823858863 4
    endloop
  endfacet
  facet normal 0 0 1
    outer loop
      vertex 39.335094652285136 119.11050524439051 4
      vertex 41.63119524647567 124.65378243945824 4
      vertex 37.3729566323521 126.66777931127896 4
    endloop
  endfacet
  facet normal 0 0 1
    outer loop
      vertex 39.335094652285136 119.11050524439051 4
      vertex 44.32462742825902 117.32522187046072 4
      vertex 41.63119524647567 124.65378243945824 4
    endloop
  endfacet
  facet normal 0 0 1
    outer loop
      vertex 44.32462742825902 117.32522187046072 4
      vertex 46.06633549178582 123.06686388485397 4
      vertex 41.63119524647567 124.65378243945824 4
    endloop
  endfacet
  facet normal 0 0 1
    outer loop
      vertex 44.32462742825902 117.32522187046072 4
      vertex 49.46512261112906 116.03759485822556 4
      vertex 46.06633549178582 123.06686388485397 4
    endloop
  endfacet
  facet normal 0 0 1
    outer loop
      vertex 49.46512261112906 116.03759485822556 4
      vertex 50.63566454322586 121.92230654064494 4
      vertex 46.06633549178582 123.06686388485397 4
    endloop
  endfacet
  facet normal 0 0 1
    outer loop
      vertex 49.46512261112906 116.03759485822556 4
      vertex 54.70707442220373 115.26002475970137 4
      vertex 50.63566454322586 121.92230654064494 4
    endloop
  endfacet
  facet normal 0 0 1
    outer loop
      vertex 54.70707442220373 115.26002475970137 4
      vertex 55.29517726418106 121.23113311973455 4
      vertex 50.63566454322586 121.92230654064494 4
    endloop
  endfacet
  facet normal 0 0 1
    outer loop
      vertex 54.70707442220373 115.26002475970137 4
      vertex 60 121 4
      vertex 55.29517726418106 121.23113311973455 4
    endloop
  endfacet
  facet normal 0 0 1
    outer loop
      vertex 60 115 4
      vertex 60 121 4
      vertex 54.70707442220373 115.26002475970137 4
    endloop
  endfacet
  facet normal 0 0 1
    outer loop
      vertex 29.999207416941488 213.89935906433743 4
      vertex 33.33262881505908 208.91054139052216 4
      vertex 37.3729566323521 211.33222068872104 4
    endloop
  endfacet
  facet normal 0 0 1
    outer loop
      vertex 29.999207416941488 213.89935906433743 4
      vertex 37.3729566323521 211.33222068872104 4
      vertex 34.544576211396134 216.62374827481116 4
    endloop
  endfacet
  facet normal 0 0 1
    outer loop
      vertex 34.544576211396134 216.62374827481116 4
      vertex 37.3729566323521 211.33222068872104 4
      vertex 41.63119524647567 213.34621756054176 4
    endloop
  endfacet
  facet normal 0 0 1
    outer loop
      vertex 34.544576211396134 216.62374827481116 4
      vertex 41.63119524647567 213.34621756054176 4
      vertex 39.335094652285136 218.8894947556095 4
    endloop
  endfacet
  facet normal 0 0 1
    outer loop
      vertex 39.335094652285136 218.8894947556095 4
      vertex 41.63119524647567 213.34621756054176 4
      vertex 46.06633549178582 214.93313611514603 4
    endloop
  endfacet
  facet normal 0 0 1
    outer loop
      vertex 39.335094652285136 218.8894947556095 4
      vertex 46.06633549178582 214.93313611514603 4
      vertex 44.32462742825902 220.67477812953928 4
    endloop
  endfacet
  facet normal 0 0 1
    outer loop
      vertex 44.32462742825902 220.67477812953928 4
      vertex 46.06633549178582 214.93313611514603 4
      vertex 50.63566454322586 216.07769345935506 4
    endloop
  endfacet
  facet normal 0 0 1
    outer loop
      vertex 44.32462742825902 220.67477812953928 4
      vertex 50.63566454322586 216.07769345935506 4
      vertex 49.46512261112906 221.96240514177444 4
    endloop
  endfacet
  facet normal 0 0 1
    outer loop
      vertex 49.46512261112906 221.96240514177444 4
      vertex 50.63566454322586 216.07769345935506 4
      vertex 55.29517726418106 216.76886688026545 4
    endloop
  endfacet
  facet normal 0 0 1
    outer loop
      vertex 49.46512261112906 221.96240514177444 4
      vertex 55.29517726418106 216.76886688026545 4
      vertex 54.70707442220373 222.73997524029863 4
    endloop
  endfacet
  facet normal 0 0 1
    outer loop
      vertex 54.70707442220373 222.73997524029863 4
      vertex 55.29517726418106 216.76886688026545 4
      vertex 60 217 4
    endloop
  endfacet
  facet normal 0 0 1
    outer loop
      vertex 54.70707442220373 222.73997524029863 4
      vertex 60 217 4
      vertex 60 223 4
    endloop
  endfacet
  facet normal 0 0 1
    outer loop
      vertex 60 2 4
      vertex 65.29292557779627 2.2600247597013663 4
      vertex 60 8 4
    endloop
  endfacet
  facet normal 0 0 1
    outer loop
      vertex 60 8 4
      vertex 65.29292557779627 2.2600247597013663 4
      vertex 64.70482273581894 8.231133119734551 4
    endloop
  endfacet
  facet normal 0 0 1
    outer loop
      vertex 65.29292557779627 2.2600247597013663 4
      vertex 70.53487738887094 3.0375948582255603 4
      vertex 64.70482273581894 8.231133119734551 4
    endloop
  endfacet
  facet normal 0 0 1
    outer loop
      vertex 64.70482273581894 8.231133119734551 4
      vertex 70.53487738887094 3.0375948582255603 4
      vertex 69.36433545677414 8.92230654064494 4
    endloop
  endfacet
  facet normal 0 0 1
    outer loop
      vertex 69.36433545677414 8.92230654064494 4
      vertex 70.53487738887094 3.0375948582255603 4
      vertex 75.67537257174098 4.325221870460723 4
    endloop
  endfacet
  facet normal 0 0 1
    outer loop
      vertex 69.36433545677414 8.92230654064494 4
      vertex 75.67537257174098 4.325221870460723 4
      vertex 73.93366450821418 10.066863884853973 4
    endloop
  endfacet
  facet normal 0 0 1
    outer loop
      vertex 75.67537257174098 4.325221870460723 4
      vertex 80.66490534771486 6.110505244390517 4
      vertex 73.93366450821418 10.066863884853973 4
    endloop
  endfacet
  facet normal 0 0 1
    outer loop
      vertex 80.66490534771486 6.110505244390517 4
      vertex 78.36880475352433 11.65378243945824 4
      vertex 73.93366450821418 10.066863884853973 4
    endloop
  endfacet
  facet normal 0 0 1
    outer loop
      vertex 80.66490534771486 6.110505244390517 4
      vertex 85.45542378860387 8.37625172518883 4
      vertex 78.36880475352433 11.65378243945824 4
    endloop
  endfacet
  facet normal 0 0 1
    outer loop
      vertex 85.45542378860387 8.37625172518883 4
      vertex 82.6270433676479 13.667779311278956 4
      vertex 78.36880475352433 11.65378243945824 4
    endloop
  endfacet
  facet normal 0 0 1
    outer loop
      vertex 85.45542378860387 8.37625172518883 4
      vertex 90.00079258305851 11.100640935662554 4
      vertex 82.6270433676479 13.667779311278956 4
    endloop
  endfacet
  facet normal 0 0 1
    outer loop
      vertex 90.00079258305851 11.100640935662554 4
      vertex 86.66737118494092 16.08945860947783 4
      vertex 82.6270433676479 13.667779311278956 4
    endloop
  endfacet
  facet normal 0 0 1
    outer loop
      vertex 60 110 4
      vertex 60 104 4
      vertex 65.29292557779627 109.73997524029863 4
    endloop
  endfacet
  facet normal 0 0 1
    outer loop
      vertex 65.29292557779627 109.73997524029863 4
      vertex 60 104 4
      vertex 64.70482273581894 103.76886688026545 4
    endloop
  endfacet
  facet normal 0 0 1
    outer loop
      vertex 65.29292557779627 109.73997524029863 4
      vertex 64.70482273581894 103.76886688026545 4
      vertex 69.36433545677414 103.07769345935506 4
    endloop
  endfacet
  facet normal 0 0 1
    outer loop
      vertex 65.29292557779627 109.73997524029863 4
      vertex 69.36433545677414 103.07769345935506 4
      vertex 70.53487738887094 108.96240514177444 4
    endloop
  endfacet
  facet normal 0 0 1
    outer loop
      vertex 70.53487738887094 108.96240514177444 4
      vertex 69.36433545677414 103.07769345935506 4
      vertex 73.93366450821418 101.93313611514603 4
    endloop
  endfacet
  facet normal 0 0 1
    outer loop
      vertex 70.53487738887094 108.96240514177444 4
      vertex 73.93366450821418 101.93313611514603 4
      vertex 75.67537257174098 107.67477812953928 4
    endloop
  endfacet
  facet normal 0 0 1
    outer loop
      vertex 75.67537257174098 107.67477812953928 4
      vertex 73.93366450821418 101.93313611514603 4
      vertex 78.36880475352433 100.34621756054176 4
    endloop
  endfacet
  facet normal 0 0 1
    outer loop
      vertex 75.67537257174098 107.67477812953928 4
      vertex 78.36880475352433 100.34621756054176 4
      vertex 80.66490534771486 105.88949475560949 4
    endloop
  endfacet
  facet normal 0 0 1
    outer loop
      vertex 80.66490534771486 105.88949475560949 4
      vertex 78.36880475352433 100.34621756054176 4
      vertex 82.6270433676479 98.33222068872104 4
    endloop
  endfacet
  facet normal 0 0 1
    outer loop
      vertex 90.00079258305851 100.89935906433745 4
      vertex 86.66737118494092 95.91054139052217 4
      vertex 90.45087763985498 93.10450176141137 4
    endloop
  endfacet
  facet normal 0 0 1
    outer loop
      vertex 80.66490534771486 105.88949475560949 4
      vertex 82.6270433676479 98.33222068872104 4
      vertex 85.45542378860387 103.62374827481116 4
    endloop
  endfacet
  facet normal 0 0 1
    outer loop
      vertex 85.45542378860387 103.62374827481116 4
      vertex 82.6270433676479 98.33222068872104 4
      vertex 86.66737118494092 95.91054139052217 4
    endloop
  endfacet
  facet normal 0 0 1
    outer loop
      vertex 85.45542378860387 103.62374827481116 4
      vertex 86.66737118494092 95.91054139052217 4
      vertex 90.00079258305851 100.89935906433745 4
    endloop
  endfacet
  facet normal 0 0 1
    outer loop
      vertex 90.00079258305851 11.100640935662554 4
      vertex 94.25723734483688 14.257435518412201 4
      vertex 86.66737118494092 16.08945860947783 4
    endloop
  endfacet
  facet normal 0 0 1
    outer loop
      vertex 94.25723734483688 14.257435518412201 4
      vertex 90.45087763985498 18.895498238588623 4
      vertex 86.66737118494092 16.08945860947783 4
    endloop
  endfacet
  facet normal 0 0 1
    outer loop
      vertex 94.25723734483688 14.257435518412201 4
      vertex 98.18376618407359 17.81623381592643 4
      vertex 90.45087763985498 18.895498238588623 4
    endloop
  endfacet
  facet normal 0 0 1
    outer loop
      vertex 98.18376618407359 17.81623381592643 4
      vertex 93.94112549695427 22.058874503045715 4
      vertex 90.45087763985498 18.895498238588623 4
    endloop
  endfacet
  facet normal 0 0 1
    outer loop
      vertex 98.18376618407359 17.81623381592643 4
      vertex 101.7425644815878 21.74276265516314 4
      vertex 93.94112549695427 22.058874503045715 4
    endloop
  endfacet
  facet normal 0 0 1
    outer loop
      vertex 101.7425644815878 21.74276265516314 4
      vertex 97.10450176141137 25.549122360145017 4
      vertex 93.94112549695427 22.058874503045715 4
    endloop
  endfacet
  facet normal 0 0 1
    outer loop
      vertex 101.7425644815878 21.74276265516314 4
      vertex 104.89935906433743 25.99920741694148 4
      vertex 97.10450176141137 25.549122360145017 4
    endloop
  endfacet
  facet normal 0 0 1
    outer loop
      vertex 104.89935906433743 25.99920741694148 4
      vertex 99.91054139052216 29.332628815059095 4
      vertex 97.10450176141137 25.549122360145017 4
    endloop
  endfacet
  facet normal 0 0 1
    outer loop
      vertex 99.91054139052216 29.332628815059095 4
      vertex 104.89935906433743 25.99920741694148 4
      vertex 102.33222068872107 33.372956632352114 4
    endloop
  endfacet
  facet normal 0 0 1
    outer loop
      vertex 102.33222068872107 33.372956632352114 4
      vertex 104.89935906433743 25.99920741694148 4
      vertex 104.34621756054173 37.63119524647569 4
    endloop
  endfacet
  facet normal 0 0 1
    outer loop
      vertex 107.62374827481119 30.544576211396127 4
      vertex 104.34621756054173 37.63119524647569 4
      vertex 104.89935906433743 25.99920741694148 4
    endloop
  endfacet
  facet normal 0 0 1
    outer loop
      vertex 107.62374827481119 30.544576211396127 4
      vertex 109.88949475560946 35.33509465228515 4
      vertex 104.34621756054173 37.63119524647569 4
    endloop
  endfacet
  facet normal 0 0 1
    outer loop
      vertex 109.88949475560946 35.33509465228515 4
      vertex 105.933136115146 42.06633549178581 4
      vertex 104.34621756054173 37.63119524647569 4
    endloop
  endfacet
  facet normal 0 0 1
    outer loop
      vertex 109.88949475560946 35.33509465228515 4
      vertex 111.67477812953928 40.324627428259035 4
      vertex 105.933136115146 42.06633549178581 4
    endloop
  endfacet
  facet normal 0 0 1
    outer loop
      vertex 111.67477812953928 40.324627428259035 4
      vertex 107.07769345935503 46.63566454322584 4
      vertex 105.933136115146 42.06633549178581 4
    endloop
  endfacet
  facet normal 0 0 1
    outer loop
      vertex 111.67477812953928 40.324627428259035 4
      vertex 112.96240514177441 45.465122611129075 4
      vertex 107.07769345935503 46.63566454322584 4
    endloop
  endfacet
  facet normal 0 0 1
    outer loop
      vertex 112.96240514177441 45.465122611129075 4
      vertex 107.76886688026548 51.29517726418109 4
      vertex 107.07769345935503 46.63566454322584 4
    endloop
  endfacet
  facet normal 0 0 1
    outer loop
      vertex 112.96240514177441 45.465122611129075 4
      vertex 113.73997524029863 50.707074422203725 4
      vertex 107.76886688026548 51.29517726418109 4
    endloop
  endfacet
  facet normal 0 0 1
    outer loop
      vertex 113.73997524029863 50.707074422203725 4
      vertex 108 56 4
      vertex 107.76886688026548 51.29517726418109 4
    endloop
  endfacet
  facet normal 0 0 1
    outer loop
      vertex 113.73997524029863 50.707074422203725 4
      vertex 114 56 4
      vertex 108 56 4
    endloop
  endfacet
  facet normal 0 0 1
    outer loop
      vertex 107.62374827481119 81.45542378860387 4
      vertex 99.91054139052216 82.6673711849409 4
      vertex 102.33222068872107 78.62704336764789 4
    endloop
  endfacet
  facet normal 0 0 1
    outer loop
      vertex 104.89935906433743 86.00079258305851 4
      vertex 99.91054139052216 82.6673711849409 4
      vertex 107.62374827481119 81.45542378860387 4
    endloop
  endfacet
  facet normal 0 0 1
    outer loop
      vertex 90.00079258305851 100.89935906433745 4
      vertex 90.45087763985498 93.10450176141137 4
      vertex 94.25723734483688 97.7425644815878 4
    endloop
  endfacet
  facet normal 0 0 1
    outer loop
      vertex 97 95.25666931378926 4
      vertex 93.94112549695427 89.94112549695429 4
      vertex 97.10450176141137 86.45087763985498 4
    endloop
  endfacet
  facet normal 0 0 1
    outer loop
      vertex 97 95.25666931378926 4
      vertex 90.45087763985498 93.10450176141137 4
      vertex 93.94112549695427 89.94112549695429 4
    endloop
  endfacet
  facet normal 0 0 1
    outer loop
      vertex 97 95.25666931378926 4
      vertex 94.25723734483688 97.7425644815878 4
      vertex 90.45087763985498 93.10450176141137 4
    endloop
  endfacet
  facet normal 0 0 1
    outer loop
      vertex 97 95.25666931378926 4
      vertex 97.10450176141137 86.45087763985498 4
      vertex 104 87.21343790349701 4
    endloop
  endfacet
  facet normal 0 0 1
    outer loop
      vertex 104 87.21343790349701 4
      vertex 97.10450176141137 86.45087763985498 4
      vertex 99.91054139052216 82.6673711849409 4
    endloop
  endfacet
  facet normal 0 0 1
    outer loop
      vertex 104.89935906433743 86.00079258305851 4
      vertex 104 87.21343790349701 4
      vertex 99.91054139052216 82.6673711849409 4
    endloop
  endfacet
  facet normal 0 0 1
    outer loop
      vertex 97 95.25666931378926 4
      vertex 104 87.21343790349701 4
      vertex 97 129.74333068621073 4
    endloop
  endfacet
  facet normal 0 0 1
    outer loop
      vertex 112.96240514177441 66.53487738887092 4
      vertex 105.933136115146 69.93366450821419 4
      vertex 107.07769345935503 65.36433545677416 4
    endloop
  endfacet
  facet normal 0 0 1
    outer loop
      vertex 114 56 4
      vertex 107.76886688026548 60.70482273581891 4
      vertex 108 56 4
    endloop
  endfacet
  facet normal 0 0 1
    outer loop
      vertex 113.73997524029863 61.292925577796275 4
      vertex 107.07769345935503 65.36433545677416 4
      vertex 107.76886688026548 60.70482273581891 4
    endloop
  endfacet
  facet normal 0 0 1
    outer loop
      vertex 114 56 4
      vertex 113.73997524029863 61.292925577796275 4
      vertex 107.76886688026548 60.70482273581891 4
    endloop
  endfacet
  facet normal 0 0 1
    outer loop
      vertex 112.96240514177441 66.53487738887092 4
      vertex 111.67477812953928 71.67537257174097 4
      vertex 105.933136115146 69.93366450821419 4
    endloop
  endfacet
  facet normal 0 0 1
    outer loop
      vertex 112.96240514177441 66.53487738887092 4
      vertex 107.07769345935503 65.36433545677416 4
      vertex 113.73997524029863 61.292925577796275 4
    endloop
  endfacet
  facet normal 0 0 1
    outer loop
      vertex 109.88949475560946 76.66490534771485 4
      vertex 102.33222068872107 78.62704336764789 4
      vertex 104.34621756054173 74.3688047535243 4
    endloop
  endfacet
  facet normal 0 0 1
    outer loop
      vertex 111.67477812953928 71.67537257174097 4
      vertex 104.34621756054173 74.3688047535243 4
      vertex 105.933136115146 69.93366450821419 4
    endloop
  endfacet
  facet normal 0 0 1
    outer loop
      vertex 109.88949475560946 76.66490534771485 4
      vertex 104.34621756054173 74.3688047535243 4
      vertex 111.67477812953928 71.67537257174097 4
    endloop
  endfacet
  facet normal 0 0 1
    outer loop
      vertex 109.88949475560946 76.66490534771485 4
      vertex 107.62374827481119 81.45542378860387 4
      vertex 102.33222068872107 78.62704336764789 4
    endloop
  endfacet
  facet normal 0 0 1
    outer loop
      vertex 60 115 4
      vertex 64.70482273581894 121.23113311973455 4
      vertex 60 121 4
    endloop
  endfacet
  facet normal 0 0 1
    outer loop
      vertex 60 115 4
      vertex 65.29292557779627 115.26002475970137 4
      vertex 64.70482273581894 121.23113311973455 4
    endloop
  endfacet
  facet normal 0 0 1
    outer loop
      vertex 65.29292557779627 115.26002475970137 4
      vertex 69.36433545677414 121.92230654064494 4
      vertex 64.70482273581894 121.23113311973455 4
    endloop
  endfacet
  facet normal 0 0 1
    outer loop
      vertex 65.29292557779627 115.26002475970137 4
      vertex 70.53487738887094 116.03759485822556 4
      vertex 69.36433545677414 121.92230654064494 4
    endloop
  endfacet
  facet normal 0 0 1
    outer loop
      vertex 70.53487738887094 116.03759485822556 4
      vertex 75.67537257174098 117.32522187046072 4
      vertex 73.93366450821418 123.06686388485397 4
    endloop
  endfacet
  facet normal 0 0 1
    outer loop
      vertex 70.53487738887094 116.03759485822556 4
      vertex 73.93366450821418 123.06686388485397 4
      vertex 69.36433545677414 121.92230654064494 4
    endloop
  endfacet
  facet normal 0 0 1
    outer loop
      vertex 75.67537257174098 117.32522187046072 4
      vertex 78.36880475352433 124.65378243945824 4
      vertex 73.93366450821418 123.06686388485397 4
    endloop
  endfacet
  facet normal 0 0 1
    outer loop
      vertex 75.67537257174098 117.32522187046072 4
      vertex 80.66490534771486 119.11050524439051 4
      vertex 78.36880475352433 124.65378243945824 4
    endloop
  endfacet
  facet normal 0 0 1
    outer loop
      vertex 80.66490534771486 119.11050524439051 4
      vertex 82.6270433676479 126.66777931127896 4
      vertex 78.36880475352433 124.65378243945824 4
    endloop
  endfacet
  facet normal 0 0 1
    outer loop
      vertex 80.66490534771486 119.11050524439051 4
      vertex 85.45542378860387 121.37625172518884 4
      vertex 82.6270433676479 126.66777931127896 4
    endloop
  endfacet
  facet normal 0 0 1
    outer loop
      vertex 85.45542378860387 121.37625172518884 4
      vertex 86.66737118494092 129.08945860947784 4
      vertex 82.6270433676479 126.66777931127896 4
    endloop
  endfacet
  facet normal 0 0 1
    outer loop
      vertex 85.45542378860387 121.37625172518884 4
      vertex 90.00079258305851 124.10064093566255 4
      vertex 86.66737118494092 129.08945860947784 4
    endloop
  endfacet
  facet normal 0 0 1
    outer loop
      vertex 90.00079258305851 124.10064093566255 4
      vertex 90.45087763985498 131.89549823858863 4
      vertex 86.66737118494092 129.08945860947784 4
    endloop
  endfacet
  facet normal 0 0 1
    outer loop
      vertex 60 223 4
      vertex 60 217 4
      vertex 64.70482273581894 216.76886688026545 4
    endloop
  endfacet
  facet normal 0 0 1
    outer loop
      vertex 60 223 4
      vertex 64.70482273581894 216.76886688026545 4
      vertex 65.29292557779627 222.73997524029863 4
    endloop
  endfacet
  facet normal 0 0 1
    outer loop
      vertex 65.29292557779627 222.73997524029863 4
      vertex 64.70482273581894 216.76886688026545 4
      vertex 69.36433545677414 216.07769345935506 4
    endloop
  endfacet
  facet normal 0 0 1
    outer loop
      vertex 65.29292557779627 222.73997524029863 4
      vertex 69.36433545677414 216.07769345935506 4
      vertex 70.53487738887094 221.96240514177444 4
    endloop
  endfacet
  facet normal 0 0 1
    outer loop
      vertex 70.53487738887094 221.96240514177444 4
      vertex 69.36433545677414 216.07769345935506 4
      vertex 73.93366450821418 214.93313611514603 4
    endloop
  endfacet
  facet normal 0 0 1
    outer loop
      vertex 70.53487738887094 221.96240514177444 4
      vertex 73.93366450821418 214.93313611514603 4
      vertex 75.67537257174098 220.67477812953928 4
    endloop
  endfacet
  facet normal 0 0 1
    outer loop
      vertex 75.67537257174098 220.67477812953928 4
      vertex 73.93366450821418 214.93313611514603 4
      vertex 78.36880475352433 213.34621756054176 4
    endloop
  endfacet
  facet normal 0 0 1
    outer loop
      vertex 75.67537257174098 220.67477812953928 4
      vertex 78.36880475352433 213.34621756054176 4
      vertex 80.66490534771486 218.8894947556095 4
    endloop
  endfacet
  facet normal 0 0 1
    outer loop
      vertex 80.66490534771486 218.8894947556095 4
      vertex 78.36880475352433 213.34621756054176 4
      vertex 82.6270433676479 211.33222068872104 4
    endloop
  endfacet
  facet normal 0 0 1
    outer loop
      vertex 91.417097621447 212.8489556589288 4
      vertex 86.66737118494092 208.91054139052216 4
      vertex 90.45087763985498 206.10450176141137 4
    endloop
  endfacet
  facet normal 0 0 1
    outer loop
      vertex 80.66490534771486 218.8894947556095 4
      vertex 82.6270433676479 211.33222068872104 4
      vertex 85.45542378860387 216.62374827481116 4
    endloop
  endfacet
  facet normal 0 0 1
    outer loop
      vertex 85.45542378860387 216.62374827481116 4
      vertex 82.6270433676479 211.33222068872104 4
      vertex 86.66737118494092 208.91054139052216 4
    endloop
  endfacet
  facet normal 0 0 1
    outer loop
      vertex 85.45542378860387 216.62374827481116 4
      vertex 86.66737118494092 208.91054139052216 4
      vertex 90.00079258305851 213.89935906433743 4
    endloop
  endfacet
  facet normal 0 0 1
    outer loop
      vertex 90.00079258305851 213.89935906433743 4
      vertex 86.66737118494092 208.91054139052216 4
      vertex 91.417097621447 212.8489556589288 4
    endloop
  endfacet
  facet normal 0 0 1
    outer loop
      vertex 90.00079258305851 124.10064093566255 4
      vertex 94.25723734483688 127.2574355184122 4
      vertex 90.45087763985498 131.89549823858863 4
    endloop
  endfacet
  facet normal 0 0 1
    outer loop
      vertex 97 129.74333068621073 4
      vertex 90.45087763985498 131.89549823858863 4
      vertex 94.25723734483688 127.2574355184122 4
    endloop
  endfacet
  facet normal 0 0 1
    outer loop
      vertex 97 129.74333068621073 4
      vertex 93.94112549695427 135.05887450304573 4
      vertex 90.45087763985498 131.89549823858863 4
    endloop
  endfacet
  facet normal 0 0 1
    outer loop
      vertex 97 129.74333068621073 4
      vertex 97.10450176141137 138.54912236014502 4
      vertex 93.94112549695427 135.05887450304573 4
    endloop
  endfacet
  facet normal 0 0 1
    outer loop
      vertex 104 87.21343790349701 4
      vertex 104 137.786562096503 4
      vertex 97 129.74333068621073 4
    endloop
  endfacet
  facet normal 0 0 1
    outer loop
      vertex 97 129.74333068621073 4
      vertex 104 137.786562096503 4
      vertex 97.10450176141137 138.54912236014502 4
    endloop
  endfacet
  facet normal 0 0 1
    outer loop
      vertex 104 137.786562096503 4
      vertex 99.91054139052216 142.33262881505908 4
      vertex 97.10450176141137 138.54912236014502 4
    endloop
  endfacet
  facet normal 0 0 1
    outer loop
      vertex 104 137.786562096503 4
      vertex 104.89935906433743 138.9992074169415 4
      vertex 99.91054139052216 142.33262881505908 4
    endloop
  endfacet
  facet normal 0 0 1
    outer loop
      vertex 107.62374827481119 143.54457621139613 4
      vertex 102.33222068872107 146.3729566323521 4
      vertex 99.91054139052216 142.33262881505908 4
    endloop
  endfacet
  facet normal 0 0 1
    outer loop
      vertex 104.89935906433743 138.9992074169415 4
      vertex 107.62374827481119 143.54457621139613 4
      vertex 99.91054139052216 142.33262881505908 4
    endloop
  endfacet
  facet normal 0 0 1
    outer loop
      vertex 107.62374827481119 143.54457621139613 4
      vertex 109.88949475560946 148.33509465228514 4
      vertex 102.33222068872107 146.3729566323521 4
    endloop
  endfacet
  facet normal 0 0 1
    outer loop
      vertex 109.88949475560946 148.33509465228514 4
      vertex 104.34621756054173 150.6311952464757 4
      vertex 102.33222068872107 146.3729566323521 4
    endloop
  endfacet
  facet normal 0 0 1
    outer loop
      vertex 109.88949475560946 148.33509465228514 4
      vertex 111.67477812953928 153.32462742825902 4
      vertex 104.34621756054173 150.6311952464757 4
    endloop
  endfacet
  facet normal 0 0 1
    outer loop
      vertex 111.67477812953928 153.32462742825902 4
      vertex 105.933136115146 155.06633549178582 4
      vertex 104.34621756054173 150.6311952464757 4
    endloop
  endfacet
  facet normal 0 0 1
    outer loop
      vertex 112.96240514177441 158.46512261112906 4
      vertex 107.07769345935503 159.63566454322586 4
      vertex 105.933136115146 155.06633549178582 4
    endloop
  endfacet
  facet normal 0 0 1
    outer loop
      vertex 111.67477812953928 153.32462742825902 4
      vertex 112.96240514177441 158.46512261112906 4
      vertex 105.933136115146 155.06633549178582 4
    endloop
  endfacet
  facet normal 0 0 1
    outer loop
      vertex 112.96240514177441 158.46512261112906 4
      vertex 113.73997524029863 163.70707442220373 4
      vertex 107.07769345935503 159.63566454322586 4
    endloop
  endfacet
  facet normal 0 0 1
    outer loop
      vertex 113.73997524029863 163.70707442220373 4
      vertex 107.76886688026548 164.2951772641811 4
      vertex 107.07769345935503 159.63566454322586 4
    endloop
  endfacet
  facet normal 0 0 1
    outer loop
      vertex 114 169 4
      vertex 108 169 4
      vertex 107.76886688026548 164.2951772641811 4
    endloop
  endfacet
  facet normal 0 0 1
    outer loop
      vertex 113.73997524029863 163.70707442220373 4
      vertex 114 169 4
      vertex 107.76886688026548 164.2951772641811 4
    endloop
  endfacet
  facet normal 0 0 1
    outer loop
      vertex 104.89935906433743 199.0007925830585 4
      vertex 99.91054139052216 195.66737118494092 4
      vertex 102.33222068872107 191.6270433676479 4
    endloop
  endfacet
  facet normal 0 0 1
    outer loop
      vertex 107.62374827481119 194.45542378860387 4
      vertex 102.33222068872107 191.6270433676479 4
      vertex 104.34621756054173 187.3688047535243 4
    endloop
  endfacet
  facet normal 0 0 1
    outer loop
      vertex 104.89935906433743 199.0007925830585 4
      vertex 102.33222068872107 191.6270433676479 4
      vertex 107.62374827481119 194.45542378860387 4
    endloop
  endfacet
  facet normal 0 0 1
    outer loop
      vertex 95.70847241390987 207.171619579044 4
      vertex 90.45087763985498 206.10450176141137 4
      vertex 93.94112549695427 202.94112549695427 4
    endloop
  endfacet
  facet normal 0 0 1
    outer loop
      vertex 95.25835798560672 208.25829193647323 4
      vertex 90.45087763985498 206.10450176141137 4
      vertex 95.45672280493227 207.70389940580947 4
    endloop
  endfacet
  facet normal 0 0 1
    outer loop
      vertex 91.417097621447 212.8489556589288 4
      vertex 90.45087763985498 206.10450176141137 4
      vertex 95.02889163996684 210.58810284197736 4
    endloop
  endfacet
  facet normal 0 0 1
    outer loop
      vertex 95.11528831758062 208.82945806790323 4
      vertex 90.45087763985498 206.10450176141137 4
      vertex 95.25835798560672 208.25829193647323 4
    endloop
  endfacet
  facet normal 0 0 1
    outer loop
      vertex 95.02889163996684 209.41189715802264 4
      vertex 90.45087763985498 206.10450176141137 4
      vertex 95.11528831758062 208.82945806790323 4
    endloop
  endfacet
  facet normal 0 0 1
    outer loop
      vertex 95 210 4
      vertex 90.45087763985498 206.10450176141137 4
      vertex 95.02889163996684 209.41189715802264 4
    endloop
  endfacet
  facet normal 0 0 1
    outer loop
      vertex 95.02889163996684 210.58810284197736 4
      vertex 90.45087763985498 206.10450176141137 4
      vertex 95 210 4
    endloop
  endfacet
  facet normal 0 0 1
    outer loop
      vertex 97.1936402950181 205.36193727982356 4
      vertex 93.94112549695427 202.94112549695427 4
      vertex 97.10450176141137 199.45087763985498 4
    endloop
  endfacet
  facet normal 0 0 1
    outer loop
      vertex 97.1936402950181 205.36193727982356 4
      vertex 97.10450176141137 199.45087763985498 4
      vertex 97.6665786018824 205.01118232618472 4
    endloop
  endfacet
  facet normal 0 0 1
    outer loop
      vertex 95.45672280493227 207.70389940580947 4
      vertex 90.45087763985498 206.10450176141137 4
      vertex 95.70847241390987 207.171619579044 4
    endloop
  endfacet
  facet normal 0 0 1
    outer loop
      vertex 95.70847241390987 207.171619579044 4
      vertex 93.94112549695427 202.94112549695427 4
      vertex 96.01118232618472 206.66657860188238 4
    endloop
  endfacet
  facet normal 0 0 1
    outer loop
      vertex 96.01118232618472 206.66657860188238 4
      vertex 93.94112549695427 202.94112549695427 4
      vertex 96.36193727982356 206.19364029501813 4
    endloop
  endfacet
  facet normal 0 0 1
    outer loop
      vertex 96.75735931288074 205.7573593128807 4
      vertex 93.94112549695427 202.94112549695427 4
      vertex 97.1936402950181 205.36193727982356 4
    endloop
  endfacet
  facet normal 0 0 1
    outer loop
      vertex 96.36193727982356 206.19364029501813 4
      vertex 93.94112549695427 202.94112549695427 4
      vertex 96.75735931288074 205.7573593128807 4
    endloop
  endfacet
  facet normal 0 0 1
    outer loop
      vertex 91.417097621447 212.8489556589288 4
      vertex 95.25835798560672 211.74170806352677 4
      vertex 91.43059664267793 212.90284677254462 4
    endloop
  endfacet
  facet normal 0 0 1
    outer loop
      vertex 91.43059664267793 212.90284677254462 4
      vertex 95.45672280493227 212.29610059419053 4
      vertex 91.76120467488715 213.8268343236509 4
    endloop
  endfacet
  facet normal 0 0 1
    outer loop
      vertex 91.76120467488715 213.8268343236509 4
      vertex 95.70847241390987 212.828380420956 4
      vertex 92.18078735651648 214.71396736825997 4
    endloop
  endfacet
  facet normal 0 0 1
    outer loop
      vertex 92.18078735651648 214.71396736825997 4
      vertex 96.01118232618472 213.33342139811762 4
      vertex 92.68530387697456 215.55570233019603 4
    endloop
  endfacet
  facet normal 0 0 1
    outer loop
      vertex 91.417097621447 212.8489556589288 4
      vertex 95.02889163996684 210.58810284197736 4
      vertex 95.11528831758062 211.17054193209677 4
    endloop
  endfacet
  facet normal 0 0 1
    outer loop
      vertex 91.417097621447 212.8489556589288 4
      vertex 95.11528831758062 211.17054193209677 4
      vertex 95.25835798560672 211.74170806352677 4
    endloop
  endfacet
  facet normal 0 0 1
    outer loop
      vertex 91.43059664267793 212.90284677254462 4
      vertex 95.25835798560672 211.74170806352677 4
      vertex 95.45672280493227 212.29610059419053 4
    endloop
  endfacet
  facet normal 0 0 1
    outer loop
      vertex 91.76120467488715 213.8268343236509 4
      vertex 95.45672280493227 212.29610059419053 4
      vertex 95.70847241390987 212.828380420956 4
    endloop
  endfacet
  facet normal 0 0 1
    outer loop
      vertex 92.18078735651648 214.71396736825997 4
      vertex 95.70847241390987 212.828380420956 4
      vertex 96.01118232618472 213.33342139811762 4
    endloop
  endfacet
  facet normal 0 0 1
    outer loop
      vertex 92.68530387697456 215.55570233019603 4
      vertex 96.01118232618472 213.33342139811762 4
      vertex 96.36193727982356 213.80635970498187 4
    endloop
  endfacet
  facet normal 0 0 1
    outer loop
      vertex 92.68530387697456 215.55570233019603 4
      vertex 96.36193727982356 213.80635970498187 4
      vertex 93.26989546637265 216.34393284163644 4
    endloop
  endfacet
  facet normal 0 0 1
    outer loop
      vertex 93.26989546637265 216.34393284163644 4
      vertex 96.75735931288074 214.2426406871193 4
      vertex 93.92893218813452 217.07106781186548 4
    endloop
  endfacet
  facet normal 0 0 1
    outer loop
      vertex 93.26989546637265 216.34393284163644 4
      vertex 96.36193727982356 213.80635970498187 4
      vertex 96.75735931288074 214.2426406871193 4
    endloop
  endfacet
  facet normal 0 0 1
    outer loop
      vertex 93.92893218813452 217.07106781186548 4
      vertex 97.1936402950181 214.63806272017644 4
      vertex 94.65606715836356 217.73010453362738 4
    endloop
  endfacet
  facet normal 0 0 1
    outer loop
      vertex 93.92893218813452 217.07106781186548 4
      vertex 96.75735931288074 214.2426406871193 4
      vertex 97.1936402950181 214.63806272017644 4
    endloop
  endfacet
  facet normal 0 0 1
    outer loop
      vertex 94.65606715836356 217.73010453362738 4
      vertex 97.1936402950181 214.63806272017644 4
      vertex 97.6665786018824 214.98881767381528 4
    endloop
  endfacet
  facet normal 0 0 1
    outer loop
      vertex 94.65606715836356 217.73010453362738 4
      vertex 97.6665786018824 214.98881767381528 4
      vertex 95.44429766980397 218.31469612302544 4
    endloop
  endfacet
  facet normal 0 0 1
    outer loop
      vertex 95.44429766980397 218.31469612302544 4
      vertex 97.6665786018824 214.98881767381528 4
      vertex 98.17161957904403 215.29152758609013 4
    endloop
  endfacet
  facet normal 0 0 1
    outer loop
      vertex 95.44429766980397 218.31469612302544 4
      vertex 98.17161957904403 215.29152758609013 4
      vertex 96.28603263174 218.81921264348355 4
    endloop
  endfacet
  facet normal 0 0 1
    outer loop
      vertex 96.28603263174 218.81921264348355 4
      vertex 98.70389940580947 215.54327719506773 4
      vertex 97.17316567634913 219.23879532511287 4
    endloop
  endfacet
  facet normal 0 0 1
    outer loop
      vertex 97.10450176141137 199.45087763985498 4
      vertex 99.91054139052216 195.66737118494092 4
      vertex 100.41189715802261 204.02889163996682 4
    endloop
  endfacet
  facet normal 0 0 1
    outer loop
      vertex 97.6665786018824 205.01118232618472 4
      vertex 97.10450176141137 199.45087763985498 4
      vertex 98.17161957904403 204.70847241390987 4
    endloop
  endfacet
  facet normal 0 0 1
    outer loop
      vertex 98.17161957904403 204.70847241390987 4
      vertex 97.10450176141137 199.45087763985498 4
      vertex 98.70389940580947 204.45672280493227 4
    endloop
  endfacet
  facet normal 0 0 1
    outer loop
      vertex 98.70389940580947 204.45672280493227 4
      vertex 97.10450176141137 199.45087763985498 4
      vertex 99.2582919364732 204.25835798560675 4
    endloop
  endfacet
  facet normal 0 0 1
    outer loop
      vertex 99.2582919364732 204.25835798560675 4
      vertex 97.10450176141137 199.45087763985498 4
      vertex 99.8294580679032 204.11528831758062 4
    endloop
  endfacet
  facet normal 0 0 1
    outer loop
      vertex 99.8294580679032 204.11528831758062 4
      vertex 97.10450176141137 199.45087763985498 4
      vertex 100.41189715802261 204.02889163996682 4
    endloop
  endfacet
  facet normal 0 0 1
    outer loop
      vertex 100.41189715802261 204.02889163996682 4
      vertex 99.91054139052216 195.66737118494092 4
      vertex 101 204 4
    endloop
  endfacet
  facet normal 0 0 1
    outer loop
      vertex 101 204 4
      vertex 99.91054139052216 195.66737118494092 4
      vertex 101.58810284197739 204.02889163996682 4
    endloop
  endfacet
  facet normal 0 0 1
    outer loop
      vertex 103.84895565892879 200.41709762144697 4
      vertex 101.58810284197739 204.02889163996682 4
      vertex 99.91054139052216 195.66737118494092 4
    endloop
  endfacet
  facet normal 0 0 1
    outer loop
      vertex 104.89935906433743 199.0007925830585 4
      vertex 103.84895565892879 200.41709762144697 4
      vertex 99.91054139052216 195.66737118494092 4
    endloop
  endfacet
  facet normal 0 0 1
    outer loop
      vertex 103.84895565892879 200.41709762144697 4
      vertex 102.1705419320968 204.11528831758062 4
      vertex 101.58810284197739 204.02889163996682 4
    endloop
  endfacet
  facet normal 0 0 1
    outer loop
      vertex 103.84895565892879 200.41709762144697 4
      vertex 102.7417080635268 204.25835798560675 4
      vertex 102.1705419320968 204.11528831758062 4
    endloop
  endfacet
  facet normal 0 0 1
    outer loop
      vertex 103.84895565892879 200.41709762144697 4
      vertex 103.90284677254465 200.43059664267793 4
      vertex 102.7417080635268 204.25835798560675 4
    endloop
  endfacet
  facet normal 0 0 1
    outer loop
      vertex 103.90284677254465 200.43059664267793 4
      vertex 104.82683432365087 200.76120467488713 4
      vertex 103.29610059419053 204.45672280493227 4
    endloop
  endfacet
  facet normal 0 0 1
    outer loop
      vertex 103.90284677254465 200.43059664267793 4
      vertex 103.29610059419053 204.45672280493227 4
      vertex 102.7417080635268 204.25835798560675 4
    endloop
  endfacet
  facet normal 0 0 1
    outer loop
      vertex 104.82683432365087 200.76120467488713 4
      vertex 103.82838042095597 204.70847241390987 4
      vertex 103.29610059419053 204.45672280493227 4
    endloop
  endfacet
  facet normal 0 0 1
    outer loop
      vertex 104.82683432365087 200.76120467488713 4
      vertex 105.71396736826 201.18078735651645 4
      vertex 103.82838042095597 204.70847241390987 4
    endloop
  endfacet
  facet normal 0 0 1
    outer loop
      vertex 105.71396736826 201.18078735651645 4
      vertex 104.3334213981176 205.01118232618472 4
      vertex 103.82838042095597 204.70847241390987 4
    endloop
  endfacet
  facet normal 0 0 1
    outer loop
      vertex 96.28603263174 218.81921264348355 4
      vertex 98.17161957904403 215.29152758609013 4
      vertex 98.70389940580947 215.54327719506773 4
    endloop
  endfacet
  facet normal 0 0 1
    outer loop
      vertex 97.17316567634913 219.23879532511287 4
      vertex 98.70389940580947 215.54327719506773 4
      vertex 99.2582919364732 215.74164201439325 4
    endloop
  endfacet
  facet normal 0 0 1
    outer loop
      vertex 98.09715322745535 219.56940335732207 4
      vertex 99.2582919364732 215.74164201439325 4
      vertex 99.8294580679032 215.88471168241938 4
    endloop
  endfacet
  facet normal 0 0 1
    outer loop
      vertex 99.04909677983869 219.8078528040323 4
      vertex 99.8294580679032 215.88471168241938 4
      vertex 100.41189715802261 215.97110836003318 4
    endloop
  endfacet
  facet normal 0 0 1
    outer loop
      vertex 100.01982859670437 219.95184726672198 4
      vertex 100.41189715802261 215.97110836003318 4
      vertex 101 216 4
    endloop
  endfacet
  facet normal 0 0 1
    outer loop
      vertex 101 220 4
      vertex 101 216 4
      vertex 101.58810284197739 215.97110836003318 4
    endloop
  endfacet
  facet normal 0 0 1
    outer loop
      vertex 97.17316567634913 219.23879532511287 4
      vertex 99.2582919364732 215.74164201439325 4
      vertex 98.09715322745535 219.56940335732207 4
    endloop
  endfacet
  facet normal 0 0 1
    outer loop
      vertex 98.09715322745535 219.56940335732207 4
      vertex 99.8294580679032 215.88471168241938 4
      vertex 99.04909677983869 219.8078528040323 4
    endloop
  endfacet
  facet normal 0 0 1
    outer loop
      vertex 99.04909677983869 219.8078528040323 4
      vertex 100.41189715802261 215.97110836003318 4
      vertex 100.01982859670437 219.95184726672198 4
    endloop
  endfacet
  facet normal 0 0 1
    outer loop
      vertex 100.01982859670437 219.95184726672198 4
      vertex 101 216 4
      vertex 101 220 4
    endloop
  endfacet
  facet normal 0 0 1
    outer loop
      vertex 101.98017140329563 219.95184726672198 4
      vertex 101.58810284197739 215.97110836003318 4
      vertex 102.1705419320968 215.88471168241938 4
    endloop
  endfacet
  facet normal 0 0 1
    outer loop
      vertex 102.95090322016131 219.8078528040323 4
      vertex 102.1705419320968 215.88471168241938 4
      vertex 102.7417080635268 215.74164201439325 4
    endloop
  endfacet
  facet normal 0 0 1
    outer loop
      vertex 103.90284677254465 219.56940335732207 4
      vertex 102.7417080635268 215.74164201439325 4
      vertex 103.29610059419053 215.54327719506773 4
    endloop
  endfacet
  facet normal 0 0 1
    outer loop
      vertex 104.82683432365087 219.23879532511287 4
      vertex 103.29610059419053 215.54327719506773 4
      vertex 103.82838042095597 215.29152758609013 4
    endloop
  endfacet
  facet normal 0 0 1
    outer loop
      vertex 105.71396736826 218.81921264348355 4
      vertex 103.82838042095597 215.29152758609013 4
      vertex 104.3334213981176 214.98881767381528 4
    endloop
  endfacet
  facet normal 0 0 1
    outer loop
      vertex 104.82683432365087 219.23879532511287 4
      vertex 103.82838042095597 215.29152758609013 4
      vertex 105.71396736826 218.81921264348355 4
    endloop
  endfacet
  facet normal 0 0 1
    outer loop
      vertex 101 220 4
      vertex 101.58810284197739 215.97110836003318 4
      vertex 101.98017140329563 219.95184726672198 4
    endloop
  endfacet
  facet normal 0 0 1
    outer loop
      vertex 101.98017140329563 219.95184726672198 4
      vertex 102.1705419320968 215.88471168241938 4
      vertex 102.95090322016131 219.8078528040323 4
    endloop
  endfacet
  facet normal 0 0 1
    outer loop
      vertex 102.95090322016131 219.8078528040323 4
      vertex 102.7417080635268 215.74164201439325 4
      vertex 103.90284677254465 219.56940335732207 4
    endloop
  endfacet
  facet normal 0 0 1
    outer loop
      vertex 103.90284677254465 219.56940335732207 4
      vertex 103.29610059419053 215.54327719506773 4
      vertex 104.82683432365087 219.23879532511287 4
    endloop
  endfacet
  facet normal 0 0 1
    outer loop
      vertex 111.67477812953928 184.67537257174098 4
      vertex 105.933136115146 182.93366450821418 4
      vertex 107.07769345935503 178.36433545677414 4
    endloop
  endfacet
  facet normal 0 0 1
    outer loop
      vertex 113.73997524029863 174.29292557779627 4
      vertex 107.76886688026548 173.7048227358189 4
      vertex 108 169 4
    endloop
  endfacet
  facet normal 0 0 1
    outer loop
      vertex 114 169 4
      vertex 113.73997524029863 174.29292557779627 4
      vertex 108 169 4
    endloop
  endfacet
  facet normal 0 0 1
    outer loop
      vertex 112.96240514177441 179.53487738887094 4
      vertex 107.07769345935503 178.36433545677414 4
      vertex 107.76886688026548 173.7048227358189 4
    endloop
  endfacet
  facet normal 0 0 1
    outer loop
      vertex 111.67477812953928 184.67537257174098 4
      vertex 107.07769345935503 178.36433545677414 4
      vertex 112.96240514177441 179.53487738887094 4
    endloop
  endfacet
  facet normal 0 0 1
    outer loop
      vertex 112.96240514177441 179.53487738887094 4
      vertex 107.76886688026548 173.7048227358189 4
      vertex 113.73997524029863 174.29292557779627 4
    endloop
  endfacet
  facet normal 0 0 1
    outer loop
      vertex 109.88949475560946 189.66490534771486 4
      vertex 104.34621756054173 187.3688047535243 4
      vertex 105.933136115146 182.93366450821418 4
    endloop
  endfacet
  facet normal 0 0 1
    outer loop
      vertex 109.88949475560946 189.66490534771486 4
      vertex 107.62374827481119 194.45542378860387 4
      vertex 104.34621756054173 187.3688047535243 4
    endloop
  endfacet
  facet normal 0 0 1
    outer loop
      vertex 109.88949475560946 189.66490534771486 4
      vertex 105.933136115146 182.93366450821418 4
      vertex 111.67477812953928 184.67537257174098 4
    endloop
  endfacet
  facet normal 0 0 1
    outer loop
      vertex 105.71396736826 201.18078735651645 4
      vertex 106.55570233019603 201.68530387697456 4
      vertex 104.3334213981176 205.01118232618472 4
    endloop
  endfacet
  facet normal 0 0 1
    outer loop
      vertex 106.55570233019603 201.68530387697456 4
      vertex 107.34393284163644 202.26989546637262 4
      vertex 104.8063597049819 205.36193727982356 4
    endloop
  endfacet
  facet normal 0 0 1
    outer loop
      vertex 107.34393284163644 202.26989546637262 4
      vertex 108.07106781186548 202.92893218813452 4
      vertex 105.24264068711926 205.7573593128807 4
    endloop
  endfacet
  facet normal 0 0 1
    outer loop
      vertex 106.55570233019603 201.68530387697456 4
      vertex 104.8063597049819 205.36193727982356 4
      vertex 104.3334213981176 205.01118232618472 4
    endloop
  endfacet
  facet normal 0 0 1
    outer loop
      vertex 107.34393284163644 202.26989546637262 4
      vertex 105.24264068711926 205.7573593128807 4
      vertex 104.8063597049819 205.36193727982356 4
    endloop
  endfacet
  facet normal 0 0 1
    outer loop
      vertex 108.07106781186548 202.92893218813452 4
      vertex 105.63806272017644 206.19364029501813 4
      vertex 105.24264068711926 205.7573593128807 4
    endloop
  endfacet
  facet normal 0 0 1
    outer loop
      vertex 108.73010453362735 203.65606715836356 4
      vertex 105.98881767381528 206.66657860188238 4
      vertex 105.63806272017644 206.19364029501813 4
    endloop
  endfacet
  facet normal 0 0 1
    outer loop
      vertex 108.07106781186548 202.92893218813452 4
      vertex 108.73010453362735 203.65606715836356 4
      vertex 105.63806272017644 206.19364029501813 4
    endloop
  endfacet
  facet normal 0 0 1
    outer loop
      vertex 109.31469612302544 204.44429766980397 4
      vertex 106.29152758609013 207.171619579044 4
      vertex 105.98881767381528 206.66657860188238 4
    endloop
  endfacet
  facet normal 0 0 1
    outer loop
      vertex 109.81921264348352 205.28603263174003 4
      vertex 106.54327719506773 207.70389940580947 4
      vertex 106.29152758609013 207.171619579044 4
    endloop
  endfacet
  facet normal 0 0 1
    outer loop
      vertex 108.73010453362735 203.65606715836356 4
      vertex 109.31469612302544 204.44429766980397 4
      vertex 105.98881767381528 206.66657860188238 4
    endloop
  endfacet
  facet normal 0 0 1
    outer loop
      vertex 109.31469612302544 204.44429766980397 4
      vertex 109.81921264348352 205.28603263174003 4
      vertex 106.29152758609013 207.171619579044 4
    endloop
  endfacet
  facet normal 0 0 1
    outer loop
      vertex 110.23879532511285 206.1731656763491 4
      vertex 106.74164201439328 208.25829193647323 4
      vertex 106.54327719506773 207.70389940580947 4
    endloop
  endfacet
  facet normal 0 0 1
    outer loop
      vertex 110.56940335732207 207.09715322745538 4
      vertex 106.88471168241938 208.82945806790323 4
      vertex 106.74164201439328 208.25829193647323 4
    endloop
  endfacet
  facet normal 0 0 1
    outer loop
      vertex 110.80785280403228 208.04909677983872 4
      vertex 106.97110836003316 209.41189715802264 4
      vertex 106.88471168241938 208.82945806790323 4
    endloop
  endfacet
  facet normal 0 0 1
    outer loop
      vertex 110.95184726672198 209.0198285967044 4
      vertex 107 210 4
      vertex 106.97110836003316 209.41189715802264 4
    endloop
  endfacet
  facet normal 0 0 1
    outer loop
      vertex 110.95184726672198 210.9801714032956 4
      vertex 106.97110836003316 210.58810284197736 4
      vertex 107 210 4
    endloop
  endfacet
  facet normal 0 0 1
    outer loop
      vertex 109.81921264348352 205.28603263174003 4
      vertex 110.23879532511285 206.1731656763491 4
      vertex 106.54327719506773 207.70389940580947 4
    endloop
  endfacet
  facet normal 0 0 1
    outer loop
      vertex 110.23879532511285 206.1731656763491 4
      vertex 110.56940335732207 207.09715322745538 4
      vertex 106.74164201439328 208.25829193647323 4
    endloop
  endfacet
  facet normal 0 0 1
    outer loop
      vertex 110.56940335732207 207.09715322745538 4
      vertex 110.80785280403228 208.04909677983872 4
      vertex 106.88471168241938 208.82945806790323 4
    endloop
  endfacet
  facet normal 0 0 1
    outer loop
      vertex 110.80785280403228 208.04909677983872 4
      vertex 110.95184726672198 209.0198285967044 4
      vertex 106.97110836003316 209.41189715802264 4
    endloop
  endfacet
  facet normal 0 0 1
    outer loop
      vertex 110.95184726672198 209.0198285967044 4
      vertex 111 210 4
      vertex 107 210 4
    endloop
  endfacet
  facet normal 0 0 1
    outer loop
      vertex 111 210 4
      vertex 110.95184726672198 210.9801714032956 4
      vertex 107 210 4
    endloop
  endfacet
  facet normal 0 0 1
    outer loop
      vertex 106.55570233019603 218.31469612302544 4
      vertex 104.3334213981176 214.98881767381528 4
      vertex 104.8063597049819 214.63806272017644 4
    endloop
  endfacet
  facet normal 0 0 1
    outer loop
      vertex 107.34393284163644 217.73010453362738 4
      vertex 104.8063597049819 214.63806272017644 4
      vertex 105.24264068711926 214.2426406871193 4
    endloop
  endfacet
  facet normal 0 0 1
    outer loop
      vertex 105.71396736826 218.81921264348355 4
      vertex 104.3334213981176 214.98881767381528 4
      vertex 106.55570233019603 218.31469612302544 4
    endloop
  endfacet
  facet normal 0 0 1
    outer loop
      vertex 108.07106781186548 217.07106781186548 4
      vertex 105.24264068711926 214.2426406871193 4
      vertex 105.63806272017644 213.80635970498187 4
    endloop
  endfacet
  facet normal 0 0 1
    outer loop
      vertex 108.73010453362735 216.34393284163644 4
      vertex 105.63806272017644 213.80635970498187 4
      vertex 105.98881767381528 213.33342139811762 4
    endloop
  endfacet
  facet normal 0 0 1
    outer loop
      vertex 107.34393284163644 217.73010453362738 4
      vertex 106.55570233019603 218.31469612302544 4
      vertex 104.8063597049819 214.63806272017644 4
    endloop
  endfacet
  facet normal 0 0 1
    outer loop
      vertex 109.31469612302544 215.55570233019603 4
      vertex 105.98881767381528 213.33342139811762 4
      vertex 106.29152758609013 212.828380420956 4
    endloop
  endfacet
  facet normal 0 0 1
    outer loop
      vertex 109.81921264348352 214.71396736825997 4
      vertex 106.29152758609013 212.828380420956 4
      vertex 106.54327719506773 212.29610059419053 4
    endloop
  endfacet
  facet normal 0 0 1
    outer loop
      vertex 110.80785280403228 211.95090322016128 4
      vertex 106.88471168241938 211.17054193209677 4
      vertex 106.97110836003316 210.58810284197736 4
    endloop
  endfacet
  facet normal 0 0 1
    outer loop
      vertex 110.23879532511285 213.8268343236509 4
      vertex 106.54327719506773 212.29610059419053 4
      vertex 106.74164201439328 211.74170806352677 4
    endloop
  endfacet
  facet normal 0 0 1
    outer loop
      vertex 110.56940335732207 212.90284677254462 4
      vertex 106.74164201439328 211.74170806352677 4
      vertex 106.88471168241938 211.17054193209677 4
    endloop
  endfacet
  facet normal 0 0 1
    outer loop
      vertex 109.31469612302544 215.55570233019603 4
      vertex 106.29152758609013 212.828380420956 4
      vertex 109.81921264348352 214.71396736825997 4
    endloop
  endfacet
  facet normal 0 0 1
    outer loop
      vertex 108.07106781186548 217.07106781186548 4
      vertex 105.63806272017644 213.80635970498187 4
      vertex 108.73010453362735 216.34393284163644 4
    endloop
  endfacet
  facet normal 0 0 1
    outer loop
      vertex 107.34393284163644 217.73010453362738 4
      vertex 105.24264068711926 214.2426406871193 4
      vertex 108.07106781186548 217.07106781186548 4
    endloop
  endfacet
  facet normal 0 0 1
    outer loop
      vertex 108.73010453362735 216.34393284163644 4
      vertex 105.98881767381528 213.33342139811762 4
      vertex 109.31469612302544 215.55570233019603 4
    endloop
  endfacet
  facet normal 0 0 1
    outer loop
      vertex 110.80785280403228 211.95090322016128 4
      vertex 106.97110836003316 210.58810284197736 4
      vertex 110.95184726672198 210.9801714032956 4
    endloop
  endfacet
  facet normal 0 0 1
    outer loop
      vertex 110.80785280403228 211.95090322016128 4
      vertex 110.56940335732207 212.90284677254462 4
      vertex 106.88471168241938 211.17054193209677 4
    endloop
  endfacet
  facet normal 0 0 1
    outer loop
      vertex 110.23879532511285 213.8268343236509 4
      vertex 106.74164201439328 211.74170806352677 4
      vertex 110.56940335732207 212.90284677254462 4
    endloop
  endfacet
  facet normal 0 0 1
    outer loop
      vertex 110.23879532511285 213.8268343236509 4
      vertex 109.81921264348352 214.71396736825997 4
      vertex 106.54327719506773 212.29610059419053 4
    endloop
  endfacet
endsolid OpenSCAD_Model
