solid OpenSCAD_Model
  facet normal -0.5954608948657916 -0.44162389796083656 0.6711144875768273
    outer loop
      vertex -4.883229724706297 -3.2628697861012945 5.624393284163646
      vertex -4.5398984731580185 -3.725798389436207 5.624393284163646
      vertex -4.488954245650831 -3.683989542405911 5.697106781186548
    endloop
  endfacet
  facet normal -0.5397580579796611 -0.4003118585553275 0.7405482123035637
    outer loop
      vertex -4.767973760773856 -3.185858213108837 5.763010453362737
      vertex -4.488954245650831 -3.683989542405911 5.697106781186548
      vertex -4.432745952351581 -3.637860588226527 5.763010453362737
    endloop
  endfacet
  facet normal -0.5493068763216729 -0.49786273227689976 0.6711144875768266
    outer loop
      vertex -4.152845517552265 -4.152845517552272 5.624393284163646
      vertex -4.488954245650831 -3.683989542405911 5.697106781186548
      vertex -4.5398984731580185 -3.725798389436207 5.624393284163646
    endloop
  endfacet
  facet normal -0.7563586305140236 -0.560953791498316 0.33653003707041446
    outer loop
      vertex -4.682078194915391 -3.8424822715684073 5.280284677254462
      vertex -5.0086727794544 -3.346688155559306 5.37268343236509
      vertex -5.036161832690908 -3.365055753708571 5.280284677254462
    endloop
  endfacet
  facet normal -0.6699593328874598 -0.6072157447205047 0.4271340909369242
    outer loop
      vertex -4.656521848429065 -3.8215087200360003 5.37268343236509
      vertex -4.229857090544726 -4.229857090544726 5.461396736825998
      vertex -4.624087668534116 -3.794890676498298 5.461396736825998
    endloop
  endfacet
  facet normal -0.645418109934198 -0.4786746938065486 0.595236088353331
    outer loop
      vertex -4.585088014113296 -3.7628844872654774 5.545570233019602
      vertex -4.5398984731580185 -3.725798389436207 5.624393284163646
      vertex -4.883229724706297 -3.2628697861012945 5.624393284163646
    endloop
  endfacet
  facet normal -0.6891533831362225 -0.5111109830681674 0.5136469385667459
    outer loop
      vertex -4.624087668534116 -3.794890676498298 5.461396736825998
      vertex -4.585088014113296 -3.7628844872654774 5.545570233019602
      vertex -4.9318367389255116 -3.2953479546556146 5.545570233019602
    endloop
  endfacet
  facet normal -0.5953919206890852 -0.5396317817734546 0.5952360883533263
    outer loop
      vertex -4.585088014113296 -3.7628844872654774 5.545570233019602
      vertex -4.194182385261058 -4.1941823852610725 5.545570233019602
      vertex -4.5398984731580185 -3.725798389436207 5.624393284163646
    endloop
  endfacet
  facet normal -0.6357372842802339 -0.5761986878473423 0.5136469385667495
    outer loop
      vertex -4.624087668534116 -3.794890676498298 5.461396736825998
      vertex -4.194182385261058 -4.1941823852610725 5.545570233019602
      vertex -4.585088014113296 -3.7628844872654774 5.545570233019602
    endloop
  endfacet
  facet normal -0.6699593328874788 -0.6072157447205426 0.4271340909368407
    outer loop
      vertex -4.656521848429065 -3.8215087200360003 5.37268343236509
      vertex -4.25952606648957 -4.259526066489581 5.37268343236509
      vertex -4.229857090544726 -4.229857090544726 5.461396736825998
    endloop
  endfacet
  facet normal -0.6977334704745372 -0.6323887556945221 0.3365300370705299
    outer loop
      vertex -4.656521848429065 -3.8215087200360003 5.37268343236509
      vertex -4.282903584638575 -4.282903584638568 5.280284677254462
      vertex -4.25952606648957 -4.259526066489581 5.37268343236509
    endloop
  endfacet
  facet normal -0.6977334704746203 -0.6323887556945459 0.3365300370703127
    outer loop
      vertex -4.682078194915391 -3.8424822715684073 5.280284677254462
      vertex -4.282903584638575 -4.282903584638568 5.280284677254462
      vertex -4.656521848429065 -3.8215087200360003 5.37268343236509
    endloop
  endfacet
  facet normal -0.7187968373123363 -0.6514794785979207 0.24270474992377886
    outer loop
      vertex -4.682078194915391 -3.8424822715684073 5.280284677254462
      vertex -4.299764506712478 -4.299764506712467 5.185090322016128
      vertex -4.282903584638575 -4.282903584638568 5.280284677254462
    endloop
  endfacet
  facet normal -0.7262508464416821 -0.5386243369939996 0.42713409093692656
    outer loop
      vertex -4.656521848429065 -3.8215087200360003 5.37268343236509
      vertex -4.624087668534116 -3.794890676498298 5.461396736825998
      vertex -5.0086727794544 -3.346688155559306 5.37268343236509
    endloop
  endfacet
  facet normal -0.7563586305140666 -0.5609537914983239 0.3365300370703048
    outer loop
      vertex -4.682078194915391 -3.8424822715684073 5.280284677254462
      vertex -4.656521848429065 -3.8215087200360003 5.37268343236509
      vertex -5.0086727794544 -3.346688155559306 5.37268343236509
    endloop
  endfacet
  facet normal -0.7791917895490487 -0.5778880163697593 0.2427047499238032
    outer loop
      vertex -4.700510586405954 -3.85760934432896 5.185090322016128
      vertex -4.682078194915391 -3.8424822715684073 5.280284677254462
      vertex -5.036161832690908 -3.365055753708571 5.280284677254462
    endloop
  endfacet
  facet normal -0.4978627322769015 -0.5493068763216891 0.6711144875768119
    outer loop
      vertex -4.152845517552265 -4.152845517552272 5.624393284163646
      vertex -3.725798389436193 -4.539898473158022 5.624393284163646
      vertex -3.6839895424058966 -4.488954245650838 5.697106781186548
    endloop
  endfacet
  facet normal -0.4003118585553227 -0.5397580579796047 0.7405482123036075
    outer loop
      vertex -3.185858213108844 -4.767973760773867 5.763010453362737
      vertex -3.6378605882265163 -4.432745952351574 5.763010453362737
      vertex -3.6839895424058966 -4.488954245650838 5.697106781186548
    endloop
  endfacet
  facet normal -0.44162389796086815 -0.5954608948657851 0.671114487576812
    outer loop
      vertex -3.2262556675935343 -4.82843282395266 5.697106781186548
      vertex -3.6839895424058966 -4.488954245650838 5.697106781186548
      vertex -3.725798389436193 -4.539898473158022 5.624393284163646
    endloop
  endfacet
  facet normal -0.38126282085949076 -0.34555647833825087 0.8574551776674567
    outer loop
      vertex -3.9990920632449445 -3.9990920632449445 5.821469612302545
      vertex -4.30674791739753 -3.5344566732536613 5.871921264348355
      vertex -4.371814909851281 -3.58785577394346 5.821469612302545
    endloop
  endfacet
  facet normal -0.24988573430824024 -0.22648322786852995 0.9414151407766305
    outer loop
      vertex -3.8768426341245004 -3.8768426341244897 5.913879532511287
      vertex -3.8115068478125806 -3.81150684781257 5.946940335732209
      vertex -4.238171605696891 -3.4781775486876967 5.913879532511287
    endloop
  endfacet
  facet normal -0.31710953973216277 -0.2874113336051923 0.9037899452450998
    outer loop
      vertex -3.8768426341245004 -3.8768426341244897 5.913879532511287
      vertex -4.238171605696891 -3.4781775486876967 5.913879532511287
      vertex -4.30674791739753 -3.5344566732536613 5.871921264348355
    endloop
  endfacet
  facet normal -0.24988573430826533 -0.22648322786856348 0.9414151407766159
    outer loop
      vertex -4.238171605696891 -3.4781775486876967 5.913879532511287
      vertex -3.8115068478125806 -3.81150684781257 5.946940335732209
      vertex -4.16674640211869 -3.4195603989804333 5.946940335732209
    endloop
  endfacet
  facet normal -0.18024072039755137 -0.16336066667428978 0.9699621514751507
    outer loop
      vertex -4.16674640211869 -3.4195603989804333 5.946940335732209
      vertex -3.8115068478125806 -3.81150684781257 5.946940335732209
      vertex -4.093160170418315 -3.3591697393269477 5.970785280403231
    endloop
  endfacet
  facet normal -0.38126282085954216 -0.3455564783382811 0.8574551776674217
    outer loop
      vertex -3.9990920632449445 -3.9990920632449445 5.821469612302545
      vertex -3.9395724132902785 -3.9395724132902643 5.871921264348355
      vertex -4.30674791739753 -3.5344566732536613 5.871921264348355
    endloop
  endfacet
  facet normal -0.317109539732168 -0.2874113336051993 0.9037899452450958
    outer loop
      vertex -3.9395724132902785 -3.9395724132902643 5.871921264348355
      vertex -3.8768426341245004 -3.8768426341244897 5.913879532511287
      vertex -4.30674791739753 -3.5344566732536613 5.871921264348355
    endloop
  endfacet
  facet normal -0.4979215517840058 -0.45128978885306015 0.7405482123035393
    outer loop
      vertex -4.106244584051382 -4.106244584051392 5.697106781186548
      vertex -4.054828377222719 -4.054828377222712 5.763010453362737
      vertex -4.488954245650831 -3.683989542405911 5.697106781186548
    endloop
  endfacet
  facet normal -0.549306876321658 -0.49786273227689193 0.6711144875768444
    outer loop
      vertex -4.152845517552265 -4.152845517552272 5.624393284163646
      vertex -4.106244584051382 -4.106244584051392 5.697106781186548
      vertex -4.488954245650831 -3.683989542405911 5.697106781186548
    endloop
  endfacet
  facet normal -0.4512897888530517 -0.4979215517840053 0.7405482123035448
    outer loop
      vertex -4.106244584051382 -4.106244584051392 5.697106781186548
      vertex -3.6839895424058966 -4.488954245650838 5.697106781186548
      vertex -4.054828377222719 -4.054828377222712 5.763010453362737
    endloop
  endfacet
  facet normal -0.497862732276888 -0.5493068763216634 0.6711144875768429
    outer loop
      vertex -4.152845517552265 -4.152845517552272 5.624393284163646
      vertex -3.6839895424058966 -4.488954245650838 5.697106781186548
      vertex -4.106244584051382 -4.106244584051392 5.697106781186548
    endloop
  endfacet
  facet normal -0.44172726384529565 -0.4003582550647543 0.8028638066180676
    outer loop
      vertex -3.9990920632449445 -3.9990920632449445 5.821469612302545
      vertex -4.371814909851281 -3.58785577394346 5.821469612302545
      vertex -4.432745952351581 -3.637860588226527 5.763010453362737
    endloop
  endfacet
  facet normal -0.4979215517839868 -0.45128978885303256 0.7405482123035688
    outer loop
      vertex -4.054828377222719 -4.054828377222712 5.763010453362737
      vertex -4.432745952351581 -3.637860588226527 5.763010453362737
      vertex -4.488954245650831 -3.683989542405911 5.697106781186548
    endloop
  endfacet
  facet normal -0.4417272638452942 -0.40035825506475226 0.8028638066180693
    outer loop
      vertex -4.054828377222719 -4.054828377222712 5.763010453362737
      vertex -3.9990920632449445 -3.9990920632449445 5.821469612302545
      vertex -4.432745952351581 -3.637860588226527 5.763010453362737
    endloop
  endfacet
  facet normal -0.2874113336052106 -0.3171095397321584 0.9037899452450956
    outer loop
      vertex -3.9395724132902785 -3.9395724132902643 5.871921264348355
      vertex -3.478177548687711 -4.238171605696905 5.913879532511287
      vertex -3.8768426341245004 -3.8768426341244897 5.913879532511287
    endloop
  endfacet
  facet normal -0.34555647833828684 -0.38126282085953045 0.8574551776674246
    outer loop
      vertex -3.9990920632449445 -3.9990920632449445 5.821469612302545
      vertex -3.58785577394346 -4.371814909851281 5.821469612302545
      vertex -3.9395724132902785 -3.9395724132902643 5.871921264348355
    endloop
  endfacet
  facet normal -0.22648322786853153 -0.24988573430823866 0.9414151407766306
    outer loop
      vertex -3.8768426341245004 -3.8768426341244897 5.913879532511287
      vertex -3.4195603989804226 -4.166746402118687 5.946940335732209
      vertex -3.8115068478125806 -3.81150684781257 5.946940335732209
    endloop
  endfacet
  facet normal -0.16336066667431556 -0.180240720397586 0.9699621514751401
    outer loop
      vertex -3.4195603989804226 -4.166746402118687 5.946940335732209
      vertex -3.359169739326944 -4.093160170418329 5.970785280403231
      vertex -3.8115068478125806 -3.81150684781257 5.946940335732209
    endloop
  endfacet
  facet normal -0.2264832278685024 -0.24988573430819042 0.9414151407766503
    outer loop
      vertex -3.8768426341245004 -3.8768426341244897 5.913879532511287
      vertex -3.478177548687711 -4.238171605696905 5.913879532511287
      vertex -3.4195603989804226 -4.166746402118687 5.946940335732209
    endloop
  endfacet
  facet normal -0.34555647833825315 -0.38126282085950586 0.857455177667449
    outer loop
      vertex -3.9395724132902785 -3.9395724132902643 5.871921264348355
      vertex -3.58785577394346 -4.371814909851281 5.821469612302545
      vertex -3.5344566732536578 -4.306747917397537 5.871921264348355
    endloop
  endfacet
  facet normal -0.2874113336052415 -0.31710953973221 0.9037899452450676
    outer loop
      vertex -3.9395724132902785 -3.9395724132902643 5.871921264348355
      vertex -3.5344566732536578 -4.306747917397537 5.871921264348355
      vertex -3.478177548687711 -4.238171605696905 5.913879532511287
    endloop
  endfacet
  facet normal -0.18024072039756853 -0.16336066667430021 0.9699621514751458
    outer loop
      vertex -4.093160170418315 -3.3591697393269477 5.970785280403231
      vertex -3.8115068478125806 -3.81150684781257 5.946940335732209
      vertex -3.7441942736928695 -3.7441942736928624 5.970785280403231
    endloop
  endfacet
  facet normal -0.10884839833526534 -0.09865443768343153 0.9891508116082266
    outer loop
      vertex -4.093160170418315 -3.3591697393269477 5.970785280403231
      vertex -3.7441942736928695 -3.7441942736928624 5.970785280403231
      vertex -3.6755531686509357 -3.6755531686509393 5.985184726672197
    endloop
  endfacet
  facet normal -0.0364004888657397 -0.03299148003437667 0.9987925543652578
    outer loop
      vertex -4.018121586233434 -3.297587164792592 5.985184726672197
      vertex -3.6755531686509357 -3.6755531686509393 5.985184726672197
      vertex -3.6062445840513817 -3.6062445840513924 5.99
    endloop
  endfacet
  facet normal -0.16336066667430352 -0.18024072039756617 0.9699621514751458
    outer loop
      vertex -3.359169739326944 -4.093160170418329 5.970785280403231
      vertex -3.7441942736928695 -3.7441942736928624 5.970785280403231
      vertex -3.8115068478125806 -3.81150684781257 5.946940335732209
    endloop
  endfacet
  facet normal -0.09865443768343402 -0.10884839833526444 0.9891508116082265
    outer loop
      vertex -3.359169739326944 -4.093160170418329 5.970785280403231
      vertex -3.6755531686509357 -3.6755531686509393 5.985184726672197
      vertex -3.7441942736928695 -3.7441942736928624 5.970785280403231
    endloop
  endfacet
  facet normal -0.03299148003437683 -0.03640048886573989 0.9987925543652577
    outer loop
      vertex -3.2354057492345873 -3.942353312149958 5.99
      vertex -3.6062445840513817 -3.6062445840513924 5.99
      vertex -3.6755531686509357 -3.6755531686509393 5.985184726672197
    endloop
  endfacet
  facet normal -0.4003582550647849 -0.4417272638453491 0.8028638066180228
    outer loop
      vertex -4.054828377222719 -4.054828377222712 5.763010453362737
      vertex -3.6378605882265163 -4.432745952351574 5.763010453362737
      vertex -3.58785577394346 -4.371814909851281 5.821469612302545
    endloop
  endfacet
  facet normal -0.4512897888529941 -0.4979215517839655 0.7405482123036067
    outer loop
      vertex -4.054828377222719 -4.054828377222712 5.763010453362737
      vertex -3.6839895424058966 -4.488954245650838 5.697106781186548
      vertex -3.6378605882265163 -4.432745952351574 5.763010453362737
    endloop
  endfacet
  facet normal -0.40035825506475425 -0.4417272638452956 0.8028638066180676
    outer loop
      vertex -4.054828377222719 -4.054828377222712 5.763010453362737
      vertex -3.58785577394346 -4.371814909851281 5.821469612302545
      vertex -3.9990920632449445 -3.9990920632449445 5.821469612302545
    endloop
  endfacet
  facet normal -0.6072157447205353 -0.6699593328874717 0.42713409093686233
    outer loop
      vertex -3.8215087200360074 -4.656521848429062 5.37268343236509
      vertex -3.794890676498312 -4.624087668534116 5.461396736825998
      vertex -4.229857090544726 -4.229857090544726 5.461396736825998
    endloop
  endfacet
  facet normal -0.6072157447205422 -0.6699593328874751 0.42713409093684684
    outer loop
      vertex -3.8215087200360074 -4.656521848429062 5.37268343236509
      vertex -4.229857090544726 -4.229857090544726 5.461396736825998
      vertex -4.25952606648957 -4.259526066489581 5.37268343236509
    endloop
  endfacet
  facet normal -0.6323887556945265 -0.6977334704745386 0.33653003707051893
    outer loop
      vertex -3.8215087200360074 -4.656521848429062 5.37268343236509
      vertex -4.25952606648957 -4.259526066489581 5.37268343236509
      vertex -4.282903584638575 -4.282903584638568 5.280284677254462
    endloop
  endfacet
  facet normal -0.6514794785979253 -0.7187968373123327 0.2427047499237769
    outer loop
      vertex -3.8424822715684 -4.682078194915402 5.280284677254462
      vertex -4.282903584638575 -4.282903584638568 5.280284677254462
      vertex -4.299764506712478 -4.299764506712467 5.185090322016128
    endloop
  endfacet
  facet normal -0.632388755694548 -0.6977334704746141 0.3365300370703215
    outer loop
      vertex -3.8424822715684 -4.682078194915402 5.280284677254462
      vertex -3.8215087200360074 -4.656521848429062 5.37268343236509
      vertex -4.282903584638575 -4.282903584638568 5.280284677254462
    endloop
  endfacet
  facet normal -0.5396317817734586 -0.5953919206891173 0.5952360883532904
    outer loop
      vertex -3.7628844872654668 -4.585088014113289 5.545570233019602
      vertex -3.725798389436193 -4.539898473158022 5.624393284163646
      vertex -4.194182385261058 -4.1941823852610725 5.545570233019602
    endloop
  endfacet
  facet normal -0.5761986878472685 -0.6357372842801674 0.5136469385669145
    outer loop
      vertex -3.794890676498312 -4.624087668534116 5.461396736825998
      vertex -3.7628844872654668 -4.585088014113289 5.545570233019602
      vertex -4.229857090544726 -4.229857090544726 5.461396736825998
    endloop
  endfacet
  facet normal -0.47867469380659317 -0.6454181099342032 0.5952360883532894
    outer loop
      vertex -3.7628844872654668 -4.585088014113289 5.545570233019602
      vertex -3.262869786101305 -4.883229724706311 5.624393284163646
      vertex -3.725798389436193 -4.539898473158022 5.624393284163646
    endloop
  endfacet
  facet normal -0.5111109830681245 -0.6891533831361394 0.5136469385669002
    outer loop
      vertex -3.794890676498312 -4.624087668534116 5.461396736825998
      vertex -3.3233773907389264 -4.973785754492077 5.461396736825998
      vertex -3.7628844872654668 -4.585088014113289 5.545570233019602
    endloop
  endfacet
  facet normal -0.5386243369940077 -0.7262508464417109 0.4271340909368672
    outer loop
      vertex -3.8215087200360074 -4.656521848429062 5.37268343236509
      vertex -3.3233773907389264 -4.973785754492077 5.461396736825998
      vertex -3.794890676498312 -4.624087668534116 5.461396736825998
    endloop
  endfacet
  facet normal -0.5609537914983255 -0.7563586305140647 0.3365300370703063
    outer loop
      vertex -3.8424822715684 -4.682078194915402 5.280284677254462
      vertex -3.3650557537085604 -5.036161832690908 5.280284677254462
      vertex -3.3466881555593204 -5.008672779454397 5.37268343236509
    endloop
  endfacet
  facet normal -0.5778880163697513 -0.7791917895490672 0.2427047499237624
    outer loop
      vertex -3.8424822715684 -4.682078194915402 5.280284677254462
      vertex -3.378303295175783 -5.0559881795919 5.185090322016128
      vertex -3.3650557537085604 -5.036161832690908 5.280284677254462
    endloop
  endfacet
  facet normal -0.5609537914983236 -0.7563586305140548 0.33653003707033163
    outer loop
      vertex -3.8424822715684 -4.682078194915402 5.280284677254462
      vertex -3.3466881555593204 -5.008672779454397 5.37268343236509
      vertex -3.8215087200360074 -4.656521848429062 5.37268343236509
    endloop
  endfacet
  facet normal -0.595391920689155 -0.539631781773489 0.5952360883532251
    outer loop
      vertex -4.194182385261058 -4.1941823852610725 5.545570233019602
      vertex -4.152845517552265 -4.152845517552272 5.624393284163646
      vertex -4.5398984731580185 -3.725798389436207 5.624393284163646
    endloop
  endfacet
  facet normal -0.6357372842801955 -0.576198687847275 0.5136469385668726
    outer loop
      vertex -4.624087668534116 -3.794890676498298 5.461396736825998
      vertex -4.229857090544726 -4.229857090544726 5.461396736825998
      vertex -4.194182385261058 -4.1941823852610725 5.545570233019602
    endloop
  endfacet
  facet normal -0.5396317817734799 -0.5953919206891604 0.595236088353228
    outer loop
      vertex -4.194182385261058 -4.1941823852610725 5.545570233019602
      vertex -3.725798389436193 -4.539898473158022 5.624393284163646
      vertex -4.152845517552265 -4.152845517552272 5.624393284163646
    endloop
  endfacet
  facet normal -0.5761986878472811 -0.6357372842801957 0.5136469385668653
    outer loop
      vertex -3.7628844872654668 -4.585088014113289 5.545570233019602
      vertex -4.194182385261058 -4.1941823852610725 5.545570233019602
      vertex -4.229857090544726 -4.229857090544726 5.461396736825998
    endloop
  endfacet
  facet normal -0.7791917895490506 -0.5778880163697593 0.2427047499237967
    outer loop
      vertex -4.700510586405954 -3.85760934432896 5.185090322016128
      vertex -5.036161832690908 -3.365055753708571 5.280284677254462
      vertex -5.055988179591907 -3.3783032951757903 5.185090322016128
    endloop
  endfacet
  facet normal -0.7945346157877284 -0.5892670318310321 0.14655752970111074
    outer loop
      vertex -4.700510586405954 -3.85760934432896 5.185090322016128
      vertex -5.055988179591907 -3.3783032951757903 5.185090322016128
      vertex -5.0679608815985375 -3.386303198894794 5.08801714032956
    endloop
  endfacet
  facet normal -0.8022423580208783 -0.5949834830687729 0.04900871220968997
    outer loop
      vertex -4.711641508894502 -3.866744256337668 5.08801714032956
      vertex -5.0679608815985375 -3.386303198894794 5.08801714032956
      vertex -5.071964635045532 -3.388978421419573 4.99
    endloop
  endfacet
  facet normal -0.7945346157877287 -0.5892670318310331 0.14655752970110636
    outer loop
      vertex -4.711641508894502 -3.866744256337668 5.08801714032956
      vertex -4.700510586405954 -3.85760934432896 5.185090322016128
      vertex -5.0679608815985375 -3.386303198894794 5.08801714032956
    endloop
  endfacet
  facet normal -0.802242358020887 -0.594983483068749 0.049008712209838164
    outer loop
      vertex -4.715363765512706 -3.8697990333982375 4.99
      vertex -4.711641508894502 -3.866744256337668 5.08801714032956
      vertex -5.071964635045532 -3.388978421419573 4.99
    endloop
  endfacet
  facet normal -0.7187968373123298 -0.6514794785979198 0.24270474992380092
    outer loop
      vertex -4.700510586405954 -3.85760934432896 5.185090322016128
      vertex -4.299764506712478 -4.299764506712467 5.185090322016128
      vertex -4.682078194915391 -3.8424822715684073 5.280284677254462
    endloop
  endfacet
  facet normal -0.7329504450937776 -0.664307560942042 0.1465575297010299
    outer loop
      vertex -4.700510586405954 -3.85760934432896 5.185090322016128
      vertex -4.309946452814586 -4.309946452814586 5.08801714032956
      vertex -4.299764506712478 -4.299764506712467 5.185090322016128
    endloop
  endfacet
  facet normal -0.7400607622381615 -0.6707519767566995 0.04900871220968267
    outer loop
      vertex -4.711641508894502 -3.866744256337668 5.08801714032956
      vertex -4.313351365237935 -4.313351365237942 4.99
      vertex -4.309946452814586 -4.309946452814586 5.08801714032956
    endloop
  endfacet
  facet normal -0.732950445093761 -0.6643075609420438 0.1465575297011059
    outer loop
      vertex -4.711641508894502 -3.866744256337668 5.08801714032956
      vertex -4.309946452814586 -4.309946452814586 5.08801714032956
      vertex -4.700510586405954 -3.85760934432896 5.185090322016128
    endloop
  endfacet
  facet normal -0.7400607622381401 -0.6707519767567124 0.04900871220982878
    outer loop
      vertex -4.715363765512706 -3.8697990333982375 4.99
      vertex -4.313351365237935 -4.313351365237942 4.99
      vertex -4.711641508894502 -3.866744256337668 5.08801714032956
    endloop
  endfacet
  facet normal -0.664307560942042 -0.7329504450937762 0.1465575297010376
    outer loop
      vertex -3.866744256337654 -4.711641508894505 5.08801714032956
      vertex -4.299764506712478 -4.299764506712467 5.185090322016128
      vertex -4.309946452814586 -4.309946452814586 5.08801714032956
    endloop
  endfacet
  facet normal -0.6707519767566907 -0.7400607622381691 0.04900871220968766
    outer loop
      vertex -3.866744256337654 -4.711641508894505 5.08801714032956
      vertex -4.309946452814586 -4.309946452814586 5.08801714032956
      vertex -4.313351365237935 -4.313351365237942 4.99
    endloop
  endfacet
  facet normal -0.6514794785979275 -0.7187968373123474 0.2427047499237276
    outer loop
      vertex -3.8576093443289494 -4.700510586405958 5.185090322016128
      vertex -3.8424822715684 -4.682078194915402 5.280284677254462
      vertex -4.299764506712478 -4.299764506712467 5.185090322016128
    endloop
  endfacet
  facet normal -0.664307560942032 -0.7329504450937763 0.1465575297010822
    outer loop
      vertex -3.866744256337654 -4.711641508894505 5.08801714032956
      vertex -3.8576093443289494 -4.700510586405958 5.185090322016128
      vertex -4.299764506712478 -4.299764506712467 5.185090322016128
    endloop
  endfacet
  facet normal -0.6707519767567024 -0.7400607622381499 0.04900871220981879
    outer loop
      vertex -3.8697990333982375 -4.715363765512695 4.99
      vertex -3.866744256337654 -4.711641508894505 5.08801714032956
      vertex -4.313351365237935 -4.313351365237942 4.99
    endloop
  endfacet
  facet normal -0.5778880163697612 -0.7791917895490708 0.24270474992372806
    outer loop
      vertex -3.8576093443289494 -4.700510586405958 5.185090322016128
      vertex -3.378303295175783 -5.0559881795919 5.185090322016128
      vertex -3.8424822715684 -4.682078194915402 5.280284677254462
    endloop
  endfacet
  facet normal -0.5892670318310259 -0.7945346157877379 0.14655752970108518
    outer loop
      vertex -3.866744256337654 -4.711641508894505 5.08801714032956
      vertex -3.378303295175783 -5.0559881795919 5.185090322016128
      vertex -3.8576093443289494 -4.700510586405958 5.185090322016128
    endloop
  endfacet
  facet normal -0.5892670318310238 -0.7945346157877476 0.14655752970104033
    outer loop
      vertex -3.866744256337654 -4.711641508894505 5.08801714032956
      vertex -3.3863031988947796 -5.067960881598527 5.08801714032956
      vertex -3.378303295175783 -5.0559881795919 5.185090322016128
    endloop
  endfacet
  facet normal -0.5949834830687529 -0.8022423580208834 0.049008712209847864
    outer loop
      vertex -3.866744256337654 -4.711641508894505 5.08801714032956
      vertex -3.38897842141958 -5.071964635045525 4.99
      vertex -3.3863031988947796 -5.067960881598527 5.08801714032956
    endloop
  endfacet
  facet normal -0.5949834830687594 -0.8022423580208811 0.049008712209808215
    outer loop
      vertex -3.8697990333982375 -4.715363765512695 4.99
      vertex -3.38897842141958 -5.071964635045525 4.99
      vertex -3.866744256337654 -4.711641508894505 5.08801714032956
    endloop
  endfacet
  facet normal -0.4844796559061763 -0.17334959274372766 0.8574551776673908
    outer loop
      vertex -5.412043277542864 -1.641725379782038 5.821469612302545
      vertex -5.2250655829668915 -2.1642930287537716 5.821469612302545
      vertex -5.147299412653723 -2.1320812263162345 5.871921264348355
    endloop
  endfacet
  facet normal -0.4844796559060758 -0.17334959274366626 0.8574551776674599
    outer loop
      vertex -5.412043277542864 -1.641725379782038 5.821469612302545
      vertex -5.147299412653723 -2.1320812263162345 5.871921264348355
      vertex -5.331494263835594 -1.6172911036060995 5.871921264348355
    endloop
  endfacet
  facet normal -0.6074837276377868 -0.28731840509983003 0.7405482123036888
    outer loop
      vertex -5.36506709824576 -2.222283555135057 5.697106781186548
      vertex -5.121410954669955 -2.7374511870514624 5.697106781186548
      vertex -5.297888586608963 -2.194457304515062 5.763010453362737
    endloop
  endfacet
  facet normal -0.6701758292033703 -0.3169695608669348 0.6711144875767453
    outer loop
      vertex -5.4259541520866605 -2.2475037986089035 5.624393284163646
      vertex -5.179532804560779 -2.768517963060166 5.624393284163646
      vertex -5.36506709824576 -2.222283555135057 5.697106781186548
    endloop
  endfacet
  facet normal -0.6327206558790645 -0.22639107066739508 0.7405482123035858
    outer loop
      vertex -5.36506709824576 -2.222283555135057 5.697106781186548
      vertex -5.487472234568088 -1.6646065037435989 5.763010453362737
      vertex -5.55705471282144 -1.6857141177589376 5.697106781186548
    endloop
  endfacet
  facet normal -0.6980171993357536 -0.2497545474982916 0.6711144875767431
    outer loop
      vertex -5.4259541520866605 -2.2475037986089035 5.624393284163646
      vertex -5.36506709824576 -2.222283555135057 5.697106781186548
      vertex -5.620120594999719 -1.704844943966485 5.624393284163646
    endloop
  endfacet
  facet normal -0.6980171993356524 -0.2497545474982234 0.6711144875768735
    outer loop
      vertex -5.36506709824576 -2.222283555135057 5.697106781186548
      vertex -5.55705471282144 -1.6857141177589376 5.697106781186548
      vertex -5.620120594999719 -1.704844943966485 5.624393284163646
    endloop
  endfacet
  facet normal -0.6327206558789461 -0.2263910706673815 0.7405482123036913
    outer loop
      vertex -5.36506709824576 -2.222283555135057 5.697106781186548
      vertex -5.297888586608963 -2.194457304515062 5.763010453362737
      vertex -5.487472234568088 -1.6646065037435989 5.763010453362737
    endloop
  endfacet
  facet normal -0.5613132492427857 -0.20084109202872877 0.8028638066180428
    outer loop
      vertex -5.487472234568088 -1.6646065037435989 5.763010453362737
      vertex -5.297888586608963 -2.194457304515062 5.763010453362737
      vertex -5.2250655829668915 -2.1642930287537716 5.821469612302545
    endloop
  endfacet
  facet normal -0.5613132492427564 -0.20084109202871042 0.8028638066180679
    outer loop
      vertex -5.487472234568088 -1.6646065037435989 5.763010453362737
      vertex -5.2250655829668915 -2.1642930287537716 5.821469612302545
      vertex -5.412043277542864 -1.641725379782038 5.821469612302545
    endloop
  endfacet
  facet normal -0.7756243003928159 -0.366842973411158 0.5136469385667701
    outer loop
      vertex -5.526574621225478 -2.2891821615785446 5.461396736825998
      vertex -5.2755835646864 -2.819858163963861 5.461396736825998
      vertex -5.2310891799257035 -2.7960754198219853 5.545570233019602
    endloop
  endfacet
  facet normal -0.8173765354202859 -0.3865903098939208 0.42713409093685367
    outer loop
      vertex -5.565339006400848 -2.3052388956552328 5.37268343236509
      vertex -5.312587453594517 -2.8396371546587353 5.37268343236509
      vertex -5.2755835646864 -2.819858163963861 5.461396736825998
    endloop
  endfacet
  facet normal -0.8512620673336386 -0.40261697290127957 0.33653003707049695
    outer loop
      vertex -5.341744478971492 -2.8552219094139275 5.280284677254462
      vertex -5.312587453594517 -2.8396371546587353 5.37268343236509
      vertex -5.565339006400848 -2.3052388956552328 5.37268343236509
    endloop
  endfacet
  facet normal -0.8769601970035771 -0.41477128304142075 0.24270474992389598
    outer loop
      vertex -5.362773842724096 -2.866462338521643 5.185090322016128
      vertex -5.341744478971492 -2.8552219094139275 5.280284677254462
      vertex -5.595883205825032 -2.317890717308561 5.280284677254462
    endloop
  endfacet
  facet normal -0.8866263721378586 -0.3172399886192411 0.33653003707027906
    outer loop
      vertex -5.595883205825032 -2.317890717308561 5.280284677254462
      vertex -5.764493302251736 -1.7486399259148016 5.37268343236509
      vertex -5.7961305183855245 -1.7582369705075607 5.280284677254462
    endloop
  endfacet
  facet normal -0.9133920890119732 -0.3268169152518833 0.24270474992382585
    outer loop
      vertex -5.595883205825032 -2.317890717308561 5.280284677254462
      vertex -5.7961305183855245 -1.7582369705075607 5.280284677254462
      vertex -5.818948707744539 -1.7651587925755372 5.185090322016128
    endloop
  endfacet
  facet normal -0.7264013820849007 -0.3435622668849119 0.5952360883532237
    outer loop
      vertex -5.4799633725189665 -2.2698751502051664 5.545570233019602
      vertex -5.179532804560779 -2.768517963060166 5.624393284163646
      vertex -5.4259541520866605 -2.2475037986089035 5.624393284163646
    endloop
  endfacet
  facet normal -0.7264013820849187 -0.3435622668849277 0.5952360883531926
    outer loop
      vertex -5.4799633725189665 -2.2698751502051664 5.545570233019602
      vertex -5.2310891799257035 -2.7960754198219853 5.545570233019602
      vertex -5.179532804560779 -2.768517963060166 5.624393284163646
    endloop
  endfacet
  facet normal -0.7756243003927743 -0.3668429734111186 0.5136469385668609
    outer loop
      vertex -5.526574621225478 -2.2891821615785446 5.461396736825998
      vertex -5.2310891799257035 -2.7960754198219853 5.545570233019602
      vertex -5.4799633725189665 -2.2698751502051664 5.545570233019602
    endloop
  endfacet
  facet normal -0.8173765354202289 -0.3865903098938605 0.4271340909370173
    outer loop
      vertex -5.565339006400848 -2.3052388956552328 5.37268343236509
      vertex -5.2755835646864 -2.819858163963861 5.461396736825998
      vertex -5.526574621225478 -2.2891821615785446 5.461396736825998
    endloop
  endfacet
  facet normal -0.7565785518096656 -0.2707081344613523 0.595236088353221
    outer loop
      vertex -5.4799633725189665 -2.2698751502051664 5.545570233019602
      vertex -5.4259541520866605 -2.2475037986089035 5.624393284163646
      vertex -5.676062522182178 -1.7218147420518939 5.545570233019602
    endloop
  endfacet
  facet normal -0.7565785518097302 -0.27070813446139846 0.5952360883531178
    outer loop
      vertex -5.4259541520866605 -2.2475037986089035 5.624393284163646
      vertex -5.620120594999719 -1.704844943966485 5.624393284163646
      vertex -5.676062522182178 -1.7218147420518939 5.545570233019602
    endloop
  endfacet
  facet normal -0.8513331206453589 -0.30461186131147194 0.4271340909370211
    outer loop
      vertex -5.565339006400848 -2.3052388956552328 5.37268343236509
      vertex -5.526574621225478 -2.2891821615785446 5.461396736825998
      vertex -5.724341743029157 -1.736460083582969 5.461396736825998
    endloop
  endfacet
  facet normal -0.8078463565904382 -0.28905204833116577 0.513646938566864
    outer loop
      vertex -5.526574621225478 -2.2891821615785446 5.461396736825998
      vertex -5.4799633725189665 -2.2698751502051664 5.545570233019602
      vertex -5.724341743029157 -1.736460083582969 5.461396736825998
    endloop
  endfacet
  facet normal -0.8078463565903973 -0.28905204833113396 0.5136469385669467
    outer loop
      vertex -5.724341743029157 -1.736460083582969 5.461396736825998
      vertex -5.4799633725189665 -2.2698751502051664 5.545570233019602
      vertex -5.676062522182178 -1.7218147420518939 5.545570233019602
    endloop
  endfacet
  facet normal -0.8512620673336956 -0.4026169729012787 0.336530037070354
    outer loop
      vertex -5.341744478971492 -2.8552219094139275 5.280284677254462
      vertex -5.565339006400848 -2.3052388956552328 5.37268343236509
      vertex -5.595883205825032 -2.317890717308561 5.280284677254462
    endloop
  endfacet
  facet normal -0.8866263721378298 -0.3172399886192444 0.3365300370703516
    outer loop
      vertex -5.595883205825032 -2.317890717308561 5.280284677254462
      vertex -5.565339006400848 -2.3052388956552328 5.37268343236509
      vertex -5.764493302251736 -1.7486399259148016 5.37268343236509
    endloop
  endfacet
  facet normal -0.8513331206454251 -0.30461186131147006 0.4271340909368903
    outer loop
      vertex -5.565339006400848 -2.3052388956552328 5.37268343236509
      vertex -5.724341743029157 -1.736460083582969 5.461396736825998
      vertex -5.764493302251736 -1.7486399259148016 5.37268343236509
    endloop
  endfacet
  facet normal -0.7191362822634081 -0.18013426130743046 0.6711144875768889
    outer loop
      vertex -5.620120594999719 -1.704844943966485 5.624393284163646
      vertex -5.69552485271754 -1.1329103319237248 5.697106781186548
      vertex -5.760162204312479 -1.1457675005506225 5.624393284163646
    endloop
  endfacet
  facet normal -0.6647298127713146 -0.0986033532236246 0.7405482123036082
    outer loop
      vertex -5.69552485271754 -1.1329103319237248 5.697106781186548
      vertex -5.624208525150834 -1.118724632374608 5.763010453362737
      vertex -5.7791439747913955 -0.5691960002803036 5.697106781186548
    endloop
  endfacet
  facet normal -0.7333296896731012 -0.108779183708839 0.6711144875768901
    outer loop
      vertex -5.760162204312479 -1.1457675005506225 5.624393284163646
      vertex -5.69552485271754 -1.1329103319237248 5.697106781186548
      vertex -5.844730302772746 -0.5756556897642326 5.624393284163646
    endloop
  endfacet
  facet normal -0.49913798529915276 -0.12502755665358942 0.8574551776674605
    outer loop
      vertex -5.412043277542864 -1.641725379782038 5.821469612302545
      vertex -5.331494263835594 -1.6172911036060995 5.871921264348355
      vertex -5.546900036832284 -1.1033470179446248 5.821469612302545
    endloop
  endfacet
  facet normal -0.41515041100587063 -0.10398976447504307 0.9037899452450673
    outer loop
      vertex -5.331494263835594 -1.6172911036060995 5.871921264348355
      vertex -5.246600924480873 -1.591538990652488 5.913879532511287
      vertex -5.464343910765535 -1.0869255834669893 5.871921264348355
    endloop
  endfacet
  facet normal -0.5089893430373279 -0.07550143684592592 0.8574551776673985
    outer loop
      vertex -5.546900036832284 -1.1033470179446248 5.821469612302545
      vertex -5.464343910765535 -1.0869255834669893 5.871921264348355
      vertex -5.544568938720545 -0.546092375785129 5.871921264348355
    endloop
  endfacet
  facet normal -0.41515041100577627 -0.10398976447499832 0.9037899452451157
    outer loop
      vertex -5.246600924480873 -1.591538990652488 5.913879532511287
      vertex -5.377335207574333 -1.0696184763325967 5.913879532511287
      vertex -5.464343910765535 -1.0869255834669893 5.871921264348355
    endloop
  endfacet
  facet normal -0.3271429973068118 -0.08194505494324811 0.9414151407766201
    outer loop
      vertex -5.246600924480873 -1.591538990652488 5.913879532511287
      vertex -5.2867118686342565 -1.0515923734441763 5.946940335732209
      vertex -5.377335207574333 -1.0696184763325967 5.913879532511287
    endloop
  endfacet
  facet normal -0.42334412764201323 -0.06279716924234928 0.9037899452451165
    outer loop
      vertex -5.464343910765535 -1.0869255834669893 5.871921264348355
      vertex -5.377335207574333 -1.0696184763325967 5.913879532511287
      vertex -5.456282813068441 -0.5373969513726848 5.913879532511287
    endloop
  endfacet
  facet normal -0.33359973430718637 -0.04948484603099551 0.9414151407766199
    outer loop
      vertex -5.377335207574333 -1.0696184763325967 5.913879532511287
      vertex -5.2867118686342565 -1.0515923734441763 5.946940335732209
      vertex -5.456282813068441 -0.5373969513726848 5.913879532511287
    endloop
  endfacet
  facet normal -0.49913798529924575 -0.12502755665363435 0.8574551776673999
    outer loop
      vertex -5.331494263835594 -1.6172911036060995 5.871921264348355
      vertex -5.464343910765535 -1.0869255834669893 5.871921264348355
      vertex -5.546900036832284 -1.1033470179446248 5.821469612302545
    endloop
  endfacet
  facet normal -0.5782962420264586 -0.14485566775525396 0.8028638066180683
    outer loop
      vertex -5.487472234568088 -1.6646065037435989 5.763010453362737
      vertex -5.412043277542864 -1.641725379782038 5.821469612302545
      vertex -5.546900036832284 -1.1033470179446248 5.821469612302545
    endloop
  endfacet
  facet normal -0.6518641383238293 -0.1632834664664446 0.7405482123035835
    outer loop
      vertex -5.55705471282144 -1.6857141177589376 5.697106781186548
      vertex -5.487472234568088 -1.6646065037435989 5.763010453362737
      vertex -5.624208525150834 -1.118724632374608 5.763010453362737
    endloop
  endfacet
  facet normal -0.7191362822634204 -0.18013426130743038 0.6711144875768758
    outer loop
      vertex -5.620120594999719 -1.704844943966485 5.624393284163646
      vertex -5.55705471282144 -1.6857141177589376 5.697106781186548
      vertex -5.69552485271754 -1.1329103319237248 5.697106781186548
    endloop
  endfacet
  facet normal -0.651864138323801 -0.16328346646644415 0.7405482123036083
    outer loop
      vertex -5.55705471282144 -1.6857141177589376 5.697106781186548
      vertex -5.624208525150834 -1.118724632374608 5.763010453362737
      vertex -5.69552485271754 -1.1329103319237248 5.697106781186548
    endloop
  endfacet
  facet normal -0.578296242026482 -0.1448556677552547 0.8028638066180513
    outer loop
      vertex -5.487472234568088 -1.6646065037435989 5.763010453362737
      vertex -5.546900036832284 -1.1033470179446248 5.821469612302545
      vertex -5.624208525150834 -1.118724632374608 5.763010453362737
    endloop
  endfacet
  facet normal -0.5897099258705772 -0.08747520421519048 0.8028638066180521
    outer loop
      vertex -5.624208525150834 -1.118724632374608 5.763010453362737
      vertex -5.546900036832284 -1.1033470179446248 5.821469612302545
      vertex -5.628337116523028 -0.5543428211735666 5.821469612302545
    endloop
  endfacet
  facet normal -0.6647298127713472 -0.0986033532236375 0.7405482123035774
    outer loop
      vertex -5.624208525150834 -1.118724632374608 5.763010453362737
      vertex -5.706780613131286 -0.5620688312387578 5.763010453362737
      vertex -5.7791439747913955 -0.5691960002803036 5.697106781186548
    endloop
  endfacet
  facet normal -0.7333296896731835 -0.10877918370887349 0.6711144875767946
    outer loop
      vertex -5.69552485271754 -1.1329103319237248 5.697106781186548
      vertex -5.7791439747913955 -0.5691960002803036 5.697106781186548
      vertex -5.844730302772746 -0.5756556897642326 5.624393284163646
    endloop
  endfacet
  facet normal -0.6711937757436014 -0.03297363578714736 0.7405482123035777
    outer loop
      vertex -5.7791439747913955 -0.5691960002803036 5.697106781186548
      vertex -5.706780613131286 -0.5620688312387578 5.763010453362737
      vertex -5.7343932841636445 0 5.763010453362737
    endloop
  endfacet
  facet normal -0.5954443807603249 -0.029252306639677032 0.8028638066180412
    outer loop
      vertex -5.706780613131286 -0.5620688312387578 5.763010453362737
      vertex -5.655570233019603 0 5.821469612302545
      vertex -5.7343932841636445 0 5.763010453362737
    endloop
  endfacet
  facet normal -0.6711937757435584 -0.03297363578715519 0.7405482123036161
    outer loop
      vertex -5.7791439747913955 -0.5691960002803036 5.697106781186548
      vertex -5.7343932841636445 0 5.763010453362737
      vertex -5.8071067811865476 0 5.697106781186548
    endloop
  endfacet
  facet normal -0.7404607312925433 -0.03637650310639852 0.6711144875767935
    outer loop
      vertex -5.844730302772746 -0.5756556897642326 5.624393284163646
      vertex -5.7791439747913955 -0.5691960002803036 5.697106781186548
      vertex -5.8071067811865476 0 5.697106781186548
    endloop
  endfacet
  facet normal -0.7404607312925845 -0.036376503106390165 0.6711144875767485
    outer loop
      vertex -5.844730302772746 -0.5756556897642326 5.624393284163646
      vertex -5.8071067811865476 0 5.697106781186548
      vertex -5.873010453362724 0 5.624393284163646
    endloop
  endfacet
  facet normal -0.42334412764211404 -0.0627971692423442 0.9037899452450695
    outer loop
      vertex -5.464343910765535 -1.0869255834669893 5.871921264348355
      vertex -5.456282813068441 -0.5373969513726848 5.913879532511287
      vertex -5.544568938720545 -0.546092375785129 5.871921264348355
    endloop
  endfacet
  facet normal -0.508989343037222 -0.07550143684593201 0.8574551776674609
    outer loop
      vertex -5.546900036832284 -1.1033470179446248 5.821469612302545
      vertex -5.544568938720545 -0.546092375785129 5.871921264348355
      vertex -5.628337116523028 -0.5543428211735666 5.821469612302545
    endloop
  endfacet
  facet normal -0.3335997343071762 -0.04948484603099191 0.9414151407766238
    outer loop
      vertex -5.456282813068441 -0.5373969513726848 5.913879532511287
      vertex -5.2867118686342565 -1.0515923734441763 5.946940335732209
      vertex -5.364328983218826 -0.5283402896267297 5.946940335732209
    endloop
  endfacet
  facet normal -0.24062300556052177 -0.035693051154270024 0.9699621514751593
    outer loop
      vertex -5.364328983218826 -0.5283402896267297 5.946940335732209
      vertex -5.2867118686342565 -1.0515923734441763 5.946940335732209
      vertex -5.269593014820202 -0.5190096111507536 5.970785280403231
    endloop
  endfacet
  facet normal -0.42746080890572336 -0.02099980294144352 0.9037899452450692
    outer loop
      vertex -5.456282813068441 -0.5373969513726848 5.913879532511287
      vertex -5.482683432365093 0 5.913879532511287
      vertex -5.571396736825989 0 5.871921264348355
    endloop
  endfacet
  facet normal -0.5139388551599696 -0.02524819692813437 0.8574551776674615
    outer loop
      vertex -5.628337116523028 -0.5543428211735666 5.821469612302545
      vertex -5.544568938720545 -0.546092375785129 5.871921264348355
      vertex -5.655570233019603 0 5.821469612302545
    endloop
  endfacet
  facet normal -0.42746080890572374 -0.02099980294144362 0.9037899452450691
    outer loop
      vertex -5.544568938720545 -0.546092375785129 5.871921264348355
      vertex -5.456282813068441 -0.5373969513726848 5.913879532511287
      vertex -5.571396736825989 0 5.871921264348355
    endloop
  endfacet
  facet normal -0.5139388551599604 -0.02524819692813197 0.857455177667467
    outer loop
      vertex -5.544568938720545 -0.546092375785129 5.871921264348355
      vertex -5.571396736825989 0 5.871921264348355
      vertex -5.655570233019603 0 5.821469612302545
    endloop
  endfacet
  facet normal -0.3368437235020116 -0.016548071000268425 0.9414151407766238
    outer loop
      vertex -5.456282813068441 -0.5373969513726848 5.913879532511287
      vertex -5.364328983218826 -0.5283402896267297 5.946940335732209
      vertex -5.390284677254471 0 5.946940335732209
    endloop
  endfacet
  facet normal -0.24296287082356666 -0.011936000454517879 0.9699621514751596
    outer loop
      vertex -5.364328983218826 -0.5283402896267297 5.946940335732209
      vertex -5.269593014820202 -0.5190096111507536 5.970785280403231
      vertex -5.2950903220161365 0 5.970785280403231
    endloop
  endfacet
  facet normal -0.3368437235020086 -0.01654807100026886 0.9414151407766248
    outer loop
      vertex -5.456282813068441 -0.5373969513726848 5.913879532511287
      vertex -5.390284677254471 0 5.946940335732209
      vertex -5.482683432365093 0 5.913879532511287
    endloop
  endfacet
  facet normal -0.24296287082362988 -0.01193600045450888 0.969962151475144
    outer loop
      vertex -5.364328983218826 -0.5283402896267297 5.946940335732209
      vertex -5.2950903220161365 0 5.970785280403231
      vertex -5.390284677254471 0 5.946940335732209
    endloop
  endfacet
  facet normal -0.5897099258705584 -0.08747520421519173 0.8028638066180657
    outer loop
      vertex -5.624208525150834 -1.118724632374608 5.763010453362737
      vertex -5.628337116523028 -0.5543428211735666 5.821469612302545
      vertex -5.706780613131286 -0.5620688312387578 5.763010453362737
    endloop
  endfacet
  facet normal -0.5954443807602916 -0.029252306639682615 0.8028638066180657
    outer loop
      vertex -5.706780613131286 -0.5620688312387578 5.763010453362737
      vertex -5.628337116523028 -0.5543428211735666 5.821469612302545
      vertex -5.655570233019603 0 5.821469612302545
    endloop
  endfacet
  facet normal -0.7794694564925317 -0.1952469347188168 0.5952360883533049
    outer loop
      vertex -5.676062522182178 -1.7218147420518939 5.545570233019602
      vertex -5.760162204312479 -1.1457675005506225 5.624393284163646
      vertex -5.8174980869054025 -1.1571723166929822 5.545570233019602
    endloop
  endfacet
  facet normal -0.8322884107603538 -0.20847739401384938 0.5136469385669489
    outer loop
      vertex -5.724341743029157 -1.736460083582969 5.461396736825998
      vertex -5.676062522182178 -1.7218147420518939 5.545570233019602
      vertex -5.8174980869054025 -1.1571723166929822 5.545570233019602
    endloop
  endfacet
  facet normal -0.8770909025327159 -0.21969983398687798 0.4271340909368909
    outer loop
      vertex -5.764493302251736 -1.7486399259148016 5.37268343236509
      vertex -5.724341743029157 -1.736460083582969 5.461396736825998
      vertex -5.866980324603958 -1.1670149457368453 5.461396736825998
    endloop
  endfacet
  facet normal -0.8322884107604372 -0.2084773940138435 0.5136469385668158
    outer loop
      vertex -5.724341743029157 -1.736460083582969 5.461396736825998
      vertex -5.8174980869054025 -1.1571723166929822 5.545570233019602
      vertex -5.866980324603958 -1.1670149457368453 5.461396736825998
    endloop
  endfacet
  facet normal -0.894401819562038 -0.1326719771608192 0.4271340909367394
    outer loop
      vertex -5.908132376409355 -1.1752005977839914 5.37268343236509
      vertex -5.866980324603958 -1.1670149457368453 5.461396736825998
      vertex -5.953116678435123 -0.5863308160080152 5.461396736825998
    endloop
  endfacet
  facet normal -0.7948536442081026 -0.11790540026205194 0.5952360883533059
    outer loop
      vertex -5.8174980869054025 -1.1571723166929822 5.545570233019602
      vertex -5.760162204312479 -1.1457675005506225 5.624393284163646
      vertex -5.844730302772746 -0.5756556897642326 5.624393284163646
    endloop
  endfacet
  facet normal -0.848715072559662 -0.1258949884268067 0.5136469385668153
    outer loop
      vertex -5.866980324603958 -1.1670149457368453 5.461396736825998
      vertex -5.8174980869054025 -1.1571723166929822 5.545570233019602
      vertex -5.902907964883752 -0.5813856893495846 5.545570233019602
    endloop
  endfacet
  facet normal -0.8770909025327901 -0.21969983398686854 0.42713409093674337
    outer loop
      vertex -5.764493302251736 -1.7486399259148016 5.37268343236509
      vertex -5.866980324603958 -1.1670149457368453 5.461396736825998
      vertex -5.908132376409355 -1.1752005977839914 5.37268343236509
    endloop
  endfacet
  facet normal -0.9134519802989871 -0.22880780982580215 0.3365300370703611
    outer loop
      vertex -5.764493302251736 -1.7486399259148016 5.37268343236509
      vertex -5.908132376409355 -1.1752005977839914 5.37268343236509
      vertex -5.940557925566736 -1.181650440530472 5.280284677254462
    endloop
  endfacet
  facet normal -0.9134519802990135 -0.22880780982582458 0.3365300370702738
    outer loop
      vertex -5.7961305183855245 -1.7582369705075607 5.280284677254462
      vertex -5.764493302251736 -1.7486399259148016 5.37268343236509
      vertex -5.940557925566736 -1.181650440530472 5.280284677254462
    endloop
  endfacet
  facet normal -0.9410275158922394 -0.23571512191221877 0.24270474992382995
    outer loop
      vertex -5.818948707744539 -1.7651587925755372 5.185090322016128
      vertex -5.7961305183855245 -1.7582369705075607 5.280284677254462
      vertex -5.940557925566736 -1.181650440530472 5.280284677254462
    endloop
  endfacet
  facet normal -0.9314805465462166 -0.1381720867446948 0.3365300370703605
    outer loop
      vertex -5.940557925566736 -1.181650440530472 5.280284677254462
      vertex -5.908132376409355 -1.1752005977839914 5.37268343236509
      vertex -5.99487290606848 -0.5904434454665264 5.37268343236509
    endloop
  endfacet
  facet normal -0.9596003333764753 -0.14234326309353126 0.24270474992394167
    outer loop
      vertex -5.963944696312126 -1.1863023584648005 5.185090322016128
      vertex -5.940557925566736 -1.181650440530472 5.280284677254462
      vertex -6.0277745124854505 -0.5936839708552384 5.280284677254462
    endloop
  endfacet
  facet normal -0.7794694564926784 -0.19524693471881216 0.5952360883531144
    outer loop
      vertex -5.676062522182178 -1.7218147420518939 5.545570233019602
      vertex -5.620120594999719 -1.704844943966485 5.624393284163646
      vertex -5.760162204312479 -1.1457675005506225 5.624393284163646
    endloop
  endfacet
  facet normal -0.848715072559659 -0.12589498842680721 0.5136469385668203
    outer loop
      vertex -5.866980324603958 -1.1670149457368453 5.461396736825998
      vertex -5.902907964883752 -0.5813856893495846 5.545570233019602
      vertex -5.953116678435123 -0.5863308160080152 5.461396736825998
    endloop
  endfacet
  facet normal -0.7948536442080992 -0.11790540026205237 0.5952360883533101
    outer loop
      vertex -5.8174980869054025 -1.1571723166929822 5.545570233019602
      vertex -5.844730302772746 -0.5756556897642326 5.624393284163646
      vertex -5.902907964883752 -0.5813856893495846 5.545570233019602
    endloop
  endfacet
  facet normal -0.8569681442552756 -0.04210014528004865 0.5136469385668214
    outer loop
      vertex -5.953116678435123 -0.5863308160080152 5.461396736825998
      vertex -5.902907964883752 -0.5813856893495846 5.545570233019602
      vertex -5.981921264348358 0 5.461396736825998
    endloop
  endfacet
  facet normal -0.856968144255284 -0.0421001452800519 0.5136469385668071
    outer loop
      vertex -5.902907964883752 -0.5813856893495846 5.545570233019602
      vertex -5.93146961230255 0 5.545570233019602
      vertex -5.981921264348358 0 5.461396736825998
    endloop
  endfacet
  facet normal -0.9030991581391321 -0.04436641666883412 0.4271340909367434
    outer loop
      vertex -5.953116678435123 -0.5863308160080152 5.461396736825998
      vertex -5.981921264348358 0 5.461396736825998
      vertex -6.023879532511273 0 5.37268343236509
    endloop
  endfacet
  facet normal -0.8025829568187359 -0.03942837234715749 0.5952360883533095
    outer loop
      vertex -5.902907964883752 -0.5813856893495846 5.545570233019602
      vertex -5.844730302772746 -0.5756556897642326 5.624393284163646
      vertex -5.873010453362724 0 5.624393284163646
    endloop
  endfacet
  facet normal -0.8025829568186841 -0.039428372347169525 0.5952360883533788
    outer loop
      vertex -5.902907964883752 -0.5813856893495846 5.545570233019602
      vertex -5.873010453362724 0 5.624393284163646
      vertex -5.93146961230255 0 5.545570233019602
    endloop
  endfacet
  facet normal -0.8944018195620045 -0.13267197716082682 0.42713409093680704
    outer loop
      vertex -5.908132376409355 -1.1752005977839914 5.37268343236509
      vertex -5.953116678435123 -0.5863308160080152 5.461396736825998
      vertex -5.99487290606848 -0.5904434454665264 5.37268343236509
    endloop
  endfacet
  facet normal -0.931480546546212 -0.13817208674469622 0.33653003707037227
    outer loop
      vertex -5.940557925566736 -1.181650440530472 5.280284677254462
      vertex -5.99487290606848 -0.5904434454665264 5.37268343236509
      vertex -6.0277745124854505 -0.5936839708552384 5.280284677254462
    endloop
  endfacet
  facet normal -0.9030991581391029 -0.044366416668821095 0.4271340909368063
    outer loop
      vertex -5.99487290606848 -0.5904434454665264 5.37268343236509
      vertex -5.953116678435123 -0.5863308160080152 5.461396736825998
      vertex -6.023879532511273 0 5.37268343236509
    endloop
  endfacet
  facet normal -0.9405384459311444 -0.04620569093565611 0.3365300370703726
    outer loop
      vertex -6.0277745124854505 -0.5936839708552384 5.280284677254462
      vertex -5.99487290606848 -0.5904434454665264 5.37268343236509
      vertex -6.023879532511273 0 5.37268343236509
    endloop
  endfacet
  facet normal -0.9405384459310853 -0.046205690935681734 0.3365300370705347
    outer loop
      vertex -6.0277745124854505 -0.5936839708552384 5.280284677254462
      vertex -6.023879532511273 0 5.37268343236509
      vertex -6.056940335732207 0 5.280284677254462
    endloop
  endfacet
  facet normal -0.9689316750794645 -0.047600560838524736 0.24270474992377247
    outer loop
      vertex -6.0277745124854505 -0.5936839708552384 5.280284677254462
      vertex -6.056940335732207 0 5.280284677254462
      vertex -6.080785280403234 0 5.185090322016128
    endloop
  endfacet
  facet normal -0.832082698902865 -0.4987311766381844 0.24270474992388646
    outer loop
      vertex -5.055988179591907 -3.3783032951757903 5.185090322016128
      vertex -5.341744478971492 -2.8552219094139275 5.280284677254462
      vertex -5.362773842724096 -2.866462338521643 5.185090322016128
    endloop
  endfacet
  facet normal -0.8484669837949133 -0.5085515390773515 0.146557529700864
    outer loop
      vertex -5.055988179591907 -3.3783032951757903 5.185090322016128
      vertex -5.362773842724096 -2.866462338521643 5.185090322016128
      vertex -5.375473020583513 -2.8732501905049332 5.08801714032956
    endloop
  endfacet
  facet normal -0.8566979213456072 -0.5134849731877655 0.04900871220992719
    outer loop
      vertex -5.0679608815985375 -3.386303198894794 5.08801714032956
      vertex -5.375473020583513 -2.8732501905049332 5.08801714032956
      vertex -5.379719712524974 -2.875520094638585 4.99
    endloop
  endfacet
  facet normal -0.8942281509288859 -0.42293841699979096 0.14655752970085378
    outer loop
      vertex -5.375473020583513 -2.8732501905049332 5.08801714032956
      vertex -5.362773842724096 -2.866462338521643 5.185090322016128
      vertex -5.631216415847831 -2.332526212102188 5.08801714032956
    endloop
  endfacet
  facet normal -0.9029030153690217 -0.4270413223155947 0.04900871220993742
    outer loop
      vertex -5.379719712524974 -2.875520094638585 4.99
      vertex -5.375473020583513 -2.8732501905049332 5.08801714032956
      vertex -5.63566514831885 -2.3343689374270475 4.99
    endloop
  endfacet
  facet normal -0.9313774121345716 -0.33325216676485464 0.14655752970092617
    outer loop
      vertex -5.631216415847831 -2.332526212102188 5.08801714032956
      vertex -5.617913062160454 -2.3270157825798243 5.185090322016128
      vertex -5.818948707744539 -1.7651587925755372 5.185090322016128
    endloop
  endfacet
  facet normal -0.940412659777438 -0.33648503006501557 0.04900871220987307
    outer loop
      vertex -5.63566514831885 -2.3343689374270475 4.99
      vertex -5.631216415847831 -2.332526212102188 5.08801714032956
      vertex -5.832728118691534 -1.7693387311883662 5.08801714032956
    endloop
  endfacet
  facet normal -0.9313774121345169 -0.3332521667648844 0.14655752970120625
    outer loop
      vertex -5.631216415847831 -2.332526212102188 5.08801714032956
      vertex -5.818948707744539 -1.7651587925755372 5.185090322016128
      vertex -5.832728118691534 -1.7693387311883662 5.08801714032956
    endloop
  endfacet
  facet normal -0.9404126597774761 -0.33648503006496366 0.049008712209497575
    outer loop
      vertex -5.63566514831885 -2.3343689374270475 4.99
      vertex -5.832728118691534 -1.7693387311883662 5.08801714032956
      vertex -5.83733604796646 -1.7707365312522185 4.99
    endloop
  endfacet
  facet normal -0.8769601970036235 -0.41477128304141353 0.2427047499237409
    outer loop
      vertex -5.362773842724096 -2.866462338521643 5.185090322016128
      vertex -5.595883205825032 -2.317890717308561 5.280284677254462
      vertex -5.617913062160454 -2.3270157825798243 5.185090322016128
    endloop
  endfacet
  facet normal -0.894228150928881 -0.4229384169997743 0.14655752970093172
    outer loop
      vertex -5.631216415847831 -2.332526212102188 5.08801714032956
      vertex -5.362773842724096 -2.866462338521643 5.185090322016128
      vertex -5.617913062160454 -2.3270157825798243 5.185090322016128
    endloop
  endfacet
  facet normal -0.90290301536902 -0.42704132231560654 0.049008712209867675
    outer loop
      vertex -5.375473020583513 -2.8732501905049332 5.08801714032956
      vertex -5.631216415847831 -2.332526212102188 5.08801714032956
      vertex -5.63566514831885 -2.3343689374270475 4.99
    endloop
  endfacet
  facet normal -0.9133920890119885 -0.3268169152519042 0.24270474992374025
    outer loop
      vertex -5.617913062160454 -2.3270157825798243 5.185090322016128
      vertex -5.595883205825032 -2.317890717308561 5.280284677254462
      vertex -5.818948707744539 -1.7651587925755372 5.185090322016128
    endloop
  endfacet
  facet normal -0.9410275158922085 -0.23571512191223015 0.24270474992393937
    outer loop
      vertex -5.818948707744539 -1.7651587925755372 5.185090322016128
      vertex -5.940557925566736 -1.181650440530472 5.280284677254462
      vertex -5.963944696312126 -1.1863023584648005 5.185090322016128
    endloop
  endfacet
  facet normal -0.9595569997186909 -0.24035651598982571 0.14655752970112745
    outer loop
      vertex -5.832728118691534 -1.7693387311883662 5.08801714032956
      vertex -5.963944696312126 -1.1863023584648005 5.185090322016128
      vertex -5.978067461258689 -1.1891115510742658 5.08801714032956
    endloop
  endfacet
  facet normal -0.9595569997186755 -0.24035651598983615 0.14655752970121094
    outer loop
      vertex -5.832728118691534 -1.7693387311883662 5.08801714032956
      vertex -5.818948707744539 -1.7651587925755372 5.185090322016128
      vertex -5.963944696312126 -1.1863023584648005 5.185090322016128
    endloop
  endfacet
  facet normal -0.9688656161903892 -0.24268820303340816 0.049008712209491274
    outer loop
      vertex -5.83733604796646 -1.7707365312522185 4.99
      vertex -5.832728118691534 -1.7693387311883662 5.08801714032956
      vertex -5.978067461258689 -1.1891115510742658 5.08801714032956
    endloop
  endfacet
  facet normal -0.9784955288483389 -0.14514610057356744 0.1465575297011293
    outer loop
      vertex -5.978067461258689 -1.1891115510742658 5.08801714032956
      vertex -5.963944696312126 -1.1863023584648005 5.185090322016128
      vertex -6.065834746229825 -0.5974325766888242 5.08801714032956
    endloop
  endfacet
  facet normal -0.9688656161903721 -0.2426882030334368 0.04900871220968568
    outer loop
      vertex -5.83733604796646 -1.7707365312522185 4.99
      vertex -5.978067461258689 -1.1891115510742658 5.08801714032956
      vertex -5.9827902104597115 -1.1900509642983828 4.99
    endloop
  endfacet
  facet normal -0.9879878670835659 -0.1465541559397559 0.04900871220968451
    outer loop
      vertex -5.9827902104597115 -1.1900509642983828 4.99
      vertex -5.978067461258689 -1.1891115510742658 5.08801714032956
      vertex -6.0706268327004125 -0.5979045560103202 4.99
    endloop
  endfacet
  facet normal -0.978495528848338 -0.14514610057356614 0.14655752970113614
    outer loop
      vertex -5.963944696312126 -1.1863023584648005 5.185090322016128
      vertex -6.051504637230408 -0.5960211841432113 5.185090322016128
      vertex -6.065834746229825 -0.5974325766888242 5.08801714032956
    endloop
  endfacet
  facet normal -0.9596003333764972 -0.14234326309352072 0.24270474992386143
    outer loop
      vertex -5.963944696312126 -1.1863023584648005 5.185090322016128
      vertex -6.0277745124854505 -0.5936839708552384 5.280284677254462
      vertex -6.051504637230408 -0.5960211841432113 5.185090322016128
    endloop
  endfacet
  facet normal -0.9879878670835633 -0.1465541559397374 0.049008712209793685
    outer loop
      vertex -5.978067461258689 -1.1891115510742658 5.08801714032956
      vertex -6.065834746229825 -0.5974325766888242 5.08801714032956
      vertex -6.0706268327004125 -0.5979045560103202 4.99
    endloop
  endfacet
  facet normal -0.9689316750794433 -0.0476005608385088 0.2427047499238601
    outer loop
      vertex -6.051504637230408 -0.5960211841432113 5.185090322016128
      vertex -6.0277745124854505 -0.5936839708552384 5.280284677254462
      vertex -6.080785280403234 0 5.185090322016128
    endloop
  endfacet
  facet normal -0.9880106111351071 -0.048537848863876715 0.1465575297011368
    outer loop
      vertex -6.065834746229825 -0.5974325766888242 5.08801714032956
      vertex -6.051504637230408 -0.5960211841432113 5.185090322016128
      vertex -6.080785280403234 0 5.185090322016128
    endloop
  endfacet
  facet normal -0.9975952547276291 -0.04900871220971131 0.04900871220979463
    outer loop
      vertex -6.0706268327004125 -0.5979045560103202 4.99
      vertex -6.065834746229825 -0.5974325766888242 5.08801714032956
      vertex -6.095184726672187 0 5.08801714032956
    endloop
  endfacet
  facet normal -0.9880106111351342 -0.048537848863849174 0.14655752970096309
    outer loop
      vertex -6.065834746229825 -0.5974325766888242 5.08801714032956
      vertex -6.080785280403234 0 5.185090322016128
      vertex -6.095184726672187 0 5.08801714032956
    endloop
  endfacet
  facet normal -0.9975952547276298 -0.04900871220970902 0.0490087122097805
    outer loop
      vertex -6.0706268327004125 -0.5979045560103202 4.99
      vertex -6.095184726672187 0 5.08801714032956
      vertex -6.099999999999994 0 4.99
    endloop
  endfacet
  facet normal -0.44135168729782176 -0.2645360210079086 0.8574551776674213
    outer loop
      vertex -4.6324470847523855 -3.0953021833230707 5.871921264348355
      vertex -4.913533254327888 -2.6263382413027863 5.871921264348355
      vertex -4.987767650515565 -2.666017352735686 5.821469612302545
    endloop
  endfacet
  facet normal -0.635880299480326 -0.38113198409128884 0.6711144875767833
    outer loop
      vertex -4.883229724706297 -3.2628697861012945 5.624393284163646
      vertex -4.828432823952653 -3.2262556675935237 5.697106781186548
      vertex -5.179532804560779 -2.768517963060166 5.624393284163646
    endloop
  endfacet
  facet normal -0.6358802994803073 -0.38113198409126997 0.6711144875768119
    outer loop
      vertex -4.828432823952653 -3.2262556675935237 5.697106781186548
      vertex -5.121410954669955 -2.7374511870514624 5.697106781186548
      vertex -5.179532804560779 -2.768517963060166 5.624393284163646
    endloop
  endfacet
  facet normal -0.5113456192347101 -0.30648876930858315 0.8028638066180224
    outer loop
      vertex -4.767973760773856 -3.185858213108837 5.763010453362737
      vertex -4.987767650515565 -2.666017352735686 5.821469612302545
      vertex -5.057283375440306 -2.7031742818316573 5.763010453362737
    endloop
  endfacet
  facet normal -0.5763963990150767 -0.34547870622695703 0.7405482123036963
    outer loop
      vertex -4.767973760773856 -3.185858213108837 5.763010453362737
      vertex -5.057283375440306 -2.7031742818316573 5.763010453362737
      vertex -5.121410954669955 -2.7374511870514624 5.697106781186548
    endloop
  endfacet
  facet normal -0.511345619234745 -0.3064887693085948 0.8028638066179956
    outer loop
      vertex -4.767973760773856 -3.185858213108837 5.763010453362737
      vertex -4.70243478899863 -3.142066472217426 5.821469612302545
      vertex -4.987767650515565 -2.666017352735686 5.821469612302545
    endloop
  endfacet
  facet normal -0.5763963990151317 -0.3454787062270104 0.7405482123036286
    outer loop
      vertex -4.828432823952653 -3.2262556675935237 5.697106781186548
      vertex -4.767973760773856 -3.185858213108837 5.763010453362737
      vertex -5.121410954669955 -2.7374511870514624 5.697106781186548
    endloop
  endfacet
  facet normal -0.27088170452511445 -0.20089956413615548 0.9414151407766244
    outer loop
      vertex -4.238171605696891 -3.4781775486876967 5.913879532511287
      vertex -4.4818579107971175 -2.994681714184253 5.946940335732209
      vertex -4.558684667886183 -3.0460157120917835 5.913879532511287
    endloop
  endfacet
  facet normal -0.41329739399638693 -0.30652223803023537 0.8574551776674575
    outer loop
      vertex -4.70243478899863 -3.142066472217426 5.821469612302545
      vertex -4.371814909851281 -3.58785577394346 5.821469612302545
      vertex -4.30674791739753 -3.5344566732536613 5.871921264348355
    endloop
  endfacet
  facet normal -0.4132973939964096 -0.3065222380302608 0.8574551776674374
    outer loop
      vertex -4.70243478899863 -3.142066472217426 5.821469612302545
      vertex -4.30674791739753 -3.5344566732536613 5.871921264348355
      vertex -4.6324470847523855 -3.0953021833230707 5.871921264348355
    endloop
  endfacet
  facet normal -0.34375380764174734 -0.2549451992206066 0.9037899452451137
    outer loop
      vertex -4.6324470847523855 -3.0953021833230707 5.871921264348355
      vertex -4.30674791739753 -3.5344566732536613 5.871921264348355
      vertex -4.558684667886183 -3.0460157120917835 5.913879532511287
    endloop
  endfacet
  facet normal -0.3670875384688373 -0.22002380320029458 0.903789945245115
    outer loop
      vertex -4.6324470847523855 -3.0953021833230707 5.871921264348355
      vertex -4.558684667886183 -3.0460157120917835 5.913879532511287
      vertex -4.835295104693188 -2.5845190790668653 5.913879532511287
    endloop
  endfacet
  facet normal -0.28926893584840907 -0.17338112777825004 0.9414151407766241
    outer loop
      vertex -4.7538066777618155 -2.54096260742093 5.946940335732209
      vertex -4.558684667886183 -3.0460157120917835 5.913879532511287
      vertex -4.4818579107971175 -2.994681714184253 5.946940335732209
    endloop
  endfacet
  facet normal -0.2892689358484062 -0.173381127778249 0.9414151407766254
    outer loop
      vertex -4.835295104693188 -2.5845190790668653 5.913879532511287
      vertex -4.558684667886183 -3.0460157120917835 5.913879532511287
      vertex -4.7538066777618155 -2.54096260742093 5.946940335732209
    endloop
  endfacet
  facet normal -0.20864753056147387 -0.12505851708823537 0.9699621514751441
    outer loop
      vertex -4.7538066777618155 -2.54096260742093 5.946940335732209
      vertex -4.402706697153718 -2.9417945640623415 5.970785280403231
      vertex -4.669852751631197 -2.496088298997325 5.970785280403231
    endloop
  endfacet
  facet normal -0.44135168729780166 -0.26453602100789003 0.8574551776674374
    outer loop
      vertex -4.70243478899863 -3.142066472217426 5.821469612302545
      vertex -4.6324470847523855 -3.0953021833230707 5.871921264348355
      vertex -4.987767650515565 -2.666017352735686 5.821469612302545
    endloop
  endfacet
  facet normal -0.3670875384688385 -0.22002380320029508 0.9037899452451144
    outer loop
      vertex -4.6324470847523855 -3.0953021833230707 5.871921264348355
      vertex -4.835295104693188 -2.5845190790668653 5.913879532511287
      vertex -4.913533254327888 -2.6263382413027863 5.871921264348355
    endloop
  endfacet
  facet normal -0.20864753056148913 -0.12505851708824903 0.9699621514751391
    outer loop
      vertex -4.7538066777618155 -2.54096260742093 5.946940335732209
      vertex -4.4818579107971175 -2.994681714184253 5.946940335732209
      vertex -4.402706697153718 -2.9417945640623415 5.970785280403231
    endloop
  endfacet
  facet normal -0.12600343289868468 -0.07552355124420584 0.9891508116082252
    outer loop
      vertex -4.669852751631197 -2.496088298997325 5.970785280403231
      vertex -4.402706697153718 -2.9417945640623415 5.970785280403231
      vertex -4.584241848503865 -2.4503283179169593 5.985184726672197
    endloop
  endfacet
  facet normal -0.1260034328986535 -0.07552355124419448 0.98915081160823
    outer loop
      vertex -4.584241848503865 -2.4503283179169593 5.985184726672197
      vertex -4.402706697153718 -2.9417945640623415 5.970785280403231
      vertex -4.32199329641179 -2.8878635938927815 5.985184726672197
    endloop
  endfacet
  facet normal -0.042137382142700595 -0.025256174902076507 0.9987925543652575
    outer loop
      vertex -4.584241848503865 -2.4503283179169593 5.985184726672197
      vertex -4.32199329641179 -2.8878635938927815 5.985184726672197
      vertex -4.2404950227429765 -2.8334081883999716 5.99
    endloop
  endfacet
  facet normal -0.47884219760238766 -0.3551335774299201 0.8028638066179984
    outer loop
      vertex -4.767973760773856 -3.185858213108837 5.763010453362737
      vertex -4.371814909851281 -3.58785577394346 5.821469612302545
      vertex -4.70243478899863 -3.142066472217426 5.821469612302545
    endloop
  endfacet
  facet normal -0.5397580579795938 -0.4003118585552984 0.7405482123036287
    outer loop
      vertex -4.828432823952653 -3.2262556675935237 5.697106781186548
      vertex -4.488954245650831 -3.683989542405911 5.697106781186548
      vertex -4.767973760773856 -3.185858213108837 5.763010453362737
    endloop
  endfacet
  facet normal -0.5954608948658171 -0.4416238979608681 0.6711144875767837
    outer loop
      vertex -4.883229724706297 -3.2628697861012945 5.624393284163646
      vertex -4.488954245650831 -3.683989542405911 5.697106781186548
      vertex -4.828432823952653 -3.2262556675935237 5.697106781186548
    endloop
  endfacet
  facet normal -0.4788421976023234 -0.3551335774298463 0.8028638066180696
    outer loop
      vertex -4.767973760773856 -3.185858213108837 5.763010453362737
      vertex -4.432745952351581 -3.637860588226527 5.763010453362737
      vertex -4.371814909851281 -3.58785577394346 5.821469612302545
    endloop
  endfacet
  facet normal -0.46515552258319515 -0.22000217749316747 0.8574551776673924
    outer loop
      vertex -4.987767650515565 -2.666017352735686 5.821469612302545
      vertex -5.147299412653723 -2.1320812263162345 5.871921264348355
      vertex -5.2250655829668915 -2.1642930287537716 5.821469612302545
    endloop
  endfacet
  facet normal -0.3048703491889864 -0.14419293638009073 0.941415140776625
    outer loop
      vertex -4.835295104693188 -2.5845190790668653 5.913879532511287
      vertex -4.7538066777618155 -2.54096260742093 5.946940335732209
      vertex -5.065339006400848 -2.098132114468683 5.913879532511287
    endloop
  endfacet
  facet normal -0.3868860156300399 -0.1829834576779644 0.9037899452450935
    outer loop
      vertex -4.835295104693188 -2.5845190790668653 5.913879532511287
      vertex -5.065339006400848 -2.098132114468683 5.913879532511287
      vertex -5.147299412653723 -2.1320812263162345 5.871921264348355
    endloop
  endfacet
  facet normal -0.30487034918892203 -0.14419293638004335 0.941415140776653
    outer loop
      vertex -4.7538066777618155 -2.54096260742093 5.946940335732209
      vertex -4.979973687724595 -2.0627726417166876 5.946940335732209
      vertex -5.065339006400848 -2.098132114468683 5.913879532511287
    endloop
  endfacet
  facet normal -0.21990071389149513 -0.10400529186402965 0.9699621514751433
    outer loop
      vertex -4.7538066777618155 -2.54096260742093 5.946940335732209
      vertex -4.89202557130929 -2.0263433391123016 5.970785280403231
      vertex -4.979973687724595 -2.0627726417166876 5.946940335732209
    endloop
  endfacet
  facet normal -0.46515552258314846 -0.22000217749315618 0.8574551776674206
    outer loop
      vertex -4.987767650515565 -2.666017352735686 5.821469612302545
      vertex -4.913533254327888 -2.6263382413027863 5.871921264348355
      vertex -5.147299412653723 -2.1320812263162345 5.871921264348355
    endloop
  endfacet
  facet normal -0.38688601563000075 -0.1829834576779353 0.9037899452451161
    outer loop
      vertex -4.913533254327888 -2.6263382413027863 5.871921264348355
      vertex -4.835295104693188 -2.5845190790668653 5.913879532511287
      vertex -5.147299412653723 -2.1320812263162345 5.871921264348355
    endloop
  endfacet
  facet normal -0.4029585689672928 -0.14418088142920563 0.9037899452450934
    outer loop
      vertex -5.147299412653723 -2.1320812263162345 5.871921264348355
      vertex -5.065339006400848 -2.098132114468683 5.913879532511287
      vertex -5.246600924480873 -1.591538990652488 5.913879532511287
    endloop
  endfacet
  facet normal -0.31753569440772644 -0.11361608818066093 0.941415140776654
    outer loop
      vertex -5.065339006400848 -2.098132114468683 5.913879532511287
      vertex -4.979973687724595 -2.0627726417166876 5.946940335732209
      vertex -5.246600924480873 -1.591538990652488 5.913879532511287
    endloop
  endfacet
  facet normal -0.40295856896734666 -0.14418088142921356 0.9037899452450681
    outer loop
      vertex -5.147299412653723 -2.1320812263162345 5.871921264348355
      vertex -5.246600924480873 -1.591538990652488 5.913879532511287
      vertex -5.331494263835594 -1.6172911036060995 5.871921264348355
    endloop
  endfacet
  facet normal -0.22903613313677942 -0.08195043882409954 0.9699621514751434
    outer loop
      vertex -4.979973687724595 -2.0627726417166876 5.946940335732209
      vertex -4.89202557130929 -2.0263433391123016 5.970785280403231
      vertex -5.067085510482485 -1.537083585159678 5.970785280403231
    endloop
  endfacet
  facet normal -0.13831622619936454 -0.0494903370847694 0.9891508116082209
    outer loop
      vertex -5.067085510482485 -1.537083585159678 5.970785280403231
      vertex -4.89202557130929 -2.0263433391123016 5.970785280403231
      vertex -4.802341645593344 -1.9891950407538843 5.985184726672197
    endloop
  endfacet
  facet normal -0.6074837276377746 -0.2873184050998274 0.7405482123036997
    outer loop
      vertex -5.121410954669955 -2.7374511870514624 5.697106781186548
      vertex -5.057283375440306 -2.7031742818316573 5.763010453362737
      vertex -5.297888586608963 -2.194457304515062 5.763010453362737
    endloop
  endfacet
  facet normal -0.5389245030238766 -0.25489230679502506 0.8028638066180206
    outer loop
      vertex -5.057283375440306 -2.7031742818316573 5.763010453362737
      vertex -4.987767650515565 -2.666017352735686 5.821469612302545
      vertex -5.2250655829668915 -2.1642930287537716 5.821469612302545
    endloop
  endfacet
  facet normal -0.5389245030238479 -0.25489230679501845 0.802863806618042
    outer loop
      vertex -5.057283375440306 -2.7031742818316573 5.763010453362737
      vertex -5.2250655829668915 -2.1642930287537716 5.821469612302545
      vertex -5.297888586608963 -2.194457304515062 5.763010453362737
    endloop
  endfacet
  facet normal -0.6701758292033081 -0.3169695608669227 0.6711144875768134
    outer loop
      vertex -5.36506709824576 -2.222283555135057 5.697106781186548
      vertex -5.179532804560779 -2.768517963060166 5.624393284163646
      vertex -5.121410954669955 -2.7374511870514624 5.697106781186548
    endloop
  endfacet
  facet normal -0.21990071389149216 -0.10400529186402889 0.9699621514751441
    outer loop
      vertex -4.7538066777618155 -2.54096260742093 5.946940335732209
      vertex -4.669852751631197 -2.496088298997325 5.970785280403231
      vertex -4.89202557130929 -2.0263433391123016 5.970785280403231
    endloop
  endfacet
  facet normal -0.1327992944495256 -0.0628093885378441 0.9891508116082249
    outer loop
      vertex -4.669852751631197 -2.496088298997325 5.970785280403231
      vertex -4.584241848503865 -2.4503283179169593 5.985184726672197
      vertex -4.89202557130929 -2.0263433391123016 5.970785280403231
    endloop
  endfacet
  facet normal -0.04441001716992644 -0.02100437381810544 0.9987925543652576
    outer loop
      vertex -4.584241848503865 -2.4503283179169593 5.985184726672197
      vertex -4.49779844817661 -2.404123357812587 5.99
      vertex -4.802341645593344 -1.9891950407538843 5.985184726672197
    endloop
  endfacet
  facet normal -0.042137382142697584 -0.025256174902073804 0.9987925543652576
    outer loop
      vertex -4.584241848503865 -2.4503283179169593 5.985184726672197
      vertex -4.2404950227429765 -2.8334081883999716 5.99
      vertex -4.49779844817661 -2.404123357812587 5.99
    endloop
  endfacet
  facet normal 0 0 1
    outer loop
      vertex -4.880395712234275 -1.4804518539977565 5.99
      vertex -4.49779844817661 -2.404123357812587 5.99
      vertex -4.2404950227429765 -2.8334081883999716 5.99
    endloop
  endfacet
  facet normal -0.1327992944495476 -0.06280938853786021 0.989150811608221
    outer loop
      vertex -4.584241848503865 -2.4503283179169593 5.985184726672197
      vertex -4.802341645593344 -1.9891950407538843 5.985184726672197
      vertex -4.89202557130929 -2.0263433391123016 5.970785280403231
    endloop
  endfacet
  facet normal -0.04441001716992402 -0.021004373818103664 0.9987925543652578
    outer loop
      vertex -4.802341645593344 -1.9891950407538843 5.985184726672197
      vertex -4.49779844817661 -2.404123357812587 5.99
      vertex -4.711785615807571 -1.9516855050619561 5.99
    endloop
  endfacet
  facet normal -0.04625495945482216 -0.01655028913210685 0.9987925543652578
    outer loop
      vertex -4.802341645593344 -1.9891950407538843 5.985184726672197
      vertex -4.711785615807571 -1.9516855050619561 5.99
      vertex -4.880395712234275 -1.4804518539977565 5.99
    endloop
  endfacet
  facet normal 0 0 1
    outer loop
      vertex -4.711785615807571 -1.9516855050619561 5.99
      vertex -4.49779844817661 -2.404123357812587 5.99
      vertex -4.880395712234275 -1.4804518539977565 5.99
    endloop
  endfacet
  facet normal -0.7359325581829431 -0.4411010001203806 0.5136469385668613
    outer loop
      vertex -4.97378575449207 -3.32337739073893 5.461396736825998
      vertex -4.9318367389255116 -3.2953479546556146 5.545570233019602
      vertex -5.2755835646864 -2.819858163963861 5.461396736825998
    endloop
  endfacet
  facet normal -0.7755481673355666 -0.4648456824602213 0.4271340909369505
    outer loop
      vertex -5.0086727794544 -3.346688155559306 5.37268343236509
      vertex -4.97378575449207 -3.32337739073893 5.461396736825998
      vertex -5.2755835646864 -2.819858163963861 5.461396736825998
    endloop
  endfacet
  facet normal -0.6892285699592202 -0.4131077068681646 0.5952360883532642
    outer loop
      vertex -4.9318367389255116 -3.2953479546556146 5.545570233019602
      vertex -4.883229724706297 -3.2628697861012945 5.624393284163646
      vertex -5.179532804560779 -2.768517963060166 5.624393284163646
    endloop
  endfacet
  facet normal -0.6891533831361547 -0.5111109830681447 0.5136469385668595
    outer loop
      vertex -4.97378575449207 -3.32337739073893 5.461396736825998
      vertex -4.624087668534116 -3.794890676498298 5.461396736825998
      vertex -4.9318367389255116 -3.2953479546556146 5.545570233019602
    endloop
  endfacet
  facet normal -0.7262508464416775 -0.5386243369939921 0.4271340909369437
    outer loop
      vertex -5.0086727794544 -3.346688155559306 5.37268343236509
      vertex -4.624087668534116 -3.794890676498298 5.461396736825998
      vertex -4.97378575449207 -3.32337739073893 5.461396736825998
    endloop
  endfacet
  facet normal -0.68922856995927 -0.413107706868178 0.5952360883531972
    outer loop
      vertex -4.9318367389255116 -3.2953479546556146 5.545570233019602
      vertex -5.179532804560779 -2.768517963060166 5.624393284163646
      vertex -5.2310891799257035 -2.7960754198219853 5.545570233019602
    endloop
  endfacet
  facet normal -0.73593255818298 -0.4411010001204229 0.5136469385667723
    outer loop
      vertex -4.9318367389255116 -3.2953479546556146 5.545570233019602
      vertex -5.2310891799257035 -2.7960754198219853 5.545570233019602
      vertex -5.2755835646864 -2.819858163963861 5.461396736825998
    endloop
  endfacet
  facet normal -0.8320826989028908 -0.49873117663818284 0.24270474992380123
    outer loop
      vertex -5.055988179591907 -3.3783032951757903 5.185090322016128
      vertex -5.036161832690908 -3.365055753708571 5.280284677254462
      vertex -5.341744478971492 -2.8552219094139275 5.280284677254462
    endloop
  endfacet
  facet normal -0.80769964347396 -0.48411653564139434 0.33653003707041157
    outer loop
      vertex -5.036161832690908 -3.365055753708571 5.280284677254462
      vertex -5.0086727794544 -3.346688155559306 5.37268343236509
      vertex -5.341744478971492 -2.8552219094139275 5.280284677254462
    endloop
  endfacet
  facet normal -0.7755481673356153 -0.4648456824602295 0.42713409093685334
    outer loop
      vertex -5.0086727794544 -3.346688155559306 5.37268343236509
      vertex -5.2755835646864 -2.819858163963861 5.461396736825998
      vertex -5.312587453594517 -2.8396371546587353 5.37268343236509
    endloop
  endfacet
  facet normal -0.8076996434739417 -0.4841165356413661 0.336530037070496
    outer loop
      vertex -5.0086727794544 -3.346688155559306 5.37268343236509
      vertex -5.312587453594517 -2.8396371546587353 5.37268343236509
      vertex -5.341744478971492 -2.8552219094139275 5.280284677254462
    endloop
  endfacet
  facet normal -0.6454181099342456 -0.4786746938065667 0.5952360883532648
    outer loop
      vertex -4.585088014113296 -3.7628844872654774 5.545570233019602
      vertex -4.883229724706297 -3.2628697861012945 5.624393284163646
      vertex -4.9318367389255116 -3.2953479546556146 5.545570233019602
    endloop
  endfacet
  facet normal -0.3437538076417735 -0.25494519922061887 0.9037899452451005
    outer loop
      vertex -4.30674791739753 -3.5344566732536613 5.871921264348355
      vertex -4.238171605696891 -3.4781775486876967 5.913879532511287
      vertex -4.558684667886183 -3.0460157120917835 5.913879532511287
    endloop
  endfacet
  facet normal -0.2708817045251397 -0.20089956413616752 0.9414151407766145
    outer loop
      vertex -4.238171605696891 -3.4781775486876967 5.913879532511287
      vertex -4.16674640211869 -3.4195603989804333 5.946940335732209
      vertex -4.4818579107971175 -2.994681714184253 5.946940335732209
    endloop
  endfacet
  facet normal -0.1953849574538177 -0.14490736042896057 0.9699621514751394
    outer loop
      vertex -4.16674640211869 -3.4195603989804333 5.946940335732209
      vertex -4.402706697153718 -2.9417945640623415 5.970785280403231
      vertex -4.4818579107971175 -2.994681714184253 5.946940335732209
    endloop
  endfacet
  facet normal -0.195384957453773 -0.1449073604289391 0.9699621514751515
    outer loop
      vertex -4.16674640211869 -3.4195603989804333 5.946940335732209
      vertex -4.093160170418315 -3.3591697393269477 5.970785280403231
      vertex -4.402706697153718 -2.9417945640623415 5.970785280403231
    endloop
  endfacet
  facet normal -0.11799408940855334 -0.08751038086673098 0.9891508116082229
    outer loop
      vertex -4.093160170418315 -3.3591697393269477 5.970785280403231
      vertex -4.018121586233434 -3.297587164792592 5.985184726672197
      vertex -4.402706697153718 -2.9417945640623415 5.970785280403231
    endloop
  endfacet
  facet normal -0.039458941090792475 -0.02926474521530308 0.998792554365258
    outer loop
      vertex -4.018121586233434 -3.297587164792592 5.985184726672197
      vertex -3.9423533121499474 -3.235405749234591 5.99
      vertex -4.2404950227429765 -2.8334081883999716 5.99
    endloop
  endfacet
  facet normal -0.1179940894085217 -0.08751038086669648 0.9891508116082296
    outer loop
      vertex -4.018121586233434 -3.297587164792592 5.985184726672197
      vertex -4.32199329641179 -2.8878635938927815 5.985184726672197
      vertex -4.402706697153718 -2.9417945640623415 5.970785280403231
    endloop
  endfacet
  facet normal -0.0394589410908018 -0.029264745215307537 0.9987925543652575
    outer loop
      vertex -4.018121586233434 -3.297587164792592 5.985184726672197
      vertex -4.2404950227429765 -2.8334081883999716 5.99
      vertex -4.32199329641179 -2.8878635938927815 5.985184726672197
    endloop
  endfacet
  facet normal 0 0 1
    outer loop
      vertex -3.2354057492345873 -3.942353312149958 5.99
      vertex -4.880395712234275 -1.4804518539977565 5.99
      vertex -4.2404950227429765 -2.8334081883999716 5.99
    endloop
  endfacet
  facet normal -0.1088483983352799 -0.09865443768345089 0.989150811608223
    outer loop
      vertex -4.093160170418315 -3.3591697393269477 5.970785280403231
      vertex -3.6755531686509357 -3.6755531686509393 5.985184726672197
      vertex -4.018121586233434 -3.297587164792592 5.985184726672197
    endloop
  endfacet
  facet normal -0.03640048886573819 -0.03299148003437466 0.9987925543652579
    outer loop
      vertex -4.018121586233434 -3.297587164792592 5.985184726672197
      vertex -3.6062445840513817 -3.6062445840513924 5.99
      vertex -3.9423533121499474 -3.235405749234591 5.99
    endloop
  endfacet
  facet normal 0 0 1
    outer loop
      vertex -3.9423533121499474 -3.235405749234591 5.99
      vertex -3.6062445840513817 -3.6062445840513924 5.99
      vertex -4.2404950227429765 -2.8334081883999716 5.99
    endloop
  endfacet
  facet normal 0 0 1
    outer loop
      vertex -3.2354057492345873 -3.942353312149958 5.99
      vertex -4.2404950227429765 -2.8334081883999716 5.99
      vertex -3.6062445840513817 -3.6062445840513924 5.99
    endloop
  endfacet
  facet normal -0.22903613313678242 -0.08195043882409998 0.9699621514751425
    outer loop
      vertex -4.979973687724595 -2.0627726417166876 5.946940335732209
      vertex -5.067085510482485 -1.537083585159678 5.970785280403231
      vertex -5.158180828744065 -1.5647170478464858 5.946940335732209
    endloop
  endfacet
  facet normal -0.31753569440776747 -0.11361608818068535 0.9414151407766371
    outer loop
      vertex -4.979973687724595 -2.0627726417166876 5.946940335732209
      vertex -5.158180828744065 -1.5647170478464858 5.946940335732209
      vertex -5.246600924480873 -1.591538990652488 5.913879532511287
    endloop
  endfacet
  facet normal -0.23596580921607738 -0.05910635825961834 0.9699621514751425
    outer loop
      vertex -5.158180828744065 -1.5647170478464858 5.946940335732209
      vertex -5.067085510482485 -1.537083585159678 5.970785280403231
      vertex -5.2867118686342565 -1.0515923734441763 5.946940335732209
    endloop
  endfacet
  facet normal -0.32714299730676216 -0.0819450549432455 0.9414151407766377
    outer loop
      vertex -5.246600924480873 -1.591538990652488 5.913879532511287
      vertex -5.158180828744065 -1.5647170478464858 5.946940335732209
      vertex -5.2867118686342565 -1.0515923734441763 5.946940335732209
    endloop
  endfacet
  facet normal -0.142501097079496 -0.035694666631374314 0.9891508116082275
    outer loop
      vertex -5.067085510482485 -1.537083585159678 5.970785280403231
      vertex -4.974192267408739 -1.5089047279437295 5.985184726672197
      vertex -5.098138698518937 -1.0140828377522482 5.985184726672197
    endloop
  endfacet
  facet normal -0.13831622619932613 -0.04949033708474669 0.9891508116082273
    outer loop
      vertex -5.067085510482485 -1.537083585159678 5.970785280403231
      vertex -4.802341645593344 -1.9891950407538843 5.985184726672197
      vertex -4.974192267408739 -1.5089047279437295 5.985184726672197
    endloop
  endfacet
  facet normal -0.04625495945483272 -0.01655028913210846 0.9987925543652573
    outer loop
      vertex -4.802341645593344 -1.9891950407538843 5.985184726672197
      vertex -4.880395712234275 -1.4804518539977565 5.99
      vertex -4.974192267408739 -1.5089047279437295 5.985184726672197
    endloop
  endfacet
  facet normal -0.04765444119464736 -0.011936816114464292 0.9987925543652573
    outer loop
      vertex -4.974192267408739 -1.5089047279437295 5.985184726672197
      vertex -4.880395712234275 -1.4804518539977565 5.99
      vertex -5.098138698518937 -1.0140828377522482 5.985184726672197
    endloop
  endfacet
  facet normal -0.23596580921603957 -0.05910635825960074 0.9699621514751529
    outer loop
      vertex -5.067085510482485 -1.537083585159678 5.970785280403231
      vertex -5.193346646239007 -1.0330208760266117 5.970785280403231
      vertex -5.2867118686342565 -1.0515923734441763 5.946940335732209
    endloop
  endfacet
  facet normal -0.1425010970795431 -0.035694666631376916 0.9891508116082206
    outer loop
      vertex -5.067085510482485 -1.537083585159678 5.970785280403231
      vertex -5.098138698518937 -1.0140828377522482 5.985184726672197
      vertex -5.193346646239007 -1.0330208760266117 5.970785280403231
    endloop
  endfacet
  facet normal -0.04765444119463362 -0.01193681611445787 0.998792554365258
    outer loop
      vertex -5.098138698518937 -1.0140828377522482 5.985184726672197
      vertex -4.880395712234275 -1.4804518539977565 5.99
      vertex -5.002004930056472 -0.9949606422822548 5.99
    endloop
  endfacet
  facet normal 0 0 1
    outer loop
      vertex -5.002004930056472 -0.9949606422822548 5.99
      vertex -4.880395712234275 -1.4804518539977565 5.99
      vertex -5.075442106028191 -0.4998874156807602 5.99
    endloop
  endfacet
  facet normal -0.24062300556054747 -0.03569305115426892 0.969962151475153
    outer loop
      vertex -5.2867118686342565 -1.0515923734441763 5.946940335732209
      vertex -5.193346646239007 -1.0330208760266117 5.970785280403231
      vertex -5.269593014820202 -0.5190096111507536 5.970785280403231
    endloop
  endfacet
  facet normal -0.14531360449581923 -0.02155523702563929 0.9891508116082203
    outer loop
      vertex -5.193346646239007 -1.0330208760266117 5.970785280403231
      vertex -5.098138698518937 -1.0140828377522482 5.985184726672197
      vertex -5.172987267036262 -0.5094947754791441 5.985184726672197
    endloop
  endfacet
  facet normal -0.1453136044957941 -0.021555237025640366 0.989150811608224
    outer loop
      vertex -5.193346646239007 -1.0330208760266117 5.970785280403231
      vertex -5.172987267036262 -0.5094947754791441 5.985184726672197
      vertex -5.269593014820202 -0.5190096111507536 5.970785280403231
    endloop
  endfacet
  facet normal -0.04859498461517661 -0.007208385032302082 0.998792554365258
    outer loop
      vertex -5.098138698518937 -1.0140828377522482 5.985184726672197
      vertex -5.002004930056472 -0.9949606422822548 5.99
      vertex -5.075442106028191 -0.4998874156807602 5.99
    endloop
  endfacet
  facet normal -0.04859498461518024 -0.007208385032301923 0.9987925543652578
    outer loop
      vertex -5.098138698518937 -1.0140828377522482 5.985184726672197
      vertex -5.075442106028191 -0.4998874156807602 5.99
      vertex -5.172987267036262 -0.5094947754791441 5.985184726672197
    endloop
  endfacet
  facet normal 0 0 1
    outer loop
      vertex -4.880395712234275 -1.4804518539977565 5.99
      vertex -5.075442106028191 0.4998874156807602 5.99
      vertex -5.075442106028191 -0.4998874156807602 5.99
    endloop
  endfacet
  facet normal -0.14672666246427726 -0.007208218704063939 0.9891508116082242
    outer loop
      vertex -5.269593014820202 -0.5190096111507536 5.970785280403231
      vertex -5.172987267036262 -0.5094947754791441 5.985184726672197
      vertex -5.2950903220161365 0 5.970785280403231
    endloop
  endfacet
  facet normal -0.049067531769158186 -0.0024105332617833175 0.9987925543652578
    outer loop
      vertex -5.172987267036262 -0.5094947754791441 5.985184726672197
      vertex -5.075442106028191 -0.4998874156807602 5.99
      vertex -5.1980171403295685 0 5.985184726672197
    endloop
  endfacet
  facet normal -0.1467266624642664 -0.007208218704061298 0.9891508116082257
    outer loop
      vertex -5.172987267036262 -0.5094947754791441 5.985184726672197
      vertex -5.1980171403295685 0 5.985184726672197
      vertex -5.2950903220161365 0 5.970785280403231
    endloop
  endfacet
  facet normal -0.04906753176915497 -0.0024105332617825282 0.9987925543652578
    outer loop
      vertex -5.075442106028191 -0.4998874156807602 5.99
      vertex -5.099999999999994 0 5.99
      vertex -5.1980171403295685 0 5.985184726672197
    endloop
  endfacet
  facet normal -0.8484669837949028 -0.5085515390772973 0.14655752970111122
    outer loop
      vertex -5.0679608815985375 -3.386303198894794 5.08801714032956
      vertex -5.055988179591907 -3.3783032951757903 5.185090322016128
      vertex -5.375473020583513 -2.8732501905049332 5.08801714032956
    endloop
  endfacet
  facet normal -0.8566979213455971 -0.5134849731878052 0.049008712209688665
    outer loop
      vertex -5.071964635045532 -3.388978421419573 4.99
      vertex -5.0679608815985375 -3.386303198894794 5.08801714032956
      vertex -5.379719712524974 -2.875520094638585 4.99
    endloop
  endfacet
  facet normal -0.8032075314806486 -0.5956993044924284 1.6318220001455037e-18
    outer loop
      vertex -4.715363765512706 -3.8697990333982375 4.99
      vertex -5.071964635045532 -3.388978421419573 4.99
      vertex -5.071964635045532 -3.388978421419573 1.5
    endloop
  endfacet
  facet normal -0.7409511253549481 -0.6715589548470305 0
    outer loop
      vertex -4.715363765512706 -3.8697990333982375 4.99
      vertex -4.715363765512706 -3.8697990333982375 1.5
      vertex -4.313351365237935 -4.313351365237942 4.99
    endloop
  endfacet
  facet normal -0.67155895484702 -0.7409511253549576 6.896956334286158e-19
    outer loop
      vertex -3.8697990333982375 -4.715363765512695 4.99
      vertex -4.313351365237935 -4.313351365237942 4.99
      vertex -4.313351365237935 -4.313351365237942 1.5
    endloop
  endfacet
  facet normal -0.5956993044924379 -0.8032075314806414 0
    outer loop
      vertex -3.8697990333982375 -4.715363765512695 4.99
      vertex -3.8697990333982375 -4.715363765512695 1.5
      vertex -3.38897842141958 -5.071964635045525 4.99
    endloop
  endfacet
  facet normal -0.8577286100002707 -0.5141027441932241 -6.0149223817133364e-18
    outer loop
      vertex -5.071964635045532 -3.388978421419573 4.99
      vertex -5.379719712524974 -2.875520094638585 4.99
      vertex -5.379719712524974 -2.875520094638585 1.5
    endloop
  endfacet
  facet normal -0.9415440651830292 -0.3368898533921967 -7.460408434768099e-19
    outer loop
      vertex -5.63566514831885 -2.3343689374270475 4.99
      vertex -5.83733604796646 -1.7707365312522185 4.99
      vertex -5.83733604796646 -1.7707365312522185 1.5
    endloop
  endfacet
  facet normal -0.9039892931234478 -0.4275550934302725 -2.047157461087146e-18
    outer loop
      vertex -5.379719712524974 -2.875520094638585 4.99
      vertex -5.63566514831885 -2.3343689374270475 4.99
      vertex -5.63566514831885 -2.3343689374270475 1.5
    endloop
  endfacet
  facet normal -0.9700312531945359 -0.24298017990329626 -3.1313832248690203e-18
    outer loop
      vertex -5.83733604796646 -1.7707365312522185 4.99
      vertex -5.9827902104597115 -1.1900509642983828 4.99
      vertex -5.9827902104597115 -1.1900509642983828 1.5
    endloop
  endfacet
  facet normal -0.9891765099647797 -0.14673047445537116 -3.0184158562855123e-19
    outer loop
      vertex -5.9827902104597115 -1.1900509642983828 4.99
      vertex -6.0706268327004125 -0.5979045560103202 4.99
      vertex -6.0706268327004125 -0.5979045560103202 1.5
    endloop
  endfacet
  facet normal -0.9987954562051737 -0.04906767432738938 -4.363006666420648e-20
    outer loop
      vertex -6.0706268327004125 -0.5979045560103202 4.99
      vertex -6.099999999999994 0 4.99
      vertex -6.099999999999994 0 1.5
    endloop
  endfacet
  facet normal -0.36684297341114197 -0.7756243003928068 0.5136469385667952
    outer loop
      vertex -2.8198581639638576 -5.275583564686411 5.461396736825998
      vertex -2.2698751502051664 -5.479963372518977 5.545570233019602
      vertex -2.796075419821989 -5.231089179925707 5.545570233019602
    endloop
  endfacet
  facet normal -0.3865903098938886 -0.8173765354202873 0.4271340909368801
    outer loop
      vertex -2.3052388956552363 -5.565339006400837 5.37268343236509
      vertex -2.8198581639638576 -5.275583564686411 5.461396736825998
      vertex -2.839637154658732 -5.312587453594531 5.37268343236509
    endloop
  endfacet
  facet normal -0.4026169729012584 -0.8512620673336663 0.3365300370704521
    outer loop
      vertex -2.8552219094139275 -5.341744478971499 5.280284677254462
      vertex -2.3052388956552363 -5.565339006400837 5.37268343236509
      vertex -2.839637154658732 -5.312587453594531 5.37268343236509
    endloop
  endfacet
  facet normal -0.4147712830414241 -0.8769601970036267 0.24270474992371097
    outer loop
      vertex -2.866462338521643 -5.362773842724081 5.185090322016128
      vertex -2.3178907173085577 -5.595883205825029 5.280284677254462
      vertex -2.8552219094139275 -5.341744478971499 5.280284677254462
    endloop
  endfacet
  facet normal -0.31696956086692035 -0.6701758292033063 0.6711144875768161
    outer loop
      vertex -2.7685179630601624 -5.179532804560772 5.624393284163646
      vertex -2.2475037986089035 -5.425954152086664 5.624393284163646
      vertex -2.22228355513505 -5.365067098245753 5.697106781186548
    endloop
  endfacet
  facet normal -0.2873184050998612 -0.6074837276378443 0.7405482123036293
    outer loop
      vertex -2.737451187051448 -5.121410954669948 5.697106781186548
      vertex -2.22228355513505 -5.365067098245753 5.697106781186548
      vertex -2.194457304515055 -5.29788858660897 5.763010453362737
    endloop
  endfacet
  facet normal -0.1733495927436971 -0.48447965590611924 0.8574551776674293
    outer loop
      vertex -1.6417253797820308 -5.412043277542864 5.821469612302545
      vertex -2.132081226316245 -5.147299412653712 5.871921264348355
      vertex -2.164293028753775 -5.225065582966899 5.821469612302545
    endloop
  endfacet
  facet normal -0.17334959274369766 -0.48447965590612 0.8574551776674287
    outer loop
      vertex -1.6417253797820308 -5.412043277542864 5.821469612302545
      vertex -1.6172911036061066 -5.3314942638356015 5.871921264348355
      vertex -2.132081226316245 -5.147299412653712 5.871921264348355
    endloop
  endfacet
  facet normal -0.20084109202872857 -0.5613132492428047 0.8028638066180296
    outer loop
      vertex -1.664606503743613 -5.487472234568081 5.763010453362737
      vertex -2.164293028753775 -5.225065582966899 5.821469612302545
      vertex -2.194457304515055 -5.29788858660897 5.763010453362737
    endloop
  endfacet
  facet normal -0.2263910706673975 -0.6327206558790128 0.7405482123036294
    outer loop
      vertex -2.22228355513505 -5.365067098245753 5.697106781186548
      vertex -1.664606503743613 -5.487472234568081 5.763010453362737
      vertex -2.194457304515055 -5.29788858660897 5.763010453362737
    endloop
  endfacet
  facet normal -0.24975454749825715 -0.6980171993356992 0.6711144875768125
    outer loop
      vertex -2.2475037986089035 -5.425954152086664 5.624393284163646
      vertex -1.704844943966492 -5.620120594999708 5.624393284163646
      vertex -2.22228355513505 -5.365067098245753 5.697106781186548
    endloop
  endfacet
  facet normal -0.22639107066739989 -0.6327206558790336 0.7405482123036109
    outer loop
      vertex -2.22228355513505 -5.365067098245753 5.697106781186548
      vertex -1.6857141177589483 -5.55705471282144 5.697106781186548
      vertex -1.664606503743613 -5.487472234568081 5.763010453362737
    endloop
  endfacet
  facet normal -0.20084109202869913 -0.5613132492427576 0.80286380661807
    outer loop
      vertex -1.664606503743613 -5.487472234568081 5.763010453362737
      vertex -1.6417253797820308 -5.412043277542864 5.821469612302545
      vertex -2.164293028753775 -5.225065582966899 5.821469612302545
    endloop
  endfacet
  facet normal -0.24975454749825823 -0.6980171993357009 0.6711144875768104
    outer loop
      vertex -2.22228355513505 -5.365067098245753 5.697106781186548
      vertex -1.704844943966492 -5.620120594999708 5.624393284163646
      vertex -1.6857141177589483 -5.55705471282144 5.697106781186548
    endloop
  endfacet
  facet normal -0.3435622668849073 -0.7264013820848597 0.5952360883532763
    outer loop
      vertex -2.796075419821989 -5.231089179925707 5.545570233019602
      vertex -2.2698751502051664 -5.479963372518977 5.545570233019602
      vertex -2.7685179630601624 -5.179532804560772 5.624393284163646
    endloop
  endfacet
  facet normal -0.34356226688491265 -0.7264013820848658 0.5952360883532657
    outer loop
      vertex -2.7685179630601624 -5.179532804560772 5.624393284163646
      vertex -2.2698751502051664 -5.479963372518977 5.545570233019602
      vertex -2.2475037986089035 -5.425954152086664 5.624393284163646
    endloop
  endfacet
  facet normal -0.3668429734111424 -0.77562430039281 0.5136469385667899
    outer loop
      vertex -2.2891821615785375 -5.526574621225482 5.461396736825998
      vertex -2.2698751502051664 -5.479963372518977 5.545570233019602
      vertex -2.8198581639638576 -5.275583564686411 5.461396736825998
    endloop
  endfacet
  facet normal -0.3865903098938634 -0.8173765354202636 0.4271340909369485
    outer loop
      vertex -2.3052388956552363 -5.565339006400837 5.37268343236509
      vertex -2.2891821615785375 -5.526574621225482 5.461396736825998
      vertex -2.8198581639638576 -5.275583564686411 5.461396736825998
    endloop
  endfacet
  facet normal -0.402616972901258 -0.8512620673336931 0.3365300370703847
    outer loop
      vertex -2.8552219094139275 -5.341744478971499 5.280284677254462
      vertex -2.3178907173085577 -5.595883205825029 5.280284677254462
      vertex -2.3052388956552363 -5.565339006400837 5.37268343236509
    endloop
  endfacet
  facet normal -0.2707081344613472 -0.7565785518096326 0.5952360883532651
    outer loop
      vertex -2.2698751502051664 -5.479963372518977 5.545570233019602
      vertex -1.704844943966492 -5.620120594999708 5.624393284163646
      vertex -2.2475037986089035 -5.425954152086664 5.624393284163646
    endloop
  endfacet
  facet normal -0.2890520483311671 -0.8078463565904814 0.5136469385667956
    outer loop
      vertex -2.2891821615785375 -5.526574621225482 5.461396736825998
      vertex -1.736460083582955 -5.724341743029154 5.461396736825998
      vertex -2.2698751502051664 -5.479963372518977 5.545570233019602
    endloop
  endfacet
  facet normal -0.3046118613114718 -0.8513331206454 0.4271340909369392
    outer loop
      vertex -2.3052388956552363 -5.565339006400837 5.37268343236509
      vertex -1.736460083582955 -5.724341743029154 5.461396736825998
      vertex -2.2891821615785375 -5.526574621225482 5.461396736825998
    endloop
  endfacet
  facet normal -0.27070813446134806 -0.7565785518096451 0.595236088353249
    outer loop
      vertex -2.2698751502051664 -5.479963372518977 5.545570233019602
      vertex -1.7218147420518903 -5.6760625221821925 5.545570233019602
      vertex -1.704844943966492 -5.620120594999708 5.624393284163646
    endloop
  endfacet
  facet normal -0.28905204833116765 -0.8078463565904822 0.513646938566794
    outer loop
      vertex -2.2698751502051664 -5.479963372518977 5.545570233019602
      vertex -1.736460083582955 -5.724341743029154 5.461396736825998
      vertex -1.7218147420518903 -5.6760625221821925 5.545570233019602
    endloop
  endfacet
  facet normal -0.3172399886192406 -0.8866263721377934 0.33653003707045137
    outer loop
      vertex -2.3052388956552363 -5.565339006400837 5.37268343236509
      vertex -1.7582369705075678 -5.796130518385539 5.280284677254462
      vertex -1.7486399259148016 -5.764493302251733 5.37268343236509
    endloop
  endfacet
  facet normal -0.32681691525192824 -0.9133920890120005 0.2427047499236627
    outer loop
      vertex -2.3178907173085577 -5.595883205825029 5.280284677254462
      vertex -1.7651587925755337 -5.818948707744539 5.185090322016128
      vertex -1.7582369705075678 -5.796130518385539 5.280284677254462
    endloop
  endfacet
  facet normal -0.31723998861925795 -0.88662637213781 0.33653003707039075
    outer loop
      vertex -2.3178907173085577 -5.595883205825029 5.280284677254462
      vertex -1.7582369705075678 -5.796130518385539 5.280284677254462
      vertex -2.3052388956552363 -5.565339006400837 5.37268343236509
    endloop
  endfacet
  facet normal -0.3046118613114717 -0.8513331206454048 0.42713409093693006
    outer loop
      vertex -2.3052388956552363 -5.565339006400837 5.37268343236509
      vertex -1.7486399259148016 -5.764493302251733 5.37268343236509
      vertex -1.736460083582955 -5.724341743029154 5.461396736825998
    endloop
  endfacet
  facet normal -0.3065222380302435 -0.413297393996401 0.8574551776674478
    outer loop
      vertex -3.0953021833230707 -4.632447084752378 5.871921264348355
      vertex -3.5344566732536578 -4.306747917397537 5.871921264348355
      vertex -3.58785577394346 -4.371814909851281 5.821469612302545
    endloop
  endfacet
  facet normal -0.25494519922065595 -0.34375380764182617 0.90378994524507
    outer loop
      vertex -3.0953021833230707 -4.632447084752378 5.871921264348355
      vertex -3.478177548687711 -4.238171605696905 5.913879532511287
      vertex -3.5344566732536578 -4.306747917397537 5.871921264348355
    endloop
  endfacet
  facet normal -0.20089956413613413 -0.27088170452509835 0.9414151407766336
    outer loop
      vertex -3.478177548687711 -4.238171605696905 5.913879532511287
      vertex -3.046015712091787 -4.55868466788619 5.913879532511287
      vertex -2.994681714184253 -4.4818579107971175 5.946940335732209
    endloop
  endfacet
  facet normal -0.2549451992206258 -0.34375380764179886 0.9037899452450887
    outer loop
      vertex -3.0953021833230707 -4.632447084752378 5.871921264348355
      vertex -3.046015712091787 -4.55868466788619 5.913879532511287
      vertex -3.478177548687711 -4.238171605696905 5.913879532511287
    endloop
  endfacet
  facet normal -0.3065222380302386 -0.41329739399639026 0.8574551776674548
    outer loop
      vertex -3.1420664722174365 -4.702434788998623 5.821469612302545
      vertex -3.0953021833230707 -4.632447084752378 5.871921264348355
      vertex -3.58785577394346 -4.371814909851281 5.821469612302545
    endloop
  endfacet
  facet normal -0.3811319840912399 -0.6358802994803202 0.6711144875768166
    outer loop
      vertex -3.262869786101305 -4.883229724706311 5.624393284163646
      vertex -2.737451187051448 -5.121410954669948 5.697106781186548
      vertex -3.2262556675935343 -4.82843282395266 5.697106781186548
    endloop
  endfacet
  facet normal -0.3551335774298853 -0.47884219760233965 0.8028638066180425
    outer loop
      vertex -3.185858213108844 -4.767973760773867 5.763010453362737
      vertex -3.1420664722174365 -4.702434788998623 5.821469612302545
      vertex -3.58785577394346 -4.371814909851281 5.821469612302545
    endloop
  endfacet
  facet normal -0.40031185855531487 -0.5397580579795866 0.7405482123036248
    outer loop
      vertex -3.2262556675935343 -4.82843282395266 5.697106781186548
      vertex -3.185858213108844 -4.767973760773867 5.763010453362737
      vertex -3.6839895424058966 -4.488954245650838 5.697106781186548
    endloop
  endfacet
  facet normal -0.35513357742990204 -0.47884219760235425 0.8028638066180265
    outer loop
      vertex -3.185858213108844 -4.767973760773867 5.763010453362737
      vertex -3.58785577394346 -4.371814909851281 5.821469612302545
      vertex -3.6378605882265163 -4.432745952351574 5.763010453362737
    endloop
  endfacet
  facet normal -0.4416238979608671 -0.5954608948657824 0.6711144875768152
    outer loop
      vertex -3.262869786101305 -4.883229724706311 5.624393284163646
      vertex -3.2262556675935343 -4.82843282395266 5.697106781186548
      vertex -3.725798389436193 -4.539898473158022 5.624393284163646
    endloop
  endfacet
  facet normal -0.26453602100790224 -0.44135168729782204 0.8574551776674232
    outer loop
      vertex -3.1420664722174365 -4.702434788998623 5.821469612302545
      vertex -2.666017352735679 -4.987767650515568 5.821469612302545
      vertex -2.62633824130279 -4.913533254327884 5.871921264348355
    endloop
  endfacet
  facet normal -0.17338112777823803 -0.28926893584838637 0.9414151407766334
    outer loop
      vertex -2.5845190790668653 -4.8352951046931985 5.913879532511287
      vertex -2.994681714184253 -4.4818579107971175 5.946940335732209
      vertex -3.046015712091787 -4.55868466788619 5.913879532511287
    endloop
  endfacet
  facet normal -0.26453602100788587 -0.4413516872977751 0.8574551776674525
    outer loop
      vertex -3.1420664722174365 -4.702434788998623 5.821469612302545
      vertex -2.62633824130279 -4.913533254327884 5.871921264348355
      vertex -3.0953021833230707 -4.632447084752378 5.871921264348355
    endloop
  endfacet
  facet normal -0.22002380320032597 -0.36708753846888265 0.9037899452450889
    outer loop
      vertex -3.0953021833230707 -4.632447084752378 5.871921264348355
      vertex -2.62633824130279 -4.913533254327884 5.871921264348355
      vertex -3.046015712091787 -4.55868466788619 5.913879532511287
    endloop
  endfacet
  facet normal -0.22002380320031711 -0.36708753846887293 0.903789945245095
    outer loop
      vertex -2.62633824130279 -4.913533254327884 5.871921264348355
      vertex -2.5845190790668653 -4.8352951046931985 5.913879532511287
      vertex -3.046015712091787 -4.55868466788619 5.913879532511287
    endloop
  endfacet
  facet normal -0.12505851708824375 -0.2086475305614743 0.9699621514751429
    outer loop
      vertex -2.540962607420937 -4.753806677761819 5.946940335732209
      vertex -2.4960882989973356 -4.6698527516312005 5.970785280403231
      vertex -2.994681714184253 -4.4818579107971175 5.946940335732209
    endloop
  endfacet
  facet normal -0.1733811277782482 -0.28926893584839763 0.941415140776628
    outer loop
      vertex -2.5845190790668653 -4.8352951046931985 5.913879532511287
      vertex -2.540962607420937 -4.753806677761819 5.946940335732209
      vertex -2.994681714184253 -4.4818579107971175 5.946940335732209
    endloop
  endfacet
  facet normal -0.12505851708824706 -0.20864753056148339 0.9699621514751405
    outer loop
      vertex -2.4960882989973356 -4.6698527516312005 5.970785280403231
      vertex -2.9417945640623486 -4.402706697153711 5.970785280403231
      vertex -2.994681714184253 -4.4818579107971175 5.946940335732209
    endloop
  endfacet
  facet normal -0.07552355124420036 -0.1260034328986691 0.9891508116082276
    outer loop
      vertex -2.4503283179169557 -4.584241848503865 5.985184726672197
      vertex -2.8878635938927744 -4.321993296411804 5.985184726672197
      vertex -2.9417945640623486 -4.402706697153711 5.970785280403231
    endloop
  endfacet
  facet normal -0.07552355124420068 -0.12600343289867003 0.9891508116082274
    outer loop
      vertex -2.4960882989973356 -4.6698527516312005 5.970785280403231
      vertex -2.4503283179169557 -4.584241848503865 5.985184726672197
      vertex -2.9417945640623486 -4.402706697153711 5.970785280403231
    endloop
  endfacet
  facet normal -0.025256174902074262 -0.04213738214269879 0.9987925543652576
    outer loop
      vertex -2.4503283179169557 -4.584241848503865 5.985184726672197
      vertex -2.8334081883999716 -4.24049502274298 5.99
      vertex -2.8878635938927744 -4.321993296411804 5.985184726672197
    endloop
  endfacet
  facet normal -0.3064887693085612 -0.5113456192346887 0.8028638066180442
    outer loop
      vertex -3.185858213108844 -4.767973760773867 5.763010453362737
      vertex -2.70317428183165 -5.057283375440317 5.763010453362737
      vertex -3.1420664722174365 -4.702434788998623 5.821469612302545
    endloop
  endfacet
  facet normal -0.3454787062269915 -0.5763963990151512 0.7405482123036223
    outer loop
      vertex -3.2262556675935343 -4.82843282395266 5.697106781186548
      vertex -2.70317428183165 -5.057283375440317 5.763010453362737
      vertex -3.185858213108844 -4.767973760773867 5.763010453362737
    endloop
  endfacet
  facet normal -0.34547870622699584 -0.5763963990151647 0.7405482123036096
    outer loop
      vertex -3.2262556675935343 -4.82843282395266 5.697106781186548
      vertex -2.737451187051448 -5.121410954669948 5.697106781186548
      vertex -2.70317428183165 -5.057283375440317 5.763010453362737
    endloop
  endfacet
  facet normal -0.3811319840912328 -0.6358802994802965 0.6711144875768431
    outer loop
      vertex -3.262869786101305 -4.883229724706311 5.624393284163646
      vertex -2.7685179630601624 -5.179532804560772 5.624393284163646
      vertex -2.737451187051448 -5.121410954669948 5.697106781186548
    endloop
  endfacet
  facet normal -0.306488769308561 -0.5113456192346885 0.8028638066180445
    outer loop
      vertex -3.1420664722174365 -4.702434788998623 5.821469612302545
      vertex -2.70317428183165 -5.057283375440317 5.763010453362737
      vertex -2.666017352735679 -4.987767650515568 5.821469612302545
    endloop
  endfacet
  facet normal -0.20089956413611598 -0.27088170452506033 0.9414151407766483
    outer loop
      vertex -3.478177548687711 -4.238171605696905 5.913879532511287
      vertex -2.994681714184253 -4.4818579107971175 5.946940335732209
      vertex -3.4195603989804226 -4.166746402118687 5.946940335732209
    endloop
  endfacet
  facet normal -0.1449073604289617 -0.19538495745381199 0.9699621514751403
    outer loop
      vertex -3.4195603989804226 -4.166746402118687 5.946940335732209
      vertex -2.9417945640623486 -4.402706697153711 5.970785280403231
      vertex -3.359169739326944 -4.093160170418329 5.970785280403231
    endloop
  endfacet
  facet normal -0.08751038086671603 -0.11799408940853831 0.989150811608226
    outer loop
      vertex -3.359169739326944 -4.093160170418329 5.970785280403231
      vertex -2.9417945640623486 -4.402706697153711 5.970785280403231
      vertex -3.2975871647925885 -4.0181215862334305 5.985184726672197
    endloop
  endfacet
  facet normal -0.1449073604289619 -0.19538495745381243 0.9699621514751401
    outer loop
      vertex -3.4195603989804226 -4.166746402118687 5.946940335732209
      vertex -2.994681714184253 -4.4818579107971175 5.946940335732209
      vertex -2.9417945640623486 -4.402706697153711 5.970785280403231
    endloop
  endfacet
  facet normal -0.02926474521530621 -0.0394589410907973 0.9987925543652577
    outer loop
      vertex -3.2975871647925885 -4.0181215862334305 5.985184726672197
      vertex -2.8334081883999716 -4.24049502274298 5.99
      vertex -3.2354057492345873 -3.942353312149958 5.99
    endloop
  endfacet
  facet normal -0.09865443768343662 -0.10884839833526641 0.989150811608226
    outer loop
      vertex -3.359169739326944 -4.093160170418329 5.970785280403231
      vertex -3.2975871647925885 -4.0181215862334305 5.985184726672197
      vertex -3.6755531686509357 -3.6755531686509393 5.985184726672197
    endloop
  endfacet
  facet normal -0.03299148003437818 -0.03640048886574211 0.9987925543652576
    outer loop
      vertex -3.2975871647925885 -4.0181215862334305 5.985184726672197
      vertex -3.2354057492345873 -3.942353312149958 5.99
      vertex -3.6755531686509357 -3.6755531686509393 5.985184726672197
    endloop
  endfacet
  facet normal -0.08751038086670702 -0.11799408940853004 0.9891508116082277
    outer loop
      vertex -3.2975871647925885 -4.0181215862334305 5.985184726672197
      vertex -2.9417945640623486 -4.402706697153711 5.970785280403231
      vertex -2.8878635938927744 -4.321993296411804 5.985184726672197
    endloop
  endfacet
  facet normal -0.029264745215307204 -0.03945894109079938 0.9987925543652576
    outer loop
      vertex -3.2975871647925885 -4.0181215862334305 5.985184726672197
      vertex -2.8878635938927744 -4.321993296411804 5.985184726672197
      vertex -2.8334081883999716 -4.24049502274298 5.99
    endloop
  endfacet
  facet normal 0 0 1
    outer loop
      vertex -3.2354057492345873 -3.942353312149958 5.99
      vertex -2.8334081883999716 -4.24049502274298 5.99
      vertex -1.9516855050619597 -4.711785615807564 5.99
    endloop
  endfacet
  facet normal 0 0 1
    outer loop
      vertex -3.2354057492345873 -3.942353312149958 5.99
      vertex 0 -5.100000000000001 5.99
      vertex -4.880395712234275 -1.4804518539977565 5.99
    endloop
  endfacet
  facet normal -0.5111109830682002 -0.6891533831361931 0.5136469385667527
    outer loop
      vertex -3.7628844872654668 -4.585088014113289 5.545570233019602
      vertex -3.3233773907389264 -4.973785754492077 5.461396736825998
      vertex -3.2953479546556252 -4.931836738925526 5.545570233019602
    endloop
  endfacet
  facet normal -0.41310770686813764 -0.689228569959237 0.5952360883532636
    outer loop
      vertex -3.2953479546556252 -4.931836738925526 5.545570233019602
      vertex -2.796075419821989 -5.231089179925707 5.545570233019602
      vertex -3.262869786101305 -4.883229724706311 5.624393284163646
    endloop
  endfacet
  facet normal -0.44110100012041537 -0.7359325581829924 0.5136469385667608
    outer loop
      vertex -3.3233773907389264 -4.973785754492077 5.461396736825998
      vertex -2.8198581639638576 -5.275583564686411 5.461396736825998
      vertex -3.2953479546556252 -4.931836738925526 5.545570233019602
    endloop
  endfacet
  facet normal -0.4648456824602253 -0.7755481673355642 0.42713409093695043
    outer loop
      vertex -3.3466881555593204 -5.008672779454397 5.37268343236509
      vertex -2.8198581639638576 -5.275583564686411 5.461396736825998
      vertex -3.3233773907389264 -4.973785754492077 5.461396736825998
    endloop
  endfacet
  facet normal -0.4786746938066001 -0.6454181099342217 0.5952360883532639
    outer loop
      vertex -3.7628844872654668 -4.585088014113289 5.545570233019602
      vertex -3.2953479546556252 -4.931836738925526 5.545570233019602
      vertex -3.262869786101305 -4.883229724706311 5.624393284163646
    endloop
  endfacet
  facet normal -0.5386243369939951 -0.7262508464416654 0.4271340909369606
    outer loop
      vertex -3.8215087200360074 -4.656521848429062 5.37268343236509
      vertex -3.3466881555593204 -5.008672779454397 5.37268343236509
      vertex -3.3233773907389264 -4.973785754492077 5.461396736825998
    endloop
  endfacet
  facet normal -0.48411653564142615 -0.8076996434739774 0.3365300370703238
    outer loop
      vertex -3.3650557537085604 -5.036161832690908 5.280284677254462
      vertex -2.8552219094139275 -5.341744478971499 5.280284677254462
      vertex -3.3466881555593204 -5.008672779454397 5.37268343236509
    endloop
  endfacet
  facet normal -0.4987311766382043 -0.8320826989028897 0.2427047499237605
    outer loop
      vertex -3.378303295175783 -5.0559881795919 5.185090322016128
      vertex -2.8552219094139275 -5.341744478971499 5.280284677254462
      vertex -3.3650557537085604 -5.036161832690908 5.280284677254462
    endloop
  endfacet
  facet normal -0.41310770686812726 -0.6892285699592272 0.5952360883532819
    outer loop
      vertex -3.262869786101305 -4.883229724706311 5.624393284163646
      vertex -2.796075419821989 -5.231089179925707 5.545570233019602
      vertex -2.7685179630601624 -5.179532804560772 5.624393284163646
    endloop
  endfacet
  facet normal -0.44110100012040093 -0.7359325581829801 0.513646938566791
    outer loop
      vertex -3.2953479546556252 -4.931836738925526 5.545570233019602
      vertex -2.8198581639638576 -5.275583564686411 5.461396736825998
      vertex -2.796075419821989 -5.231089179925707 5.545570233019602
    endloop
  endfacet
  facet normal -0.46484568246023145 -0.7755481673356003 0.42713409093687826
    outer loop
      vertex -3.3466881555593204 -5.008672779454397 5.37268343236509
      vertex -2.839637154658732 -5.312587453594531 5.37268343236509
      vertex -2.8198581639638576 -5.275583564686411 5.461396736825998
    endloop
  endfacet
  facet normal -0.4841165356413815 -0.8076996434739486 0.33653003707045737
    outer loop
      vertex -3.3466881555593204 -5.008672779454397 5.37268343236509
      vertex -2.8552219094139275 -5.341744478971499 5.280284677254462
      vertex -2.839637154658732 -5.312587453594531 5.37268343236509
    endloop
  endfacet
  facet normal -0.18298345767794705 -0.386886015630045 0.9037899452450948
    outer loop
      vertex -2.62633824130279 -4.913533254327884 5.871921264348355
      vertex -2.098132114468683 -5.0653390064008335 5.913879532511287
      vertex -2.5845190790668653 -4.8352951046931985 5.913879532511287
    endloop
  endfacet
  facet normal -0.22000217749314974 -0.4651555225831423 0.8574551776674256
    outer loop
      vertex -2.666017352735679 -4.987767650515568 5.821469612302545
      vertex -2.132081226316245 -5.147299412653712 5.871921264348355
      vertex -2.62633824130279 -4.913533254327884 5.871921264348355
    endloop
  endfacet
  facet normal -0.14419293638007522 -0.30487034918898215 0.9414151407766287
    outer loop
      vertex -2.5845190790668653 -4.8352951046931985 5.913879532511287
      vertex -2.062772641716691 -4.9799736877246055 5.946940335732209
      vertex -2.540962607420937 -4.753806677761819 5.946940335732209
    endloop
  endfacet
  facet normal -0.10400529186401583 -0.21990071389147267 0.9699621514751499
    outer loop
      vertex -2.4960882989973356 -4.6698527516312005 5.970785280403231
      vertex -2.062772641716691 -4.9799736877246055 5.946940335732209
      vertex -2.0263433391122874 -4.892025571309297 5.970785280403231
    endloop
  endfacet
  facet normal -0.14419293638007769 -0.3048703491889918 0.9414151407766254
    outer loop
      vertex -2.5845190790668653 -4.8352951046931985 5.913879532511287
      vertex -2.098132114468683 -5.0653390064008335 5.913879532511287
      vertex -2.062772641716691 -4.9799736877246055 5.946940335732209
    endloop
  endfacet
  facet normal -0.22000217749314907 -0.4651555225831394 0.8574551776674274
    outer loop
      vertex -2.666017352735679 -4.987767650515568 5.821469612302545
      vertex -2.164293028753775 -5.225065582966899 5.821469612302545
      vertex -2.132081226316245 -5.147299412653712 5.871921264348355
    endloop
  endfacet
  facet normal -0.18298345767794008 -0.38688601563001707 0.9037899452451081
    outer loop
      vertex -2.62633824130279 -4.913533254327884 5.871921264348355
      vertex -2.132081226316245 -5.147299412653712 5.871921264348355
      vertex -2.098132114468683 -5.0653390064008335 5.913879532511287
    endloop
  endfacet
  facet normal -0.025256174902072753 -0.04213738214269711 0.9987925543652576
    outer loop
      vertex -2.4503283179169557 -4.584241848503865 5.985184726672197
      vertex -2.40412335781258 -4.49779844817661 5.99
      vertex -2.8334081883999716 -4.24049502274298 5.99
    endloop
  endfacet
  facet normal -0.10400529186403193 -0.21990071389149463 0.9699621514751432
    outer loop
      vertex -2.540962607420937 -4.753806677761819 5.946940335732209
      vertex -2.062772641716691 -4.9799736877246055 5.946940335732209
      vertex -2.4960882989973356 -4.6698527516312005 5.970785280403231
    endloop
  endfacet
  facet normal -0.06280938853783989 -0.13279929444951227 0.9891508116082272
    outer loop
      vertex -2.4960882989973356 -4.6698527516312005 5.970785280403231
      vertex -1.9891950407538843 -4.80234164559333 5.985184726672197
      vertex -2.4503283179169557 -4.584241848503865 5.985184726672197
    endloop
  endfacet
  facet normal -0.021004373818104452 -0.044410017169926104 0.9987925543652577
    outer loop
      vertex -2.4503283179169557 -4.584241848503865 5.985184726672197
      vertex -1.9516855050619597 -4.711785615807564 5.99
      vertex -2.40412335781258 -4.49779844817661 5.99
    endloop
  endfacet
  facet normal 0 0 1
    outer loop
      vertex -1.9516855050619597 -4.711785615807564 5.99
      vertex -2.8334081883999716 -4.24049502274298 5.99
      vertex -2.40412335781258 -4.49779844817661 5.99
    endloop
  endfacet
  facet normal -0.2548923067950143 -0.538924503023847 0.8028638066180439
    outer loop
      vertex -2.70317428183165 -5.057283375440317 5.763010453362737
      vertex -2.194457304515055 -5.29788858660897 5.763010453362737
      vertex -2.666017352735679 -4.987767650515568 5.821469612302545
    endloop
  endfacet
  facet normal -0.2873184050998654 -0.6074837276378641 0.7405482123036117
    outer loop
      vertex -2.737451187051448 -5.121410954669948 5.697106781186548
      vertex -2.194457304515055 -5.29788858660897 5.763010453362737
      vertex -2.70317428183165 -5.057283375440317 5.763010453362737
    endloop
  endfacet
  facet normal -0.31696956086691636 -0.6701758292032854 0.671114487576839
    outer loop
      vertex -2.7685179630601624 -5.179532804560772 5.624393284163646
      vertex -2.22228355513505 -5.365067098245753 5.697106781186548
      vertex -2.737451187051448 -5.121410954669948 5.697106781186548
    endloop
  endfacet
  facet normal -0.2548923067950298 -0.5389245030238671 0.8028638066180256
    outer loop
      vertex -2.666017352735679 -4.987767650515568 5.821469612302545
      vertex -2.194457304515055 -5.29788858660897 5.763010453362737
      vertex -2.164293028753775 -5.225065582966899 5.821469612302545
    endloop
  endfacet
  facet normal -0.1441808814291996 -0.40295856896726584 0.9037899452451064
    outer loop
      vertex -2.132081226316245 -5.147299412653712 5.871921264348355
      vertex -1.5915389906524808 -5.246600924480866 5.913879532511287
      vertex -2.098132114468683 -5.0653390064008335 5.913879532511287
    endloop
  endfacet
  facet normal -0.11361608818069027 -0.31753569440780044 0.9414151407766255
    outer loop
      vertex -2.098132114468683 -5.0653390064008335 5.913879532511287
      vertex -1.5915389906524808 -5.246600924480866 5.913879532511287
      vertex -2.062772641716691 -4.9799736877246055 5.946940335732209
    endloop
  endfacet
  facet normal -0.08195043882408969 -0.2290361331367592 0.969962151475149
    outer loop
      vertex -2.062772641716691 -4.9799736877246055 5.946940335732209
      vertex -1.537083585159678 -5.067085510482482 5.970785280403231
      vertex -2.0263433391122874 -4.892025571309297 5.970785280403231
    endloop
  endfacet
  facet normal -0.049490337084760395 -0.13831622619934378 0.9891508116082242
    outer loop
      vertex -2.0263433391122874 -4.892025571309297 5.970785280403231
      vertex -1.537083585159678 -5.067085510482482 5.970785280403231
      vertex -1.9891950407538843 -4.80234164559333 5.985184726672197
    endloop
  endfacet
  facet normal -0.01655028913210808 -0.046254959454825925 0.9987925543652576
    outer loop
      vertex -1.9891950407538843 -4.80234164559333 5.985184726672197
      vertex -1.5089047279437295 -4.974192267408746 5.985184726672197
      vertex -1.9516855050619597 -4.711785615807564 5.99
    endloop
  endfacet
  facet normal -0.14418088142920102 -0.4029585689672755 0.9037899452451017
    outer loop
      vertex -2.132081226316245 -5.147299412653712 5.871921264348355
      vertex -1.6172911036061066 -5.3314942638356015 5.871921264348355
      vertex -1.5915389906524808 -5.246600924480866 5.913879532511287
    endloop
  endfacet
  facet normal -0.06280938853784515 -0.13279929444953273 0.9891508116082242
    outer loop
      vertex -2.4960882989973356 -4.6698527516312005 5.970785280403231
      vertex -2.0263433391122874 -4.892025571309297 5.970785280403231
      vertex -1.9891950407538843 -4.80234164559333 5.985184726672197
    endloop
  endfacet
  facet normal -0.021004373818104882 -0.04441001716992782 0.9987925543652576
    outer loop
      vertex -2.4503283179169557 -4.584241848503865 5.985184726672197
      vertex -1.9891950407538843 -4.80234164559333 5.985184726672197
      vertex -1.9516855050619597 -4.711785615807564 5.99
    endloop
  endfacet
  facet normal -0.49873117663820354 -0.8320826989029046 0.24270474992371135
    outer loop
      vertex -3.378303295175783 -5.0559881795919 5.185090322016128
      vertex -2.866462338521643 -5.362773842724081 5.185090322016128
      vertex -2.8552219094139275 -5.341744478971499 5.280284677254462
    endloop
  endfacet
  facet normal -0.5085515390773294 -0.8484669837948844 0.14655752970110694
    outer loop
      vertex -3.378303295175783 -5.0559881795919 5.185090322016128
      vertex -2.8732501905049332 -5.375473020583527 5.08801714032956
      vertex -2.866462338521643 -5.362773842724081 5.185090322016128
    endloop
  endfacet
  facet normal -0.5134849731878127 -0.8566979213455929 0.04900871220968549
    outer loop
      vertex -3.3863031988947796 -5.067960881598527 5.08801714032956
      vertex -2.875520094638574 -5.379719712524967 4.99
      vertex -2.8732501905049332 -5.375473020583527 5.08801714032956
    endloop
  endfacet
  facet normal -0.42293841699977525 -0.8942281509288514 0.14655752970111
    outer loop
      vertex -2.8732501905049332 -5.375473020583527 5.08801714032956
      vertex -2.327015782579821 -5.617913062160451 5.185090322016128
      vertex -2.866462338521643 -5.362773842724081 5.185090322016128
    endloop
  endfacet
  facet normal -0.4270413223156056 -0.9029030153690297 0.04900871220969523
    outer loop
      vertex -2.875520094638574 -5.379719712524967 4.99
      vertex -2.332526212102181 -5.631216415847845 5.08801714032956
      vertex -2.8732501905049332 -5.375473020583527 5.08801714032956
    endloop
  endfacet
  facet normal -0.41477128304142546 -0.8769601970036178 0.24270474992374055
    outer loop
      vertex -2.866462338521643 -5.362773842724081 5.185090322016128
      vertex -2.327015782579821 -5.617913062160451 5.185090322016128
      vertex -2.3178907173085577 -5.595883205825029 5.280284677254462
    endloop
  endfacet
  facet normal -0.4229384169997723 -0.8942281509288582 0.14655752970107686
    outer loop
      vertex -2.8732501905049332 -5.375473020583527 5.08801714032956
      vertex -2.332526212102181 -5.631216415847845 5.08801714032956
      vertex -2.327015782579821 -5.617913062160451 5.185090322016128
    endloop
  endfacet
  facet normal -0.4270413223156207 -0.9029030153690161 0.049008712209814
    outer loop
      vertex -2.875520094638574 -5.379719712524967 4.99
      vertex -2.334368937427058 -5.63566514831885 4.99
      vertex -2.332526212102181 -5.631216415847845 5.08801714032956
    endloop
  endfacet
  facet normal -0.3332521667648521 -0.9313774121345482 0.14655752970108105
    outer loop
      vertex -2.332526212102181 -5.631216415847845 5.08801714032956
      vertex -1.7651587925755337 -5.818948707744539 5.185090322016128
      vertex -2.327015782579821 -5.617913062160451 5.185090322016128
    endloop
  endfacet
  facet normal -0.3364850300649781 -0.9404126597774554 0.04900871220979779
    outer loop
      vertex -2.334368937427058 -5.63566514831885 4.99
      vertex -1.7693387311883555 -5.832728118691524 5.08801714032956
      vertex -2.332526212102181 -5.631216415847845 5.08801714032956
    endloop
  endfacet
  facet normal -0.3332521667648523 -0.9313774121345479 0.14655752970108246
    outer loop
      vertex -2.332526212102181 -5.631216415847845 5.08801714032956
      vertex -1.7693387311883555 -5.832728118691524 5.08801714032956
      vertex -1.7651587925755337 -5.818948707744539 5.185090322016128
    endloop
  endfacet
  facet normal -0.32681691525190937 -0.9133920890119868 0.24270474992374033
    outer loop
      vertex -2.327015782579821 -5.617913062160451 5.185090322016128
      vertex -1.7651587925755337 -5.818948707744539 5.185090322016128
      vertex -2.3178907173085577 -5.595883205825029 5.280284677254462
    endloop
  endfacet
  facet normal -0.33648503006497793 -0.9404126597774555 0.04900871220979631
    outer loop
      vertex -2.334368937427058 -5.63566514831885 4.99
      vertex -1.7707365312522256 -5.837336047966474 4.99
      vertex -1.7693387311883555 -5.832728118691524 5.08801714032956
    endloop
  endfacet
  facet normal -0.5085515390773431 -0.8484669837948869 0.14655752970104474
    outer loop
      vertex -3.3863031988947796 -5.067960881598527 5.08801714032956
      vertex -2.8732501905049332 -5.375473020583527 5.08801714032956
      vertex -3.378303295175783 -5.0559881795919 5.185090322016128
    endloop
  endfacet
  facet normal -0.5134849731877885 -0.856697921345599 0.04900871220983101
    outer loop
      vertex -3.38897842141958 -5.071964635045525 4.99
      vertex -2.875520094638574 -5.379719712524967 4.99
      vertex -3.3863031988947796 -5.067960881598527 5.08801714032956
    endloop
  endfacet
  facet normal -0.12502755665360452 -0.4991379852991968 0.8574551776674326
    outer loop
      vertex -1.6417253797820308 -5.412043277542864 5.821469612302545
      vertex -1.0869255834669787 -5.464343910765528 5.871921264348355
      vertex -1.6172911036061066 -5.3314942638356015 5.871921264348355
    endloop
  endfacet
  facet normal -0.10398976447501294 -0.41515041100580863 0.9037899452450993
    outer loop
      vertex -1.6172911036061066 -5.3314942638356015 5.871921264348355
      vertex -1.0869255834669787 -5.464343910765528 5.871921264348355
      vertex -1.5915389906524808 -5.246600924480866 5.913879532511287
    endloop
  endfacet
  facet normal -0.18013426130745389 -0.7191362822634789 0.6711144875768067
    outer loop
      vertex -1.704844943966492 -5.620120594999708 5.624393284163646
      vertex -1.145767500550619 -5.760162204312476 5.624393284163646
      vertex -1.132910331923739 -5.695524852717547 5.697106781186548
    endloop
  endfacet
  facet normal -0.1448556677552694 -0.578296242026463 0.8028638066180626
    outer loop
      vertex -1.664606503743613 -5.487472234568081 5.763010453362737
      vertex -1.1033470179446283 -5.5469000368322945 5.821469612302545
      vertex -1.6417253797820308 -5.412043277542864 5.821469612302545
    endloop
  endfacet
  facet normal -0.16328346646645214 -0.6518641383237953 0.7405482123036115
    outer loop
      vertex -1.6857141177589483 -5.55705471282144 5.697106781186548
      vertex -1.132910331923739 -5.695524852717547 5.697106781186548
      vertex -1.664606503743613 -5.487472234568081 5.763010453362737
    endloop
  endfacet
  facet normal -0.18013426130745389 -0.7191362822634728 0.6711144875768131
    outer loop
      vertex -1.704844943966492 -5.620120594999708 5.624393284163646
      vertex -1.132910331923739 -5.695524852717547 5.697106781186548
      vertex -1.6857141177589483 -5.55705471282144 5.697106781186548
    endloop
  endfacet
  facet normal -0.10398976447503061 -0.41515041100584593 0.9037899452450802
    outer loop
      vertex -1.5915389906524808 -5.246600924480866 5.913879532511287
      vertex -1.0869255834669787 -5.464343910765528 5.871921264348355
      vertex -1.0696184763326073 -5.37733520757434 5.913879532511287
    endloop
  endfacet
  facet normal -0.08194505494324975 -0.3271429973067716 0.9414151407766339
    outer loop
      vertex -1.5915389906524808 -5.246600924480866 5.913879532511287
      vertex -1.0696184763326073 -5.37733520757434 5.913879532511287
      vertex -1.0515923734441799 -5.286711868634253 5.946940335732209
    endloop
  endfacet
  facet normal -0.12502755665360293 -0.4991379852991574 0.8574551776674558
    outer loop
      vertex -1.6417253797820308 -5.412043277542864 5.821469612302545
      vertex -1.1033470179446283 -5.5469000368322945 5.821469612302545
      vertex -1.0869255834669787 -5.464343910765528 5.871921264348355
    endloop
  endfacet
  facet normal -0.06279716924234863 -0.42334412764208224 0.903789945245084
    outer loop
      vertex -1.0869255834669787 -5.464343910765528 5.871921264348355
      vertex -0.537396951372699 -5.456282813068434 5.913879532511287
      vertex -1.0696184763326073 -5.37733520757434 5.913879532511287
    endloop
  endfacet
  facet normal -0.0494848460309807 -0.333599734307151 0.9414151407766332
    outer loop
      vertex -1.0696184763326073 -5.37733520757434 5.913879532511287
      vertex -0.5283402896267262 -5.364328983218812 5.946940335732209
      vertex -1.0515923734441799 -5.286711868634253 5.946940335732209
    endloop
  endfacet
  facet normal -0.07550143684592643 -0.5089893430372379 0.8574551776674519
    outer loop
      vertex -1.1033470179446283 -5.5469000368322945 5.821469612302545
      vertex -0.5460923757851219 -5.544568938720552 5.871921264348355
      vertex -1.0869255834669787 -5.464343910765528 5.871921264348355
    endloop
  endfacet
  facet normal -0.10877918370885835 -0.7333296896731656 0.6711144875768166
    outer loop
      vertex -1.145767500550619 -5.760162204312476 5.624393284163646
      vertex -0.5756556897642326 -5.844730302772749 5.624393284163646
      vertex -1.132910331923739 -5.695524852717547 5.697106781186548
    endloop
  endfacet
  facet normal -0.1448556677552705 -0.5782962420265 0.8028638066180356
    outer loop
      vertex -1.664606503743613 -5.487472234568081 5.763010453362737
      vertex -1.118724632374608 -5.624208525150841 5.763010453362737
      vertex -1.1033470179446283 -5.5469000368322945 5.821469612302545
    endloop
  endfacet
  facet normal -0.16328346646644565 -0.6518641383237826 0.7405482123036241
    outer loop
      vertex -1.664606503743613 -5.487472234568081 5.763010453362737
      vertex -1.132910331923739 -5.695524852717547 5.697106781186548
      vertex -1.118724632374608 -5.624208525150841 5.763010453362737
    endloop
  endfacet
  facet normal -0.087475204215181 -0.5897099258705989 0.8028638066180372
    outer loop
      vertex -1.118724632374608 -5.624208525150841 5.763010453362737
      vertex -0.5620688312387472 -5.706780613131279 5.763010453362737
      vertex -1.1033470179446283 -5.5469000368322945 5.821469612302545
    endloop
  endfacet
  facet normal -0.09860335322361254 -0.664729812771306 0.7405482123036177
    outer loop
      vertex -1.132910331923739 -5.695524852717547 5.697106781186548
      vertex -0.5620688312387472 -5.706780613131279 5.763010453362737
      vertex -1.118724632374608 -5.624208525150841 5.763010453362737
    endloop
  endfacet
  facet normal -0.20847739401384155 -0.8322884107604479 0.5136469385667995
    outer loop
      vertex -1.736460083582955 -5.724341743029154 5.461396736825998
      vertex -1.1571723166929928 -5.817498086905392 5.545570233019602
      vertex -1.7218147420518903 -5.6760625221821925 5.545570233019602
    endloop
  endfacet
  facet normal -0.219699833986867 -0.8770909025327047 0.42713409093691956
    outer loop
      vertex -1.7486399259148016 -5.764493302251733 5.37268343236509
      vertex -1.1670149457368382 -5.866980324603947 5.461396736825998
      vertex -1.736460083582955 -5.724341743029154 5.461396736825998
    endloop
  endfacet
  facet normal -0.19524693471879787 -0.7794694564925735 0.5952360883532564
    outer loop
      vertex -1.7218147420518903 -5.6760625221821925 5.545570233019602
      vertex -1.1571723166929928 -5.817498086905392 5.545570233019602
      vertex -1.704844943966492 -5.620120594999708 5.624393284163646
    endloop
  endfacet
  facet normal -0.19524693471878762 -0.7794694564925557 0.595236088353283
    outer loop
      vertex -1.704844943966492 -5.620120594999708 5.624393284163646
      vertex -1.1571723166929928 -5.817498086905392 5.545570233019602
      vertex -1.145767500550619 -5.760162204312476 5.624393284163646
    endloop
  endfacet
  facet normal -0.20847739401384083 -0.8322884107604578 0.5136469385667836
    outer loop
      vertex -1.736460083582955 -5.724341743029154 5.461396736825998
      vertex -1.1670149457368382 -5.866980324603947 5.461396736825998
      vertex -1.1571723166929928 -5.817498086905392 5.545570233019602
    endloop
  endfacet
  facet normal -0.22880780982580307 -0.9134519802989558 0.336530037070445
    outer loop
      vertex -1.7582369705075678 -5.796130518385539 5.280284677254462
      vertex -1.1816504405304613 -5.94055792556675 5.280284677254462
      vertex -1.7486399259148016 -5.764493302251733 5.37268343236509
    endloop
  endfacet
  facet normal -0.23571512191222152 -0.9410275158922794 0.24270474992367289
    outer loop
      vertex -1.7651587925755337 -5.818948707744539 5.185090322016128
      vertex -1.1816504405304613 -5.94055792556675 5.280284677254462
      vertex -1.7582369705075678 -5.796130518385539 5.280284677254462
    endloop
  endfacet
  facet normal -0.21969983398686668 -0.8770909025327068 0.4271340909369153
    outer loop
      vertex -1.7486399259148016 -5.764493302251733 5.37268343236509
      vertex -1.1752005977839985 -5.9081323764093625 5.37268343236509
      vertex -1.1670149457368382 -5.866980324603947 5.461396736825998
    endloop
  endfacet
  facet normal -0.22880780982581875 -0.9134519802989745 0.3365300370703841
    outer loop
      vertex -1.7486399259148016 -5.764493302251733 5.37268343236509
      vertex -1.1816504405304613 -5.94055792556675 5.280284677254462
      vertex -1.1752005977839985 -5.9081323764093625 5.37268343236509
    endloop
  endfacet
  facet normal -0.1179054002620645 -0.7948536442081249 0.5952360883532736
    outer loop
      vertex -1.1571723166929928 -5.817498086905392 5.545570233019602
      vertex -0.5813856893495881 -5.902907964883749 5.545570233019602
      vertex -1.145767500550619 -5.760162204312476 5.624393284163646
    endloop
  endfacet
  facet normal -0.1326719771608233 -0.894401819561959 0.4271340909369035
    outer loop
      vertex -1.1752005977839985 -5.9081323764093625 5.37268343236509
      vertex -0.5863308160080294 -5.953116678435119 5.461396736825998
      vertex -1.1670149457368382 -5.866980324603947 5.461396736825998
    endloop
  endfacet
  facet normal -0.125894988426824 -0.848715072559671 0.5136469385667961
    outer loop
      vertex -1.1670149457368382 -5.866980324603947 5.461396736825998
      vertex -0.5863308160080294 -5.953116678435119 5.461396736825998
      vertex -1.1571723166929928 -5.817498086905392 5.545570233019602
    endloop
  endfacet
  facet normal -0.13817208674468942 -0.9314805465462029 0.3365300370704004
    outer loop
      vertex -1.1816504405304613 -5.94055792556675 5.280284677254462
      vertex -0.5904434454665193 -5.994872906068487 5.37268343236509
      vertex -1.1752005977839985 -5.9081323764093625 5.37268343236509
    endloop
  endfacet
  facet normal -0.14234326309353573 -0.9596003333765272 0.24270474992373442
    outer loop
      vertex -1.1863023584647863 -5.963944696312119 5.185090322016128
      vertex -0.5936839708552384 -6.027774512485461 5.280284677254462
      vertex -1.1816504405304613 -5.94055792556675 5.280284677254462
    endloop
  endfacet
  facet normal -0.03569305115427465 -0.2406230055605893 0.9699621514751424
    outer loop
      vertex -1.0515923734441799 -5.286711868634253 5.946940335732209
      vertex -0.5283402896267262 -5.364328983218812 5.946940335732209
      vertex -0.5190096111507501 -5.269593014820217 5.970785280403231
    endloop
  endfacet
  facet normal -0.04948484603098094 -0.33359973430714596 0.9414151407766351
    outer loop
      vertex -1.0696184763326073 -5.37733520757434 5.913879532511287
      vertex -0.537396951372699 -5.456282813068434 5.913879532511287
      vertex -0.5283402896267262 -5.364328983218812 5.946940335732209
    endloop
  endfacet
  facet normal -0.06279716924234924 -0.4233441276420702 0.9037899452450898
    outer loop
      vertex -1.0869255834669787 -5.464343910765528 5.871921264348355
      vertex -0.5460923757851219 -5.544568938720552 5.871921264348355
      vertex -0.537396951372699 -5.456282813068434 5.913879532511287
    endloop
  endfacet
  facet normal -0.07550143684592524 -0.5089893430372586 0.8574551776674397
    outer loop
      vertex -1.1033470179446283 -5.5469000368322945 5.821469612302545
      vertex -0.5543428211735772 -5.628337116523024 5.821469612302545
      vertex -0.5460923757851219 -5.544568938720552 5.871921264348355
    endloop
  endfacet
  facet normal -0.09860335322361229 -0.6647298127713092 0.740548212303615
    outer loop
      vertex -1.132910331923739 -5.695524852717547 5.697106781186548
      vertex -0.5691960002803 -5.7791439747913955 5.697106781186548
      vertex -0.5620688312387472 -5.706780613131279 5.763010453362737
    endloop
  endfacet
  facet normal -0.10877918370885806 -0.7333296896731648 0.6711144875768175
    outer loop
      vertex -1.132910331923739 -5.695524852717547 5.697106781186548
      vertex -0.5756556897642326 -5.844730302772749 5.624393284163646
      vertex -0.5691960002803 -5.7791439747913955 5.697106781186548
    endloop
  endfacet
  facet normal -0.08747520421517861 -0.5897099258705927 0.802863806618042
    outer loop
      vertex -1.1033470179446283 -5.5469000368322945 5.821469612302545
      vertex -0.5620688312387472 -5.706780613131279 5.763010453362737
      vertex -0.5543428211735772 -5.628337116523024 5.821469612302545
    endloop
  endfacet
  facet normal -0.01193600045451138 -0.2429628708236359 0.9699621514751424
    outer loop
      vertex -0.5283402896267262 -5.364328983218812 5.946940335732209
      vertex 0 -5.295090322016129 5.970785280403231
      vertex -0.5190096111507501 -5.269593014820217 5.970785280403231
    endloop
  endfacet
  facet normal -0.016548071000269515 -0.3368437235019856 0.941415140776633
    outer loop
      vertex -0.537396951372699 -5.456282813068434 5.913879532511287
      vertex 0 -5.482683432365089 5.913879532511287
      vertex -0.5283402896267262 -5.364328983218812 5.946940335732209
    endloop
  endfacet
  facet normal -0.025248196928134924 -0.5139388551600137 0.8574551776674352
    outer loop
      vertex -0.5543428211735772 -5.628337116523024 5.821469612302545
      vertex 0 -5.571396736825996 5.871921264348355
      vertex -0.5460923757851219 -5.544568938720552 5.871921264348355
    endloop
  endfacet
  facet normal -0.020999802941441346 -0.4274608089056719 0.9037899452450936
    outer loop
      vertex -0.5460923757851219 -5.544568938720552 5.871921264348355
      vertex 0 -5.571396736825996 5.871921264348355
      vertex -0.537396951372699 -5.456282813068434 5.913879532511287
    endloop
  endfacet
  facet normal -0.02099980294144373 -0.4274608089056814 0.903789945245089
    outer loop
      vertex -0.537396951372699 -5.456282813068434 5.913879532511287
      vertex 0 -5.571396736825996 5.871921264348355
      vertex 0 -5.482683432365089 5.913879532511287
    endloop
  endfacet
  facet normal -0.011936000454512229 -0.24296287082362988 0.9699621514751439
    outer loop
      vertex -0.5283402896267262 -5.364328983218812 5.946940335732209
      vertex 0 -5.3902846772544635 5.946940335732209
      vertex 0 -5.295090322016129 5.970785280403231
    endloop
  endfacet
  facet normal -0.01654807100027236 -0.3368437235019971 0.941415140776629
    outer loop
      vertex -0.5283402896267262 -5.364328983218812 5.946940335732209
      vertex 0 -5.482683432365089 5.913879532511287
      vertex 0 -5.3902846772544635 5.946940335732209
    endloop
  endfacet
  facet normal -0.025248196928138286 -0.5139388551599922 0.8574551776674478
    outer loop
      vertex -0.5543428211735772 -5.628337116523024 5.821469612302545
      vertex 0 -5.655570233019603 5.821469612302545
      vertex 0 -5.571396736825996 5.871921264348355
    endloop
  endfacet
  facet normal -0.032973635787154586 -0.6711937757435629 0.7405482123036122
    outer loop
      vertex -0.5691960002803 -5.7791439747913955 5.697106781186548
      vertex 0 -5.7343932841636445 5.763010453362737
      vertex -0.5620688312387472 -5.706780613131279 5.763010453362737
    endloop
  endfacet
  facet normal -0.03637650310640092 -0.7404607312925243 0.6711144875768144
    outer loop
      vertex -0.5756556897642326 -5.844730302772749 5.624393284163646
      vertex 0 -5.873010453362738 5.624393284163646
      vertex -0.5691960002803 -5.7791439747913955 5.697106781186548
    endloop
  endfacet
  facet normal -0.029252306639685113 -0.5954443807603248 0.802863806618041
    outer loop
      vertex -0.5620688312387472 -5.706780613131279 5.763010453362737
      vertex 0 -5.7343932841636445 5.763010453362737
      vertex 0 -5.655570233019603 5.821469612302545
    endloop
  endfacet
  facet normal -0.0329736357871554 -0.6711937757435584 0.7405482123036161
    outer loop
      vertex -0.5691960002803 -5.7791439747913955 5.697106781186548
      vertex 0 -5.8071067811865476 5.697106781186548
      vertex 0 -5.7343932841636445 5.763010453362737
    endloop
  endfacet
  facet normal -0.03637650310639722 -0.7404607312925123 0.6711144875768278
    outer loop
      vertex -0.5691960002803 -5.7791439747913955 5.697106781186548
      vertex 0 -5.873010453362738 5.624393284163646
      vertex 0 -5.8071067811865476 5.697106781186548
    endloop
  endfacet
  facet normal -0.029252306639686962 -0.5954443807603137 0.8028638066180491
    outer loop
      vertex -0.5620688312387472 -5.706780613131279 5.763010453362737
      vertex 0 -5.655570233019603 5.821469612302545
      vertex -0.5543428211735772 -5.628337116523024 5.821469612302545
    endloop
  endfacet
  facet normal -0.11790540026206656 -0.7948536442081293 0.595236088353267
    outer loop
      vertex -1.145767500550619 -5.760162204312476 5.624393284163646
      vertex -0.5813856893495881 -5.902907964883749 5.545570233019602
      vertex -0.5756556897642326 -5.844730302772749 5.624393284163646
    endloop
  endfacet
  facet normal -0.12589498842681396 -0.848715072559651 0.5136469385668319
    outer loop
      vertex -1.1571723166929928 -5.817498086905392 5.545570233019602
      vertex -0.5863308160080294 -5.953116678435119 5.461396736825998
      vertex -0.5813856893495881 -5.902907964883749 5.545570233019602
    endloop
  endfacet
  facet normal -0.13267197716081938 -0.8944018195619761 0.4271340909368689
    outer loop
      vertex -1.1752005977839985 -5.9081323764093625 5.37268343236509
      vertex -0.5904434454665193 -5.994872906068487 5.37268343236509
      vertex -0.5863308160080294 -5.953116678435119 5.461396736825998
    endloop
  endfacet
  facet normal -0.13817208674469098 -0.9314805465461979 0.3365300370704134
    outer loop
      vertex -1.1816504405304613 -5.94055792556675 5.280284677254462
      vertex -0.5936839708552384 -6.027774512485461 5.280284677254462
      vertex -0.5904434454665193 -5.994872906068487 5.37268343236509
    endloop
  endfacet
  facet normal -0.03942837234717396 -0.8025829568187687 0.5952360883532644
    outer loop
      vertex -0.5813856893495881 -5.902907964883749 5.545570233019602
      vertex 0 -5.873010453362738 5.624393284163646
      vertex -0.5756556897642326 -5.844730302772749 5.624393284163646
    endloop
  endfacet
  facet normal -0.04210014528004589 -0.8569681442552733 0.5136469385668253
    outer loop
      vertex -0.5863308160080294 -5.953116678435119 5.461396736825998
      vertex 0 -5.931469612302543 5.545570233019602
      vertex -0.5813856893495881 -5.902907964883749 5.545570233019602
    endloop
  endfacet
  facet normal -0.039428372347169484 -0.802582956818788 0.5952360883532388
    outer loop
      vertex -0.5813856893495881 -5.902907964883749 5.545570233019602
      vertex 0 -5.931469612302543 5.545570233019602
      vertex 0 -5.873010453362738 5.624393284163646
    endloop
  endfacet
  facet normal -0.042100145280047276 -0.8569681442552682 0.5136469385668337
    outer loop
      vertex -0.5863308160080294 -5.953116678435119 5.461396736825998
      vertex 0 -5.981921264348355 5.461396736825998
      vertex 0 -5.931469612302543 5.545570233019602
    endloop
  endfacet
  facet normal -0.04436641666882962 -0.9030991581390625 0.4271340909368913
    outer loop
      vertex -0.5863308160080294 -5.953116678435119 5.461396736825998
      vertex 0 -6.0238795325112875 5.37268343236509
      vertex 0 -5.981921264348355 5.461396736825998
    endloop
  endfacet
  facet normal -0.044366416668830615 -0.9030991581390646 0.42713409093688653
    outer loop
      vertex -0.5904434454665193 -5.994872906068487 5.37268343236509
      vertex 0 -6.0238795325112875 5.37268343236509
      vertex -0.5863308160080294 -5.953116678435119 5.461396736825998
    endloop
  endfacet
  facet normal -0.04620569093566733 -0.9405384459311312 0.33653003707040796
    outer loop
      vertex -0.5936839708552384 -6.027774512485461 5.280284677254462
      vertex 0 -6.0238795325112875 5.37268343236509
      vertex -0.5904434454665193 -5.994872906068487 5.37268343236509
    endloop
  endfacet
  facet normal -0.04620569093566713 -0.9405384459311317 0.3365300370704067
    outer loop
      vertex -0.5936839708552384 -6.027774512485461 5.280284677254462
      vertex 0 -6.056940335732207 5.280284677254462
      vertex 0 -6.0238795325112875 5.37268343236509
    endloop
  endfacet
  facet normal -0.047600560838507805 -0.9689316750794739 0.24270474992373864
    outer loop
      vertex -0.5936839708552384 -6.027774512485461 5.280284677254462
      vertex 0 -6.08078528040323 5.185090322016128
      vertex 0 -6.056940335732207 5.280284677254462
    endloop
  endfacet
  facet normal -0.08195043882409411 -0.22903613313678786 0.9699621514751419
    outer loop
      vertex -2.062772641716691 -4.9799736877246055 5.946940335732209
      vertex -1.5647170478464716 -5.158180828744065 5.946940335732209
      vertex -1.537083585159678 -5.067085510482482 5.970785280403231
    endloop
  endfacet
  facet normal -0.11361608818068027 -0.3175356944077836 0.9414151407766324
    outer loop
      vertex -2.062772641716691 -4.9799736877246055 5.946940335732209
      vertex -1.5915389906524808 -5.246600924480866 5.913879532511287
      vertex -1.5647170478464716 -5.158180828744065 5.946940335732209
    endloop
  endfacet
  facet normal -0.04949033708475725 -0.13831622619933848 0.9891508116082252
    outer loop
      vertex -1.9891950407538843 -4.80234164559333 5.985184726672197
      vertex -1.537083585159678 -5.067085510482482 5.970785280403231
      vertex -1.5089047279437295 -4.974192267408746 5.985184726672197
    endloop
  endfacet
  facet normal -0.016550289132106537 -0.04625495945482332 0.9987925543652577
    outer loop
      vertex -1.9516855050619597 -4.711785615807564 5.99
      vertex -1.5089047279437295 -4.974192267408746 5.985184726672197
      vertex -1.4804518539977494 -4.8803957122342645 5.99
    endloop
  endfacet
  facet normal -0.05910635825961873 -0.2359658092160773 0.9699621514751425
    outer loop
      vertex -1.5647170478464716 -5.158180828744065 5.946940335732209
      vertex -1.0515923734441799 -5.286711868634253 5.946940335732209
      vertex -1.537083585159678 -5.067085510482482 5.970785280403231
    endloop
  endfacet
  facet normal -0.03569466663137376 -0.14250109707951214 0.9891508116082253
    outer loop
      vertex -1.537083585159678 -5.067085510482482 5.970785280403231
      vertex -1.0140828377522553 -5.098138698518927 5.985184726672197
      vertex -1.5089047279437295 -4.974192267408746 5.985184726672197
    endloop
  endfacet
  facet normal -0.08194505494325006 -0.32714299730677826 0.9414151407766315
    outer loop
      vertex -1.5915389906524808 -5.246600924480866 5.913879532511287
      vertex -1.0515923734441799 -5.286711868634253 5.946940335732209
      vertex -1.5647170478464716 -5.158180828744065 5.946940335732209
    endloop
  endfacet
  facet normal 0 0 1
    outer loop
      vertex -1.9516855050619597 -4.711785615807564 5.99
      vertex -1.4804518539977494 -4.8803957122342645 5.99
      vertex -0.9949606422822512 -5.002004930056476 5.99
    endloop
  endfacet
  facet normal -0.011936816114460593 -0.04765444119463857 0.9987925543652577
    outer loop
      vertex -1.5089047279437295 -4.974192267408746 5.985184726672197
      vertex -0.9949606422822512 -5.002004930056476 5.99
      vertex -1.4804518539977494 -4.8803957122342645 5.99
    endloop
  endfacet
  facet normal 0 0 1
    outer loop
      vertex -3.2354057492345873 -3.942353312149958 5.99
      vertex -1.9516855050619597 -4.711785615807564 5.99
      vertex 0 -5.100000000000001 5.99
    endloop
  endfacet
  facet normal -0.05910635825961462 -0.2359658092160684 0.969962151475145
    outer loop
      vertex -1.537083585159678 -5.067085510482482 5.970785280403231
      vertex -1.0515923734441799 -5.286711868634253 5.946940335732209
      vertex -1.0330208760265975 -5.193346646239021 5.970785280403231
    endloop
  endfacet
  facet normal -0.03569466663137392 -0.1425010970795151 0.9891508116082248
    outer loop
      vertex -1.537083585159678 -5.067085510482482 5.970785280403231
      vertex -1.0330208760265975 -5.193346646239021 5.970785280403231
      vertex -1.0140828377522553 -5.098138698518927 5.985184726672197
    endloop
  endfacet
  facet normal -0.011936816114460605 -0.04765444119463878 0.9987925543652576
    outer loop
      vertex -1.5089047279437295 -4.974192267408746 5.985184726672197
      vertex -1.0140828377522553 -5.098138698518927 5.985184726672197
      vertex -0.9949606422822512 -5.002004930056476 5.99
    endloop
  endfacet
  facet normal 0 0 1
    outer loop
      vertex -1.9516855050619597 -4.711785615807564 5.99
      vertex -0.9949606422822512 -5.002004930056476 5.99
      vertex 0 -5.100000000000001 5.99
    endloop
  endfacet
  facet normal -0.02155523702563972 -0.14531360449578676 0.9891508116082253
    outer loop
      vertex -1.0330208760265975 -5.193346646239021 5.970785280403231
      vertex -0.5190096111507501 -5.269593014820217 5.970785280403231
      vertex -1.0140828377522553 -5.098138698518927 5.985184726672197
    endloop
  endfacet
  facet normal -0.035693051154274916 -0.24062300556058294 0.9699621514751439
    outer loop
      vertex -1.0515923734441799 -5.286711868634253 5.946940335732209
      vertex -0.5190096111507501 -5.269593014820217 5.970785280403231
      vertex -1.0330208760265975 -5.193346646239021 5.970785280403231
    endloop
  endfacet
  facet normal -0.007208385032303866 -0.04859498461518263 0.9987925543652577
    outer loop
      vertex -1.0140828377522553 -5.098138698518927 5.985184726672197
      vertex -0.499887415680746 -5.075442106028206 5.99
      vertex -0.9949606422822512 -5.002004930056476 5.99
    endloop
  endfacet
  facet normal -0.021555237025638694 -0.14531360449578382 0.9891508116082257
    outer loop
      vertex -1.0140828377522553 -5.098138698518927 5.985184726672197
      vertex -0.5190096111507501 -5.269593014820217 5.970785280403231
      vertex -0.5094947754791406 -5.1729872670362695 5.985184726672197
    endloop
  endfacet
  facet normal -0.007208385032303858 -0.04859498461518279 0.9987925543652576
    outer loop
      vertex -1.0140828377522553 -5.098138698518927 5.985184726672197
      vertex -0.5094947754791406 -5.1729872670362695 5.985184726672197
      vertex -0.499887415680746 -5.075442106028206 5.99
    endloop
  endfacet
  facet normal 0 0 1
    outer loop
      vertex -0.9949606422822512 -5.002004930056476 5.99
      vertex -0.499887415680746 -5.075442106028206 5.99
      vertex 0 -5.100000000000001 5.99
    endloop
  endfacet
  facet normal -0.007208218704057475 -0.14672666246426733 0.9891508116082256
    outer loop
      vertex -0.5190096111507501 -5.269593014820217 5.970785280403231
      vertex 0 -5.295090322016129 5.970785280403231
      vertex -0.5094947754791406 -5.1729872670362695 5.985184726672197
    endloop
  endfacet
  facet normal -0.002410533261782225 -0.0490675317691616 0.9987925543652577
    outer loop
      vertex -0.5094947754791406 -5.1729872670362695 5.985184726672197
      vertex 0 -5.100000000000001 5.99
      vertex -0.499887415680746 -5.075442106028206 5.99
    endloop
  endfacet
  facet normal -0.007208218704057256 -0.14672666246426644 0.9891508116082257
    outer loop
      vertex -0.5094947754791406 -5.1729872670362695 5.985184726672197
      vertex 0 -5.295090322016129 5.970785280403231
      vertex 0 -5.198017140329561 5.985184726672197
    endloop
  endfacet
  facet normal -0.0024105332617821566 -0.04906753176916207 0.9987925543652576
    outer loop
      vertex -0.5094947754791406 -5.1729872670362695 5.985184726672197
      vertex 0 -5.198017140329561 5.985184726672197
      vertex 0 -5.100000000000001 5.99
    endloop
  endfacet
  facet normal -0.24035651598982982 -0.9595569997186956 0.14655752970109057
    outer loop
      vertex -1.7693387311883555 -5.832728118691524 5.08801714032956
      vertex -1.1891115510742623 -5.978067461258679 5.08801714032956
      vertex -1.7651587925755337 -5.818948707744539 5.185090322016128
    endloop
  endfacet
  facet normal -0.23571512191222774 -0.9410275158922623 0.24270474992373284
    outer loop
      vertex -1.7651587925755337 -5.818948707744539 5.185090322016128
      vertex -1.1863023584647863 -5.963944696312119 5.185090322016128
      vertex -1.1816504405304613 -5.94055792556675 5.280284677254462
    endloop
  endfacet
  facet normal -0.24035651598982424 -0.9595569997186926 0.14655752970111882
    outer loop
      vertex -1.7651587925755337 -5.818948707744539 5.185090322016128
      vertex -1.1891115510742623 -5.978067461258679 5.08801714032956
      vertex -1.1863023584647863 -5.963944696312119 5.185090322016128
    endloop
  endfacet
  facet normal -0.2426882030334078 -0.9688656161903759 0.04900871220975593
    outer loop
      vertex -1.7693387311883555 -5.832728118691524 5.08801714032956
      vertex -1.1900509642983934 -5.982790210459704 4.99
      vertex -1.1891115510742623 -5.978067461258679 5.08801714032956
    endloop
  endfacet
  facet normal -0.2426882030334036 -0.9688656161903758 0.049008712209780377
    outer loop
      vertex -1.7707365312522256 -5.837336047966474 4.99
      vertex -1.1900509642983934 -5.982790210459704 4.99
      vertex -1.7693387311883555 -5.832728118691524 5.08801714032956
    endloop
  endfacet
  facet normal -0.14514610057357563 -0.9784955288483406 0.1465575297011099
    outer loop
      vertex -1.1891115510742623 -5.978067461258679 5.08801714032956
      vertex -0.5974325766888171 -6.06583474622982 5.08801714032956
      vertex -1.1863023584647863 -5.963944696312119 5.185090322016128
    endloop
  endfacet
  facet normal -0.1465541559397456 -0.9879878670835647 0.049008712209741415
    outer loop
      vertex -1.1900509642983934 -5.982790210459704 4.99
      vertex -0.5974325766888171 -6.06583474622982 5.08801714032956
      vertex -1.1891115510742623 -5.978067461258679 5.08801714032956
    endloop
  endfacet
  facet normal -0.1423432630935369 -0.9596003333765247 0.24270474992374338
    outer loop
      vertex -1.1863023584647863 -5.963944696312119 5.185090322016128
      vertex -0.5960211841432113 -6.051504637230407 5.185090322016128
      vertex -0.5936839708552384 -6.027774512485461 5.280284677254462
    endloop
  endfacet
  facet normal -0.14514610057357924 -0.978495528848343 0.14655752970109054
    outer loop
      vertex -1.1863023584647863 -5.963944696312119 5.185090322016128
      vertex -0.5974325766888171 -6.06583474622982 5.08801714032956
      vertex -0.5960211841432113 -6.051504637230407 5.185090322016128
    endloop
  endfacet
  facet normal -0.14655415593974705 -0.987987867083564 0.049008712209750734
    outer loop
      vertex -1.1900509642983934 -5.982790210459704 4.99
      vertex -0.5979045560103202 -6.070626832700402 4.99
      vertex -0.5974325766888171 -6.06583474622982 5.08801714032956
    endloop
  endfacet
  facet normal -0.047600560838507375 -0.9689316750794733 0.24270474992374097
    outer loop
      vertex -0.5960211841432113 -6.051504637230407 5.185090322016128
      vertex 0 -6.08078528040323 5.185090322016128
      vertex -0.5936839708552384 -6.027774512485461 5.280284677254462
    endloop
  endfacet
  facet normal -0.04853784886387407 -0.9880106111351131 0.14655752970109792
    outer loop
      vertex -0.5974325766888171 -6.06583474622982 5.08801714032956
      vertex 0 -6.08078528040323 5.185090322016128
      vertex -0.5960211841432113 -6.051504637230407 5.185090322016128
    endloop
  endfacet
  facet normal -0.04900871220973864 -0.9975952547276303 0.04900871220974413
    outer loop
      vertex -0.5979045560103202 -6.070626832700402 4.99
      vertex 0 -6.095184726672198 5.08801714032956
      vertex -0.5974325766888171 -6.06583474622982 5.08801714032956
    endloop
  endfacet
  facet normal -0.0485378488638751 -0.9880106111351119 0.14655752970110447
    outer loop
      vertex -0.5974325766888171 -6.06583474622982 5.08801714032956
      vertex 0 -6.095184726672198 5.08801714032956
      vertex 0 -6.08078528040323 5.185090322016128
    endloop
  endfacet
  facet normal -0.04900871220973576 -0.9975952547276312 0.04900871220972632
    outer loop
      vertex -0.5979045560103202 -6.070626832700402 4.99
      vertex 0 -6.1 4.99
      vertex 0 -6.095184726672198 5.08801714032956
    endloop
  endfacet
  facet normal 0 0 1
    outer loop
      vertex -4.880395712234275 -1.4804518539977565 5.99
      vertex 0 -5.100000000000001 5.99
      vertex -3.6062445840513817 3.6062445840513924 5.99
    endloop
  endfacet
  facet normal -0.427555093430296 -0.9039892931234368 0
    outer loop
      vertex -2.875520094638574 -5.379719712524967 4.99
      vertex -2.875520094638574 -5.379719712524967 1.5
      vertex -2.334368937427058 -5.63566514831885 4.99
    endloop
  endfacet
  facet normal -0.3368898533922159 -0.9415440651830222 0
    outer loop
      vertex -2.334368937427058 -5.63566514831885 4.99
      vertex -2.334368937427058 -5.63566514831885 1.5
      vertex -1.7707365312522256 -5.837336047966474 4.99
    endloop
  endfacet
  facet normal -0.514102744193211 -0.8577286100002784 0
    outer loop
      vertex -3.38897842141958 -5.071964635045525 4.99
      vertex -3.38897842141958 -5.071964635045525 1.5
      vertex -2.875520094638574 -5.379719712524967 4.99
    endloop
  endfacet
  facet normal -0.24298017990326418 -0.970031253194544 0
    outer loop
      vertex -1.7707365312522256 -5.837336047966474 4.99
      vertex -1.7707365312522256 -5.837336047966474 1.5
      vertex -1.1900509642983934 -5.982790210459704 4.99
    endloop
  endfacet
  facet normal -0.14673047445536275 -0.9891765099647807 0
    outer loop
      vertex -1.1900509642983934 -5.982790210459704 4.99
      vertex -1.1900509642983934 -5.982790210459704 1.5
      vertex -0.5979045560103202 -6.070626832700402 4.99
    endloop
  endfacet
  facet normal -0.049067674327416023 -0.9987954562051725 0
    outer loop
      vertex -0.5979045560103202 -6.070626832700402 4.99
      vertex -0.5979045560103202 -6.070626832700402 1.5
      vertex 0 -6.1 4.99
    endloop
  endfacet
  facet normal -0.5954443807603249 0.029252306639677032 0.8028638066180412
    outer loop
      vertex -5.7343932841636445 0 5.763010453362737
      vertex -5.655570233019603 0 5.821469612302545
      vertex -5.706780613131286 0.5620688312387578 5.763010453362737
    endloop
  endfacet
  facet normal -0.6711937757435584 0.03297363578715519 0.7405482123036161
    outer loop
      vertex -5.8071067811865476 0 5.697106781186548
      vertex -5.7343932841636445 0 5.763010453362737
      vertex -5.7791439747913955 0.5691960002803036 5.697106781186548
    endloop
  endfacet
  facet normal -0.6711937757436014 0.032973635787147355 0.7405482123035777
    outer loop
      vertex -5.7791439747913955 0.5691960002803036 5.697106781186548
      vertex -5.7343932841636445 0 5.763010453362737
      vertex -5.706780613131286 0.5620688312387578 5.763010453362737
    endloop
  endfacet
  facet normal -0.7404607312925845 0.036376503106390165 0.6711144875767485
    outer loop
      vertex -5.873010453362724 0 5.624393284163646
      vertex -5.8071067811865476 0 5.697106781186548
      vertex -5.844730302772746 0.5756556897642326 5.624393284163646
    endloop
  endfacet
  facet normal -0.7404607312925433 0.036376503106398526 0.6711144875767935
    outer loop
      vertex -5.8071067811865476 0 5.697106781186548
      vertex -5.7791439747913955 0.5691960002803036 5.697106781186548
      vertex -5.844730302772746 0.5756556897642326 5.624393284163646
    endloop
  endfacet
  facet normal -0.6647298127713472 0.0986033532236375 0.7405482123035773
    outer loop
      vertex -5.7791439747913955 0.5691960002803036 5.697106781186548
      vertex -5.706780613131286 0.5620688312387578 5.763010453362737
      vertex -5.624208525150834 1.118724632374608 5.763010453362737
    endloop
  endfacet
  facet normal -0.7333296896731835 0.10877918370887348 0.6711144875767946
    outer loop
      vertex -5.7791439747913955 0.5691960002803036 5.697106781186548
      vertex -5.69552485271754 1.1329103319237248 5.697106781186548
      vertex -5.844730302772746 0.5756556897642326 5.624393284163646
    endloop
  endfacet
  facet normal -0.42746080890572336 0.02099980294144352 0.9037899452450692
    outer loop
      vertex -5.571396736825989 0 5.871921264348355
      vertex -5.482683432365093 0 5.913879532511287
      vertex -5.456282813068441 0.5373969513726848 5.913879532511287
    endloop
  endfacet
  facet normal -0.5139388551599603 0.025248196928131964 0.857455177667467
    outer loop
      vertex -5.655570233019603 0 5.821469612302545
      vertex -5.571396736825989 0 5.871921264348355
      vertex -5.544568938720545 0.546092375785129 5.871921264348355
    endloop
  endfacet
  facet normal -0.5139388551599696 0.02524819692813437 0.8574551776674615
    outer loop
      vertex -5.655570233019603 0 5.821469612302545
      vertex -5.544568938720545 0.546092375785129 5.871921264348355
      vertex -5.628337116523028 0.5543428211735666 5.821469612302545
    endloop
  endfacet
  facet normal -0.42746080890572374 0.02099980294144362 0.9037899452450691
    outer loop
      vertex -5.571396736825989 0 5.871921264348355
      vertex -5.456282813068441 0.5373969513726848 5.913879532511287
      vertex -5.544568938720545 0.546092375785129 5.871921264348355
    endloop
  endfacet
  facet normal -0.3368437235020086 0.01654807100026828 0.9414151407766248
    outer loop
      vertex -5.482683432365093 0 5.913879532511287
      vertex -5.390284677254471 0 5.946940335732209
      vertex -5.364328983218826 0.5283402896267297 5.946940335732209
    endloop
  endfacet
  facet normal -0.24296287082362988 0.01193600045450888 0.969962151475144
    outer loop
      vertex -5.390284677254471 0 5.946940335732209
      vertex -5.2950903220161365 0 5.970785280403231
      vertex -5.364328983218826 0.5283402896267297 5.946940335732209
    endloop
  endfacet
  facet normal -0.14672666246426644 0.007208218704063408 0.9891508116082257
    outer loop
      vertex -5.2950903220161365 0 5.970785280403231
      vertex -5.1980171403295685 0 5.985184726672197
      vertex -5.269593014820202 0.5190096111507536 5.970785280403231
    endloop
  endfacet
  facet normal -0.3368437235020115 0.016548071000269 0.9414151407766238
    outer loop
      vertex -5.482683432365093 0 5.913879532511287
      vertex -5.364328983218826 0.5283402896267297 5.946940335732209
      vertex -5.456282813068441 0.5373969513726848 5.913879532511287
    endloop
  endfacet
  facet normal -0.24296287082356666 0.011936000454517875 0.9699621514751596
    outer loop
      vertex -5.364328983218826 0.5283402896267297 5.946940335732209
      vertex -5.2950903220161365 0 5.970785280403231
      vertex -5.269593014820202 0.5190096111507536 5.970785280403231
    endloop
  endfacet
  facet normal -0.5089893430372243 0.07550143684591054 0.8574551776674614
    outer loop
      vertex -5.628337116523028 0.5543428211735666 5.821469612302545
      vertex -5.544568938720545 0.546092375785129 5.871921264348355
      vertex -5.464343910765535 1.0869255834669893 5.871921264348355
    endloop
  endfacet
  facet normal -0.42334412764211404 0.0627971692423442 0.9037899452450695
    outer loop
      vertex -5.544568938720545 0.546092375785129 5.871921264348355
      vertex -5.456282813068441 0.5373969513726848 5.913879532511287
      vertex -5.464343910765535 1.0869255834669893 5.871921264348355
    endloop
  endfacet
  facet normal -0.33359973430717615 0.04948484603099191 0.9414151407766238
    outer loop
      vertex -5.456282813068441 0.5373969513726848 5.913879532511287
      vertex -5.364328983218826 0.5283402896267297 5.946940335732209
      vertex -5.2867118686342565 1.0515923734441763 5.946940335732209
    endloop
  endfacet
  facet normal -0.24062300556052177 0.035693051154270024 0.9699621514751593
    outer loop
      vertex -5.364328983218826 0.5283402896267297 5.946940335732209
      vertex -5.269593014820202 0.5190096111507536 5.970785280403231
      vertex -5.2867118686342565 1.0515923734441763 5.946940335732209
    endloop
  endfacet
  facet normal -0.5954443807602915 0.02925230663968262 0.8028638066180658
    outer loop
      vertex -5.655570233019603 0 5.821469612302545
      vertex -5.628337116523028 0.5543428211735666 5.821469612302545
      vertex -5.706780613131286 0.5620688312387578 5.763010453362737
    endloop
  endfacet
  facet normal -0.5897099258705586 0.08747520421519174 0.8028638066180658
    outer loop
      vertex -5.706780613131286 0.5620688312387578 5.763010453362737
      vertex -5.628337116523028 0.5543428211735666 5.821469612302545
      vertex -5.624208525150834 1.118724632374608 5.763010453362737
    endloop
  endfacet
  facet normal -0.6647298127713146 0.0986033532236246 0.7405482123036082
    outer loop
      vertex -5.7791439747913955 0.5691960002803036 5.697106781186548
      vertex -5.624208525150834 1.118724632374608 5.763010453362737
      vertex -5.69552485271754 1.1329103319237248 5.697106781186548
    endloop
  endfacet
  facet normal -0.7333296896731011 0.10877918370883899 0.6711144875768901
    outer loop
      vertex -5.844730302772746 0.5756556897642326 5.624393284163646
      vertex -5.69552485271754 1.1329103319237248 5.697106781186548
      vertex -5.760162204312479 1.1457675005506225 5.624393284163646
    endloop
  endfacet
  facet normal -0.7191362822634081 0.18013426130743046 0.671114487576889
    outer loop
      vertex -5.760162204312479 1.1457675005506225 5.624393284163646
      vertex -5.69552485271754 1.1329103319237248 5.697106781186548
      vertex -5.620120594999719 1.704844943966485 5.624393284163646
    endloop
  endfacet
  facet normal -0.5089893430373239 0.07550143684594712 0.857455177667399
    outer loop
      vertex -5.628337116523028 0.5543428211735666 5.821469612302545
      vertex -5.464343910765535 1.0869255834669893 5.871921264348355
      vertex -5.546900036832284 1.1033470179446248 5.821469612302545
    endloop
  endfacet
  facet normal -0.49913798529925013 0.12502755665361379 0.8574551776674002
    outer loop
      vertex -5.546900036832284 1.1033470179446248 5.821469612302545
      vertex -5.464343910765535 1.0869255834669893 5.871921264348355
      vertex -5.412043277542864 1.641725379782038 5.821469612302545
    endloop
  endfacet
  facet normal -0.42334412764201323 0.06279716924234928 0.9037899452451165
    outer loop
      vertex -5.456282813068441 0.5373969513726848 5.913879532511287
      vertex -5.377335207574333 1.0696184763325967 5.913879532511287
      vertex -5.464343910765535 1.0869255834669893 5.871921264348355
    endloop
  endfacet
  facet normal -0.33359973430718637 0.04948484603099551 0.9414151407766199
    outer loop
      vertex -5.456282813068441 0.5373969513726848 5.913879532511287
      vertex -5.2867118686342565 1.0515923734441763 5.946940335732209
      vertex -5.377335207574333 1.0696184763325967 5.913879532511287
    endloop
  endfacet
  facet normal -0.41515041100577627 0.10398976447499832 0.9037899452451157
    outer loop
      vertex -5.464343910765535 1.0869255834669893 5.871921264348355
      vertex -5.377335207574333 1.0696184763325967 5.913879532511287
      vertex -5.246600924480873 1.591538990652488 5.913879532511287
    endloop
  endfacet
  facet normal -0.3271429973068118 0.08194505494324811 0.9414151407766201
    outer loop
      vertex -5.377335207574333 1.0696184763325967 5.913879532511287
      vertex -5.2867118686342565 1.0515923734441763 5.946940335732209
      vertex -5.246600924480873 1.591538990652488 5.913879532511287
    endloop
  endfacet
  facet normal -0.499137985299147 0.12502755665360962 0.857455177667461
    outer loop
      vertex -5.464343910765535 1.0869255834669893 5.871921264348355
      vertex -5.331494263835594 1.6172911036060995 5.871921264348355
      vertex -5.412043277542864 1.641725379782038 5.821469612302545
    endloop
  endfacet
  facet normal -0.41515041100587063 0.10398976447504307 0.9037899452450674
    outer loop
      vertex -5.464343910765535 1.0869255834669893 5.871921264348355
      vertex -5.246600924480873 1.591538990652488 5.913879532511287
      vertex -5.331494263835594 1.6172911036060995 5.871921264348355
    endloop
  endfacet
  facet normal -0.5897099258705772 0.08747520421519048 0.8028638066180521
    outer loop
      vertex -5.628337116523028 0.5543428211735666 5.821469612302545
      vertex -5.546900036832284 1.1033470179446248 5.821469612302545
      vertex -5.624208525150834 1.118724632374608 5.763010453362737
    endloop
  endfacet
  facet normal -0.651864138323801 0.16328346646644415 0.7405482123036083
    outer loop
      vertex -5.69552485271754 1.1329103319237248 5.697106781186548
      vertex -5.624208525150834 1.118724632374608 5.763010453362737
      vertex -5.55705471282144 1.6857141177589376 5.697106781186548
    endloop
  endfacet
  facet normal -0.578296242026482 0.1448556677552547 0.8028638066180515
    outer loop
      vertex -5.624208525150834 1.118724632374608 5.763010453362737
      vertex -5.546900036832284 1.1033470179446248 5.821469612302545
      vertex -5.487472234568088 1.6646065037435989 5.763010453362737
    endloop
  endfacet
  facet normal -0.5782962420264586 0.14485566775525396 0.8028638066180683
    outer loop
      vertex -5.546900036832284 1.1033470179446248 5.821469612302545
      vertex -5.412043277542864 1.641725379782038 5.821469612302545
      vertex -5.487472234568088 1.6646065037435989 5.763010453362737
    endloop
  endfacet
  facet normal -0.6518641383238293 0.1632834664664446 0.7405482123035835
    outer loop
      vertex -5.624208525150834 1.118724632374608 5.763010453362737
      vertex -5.487472234568088 1.6646065037435989 5.763010453362737
      vertex -5.55705471282144 1.6857141177589376 5.697106781186548
    endloop
  endfacet
  facet normal -0.7191362822634203 0.18013426130743035 0.6711144875768758
    outer loop
      vertex -5.69552485271754 1.1329103319237248 5.697106781186548
      vertex -5.55705471282144 1.6857141177589376 5.697106781186548
      vertex -5.620120594999719 1.704844943966485 5.624393284163646
    endloop
  endfacet
  facet normal -0.8569681442552842 0.04210014528004908 0.5136469385668071
    outer loop
      vertex -5.981921264348358 0 5.461396736825998
      vertex -5.93146961230255 0 5.545570233019602
      vertex -5.953116678435123 0.5863308160080152 5.461396736825998
    endloop
  endfacet
  facet normal -0.9030991581391321 0.04436641666883412 0.4271340909367435
    outer loop
      vertex -6.023879532511273 0 5.37268343236509
      vertex -5.981921264348358 0 5.461396736825998
      vertex -5.953116678435123 0.5863308160080152 5.461396736825998
    endloop
  endfacet
  facet normal -0.8569681442552753 0.042100145280051474 0.5136469385668215
    outer loop
      vertex -5.93146961230255 0 5.545570233019602
      vertex -5.902907964883752 0.5813856893495846 5.545570233019602
      vertex -5.953116678435123 0.5863308160080152 5.461396736825998
    endloop
  endfacet
  facet normal -0.8025829568186841 0.039428372347169525 0.5952360883533788
    outer loop
      vertex -5.93146961230255 0 5.545570233019602
      vertex -5.873010453362724 0 5.624393284163646
      vertex -5.902907964883752 0.5813856893495846 5.545570233019602
    endloop
  endfacet
  facet normal -0.8025829568187359 0.039428372347157487 0.5952360883533095
    outer loop
      vertex -5.873010453362724 0 5.624393284163646
      vertex -5.844730302772746 0.5756556897642326 5.624393284163646
      vertex -5.902907964883752 0.5813856893495846 5.545570233019602
    endloop
  endfacet
  facet normal -0.8944018195620063 0.1326719771608145 0.42713409093680726
    outer loop
      vertex -5.99487290606848 0.5904434454665264 5.37268343236509
      vertex -5.953116678435123 0.5863308160080152 5.461396736825998
      vertex -5.866980324603958 1.1670149457368453 5.461396736825998
    endloop
  endfacet
  facet normal -0.7948536442080992 0.11790540026205237 0.5952360883533101
    outer loop
      vertex -5.902907964883752 0.5813856893495846 5.545570233019602
      vertex -5.844730302772746 0.5756556897642326 5.624393284163646
      vertex -5.8174980869054025 1.1571723166929822 5.545570233019602
    endloop
  endfacet
  facet normal -0.8487150725596591 0.12589498842680624 0.5136469385668203
    outer loop
      vertex -5.953116678435123 0.5863308160080152 5.461396736825998
      vertex -5.902907964883752 0.5813856893495846 5.545570233019602
      vertex -5.8174980869054025 1.1571723166929822 5.545570233019602
    endloop
  endfacet
  facet normal -0.9030991581391029 0.044366416668821095 0.4271340909368063
    outer loop
      vertex -6.023879532511273 0 5.37268343236509
      vertex -5.953116678435123 0.5863308160080152 5.461396736825998
      vertex -5.99487290606848 0.5904434454665264 5.37268343236509
    endloop
  endfacet
  facet normal -0.9405384459311444 0.046205690935656116 0.3365300370703726
    outer loop
      vertex -6.023879532511273 0 5.37268343236509
      vertex -5.99487290606848 0.5904434454665264 5.37268343236509
      vertex -6.0277745124854505 0.5936839708552384 5.280284677254462
    endloop
  endfacet
  facet normal -0.9405384459310853 0.046205690935681734 0.3365300370705347
    outer loop
      vertex -6.056940335732207 0 5.280284677254462
      vertex -6.023879532511273 0 5.37268343236509
      vertex -6.0277745124854505 0.5936839708552384 5.280284677254462
    endloop
  endfacet
  facet normal -0.9689316750794645 0.047600560838524736 0.24270474992377247
    outer loop
      vertex -6.080785280403234 0 5.185090322016128
      vertex -6.056940335732207 0 5.280284677254462
      vertex -6.0277745124854505 0.5936839708552384 5.280284677254462
    endloop
  endfacet
  facet normal -0.931480546546212 0.13817208674469622 0.3365300370703722
    outer loop
      vertex -6.0277745124854505 0.5936839708552384 5.280284677254462
      vertex -5.99487290606848 0.5904434454665264 5.37268343236509
      vertex -5.940557925566736 1.181650440530472 5.280284677254462
    endloop
  endfacet
  facet normal -0.9596003333764952 0.1423432630935342 0.24270474992386135
    outer loop
      vertex -6.051504637230408 0.5960211841432113 5.185090322016128
      vertex -6.0277745124854505 0.5936839708552384 5.280284677254462
      vertex -5.940557925566736 1.181650440530472 5.280284677254462
    endloop
  endfacet
  facet normal -0.7948536442081026 0.11790540026205196 0.5952360883533059
    outer loop
      vertex -5.844730302772746 0.5756556897642326 5.624393284163646
      vertex -5.760162204312479 1.1457675005506225 5.624393284163646
      vertex -5.8174980869054025 1.1571723166929822 5.545570233019602
    endloop
  endfacet
  facet normal -0.8487150725596619 0.12589498842680766 0.5136469385668154
    outer loop
      vertex -5.953116678435123 0.5863308160080152 5.461396736825998
      vertex -5.8174980869054025 1.1571723166929822 5.545570233019602
      vertex -5.866980324603958 1.1670149457368453 5.461396736825998
    endloop
  endfacet
  facet normal -0.7794694564925408 0.1952469347187777 0.5952360883533058
    outer loop
      vertex -5.8174980869054025 1.1571723166929822 5.545570233019602
      vertex -5.760162204312479 1.1457675005506225 5.624393284163646
      vertex -5.620120594999719 1.704844943966485 5.624393284163646
    endloop
  endfacet
  facet normal -0.779469456492668 0.1952469347188509 0.5952360883531151
    outer loop
      vertex -5.8174980869054025 1.1571723166929822 5.545570233019602
      vertex -5.620120594999719 1.704844943966485 5.624393284163646
      vertex -5.676062522182178 1.7218147420518939 5.545570233019602
    endloop
  endfacet
  facet normal -0.8322884107604372 0.2084773940138435 0.5136469385668158
    outer loop
      vertex -5.866980324603958 1.1670149457368453 5.461396736825998
      vertex -5.8174980869054025 1.1571723166929822 5.545570233019602
      vertex -5.724341743029157 1.736460083582969 5.461396736825998
    endloop
  endfacet
  facet normal -0.8322884107603536 0.2084773940138494 0.513646938566949
    outer loop
      vertex -5.8174980869054025 1.1571723166929822 5.545570233019602
      vertex -5.676062522182178 1.7218147420518939 5.545570233019602
      vertex -5.724341743029157 1.736460083582969 5.461396736825998
    endloop
  endfacet
  facet normal -0.8770909025327159 0.21969983398687798 0.427134090936891
    outer loop
      vertex -5.866980324603958 1.1670149457368453 5.461396736825998
      vertex -5.724341743029157 1.736460083582969 5.461396736825998
      vertex -5.764493302251736 1.7486399259148016 5.37268343236509
    endloop
  endfacet
  facet normal -0.894401819562036 0.1326719771608315 0.42713409093673965
    outer loop
      vertex -5.99487290606848 0.5904434454665264 5.37268343236509
      vertex -5.866980324603958 1.1670149457368453 5.461396736825998
      vertex -5.908132376409355 1.1752005977839914 5.37268343236509
    endloop
  endfacet
  facet normal -0.9314805465462166 0.1381720867446948 0.3365300370703605
    outer loop
      vertex -5.99487290606848 0.5904434454665264 5.37268343236509
      vertex -5.908132376409355 1.1752005977839914 5.37268343236509
      vertex -5.940557925566736 1.181650440530472 5.280284677254462
    endloop
  endfacet
  facet normal -0.8770909025327901 0.21969983398686854 0.4271340909367433
    outer loop
      vertex -5.908132376409355 1.1752005977839914 5.37268343236509
      vertex -5.866980324603958 1.1670149457368453 5.461396736825998
      vertex -5.764493302251736 1.7486399259148016 5.37268343236509
    endloop
  endfacet
  facet normal -0.913451980298987 0.2288078098258021 0.33653003707036105
    outer loop
      vertex -5.940557925566736 1.181650440530472 5.280284677254462
      vertex -5.908132376409355 1.1752005977839914 5.37268343236509
      vertex -5.764493302251736 1.7486399259148016 5.37268343236509
    endloop
  endfacet
  facet normal -0.9134519802990135 0.22880780982582458 0.33653003707027374
    outer loop
      vertex -5.940557925566736 1.181650440530472 5.280284677254462
      vertex -5.764493302251736 1.7486399259148016 5.37268343236509
      vertex -5.7961305183855245 1.7582369705075607 5.280284677254462
    endloop
  endfacet
  facet normal -0.9410275158922394 0.23571512191221877 0.24270474992382987
    outer loop
      vertex -5.940557925566736 1.181650440530472 5.280284677254462
      vertex -5.7961305183855245 1.7582369705075607 5.280284677254462
      vertex -5.818948707744539 1.7651587925755372 5.185090322016128
    endloop
  endfacet
  facet normal -0.4844796559060758 0.17334959274366626 0.8574551776674599
    outer loop
      vertex -5.412043277542864 1.641725379782038 5.821469612302545
      vertex -5.331494263835594 1.6172911036060995 5.871921264348355
      vertex -5.147299412653723 2.1320812263162345 5.871921264348355
    endloop
  endfacet
  facet normal -0.48447965590617637 0.1733495927437277 0.8574551776673908
    outer loop
      vertex -5.412043277542864 1.641725379782038 5.821469612302545
      vertex -5.147299412653723 2.1320812263162345 5.871921264348355
      vertex -5.2250655829668915 2.1642930287537716 5.821469612302545
    endloop
  endfacet
  facet normal -0.6327206558790645 0.22639107066739508 0.7405482123035858
    outer loop
      vertex -5.55705471282144 1.6857141177589376 5.697106781186548
      vertex -5.487472234568088 1.6646065037435989 5.763010453362737
      vertex -5.36506709824576 2.222283555135057 5.697106781186548
    endloop
  endfacet
  facet normal -0.6980171993356523 0.2497545474982234 0.6711144875768738
    outer loop
      vertex -5.620120594999719 1.704844943966485 5.624393284163646
      vertex -5.55705471282144 1.6857141177589376 5.697106781186548
      vertex -5.36506709824576 2.222283555135057 5.697106781186548
    endloop
  endfacet
  facet normal -0.6980171993357536 0.2497545474982916 0.6711144875767431
    outer loop
      vertex -5.620120594999719 1.704844943966485 5.624393284163646
      vertex -5.36506709824576 2.222283555135057 5.697106781186548
      vertex -5.4259541520866605 2.2475037986089035 5.624393284163646
    endloop
  endfacet
  facet normal -0.5613132492427564 0.20084109202871042 0.8028638066180679
    outer loop
      vertex -5.487472234568088 1.6646065037435989 5.763010453362737
      vertex -5.412043277542864 1.641725379782038 5.821469612302545
      vertex -5.2250655829668915 2.1642930287537716 5.821469612302545
    endloop
  endfacet
  facet normal -0.6327206558789461 0.2263910706673815 0.7405482123036913
    outer loop
      vertex -5.36506709824576 2.222283555135057 5.697106781186548
      vertex -5.487472234568088 1.6646065037435989 5.763010453362737
      vertex -5.297888586608963 2.194457304515062 5.763010453362737
    endloop
  endfacet
  facet normal -0.5613132492427858 0.2008410920287288 0.8028638066180428
    outer loop
      vertex -5.487472234568088 1.6646065037435989 5.763010453362737
      vertex -5.2250655829668915 2.1642930287537716 5.821469612302545
      vertex -5.297888586608963 2.194457304515062 5.763010453362737
    endloop
  endfacet
  facet normal -0.6074837276377868 0.28731840509983003 0.7405482123036888
    outer loop
      vertex -5.36506709824576 2.222283555135057 5.697106781186548
      vertex -5.297888586608963 2.194457304515062 5.763010453362737
      vertex -5.121410954669955 2.7374511870514624 5.697106781186548
    endloop
  endfacet
  facet normal -0.6701758292033703 0.3169695608669348 0.6711144875767454
    outer loop
      vertex -5.4259541520866605 2.2475037986089035 5.624393284163646
      vertex -5.36506709824576 2.222283555135057 5.697106781186548
      vertex -5.179532804560779 2.768517963060166 5.624393284163646
    endloop
  endfacet
  facet normal -0.8866263721378586 0.3172399886192411 0.3365300370702791
    outer loop
      vertex -5.7961305183855245 1.7582369705075607 5.280284677254462
      vertex -5.764493302251736 1.7486399259148016 5.37268343236509
      vertex -5.595883205825032 2.317890717308561 5.280284677254462
    endloop
  endfacet
  facet normal -0.9133920890119732 0.3268169152518833 0.24270474992382585
    outer loop
      vertex -5.818948707744539 1.7651587925755372 5.185090322016128
      vertex -5.7961305183855245 1.7582369705075607 5.280284677254462
      vertex -5.595883205825032 2.317890717308561 5.280284677254462
    endloop
  endfacet
  facet normal -0.7565785518097371 0.27070813446137787 0.5952360883531184
    outer loop
      vertex -5.676062522182178 1.7218147420518939 5.545570233019602
      vertex -5.620120594999719 1.704844943966485 5.624393284163646
      vertex -5.4799633725189665 2.2698751502051664 5.545570233019602
    endloop
  endfacet
  facet normal -0.7565785518096579 0.2707081344613726 0.5952360883532215
    outer loop
      vertex -5.620120594999719 1.704844943966485 5.624393284163646
      vertex -5.4259541520866605 2.2475037986089035 5.624393284163646
      vertex -5.4799633725189665 2.2698751502051664 5.545570233019602
    endloop
  endfacet
  facet normal -0.8078463565903972 0.28905204833113396 0.5136469385669467
    outer loop
      vertex -5.724341743029157 1.736460083582969 5.461396736825998
      vertex -5.676062522182178 1.7218147420518939 5.545570233019602
      vertex -5.4799633725189665 2.2698751502051664 5.545570233019602
    endloop
  endfacet
  facet normal -0.8513331206453589 0.30461186131147194 0.4271340909370211
    outer loop
      vertex -5.565339006400848 2.3052388956552328 5.37268343236509
      vertex -5.724341743029157 1.736460083582969 5.461396736825998
      vertex -5.526574621225478 2.2891821615785446 5.461396736825998
    endloop
  endfacet
  facet normal -0.8078463565904384 0.2890520483311658 0.513646938566864
    outer loop
      vertex -5.724341743029157 1.736460083582969 5.461396736825998
      vertex -5.4799633725189665 2.2698751502051664 5.545570233019602
      vertex -5.526574621225478 2.2891821615785446 5.461396736825998
    endloop
  endfacet
  facet normal -0.7264013820849007 0.3435622668849119 0.5952360883532237
    outer loop
      vertex -5.4799633725189665 2.2698751502051664 5.545570233019602
      vertex -5.4259541520866605 2.2475037986089035 5.624393284163646
      vertex -5.179532804560779 2.768517963060166 5.624393284163646
    endloop
  endfacet
  facet normal -0.7264013820849187 0.34356226688492764 0.5952360883531926
    outer loop
      vertex -5.4799633725189665 2.2698751502051664 5.545570233019602
      vertex -5.179532804560779 2.768517963060166 5.624393284163646
      vertex -5.2310891799257035 2.7960754198219853 5.545570233019602
    endloop
  endfacet
  facet normal -0.7756243003927669 0.3668429734111348 0.5136469385668606
    outer loop
      vertex -5.4799633725189665 2.2698751502051664 5.545570233019602
      vertex -5.2755835646864 2.819858163963861 5.461396736825998
      vertex -5.526574621225478 2.2891821615785446 5.461396736825998
    endloop
  endfacet
  facet normal -0.8173765354202289 0.3865903098938605 0.4271340909370173
    outer loop
      vertex -5.565339006400848 2.3052388956552328 5.37268343236509
      vertex -5.526574621225478 2.2891821615785446 5.461396736825998
      vertex -5.2755835646864 2.819858163963861 5.461396736825998
    endloop
  endfacet
  facet normal -0.8513331206454251 0.30461186131147006 0.42713409093689036
    outer loop
      vertex -5.764493302251736 1.7486399259148016 5.37268343236509
      vertex -5.724341743029157 1.736460083582969 5.461396736825998
      vertex -5.565339006400848 2.3052388956552328 5.37268343236509
    endloop
  endfacet
  facet normal -0.8866263721378298 0.31723998861924435 0.3365300370703516
    outer loop
      vertex -5.764493302251736 1.7486399259148016 5.37268343236509
      vertex -5.565339006400848 2.3052388956552328 5.37268343236509
      vertex -5.595883205825032 2.317890717308561 5.280284677254462
    endloop
  endfacet
  facet normal -0.8512620673336957 0.40261697290127874 0.3365300370703538
    outer loop
      vertex -5.595883205825032 2.317890717308561 5.280284677254462
      vertex -5.565339006400848 2.3052388956552328 5.37268343236509
      vertex -5.341744478971492 2.8552219094139275 5.280284677254462
    endloop
  endfacet
  facet normal -0.7756243003928238 0.366842973411142 0.5136469385667697
    outer loop
      vertex -5.4799633725189665 2.2698751502051664 5.545570233019602
      vertex -5.2310891799257035 2.7960754198219853 5.545570233019602
      vertex -5.2755835646864 2.819858163963861 5.461396736825998
    endloop
  endfacet
  facet normal -0.8173765354202859 0.38659030989392074 0.42713409093685384
    outer loop
      vertex -5.565339006400848 2.3052388956552328 5.37268343236509
      vertex -5.2755835646864 2.819858163963861 5.461396736825998
      vertex -5.312587453594517 2.8396371546587353 5.37268343236509
    endloop
  endfacet
  facet normal -0.8512620673336386 0.40261697290127957 0.3365300370704968
    outer loop
      vertex -5.565339006400848 2.3052388956552328 5.37268343236509
      vertex -5.312587453594517 2.8396371546587353 5.37268343236509
      vertex -5.341744478971492 2.8552219094139275 5.280284677254462
    endloop
  endfacet
  facet normal -0.8769601970035771 0.41477128304142075 0.24270474992389604
    outer loop
      vertex -5.595883205825032 2.317890717308561 5.280284677254462
      vertex -5.341744478971492 2.8552219094139275 5.280284677254462
      vertex -5.362773842724096 2.866462338521643 5.185090322016128
    endloop
  endfacet
  facet normal -0.9689316750794433 0.0476005608385088 0.2427047499238601
    outer loop
      vertex -6.080785280403234 0 5.185090322016128
      vertex -6.0277745124854505 0.5936839708552384 5.280284677254462
      vertex -6.051504637230408 0.5960211841432113 5.185090322016128
    endloop
  endfacet
  facet normal -0.9880106111351071 0.048537848863876715 0.1465575297011368
    outer loop
      vertex -6.065834746229825 0.5974325766888242 5.08801714032956
      vertex -6.080785280403234 0 5.185090322016128
      vertex -6.051504637230408 0.5960211841432113 5.185090322016128
    endloop
  endfacet
  facet normal -0.9880106111351342 0.048537848863849174 0.14655752970096309
    outer loop
      vertex -6.095184726672187 0 5.08801714032956
      vertex -6.080785280403234 0 5.185090322016128
      vertex -6.065834746229825 0.5974325766888242 5.08801714032956
    endloop
  endfacet
  facet normal -0.9975952547276291 0.04900871220971131 0.049008712209794636
    outer loop
      vertex -6.095184726672187 0 5.08801714032956
      vertex -6.065834746229825 0.5974325766888242 5.08801714032956
      vertex -6.0706268327004125 0.5979045560103202 4.99
    endloop
  endfacet
  facet normal -0.978495528848338 0.14514610057356614 0.14655752970113614
    outer loop
      vertex -6.065834746229825 0.5974325766888242 5.08801714032956
      vertex -6.051504637230408 0.5960211841432113 5.185090322016128
      vertex -5.963944696312126 1.1863023584648005 5.185090322016128
    endloop
  endfacet
  facet normal -0.9975952547276298 0.04900871220970902 0.0490087122097805
    outer loop
      vertex -6.099999999999994 0 4.99
      vertex -6.095184726672187 0 5.08801714032956
      vertex -6.0706268327004125 0.5979045560103202 4.99
    endloop
  endfacet
  facet normal -0.9879878670835607 0.14655415593975513 0.049008712209793664
    outer loop
      vertex -6.0706268327004125 0.5979045560103202 4.99
      vertex -6.065834746229825 0.5974325766888242 5.08801714032956
      vertex -5.9827902104597115 1.1900509642983828 4.99
    endloop
  endfacet
  facet normal -0.9596003333764774 0.1423432630935178 0.24270474992394145
    outer loop
      vertex -6.051504637230408 0.5960211841432113 5.185090322016128
      vertex -5.940557925566736 1.181650440530472 5.280284677254462
      vertex -5.963944696312126 1.1863023584648005 5.185090322016128
    endloop
  endfacet
  facet normal -0.978495528848339 0.14514610057356747 0.14655752970112929
    outer loop
      vertex -6.065834746229825 0.5974325766888242 5.08801714032956
      vertex -5.963944696312126 1.1863023584648005 5.185090322016128
      vertex -5.978067461258689 1.1891115510742658 5.08801714032956
    endloop
  endfacet
  facet normal -0.9879878670835686 0.14655415593973817 0.04900871220968442
    outer loop
      vertex -6.065834746229825 0.5974325766888242 5.08801714032956
      vertex -5.978067461258689 1.1891115510742658 5.08801714032956
      vertex -5.9827902104597115 1.1900509642983828 4.99
    endloop
  endfacet
  facet normal -0.9410275158922085 0.23571512191223015 0.24270474992393934
    outer loop
      vertex -5.963944696312126 1.1863023584648005 5.185090322016128
      vertex -5.940557925566736 1.181650440530472 5.280284677254462
      vertex -5.818948707744539 1.7651587925755372 5.185090322016128
    endloop
  endfacet
  facet normal -0.9595569997186876 0.24035651598983918 0.1465575297011273
    outer loop
      vertex -5.978067461258689 1.1891115510742658 5.08801714032956
      vertex -5.963944696312126 1.1863023584648005 5.185090322016128
      vertex -5.818948707744539 1.7651587925755372 5.185090322016128
    endloop
  endfacet
  facet normal -0.96886561619038 0.24268820303340582 0.049008712209685695
    outer loop
      vertex -5.9827902104597115 1.1900509642983828 4.99
      vertex -5.978067461258689 1.1891115510742658 5.08801714032956
      vertex -5.832728118691534 1.7693387311883662 5.08801714032956
    endloop
  endfacet
  facet normal -0.9595569997186789 0.24035651598982272 0.14655752970121094
    outer loop
      vertex -5.978067461258689 1.1891115510742658 5.08801714032956
      vertex -5.818948707744539 1.7651587925755372 5.185090322016128
      vertex -5.832728118691534 1.7693387311883662 5.08801714032956
    endloop
  endfacet
  facet normal -0.9688656161903814 0.2426882030334391 0.049008712209491254
    outer loop
      vertex -5.9827902104597115 1.1900509642983828 4.99
      vertex -5.832728118691534 1.7693387311883662 5.08801714032956
      vertex -5.83733604796646 1.7707365312522185 4.99
    endloop
  endfacet
  facet normal -0.9313774121345716 0.3332521667648546 0.1465575297009261
    outer loop
      vertex -5.818948707744539 1.7651587925755372 5.185090322016128
      vertex -5.617913062160454 2.3270157825798243 5.185090322016128
      vertex -5.631216415847831 2.332526212102188 5.08801714032956
    endloop
  endfacet
  facet normal -0.931377412134517 0.33325216676488445 0.14655752970120617
    outer loop
      vertex -5.832728118691534 1.7693387311883662 5.08801714032956
      vertex -5.818948707744539 1.7651587925755372 5.185090322016128
      vertex -5.631216415847831 2.332526212102188 5.08801714032956
    endloop
  endfacet
  facet normal -0.9404126597774555 0.3364850300650218 0.04900871220949742
    outer loop
      vertex -5.83733604796646 1.7707365312522185 4.99
      vertex -5.832728118691534 1.7693387311883662 5.08801714032956
      vertex -5.631216415847831 2.332526212102188 5.08801714032956
    endloop
  endfacet
  facet normal -0.9404126597774588 0.33648503006495745 0.04900871220987299
    outer loop
      vertex -5.83733604796646 1.7707365312522185 4.99
      vertex -5.631216415847831 2.332526212102188 5.08801714032956
      vertex -5.63566514831885 2.3343689374270475 4.99
    endloop
  endfacet
  facet normal -0.9133920890119885 0.3268169152519042 0.24270474992374033
    outer loop
      vertex -5.818948707744539 1.7651587925755372 5.185090322016128
      vertex -5.595883205825032 2.317890717308561 5.280284677254462
      vertex -5.617913062160454 2.3270157825798243 5.185090322016128
    endloop
  endfacet
  facet normal -0.8769601970036235 0.41477128304141353 0.24270474992374091
    outer loop
      vertex -5.617913062160454 2.3270157825798243 5.185090322016128
      vertex -5.595883205825032 2.317890717308561 5.280284677254462
      vertex -5.362773842724096 2.866462338521643 5.185090322016128
    endloop
  endfacet
  facet normal -0.894228150928881 0.4229384169997743 0.14655752970093172
    outer loop
      vertex -5.631216415847831 2.332526212102188 5.08801714032956
      vertex -5.617913062160454 2.3270157825798243 5.185090322016128
      vertex -5.362773842724096 2.866462338521643 5.185090322016128
    endloop
  endfacet
  facet normal -0.9029030153690248 0.4270413223155962 0.04900871220986748
    outer loop
      vertex -5.63566514831885 2.3343689374270475 4.99
      vertex -5.631216415847831 2.332526212102188 5.08801714032956
      vertex -5.379719712524974 2.875520094638585 4.99
    endloop
  endfacet
  facet normal -0.832082698902865 0.49873117663818445 0.2427047499238866
    outer loop
      vertex -5.341744478971492 2.8552219094139275 5.280284677254462
      vertex -5.055988179591907 3.3783032951757903 5.185090322016128
      vertex -5.362773842724096 2.866462338521643 5.185090322016128
    endloop
  endfacet
  facet normal -0.8942281509288859 0.42293841699979096 0.1465575297008537
    outer loop
      vertex -5.631216415847831 2.332526212102188 5.08801714032956
      vertex -5.362773842724096 2.866462338521643 5.185090322016128
      vertex -5.375473020583513 2.8732501905049332 5.08801714032956
    endloop
  endfacet
  facet normal -0.9029030153690168 0.42704132231560504 0.04900871220993737
    outer loop
      vertex -5.631216415847831 2.332526212102188 5.08801714032956
      vertex -5.375473020583513 2.8732501905049332 5.08801714032956
      vertex -5.379719712524974 2.875520094638585 4.99
    endloop
  endfacet
  facet normal -0.8484669837949342 0.5085515390773162 0.14655752970086428
    outer loop
      vertex -5.375473020583513 2.8732501905049332 5.08801714032956
      vertex -5.362773842724096 2.866462338521643 5.185090322016128
      vertex -5.0679608815985375 3.386303198894794 5.08801714032956
    endloop
  endfacet
  facet normal -0.8566979213456071 0.5134849731877655 0.04900871220992725
    outer loop
      vertex -5.379719712524974 2.875520094638585 4.99
      vertex -5.375473020583513 2.8732501905049332 5.08801714032956
      vertex -5.0679608815985375 3.386303198894794 5.08801714032956
    endloop
  endfacet
  facet normal 0 0 1
    outer loop
      vertex -5.075442106028191 -0.4998874156807602 5.99
      vertex -5.075442106028191 0.4998874156807602 5.99
      vertex -5.099999999999994 0 5.99
    endloop
  endfacet
  facet normal -0.04906753176915499 0.002410533261782529 0.998792554365258
    outer loop
      vertex -5.1980171403295685 0 5.985184726672197
      vertex -5.099999999999994 0 5.99
      vertex -5.075442106028191 0.4998874156807602 5.99
    endloop
  endfacet
  facet normal -0.14672666246427749 0.0072082187040618416 0.9891508116082242
    outer loop
      vertex -5.1980171403295685 0 5.985184726672197
      vertex -5.172987267036262 0.5094947754791441 5.985184726672197
      vertex -5.269593014820202 0.5190096111507536 5.970785280403231
    endloop
  endfacet
  facet normal -0.049067531769158186 0.0024105332617833175 0.9987925543652578
    outer loop
      vertex -5.1980171403295685 0 5.985184726672197
      vertex -5.075442106028191 0.4998874156807602 5.99
      vertex -5.172987267036262 0.5094947754791441 5.985184726672197
    endloop
  endfacet
  facet normal -0.14531360449579456 0.021555237025635627 0.9891508116082242
    outer loop
      vertex -5.269593014820202 0.5190096111507536 5.970785280403231
      vertex -5.172987267036262 0.5094947754791441 5.985184726672197
      vertex -5.098138698518937 1.0140828377522482 5.985184726672197
    endloop
  endfacet
  facet normal -0.24062300556054747 0.03569305115426892 0.969962151475153
    outer loop
      vertex -5.269593014820202 0.5190096111507536 5.970785280403231
      vertex -5.193346646239007 1.0330208760266117 5.970785280403231
      vertex -5.2867118686342565 1.0515923734441763 5.946940335732209
    endloop
  endfacet
  facet normal -0.14531360449581832 0.021555237025643954 0.9891508116082204
    outer loop
      vertex -5.269593014820202 0.5190096111507536 5.970785280403231
      vertex -5.098138698518937 1.0140828377522482 5.985184726672197
      vertex -5.193346646239007 1.0330208760266117 5.970785280403231
    endloop
  endfacet
  facet normal -0.04859498461518017 0.007208385032302611 0.9987925543652579
    outer loop
      vertex -5.172987267036262 0.5094947754791441 5.985184726672197
      vertex -5.075442106028191 0.4998874156807602 5.99
      vertex -5.002004930056472 0.9949606422822548 5.99
    endloop
  endfacet
  facet normal -0.048594984615176744 0.007208385032301404 0.9987925543652579
    outer loop
      vertex -5.172987267036262 0.5094947754791441 5.985184726672197
      vertex -5.002004930056472 0.9949606422822548 5.99
      vertex -5.098138698518937 1.0140828377522482 5.985184726672197
    endloop
  endfacet
  facet normal -0.2359658092160396 0.05910635825960075 0.9699621514751529
    outer loop
      vertex -5.2867118686342565 1.0515923734441763 5.946940335732209
      vertex -5.193346646239007 1.0330208760266117 5.970785280403231
      vertex -5.067085510482485 1.537083585159678 5.970785280403231
    endloop
  endfacet
  facet normal -0.14250109707954134 0.03569466663138567 0.9891508116082205
    outer loop
      vertex -5.193346646239007 1.0330208760266117 5.970785280403231
      vertex -5.098138698518937 1.0140828377522482 5.985184726672197
      vertex -4.974192267408739 1.5089047279437295 5.985184726672197
    endloop
  endfacet
  facet normal 0 0 1
    outer loop
      vertex -5.075442106028191 0.4998874156807602 5.99
      vertex -4.880395712234275 1.4804518539977565 5.99
      vertex -5.002004930056472 0.9949606422822548 5.99
    endloop
  endfacet
  facet normal -0.04765444119463362 0.011936816114457871 0.998792554365258
    outer loop
      vertex -5.098138698518937 1.0140828377522482 5.985184726672197
      vertex -5.002004930056472 0.9949606422822548 5.99
      vertex -4.880395712234275 1.4804518539977565 5.99
    endloop
  endfacet
  facet normal -0.23596580921607738 0.05910635825961834 0.9699621514751425
    outer loop
      vertex -5.2867118686342565 1.0515923734441763 5.946940335732209
      vertex -5.067085510482485 1.537083585159678 5.970785280403231
      vertex -5.158180828744065 1.5647170478464858 5.946940335732209
    endloop
  endfacet
  facet normal -0.32714299730676216 0.0819450549432455 0.9414151407766377
    outer loop
      vertex -5.2867118686342565 1.0515923734441763 5.946940335732209
      vertex -5.158180828744065 1.5647170478464858 5.946940335732209
      vertex -5.246600924480873 1.591538990652488 5.913879532511287
    endloop
  endfacet
  facet normal -0.14250109707949857 0.03569466663136576 0.9891508116082274
    outer loop
      vertex -5.193346646239007 1.0330208760266117 5.970785280403231
      vertex -4.974192267408739 1.5089047279437295 5.985184726672197
      vertex -5.067085510482485 1.537083585159678 5.970785280403231
    endloop
  endfacet
  facet normal -0.2290361331367824 0.08195043882409998 0.9699621514751425
    outer loop
      vertex -5.158180828744065 1.5647170478464858 5.946940335732209
      vertex -5.067085510482485 1.537083585159678 5.970785280403231
      vertex -4.979973687724595 2.0627726417166876 5.946940335732209
    endloop
  endfacet
  facet normal -0.31753569440776763 0.11361608818068537 0.9414151407766372
    outer loop
      vertex -5.246600924480873 1.591538990652488 5.913879532511287
      vertex -5.158180828744065 1.5647170478464858 5.946940335732209
      vertex -4.979973687724595 2.0627726417166876 5.946940335732209
    endloop
  endfacet
  facet normal -0.04765444119464735 0.01193681611446429 0.9987925543652573
    outer loop
      vertex -5.098138698518937 1.0140828377522482 5.985184726672197
      vertex -4.880395712234275 1.4804518539977565 5.99
      vertex -4.974192267408739 1.5089047279437295 5.985184726672197
    endloop
  endfacet
  facet normal -0.13831622619932613 0.0494903370847467 0.9891508116082273
    outer loop
      vertex -4.974192267408739 1.5089047279437295 5.985184726672197
      vertex -4.802341645593344 1.9891950407538843 5.985184726672197
      vertex -5.067085510482485 1.537083585159678 5.970785280403231
    endloop
  endfacet
  facet normal -0.046254959454832725 0.016550289132108462 0.9987925543652573
    outer loop
      vertex -4.974192267408739 1.5089047279437295 5.985184726672197
      vertex -4.880395712234275 1.4804518539977565 5.99
      vertex -4.802341645593344 1.9891950407538843 5.985184726672197
    endloop
  endfacet
  facet normal 0 0 1
    outer loop
      vertex -4.880395712234275 -1.4804518539977565 5.99
      vertex -3.6062445840513817 3.6062445840513924 5.99
      vertex -5.075442106028191 0.4998874156807602 5.99
    endloop
  endfacet
  facet normal -0.4029585689672928 0.14418088142920563 0.9037899452450934
    outer loop
      vertex -5.246600924480873 1.591538990652488 5.913879532511287
      vertex -5.065339006400848 2.098132114468683 5.913879532511287
      vertex -5.147299412653723 2.1320812263162345 5.871921264348355
    endloop
  endfacet
  facet normal -0.31753569440772644 0.11361608818066093 0.941415140776654
    outer loop
      vertex -5.246600924480873 1.591538990652488 5.913879532511287
      vertex -4.979973687724595 2.0627726417166876 5.946940335732209
      vertex -5.065339006400848 2.098132114468683 5.913879532511287
    endloop
  endfacet
  facet normal -0.40295856896734666 0.14418088142921356 0.9037899452450682
    outer loop
      vertex -5.331494263835594 1.6172911036060995 5.871921264348355
      vertex -5.246600924480873 1.591538990652488 5.913879532511287
      vertex -5.147299412653723 2.1320812263162345 5.871921264348355
    endloop
  endfacet
  facet normal -0.2290361331367794 0.08195043882409953 0.9699621514751434
    outer loop
      vertex -5.067085510482485 1.537083585159678 5.970785280403231
      vertex -4.89202557130929 2.0263433391123016 5.970785280403231
      vertex -4.979973687724595 2.0627726417166876 5.946940335732209
    endloop
  endfacet
  facet normal -0.13831622619936454 0.0494903370847694 0.9891508116082208
    outer loop
      vertex -5.067085510482485 1.537083585159678 5.970785280403231
      vertex -4.802341645593344 1.9891950407538843 5.985184726672197
      vertex -4.89202557130929 2.0263433391123016 5.970785280403231
    endloop
  endfacet
  facet normal -0.46515552258319126 0.22000217749317647 0.8574551776673922
    outer loop
      vertex -5.2250655829668915 2.1642930287537716 5.821469612302545
      vertex -5.147299412653723 2.1320812263162345 5.871921264348355
      vertex -4.913533254327888 2.6263382413027863 5.871921264348355
    endloop
  endfacet
  facet normal -0.4651555225831529 0.22000217749314752 0.8574551776674204
    outer loop
      vertex -5.2250655829668915 2.1642930287537716 5.821469612302545
      vertex -4.913533254327888 2.6263382413027863 5.871921264348355
      vertex -4.987767650515565 2.666017352735686 5.821469612302545
    endloop
  endfacet
  facet normal -0.38688601563003994 0.18298345767796448 0.9037899452450935
    outer loop
      vertex -5.147299412653723 2.1320812263162345 5.871921264348355
      vertex -5.065339006400848 2.098132114468683 5.913879532511287
      vertex -4.835295104693188 2.5845190790668653 5.913879532511287
    endloop
  endfacet
  facet normal -0.30487034918891603 0.14419293638005745 0.9414151407766528
    outer loop
      vertex -4.979973687724595 2.0627726417166876 5.946940335732209
      vertex -4.835295104693188 2.5845190790668653 5.913879532511287
      vertex -5.065339006400848 2.098132114468683 5.913879532511287
    endloop
  endfacet
  facet normal -0.21990071389149513 0.10400529186402965 0.9699621514751433
    outer loop
      vertex -4.979973687724595 2.0627726417166876 5.946940335732209
      vertex -4.89202557130929 2.0263433391123016 5.970785280403231
      vertex -4.7538066777618155 2.54096260742093 5.946940335732209
    endloop
  endfacet
  facet normal -0.30487034918899353 0.14419293638007719 0.9414151407766247
    outer loop
      vertex -4.979973687724595 2.0627726417166876 5.946940335732209
      vertex -4.7538066777618155 2.54096260742093 5.946940335732209
      vertex -4.835295104693188 2.5845190790668653 5.913879532511287
    endloop
  endfacet
  facet normal -0.38688601563000075 0.1829834576779353 0.9037899452451161
    outer loop
      vertex -5.147299412653723 2.1320812263162345 5.871921264348355
      vertex -4.835295104693188 2.5845190790668653 5.913879532511287
      vertex -4.913533254327888 2.6263382413027863 5.871921264348355
    endloop
  endfacet
  facet normal -0.5389245030238479 0.25489230679501845 0.8028638066180421
    outer loop
      vertex -5.297888586608963 2.194457304515062 5.763010453362737
      vertex -5.2250655829668915 2.1642930287537716 5.821469612302545
      vertex -5.057283375440306 2.7031742818316573 5.763010453362737
    endloop
  endfacet
  facet normal -0.6074837276377746 0.2873184050998274 0.7405482123036997
    outer loop
      vertex -5.297888586608963 2.194457304515062 5.763010453362737
      vertex -5.057283375440306 2.7031742818316573 5.763010453362737
      vertex -5.121410954669955 2.7374511870514624 5.697106781186548
    endloop
  endfacet
  facet normal -0.5389245030238766 0.25489230679502506 0.8028638066180206
    outer loop
      vertex -5.2250655829668915 2.1642930287537716 5.821469612302545
      vertex -4.987767650515565 2.666017352735686 5.821469612302545
      vertex -5.057283375440306 2.7031742818316573 5.763010453362737
    endloop
  endfacet
  facet normal -0.6701758292033081 0.3169695608669227 0.6711144875768134
    outer loop
      vertex -5.36506709824576 2.222283555135057 5.697106781186548
      vertex -5.121410954669955 2.7374511870514624 5.697106781186548
      vertex -5.179532804560779 2.768517963060166 5.624393284163646
    endloop
  endfacet
  facet normal -0.04625495945482217 0.01655028913210685 0.9987925543652578
    outer loop
      vertex -4.880395712234275 1.4804518539977565 5.99
      vertex -4.711785615807571 1.9516855050619561 5.99
      vertex -4.802341645593344 1.9891950407538843 5.985184726672197
    endloop
  endfacet
  facet normal 0 0 1
    outer loop
      vertex -4.880395712234275 1.4804518539977565 5.99
      vertex -4.49779844817661 2.404123357812587 5.99
      vertex -4.711785615807571 1.9516855050619561 5.99
    endloop
  endfacet
  facet normal -0.13279929444954958 0.06280938853785545 0.989150811608221
    outer loop
      vertex -4.89202557130929 2.0263433391123016 5.970785280403231
      vertex -4.802341645593344 1.9891950407538843 5.985184726672197
      vertex -4.669852751631197 2.496088298997325 5.970785280403231
    endloop
  endfacet
  facet normal -0.04441001716992381 0.021004373818104195 0.9987925543652578
    outer loop
      vertex -4.802341645593344 1.9891950407538843 5.985184726672197
      vertex -4.711785615807571 1.9516855050619561 5.99
      vertex -4.584241848503865 2.4503283179169593 5.985184726672197
    endloop
  endfacet
  facet normal 0 0 1
    outer loop
      vertex -5.075442106028191 0.4998874156807602 5.99
      vertex -3.6062445840513817 3.6062445840513924 5.99
      vertex -4.880395712234275 1.4804518539977565 5.99
    endloop
  endfacet
  facet normal -0.21990071389149216 0.10400529186402889 0.9699621514751441
    outer loop
      vertex -4.89202557130929 2.0263433391123016 5.970785280403231
      vertex -4.669852751631197 2.496088298997325 5.970785280403231
      vertex -4.7538066777618155 2.54096260742093 5.946940335732209
    endloop
  endfacet
  facet normal -0.044410017169926715 0.021004373818104938 0.9987925543652577
    outer loop
      vertex -4.711785615807571 1.9516855050619561 5.99
      vertex -4.49779844817661 2.404123357812587 5.99
      vertex -4.584241848503865 2.4503283179169593 5.985184726672197
    endloop
  endfacet
  facet normal -0.13279929444952318 0.06280938853784866 0.989150811608225
    outer loop
      vertex -4.802341645593344 1.9891950407538843 5.985184726672197
      vertex -4.584241848503865 2.4503283179169593 5.985184726672197
      vertex -4.669852751631197 2.496088298997325 5.970785280403231
    endloop
  endfacet
  facet normal 0 0 1
    outer loop
      vertex -4.880395712234275 1.4804518539977565 5.99
      vertex -3.9423533121499474 3.235405749234591 5.99
      vertex -4.49779844817661 2.404123357812587 5.99
    endloop
  endfacet
  facet normal -0.1260034328986817 0.07552355124421138 0.989150811608225
    outer loop
      vertex -4.584241848503865 2.4503283179169593 5.985184726672197
      vertex -4.32199329641179 2.8878635938927815 5.985184726672197
      vertex -4.669852751631197 2.496088298997325 5.970785280403231
    endloop
  endfacet
  facet normal -0.04213738214269722 0.025256174902074484 0.9987925543652576
    outer loop
      vertex -4.584241848503865 2.4503283179169593 5.985184726672197
      vertex -4.49779844817661 2.404123357812587 5.99
      vertex -4.32199329641179 2.8878635938927815 5.985184726672197
    endloop
  endfacet
  facet normal -0.4413516872978244 0.26453602100790363 0.8574551776674215
    outer loop
      vertex -4.987767650515565 2.666017352735686 5.821469612302545
      vertex -4.913533254327888 2.6263382413027863 5.871921264348355
      vertex -4.70243478899863 3.142066472217426 5.821469612302545
    endloop
  endfacet
  facet normal -0.6358802994803073 0.38113198409126997 0.6711144875768118
    outer loop
      vertex -5.179532804560779 2.768517963060166 5.624393284163646
      vertex -5.121410954669955 2.7374511870514624 5.697106781186548
      vertex -4.828432823952653 3.2262556675935237 5.697106781186548
    endloop
  endfacet
  facet normal -0.5113456192347139 0.3064887693085762 0.8028638066180224
    outer loop
      vertex -4.987767650515565 2.666017352735686 5.821469612302545
      vertex -4.70243478899863 3.142066472217426 5.821469612302545
      vertex -5.057283375440306 2.7031742818316573 5.763010453362737
    endloop
  endfacet
  facet normal -0.5763963990150681 0.3454787062269723 0.7405482123036958
    outer loop
      vertex -5.121410954669955 2.7374511870514624 5.697106781186548
      vertex -5.057283375440306 2.7031742818316573 5.763010453362737
      vertex -4.828432823952653 3.2262556675935237 5.697106781186548
    endloop
  endfacet
  facet normal -0.5113456192347406 0.3064887693086014 0.8028638066179957
    outer loop
      vertex -5.057283375440306 2.7031742818316573 5.763010453362737
      vertex -4.70243478899863 3.142066472217426 5.821469612302545
      vertex -4.767973760773856 3.185858213108837 5.763010453362737
    endloop
  endfacet
  facet normal -0.5763963990151412 0.34547870622699567 0.7405482123036281
    outer loop
      vertex -5.057283375440306 2.7031742818316573 5.763010453362737
      vertex -4.767973760773856 3.185858213108837 5.763010453362737
      vertex -4.828432823952653 3.2262556675935237 5.697106781186548
    endloop
  endfacet
  facet normal -0.635880299480326 0.38113198409128884 0.6711144875767833
    outer loop
      vertex -5.179532804560779 2.768517963060166 5.624393284163646
      vertex -4.828432823952653 3.2262556675935237 5.697106781186548
      vertex -4.883229724706297 3.2628697861012945 5.624393284163646
    endloop
  endfacet
  facet normal -0.36708753846883835 0.22002380320029524 0.9037899452451145
    outer loop
      vertex -4.913533254327888 2.6263382413027863 5.871921264348355
      vertex -4.835295104693188 2.5845190790668653 5.913879532511287
      vertex -4.558684667886183 3.0460157120917835 5.913879532511287
    endloop
  endfacet
  facet normal -0.20864753056147203 0.12505851708823879 0.9699621514751441
    outer loop
      vertex -4.7538066777618155 2.54096260742093 5.946940335732209
      vertex -4.669852751631197 2.496088298997325 5.970785280403231
      vertex -4.4818579107971175 2.994681714184253 5.946940335732209
    endloop
  endfacet
  facet normal -0.28926893584840646 0.1733811277782485 0.9414151407766252
    outer loop
      vertex -4.835295104693188 2.5845190790668653 5.913879532511287
      vertex -4.7538066777618155 2.54096260742093 5.946940335732209
      vertex -4.4818579107971175 2.994681714184253 5.946940335732209
    endloop
  endfacet
  facet normal -0.28926893584840874 0.17338112777825052 0.9414151407766241
    outer loop
      vertex -4.835295104693188 2.5845190790668653 5.913879532511287
      vertex -4.4818579107971175 2.994681714184253 5.946940335732209
      vertex -4.558684667886183 3.0460157120917835 5.913879532511287
    endloop
  endfacet
  facet normal -0.4413516872977986 0.2645360210078947 0.8574551776674375
    outer loop
      vertex -4.913533254327888 2.6263382413027863 5.871921264348355
      vertex -4.6324470847523855 3.0953021833230707 5.871921264348355
      vertex -4.70243478899863 3.142066472217426 5.821469612302545
    endloop
  endfacet
  facet normal -0.36708753846883735 0.22002380320029435 0.9037899452451149
    outer loop
      vertex -4.913533254327888 2.6263382413027863 5.871921264348355
      vertex -4.558684667886183 3.0460157120917835 5.913879532511287
      vertex -4.6324470847523855 3.0953021833230707 5.871921264348355
    endloop
  endfacet
  facet normal -0.20864753056149124 0.12505851708824578 0.969962151475139
    outer loop
      vertex -4.669852751631197 2.496088298997325 5.970785280403231
      vertex -4.402706697153718 2.9417945640623415 5.970785280403231
      vertex -4.4818579107971175 2.994681714184253 5.946940335732209
    endloop
  endfacet
  facet normal -0.12600343289865695 0.07552355124418922 0.9891508116082298
    outer loop
      vertex -4.669852751631197 2.496088298997325 5.970785280403231
      vertex -4.32199329641179 2.8878635938927815 5.985184726672197
      vertex -4.402706697153718 2.9417945640623415 5.970785280403231
    endloop
  endfacet
  facet normal -0.27088170452511434 0.20089956413615545 0.9414151407766242
    outer loop
      vertex -4.558684667886183 3.0460157120917835 5.913879532511287
      vertex -4.4818579107971175 2.994681714184253 5.946940335732209
      vertex -4.238171605696891 3.4781775486876967 5.913879532511287
    endloop
  endfacet
  facet normal -0.4132973939964096 0.3065222380302608 0.8574551776674374
    outer loop
      vertex -4.70243478899863 3.142066472217426 5.821469612302545
      vertex -4.6324470847523855 3.0953021833230707 5.871921264348355
      vertex -4.30674791739753 3.5344566732536613 5.871921264348355
    endloop
  endfacet
  facet normal -0.34375380764174734 0.2549451992206066 0.9037899452451137
    outer loop
      vertex -4.558684667886183 3.0460157120917835 5.913879532511287
      vertex -4.30674791739753 3.5344566732536613 5.871921264348355
      vertex -4.6324470847523855 3.0953021833230707 5.871921264348355
    endloop
  endfacet
  facet normal -0.41329739399638693 0.30652223803023537 0.8574551776674575
    outer loop
      vertex -4.70243478899863 3.142066472217426 5.821469612302545
      vertex -4.30674791739753 3.5344566732536613 5.871921264348355
      vertex -4.371814909851281 3.58785577394346 5.821469612302545
    endloop
  endfacet
  facet normal -0.4788421976023997 0.3551335774299029 0.8028638066179989
    outer loop
      vertex -4.767973760773856 3.185858213108837 5.763010453362737
      vertex -4.70243478899863 3.142066472217426 5.821469612302545
      vertex -4.432745952351581 3.637860588226527 5.763010453362737
    endloop
  endfacet
  facet normal -0.5397580579796033 0.4003118585552847 0.7405482123036291
    outer loop
      vertex -4.828432823952653 3.2262556675935237 5.697106781186548
      vertex -4.767973760773856 3.185858213108837 5.763010453362737
      vertex -4.432745952351581 3.637860588226527 5.763010453362737
    endloop
  endfacet
  facet normal -0.595460894865823 0.4416238979608598 0.6711144875767839
    outer loop
      vertex -4.828432823952653 3.2262556675935237 5.697106781186548
      vertex -4.5398984731580185 3.725798389436207 5.624393284163646
      vertex -4.883229724706297 3.2628697861012945 5.624393284163646
    endloop
  endfacet
  facet normal -0.47884219760231017 0.3551335774298626 0.8028638066180701
    outer loop
      vertex -4.70243478899863 3.142066472217426 5.821469612302545
      vertex -4.371814909851281 3.58785577394346 5.821469612302545
      vertex -4.432745952351581 3.637860588226527 5.763010453362737
    endloop
  endfacet
  facet normal -0.68922856995927 0.413107706868178 0.5952360883531972
    outer loop
      vertex -5.2310891799257035 2.7960754198219853 5.545570233019602
      vertex -5.179532804560779 2.768517963060166 5.624393284163646
      vertex -4.9318367389255116 3.2953479546556146 5.545570233019602
    endloop
  endfacet
  facet normal -0.7359325581829799 0.4411010001204228 0.5136469385667725
    outer loop
      vertex -5.2755835646864 2.819858163963861 5.461396736825998
      vertex -5.2310891799257035 2.7960754198219853 5.545570233019602
      vertex -4.9318367389255116 3.2953479546556146 5.545570233019602
    endloop
  endfacet
  facet normal -0.7359325581829431 0.4411010001203806 0.5136469385668612
    outer loop
      vertex -5.2755835646864 2.819858163963861 5.461396736825998
      vertex -4.9318367389255116 3.2953479546556146 5.545570233019602
      vertex -4.97378575449207 3.32337739073893 5.461396736825998
    endloop
  endfacet
  facet normal -0.7755481673355665 0.46484568246022123 0.4271340909369507
    outer loop
      vertex -5.2755835646864 2.819858163963861 5.461396736825998
      vertex -4.97378575449207 3.32337739073893 5.461396736825998
      vertex -5.0086727794544 3.346688155559306 5.37268343236509
    endloop
  endfacet
  facet normal -0.6892285699592201 0.41310770686816456 0.5952360883532642
    outer loop
      vertex -5.179532804560779 2.768517963060166 5.624393284163646
      vertex -4.883229724706297 3.2628697861012945 5.624393284163646
      vertex -4.9318367389255116 3.2953479546556146 5.545570233019602
    endloop
  endfacet
  facet normal -0.6891533831361547 0.5111109830681447 0.5136469385668595
    outer loop
      vertex -4.97378575449207 3.32337739073893 5.461396736825998
      vertex -4.9318367389255116 3.2953479546556146 5.545570233019602
      vertex -4.624087668534116 3.794890676498298 5.461396736825998
    endloop
  endfacet
  facet normal -0.7755481673356153 0.4648456824602295 0.4271340909368532
    outer loop
      vertex -5.312587453594517 2.8396371546587353 5.37268343236509
      vertex -5.2755835646864 2.819858163963861 5.461396736825998
      vertex -5.0086727794544 3.346688155559306 5.37268343236509
    endloop
  endfacet
  facet normal -0.8076996434739416 0.484116535641366 0.33653003707049606
    outer loop
      vertex -5.341744478971492 2.8552219094139275 5.280284677254462
      vertex -5.312587453594517 2.8396371546587353 5.37268343236509
      vertex -5.0086727794544 3.346688155559306 5.37268343236509
    endloop
  endfacet
  facet normal -0.8320826989028907 0.4987311766381829 0.24270474992380137
    outer loop
      vertex -5.341744478971492 2.8552219094139275 5.280284677254462
      vertex -5.036161832690908 3.365055753708571 5.280284677254462
      vertex -5.055988179591907 3.3783032951757903 5.185090322016128
    endloop
  endfacet
  facet normal -0.80769964347396 0.48411653564139434 0.3365300370704117
    outer loop
      vertex -5.341744478971492 2.8552219094139275 5.280284677254462
      vertex -5.0086727794544 3.346688155559306 5.37268343236509
      vertex -5.036161832690908 3.365055753708571 5.280284677254462
    endloop
  endfacet
  facet normal -0.7262508464416756 0.5386243369939947 0.4271340909369437
    outer loop
      vertex -5.0086727794544 3.346688155559306 5.37268343236509
      vertex -4.97378575449207 3.32337739073893 5.461396736825998
      vertex -4.656521848429065 3.8215087200360003 5.37268343236509
    endloop
  endfacet
  facet normal -0.6454181099342375 0.47867469380657796 0.5952360883532646
    outer loop
      vertex -4.9318367389255116 3.2953479546556146 5.545570233019602
      vertex -4.883229724706297 3.2628697861012945 5.624393284163646
      vertex -4.5398984731580185 3.725798389436207 5.624393284163646
    endloop
  endfacet
  facet normal -0.042137382142701026 0.025256174902075868 0.9987925543652575
    outer loop
      vertex -4.49779844817661 2.404123357812587 5.99
      vertex -4.2404950227429765 2.8334081883999716 5.99
      vertex -4.32199329641179 2.8878635938927815 5.985184726672197
    endloop
  endfacet
  facet normal 0 0 1
    outer loop
      vertex -4.49779844817661 2.404123357812587 5.99
      vertex -3.9423533121499474 3.235405749234591 5.99
      vertex -4.2404950227429765 2.8334081883999716 5.99
    endloop
  endfacet
  facet normal -0.11799408940852164 0.08751038086669645 0.9891508116082296
    outer loop
      vertex -4.402706697153718 2.9417945640623415 5.970785280403231
      vertex -4.32199329641179 2.8878635938927815 5.985184726672197
      vertex -4.018121586233434 3.297587164792592 5.985184726672197
    endloop
  endfacet
  facet normal -0.03945894109080179 0.02926474521530753 0.9987925543652575
    outer loop
      vertex -4.2404950227429765 2.8334081883999716 5.99
      vertex -4.018121586233434 3.297587164792592 5.985184726672197
      vertex -4.32199329641179 2.8878635938927815 5.985184726672197
    endloop
  endfacet
  facet normal 0 0 1
    outer loop
      vertex -4.880395712234275 1.4804518539977565 5.99
      vertex -3.6062445840513817 3.6062445840513924 5.99
      vertex -3.9423533121499474 3.235405749234591 5.99
    endloop
  endfacet
  facet normal -0.19538495745381765 0.14490736042896055 0.9699621514751394
    outer loop
      vertex -4.4818579107971175 2.994681714184253 5.946940335732209
      vertex -4.402706697153718 2.9417945640623415 5.970785280403231
      vertex -4.16674640211869 3.4195603989804333 5.946940335732209
    endloop
  endfacet
  facet normal -0.19538495745377302 0.1449073604289391 0.9699621514751515
    outer loop
      vertex -4.402706697153718 2.9417945640623415 5.970785280403231
      vertex -4.093160170418315 3.3591697393269477 5.970785280403231
      vertex -4.16674640211869 3.4195603989804333 5.946940335732209
    endloop
  endfacet
  facet normal -0.11799408940855334 0.08751038086673098 0.9891508116082228
    outer loop
      vertex -4.402706697153718 2.9417945640623415 5.970785280403231
      vertex -4.018121586233434 3.297587164792592 5.985184726672197
      vertex -4.093160170418315 3.3591697393269477 5.970785280403231
    endloop
  endfacet
  facet normal -0.34375380764177343 0.25494519922061887 0.9037899452451005
    outer loop
      vertex -4.558684667886183 3.0460157120917835 5.913879532511287
      vertex -4.238171605696891 3.4781775486876967 5.913879532511287
      vertex -4.30674791739753 3.5344566732536613 5.871921264348355
    endloop
  endfacet
  facet normal -0.27088170452513965 0.20089956413616752 0.9414151407766146
    outer loop
      vertex -4.4818579107971175 2.994681714184253 5.946940335732209
      vertex -4.16674640211869 3.4195603989804333 5.946940335732209
      vertex -4.238171605696891 3.4781775486876967 5.913879532511287
    endloop
  endfacet
  facet normal -0.03945894109079247 0.02926474521530307 0.9987925543652578
    outer loop
      vertex -4.2404950227429765 2.8334081883999716 5.99
      vertex -3.9423533121499474 3.235405749234591 5.99
      vertex -4.018121586233434 3.297587164792592 5.985184726672197
    endloop
  endfacet
  facet normal -0.10884839833527989 0.09865443768345089 0.989150811608223
    outer loop
      vertex -4.018121586233434 3.297587164792592 5.985184726672197
      vertex -3.6755531686509357 3.6755531686509393 5.985184726672197
      vertex -4.093160170418315 3.3591697393269477 5.970785280403231
    endloop
  endfacet
  facet normal -0.036400488865737886 0.032991480034375034 0.998792554365258
    outer loop
      vertex -4.018121586233434 3.297587164792592 5.985184726672197
      vertex -3.9423533121499474 3.235405749234591 5.99
      vertex -3.6755531686509357 3.6755531686509393 5.985184726672197
    endloop
  endfacet
  facet normal -0.8484669837948817 0.5085515390773326 0.14655752970111174
    outer loop
      vertex -5.362773842724096 2.866462338521643 5.185090322016128
      vertex -5.055988179591907 3.3783032951757903 5.185090322016128
      vertex -5.0679608815985375 3.386303198894794 5.08801714032956
    endloop
  endfacet
  facet normal -0.8566979213455971 0.5134849731878052 0.04900871220968851
    outer loop
      vertex -5.379719712524974 2.875520094638585 4.99
      vertex -5.0679608815985375 3.386303198894794 5.08801714032956
      vertex -5.071964635045532 3.388978421419573 4.99
    endloop
  endfacet
  facet normal -0.5954608948657854 0.44162389796084445 0.6711144875768277
    outer loop
      vertex -4.828432823952653 3.2262556675935237 5.697106781186548
      vertex -4.488954245650831 3.683989542405911 5.697106781186548
      vertex -4.5398984731580185 3.725798389436207 5.624393284163646
    endloop
  endfacet
  facet normal -0.5397580579796507 0.4003118585553406 0.7405482123035643
    outer loop
      vertex -4.828432823952653 3.2262556675935237 5.697106781186548
      vertex -4.432745952351581 3.637860588226527 5.763010453362737
      vertex -4.488954245650831 3.683989542405911 5.697106781186548
    endloop
  endfacet
  facet normal -0.549306876321673 0.4978627322768998 0.6711144875768265
    outer loop
      vertex -4.5398984731580185 3.725798389436207 5.624393284163646
      vertex -4.488954245650831 3.683989542405911 5.697106781186548
      vertex -4.152845517552265 4.152845517552272 5.624393284163646
    endloop
  endfacet
  facet normal -0.77919178954905 0.5778880163697603 0.24270474992379681
    outer loop
      vertex -5.055988179591907 3.3783032951757903 5.185090322016128
      vertex -5.036161832690908 3.365055753708571 5.280284677254462
      vertex -4.682078194915391 3.8424822715684073 5.280284677254462
    endloop
  endfacet
  facet normal -0.7563586305140236 0.560953791498316 0.3365300370704144
    outer loop
      vertex -5.036161832690908 3.365055753708571 5.280284677254462
      vertex -5.0086727794544 3.346688155559306 5.37268343236509
      vertex -4.682078194915391 3.8424822715684073 5.280284677254462
    endloop
  endfacet
  facet normal -0.6454181099342065 0.47867469380653765 0.5952360883533306
    outer loop
      vertex -4.9318367389255116 3.2953479546556146 5.545570233019602
      vertex -4.5398984731580185 3.725798389436207 5.624393284163646
      vertex -4.585088014113296 3.7628844872654774 5.545570233019602
    endloop
  endfacet
  facet normal -0.6891533831362224 0.5111109830681673 0.513646938566746
    outer loop
      vertex -4.9318367389255116 3.2953479546556146 5.545570233019602
      vertex -4.585088014113296 3.7628844872654774 5.545570233019602
      vertex -4.624087668534116 3.794890676498298 5.461396736825998
    endloop
  endfacet
  facet normal -0.726250846441684 0.538624336993997 0.42713409093692645
    outer loop
      vertex -4.656521848429065 3.8215087200360003 5.37268343236509
      vertex -4.97378575449207 3.32337739073893 5.461396736825998
      vertex -4.624087668534116 3.794890676498298 5.461396736825998
    endloop
  endfacet
  facet normal -0.5953919206890992 0.5396317817734385 0.5952360883533268
    outer loop
      vertex -4.585088014113296 3.7628844872654774 5.545570233019602
      vertex -4.5398984731580185 3.725798389436207 5.624393284163646
      vertex -4.152845517552265 4.152845517552272 5.624393284163646
    endloop
  endfacet
  facet normal -0.6357372842802499 0.5761986878473243 0.51364693856675
    outer loop
      vertex -4.624087668534116 3.794890676498298 5.461396736825998
      vertex -4.585088014113296 3.7628844872654774 5.545570233019602
      vertex -4.229857090544726 4.229857090544726 5.461396736825998
    endloop
  endfacet
  facet normal -0.6699593328874598 0.6072157447205047 0.4271340909369242
    outer loop
      vertex -4.656521848429065 3.8215087200360003 5.37268343236509
      vertex -4.624087668534116 3.794890676498298 5.461396736825998
      vertex -4.229857090544726 4.229857090544726 5.461396736825998
    endloop
  endfacet
  facet normal -0.7563586305140667 0.5609537914983239 0.33653003707030466
    outer loop
      vertex -5.0086727794544 3.346688155559306 5.37268343236509
      vertex -4.656521848429065 3.8215087200360003 5.37268343236509
      vertex -4.682078194915391 3.8424822715684073 5.280284677254462
    endloop
  endfacet
  facet normal -0.6699593328874788 0.6072157447205426 0.42713409093684046
    outer loop
      vertex -4.656521848429065 3.8215087200360003 5.37268343236509
      vertex -4.229857090544726 4.229857090544726 5.461396736825998
      vertex -4.25952606648957 4.259526066489581 5.37268343236509
    endloop
  endfacet
  facet normal -0.6977334704745372 0.6323887556945221 0.3365300370705299
    outer loop
      vertex -4.656521848429065 3.8215087200360003 5.37268343236509
      vertex -4.25952606648957 4.259526066489581 5.37268343236509
      vertex -4.282903584638575 4.282903584638568 5.280284677254462
    endloop
  endfacet
  facet normal -0.6977334704746203 0.6323887556945459 0.3365300370703127
    outer loop
      vertex -4.682078194915391 3.8424822715684073 5.280284677254462
      vertex -4.656521848429065 3.8215087200360003 5.37268343236509
      vertex -4.282903584638575 4.282903584638568 5.280284677254462
    endloop
  endfacet
  facet normal -0.7187968373123363 0.6514794785979207 0.2427047499237791
    outer loop
      vertex -4.682078194915391 3.8424822715684073 5.280284677254462
      vertex -4.282903584638575 4.282903584638568 5.280284677254462
      vertex -4.299764506712478 4.299764506712467 5.185090322016128
    endloop
  endfacet
  facet normal -0.3812628208594908 0.3455564783382509 0.8574551776674566
    outer loop
      vertex -4.371814909851281 3.58785577394346 5.821469612302545
      vertex -4.30674791739753 3.5344566732536613 5.871921264348355
      vertex -3.9990920632449445 3.9990920632449445 5.821469612302545
    endloop
  endfacet
  facet normal -0.24988573430827044 0.2264832278685573 0.9414151407766159
    outer loop
      vertex -4.238171605696891 3.4781775486876967 5.913879532511287
      vertex -4.16674640211869 3.4195603989804333 5.946940335732209
      vertex -3.8768426341245004 3.8768426341244897 5.913879532511287
    endloop
  endfacet
  facet normal -0.3171095397321629 0.2874113336051924 0.9037899452450999
    outer loop
      vertex -4.30674791739753 3.5344566732536613 5.871921264348355
      vertex -4.238171605696891 3.4781775486876967 5.913879532511287
      vertex -3.8768426341245004 3.8768426341244897 5.913879532511287
    endloop
  endfacet
  facet normal -0.18024072039755382 0.16336066667428686 0.9699621514751507
    outer loop
      vertex -4.16674640211869 3.4195603989804333 5.946940335732209
      vertex -4.093160170418315 3.3591697393269477 5.970785280403231
      vertex -3.7441942736928695 3.7441942736928624 5.970785280403231
    endloop
  endfacet
  facet normal -0.24988573430823469 0.22648322786853572 0.9414151407766307
    outer loop
      vertex -4.16674640211869 3.4195603989804333 5.946940335732209
      vertex -3.8115068478125806 3.81150684781257 5.946940335732209
      vertex -3.8768426341245004 3.8768426341244897 5.913879532511287
    endloop
  endfacet
  facet normal -0.3812628208595422 0.3455564783382811 0.8574551776674217
    outer loop
      vertex -4.30674791739753 3.5344566732536613 5.871921264348355
      vertex -3.9395724132902785 3.9395724132902643 5.871921264348355
      vertex -3.9990920632449445 3.9990920632449445 5.821469612302545
    endloop
  endfacet
  facet normal -0.31710953973216793 0.28741133360519927 0.9037899452450958
    outer loop
      vertex -4.30674791739753 3.5344566732536613 5.871921264348355
      vertex -3.8768426341245004 3.8768426341244897 5.913879532511287
      vertex -3.9395724132902785 3.9395724132902643 5.871921264348355
    endloop
  endfacet
  facet normal -0.4417272638452956 0.4003582550647543 0.8028638066180676
    outer loop
      vertex -4.432745952351581 3.637860588226527 5.763010453362737
      vertex -4.371814909851281 3.58785577394346 5.821469612302545
      vertex -3.9990920632449445 3.9990920632449445 5.821469612302545
    endloop
  endfacet
  facet normal -0.49792155178398184 0.4512897888530384 0.7405482123035687
    outer loop
      vertex -4.488954245650831 3.683989542405911 5.697106781186548
      vertex -4.432745952351581 3.637860588226527 5.763010453362737
      vertex -4.106244584051382 4.106244584051392 5.697106781186548
    endloop
  endfacet
  facet normal -0.44172726384529426 0.4003582550647523 0.8028638066180692
    outer loop
      vertex -4.432745952351581 3.637860588226527 5.763010453362737
      vertex -3.9990920632449445 3.9990920632449445 5.821469612302545
      vertex -4.054828377222719 4.054828377222712 5.763010453362737
    endloop
  endfacet
  facet normal -0.4979215517840111 0.4512897888530546 0.7405482123035392
    outer loop
      vertex -4.432745952351581 3.637860588226527 5.763010453362737
      vertex -4.054828377222719 4.054828377222712 5.763010453362737
      vertex -4.106244584051382 4.106244584051392 5.697106781186548
    endloop
  endfacet
  facet normal -0.5493068763216581 0.497862732276892 0.6711144875768444
    outer loop
      vertex -4.488954245650831 3.683989542405911 5.697106781186548
      vertex -4.106244584051382 4.106244584051392 5.697106781186548
      vertex -4.152845517552265 4.152845517552272 5.624393284163646
    endloop
  endfacet
  facet normal -0.49786273227688804 0.5493068763216634 0.671114487576843
    outer loop
      vertex -4.152845517552265 4.152845517552272 5.624393284163646
      vertex -4.106244584051382 4.106244584051392 5.697106781186548
      vertex -3.6839895424058966 4.488954245650838 5.697106781186548
    endloop
  endfacet
  facet normal -0.10884839833526537 0.09865443768343156 0.9891508116082266
    outer loop
      vertex -4.093160170418315 3.3591697393269477 5.970785280403231
      vertex -3.6755531686509357 3.6755531686509393 5.985184726672197
      vertex -3.7441942736928695 3.7441942736928624 5.970785280403231
    endloop
  endfacet
  facet normal -0.18024072039756586 0.1633606666743029 0.9699621514751458
    outer loop
      vertex -4.16674640211869 3.4195603989804333 5.946940335732209
      vertex -3.7441942736928695 3.7441942736928624 5.970785280403231
      vertex -3.8115068478125806 3.81150684781257 5.946940335732209
    endloop
  endfacet
  facet normal -0.03640048886574004 0.03299148003437633 0.9987925543652578
    outer loop
      vertex -3.9423533121499474 3.235405749234591 5.99
      vertex -3.6062445840513817 3.6062445840513924 5.99
      vertex -3.6755531686509357 3.6755531686509393 5.985184726672197
    endloop
  endfacet
  facet normal -0.16336066667430346 0.18024072039756614 0.9699621514751458
    outer loop
      vertex -3.8115068478125806 3.81150684781257 5.946940335732209
      vertex -3.7441942736928695 3.7441942736928624 5.970785280403231
      vertex -3.359169739326944 4.093160170418329 5.970785280403231
    endloop
  endfacet
  facet normal -0.09865443768343446 0.10884839833526402 0.9891508116082264
    outer loop
      vertex -3.7441942736928695 3.7441942736928624 5.970785280403231
      vertex -3.6755531686509357 3.6755531686509393 5.985184726672197
      vertex -3.2975871647925885 4.0181215862334305 5.985184726672197
    endloop
  endfacet
  facet normal -0.032991480034376484 0.03640048886574024 0.9987925543652578
    outer loop
      vertex -3.6755531686509357 3.6755531686509393 5.985184726672197
      vertex -3.6062445840513817 3.6062445840513924 5.99
      vertex -3.2975871647925885 4.0181215862334305 5.985184726672197
    endloop
  endfacet
  facet normal -0.22648322786853928 0.2498857343082311 0.9414151407766308
    outer loop
      vertex -3.8768426341245004 3.8768426341244897 5.913879532511287
      vertex -3.8115068478125806 3.81150684781257 5.946940335732209
      vertex -3.478177548687711 4.238171605696905 5.913879532511287
    endloop
  endfacet
  facet normal -0.2874113336052021 0.3171095397321666 0.9037899452450955
    outer loop
      vertex -3.9395724132902785 3.9395724132902643 5.871921264348355
      vertex -3.8768426341245004 3.8768426341244897 5.913879532511287
      vertex -3.5344566732536578 4.306747917397537 5.871921264348355
    endloop
  endfacet
  facet normal -0.3455564783382808 0.3812628208595364 0.8574551776674244
    outer loop
      vertex -3.9990920632449445 3.9990920632449445 5.821469612302545
      vertex -3.9395724132902785 3.9395724132902643 5.871921264348355
      vertex -3.5344566732536578 4.306747917397537 5.871921264348355
    endloop
  endfacet
  facet normal -0.2874113336052506 0.31710953973220246 0.9037899452450674
    outer loop
      vertex -3.8768426341245004 3.8768426341244897 5.913879532511287
      vertex -3.478177548687711 4.238171605696905 5.913879532511287
      vertex -3.5344566732536578 4.306747917397537 5.871921264348355
    endloop
  endfacet
  facet normal -0.16336066667431556 0.180240720397586 0.9699621514751401
    outer loop
      vertex -3.8115068478125806 3.81150684781257 5.946940335732209
      vertex -3.359169739326944 4.093160170418329 5.970785280403231
      vertex -3.4195603989804226 4.166746402118687 5.946940335732209
    endloop
  endfacet
  facet normal -0.22648322786849406 0.2498857343081973 0.9414151407766506
    outer loop
      vertex -3.8115068478125806 3.81150684781257 5.946940335732209
      vertex -3.4195603989804226 4.166746402118687 5.946940335732209
      vertex -3.478177548687711 4.238171605696905 5.913879532511287
    endloop
  endfacet
  facet normal -0.3455564783382596 0.3812628208595004 0.8574551776674489
    outer loop
      vertex -3.9990920632449445 3.9990920632449445 5.821469612302545
      vertex -3.5344566732536578 4.306747917397537 5.871921264348355
      vertex -3.58785577394346 4.371814909851281 5.821469612302545
    endloop
  endfacet
  facet normal -0.40035825506474476 0.44172726384530475 0.8028638066180673
    outer loop
      vertex -4.054828377222719 4.054828377222712 5.763010453362737
      vertex -3.9990920632449445 3.9990920632449445 5.821469612302545
      vertex -3.6378605882265163 4.432745952351574 5.763010453362737
    endloop
  endfacet
  facet normal -0.45128978885304016 0.49792155178401637 0.7405482123035445
    outer loop
      vertex -4.106244584051382 4.106244584051392 5.697106781186548
      vertex -4.054828377222719 4.054828377222712 5.763010453362737
      vertex -3.6378605882265163 4.432745952351574 5.763010453362737
    endloop
  endfacet
  facet normal -0.40035825506479494 0.44172726384534056 0.8028638066180225
    outer loop
      vertex -3.9990920632449445 3.9990920632449445 5.821469612302545
      vertex -3.58785577394346 4.371814909851281 5.821469612302545
      vertex -3.6378605882265163 4.432745952351574 5.763010453362737
    endloop
  endfacet
  facet normal -0.4512897888530062 0.4979215517839551 0.7405482123036062
    outer loop
      vertex -4.106244584051382 4.106244584051392 5.697106781186548
      vertex -3.6378605882265163 4.432745952351574 5.763010453362737
      vertex -3.6839895424058966 4.488954245650838 5.697106781186548
    endloop
  endfacet
  facet normal -0.4978627322769016 0.5493068763216891 0.6711144875768119
    outer loop
      vertex -4.152845517552265 4.152845517552272 5.624393284163646
      vertex -3.6839895424058966 4.488954245650838 5.697106781186548
      vertex -3.725798389436193 4.539898473158022 5.624393284163646
    endloop
  endfacet
  facet normal -0.4003118585553263 0.5397580579796021 0.7405482123036075
    outer loop
      vertex -3.6839895424058966 4.488954245650838 5.697106781186548
      vertex -3.6378605882265163 4.432745952351574 5.763010453362737
      vertex -3.2262556675935343 4.82843282395266 5.697106781186548
    endloop
  endfacet
  facet normal -0.44162389796086826 0.5954608948657851 0.671114487576812
    outer loop
      vertex -3.725798389436193 4.539898473158022 5.624393284163646
      vertex -3.6839895424058966 4.488954245650838 5.697106781186548
      vertex -3.2262556675935343 4.82843282395266 5.697106781186548
    endloop
  endfacet
  facet normal -0.5953919206891405 0.5396317817735046 0.5952360883532256
    outer loop
      vertex -4.585088014113296 3.7628844872654774 5.545570233019602
      vertex -4.152845517552265 4.152845517552272 5.624393284163646
      vertex -4.194182385261058 4.1941823852610725 5.545570233019602
    endloop
  endfacet
  facet normal -0.6357372842801791 0.5761986878472926 0.5136469385668732
    outer loop
      vertex -4.585088014113296 3.7628844872654774 5.545570233019602
      vertex -4.194182385261058 4.1941823852610725 5.545570233019602
      vertex -4.229857090544726 4.229857090544726 5.461396736825998
    endloop
  endfacet
  facet normal -0.5396317817734896 0.5953919206891514 0.5952360883532285
    outer loop
      vertex -4.194182385261058 4.1941823852610725 5.545570233019602
      vertex -4.152845517552265 4.152845517552272 5.624393284163646
      vertex -3.7628844872654668 4.585088014113289 5.545570233019602
    endloop
  endfacet
  facet normal -0.5761986878472881 0.6357372842801892 0.5136469385668656
    outer loop
      vertex -4.229857090544726 4.229857090544726 5.461396736825998
      vertex -4.194182385261058 4.1941823852610725 5.545570233019602
      vertex -3.794890676498312 4.624087668534116 5.461396736825998
    endloop
  endfacet
  facet normal -0.6072157447205353 0.6699593328874717 0.42713409093686233
    outer loop
      vertex -4.229857090544726 4.229857090544726 5.461396736825998
      vertex -3.794890676498312 4.624087668534116 5.461396736825998
      vertex -3.8215087200360074 4.656521848429062 5.37268343236509
    endloop
  endfacet
  facet normal -0.6072157447205423 0.6699593328874752 0.42713409093684673
    outer loop
      vertex -4.25952606648957 4.259526066489581 5.37268343236509
      vertex -4.229857090544726 4.229857090544726 5.461396736825998
      vertex -3.8215087200360074 4.656521848429062 5.37268343236509
    endloop
  endfacet
  facet normal -0.6323887556945265 0.6977334704745386 0.3365300370705189
    outer loop
      vertex -4.282903584638575 4.282903584638568 5.280284677254462
      vertex -4.25952606648957 4.259526066489581 5.37268343236509
      vertex -3.8215087200360074 4.656521848429062 5.37268343236509
    endloop
  endfacet
  facet normal -0.6514794785979254 0.7187968373123328 0.24270474992377675
    outer loop
      vertex -4.299764506712478 4.299764506712467 5.185090322016128
      vertex -4.282903584638575 4.282903584638568 5.280284677254462
      vertex -3.8424822715684 4.682078194915402 5.280284677254462
    endloop
  endfacet
  facet normal -0.632388755694548 0.6977334704746141 0.3365300370703216
    outer loop
      vertex -4.282903584638575 4.282903584638568 5.280284677254462
      vertex -3.8215087200360074 4.656521848429062 5.37268343236509
      vertex -3.8424822715684 4.682078194915402 5.280284677254462
    endloop
  endfacet
  facet normal -0.5396317817734487 0.5953919206891259 0.5952360883532909
    outer loop
      vertex -4.152845517552265 4.152845517552272 5.624393284163646
      vertex -3.725798389436193 4.539898473158022 5.624393284163646
      vertex -3.7628844872654668 4.585088014113289 5.545570233019602
    endloop
  endfacet
  facet normal -0.5761986878472614 0.6357372842801738 0.5136469385669145
    outer loop
      vertex -4.194182385261058 4.1941823852610725 5.545570233019602
      vertex -3.7628844872654668 4.585088014113289 5.545570233019602
      vertex -3.794890676498312 4.624087668534116 5.461396736825998
    endloop
  endfacet
  facet normal -0.4786746938065889 0.6454181099342067 0.5952360883532892
    outer loop
      vertex -3.725798389436193 4.539898473158022 5.624393284163646
      vertex -3.2953479546556252 4.931836738925526 5.545570233019602
      vertex -3.7628844872654668 4.585088014113289 5.545570233019602
    endloop
  endfacet
  facet normal -0.5111109830681474 0.6891533831361218 0.5136469385669008
    outer loop
      vertex -3.794890676498312 4.624087668534116 5.461396736825998
      vertex -3.7628844872654668 4.585088014113289 5.545570233019602
      vertex -3.2953479546556252 4.931836738925526 5.545570233019602
    endloop
  endfacet
  facet normal -0.5386243369940077 0.7262508464417109 0.4271340909368673
    outer loop
      vertex -3.8215087200360074 4.656521848429062 5.37268343236509
      vertex -3.794890676498312 4.624087668534116 5.461396736825998
      vertex -3.3233773907389264 4.973785754492077 5.461396736825998
    endloop
  endfacet
  facet normal -0.5609537914983236 0.7563586305140548 0.3365300370703316
    outer loop
      vertex -3.8424822715684 4.682078194915402 5.280284677254462
      vertex -3.8215087200360074 4.656521848429062 5.37268343236509
      vertex -3.3466881555593204 5.008672779454397 5.37268343236509
    endloop
  endfacet
  facet normal -0.5609537914983254 0.7563586305140646 0.33653003707030676
    outer loop
      vertex -3.8424822715684 4.682078194915402 5.280284677254462
      vertex -3.3466881555593204 5.008672779454397 5.37268343236509
      vertex -3.3650557537085604 5.036161832690908 5.280284677254462
    endloop
  endfacet
  facet normal -0.5778880163697513 0.7791917895490672 0.24270474992376243
    outer loop
      vertex -3.8424822715684 4.682078194915402 5.280284677254462
      vertex -3.3650557537085604 5.036161832690908 5.280284677254462
      vertex -3.378303295175783 5.0559881795919 5.185090322016128
    endloop
  endfacet
  facet normal -0.7791917895490494 0.5778880163697584 0.24270474992380317
    outer loop
      vertex -5.055988179591907 3.3783032951757903 5.185090322016128
      vertex -4.682078194915391 3.8424822715684073 5.280284677254462
      vertex -4.700510586405954 3.85760934432896 5.185090322016128
    endloop
  endfacet
  facet normal -0.794534615787729 0.5892670318310325 0.1465575297011065
    outer loop
      vertex -5.055988179591907 3.3783032951757903 5.185090322016128
      vertex -4.700510586405954 3.85760934432896 5.185090322016128
      vertex -4.711641508894502 3.866744256337668 5.08801714032956
    endloop
  endfacet
  facet normal -0.7945346157877281 0.5892670318310327 0.14655752970111083
    outer loop
      vertex -5.0679608815985375 3.386303198894794 5.08801714032956
      vertex -5.055988179591907 3.3783032951757903 5.185090322016128
      vertex -4.711641508894502 3.866744256337668 5.08801714032956
    endloop
  endfacet
  facet normal -0.8022423580208783 0.5949834830687729 0.04900871220968987
    outer loop
      vertex -5.071964635045532 3.388978421419573 4.99
      vertex -5.0679608815985375 3.386303198894794 5.08801714032956
      vertex -4.711641508894502 3.866744256337668 5.08801714032956
    endloop
  endfacet
  facet normal -0.802242358020887 0.594983483068749 0.04900871220983825
    outer loop
      vertex -5.071964635045532 3.388978421419573 4.99
      vertex -4.711641508894502 3.866744256337668 5.08801714032956
      vertex -4.715363765512706 3.8697990333982375 4.99
    endloop
  endfacet
  facet normal -0.7187968373123298 0.6514794785979198 0.24270474992380092
    outer loop
      vertex -4.700510586405954 3.85760934432896 5.185090322016128
      vertex -4.682078194915391 3.8424822715684073 5.280284677254462
      vertex -4.299764506712478 4.299764506712467 5.185090322016128
    endloop
  endfacet
  facet normal -0.7329504450937693 0.6643075609420344 0.14655752970110594
    outer loop
      vertex -4.711641508894502 3.866744256337668 5.08801714032956
      vertex -4.700510586405954 3.85760934432896 5.185090322016128
      vertex -4.299764506712478 4.299764506712467 5.185090322016128
    endloop
  endfacet
  facet normal -0.7329504450937693 0.6643075609420513 0.14655752970102995
    outer loop
      vertex -4.711641508894502 3.866744256337668 5.08801714032956
      vertex -4.299764506712478 4.299764506712467 5.185090322016128
      vertex -4.309946452814586 4.309946452814586 5.08801714032956
    endloop
  endfacet
  facet normal -0.7400607622381615 0.6707519767566995 0.04900871220968283
    outer loop
      vertex -4.711641508894502 3.866744256337668 5.08801714032956
      vertex -4.309946452814586 4.309946452814586 5.08801714032956
      vertex -4.313351365237935 4.313351365237942 4.99
    endloop
  endfacet
  facet normal -0.7400607622381401 0.6707519767567124 0.04900871220982878
    outer loop
      vertex -4.715363765512706 3.8697990333982375 4.99
      vertex -4.711641508894502 3.866744256337668 5.08801714032956
      vertex -4.313351365237935 4.313351365237942 4.99
    endloop
  endfacet
  facet normal -0.664307560942042 0.7329504450937762 0.14655752970103741
    outer loop
      vertex -4.309946452814586 4.309946452814586 5.08801714032956
      vertex -4.299764506712478 4.299764506712467 5.185090322016128
      vertex -3.866744256337654 4.711641508894505 5.08801714032956
    endloop
  endfacet
  facet normal -0.6707519767566906 0.7400607622381692 0.049008712209687624
    outer loop
      vertex -4.313351365237935 4.313351365237942 4.99
      vertex -4.309946452814586 4.309946452814586 5.08801714032956
      vertex -3.866744256337654 4.711641508894505 5.08801714032956
    endloop
  endfacet
  facet normal -0.6514794785979275 0.7187968373123474 0.24270474992372754
    outer loop
      vertex -4.299764506712478 4.299764506712467 5.185090322016128
      vertex -3.8424822715684 4.682078194915402 5.280284677254462
      vertex -3.8576093443289494 4.700510586405958 5.185090322016128
    endloop
  endfacet
  facet normal -0.6643075609420321 0.7329504450937762 0.1465575297010822
    outer loop
      vertex -4.299764506712478 4.299764506712467 5.185090322016128
      vertex -3.8576093443289494 4.700510586405958 5.185090322016128
      vertex -3.866744256337654 4.711641508894505 5.08801714032956
    endloop
  endfacet
  facet normal -0.6707519767567024 0.7400607622381499 0.04900871220981902
    outer loop
      vertex -4.313351365237935 4.313351365237942 4.99
      vertex -3.866744256337654 4.711641508894505 5.08801714032956
      vertex -3.8697990333982375 4.715363765512695 4.99
    endloop
  endfacet
  facet normal -0.5778880163697612 0.7791917895490708 0.24270474992372806
    outer loop
      vertex -3.8576093443289494 4.700510586405958 5.185090322016128
      vertex -3.8424822715684 4.682078194915402 5.280284677254462
      vertex -3.378303295175783 5.0559881795919 5.185090322016128
    endloop
  endfacet
  facet normal -0.5892670318310259 0.7945346157877379 0.14655752970108518
    outer loop
      vertex -3.866744256337654 4.711641508894505 5.08801714032956
      vertex -3.8576093443289494 4.700510586405958 5.185090322016128
      vertex -3.378303295175783 5.0559881795919 5.185090322016128
    endloop
  endfacet
  facet normal -0.5892670318310238 0.7945346157877476 0.1465575297010404
    outer loop
      vertex -3.866744256337654 4.711641508894505 5.08801714032956
      vertex -3.378303295175783 5.0559881795919 5.185090322016128
      vertex -3.3863031988947796 5.067960881598527 5.08801714032956
    endloop
  endfacet
  facet normal -0.5949834830687529 0.8022423580208834 0.04900871220984788
    outer loop
      vertex -3.866744256337654 4.711641508894505 5.08801714032956
      vertex -3.3863031988947796 5.067960881598527 5.08801714032956
      vertex -3.38897842141958 5.071964635045525 4.99
    endloop
  endfacet
  facet normal -0.5949834830687594 0.8022423580208811 0.049008712209808215
    outer loop
      vertex -3.8697990333982375 4.715363765512695 4.99
      vertex -3.866744256337654 4.711641508894505 5.08801714032956
      vertex -3.38897842141958 5.071964635045525 4.99
    endloop
  endfacet
  facet normal -0.9987954562051737 0.04906767432738938 4.363006666420648e-20
    outer loop
      vertex -6.099999999999994 0 4.99
      vertex -6.0706268327004125 0.5979045560103202 4.99
      vertex -6.0706268327004125 0.5979045560103202 1.5
    endloop
  endfacet
  facet normal -0.9891765099647797 0.14673047445537116 3.0184158562855123e-19
    outer loop
      vertex -6.0706268327004125 0.5979045560103202 4.99
      vertex -5.9827902104597115 1.1900509642983828 4.99
      vertex -5.9827902104597115 1.1900509642983828 1.5
    endloop
  endfacet
  facet normal -0.9700312531945359 0.24298017990329626 3.1313832248690203e-18
    outer loop
      vertex -5.9827902104597115 1.1900509642983828 4.99
      vertex -5.83733604796646 1.7707365312522185 4.99
      vertex -5.83733604796646 1.7707365312522185 1.5
    endloop
  endfacet
  facet normal -0.9415440651830292 0.3368898533921967 7.460408434768099e-19
    outer loop
      vertex -5.83733604796646 1.7707365312522185 4.99
      vertex -5.63566514831885 2.3343689374270475 4.99
      vertex -5.63566514831885 2.3343689374270475 1.5
    endloop
  endfacet
  facet normal -0.9039892931234478 0.4275550934302725 2.047157461087146e-18
    outer loop
      vertex -5.63566514831885 2.3343689374270475 4.99
      vertex -5.379719712524974 2.875520094638585 4.99
      vertex -5.379719712524974 2.875520094638585 1.5
    endloop
  endfacet
  facet normal -0.8577286100002707 0.5141027441932241 6.0149223817133364e-18
    outer loop
      vertex -5.379719712524974 2.875520094638585 4.99
      vertex -5.071964635045532 3.388978421419573 4.99
      vertex -5.071964635045532 3.388978421419573 1.5
    endloop
  endfacet
  facet normal -0.8032075314806486 0.5956993044924284 -1.6318220001455037e-18
    outer loop
      vertex -5.071964635045532 3.388978421419573 4.99
      vertex -4.715363765512706 3.8697990333982375 4.99
      vertex -4.715363765512706 3.8697990333982375 1.5
    endloop
  endfacet
  facet normal -0.7409511253549481 0.6715589548470305 -3.497307942554373e-18
    outer loop
      vertex -4.715363765512706 3.8697990333982375 4.99
      vertex -4.313351365237935 4.313351365237942 4.99
      vertex -4.313351365237935 4.313351365237942 1.5
    endloop
  endfacet
  facet normal -0.67155895484702 0.7409511253549576 -6.896956334286158e-19
    outer loop
      vertex -4.313351365237935 4.313351365237942 4.99
      vertex -3.8697990333982375 4.715363765512695 4.99
      vertex -3.8697990333982375 4.715363765512695 1.5
    endloop
  endfacet
  facet normal -0.5956993044924379 0.8032075314806414 1.7587810615911085e-18
    outer loop
      vertex -3.8697990333982375 4.715363765512695 4.99
      vertex -3.38897842141958 5.071964635045525 4.99
      vertex -3.38897842141958 5.071964635045525 1.5
    endloop
  endfacet
  facet normal -0.03299148003437856 0.0364004888657418 0.9987925543652577
    outer loop
      vertex -3.6062445840513817 3.6062445840513924 5.99
      vertex -3.2354057492345873 3.942353312149958 5.99
      vertex -3.2975871647925885 4.0181215862334305 5.985184726672197
    endloop
  endfacet
  facet normal 0 0 1
    outer loop
      vertex -3.6062445840513817 3.6062445840513924 5.99
      vertex -2.8334081883999716 4.24049502274298 5.99
      vertex -3.2354057492345873 3.942353312149958 5.99
    endloop
  endfacet
  facet normal -0.09865443768343614 0.10884839833526679 0.989150811608226
    outer loop
      vertex -3.7441942736928695 3.7441942736928624 5.970785280403231
      vertex -3.2975871647925885 4.0181215862334305 5.985184726672197
      vertex -3.359169739326944 4.093160170418329 5.970785280403231
    endloop
  endfacet
  facet normal -0.25494519922064973 0.34375380764183106 0.9037899452450698
    outer loop
      vertex -3.5344566732536578 4.306747917397537 5.871921264348355
      vertex -3.478177548687711 4.238171605696905 5.913879532511287
      vertex -3.046015712091787 4.55868466788619 5.913879532511287
    endloop
  endfacet
  facet normal -0.200899564136116 0.27088170452506033 0.9414151407766483
    outer loop
      vertex -3.478177548687711 4.238171605696905 5.913879532511287
      vertex -3.4195603989804226 4.166746402118687 5.946940335732209
      vertex -2.994681714184253 4.4818579107971175 5.946940335732209
    endloop
  endfacet
  facet normal -0.029264745215306198 0.039458941090797284 0.9987925543652577
    outer loop
      vertex -3.2975871647925885 4.0181215862334305 5.985184726672197
      vertex -3.2354057492345873 3.942353312149958 5.99
      vertex -2.8334081883999716 4.24049502274298 5.99
    endloop
  endfacet
  facet normal -0.14490736042896163 0.19538495745381207 0.9699621514751403
    outer loop
      vertex -3.359169739326944 4.093160170418329 5.970785280403231
      vertex -2.994681714184253 4.4818579107971175 5.946940335732209
      vertex -3.4195603989804226 4.166746402118687 5.946940335732209
    endloop
  endfacet
  facet normal -0.08751038086671603 0.11799408940853831 0.989150811608226
    outer loop
      vertex -3.359169739326944 4.093160170418329 5.970785280403231
      vertex -3.2975871647925885 4.0181215862334305 5.985184726672197
      vertex -2.9417945640623486 4.402706697153711 5.970785280403231
    endloop
  endfacet
  facet normal -0.14490736042896202 0.19538495745381237 0.9699621514751402
    outer loop
      vertex -3.359169739326944 4.093160170418329 5.970785280403231
      vertex -2.9417945640623486 4.402706697153711 5.970785280403231
      vertex -2.994681714184253 4.4818579107971175 5.946940335732209
    endloop
  endfacet
  facet normal 0 0 1
    outer loop
      vertex -3.6062445840513817 3.6062445840513924 5.99
      vertex -2.40412335781258 4.49779844817661 5.99
      vertex -2.8334081883999716 4.24049502274298 5.99
    endloop
  endfacet
  facet normal -0.087510380866707 0.11799408940853001 0.9891508116082277
    outer loop
      vertex -3.2975871647925885 4.0181215862334305 5.985184726672197
      vertex -2.8878635938927744 4.321993296411804 5.985184726672197
      vertex -2.9417945640623486 4.402706697153711 5.970785280403231
    endloop
  endfacet
  facet normal -0.02926474521530721 0.03945894109079939 0.9987925543652576
    outer loop
      vertex -3.2975871647925885 4.0181215862334305 5.985184726672197
      vertex -2.8334081883999716 4.24049502274298 5.99
      vertex -2.8878635938927744 4.321993296411804 5.985184726672197
    endloop
  endfacet
  facet normal -0.0252561749020739 0.042137382142699034 0.9987925543652575
    outer loop
      vertex -2.8878635938927744 4.321993296411804 5.985184726672197
      vertex -2.8334081883999716 4.24049502274298 5.99
      vertex -2.40412335781258 4.49779844817661 5.99
    endloop
  endfacet
  facet normal -0.3065222380302455 0.4132973939963996 0.8574551776674478
    outer loop
      vertex -3.58785577394346 4.371814909851281 5.821469612302545
      vertex -3.5344566732536578 4.306747917397537 5.871921264348355
      vertex -3.1420664722174365 4.702434788998623 5.821469612302545
    endloop
  endfacet
  facet normal -0.20089956413613408 0.27088170452509824 0.9414151407766336
    outer loop
      vertex -3.478177548687711 4.238171605696905 5.913879532511287
      vertex -2.994681714184253 4.4818579107971175 5.946940335732209
      vertex -3.046015712091787 4.55868466788619 5.913879532511287
    endloop
  endfacet
  facet normal -0.3065222380302365 0.4132973939963915 0.8574551776674548
    outer loop
      vertex -3.5344566732536578 4.306747917397537 5.871921264348355
      vertex -3.0953021833230707 4.632447084752378 5.871921264348355
      vertex -3.1420664722174365 4.702434788998623 5.821469612302545
    endloop
  endfacet
  facet normal -0.2549451992206324 0.3437538076417944 0.9037899452450885
    outer loop
      vertex -3.5344566732536578 4.306747917397537 5.871921264348355
      vertex -3.046015712091787 4.55868466788619 5.913879532511287
      vertex -3.0953021833230707 4.632447084752378 5.871921264348355
    endloop
  endfacet
  facet normal -0.35513357742989826 0.478842197602357 0.8028638066180265
    outer loop
      vertex -3.6378605882265163 4.432745952351574 5.763010453362737
      vertex -3.58785577394346 4.371814909851281 5.821469612302545
      vertex -3.1420664722174365 4.702434788998623 5.821469612302545
    endloop
  endfacet
  facet normal -0.35513357742988927 0.478842197602337 0.8028638066180424
    outer loop
      vertex -3.6378605882265163 4.432745952351574 5.763010453362737
      vertex -3.1420664722174365 4.702434788998623 5.821469612302545
      vertex -3.185858213108844 4.767973760773867 5.763010453362737
    endloop
  endfacet
  facet normal -0.4003118585553113 0.5397580579795894 0.7405482123036249
    outer loop
      vertex -3.6378605882265163 4.432745952351574 5.763010453362737
      vertex -3.185858213108844 4.767973760773867 5.763010453362737
      vertex -3.2262556675935343 4.82843282395266 5.697106781186548
    endloop
  endfacet
  facet normal -0.44162389796086715 0.5954608948657825 0.6711144875768152
    outer loop
      vertex -3.725798389436193 4.539898473158022 5.624393284163646
      vertex -3.2262556675935343 4.82843282395266 5.697106781186548
      vertex -3.262869786101305 4.883229724706311 5.624393284163646
    endloop
  endfacet
  facet normal -0.38113198409124505 0.635880299480317 0.6711144875768167
    outer loop
      vertex -3.262869786101305 4.883229724706311 5.624393284163646
      vertex -3.2262556675935343 4.82843282395266 5.697106781186548
      vertex -2.7685179630601624 5.179532804560772 5.624393284163646
    endloop
  endfacet
  facet normal -0.17338112777824044 0.28926893584838476 0.9414151407766335
    outer loop
      vertex -3.046015712091787 4.55868466788619 5.913879532511287
      vertex -2.994681714184253 4.4818579107971175 5.946940335732209
      vertex -2.540962607420937 4.753806677761819 5.946940335732209
    endloop
  endfacet
  facet normal -0.26453602100788587 0.4413516872977751 0.8574551776674525
    outer loop
      vertex -3.1420664722174365 4.702434788998623 5.821469612302545
      vertex -3.0953021833230707 4.632447084752378 5.871921264348355
      vertex -2.62633824130279 4.913533254327884 5.871921264348355
    endloop
  endfacet
  facet normal -0.22002380320032597 0.36708753846888265 0.9037899452450889
    outer loop
      vertex -3.0953021833230707 4.632447084752378 5.871921264348355
      vertex -3.046015712091787 4.55868466788619 5.913879532511287
      vertex -2.62633824130279 4.913533254327884 5.871921264348355
    endloop
  endfacet
  facet normal -0.07552355124420035 0.12600343289866908 0.9891508116082276
    outer loop
      vertex -2.8878635938927744 4.321993296411804 5.985184726672197
      vertex -2.4503283179169557 4.584241848503865 5.985184726672197
      vertex -2.9417945640623486 4.402706697153711 5.970785280403231
    endloop
  endfacet
  facet normal -0.12505851708824856 0.20864753056148236 0.9699621514751405
    outer loop
      vertex -2.994681714184253 4.4818579107971175 5.946940335732209
      vertex -2.9417945640623486 4.402706697153711 5.970785280403231
      vertex -2.540962607420937 4.753806677761819 5.946940335732209
    endloop
  endfacet
  facet normal -0.07552355124420068 0.12600343289867003 0.9891508116082274
    outer loop
      vertex -2.9417945640623486 4.402706697153711 5.970785280403231
      vertex -2.4503283179169557 4.584241848503865 5.985184726672197
      vertex -2.4960882989973356 4.6698527516312005 5.970785280403231
    endloop
  endfacet
  facet normal -0.22002380320031711 0.36708753846887293 0.9037899452450949
    outer loop
      vertex -3.046015712091787 4.55868466788619 5.913879532511287
      vertex -2.5845190790668653 4.8352951046931985 5.913879532511287
      vertex -2.62633824130279 4.913533254327884 5.871921264348355
    endloop
  endfacet
  facet normal -0.12505851708824217 0.20864753056147523 0.969962151475143
    outer loop
      vertex -2.9417945640623486 4.402706697153711 5.970785280403231
      vertex -2.4960882989973356 4.6698527516312005 5.970785280403231
      vertex -2.540962607420937 4.753806677761819 5.946940335732209
    endloop
  endfacet
  facet normal -0.17338112777824563 0.289268935848399 0.9414151407766281
    outer loop
      vertex -3.046015712091787 4.55868466788619 5.913879532511287
      vertex -2.540962607420937 4.753806677761819 5.946940335732209
      vertex -2.5845190790668653 4.8352951046931985 5.913879532511287
    endloop
  endfacet
  facet normal -0.26453602100790224 0.44135168729782204 0.8574551776674232
    outer loop
      vertex -3.1420664722174365 4.702434788998623 5.821469612302545
      vertex -2.62633824130279 4.913533254327884 5.871921264348355
      vertex -2.666017352735679 4.987767650515568 5.821469612302545
    endloop
  endfacet
  facet normal -0.3064887693085612 0.5113456192346887 0.8028638066180442
    outer loop
      vertex -3.1420664722174365 4.702434788998623 5.821469612302545
      vertex -2.70317428183165 5.057283375440317 5.763010453362737
      vertex -3.185858213108844 4.767973760773867 5.763010453362737
    endloop
  endfacet
  facet normal -0.3454787062269915 0.5763963990151512 0.7405482123036223
    outer loop
      vertex -3.2262556675935343 4.82843282395266 5.697106781186548
      vertex -3.185858213108844 4.767973760773867 5.763010453362737
      vertex -2.70317428183165 5.057283375440317 5.763010453362737
    endloop
  endfacet
  facet normal -0.34547870622699584 0.5763963990151647 0.7405482123036096
    outer loop
      vertex -3.2262556675935343 4.82843282395266 5.697106781186548
      vertex -2.70317428183165 5.057283375440317 5.763010453362737
      vertex -2.737451187051448 5.121410954669948 5.697106781186548
    endloop
  endfacet
  facet normal -0.3811319840912274 0.6358802994802994 0.6711144875768436
    outer loop
      vertex -3.2262556675935343 4.82843282395266 5.697106781186548
      vertex -2.737451187051448 5.121410954669948 5.697106781186548
      vertex -2.7685179630601624 5.179532804560772 5.624393284163646
    endloop
  endfacet
  facet normal -0.30648876930856095 0.5113456192346884 0.8028638066180447
    outer loop
      vertex -3.1420664722174365 4.702434788998623 5.821469612302545
      vertex -2.666017352735679 4.987767650515568 5.821469612302545
      vertex -2.70317428183165 5.057283375440317 5.763010453362737
    endloop
  endfacet
  facet normal -0.4786746938066045 0.6454181099342187 0.5952360883532636
    outer loop
      vertex -3.725798389436193 4.539898473158022 5.624393284163646
      vertex -3.262869786101305 4.883229724706311 5.624393284163646
      vertex -3.2953479546556252 4.931836738925526 5.545570233019602
    endloop
  endfacet
  facet normal -0.5111109830681769 0.6891533831362101 0.5136469385667531
    outer loop
      vertex -3.794890676498312 4.624087668534116 5.461396736825998
      vertex -3.2953479546556252 4.931836738925526 5.545570233019602
      vertex -3.3233773907389264 4.973785754492077 5.461396736825998
    endloop
  endfacet
  facet normal -0.4131077068681343 0.689228569959239 0.5952360883532635
    outer loop
      vertex -3.2953479546556252 4.931836738925526 5.545570233019602
      vertex -3.262869786101305 4.883229724706311 5.624393284163646
      vertex -2.7685179630601624 5.179532804560772 5.624393284163646
    endloop
  endfacet
  facet normal -0.44110100012041537 0.7359325581829924 0.5136469385667608
    outer loop
      vertex -3.2953479546556252 4.931836738925526 5.545570233019602
      vertex -2.8198581639638576 5.275583564686411 5.461396736825998
      vertex -3.3233773907389264 4.973785754492077 5.461396736825998
    endloop
  endfacet
  facet normal -0.4648456824602253 0.7755481673355643 0.42713409093695054
    outer loop
      vertex -3.3466881555593204 5.008672779454397 5.37268343236509
      vertex -3.3233773907389264 4.973785754492077 5.461396736825998
      vertex -2.8198581639638576 5.275583564686411 5.461396736825998
    endloop
  endfacet
  facet normal -0.5386243369939951 0.7262508464416654 0.4271340909369606
    outer loop
      vertex -3.8215087200360074 4.656521848429062 5.37268343236509
      vertex -3.3233773907389264 4.973785754492077 5.461396736825998
      vertex -3.3466881555593204 5.008672779454397 5.37268343236509
    endloop
  endfacet
  facet normal -0.48411653564142615 0.8076996434739774 0.3365300370703238
    outer loop
      vertex -3.3650557537085604 5.036161832690908 5.280284677254462
      vertex -3.3466881555593204 5.008672779454397 5.37268343236509
      vertex -2.8552219094139275 5.341744478971499 5.280284677254462
    endloop
  endfacet
  facet normal -0.4987311766382044 0.8320826989028897 0.2427047499237605
    outer loop
      vertex -3.378303295175783 5.0559881795919 5.185090322016128
      vertex -3.3650557537085604 5.036161832690908 5.280284677254462
      vertex -2.8552219094139275 5.341744478971499 5.280284677254462
    endloop
  endfacet
  facet normal -0.4131077068681306 0.6892285699592252 0.595236088353282
    outer loop
      vertex -3.2953479546556252 4.931836738925526 5.545570233019602
      vertex -2.7685179630601624 5.179532804560772 5.624393284163646
      vertex -2.796075419821989 5.231089179925707 5.545570233019602
    endloop
  endfacet
  facet normal -0.4411010001204008 0.7359325581829799 0.5136469385667913
    outer loop
      vertex -3.2953479546556252 4.931836738925526 5.545570233019602
      vertex -2.796075419821989 5.231089179925707 5.545570233019602
      vertex -2.8198581639638576 5.275583564686411 5.461396736825998
    endloop
  endfacet
  facet normal -0.4648456824602314 0.7755481673356002 0.42713409093687854
    outer loop
      vertex -3.3466881555593204 5.008672779454397 5.37268343236509
      vertex -2.8198581639638576 5.275583564686411 5.461396736825998
      vertex -2.839637154658732 5.312587453594531 5.37268343236509
    endloop
  endfacet
  facet normal -0.48411653564138146 0.8076996434739485 0.3365300370704574
    outer loop
      vertex -3.3466881555593204 5.008672779454397 5.37268343236509
      vertex -2.839637154658732 5.312587453594531 5.37268343236509
      vertex -2.8552219094139275 5.341744478971499 5.280284677254462
    endloop
  endfacet
  facet normal 0 0 1
    outer loop
      vertex -3.6062445840513817 3.6062445840513924 5.99
      vertex -0.9949606422822512 5.002004930056476 5.99
      vertex -2.40412335781258 4.49779844817661 5.99
    endloop
  endfacet
  facet normal -0.02525617490207313 0.04213738214269691 0.9987925543652577
    outer loop
      vertex -2.8878635938927744 4.321993296411804 5.985184726672197
      vertex -2.40412335781258 4.49779844817661 5.99
      vertex -2.4503283179169557 4.584241848503865 5.985184726672197
    endloop
  endfacet
  facet normal -0.06280938853783989 0.13279929444951227 0.9891508116082272
    outer loop
      vertex -2.4960882989973356 4.6698527516312005 5.970785280403231
      vertex -2.4503283179169557 4.584241848503865 5.985184726672197
      vertex -1.9891950407538843 4.80234164559333 5.985184726672197
    endloop
  endfacet
  facet normal -0.10400529186403193 0.21990071389149463 0.9699621514751432
    outer loop
      vertex -2.4960882989973356 4.6698527516312005 5.970785280403231
      vertex -2.062772641716691 4.9799736877246055 5.946940335732209
      vertex -2.540962607420937 4.753806677761819 5.946940335732209
    endloop
  endfacet
  facet normal -0.021004373818104157 0.04441001716992627 0.9987925543652577
    outer loop
      vertex -2.40412335781258 4.49779844817661 5.99
      vertex -1.9891950407538843 4.80234164559333 5.985184726672197
      vertex -2.4503283179169557 4.584241848503865 5.985184726672197
    endloop
  endfacet
  facet normal -0.14419293638007358 0.30487034918898304 0.9414151407766287
    outer loop
      vertex -2.540962607420937 4.753806677761819 5.946940335732209
      vertex -2.098132114468683 5.0653390064008335 5.913879532511287
      vertex -2.5845190790668653 4.8352951046931985 5.913879532511287
    endloop
  endfacet
  facet normal -0.22000217749314974 0.46515552258314224 0.8574551776674256
    outer loop
      vertex -2.62633824130279 4.913533254327884 5.871921264348355
      vertex -2.132081226316245 5.147299412653712 5.871921264348355
      vertex -2.666017352735679 4.987767650515568 5.821469612302545
    endloop
  endfacet
  facet normal -0.18298345767795204 0.3868860156300424 0.9037899452450949
    outer loop
      vertex -2.5845190790668653 4.8352951046931985 5.913879532511287
      vertex -2.132081226316245 5.147299412653712 5.871921264348355
      vertex -2.62633824130279 4.913533254327884 5.871921264348355
    endloop
  endfacet
  facet normal -0.10400529186401587 0.21990071389147275 0.9699621514751499
    outer loop
      vertex -2.4960882989973356 4.6698527516312005 5.970785280403231
      vertex -2.0263433391122874 4.892025571309297 5.970785280403231
      vertex -2.062772641716691 4.9799736877246055 5.946940335732209
    endloop
  endfacet
  facet normal -0.18298345767793492 0.38688601563001934 0.9037899452451084
    outer loop
      vertex -2.5845190790668653 4.8352951046931985 5.913879532511287
      vertex -2.098132114468683 5.0653390064008335 5.913879532511287
      vertex -2.132081226316245 5.147299412653712 5.871921264348355
    endloop
  endfacet
  facet normal -0.14419293638007946 0.30487034918899103 0.9414151407766251
    outer loop
      vertex -2.540962607420937 4.753806677761819 5.946940335732209
      vertex -2.062772641716691 4.9799736877246055 5.946940335732209
      vertex -2.098132114468683 5.0653390064008335 5.913879532511287
    endloop
  endfacet
  facet normal -0.22000217749314901 0.4651555225831393 0.8574551776674274
    outer loop
      vertex -2.666017352735679 4.987767650515568 5.821469612302545
      vertex -2.132081226316245 5.147299412653712 5.871921264348355
      vertex -2.164293028753775 5.225065582966899 5.821469612302545
    endloop
  endfacet
  facet normal -0.2548923067950143 0.538924503023847 0.8028638066180439
    outer loop
      vertex -2.70317428183165 5.057283375440317 5.763010453362737
      vertex -2.666017352735679 4.987767650515568 5.821469612302545
      vertex -2.194457304515055 5.29788858660897 5.763010453362737
    endloop
  endfacet
  facet normal -0.2873184050998695 0.607483727637862 0.7405482123036118
    outer loop
      vertex -2.737451187051448 5.121410954669948 5.697106781186548
      vertex -2.70317428183165 5.057283375440317 5.763010453362737
      vertex -2.22228355513505 5.365067098245753 5.697106781186548
    endloop
  endfacet
  facet normal -0.3169695608669163 0.6701758292032853 0.671114487576839
    outer loop
      vertex -2.737451187051448 5.121410954669948 5.697106781186548
      vertex -2.22228355513505 5.365067098245753 5.697106781186548
      vertex -2.7685179630601624 5.179532804560772 5.624393284163646
    endloop
  endfacet
  facet normal -0.2548923067950298 0.5389245030238671 0.8028638066180256
    outer loop
      vertex -2.666017352735679 4.987767650515568 5.821469612302545
      vertex -2.164293028753775 5.225065582966899 5.821469612302545
      vertex -2.194457304515055 5.29788858660897 5.763010453362737
    endloop
  endfacet
  facet normal -0.28731840509985695 0.6074837276378461 0.7405482123036295
    outer loop
      vertex -2.70317428183165 5.057283375440317 5.763010453362737
      vertex -2.194457304515055 5.29788858660897 5.763010453362737
      vertex -2.22228355513505 5.365067098245753 5.697106781186548
    endloop
  endfacet
  facet normal -0.021004373818105194 0.044410017169927686 0.9987925543652575
    outer loop
      vertex -2.40412335781258 4.49779844817661 5.99
      vertex -1.9516855050619597 4.711785615807564 5.99
      vertex -1.9891950407538843 4.80234164559333 5.985184726672197
    endloop
  endfacet
  facet normal -0.06280938853784515 0.13279929444953273 0.9891508116082242
    outer loop
      vertex -2.4960882989973356 4.6698527516312005 5.970785280403231
      vertex -1.9891950407538843 4.80234164559333 5.985184726672197
      vertex -2.0263433391122874 4.892025571309297 5.970785280403231
    endloop
  endfacet
  facet normal 0 0 1
    outer loop
      vertex -2.40412335781258 4.49779844817661 5.99
      vertex -1.4804518539977494 4.8803957122342645 5.99
      vertex -1.9516855050619597 4.711785615807564 5.99
    endloop
  endfacet
  facet normal -0.016550289132107546 0.04625495945482614 0.9987925543652576
    outer loop
      vertex -1.9516855050619597 4.711785615807564 5.99
      vertex -1.4804518539977494 4.8803957122342645 5.99
      vertex -1.9891950407538843 4.80234164559333 5.985184726672197
    endloop
  endfacet
  facet normal -0.08195043882408969 0.2290361331367592 0.969962151475149
    outer loop
      vertex -2.0263433391122874 4.892025571309297 5.970785280403231
      vertex -1.537083585159678 5.067085510482482 5.970785280403231
      vertex -2.062772641716691 4.9799736877246055 5.946940335732209
    endloop
  endfacet
  facet normal -0.049490337084760395 0.13831622619934378 0.9891508116082242
    outer loop
      vertex -2.0263433391122874 4.892025571309297 5.970785280403231
      vertex -1.9891950407538843 4.80234164559333 5.985184726672197
      vertex -1.537083585159678 5.067085510482482 5.970785280403231
    endloop
  endfacet
  facet normal -0.11361608818069026 0.31753569440780044 0.9414151407766255
    outer loop
      vertex -2.098132114468683 5.0653390064008335 5.913879532511287
      vertex -2.062772641716691 4.9799736877246055 5.946940335732209
      vertex -1.5915389906524808 5.246600924480866 5.913879532511287
    endloop
  endfacet
  facet normal -0.1441808814291996 0.40295856896726584 0.9037899452451064
    outer loop
      vertex -2.098132114468683 5.0653390064008335 5.913879532511287
      vertex -1.5915389906524808 5.246600924480866 5.913879532511287
      vertex -2.132081226316245 5.147299412653712 5.871921264348355
    endloop
  endfacet
  facet normal -0.14418088142920102 0.4029585689672755 0.9037899452451017
    outer loop
      vertex -2.132081226316245 5.147299412653712 5.871921264348355
      vertex -1.5915389906524808 5.246600924480866 5.913879532511287
      vertex -1.6172911036061066 5.3314942638356015 5.871921264348355
    endloop
  endfacet
  facet normal -0.3668429734111411 0.7756243003928073 0.5136469385667952
    outer loop
      vertex -2.8198581639638576 5.275583564686411 5.461396736825998
      vertex -2.796075419821989 5.231089179925707 5.545570233019602
      vertex -2.2891821615785375 5.526574621225482 5.461396736825998
    endloop
  endfacet
  facet normal -0.38659030989388865 0.8173765354202874 0.42713409093688
    outer loop
      vertex -2.839637154658732 5.312587453594531 5.37268343236509
      vertex -2.8198581639638576 5.275583564686411 5.461396736825998
      vertex -2.3052388956552363 5.565339006400837 5.37268343236509
    endloop
  endfacet
  facet normal -0.4026169729012477 0.8512620673336714 0.3365300370704519
    outer loop
      vertex -2.839637154658732 5.312587453594531 5.37268343236509
      vertex -2.3178907173085577 5.595883205825029 5.280284677254462
      vertex -2.8552219094139275 5.341744478971499 5.280284677254462
    endloop
  endfacet
  facet normal -0.31696956086692035 0.6701758292033063 0.6711144875768161
    outer loop
      vertex -2.7685179630601624 5.179532804560772 5.624393284163646
      vertex -2.22228355513505 5.365067098245753 5.697106781186548
      vertex -2.2475037986089035 5.425954152086664 5.624393284163646
    endloop
  endfacet
  facet normal -0.17334959274369707 0.4844796559061192 0.8574551776674294
    outer loop
      vertex -2.164293028753775 5.225065582966899 5.821469612302545
      vertex -2.132081226316245 5.147299412653712 5.871921264348355
      vertex -1.6417253797820308 5.412043277542864 5.821469612302545
    endloop
  endfacet
  facet normal -0.17334959274369763 0.48447965590611997 0.8574551776674287
    outer loop
      vertex -2.132081226316245 5.147299412653712 5.871921264348355
      vertex -1.6172911036061066 5.3314942638356015 5.871921264348355
      vertex -1.6417253797820308 5.412043277542864 5.821469612302545
    endloop
  endfacet
  facet normal -0.20084109202872857 0.5613132492428047 0.8028638066180296
    outer loop
      vertex -2.194457304515055 5.29788858660897 5.763010453362737
      vertex -2.164293028753775 5.225065582966899 5.821469612302545
      vertex -1.664606503743613 5.487472234568081 5.763010453362737
    endloop
  endfacet
  facet normal -0.22639107066739747 0.6327206558790127 0.7405482123036294
    outer loop
      vertex -2.194457304515055 5.29788858660897 5.763010453362737
      vertex -1.664606503743613 5.487472234568081 5.763010453362737
      vertex -2.22228355513505 5.365067098245753 5.697106781186548
    endloop
  endfacet
  facet normal -0.24975454749825715 0.6980171993356992 0.6711144875768125
    outer loop
      vertex -2.2475037986089035 5.425954152086664 5.624393284163646
      vertex -2.22228355513505 5.365067098245753 5.697106781186548
      vertex -1.704844943966492 5.620120594999708 5.624393284163646
    endloop
  endfacet
  facet normal -0.2008410920286991 0.5613132492427576 0.80286380661807
    outer loop
      vertex -2.164293028753775 5.225065582966899 5.821469612302545
      vertex -1.6417253797820308 5.412043277542864 5.821469612302545
      vertex -1.664606503743613 5.487472234568081 5.763010453362737
    endloop
  endfacet
  facet normal -0.22639107066739989 0.6327206558790336 0.7405482123036109
    outer loop
      vertex -2.22228355513505 5.365067098245753 5.697106781186548
      vertex -1.664606503743613 5.487472234568081 5.763010453362737
      vertex -1.6857141177589483 5.55705471282144 5.697106781186548
    endloop
  endfacet
  facet normal -0.2497545474982582 0.6980171993357008 0.6711144875768104
    outer loop
      vertex -2.22228355513505 5.365067098245753 5.697106781186548
      vertex -1.6857141177589483 5.55705471282144 5.697106781186548
      vertex -1.704844943966492 5.620120594999708 5.624393284163646
    endloop
  endfacet
  facet normal -0.3435622668849073 0.7264013820848597 0.5952360883532763
    outer loop
      vertex -2.796075419821989 5.231089179925707 5.545570233019602
      vertex -2.7685179630601624 5.179532804560772 5.624393284163646
      vertex -2.2698751502051664 5.479963372518977 5.545570233019602
    endloop
  endfacet
  facet normal -0.34356226688491265 0.7264013820848658 0.5952360883532657
    outer loop
      vertex -2.7685179630601624 5.179532804560772 5.624393284163646
      vertex -2.2475037986089035 5.425954152086664 5.624393284163646
      vertex -2.2698751502051664 5.479963372518977 5.545570233019602
    endloop
  endfacet
  facet normal -0.36684297341114336 0.7756243003928098 0.5136469385667898
    outer loop
      vertex -2.796075419821989 5.231089179925707 5.545570233019602
      vertex -2.2698751502051664 5.479963372518977 5.545570233019602
      vertex -2.2891821615785375 5.526574621225482 5.461396736825998
    endloop
  endfacet
  facet normal -0.3865903098938634 0.8173765354202636 0.4271340909369485
    outer loop
      vertex -2.3052388956552363 5.565339006400837 5.37268343236509
      vertex -2.8198581639638576 5.275583564686411 5.461396736825998
      vertex -2.2891821615785375 5.526574621225482 5.461396736825998
    endloop
  endfacet
  facet normal -0.4026169729012688 0.8512620673336881 0.3365300370703843
    outer loop
      vertex -2.839637154658732 5.312587453594531 5.37268343236509
      vertex -2.3052388956552363 5.565339006400837 5.37268343236509
      vertex -2.3178907173085577 5.595883205825029 5.280284677254462
    endloop
  endfacet
  facet normal -0.41477128304142086 0.8769601970036199 0.24270474992374103
    outer loop
      vertex -2.8552219094139275 5.341744478971499 5.280284677254462
      vertex -2.3178907173085577 5.595883205825029 5.280284677254462
      vertex -2.327015782579821 5.617913062160451 5.185090322016128
    endloop
  endfacet
  facet normal -0.2707081344613473 0.7565785518096326 0.5952360883532652
    outer loop
      vertex -2.2698751502051664 5.479963372518977 5.545570233019602
      vertex -2.2475037986089035 5.425954152086664 5.624393284163646
      vertex -1.704844943966492 5.620120594999708 5.624393284163646
    endloop
  endfacet
  facet normal -0.2890520483311671 0.8078463565904814 0.5136469385667956
    outer loop
      vertex -2.2891821615785375 5.526574621225482 5.461396736825998
      vertex -2.2698751502051664 5.479963372518977 5.545570233019602
      vertex -1.736460083582955 5.724341743029154 5.461396736825998
    endloop
  endfacet
  facet normal -0.3046118613114718 0.8513331206454 0.4271340909369392
    outer loop
      vertex -2.3052388956552363 5.565339006400837 5.37268343236509
      vertex -2.2891821615785375 5.526574621225482 5.461396736825998
      vertex -1.736460083582955 5.724341743029154 5.461396736825998
    endloop
  endfacet
  facet normal -0.2707081344613481 0.7565785518096452 0.5952360883532488
    outer loop
      vertex -2.2698751502051664 5.479963372518977 5.545570233019602
      vertex -1.704844943966492 5.620120594999708 5.624393284163646
      vertex -1.7218147420518903 5.6760625221821925 5.545570233019602
    endloop
  endfacet
  facet normal -0.28905204833116765 0.8078463565904822 0.513646938566794
    outer loop
      vertex -2.2698751502051664 5.479963372518977 5.545570233019602
      vertex -1.7218147420518903 5.6760625221821925 5.545570233019602
      vertex -1.736460083582955 5.724341743029154 5.461396736825998
    endloop
  endfacet
  facet normal -0.31723998861925795 0.88662637213781 0.3365300370703907
    outer loop
      vertex -2.3178907173085577 5.595883205825029 5.280284677254462
      vertex -2.3052388956552363 5.565339006400837 5.37268343236509
      vertex -1.7582369705075678 5.796130518385539 5.280284677254462
    endloop
  endfacet
  facet normal -0.3268169152519217 0.9133920890119822 0.24270474992374041
    outer loop
      vertex -2.327015782579821 5.617913062160451 5.185090322016128
      vertex -2.3178907173085577 5.595883205825029 5.280284677254462
      vertex -1.7582369705075678 5.796130518385539 5.280284677254462
    endloop
  endfacet
  facet normal -0.30461186131147167 0.8513331206454047 0.42713409093693017
    outer loop
      vertex -2.3052388956552363 5.565339006400837 5.37268343236509
      vertex -1.736460083582955 5.724341743029154 5.461396736825998
      vertex -1.7486399259148016 5.764493302251733 5.37268343236509
    endloop
  endfacet
  facet normal -0.3172399886192405 0.8866263721377933 0.33653003707045165
    outer loop
      vertex -2.3052388956552363 5.565339006400837 5.37268343236509
      vertex -1.7486399259148016 5.764493302251733 5.37268343236509
      vertex -1.7582369705075678 5.796130518385539 5.280284677254462
    endloop
  endfacet
  facet normal -0.5085515390773431 0.8484669837948869 0.14655752970104477
    outer loop
      vertex -3.3863031988947796 5.067960881598527 5.08801714032956
      vertex -3.378303295175783 5.0559881795919 5.185090322016128
      vertex -2.8732501905049332 5.375473020583527 5.08801714032956
    endloop
  endfacet
  facet normal -0.5134849731877885 0.856697921345599 0.04900871220983101
    outer loop
      vertex -3.38897842141958 5.071964635045525 4.99
      vertex -3.3863031988947796 5.067960881598527 5.08801714032956
      vertex -2.875520094638574 5.379719712524967 4.99
    endloop
  endfacet
  facet normal -0.4987311766382035 0.8320826989029045 0.24270474992371138
    outer loop
      vertex -3.378303295175783 5.0559881795919 5.185090322016128
      vertex -2.8552219094139275 5.341744478971499 5.280284677254462
      vertex -2.866462338521643 5.362773842724081 5.185090322016128
    endloop
  endfacet
  facet normal -0.5085515390773294 0.8484669837948844 0.14655752970110714
    outer loop
      vertex -3.378303295175783 5.0559881795919 5.185090322016128
      vertex -2.866462338521643 5.362773842724081 5.185090322016128
      vertex -2.8732501905049332 5.375473020583527 5.08801714032956
    endloop
  endfacet
  facet normal -0.5134849731878127 0.8566979213455929 0.04900871220968548
    outer loop
      vertex -3.3863031988947796 5.067960881598527 5.08801714032956
      vertex -2.8732501905049332 5.375473020583527 5.08801714032956
      vertex -2.875520094638574 5.379719712524967 4.99
    endloop
  endfacet
  facet normal -0.41477128304142863 0.8769601970036246 0.242704749923711
    outer loop
      vertex -2.866462338521643 5.362773842724081 5.185090322016128
      vertex -2.8552219094139275 5.341744478971499 5.280284677254462
      vertex -2.327015782579821 5.617913062160451 5.185090322016128
    endloop
  endfacet
  facet normal -0.4229384169997702 0.8942281509288538 0.14655752970110997
    outer loop
      vertex -2.8732501905049332 5.375473020583527 5.08801714032956
      vertex -2.866462338521643 5.362773842724081 5.185090322016128
      vertex -2.332526212102181 5.631216415847845 5.08801714032956
    endloop
  endfacet
  facet normal -0.42704132231560554 0.9029030153690297 0.04900871220969522
    outer loop
      vertex -2.875520094638574 5.379719712524967 4.99
      vertex -2.8732501905049332 5.375473020583527 5.08801714032956
      vertex -2.332526212102181 5.631216415847845 5.08801714032956
    endloop
  endfacet
  facet normal -0.4229384169997773 0.8942281509288559 0.14655752970107658
    outer loop
      vertex -2.332526212102181 5.631216415847845 5.08801714032956
      vertex -2.866462338521643 5.362773842724081 5.185090322016128
      vertex -2.327015782579821 5.617913062160451 5.185090322016128
    endloop
  endfacet
  facet normal -0.4270413223156207 0.9029030153690161 0.04900871220981418
    outer loop
      vertex -2.875520094638574 5.379719712524967 4.99
      vertex -2.332526212102181 5.631216415847845 5.08801714032956
      vertex -2.334368937427058 5.63566514831885 4.99
    endloop
  endfacet
  facet normal -0.3332521667648523 0.931377412134548 0.14655752970108105
    outer loop
      vertex -2.332526212102181 5.631216415847845 5.08801714032956
      vertex -2.327015782579821 5.617913062160451 5.185090322016128
      vertex -1.7693387311883555 5.832728118691524 5.08801714032956
    endloop
  endfacet
  facet normal -0.3364850300649781 0.9404126597774554 0.04900871220979779
    outer loop
      vertex -2.334368937427058 5.63566514831885 4.99
      vertex -2.332526212102181 5.631216415847845 5.08801714032956
      vertex -1.7693387311883555 5.832728118691524 5.08801714032956
    endloop
  endfacet
  facet normal -0.32681691525191586 0.9133920890120049 0.2427047499236629
    outer loop
      vertex -2.327015782579821 5.617913062160451 5.185090322016128
      vertex -1.7582369705075678 5.796130518385539 5.280284677254462
      vertex -1.7651587925755337 5.818948707744539 5.185090322016128
    endloop
  endfacet
  facet normal -0.33325216676485203 0.931377412134548 0.14655752970108246
    outer loop
      vertex -2.327015782579821 5.617913062160451 5.185090322016128
      vertex -1.7651587925755337 5.818948707744539 5.185090322016128
      vertex -1.7693387311883555 5.832728118691524 5.08801714032956
    endloop
  endfacet
  facet normal -0.33648503006497793 0.9404126597774555 0.049008712209796405
    outer loop
      vertex -2.334368937427058 5.63566514831885 4.99
      vertex -1.7693387311883555 5.832728118691524 5.08801714032956
      vertex -1.7707365312522256 5.837336047966474 4.99
    endloop
  endfacet
  facet normal 0 0 1
    outer loop
      vertex -2.40412335781258 4.49779844817661 5.99
      vertex -0.9949606422822512 5.002004930056476 5.99
      vertex -1.4804518539977494 4.8803957122342645 5.99
    endloop
  endfacet
  facet normal -0.016550289132107092 0.04625495945482316 0.9987925543652578
    outer loop
      vertex -1.9891950407538843 4.80234164559333 5.985184726672197
      vertex -1.4804518539977494 4.8803957122342645 5.99
      vertex -1.5089047279437295 4.974192267408746 5.985184726672197
    endloop
  endfacet
  facet normal -0.049490337084757245 0.13831622619933845 0.9891508116082252
    outer loop
      vertex -1.9891950407538843 4.80234164559333 5.985184726672197
      vertex -1.5089047279437295 4.974192267408746 5.985184726672197
      vertex -1.537083585159678 5.067085510482482 5.970785280403231
    endloop
  endfacet
  facet normal -0.0819504388240941 0.22903613313678783 0.9699621514751419
    outer loop
      vertex -2.062772641716691 4.9799736877246055 5.946940335732209
      vertex -1.537083585159678 5.067085510482482 5.970785280403231
      vertex -1.5647170478464716 5.158180828744065 5.946940335732209
    endloop
  endfacet
  facet normal -0.11361608818068031 0.31753569440778373 0.9414151407766324
    outer loop
      vertex -2.062772641716691 4.9799736877246055 5.946940335732209
      vertex -1.5647170478464716 5.158180828744065 5.946940335732209
      vertex -1.5915389906524808 5.246600924480866 5.913879532511287
    endloop
  endfacet
  facet normal -0.011936816114460555 0.04765444119463859 0.9987925543652577
    outer loop
      vertex -1.4804518539977494 4.8803957122342645 5.99
      vertex -1.0140828377522553 5.098138698518927 5.985184726672197
      vertex -1.5089047279437295 4.974192267408746 5.985184726672197
    endloop
  endfacet
  facet normal -0.05910635825961697 0.2359658092160778 0.9699621514751425
    outer loop
      vertex -1.537083585159678 5.067085510482482 5.970785280403231
      vertex -1.0330208760265975 5.193346646239021 5.970785280403231
      vertex -1.5647170478464716 5.158180828744065 5.946940335732209
    endloop
  endfacet
  facet normal -0.03569466663137375 0.14250109707951214 0.989150811608225
    outer loop
      vertex -1.537083585159678 5.067085510482482 5.970785280403231
      vertex -1.5089047279437295 4.974192267408746 5.985184726672197
      vertex -1.0140828377522553 5.098138698518927 5.985184726672197
    endloop
  endfacet
  facet normal -0.011936816114460645 0.047654441194638776 0.9987925543652577
    outer loop
      vertex -1.4804518539977494 4.8803957122342645 5.99
      vertex -0.9949606422822512 5.002004930056476 5.99
      vertex -1.0140828377522553 5.098138698518927 5.985184726672197
    endloop
  endfacet
  facet normal -0.05910635825961643 0.23596580921606813 0.969962151475145
    outer loop
      vertex -1.5647170478464716 5.158180828744065 5.946940335732209
      vertex -1.0330208760265975 5.193346646239021 5.970785280403231
      vertex -1.0515923734441799 5.286711868634253 5.946940335732209
    endloop
  endfacet
  facet normal -0.03569466663137392 0.1425010970795151 0.9891508116082248
    outer loop
      vertex -1.537083585159678 5.067085510482482 5.970785280403231
      vertex -1.0140828377522553 5.098138698518927 5.985184726672197
      vertex -1.0330208760265975 5.193346646239021 5.970785280403231
    endloop
  endfacet
  facet normal 0 0 1
    outer loop
      vertex -3.6062445840513817 3.6062445840513924 5.99
      vertex 3.6062445840513817 3.6062445840513924 5.99
      vertex -0.9949606422822512 5.002004930056476 5.99
    endloop
  endfacet
  facet normal -0.007208385032303866 0.04859498461518263 0.9987925543652577
    outer loop
      vertex -0.9949606422822512 5.002004930056476 5.99
      vertex -0.499887415680746 5.075442106028206 5.99
      vertex -1.0140828377522553 5.098138698518927 5.985184726672197
    endloop
  endfacet
  facet normal -0.021555237025639145 0.14531360449578684 0.9891508116082252
    outer loop
      vertex -1.0140828377522553 5.098138698518927 5.985184726672197
      vertex -0.5094947754791406 5.1729872670362695 5.985184726672197
      vertex -1.0330208760265975 5.193346646239021 5.970785280403231
    endloop
  endfacet
  facet normal -0.035693051154274916 0.24062300556058294 0.9699621514751439
    outer loop
      vertex -1.0515923734441799 5.286711868634253 5.946940335732209
      vertex -1.0330208760265975 5.193346646239021 5.970785280403231
      vertex -0.5190096111507501 5.269593014820217 5.970785280403231
    endloop
  endfacet
  facet normal -0.007208385032303858 0.04859498461518279 0.9987925543652576
    outer loop
      vertex -1.0140828377522553 5.098138698518927 5.985184726672197
      vertex -0.499887415680746 5.075442106028206 5.99
      vertex -0.5094947754791406 5.1729872670362695 5.985184726672197
    endloop
  endfacet
  facet normal -0.021555237025639277 0.14531360449578376 0.9891508116082257
    outer loop
      vertex -1.0330208760265975 5.193346646239021 5.970785280403231
      vertex -0.5094947754791406 5.1729872670362695 5.985184726672197
      vertex -0.5190096111507501 5.269593014820217 5.970785280403231
    endloop
  endfacet
  facet normal 0 0 1
    outer loop
      vertex -0.9949606422822512 5.002004930056476 5.99
      vertex 0.499887415680746 5.075442106028206 5.99
      vertex -0.499887415680746 5.075442106028206 5.99
    endloop
  endfacet
  facet normal -0.0024105332617821336 0.04906753176916161 0.9987925543652576
    outer loop
      vertex -0.499887415680746 5.075442106028206 5.99
      vertex 0 5.198017140329561 5.985184726672197
      vertex -0.5094947754791406 5.1729872670362695 5.985184726672197
    endloop
  endfacet
  facet normal -0.0072082187040574735 0.14672666246426733 0.9891508116082256
    outer loop
      vertex -0.5094947754791406 5.1729872670362695 5.985184726672197
      vertex 0 5.295090322016129 5.970785280403231
      vertex -0.5190096111507501 5.269593014820217 5.970785280403231
    endloop
  endfacet
  facet normal -0.0024105332617822485 0.04906753176916208 0.9987925543652577
    outer loop
      vertex -0.499887415680746 5.075442106028206 5.99
      vertex 0 5.100000000000001 5.99
      vertex 0 5.198017140329561 5.985184726672197
    endloop
  endfacet
  facet normal -0.007208218704057256 0.14672666246426644 0.9891508116082257
    outer loop
      vertex -0.5094947754791406 5.1729872670362695 5.985184726672197
      vertex 0 5.198017140329561 5.985184726672197
      vertex 0 5.295090322016129 5.970785280403231
    endloop
  endfacet
  facet normal -0.0819450549432513 0.32714299730677787 0.9414151407766316
    outer loop
      vertex -1.5915389906524808 5.246600924480866 5.913879532511287
      vertex -1.5647170478464716 5.158180828744065 5.946940335732209
      vertex -1.0696184763326073 5.37733520757434 5.913879532511287
    endloop
  endfacet
  facet normal -0.10398976447501294 0.41515041100580863 0.9037899452450993
    outer loop
      vertex -1.6172911036061066 5.3314942638356015 5.871921264348355
      vertex -1.5915389906524808 5.246600924480866 5.913879532511287
      vertex -1.0869255834669787 5.464343910765528 5.871921264348355
    endloop
  endfacet
  facet normal -0.12502755665360454 0.4991379852991968 0.8574551776674326
    outer loop
      vertex -1.6172911036061066 5.3314942638356015 5.871921264348355
      vertex -1.0869255834669787 5.464343910765528 5.871921264348355
      vertex -1.6417253797820308 5.412043277542864 5.821469612302545
    endloop
  endfacet
  facet normal -0.14485566775526937 0.578296242026463 0.8028638066180624
    outer loop
      vertex -1.664606503743613 5.487472234568081 5.763010453362737
      vertex -1.6417253797820308 5.412043277542864 5.821469612302545
      vertex -1.1033470179446283 5.5469000368322945 5.821469612302545
    endloop
  endfacet
  facet normal -0.16328346646645214 0.6518641383237953 0.7405482123036115
    outer loop
      vertex -1.6857141177589483 5.55705471282144 5.697106781186548
      vertex -1.664606503743613 5.487472234568081 5.763010453362737
      vertex -1.132910331923739 5.695524852717547 5.697106781186548
    endloop
  endfacet
  facet normal -0.1801342613074539 0.7191362822634728 0.6711144875768132
    outer loop
      vertex -1.704844943966492 5.620120594999708 5.624393284163646
      vertex -1.6857141177589483 5.55705471282144 5.697106781186548
      vertex -1.132910331923739 5.695524852717547 5.697106781186548
    endloop
  endfacet
  facet normal -0.18013426130745389 0.7191362822634789 0.6711144875768066
    outer loop
      vertex -1.704844943966492 5.620120594999708 5.624393284163646
      vertex -1.132910331923739 5.695524852717547 5.697106781186548
      vertex -1.145767500550619 5.760162204312476 5.624393284163646
    endloop
  endfacet
  facet normal -0.08194505494324848 0.3271429973067719 0.9414151407766339
    outer loop
      vertex -1.5647170478464716 5.158180828744065 5.946940335732209
      vertex -1.0515923734441799 5.286711868634253 5.946940335732209
      vertex -1.0696184763326073 5.37733520757434 5.913879532511287
    endloop
  endfacet
  facet normal -0.10398976447503062 0.415150411005846 0.9037899452450802
    outer loop
      vertex -1.5915389906524808 5.246600924480866 5.913879532511287
      vertex -1.0696184763326073 5.37733520757434 5.913879532511287
      vertex -1.0869255834669787 5.464343910765528 5.871921264348355
    endloop
  endfacet
  facet normal -0.12502755665360293 0.4991379852991574 0.8574551776674558
    outer loop
      vertex -1.6417253797820308 5.412043277542864 5.821469612302545
      vertex -1.0869255834669787 5.464343910765528 5.871921264348355
      vertex -1.1033470179446283 5.5469000368322945 5.821469612302545
    endloop
  endfacet
  facet normal -0.0494848460309807 0.33359973430715106 0.9414151407766332
    outer loop
      vertex -1.0515923734441799 5.286711868634253 5.946940335732209
      vertex -0.5283402896267262 5.364328983218812 5.946940335732209
      vertex -1.0696184763326073 5.37733520757434 5.913879532511287
    endloop
  endfacet
  facet normal -0.06279716924235096 0.4233441276420819 0.9037899452450842
    outer loop
      vertex -1.0696184763326073 5.37733520757434 5.913879532511287
      vertex -0.5460923757851219 5.544568938720552 5.871921264348355
      vertex -1.0869255834669787 5.464343910765528 5.871921264348355
    endloop
  endfacet
  facet normal -0.07550143684592643 0.5089893430372379 0.8574551776674519
    outer loop
      vertex -1.1033470179446283 5.5469000368322945 5.821469612302545
      vertex -1.0869255834669787 5.464343910765528 5.871921264348355
      vertex -0.5460923757851219 5.544568938720552 5.871921264348355
    endloop
  endfacet
  facet normal -0.1448556677552705 0.5782962420265 0.8028638066180356
    outer loop
      vertex -1.664606503743613 5.487472234568081 5.763010453362737
      vertex -1.1033470179446283 5.5469000368322945 5.821469612302545
      vertex -1.118724632374608 5.624208525150841 5.763010453362737
    endloop
  endfacet
  facet normal -0.16328346646644565 0.6518641383237826 0.7405482123036241
    outer loop
      vertex -1.664606503743613 5.487472234568081 5.763010453362737
      vertex -1.118724632374608 5.624208525150841 5.763010453362737
      vertex -1.132910331923739 5.695524852717547 5.697106781186548
    endloop
  endfacet
  facet normal -0.087475204215181 0.5897099258705989 0.8028638066180372
    outer loop
      vertex -1.118724632374608 5.624208525150841 5.763010453362737
      vertex -1.1033470179446283 5.5469000368322945 5.821469612302545
      vertex -0.5620688312387472 5.706780613131279 5.763010453362737
    endloop
  endfacet
  facet normal -0.09860335322361254 0.664729812771306 0.7405482123036177
    outer loop
      vertex -1.132910331923739 5.695524852717547 5.697106781186548
      vertex -1.118724632374608 5.624208525150841 5.763010453362737
      vertex -0.5620688312387472 5.706780613131279 5.763010453362737
    endloop
  endfacet
  facet normal -0.10877918370885835 0.7333296896731656 0.6711144875768166
    outer loop
      vertex -1.145767500550619 5.760162204312476 5.624393284163646
      vertex -1.132910331923739 5.695524852717547 5.697106781186548
      vertex -0.5756556897642326 5.844730302772749 5.624393284163646
    endloop
  endfacet
  facet normal -0.20847739401383855 0.8322884107604487 0.5136469385667995
    outer loop
      vertex -1.7218147420518903 5.6760625221821925 5.545570233019602
      vertex -1.1670149457368382 5.866980324603947 5.461396736825998
      vertex -1.736460083582955 5.724341743029154 5.461396736825998
    endloop
  endfacet
  facet normal -0.19524693471879784 0.7794694564925734 0.5952360883532564
    outer loop
      vertex -1.7218147420518903 5.6760625221821925 5.545570233019602
      vertex -1.704844943966492 5.620120594999708 5.624393284163646
      vertex -1.1571723166929928 5.817498086905392 5.545570233019602
    endloop
  endfacet
  facet normal -0.19524693471878762 0.7794694564925557 0.5952360883532831
    outer loop
      vertex -1.704844943966492 5.620120594999708 5.624393284163646
      vertex -1.145767500550619 5.760162204312476 5.624393284163646
      vertex -1.1571723166929928 5.817498086905392 5.545570233019602
    endloop
  endfacet
  facet normal -0.20847739401384388 0.8322884107604572 0.5136469385667835
    outer loop
      vertex -1.7218147420518903 5.6760625221821925 5.545570233019602
      vertex -1.1571723166929928 5.817498086905392 5.545570233019602
      vertex -1.1670149457368382 5.866980324603947 5.461396736825998
    endloop
  endfacet
  facet normal -0.2196998339868675 0.8770909025327067 0.42713409093691523
    outer loop
      vertex -1.736460083582955 5.724341743029154 5.461396736825998
      vertex -1.1670149457368382 5.866980324603947 5.461396736825998
      vertex -1.1752005977839985 5.9081323764093625 5.37268343236509
    endloop
  endfacet
  facet normal -0.2196998339868662 0.8770909025327049 0.42713409093691956
    outer loop
      vertex -1.7486399259148016 5.764493302251733 5.37268343236509
      vertex -1.736460083582955 5.724341743029154 5.461396736825998
      vertex -1.1752005977839985 5.9081323764093625 5.37268343236509
    endloop
  endfacet
  facet normal -0.2288078098258031 0.9134519802989559 0.336530037070445
    outer loop
      vertex -1.7582369705075678 5.796130518385539 5.280284677254462
      vertex -1.7486399259148016 5.764493302251733 5.37268343236509
      vertex -1.1816504405304613 5.94055792556675 5.280284677254462
    endloop
  endfacet
  facet normal -0.2357151219122215 0.9410275158922794 0.24270474992367286
    outer loop
      vertex -1.7651587925755337 5.818948707744539 5.185090322016128
      vertex -1.7582369705075678 5.796130518385539 5.280284677254462
      vertex -1.1816504405304613 5.94055792556675 5.280284677254462
    endloop
  endfacet
  facet normal -0.22880780982581872 0.9134519802989743 0.33653003707038415
    outer loop
      vertex -1.7486399259148016 5.764493302251733 5.37268343236509
      vertex -1.1752005977839985 5.9081323764093625 5.37268343236509
      vertex -1.1816504405304613 5.94055792556675 5.280284677254462
    endloop
  endfacet
  facet normal -0.11790540026206583 0.7948536442081245 0.5952360883532735
    outer loop
      vertex -1.1571723166929928 5.817498086905392 5.545570233019602
      vertex -1.145767500550619 5.760162204312476 5.624393284163646
      vertex -0.5756556897642326 5.844730302772749 5.624393284163646
    endloop
  endfacet
  facet normal -0.125894988426824 0.848715072559671 0.5136469385667961
    outer loop
      vertex -1.1670149457368382 5.866980324603947 5.461396736825998
      vertex -1.1571723166929928 5.817498086905392 5.545570233019602
      vertex -0.5863308160080294 5.953116678435119 5.461396736825998
    endloop
  endfacet
  facet normal -0.132671977160817 0.8944018195619601 0.4271340909369034
    outer loop
      vertex -1.1752005977839985 5.9081323764093625 5.37268343236509
      vertex -1.1670149457368382 5.866980324603947 5.461396736825998
      vertex -0.5904434454665193 5.994872906068487 5.37268343236509
    endloop
  endfacet
  facet normal -0.13817208674468942 0.9314805465462029 0.33653003707040036
    outer loop
      vertex -1.1816504405304613 5.94055792556675 5.280284677254462
      vertex -1.1752005977839985 5.9081323764093625 5.37268343236509
      vertex -0.5904434454665193 5.994872906068487 5.37268343236509
    endloop
  endfacet
  facet normal -0.14234326309353573 0.9596003333765272 0.24270474992373442
    outer loop
      vertex -1.1863023584647863 5.963944696312119 5.185090322016128
      vertex -1.1816504405304613 5.94055792556675 5.280284677254462
      vertex -0.5936839708552384 6.027774512485461 5.280284677254462
    endloop
  endfacet
  facet normal -0.035693051154274645 0.24062300556058924 0.9699621514751423
    outer loop
      vertex -1.0515923734441799 5.286711868634253 5.946940335732209
      vertex -0.5190096111507501 5.269593014820217 5.970785280403231
      vertex -0.5283402896267262 5.364328983218812 5.946940335732209
    endloop
  endfacet
  facet normal -0.04948484603098094 0.33359973430714596 0.9414151407766351
    outer loop
      vertex -1.0696184763326073 5.37733520757434 5.913879532511287
      vertex -0.5283402896267262 5.364328983218812 5.946940335732209
      vertex -0.537396951372699 5.456282813068434 5.913879532511287
    endloop
  endfacet
  facet normal -0.06279716924234689 0.4233441276420705 0.9037899452450898
    outer loop
      vertex -1.0696184763326073 5.37733520757434 5.913879532511287
      vertex -0.537396951372699 5.456282813068434 5.913879532511287
      vertex -0.5460923757851219 5.544568938720552 5.871921264348355
    endloop
  endfacet
  facet normal -0.07550143684592524 0.5089893430372586 0.8574551776674397
    outer loop
      vertex -1.1033470179446283 5.5469000368322945 5.821469612302545
      vertex -0.5460923757851219 5.544568938720552 5.871921264348355
      vertex -0.5543428211735772 5.628337116523024 5.821469612302545
    endloop
  endfacet
  facet normal -0.08747520421517861 0.5897099258705927 0.802863806618042
    outer loop
      vertex -1.1033470179446283 5.5469000368322945 5.821469612302545
      vertex -0.5543428211735772 5.628337116523024 5.821469612302545
      vertex -0.5620688312387472 5.706780613131279 5.763010453362737
    endloop
  endfacet
  facet normal -0.09860335322361229 0.6647298127713092 0.740548212303615
    outer loop
      vertex -1.132910331923739 5.695524852717547 5.697106781186548
      vertex -0.5620688312387472 5.706780613131279 5.763010453362737
      vertex -0.5691960002803 5.7791439747913955 5.697106781186548
    endloop
  endfacet
  facet normal -0.10877918370885806 0.7333296896731648 0.6711144875768175
    outer loop
      vertex -1.132910331923739 5.695524852717547 5.697106781186548
      vertex -0.5691960002803 5.7791439747913955 5.697106781186548
      vertex -0.5756556897642326 5.844730302772749 5.624393284163646
    endloop
  endfacet
  facet normal -0.011936000454511379 0.2429628708236359 0.9699621514751424
    outer loop
      vertex -0.5190096111507501 5.269593014820217 5.970785280403231
      vertex 0 5.295090322016129 5.970785280403231
      vertex -0.5283402896267262 5.364328983218812 5.946940335732209
    endloop
  endfacet
  facet normal -0.016548071000269515 0.3368437235019856 0.941415140776633
    outer loop
      vertex -0.537396951372699 5.456282813068434 5.913879532511287
      vertex -0.5283402896267262 5.364328983218812 5.946940335732209
      vertex 0 5.482683432365089 5.913879532511287
    endloop
  endfacet
  facet normal -0.02099980294144135 0.4274608089056719 0.9037899452450936
    outer loop
      vertex -0.537396951372699 5.456282813068434 5.913879532511287
      vertex 0 5.571396736825996 5.871921264348355
      vertex -0.5460923757851219 5.544568938720552 5.871921264348355
    endloop
  endfacet
  facet normal -0.025248196928139323 0.5139388551600133 0.8574551776674353
    outer loop
      vertex -0.5543428211735772 5.628337116523024 5.821469612302545
      vertex -0.5460923757851219 5.544568938720552 5.871921264348355
      vertex 0 5.655570233019603 5.821469612302545
    endloop
  endfacet
  facet normal -0.011936000454512229 0.24296287082362988 0.9699621514751439
    outer loop
      vertex -0.5283402896267262 5.364328983218812 5.946940335732209
      vertex 0 5.295090322016129 5.970785280403231
      vertex 0 5.3902846772544635 5.946940335732209
    endloop
  endfacet
  facet normal -0.01654807100027236 0.3368437235019971 0.941415140776629
    outer loop
      vertex -0.5283402896267262 5.364328983218812 5.946940335732209
      vertex 0 5.3902846772544635 5.946940335732209
      vertex 0 5.482683432365089 5.913879532511287
    endloop
  endfacet
  facet normal -0.02099980294144373 0.4274608089056814 0.903789945245089
    outer loop
      vertex -0.537396951372699 5.456282813068434 5.913879532511287
      vertex 0 5.482683432365089 5.913879532511287
      vertex 0 5.571396736825996 5.871921264348355
    endloop
  endfacet
  facet normal -0.02524819692813387 0.5139388551599923 0.8574551776674479
    outer loop
      vertex -0.5460923757851219 5.544568938720552 5.871921264348355
      vertex 0 5.571396736825996 5.871921264348355
      vertex 0 5.655570233019603 5.821469612302545
    endloop
  endfacet
  facet normal -0.029252306639686962 0.5954443807603137 0.8028638066180491
    outer loop
      vertex -0.5620688312387472 5.706780613131279 5.763010453362737
      vertex -0.5543428211735772 5.628337116523024 5.821469612302545
      vertex 0 5.655570233019603 5.821469612302545
    endloop
  endfacet
  facet normal -0.032973635787155606 0.6711937757435628 0.7405482123036122
    outer loop
      vertex -0.5691960002803 5.7791439747913955 5.697106781186548
      vertex -0.5620688312387472 5.706780613131279 5.763010453362737
      vertex 0 5.8071067811865476 5.697106781186548
    endloop
  endfacet
  facet normal -0.03637650310640092 0.7404607312925243 0.6711144875768144
    outer loop
      vertex -0.5756556897642326 5.844730302772749 5.624393284163646
      vertex -0.5691960002803 5.7791439747913955 5.697106781186548
      vertex 0 5.873010453362738 5.624393284163646
    endloop
  endfacet
  facet normal -0.029252306639685113 0.5954443807603248 0.802863806618041
    outer loop
      vertex -0.5620688312387472 5.706780613131279 5.763010453362737
      vertex 0 5.655570233019603 5.821469612302545
      vertex 0 5.7343932841636445 5.763010453362737
    endloop
  endfacet
  facet normal -0.032973635787154364 0.6711937757435584 0.7405482123036162
    outer loop
      vertex -0.5620688312387472 5.706780613131279 5.763010453362737
      vertex 0 5.7343932841636445 5.763010453362737
      vertex 0 5.8071067811865476 5.697106781186548
    endloop
  endfacet
  facet normal -0.03637650310639722 0.7404607312925123 0.6711144875768278
    outer loop
      vertex -0.5691960002803 5.7791439747913955 5.697106781186548
      vertex 0 5.8071067811865476 5.697106781186548
      vertex 0 5.873010453362738 5.624393284163646
    endloop
  endfacet
  facet normal -0.11790540026206521 0.7948536442081295 0.595236088353267
    outer loop
      vertex -1.1571723166929928 5.817498086905392 5.545570233019602
      vertex -0.5756556897642326 5.844730302772749 5.624393284163646
      vertex -0.5813856893495881 5.902907964883749 5.545570233019602
    endloop
  endfacet
  facet normal -0.12589498842681396 0.848715072559651 0.5136469385668319
    outer loop
      vertex -1.1571723166929928 5.817498086905392 5.545570233019602
      vertex -0.5813856893495881 5.902907964883749 5.545570233019602
      vertex -0.5863308160080294 5.953116678435119 5.461396736825998
    endloop
  endfacet
  facet normal -0.13267197716082568 0.8944018195619753 0.42713409093686877
    outer loop
      vertex -0.5904434454665193 5.994872906068487 5.37268343236509
      vertex -1.1670149457368382 5.866980324603947 5.461396736825998
      vertex -0.5863308160080294 5.953116678435119 5.461396736825998
    endloop
  endfacet
  facet normal -0.13817208674469098 0.9314805465461979 0.33653003707041346
    outer loop
      vertex -1.1816504405304613 5.94055792556675 5.280284677254462
      vertex -0.5904434454665193 5.994872906068487 5.37268343236509
      vertex -0.5936839708552384 6.027774512485461 5.280284677254462
    endloop
  endfacet
  facet normal -0.03942837234716855 0.8025829568187689 0.5952360883532644
    outer loop
      vertex -0.5813856893495881 5.902907964883749 5.545570233019602
      vertex -0.5756556897642326 5.844730302772749 5.624393284163646
      vertex 0 5.931469612302543 5.545570233019602
    endloop
  endfacet
  facet normal -0.04210014528004589 0.8569681442552733 0.5136469385668253
    outer loop
      vertex -0.5813856893495881 5.902907964883749 5.545570233019602
      vertex 0 5.931469612302543 5.545570233019602
      vertex -0.5863308160080294 5.953116678435119 5.461396736825998
    endloop
  endfacet
  facet normal -0.044366416668829727 0.9030991581390646 0.4271340909368864
    outer loop
      vertex -0.5904434454665193 5.994872906068487 5.37268343236509
      vertex -0.5863308160080294 5.953116678435119 5.461396736825998
      vertex 0 5.981921264348355 5.461396736825998
    endloop
  endfacet
  facet normal -0.039428372347174896 0.8025829568187878 0.5952360883532386
    outer loop
      vertex -0.5756556897642326 5.844730302772749 5.624393284163646
      vertex 0 5.873010453362738 5.624393284163646
      vertex 0 5.931469612302543 5.545570233019602
    endloop
  endfacet
  facet normal -0.042100145280047276 0.8569681442552682 0.5136469385668337
    outer loop
      vertex -0.5863308160080294 5.953116678435119 5.461396736825998
      vertex 0 5.931469612302543 5.545570233019602
      vertex 0 5.981921264348355 5.461396736825998
    endloop
  endfacet
  facet normal -0.04620569093566711 0.9405384459311312 0.336530037070408
    outer loop
      vertex -0.5936839708552384 6.027774512485461 5.280284677254462
      vertex -0.5904434454665193 5.994872906068487 5.37268343236509
      vertex 0 6.056940335732207 5.280284677254462
    endloop
  endfacet
  facet normal -0.044366416668830504 0.9030991581390624 0.4271340909368913
    outer loop
      vertex -0.5904434454665193 5.994872906068487 5.37268343236509
      vertex 0 5.981921264348355 5.461396736825998
      vertex 0 6.0238795325112875 5.37268343236509
    endloop
  endfacet
  facet normal -0.046205690935667364 0.9405384459311317 0.33653003707040663
    outer loop
      vertex -0.5904434454665193 5.994872906068487 5.37268343236509
      vertex 0 6.0238795325112875 5.37268343236509
      vertex 0 6.056940335732207 5.280284677254462
    endloop
  endfacet
  facet normal -0.047600560838507805 0.9689316750794739 0.24270474992373864
    outer loop
      vertex -0.5936839708552384 6.027774512485461 5.280284677254462
      vertex 0 6.056940335732207 5.280284677254462
      vertex 0 6.08078528040323 5.185090322016128
    endloop
  endfacet
  facet normal -0.24035651598982982 0.9595569997186956 0.14655752970109054
    outer loop
      vertex -1.7693387311883555 5.832728118691524 5.08801714032956
      vertex -1.7651587925755337 5.818948707744539 5.185090322016128
      vertex -1.1891115510742623 5.978067461258679 5.08801714032956
    endloop
  endfacet
  facet normal -0.23571512191222774 0.9410275158922623 0.24270474992373284
    outer loop
      vertex -1.7651587925755337 5.818948707744539 5.185090322016128
      vertex -1.1816504405304613 5.94055792556675 5.280284677254462
      vertex -1.1863023584647863 5.963944696312119 5.185090322016128
    endloop
  endfacet
  facet normal -0.24035651598982424 0.9595569997186926 0.14655752970111888
    outer loop
      vertex -1.7651587925755337 5.818948707744539 5.185090322016128
      vertex -1.1863023584647863 5.963944696312119 5.185090322016128
      vertex -1.1891115510742623 5.978067461258679 5.08801714032956
    endloop
  endfacet
  facet normal -0.2426882030334078 0.9688656161903759 0.04900871220975581
    outer loop
      vertex -1.7693387311883555 5.832728118691524 5.08801714032956
      vertex -1.1891115510742623 5.978067461258679 5.08801714032956
      vertex -1.1900509642983934 5.982790210459704 4.99
    endloop
  endfacet
  facet normal -0.2426882030334036 0.9688656161903758 0.049008712209780377
    outer loop
      vertex -1.7707365312522256 5.837336047966474 4.99
      vertex -1.7693387311883555 5.832728118691524 5.08801714032956
      vertex -1.1900509642983934 5.982790210459704 4.99
    endloop
  endfacet
  facet normal -0.14514610057357274 0.978495528848341 0.14655752970110988
    outer loop
      vertex -1.1891115510742623 5.978067461258679 5.08801714032956
      vertex -1.1863023584647863 5.963944696312119 5.185090322016128
      vertex -0.5974325766888171 6.065834746229818 5.08801714032956
    endloop
  endfacet
  facet normal -0.1465541559397427 0.987987867083565 0.0490087122097414
    outer loop
      vertex -1.1900509642983934 5.982790210459704 4.99
      vertex -1.1891115510742623 5.978067461258679 5.08801714032956
      vertex -0.5974325766888171 6.065834746229818 5.08801714032956
    endloop
  endfacet
  facet normal -0.14234326309353912 0.9596003333765202 0.24270474992376026
    outer loop
      vertex -1.1863023584647863 5.963944696312119 5.185090322016128
      vertex -0.5936839708552384 6.027774512485461 5.280284677254462
      vertex -0.5960211841432113 6.051504637230408 5.185090322016128
    endloop
  endfacet
  facet normal -0.14514610057358285 0.9784955288483477 0.14655752970105557
    outer loop
      vertex -1.1863023584647863 5.963944696312119 5.185090322016128
      vertex -0.5960211841432113 6.051504637230408 5.185090322016128
      vertex -0.5974325766888171 6.065834746229818 5.08801714032956
    endloop
  endfacet
  facet normal -0.1465541559397469 0.9879878670835631 0.0490087122097686
    outer loop
      vertex -1.1900509642983934 5.982790210459704 4.99
      vertex -0.5974325766888171 6.065834746229818 5.08801714032956
      vertex -0.5979045560103202 6.070626832700402 4.99
    endloop
  endfacet
  facet normal -0.04760056083850429 0.9689316750794691 0.24270474992375798
    outer loop
      vertex -0.5960211841432113 6.051504637230408 5.185090322016128
      vertex -0.5936839708552384 6.027774512485461 5.280284677254462
      vertex 0 6.08078528040323 5.185090322016128
    endloop
  endfacet
  facet normal -0.04853784886387138 0.9880106111351183 0.1465575297010625
    outer loop
      vertex -0.5974325766888171 6.065834746229818 5.08801714032956
      vertex -0.5960211841432113 6.051504637230408 5.185090322016128
      vertex 0 6.08078528040323 5.185090322016128
    endloop
  endfacet
  facet normal -0.04853784886387803 0.9880106111351118 0.14655752970110444
    outer loop
      vertex -0.5974325766888171 6.065834746229818 5.08801714032956
      vertex 0 6.08078528040323 5.185090322016128
      vertex 0 6.095184726672198 5.08801714032956
    endloop
  endfacet
  facet normal -0.0490087122097416 0.9975952547276302 0.04900871220974434
    outer loop
      vertex -0.5974325766888171 6.065834746229818 5.08801714032956
      vertex 0 6.095184726672198 5.08801714032956
      vertex 0 6.100000000000001 4.99
    endloop
  endfacet
  facet normal -0.04900871220973863 0.9975952547276293 0.04900871220976216
    outer loop
      vertex -0.5979045560103202 6.070626832700402 4.99
      vertex -0.5974325766888171 6.065834746229818 5.08801714032956
      vertex 0 6.100000000000001 4.99
    endloop
  endfacet
  facet normal -0.514102744193211 0.8577286100002784 5.526684207786585e-18
    outer loop
      vertex -3.38897842141958 5.071964635045525 4.99
      vertex -2.875520094638574 5.379719712524967 4.99
      vertex -2.875520094638574 5.379719712524967 1.5
    endloop
  endfacet
  facet normal -0.427555093430296 0.9039892931234368 1.6300215046338848e-18
    outer loop
      vertex -2.875520094638574 5.379719712524967 4.99
      vertex -2.334368937427058 5.63566514831885 4.99
      vertex -2.334368937427058 5.63566514831885 1.5
    endloop
  endfacet
  facet normal -0.3368898533922159 0.9415440651830222 -6.666173677647891e-19
    outer loop
      vertex -2.334368937427058 5.63566514831885 4.99
      vertex -1.7707365312522256 5.837336047966474 4.99
      vertex -1.7707365312522256 5.837336047966474 1.5
    endloop
  endfacet
  facet normal -0.24298017990326418 0.970031253194544 2.0068110458973226e-18
    outer loop
      vertex -1.7707365312522256 5.837336047966474 4.99
      vertex -1.1900509642983934 5.982790210459704 4.99
      vertex -1.1900509642983934 5.982790210459704 1.5
    endloop
  endfacet
  facet normal -0.14673047445536275 0.9891765099647807 -5.680405359809041e-19
    outer loop
      vertex -1.1900509642983934 5.982790210459704 4.99
      vertex -0.5979045560103202 6.070626832700402 4.99
      vertex -0.5979045560103202 6.070626832700402 1.5
    endloop
  endfacet
  facet normal -0.049067674327418986 0.9987954562051723 4.942103347745233e-19
    outer loop
      vertex -0.5979045560103202 6.070626832700402 4.99
      vertex 0 6.100000000000001 4.99
      vertex 0 6.100000000000001 1.5
    endloop
  endfacet
  facet normal -0.8032075314806486 -0.5956993044924284 0
    outer loop
      vertex -4.715363765512706 -3.8697990333982375 4.99
      vertex -5.071964635045532 -3.388978421419573 1.5
      vertex -4.715363765512706 -3.8697990333982375 1.5
    endloop
  endfacet
  facet normal -0.7409511253549481 -0.6715589548470305 0
    outer loop
      vertex -4.313351365237935 -4.313351365237942 4.99
      vertex -4.715363765512706 -3.8697990333982375 1.5
      vertex -4.313351365237935 -4.313351365237942 1.5
    endloop
  endfacet
  facet normal -0.67155895484702 -0.7409511253549576 0
    outer loop
      vertex -3.8697990333982375 -4.715363765512695 4.99
      vertex -4.313351365237935 -4.313351365237942 1.5
      vertex -3.8697990333982375 -4.715363765512695 1.5
    endloop
  endfacet
  facet normal -0.5956993044924379 -0.8032075314806414 0
    outer loop
      vertex -3.38897842141958 -5.071964635045525 4.99
      vertex -3.8697990333982375 -4.715363765512695 1.5
      vertex -3.38897842141958 -5.071964635045525 1.5
    endloop
  endfacet
  facet normal -0.9039892931234478 -0.4275550934302725 0
    outer loop
      vertex -5.379719712524974 -2.875520094638585 4.99
      vertex -5.63566514831885 -2.3343689374270475 1.5
      vertex -5.379719712524974 -2.875520094638585 1.5
    endloop
  endfacet
  facet normal -0.9415440651830292 -0.3368898533921967 0
    outer loop
      vertex -5.63566514831885 -2.3343689374270475 4.99
      vertex -5.83733604796646 -1.7707365312522185 1.5
      vertex -5.63566514831885 -2.3343689374270475 1.5
    endloop
  endfacet
  facet normal -0.9700312531945359 -0.24298017990329626 0
    outer loop
      vertex -5.83733604796646 -1.7707365312522185 4.99
      vertex -5.9827902104597115 -1.1900509642983828 1.5
      vertex -5.83733604796646 -1.7707365312522185 1.5
    endloop
  endfacet
  facet normal -0.9891765099647797 -0.14673047445537116 0
    outer loop
      vertex -5.9827902104597115 -1.1900509642983828 4.99
      vertex -6.0706268327004125 -0.5979045560103202 1.5
      vertex -5.9827902104597115 -1.1900509642983828 1.5
    endloop
  endfacet
  facet normal -0.9987954562051737 -0.04906767432738938 0
    outer loop
      vertex -6.0706268327004125 -0.5979045560103202 4.99
      vertex -6.099999999999994 0 1.5
      vertex -6.0706268327004125 -0.5979045560103202 1.5
    endloop
  endfacet
  facet normal -0.8577286100002707 -0.5141027441932241 0
    outer loop
      vertex -5.071964635045532 -3.388978421419573 4.99
      vertex -5.379719712524974 -2.875520094638585 1.5
      vertex -5.071964635045532 -3.388978421419573 1.5
    endloop
  endfacet
  facet normal -0.514102744193211 -0.8577286100002784 0
    outer loop
      vertex -2.875520094638574 -5.379719712524967 4.99
      vertex -3.38897842141958 -5.071964635045525 1.5
      vertex -2.875520094638574 -5.379719712524967 1.5
    endloop
  endfacet
  facet normal -0.427555093430296 -0.9039892931234368 0
    outer loop
      vertex -2.334368937427058 -5.63566514831885 4.99
      vertex -2.875520094638574 -5.379719712524967 1.5
      vertex -2.334368937427058 -5.63566514831885 1.5
    endloop
  endfacet
  facet normal -0.3368898533922159 -0.9415440651830222 0
    outer loop
      vertex -1.7707365312522256 -5.837336047966474 4.99
      vertex -2.334368937427058 -5.63566514831885 1.5
      vertex -1.7707365312522256 -5.837336047966474 1.5
    endloop
  endfacet
  facet normal -0.24298017990326418 -0.970031253194544 0
    outer loop
      vertex -1.1900509642983934 -5.982790210459704 4.99
      vertex -1.7707365312522256 -5.837336047966474 1.5
      vertex -1.1900509642983934 -5.982790210459704 1.5
    endloop
  endfacet
  facet normal -0.14673047445536275 -0.9891765099647807 0
    outer loop
      vertex -0.5979045560103202 -6.070626832700402 4.99
      vertex -1.1900509642983934 -5.982790210459704 1.5
      vertex -0.5979045560103202 -6.070626832700402 1.5
    endloop
  endfacet
  facet normal -0.049067674327416023 -0.9987954562051725 0
    outer loop
      vertex 0 -6.1 4.99
      vertex -0.5979045560103202 -6.070626832700402 1.5
      vertex 0 -6.1 1.5
    endloop
  endfacet
  facet normal -0.9987954562051737 0.04906767432738938 0
    outer loop
      vertex -6.099999999999994 0 4.99
      vertex -6.0706268327004125 0.5979045560103202 1.5
      vertex -6.099999999999994 0 1.5
    endloop
  endfacet
  facet normal -0.9891765099647797 0.14673047445537116 0
    outer loop
      vertex -6.0706268327004125 0.5979045560103202 4.99
      vertex -5.9827902104597115 1.1900509642983828 1.5
      vertex -6.0706268327004125 0.5979045560103202 1.5
    endloop
  endfacet
  facet normal -0.9700312531945359 0.24298017990329626 0
    outer loop
      vertex -5.9827902104597115 1.1900509642983828 4.99
      vertex -5.83733604796646 1.7707365312522185 1.5
      vertex -5.9827902104597115 1.1900509642983828 1.5
    endloop
  endfacet
  facet normal -0.9415440651830292 0.3368898533921967 0
    outer loop
      vertex -5.83733604796646 1.7707365312522185 4.99
      vertex -5.63566514831885 2.3343689374270475 1.5
      vertex -5.83733604796646 1.7707365312522185 1.5
    endloop
  endfacet
  facet normal -0.9039892931234478 0.4275550934302725 0
    outer loop
      vertex -5.63566514831885 2.3343689374270475 4.99
      vertex -5.379719712524974 2.875520094638585 1.5
      vertex -5.63566514831885 2.3343689374270475 1.5
    endloop
  endfacet
  facet normal -0.8577286100002707 0.5141027441932241 0
    outer loop
      vertex -5.379719712524974 2.875520094638585 4.99
      vertex -5.071964635045532 3.388978421419573 1.5
      vertex -5.379719712524974 2.875520094638585 1.5
    endloop
  endfacet
  facet normal -0.8032075314806486 0.5956993044924284 0
    outer loop
      vertex -5.071964635045532 3.388978421419573 4.99
      vertex -4.715363765512706 3.8697990333982375 1.5
      vertex -5.071964635045532 3.388978421419573 1.5
    endloop
  endfacet
  facet normal -0.7409511253549481 0.6715589548470305 0
    outer loop
      vertex -4.715363765512706 3.8697990333982375 4.99
      vertex -4.313351365237935 4.313351365237942 1.5
      vertex -4.715363765512706 3.8697990333982375 1.5
    endloop
  endfacet
  facet normal -0.67155895484702 0.7409511253549576 0
    outer loop
      vertex -4.313351365237935 4.313351365237942 4.99
      vertex -3.8697990333982375 4.715363765512695 1.5
      vertex -4.313351365237935 4.313351365237942 1.5
    endloop
  endfacet
  facet normal -0.5956993044924379 0.8032075314806414 0
    outer loop
      vertex -3.8697990333982375 4.715363765512695 4.99
      vertex -3.38897842141958 5.071964635045525 1.5
      vertex -3.8697990333982375 4.715363765512695 1.5
    endloop
  endfacet
  facet normal -0.514102744193211 0.8577286100002784 0
    outer loop
      vertex -3.38897842141958 5.071964635045525 4.99
      vertex -2.875520094638574 5.379719712524967 1.5
      vertex -3.38897842141958 5.071964635045525 1.5
    endloop
  endfacet
  facet normal -0.427555093430296 0.9039892931234368 0
    outer loop
      vertex -2.875520094638574 5.379719712524967 4.99
      vertex -2.334368937427058 5.63566514831885 1.5
      vertex -2.875520094638574 5.379719712524967 1.5
    endloop
  endfacet
  facet normal -0.3368898533922159 0.9415440651830222 0
    outer loop
      vertex -2.334368937427058 5.63566514831885 4.99
      vertex -1.7707365312522256 5.837336047966474 1.5
      vertex -2.334368937427058 5.63566514831885 1.5
    endloop
  endfacet
  facet normal -0.24298017990326418 0.970031253194544 0
    outer loop
      vertex -1.7707365312522256 5.837336047966474 4.99
      vertex -1.1900509642983934 5.982790210459704 1.5
      vertex -1.7707365312522256 5.837336047966474 1.5
    endloop
  endfacet
  facet normal -0.14673047445536275 0.9891765099647807 0
    outer loop
      vertex -1.1900509642983934 5.982790210459704 4.99
      vertex -0.5979045560103202 6.070626832700402 1.5
      vertex -1.1900509642983934 5.982790210459704 1.5
    endloop
  endfacet
  facet normal -0.049067674327418986 0.9987954562051723 0
    outer loop
      vertex -0.5979045560103202 6.070626832700402 4.99
      vertex 0 6.100000000000001 1.5
      vertex -0.5979045560103202 6.070626832700402 1.5
    endloop
  endfacet
  facet normal 0.02099980294144373 -0.4274608089056814 0.903789945245089
    outer loop
      vertex 0 -5.571396736825996 5.871921264348355
      vertex 0.537396951372699 -5.456282813068434 5.913879532511287
      vertex 0 -5.482683432365089 5.913879532511287
    endloop
  endfacet
  facet normal 0.011936000454512229 -0.24296287082362988 0.9699621514751439
    outer loop
      vertex 0 -5.3902846772544635 5.946940335732209
      vertex 0.5283402896267262 -5.364328983218812 5.946940335732209
      vertex 0 -5.295090322016129 5.970785280403231
    endloop
  endfacet
  facet normal 0.016548071000272356 -0.3368437235019971 0.941415140776629
    outer loop
      vertex 0 -5.482683432365089 5.913879532511287
      vertex 0.5283402896267262 -5.364328983218812 5.946940335732209
      vertex 0 -5.3902846772544635 5.946940335732209
    endloop
  endfacet
  facet normal 0.025248196928138286 -0.5139388551599922 0.8574551776674478
    outer loop
      vertex 0 -5.655570233019603 5.821469612302545
      vertex 0.5543428211735772 -5.628337116523024 5.821469612302545
      vertex 0 -5.571396736825996 5.871921264348355
    endloop
  endfacet
  facet normal 0.011936000454511379 -0.2429628708236359 0.9699621514751424
    outer loop
      vertex 0.5283402896267262 -5.364328983218812 5.946940335732209
      vertex 0.5190096111507501 -5.269593014820217 5.970785280403231
      vertex 0 -5.295090322016129 5.970785280403231
    endloop
  endfacet
  facet normal 0.016548071000269515 -0.3368437235019856 0.941415140776633
    outer loop
      vertex 0 -5.482683432365089 5.913879532511287
      vertex 0.537396951372699 -5.456282813068434 5.913879532511287
      vertex 0.5283402896267262 -5.364328983218812 5.946940335732209
    endloop
  endfacet
  facet normal 0.02524819692813492 -0.5139388551600137 0.8574551776674352
    outer loop
      vertex 0 -5.571396736825996 5.871921264348355
      vertex 0.5543428211735772 -5.628337116523024 5.821469612302545
      vertex 0.5460923757851219 -5.544568938720552 5.871921264348355
    endloop
  endfacet
  facet normal 0.020999802941441346 -0.4274608089056719 0.9037899452450936
    outer loop
      vertex 0 -5.571396736825996 5.871921264348355
      vertex 0.5460923757851219 -5.544568938720552 5.871921264348355
      vertex 0.537396951372699 -5.456282813068434 5.913879532511287
    endloop
  endfacet
  facet normal 0.029252306639685113 -0.5954443807603248 0.802863806618041
    outer loop
      vertex 0 -5.7343932841636445 5.763010453362737
      vertex 0.5620688312387472 -5.706780613131279 5.763010453362737
      vertex 0 -5.655570233019603 5.821469612302545
    endloop
  endfacet
  facet normal 0.03297363578715539 -0.6711937757435584 0.7405482123036162
    outer loop
      vertex 0 -5.8071067811865476 5.697106781186548
      vertex 0.5691960002803 -5.7791439747913955 5.697106781186548
      vertex 0 -5.7343932841636445 5.763010453362737
    endloop
  endfacet
  facet normal 0.036376503106400324 -0.7404607312925122 0.6711144875768277
    outer loop
      vertex 0 -5.873010453362738 5.624393284163646
      vertex 0.5756556897642326 -5.844730302772749 5.624393284163646
      vertex 0 -5.8071067811865476 5.697106781186548
    endloop
  endfacet
  facet normal 0.032973635787154586 -0.6711937757435629 0.7405482123036122
    outer loop
      vertex 0.5691960002803 -5.7791439747913955 5.697106781186548
      vertex 0.5620688312387472 -5.706780613131279 5.763010453362737
      vertex 0 -5.7343932841636445 5.763010453362737
    endloop
  endfacet
  facet normal 0.036376503106397826 -0.7404607312925245 0.6711144875768142
    outer loop
      vertex 0 -5.8071067811865476 5.697106781186548
      vertex 0.5756556897642326 -5.844730302772749 5.624393284163646
      vertex 0.5691960002803 -5.7791439747913955 5.697106781186548
    endloop
  endfacet
  facet normal 0.029252306639686965 -0.5954443807603137 0.8028638066180492
    outer loop
      vertex 0 -5.655570233019603 5.821469612302545
      vertex 0.5620688312387472 -5.706780613131279 5.763010453362737
      vertex 0.5543428211735772 -5.628337116523024 5.821469612302545
    endloop
  endfacet
  facet normal 0.03569305115427583 -0.2406230055605891 0.9699621514751422
    outer loop
      vertex 0.5283402896267262 -5.364328983218812 5.946940335732209
      vertex 1.0330208760265975 -5.193346646239021 5.970785280403231
      vertex 0.5190096111507501 -5.269593014820217 5.970785280403231
    endloop
  endfacet
  facet normal 0.04948484603097997 -0.3335997343071461 0.9414151407766351
    outer loop
      vertex 0.537396951372699 -5.456282813068434 5.913879532511287
      vertex 1.0515923734441799 -5.286711868634253 5.946940335732209
      vertex 0.5283402896267262 -5.364328983218812 5.946940335732209
    endloop
  endfacet
  facet normal 0.06279716924234689 -0.4233441276420705 0.9037899452450898
    outer loop
      vertex 0.5460923757851219 -5.544568938720552 5.871921264348355
      vertex 1.0696184763326073 -5.37733520757434 5.913879532511287
      vertex 0.537396951372699 -5.456282813068434 5.913879532511287
    endloop
  endfacet
  facet normal 0.03569305115427374 -0.2406230055605832 0.9699621514751439
    outer loop
      vertex 0.5283402896267262 -5.364328983218812 5.946940335732209
      vertex 1.0515923734441799 -5.286711868634253 5.946940335732209
      vertex 1.0330208760265975 -5.193346646239021 5.970785280403231
    endloop
  endfacet
  facet normal 0.07550143684592524 -0.5089893430372586 0.8574551776674397
    outer loop
      vertex 0.5543428211735772 -5.628337116523024 5.821469612302545
      vertex 1.1033470179446283 -5.5469000368322945 5.821469612302545
      vertex 0.5460923757851219 -5.544568938720552 5.871921264348355
    endloop
  endfacet
  facet normal 0.09860335322361229 -0.6647298127713092 0.740548212303615
    outer loop
      vertex 0.5691960002803 -5.7791439747913955 5.697106781186548
      vertex 1.132910331923739 -5.695524852717547 5.697106781186548
      vertex 0.5620688312387472 -5.706780613131279 5.763010453362737
    endloop
  endfacet
  facet normal 0.10877918370885806 -0.7333296896731648 0.6711144875768175
    outer loop
      vertex 0.5691960002803 -5.7791439747913955 5.697106781186548
      vertex 0.5756556897642326 -5.844730302772749 5.624393284163646
      vertex 1.132910331923739 -5.695524852717547 5.697106781186548
    endloop
  endfacet
  facet normal 0.08747520421517861 -0.5897099258705927 0.802863806618042
    outer loop
      vertex 0.5620688312387472 -5.706780613131279 5.763010453362737
      vertex 1.1033470179446283 -5.5469000368322945 5.821469612302545
      vertex 0.5543428211735772 -5.628337116523024 5.821469612302545
    endloop
  endfacet
  facet normal 0.039428372347169484 -0.802582956818788 0.5952360883532388
    outer loop
      vertex 0 -5.931469612302543 5.545570233019602
      vertex 0.5813856893495881 -5.902907964883749 5.545570233019602
      vertex 0 -5.873010453362738 5.624393284163646
    endloop
  endfacet
  facet normal 0.042100145280047276 -0.8569681442552682 0.5136469385668337
    outer loop
      vertex 0 -5.981921264348355 5.461396736825998
      vertex 0.5863308160080294 -5.953116678435119 5.461396736825998
      vertex 0 -5.931469612302543 5.545570233019602
    endloop
  endfacet
  facet normal 0.044366416668829615 -0.9030991581390625 0.4271340909368913
    outer loop
      vertex 0 -6.0238795325112875 5.37268343236509
      vertex 0.5863308160080294 -5.953116678435119 5.461396736825998
      vertex 0 -5.981921264348355 5.461396736825998
    endloop
  endfacet
  facet normal 0.03942837234717396 -0.8025829568187687 0.5952360883532644
    outer loop
      vertex 0 -5.873010453362738 5.624393284163646
      vertex 0.5813856893495881 -5.902907964883749 5.545570233019602
      vertex 0.5756556897642326 -5.844730302772749 5.624393284163646
    endloop
  endfacet
  facet normal 0.04210014528004589 -0.8569681442552733 0.5136469385668253
    outer loop
      vertex 0 -5.931469612302543 5.545570233019602
      vertex 0.5863308160080294 -5.953116678435119 5.461396736825998
      vertex 0.5813856893495881 -5.902907964883749 5.545570233019602
    endloop
  endfacet
  facet normal 0.04620569093566713 -0.9405384459311317 0.3365300370704067
    outer loop
      vertex 0 -6.056940335732207 5.280284677254462
      vertex 0.5936839708552384 -6.027774512485461 5.280284677254462
      vertex 0 -6.0238795325112875 5.37268343236509
    endloop
  endfacet
  facet normal 0.047600560838507805 -0.9689316750794739 0.24270474992373867
    outer loop
      vertex 0 -6.08078528040323 5.185090322016128
      vertex 0.5936839708552384 -6.027774512485461 5.280284677254462
      vertex 0 -6.056940335732207 5.280284677254462
    endloop
  endfacet
  facet normal 0.044366416668830615 -0.9030991581390646 0.42713409093688653
    outer loop
      vertex 0 -6.0238795325112875 5.37268343236509
      vertex 0.5904434454665193 -5.994872906068487 5.37268343236509
      vertex 0.5863308160080294 -5.953116678435119 5.461396736825998
    endloop
  endfacet
  facet normal 0.04620569093566734 -0.9405384459311312 0.33653003707040796
    outer loop
      vertex 0 -6.0238795325112875 5.37268343236509
      vertex 0.5936839708552384 -6.027774512485461 5.280284677254462
      vertex 0.5904434454665193 -5.994872906068487 5.37268343236509
    endloop
  endfacet
  facet normal 0.11790540026206657 -0.7948536442081293 0.5952360883532671
    outer loop
      vertex 0.5813856893495881 -5.902907964883749 5.545570233019602
      vertex 1.145767500550619 -5.760162204312476 5.624393284163646
      vertex 0.5756556897642326 -5.844730302772749 5.624393284163646
    endloop
  endfacet
  facet normal 0.12589498842681393 -0.848715072559651 0.5136469385668319
    outer loop
      vertex 0.5863308160080294 -5.953116678435119 5.461396736825998
      vertex 1.1571723166929928 -5.817498086905392 5.545570233019602
      vertex 0.5813856893495881 -5.902907964883749 5.545570233019602
    endloop
  endfacet
  facet normal 0.13267197716081938 -0.8944018195619761 0.4271340909368689
    outer loop
      vertex 0.5904434454665193 -5.994872906068487 5.37268343236509
      vertex 1.1752005977839985 -5.9081323764093625 5.37268343236509
      vertex 0.5863308160080294 -5.953116678435119 5.461396736825998
    endloop
  endfacet
  facet normal 0.13817208674468873 -0.9314805465461984 0.3365300370704135
    outer loop
      vertex 0.5936839708552384 -6.027774512485461 5.280284677254462
      vertex 1.1752005977839985 -5.9081323764093625 5.37268343236509
      vertex 0.5904434454665193 -5.994872906068487 5.37268343236509
    endloop
  endfacet
  facet normal 0.049484846030981675 -0.33359973430715084 0.9414151407766335
    outer loop
      vertex 0.537396951372699 -5.456282813068434 5.913879532511287
      vertex 1.0696184763326073 -5.37733520757434 5.913879532511287
      vertex 1.0515923734441799 -5.286711868634253 5.946940335732209
    endloop
  endfacet
  facet normal 0.07550143684592643 -0.5089893430372379 0.8574551776674519
    outer loop
      vertex 0.5460923757851219 -5.544568938720552 5.871921264348355
      vertex 1.1033470179446283 -5.5469000368322945 5.821469612302545
      vertex 1.0869255834669787 -5.464343910765528 5.871921264348355
    endloop
  endfacet
  facet normal 0.06279716924235096 -0.42334412764208185 0.9037899452450842
    outer loop
      vertex 0.5460923757851219 -5.544568938720552 5.871921264348355
      vertex 1.0869255834669787 -5.464343910765528 5.871921264348355
      vertex 1.0696184763326073 -5.37733520757434 5.913879532511287
    endloop
  endfacet
  facet normal 0.08194505494324975 -0.3271429973067716 0.9414151407766339
    outer loop
      vertex 1.0696184763326073 -5.37733520757434 5.913879532511287
      vertex 1.5915389906524808 -5.246600924480866 5.913879532511287
      vertex 1.0515923734441799 -5.286711868634253 5.946940335732209
    endloop
  endfacet
  facet normal 0.1039897644750227 -0.41515041100584754 0.9037899452450803
    outer loop
      vertex 1.0869255834669787 -5.464343910765528 5.871921264348355
      vertex 1.6172911036061066 -5.3314942638356015 5.871921264348355
      vertex 1.0696184763326073 -5.37733520757434 5.913879532511287
    endloop
  endfacet
  facet normal 0.12502755665359508 -0.4991379852991591 0.857455177667456
    outer loop
      vertex 1.1033470179446283 -5.5469000368322945 5.821469612302545
      vertex 1.6172911036061066 -5.3314942638356015 5.871921264348355
      vertex 1.0869255834669787 -5.464343910765528 5.871921264348355
    endloop
  endfacet
  facet normal 0.10877918370885835 -0.7333296896731656 0.6711144875768166
    outer loop
      vertex 0.5756556897642326 -5.844730302772749 5.624393284163646
      vertex 1.145767500550619 -5.760162204312476 5.624393284163646
      vertex 1.132910331923739 -5.695524852717547 5.697106781186548
    endloop
  endfacet
  facet normal 0.08747520421518103 -0.589709925870599 0.8028638066180372
    outer loop
      vertex 0.5620688312387472 -5.706780613131279 5.763010453362737
      vertex 1.118724632374608 -5.624208525150841 5.763010453362737
      vertex 1.1033470179446283 -5.5469000368322945 5.821469612302545
    endloop
  endfacet
  facet normal 0.09860335322361254 -0.664729812771306 0.7405482123036177
    outer loop
      vertex 0.5620688312387472 -5.706780613131279 5.763010453362737
      vertex 1.132910331923739 -5.695524852717547 5.697106781186548
      vertex 1.118724632374608 -5.624208525150841 5.763010453362737
    endloop
  endfacet
  facet normal 0.1448556677552705 -0.5782962420265 0.8028638066180356
    outer loop
      vertex 1.118724632374608 -5.624208525150841 5.763010453362737
      vertex 1.664606503743613 -5.487472234568081 5.763010453362737
      vertex 1.1033470179446283 -5.5469000368322945 5.821469612302545
    endloop
  endfacet
  facet normal 0.16328346646644565 -0.6518641383237828 0.740548212303624
    outer loop
      vertex 1.132910331923739 -5.695524852717547 5.697106781186548
      vertex 1.664606503743613 -5.487472234568081 5.763010453362737
      vertex 1.118724632374608 -5.624208525150841 5.763010453362737
    endloop
  endfacet
  facet normal 0.10398976447502072 -0.4151504110058064 0.9037899452450994
    outer loop
      vertex 1.0696184763326073 -5.37733520757434 5.913879532511287
      vertex 1.6172911036061066 -5.3314942638356015 5.871921264348355
      vertex 1.5915389906524808 -5.246600924480866 5.913879532511287
    endloop
  endfacet
  facet normal 0.1250275566536123 -0.49913798529919473 0.8574551776674328
    outer loop
      vertex 1.1033470179446283 -5.5469000368322945 5.821469612302545
      vertex 1.6417253797820308 -5.412043277542864 5.821469612302545
      vertex 1.6172911036061066 -5.3314942638356015 5.871921264348355
    endloop
  endfacet
  facet normal 0.18013426130745389 -0.7191362822634789 0.6711144875768066
    outer loop
      vertex 1.132910331923739 -5.695524852717547 5.697106781186548
      vertex 1.145767500550619 -5.760162204312476 5.624393284163646
      vertex 1.704844943966492 -5.620120594999708 5.624393284163646
    endloop
  endfacet
  facet normal 0.14485566775526937 -0.578296242026463 0.8028638066180624
    outer loop
      vertex 1.1033470179446283 -5.5469000368322945 5.821469612302545
      vertex 1.664606503743613 -5.487472234568081 5.763010453362737
      vertex 1.6417253797820308 -5.412043277542864 5.821469612302545
    endloop
  endfacet
  facet normal 0.16328346646645217 -0.6518641383237954 0.7405482123036115
    outer loop
      vertex 1.132910331923739 -5.695524852717547 5.697106781186548
      vertex 1.6857141177589483 -5.55705471282144 5.697106781186548
      vertex 1.664606503743613 -5.487472234568081 5.763010453362737
    endloop
  endfacet
  facet normal 0.1801342613074539 -0.7191362822634728 0.6711144875768132
    outer loop
      vertex 1.132910331923739 -5.695524852717547 5.697106781186548
      vertex 1.704844943966492 -5.620120594999708 5.624393284163646
      vertex 1.6857141177589483 -5.55705471282144 5.697106781186548
    endloop
  endfacet
  facet normal 0.1179054002620645 -0.7948536442081249 0.5952360883532736
    outer loop
      vertex 0.5813856893495881 -5.902907964883749 5.545570233019602
      vertex 1.1571723166929928 -5.817498086905392 5.545570233019602
      vertex 1.145767500550619 -5.760162204312476 5.624393284163646
    endloop
  endfacet
  facet normal 0.1326719771608233 -0.894401819561959 0.42713409093690347
    outer loop
      vertex 1.1752005977839985 -5.9081323764093625 5.37268343236509
      vertex 1.1670149457368382 -5.866980324603947 5.461396736825998
      vertex 0.5863308160080294 -5.953116678435119 5.461396736825998
    endloop
  endfacet
  facet normal 0.125894988426824 -0.848715072559671 0.5136469385667961
    outer loop
      vertex 0.5863308160080294 -5.953116678435119 5.461396736825998
      vertex 1.1670149457368382 -5.866980324603947 5.461396736825998
      vertex 1.1571723166929928 -5.817498086905392 5.545570233019602
    endloop
  endfacet
  facet normal 0.13817208674469167 -0.9314805465462026 0.3365300370704004
    outer loop
      vertex 0.5936839708552384 -6.027774512485461 5.280284677254462
      vertex 1.1816504405304613 -5.94055792556675 5.280284677254462
      vertex 1.1752005977839985 -5.9081323764093625 5.37268343236509
    endloop
  endfacet
  facet normal 0.1423432630935357 -0.9596003333765271 0.24270474992373445
    outer loop
      vertex 0.5936839708552384 -6.027774512485461 5.280284677254462
      vertex 1.1863023584647863 -5.963944696312119 5.185090322016128
      vertex 1.1816504405304613 -5.94055792556675 5.280284677254462
    endloop
  endfacet
  facet normal 0.19524693471878757 -0.7794694564925556 0.5952360883532828
    outer loop
      vertex 1.1571723166929928 -5.817498086905392 5.545570233019602
      vertex 1.704844943966492 -5.620120594999708 5.624393284163646
      vertex 1.145767500550619 -5.760162204312476 5.624393284163646
    endloop
  endfacet
  facet normal 0.19524693471879784 -0.7794694564925734 0.5952360883532564
    outer loop
      vertex 1.1571723166929928 -5.817498086905392 5.545570233019602
      vertex 1.7218147420518903 -5.6760625221821925 5.545570233019602
      vertex 1.704844943966492 -5.620120594999708 5.624393284163646
    endloop
  endfacet
  facet normal 0.20847739401384388 -0.8322884107604572 0.5136469385667836
    outer loop
      vertex 1.1670149457368382 -5.866980324603947 5.461396736825998
      vertex 1.7218147420518903 -5.6760625221821925 5.545570233019602
      vertex 1.1571723166929928 -5.817498086905392 5.545570233019602
    endloop
  endfacet
  facet normal 0.20847739401383855 -0.8322884107604487 0.5136469385667994
    outer loop
      vertex 1.1670149457368382 -5.866980324603947 5.461396736825998
      vertex 1.736460083582955 -5.724341743029154 5.461396736825998
      vertex 1.7218147420518903 -5.6760625221821925 5.545570233019602
    endloop
  endfacet
  facet normal 0.219699833986867 -0.8770909025327047 0.4271340909369196
    outer loop
      vertex 1.1670149457368382 -5.866980324603947 5.461396736825998
      vertex 1.7486399259148016 -5.764493302251733 5.37268343236509
      vertex 1.736460083582955 -5.724341743029154 5.461396736825998
    endloop
  endfacet
  facet normal 0.21969983398686668 -0.8770909025327068 0.4271340909369153
    outer loop
      vertex 1.1752005977839985 -5.9081323764093625 5.37268343236509
      vertex 1.7486399259148016 -5.764493302251733 5.37268343236509
      vertex 1.1670149457368382 -5.866980324603947 5.461396736825998
    endloop
  endfacet
  facet normal 0.22880780982580834 -0.9134519802989769 0.33653003707038426
    outer loop
      vertex 1.1816504405304613 -5.94055792556675 5.280284677254462
      vertex 1.7582369705075678 -5.796130518385539 5.280284677254462
      vertex 1.1752005977839985 -5.9081323764093625 5.37268343236509
    endloop
  endfacet
  facet normal 0.22880780982581345 -0.9134519802989532 0.3365300370704451
    outer loop
      vertex 1.1752005977839985 -5.9081323764093625 5.37268343236509
      vertex 1.7582369705075678 -5.796130518385539 5.280284677254462
      vertex 1.7486399259148016 -5.764493302251733 5.37268343236509
    endloop
  endfacet
  facet normal 0.2357151219122215 -0.9410275158922794 0.24270474992367275
    outer loop
      vertex 1.1816504405304613 -5.94055792556675 5.280284677254462
      vertex 1.7651587925755337 -5.818948707744539 5.185090322016128
      vertex 1.7582369705075678 -5.796130518385539 5.280284677254462
    endloop
  endfacet
  facet normal 0.007208218704057255 -0.14672666246426644 0.9891508116082257
    outer loop
      vertex 0 -5.295090322016129 5.970785280403231
      vertex 0.5094947754791406 -5.1729872670362695 5.985184726672197
      vertex 0 -5.198017140329561 5.985184726672197
    endloop
  endfacet
  facet normal 0.0024105332617821566 -0.04906753176916207 0.9987925543652576
    outer loop
      vertex 0 -5.198017140329561 5.985184726672197
      vertex 0.5094947754791406 -5.1729872670362695 5.985184726672197
      vertex 0 -5.100000000000001 5.99
    endloop
  endfacet
  facet normal 0.007208218704057475 -0.14672666246426733 0.9891508116082256
    outer loop
      vertex 0 -5.295090322016129 5.970785280403231
      vertex 0.5190096111507501 -5.269593014820217 5.970785280403231
      vertex 0.5094947754791406 -5.1729872670362695 5.985184726672197
    endloop
  endfacet
  facet normal 0.002410533261782225 -0.0490675317691616 0.9987925543652577
    outer loop
      vertex 0 -5.100000000000001 5.99
      vertex 0.5094947754791406 -5.1729872670362695 5.985184726672197
      vertex 0.499887415680746 -5.075442106028206 5.99
    endloop
  endfacet
  facet normal 0 0 1
    outer loop
      vertex 0 -5.100000000000001 5.99
      vertex 0.499887415680746 -5.075442106028206 5.99
      vertex 0.9949606422822512 -5.002004930056476 5.99
    endloop
  endfacet
  facet normal 0.021555237025639277 -0.14531360449578376 0.9891508116082256
    outer loop
      vertex 0.5190096111507501 -5.269593014820217 5.970785280403231
      vertex 1.0330208760265975 -5.193346646239021 5.970785280403231
      vertex 0.5094947754791406 -5.1729872670362695 5.985184726672197
    endloop
  endfacet
  facet normal 0.007208385032303889 -0.04859498461518278 0.9987925543652577
    outer loop
      vertex 0.5094947754791406 -5.1729872670362695 5.985184726672197
      vertex 0.9949606422822512 -5.002004930056476 5.99
      vertex 0.499887415680746 -5.075442106028206 5.99
    endloop
  endfacet
  facet normal 0.021555237025639145 -0.14531360449578684 0.9891508116082252
    outer loop
      vertex 0.5094947754791406 -5.1729872670362695 5.985184726672197
      vertex 1.0330208760265975 -5.193346646239021 5.970785280403231
      vertex 1.0140828377522553 -5.098138698518927 5.985184726672197
    endloop
  endfacet
  facet normal 0.007208385032303835 -0.04859498461518263 0.9987925543652576
    outer loop
      vertex 0.5094947754791406 -5.1729872670362695 5.985184726672197
      vertex 1.0140828377522553 -5.098138698518927 5.985184726672197
      vertex 0.9949606422822512 -5.002004930056476 5.99
    endloop
  endfacet
  facet normal 0.035694666631374466 -0.14250109707951497 0.9891508116082247
    outer loop
      vertex 1.0330208760265975 -5.193346646239021 5.970785280403231
      vertex 1.5089047279437295 -4.974192267408746 5.985184726672197
      vertex 1.0140828377522553 -5.098138698518927 5.985184726672197
    endloop
  endfacet
  facet normal 0.05910635825961643 -0.23596580921606813 0.969962151475145
    outer loop
      vertex 1.0330208760265975 -5.193346646239021 5.970785280403231
      vertex 1.0515923734441799 -5.286711868634253 5.946940335732209
      vertex 1.5647170478464716 -5.158180828744065 5.946940335732209
    endloop
  endfacet
  facet normal 0.011936816114460605 -0.04765444119463878 0.9987925543652577
    outer loop
      vertex 1.0140828377522553 -5.098138698518927 5.985184726672197
      vertex 1.5089047279437295 -4.974192267408746 5.985184726672197
      vertex 0.9949606422822512 -5.002004930056476 5.99
    endloop
  endfacet
  facet normal 0 0 1
    outer loop
      vertex 0 -5.100000000000001 5.99
      vertex 0.9949606422822512 -5.002004930056476 5.99
      vertex 2.40412335781258 -4.49779844817661 5.99
    endloop
  endfacet
  facet normal 0.03569466663137322 -0.1425010970795123 0.9891508116082252
    outer loop
      vertex 1.0330208760265975 -5.193346646239021 5.970785280403231
      vertex 1.537083585159678 -5.067085510482482 5.970785280403231
      vertex 1.5089047279437295 -4.974192267408746 5.985184726672197
    endloop
  endfacet
  facet normal 0.05910635825961697 -0.2359658092160778 0.9699621514751425
    outer loop
      vertex 1.0330208760265975 -5.193346646239021 5.970785280403231
      vertex 1.5647170478464716 -5.158180828744065 5.946940335732209
      vertex 1.537083585159678 -5.067085510482482 5.970785280403231
    endloop
  endfacet
  facet normal 0.08194505494325008 -0.3271429973067782 0.9414151407766316
    outer loop
      vertex 1.0515923734441799 -5.286711868634253 5.946940335732209
      vertex 1.5915389906524808 -5.246600924480866 5.913879532511287
      vertex 1.5647170478464716 -5.158180828744065 5.946940335732209
    endloop
  endfacet
  facet normal 0.011936816114460593 -0.04765444119463857 0.9987925543652577
    outer loop
      vertex 0.9949606422822512 -5.002004930056476 5.99
      vertex 1.5089047279437295 -4.974192267408746 5.985184726672197
      vertex 1.4804518539977494 -4.8803957122342645 5.99
    endloop
  endfacet
  facet normal 0 0 1
    outer loop
      vertex 0.9949606422822512 -5.002004930056476 5.99
      vertex 1.4804518539977494 -4.8803957122342645 5.99
      vertex 1.9516855050619597 -4.711785615807564 5.99
    endloop
  endfacet
  facet normal 0.08195043882409934 -0.22903613313678622 0.9699621514751418
    outer loop
      vertex 1.5647170478464716 -5.158180828744065 5.946940335732209
      vertex 2.0263433391122874 -4.892025571309297 5.970785280403231
      vertex 1.537083585159678 -5.067085510482482 5.970785280403231
    endloop
  endfacet
  facet normal 0.11361608818068028 -0.3175356944077837 0.9414151407766324
    outer loop
      vertex 1.5915389906524808 -5.246600924480866 5.913879532511287
      vertex 2.062772641716691 -4.9799736877246055 5.946940335732209
      vertex 1.5647170478464716 -5.158180828744065 5.946940335732209
    endloop
  endfacet
  facet normal 0.04949033708475837 -0.13831622619933812 0.9891508116082252
    outer loop
      vertex 1.5089047279437295 -4.974192267408746 5.985184726672197
      vertex 1.537083585159678 -5.067085510482482 5.970785280403231
      vertex 2.0263433391122874 -4.892025571309297 5.970785280403231
    endloop
  endfacet
  facet normal 0.016550289132106537 -0.046254959454823316 0.9987925543652577
    outer loop
      vertex 1.5089047279437295 -4.974192267408746 5.985184726672197
      vertex 1.9516855050619597 -4.711785615807564 5.99
      vertex 1.4804518539977494 -4.8803957122342645 5.99
    endloop
  endfacet
  facet normal 0.0485378488638751 -0.9880106111351119 0.14655752970110447
    outer loop
      vertex 0 -6.095184726672198 5.08801714032956
      vertex 0.5974325766888171 -6.06583474622982 5.08801714032956
      vertex 0 -6.08078528040323 5.185090322016128
    endloop
  endfacet
  facet normal 0.04900871220973868 -0.9975952547276311 0.04900871220972632
    outer loop
      vertex 0 -6.1 4.99
      vertex 0.5974325766888171 -6.06583474622982 5.08801714032956
      vertex 0 -6.095184726672198 5.08801714032956
    endloop
  endfacet
  facet normal 0.047600560838507375 -0.9689316750794733 0.24270474992374097
    outer loop
      vertex 0 -6.08078528040323 5.185090322016128
      vertex 0.5960211841432113 -6.051504637230407 5.185090322016128
      vertex 0.5936839708552384 -6.027774512485461 5.280284677254462
    endloop
  endfacet
  facet normal 0.04853784886387407 -0.9880106111351131 0.14655752970109792
    outer loop
      vertex 0.5974325766888171 -6.06583474622982 5.08801714032956
      vertex 0.5960211841432113 -6.051504637230407 5.185090322016128
      vertex 0 -6.08078528040323 5.185090322016128
    endloop
  endfacet
  facet normal 0.04900871220973571 -0.9975952547276303 0.049008712209744114
    outer loop
      vertex 0 -6.1 4.99
      vertex 0.5979045560103202 -6.070626832700402 4.99
      vertex 0.5974325766888171 -6.06583474622982 5.08801714032956
    endloop
  endfacet
  facet normal 0.1423432630935369 -0.9596003333765247 0.24270474992374338
    outer loop
      vertex 0.5960211841432113 -6.051504637230407 5.185090322016128
      vertex 1.1863023584647863 -5.963944696312119 5.185090322016128
      vertex 0.5936839708552384 -6.027774512485461 5.280284677254462
    endloop
  endfacet
  facet normal 0.14514610057357927 -0.978495528848343 0.14655752970109062
    outer loop
      vertex 0.5974325766888171 -6.06583474622982 5.08801714032956
      vertex 1.1863023584647863 -5.963944696312119 5.185090322016128
      vertex 0.5960211841432113 -6.051504637230407 5.185090322016128
    endloop
  endfacet
  facet normal 0.14655415593974705 -0.987987867083564 0.04900871220975069
    outer loop
      vertex 0.5979045560103202 -6.070626832700402 4.99
      vertex 1.1900509642983934 -5.982790210459704 4.99
      vertex 0.5974325766888171 -6.06583474622982 5.08801714032956
    endloop
  endfacet
  facet normal 0.14514610057357563 -0.9784955288483406 0.1465575297011099
    outer loop
      vertex 0.5974325766888171 -6.06583474622982 5.08801714032956
      vertex 1.1891115510742623 -5.978067461258679 5.08801714032956
      vertex 1.1863023584647863 -5.963944696312119 5.185090322016128
    endloop
  endfacet
  facet normal 0.1465541559397456 -0.9879878670835647 0.04900871220974136
    outer loop
      vertex 0.5974325766888171 -6.06583474622982 5.08801714032956
      vertex 1.1900509642983934 -5.982790210459704 4.99
      vertex 1.1891115510742623 -5.978067461258679 5.08801714032956
    endloop
  endfacet
  facet normal 0.23571512191222774 -0.9410275158922623 0.24270474992373292
    outer loop
      vertex 1.1863023584647863 -5.963944696312119 5.185090322016128
      vertex 1.7651587925755337 -5.818948707744539 5.185090322016128
      vertex 1.1816504405304613 -5.94055792556675 5.280284677254462
    endloop
  endfacet
  facet normal 0.2403565159898288 -0.9595569997186915 0.14655752970111882
    outer loop
      vertex 1.1891115510742623 -5.978067461258679 5.08801714032956
      vertex 1.7693387311883555 -5.832728118691524 5.08801714032956
      vertex 1.1863023584647863 -5.963944696312119 5.185090322016128
    endloop
  endfacet
  facet normal 0.2426882030334078 -0.9688656161903759 0.04900871220975582
    outer loop
      vertex 1.1900509642983934 -5.982790210459704 4.99
      vertex 1.7693387311883555 -5.832728118691524 5.08801714032956
      vertex 1.1891115510742623 -5.978067461258679 5.08801714032956
    endloop
  endfacet
  facet normal 0.24035651598982527 -0.9595569997186967 0.14655752970109043
    outer loop
      vertex 1.1863023584647863 -5.963944696312119 5.185090322016128
      vertex 1.7693387311883555 -5.832728118691524 5.08801714032956
      vertex 1.7651587925755337 -5.818948707744539 5.185090322016128
    endloop
  endfacet
  facet normal 0.2426882030334036 -0.9688656161903758 0.049008712209780474
    outer loop
      vertex 1.1900509642983934 -5.982790210459704 4.99
      vertex 1.7707365312522256 -5.837336047966474 4.99
      vertex 1.7693387311883555 -5.832728118691524 5.08801714032956
    endloop
  endfacet
  facet normal 0.17334959274369766 -0.48447965590612 0.8574551776674287
    outer loop
      vertex 1.6417253797820308 -5.412043277542864 5.821469612302545
      vertex 2.132081226316245 -5.147299412653712 5.871921264348355
      vertex 1.6172911036061066 -5.3314942638356015 5.871921264348355
    endloop
  endfacet
  facet normal 0.17334959274369707 -0.4844796559061192 0.8574551776674294
    outer loop
      vertex 1.6417253797820308 -5.412043277542864 5.821469612302545
      vertex 2.164293028753775 -5.225065582966899 5.821469612302545
      vertex 2.132081226316245 -5.147299412653712 5.871921264348355
    endloop
  endfacet
  facet normal 0.22639107066739989 -0.6327206558790336 0.7405482123036109
    outer loop
      vertex 1.6857141177589483 -5.55705471282144 5.697106781186548
      vertex 2.22228355513505 -5.365067098245753 5.697106781186548
      vertex 1.664606503743613 -5.487472234568081 5.763010453362737
    endloop
  endfacet
  facet normal 0.2008410920286991 -0.5613132492427575 0.80286380661807
    outer loop
      vertex 1.664606503743613 -5.487472234568081 5.763010453362737
      vertex 2.164293028753775 -5.225065582966899 5.821469612302545
      vertex 1.6417253797820308 -5.412043277542864 5.821469612302545
    endloop
  endfacet
  facet normal 0.2497545474982578 -0.6980171993357009 0.6711144875768105
    outer loop
      vertex 1.704844943966492 -5.620120594999708 5.624393284163646
      vertex 2.2475037986089035 -5.425954152086664 5.624393284163646
      vertex 1.6857141177589483 -5.55705471282144 5.697106781186548
    endloop
  endfacet
  facet normal 0.20084109202872855 -0.5613132492428047 0.8028638066180296
    outer loop
      vertex 1.664606503743613 -5.487472234568081 5.763010453362737
      vertex 2.194457304515055 -5.29788858660897 5.763010453362737
      vertex 2.164293028753775 -5.225065582966899 5.821469612302545
    endloop
  endfacet
  facet normal 0.2263910706673975 -0.6327206558790128 0.7405482123036294
    outer loop
      vertex 2.22228355513505 -5.365067098245753 5.697106781186548
      vertex 2.194457304515055 -5.29788858660897 5.763010453362737
      vertex 1.664606503743613 -5.487472234568081 5.763010453362737
    endloop
  endfacet
  facet normal 0.2497545474982576 -0.6980171993356991 0.6711144875768124
    outer loop
      vertex 1.6857141177589483 -5.55705471282144 5.697106781186548
      vertex 2.2475037986089035 -5.425954152086664 5.624393284163646
      vertex 2.22228355513505 -5.365067098245753 5.697106781186548
    endloop
  endfacet
  facet normal 0.3169695608669204 -0.6701758292033063 0.671114487576816
    outer loop
      vertex 2.2475037986089035 -5.425954152086664 5.624393284163646
      vertex 2.7685179630601624 -5.179532804560772 5.624393284163646
      vertex 2.22228355513505 -5.365067098245753 5.697106781186548
    endloop
  endfacet
  facet normal 0.27070813446134806 -0.7565785518096451 0.5952360883532489
    outer loop
      vertex 1.7218147420518903 -5.6760625221821925 5.545570233019602
      vertex 2.2698751502051664 -5.479963372518977 5.545570233019602
      vertex 1.704844943966492 -5.620120594999708 5.624393284163646
    endloop
  endfacet
  facet normal 0.28905204833116765 -0.8078463565904821 0.5136469385667941
    outer loop
      vertex 1.736460083582955 -5.724341743029154 5.461396736825998
      vertex 2.2698751502051664 -5.479963372518977 5.545570233019602
      vertex 1.7218147420518903 -5.6760625221821925 5.545570233019602
    endloop
  endfacet
  facet normal 0.2707081344613472 -0.7565785518096325 0.5952360883532652
    outer loop
      vertex 1.704844943966492 -5.620120594999708 5.624393284163646
      vertex 2.2698751502051664 -5.479963372518977 5.545570233019602
      vertex 2.2475037986089035 -5.425954152086664 5.624393284163646
    endloop
  endfacet
  facet normal 0.2890520483311671 -0.8078463565904813 0.5136469385667956
    outer loop
      vertex 1.736460083582955 -5.724341743029154 5.461396736825998
      vertex 2.2891821615785375 -5.526574621225482 5.461396736825998
      vertex 2.2698751502051664 -5.479963372518977 5.545570233019602
    endloop
  endfacet
  facet normal 0.3046118613114718 -0.8513331206454 0.4271340909369392
    outer loop
      vertex 2.3052388956552363 -5.565339006400837 5.37268343236509
      vertex 2.2891821615785375 -5.526574621225482 5.461396736825998
      vertex 1.736460083582955 -5.724341743029154 5.461396736825998
    endloop
  endfacet
  facet normal 0.3172399886192506 -0.8866263721377897 0.33653003707045137
    outer loop
      vertex 1.7582369705075678 -5.796130518385539 5.280284677254462
      vertex 2.3178907173085577 -5.595883205825029 5.280284677254462
      vertex 1.7486399259148016 -5.764493302251733 5.37268343236509
    endloop
  endfacet
  facet normal 0.32681691525192824 -0.9133920890120005 0.2427047499236627
    outer loop
      vertex 1.7651587925755337 -5.818948707744539 5.185090322016128
      vertex 2.3178907173085577 -5.595883205825029 5.280284677254462
      vertex 1.7582369705075678 -5.796130518385539 5.280284677254462
    endloop
  endfacet
  facet normal 0.30461186131147167 -0.8513331206454047 0.42713409093693017
    outer loop
      vertex 1.7486399259148016 -5.764493302251733 5.37268343236509
      vertex 2.3052388956552363 -5.565339006400837 5.37268343236509
      vertex 1.736460083582955 -5.724341743029154 5.461396736825998
    endloop
  endfacet
  facet normal 0.31723998861924785 -0.8866263721378137 0.3365300370703906
    outer loop
      vertex 1.7486399259148016 -5.764493302251733 5.37268343236509
      vertex 2.3178907173085577 -5.595883205825029 5.280284677254462
      vertex 2.3052388956552363 -5.565339006400837 5.37268343236509
    endloop
  endfacet
  facet normal 0.3435622668849127 -0.7264013820848659 0.5952360883532657
    outer loop
      vertex 2.2698751502051664 -5.479963372518977 5.545570233019602
      vertex 2.7685179630601624 -5.179532804560772 5.624393284163646
      vertex 2.2475037986089035 -5.425954152086664 5.624393284163646
    endloop
  endfacet
  facet normal 0.34356226688490726 -0.7264013820848597 0.5952360883532763
    outer loop
      vertex 2.2698751502051664 -5.479963372518977 5.545570233019602
      vertex 2.796075419821989 -5.231089179925707 5.545570233019602
      vertex 2.7685179630601624 -5.179532804560772 5.624393284163646
    endloop
  endfacet
  facet normal 0.36684297341114247 -0.77562430039281 0.5136469385667899
    outer loop
      vertex 2.2698751502051664 -5.479963372518977 5.545570233019602
      vertex 2.2891821615785375 -5.526574621225482 5.461396736825998
      vertex 2.8198581639638576 -5.275583564686411 5.461396736825998
    endloop
  endfacet
  facet normal 0.3865903098938634 -0.8173765354202636 0.4271340909369485
    outer loop
      vertex 2.3052388956552363 -5.565339006400837 5.37268343236509
      vertex 2.8198581639638576 -5.275583564686411 5.461396736825998
      vertex 2.2891821615785375 -5.526574621225482 5.461396736825998
    endloop
  endfacet
  facet normal 0.402616972901258 -0.8512620673336931 0.33653003707038465
    outer loop
      vertex 2.3178907173085577 -5.595883205825029 5.280284677254462
      vertex 2.8552219094139275 -5.341744478971499 5.280284677254462
      vertex 2.3052388956552363 -5.565339006400837 5.37268343236509
    endloop
  endfacet
  facet normal 0.36684297341114197 -0.7756243003928068 0.5136469385667951
    outer loop
      vertex 2.2698751502051664 -5.479963372518977 5.545570233019602
      vertex 2.8198581639638576 -5.275583564686411 5.461396736825998
      vertex 2.796075419821989 -5.231089179925707 5.545570233019602
    endloop
  endfacet
  facet normal 0.3865903098938886 -0.8173765354202873 0.4271340909368802
    outer loop
      vertex 2.3052388956552363 -5.565339006400837 5.37268343236509
      vertex 2.839637154658732 -5.312587453594531 5.37268343236509
      vertex 2.8198581639638576 -5.275583564686411 5.461396736825998
    endloop
  endfacet
  facet normal 0.4026169729012584 -0.8512620673336663 0.3365300370704521
    outer loop
      vertex 2.3052388956552363 -5.565339006400837 5.37268343236509
      vertex 2.8552219094139275 -5.341744478971499 5.280284677254462
      vertex 2.839637154658732 -5.312587453594531 5.37268343236509
    endloop
  endfacet
  facet normal 0.4147712830414241 -0.8769601970036267 0.2427047499237111
    outer loop
      vertex 2.3178907173085577 -5.595883205825029 5.280284677254462
      vertex 2.866462338521643 -5.362773842724081 5.185090322016128
      vertex 2.8552219094139275 -5.341744478971499 5.280284677254462
    endloop
  endfacet
  facet normal 0.14418088142920285 -0.4029585689672749 0.9037899452451018
    outer loop
      vertex 1.6172911036061066 -5.3314942638356015 5.871921264348355
      vertex 2.098132114468683 -5.0653390064008335 5.913879532511287
      vertex 1.5915389906524808 -5.246600924480866 5.913879532511287
    endloop
  endfacet
  facet normal 0.11361608818069026 -0.31753569440780044 0.9414151407766255
    outer loop
      vertex 1.5915389906524808 -5.246600924480866 5.913879532511287
      vertex 2.098132114468683 -5.0653390064008335 5.913879532511287
      vertex 2.062772641716691 -4.9799736877246055 5.946940335732209
    endloop
  endfacet
  facet normal 0.04949033708475931 -0.13831622619934425 0.9891508116082243
    outer loop
      vertex 1.5089047279437295 -4.974192267408746 5.985184726672197
      vertex 2.0263433391122874 -4.892025571309297 5.970785280403231
      vertex 1.9891950407538843 -4.80234164559333 5.985184726672197
    endloop
  endfacet
  facet normal 0.01655028913210808 -0.046254959454825925 0.9987925543652576
    outer loop
      vertex 1.5089047279437295 -4.974192267408746 5.985184726672197
      vertex 1.9891950407538843 -4.80234164559333 5.985184726672197
      vertex 1.9516855050619597 -4.711785615807564 5.99
    endloop
  endfacet
  facet normal 0.0819504388240846 -0.22903613313676127 0.969962151475149
    outer loop
      vertex 1.5647170478464716 -5.158180828744065 5.946940335732209
      vertex 2.062772641716691 -4.9799736877246055 5.946940335732209
      vertex 2.0263433391122874 -4.892025571309297 5.970785280403231
    endloop
  endfacet
  facet normal 0.14418088142919783 -0.40295856896726656 0.9037899452451064
    outer loop
      vertex 1.6172911036061066 -5.3314942638356015 5.871921264348355
      vertex 2.132081226316245 -5.147299412653712 5.871921264348355
      vertex 2.098132114468683 -5.0653390064008335 5.913879532511287
    endloop
  endfacet
  facet normal 0 0 1
    outer loop
      vertex 0.9949606422822512 -5.002004930056476 5.99
      vertex 1.9516855050619597 -4.711785615807564 5.99
      vertex 2.40412335781258 -4.49779844817661 5.99
    endloop
  endfacet
  facet normal 0.06280938853784514 -0.1327992944495327 0.9891508116082242
    outer loop
      vertex 1.9891950407538843 -4.80234164559333 5.985184726672197
      vertex 2.0263433391122874 -4.892025571309297 5.970785280403231
      vertex 2.4960882989973356 -4.6698527516312005 5.970785280403231
    endloop
  endfacet
  facet normal 0.0210043738181052 -0.04441001716992769 0.9987925543652576
    outer loop
      vertex 1.9891950407538843 -4.80234164559333 5.985184726672197
      vertex 2.40412335781258 -4.49779844817661 5.99
      vertex 1.9516855050619597 -4.711785615807564 5.99
    endloop
  endfacet
  facet normal 0.1040052918640206 -0.2199007138914707 0.9699621514751499
    outer loop
      vertex 2.062772641716691 -4.9799736877246055 5.946940335732209
      vertex 2.540962607420937 -4.753806677761819 5.946940335732209
      vertex 2.0263433391122874 -4.892025571309297 5.970785280403231
    endloop
  endfacet
  facet normal 0.1441929363800777 -0.3048703491889918 0.9414151407766251
    outer loop
      vertex 2.062772641716691 -4.9799736877246055 5.946940335732209
      vertex 2.098132114468683 -5.0653390064008335 5.913879532511287
      vertex 2.5845190790668653 -4.8352951046931985 5.913879532511287
    endloop
  endfacet
  facet normal 0.1829834576779349 -0.3868860156300193 0.9037899452451084
    outer loop
      vertex 2.132081226316245 -5.147299412653712 5.871921264348355
      vertex 2.5845190790668653 -4.8352951046931985 5.913879532511287
      vertex 2.098132114468683 -5.0653390064008335 5.913879532511287
    endloop
  endfacet
  facet normal 0.14419293638007527 -0.3048703491889822 0.9414151407766287
    outer loop
      vertex 2.062772641716691 -4.9799736877246055 5.946940335732209
      vertex 2.5845190790668653 -4.8352951046931985 5.913879532511287
      vertex 2.540962607420937 -4.753806677761819 5.946940335732209
    endloop
  endfacet
  facet normal 0.22000217749314846 -0.4651555225831395 0.8574551776674274
    outer loop
      vertex 2.164293028753775 -5.225065582966899 5.821469612302545
      vertex 2.62633824130279 -4.913533254327884 5.871921264348355
      vertex 2.132081226316245 -5.147299412653712 5.871921264348355
    endloop
  endfacet
  facet normal 0.2200021774931503 -0.46515552258314197 0.8574551776674255
    outer loop
      vertex 2.164293028753775 -5.225065582966899 5.821469612302545
      vertex 2.666017352735679 -4.987767650515568 5.821469612302545
      vertex 2.62633824130279 -4.913533254327884 5.871921264348355
    endloop
  endfacet
  facet normal 0.18298345767795207 -0.38688601563004243 0.9037899452450949
    outer loop
      vertex 2.132081226316245 -5.147299412653712 5.871921264348355
      vertex 2.62633824130279 -4.913533254327884 5.871921264348355
      vertex 2.5845190790668653 -4.8352951046931985 5.913879532511287
    endloop
  endfacet
  facet normal 0.021004373818104147 -0.04441001716992626 0.9987925543652576
    outer loop
      vertex 1.9891950407538843 -4.80234164559333 5.985184726672197
      vertex 2.4503283179169557 -4.584241848503865 5.985184726672197
      vertex 2.40412335781258 -4.49779844817661 5.99
    endloop
  endfacet
  facet normal 0.10400529186402738 -0.21990071389149707 0.9699621514751431
    outer loop
      vertex 2.0263433391122874 -4.892025571309297 5.970785280403231
      vertex 2.540962607420937 -4.753806677761819 5.946940335732209
      vertex 2.4960882989973356 -4.6698527516312005 5.970785280403231
    endloop
  endfacet
  facet normal 0.06280938853783988 -0.13279929444951227 0.9891508116082272
    outer loop
      vertex 1.9891950407538843 -4.80234164559333 5.985184726672197
      vertex 2.4960882989973356 -4.6698527516312005 5.970785280403231
      vertex 2.4503283179169557 -4.584241848503865 5.985184726672197
    endloop
  endfacet
  facet normal 0.02525617490207313 -0.04213738214269691 0.9987925543652576
    outer loop
      vertex 2.4503283179169557 -4.584241848503865 5.985184726672197
      vertex 2.8878635938927744 -4.321993296411804 5.985184726672197
      vertex 2.40412335781258 -4.49779844817661 5.99
    endloop
  endfacet
  facet normal 0.2548923067950248 -0.5389245030238693 0.8028638066180256
    outer loop
      vertex 2.194457304515055 -5.29788858660897 5.763010453362737
      vertex 2.70317428183165 -5.057283375440317 5.763010453362737
      vertex 2.164293028753775 -5.225065582966899 5.821469612302545
    endloop
  endfacet
  facet normal 0.28731840509985695 -0.6074837276378461 0.7405482123036295
    outer loop
      vertex 2.22228355513505 -5.365067098245753 5.697106781186548
      vertex 2.70317428183165 -5.057283375440317 5.763010453362737
      vertex 2.194457304515055 -5.29788858660897 5.763010453362737
    endloop
  endfacet
  facet normal 0.25489230679501906 -0.5389245030238445 0.8028638066180441
    outer loop
      vertex 2.164293028753775 -5.225065582966899 5.821469612302545
      vertex 2.70317428183165 -5.057283375440317 5.763010453362737
      vertex 2.666017352735679 -4.987767650515568 5.821469612302545
    endloop
  endfacet
  facet normal 0.2873184050998695 -0.607483727637862 0.7405482123036118
    outer loop
      vertex 2.22228355513505 -5.365067098245753 5.697106781186548
      vertex 2.737451187051448 -5.121410954669948 5.697106781186548
      vertex 2.70317428183165 -5.057283375440317 5.763010453362737
    endloop
  endfacet
  facet normal 0.31696956086691636 -0.6701758292032854 0.671114487576839
    outer loop
      vertex 2.22228355513505 -5.365067098245753 5.697106781186548
      vertex 2.7685179630601624 -5.179532804560772 5.624393284163646
      vertex 2.737451187051448 -5.121410954669948 5.697106781186548
    endloop
  endfacet
  facet normal 0 0 1
    outer loop
      vertex 0 -5.100000000000001 5.99
      vertex 2.40412335781258 -4.49779844817661 5.99
      vertex 4.2404950227429765 -2.8334081883999716 5.99
    endloop
  endfacet
  facet normal 0.26453602100790224 -0.44135168729782204 0.8574551776674232
    outer loop
      vertex 2.666017352735679 -4.987767650515568 5.821469612302545
      vertex 3.1420664722174365 -4.702434788998623 5.821469612302545
      vertex 2.62633824130279 -4.913533254327884 5.871921264348355
    endloop
  endfacet
  facet normal 0.12505851708824217 -0.20864753056147523 0.969962151475143
    outer loop
      vertex 2.540962607420937 -4.753806677761819 5.946940335732209
      vertex 2.9417945640623486 -4.402706697153711 5.970785280403231
      vertex 2.4960882989973356 -4.6698527516312005 5.970785280403231
    endloop
  endfacet
  facet normal 0.17338112777824563 -0.289268935848399 0.9414151407766281
    outer loop
      vertex 2.5845190790668653 -4.8352951046931985 5.913879532511287
      vertex 3.046015712091787 -4.55868466788619 5.913879532511287
      vertex 2.540962607420937 -4.753806677761819 5.946940335732209
    endloop
  endfacet
  facet normal 0.22002380320031711 -0.36708753846887293 0.903789945245095
    outer loop
      vertex 2.62633824130279 -4.913533254327884 5.871921264348355
      vertex 3.046015712091787 -4.55868466788619 5.913879532511287
      vertex 2.5845190790668653 -4.8352951046931985 5.913879532511287
    endloop
  endfacet
  facet normal 0.07552355124420068 -0.12600343289867003 0.9891508116082274
    outer loop
      vertex 2.4503283179169557 -4.584241848503865 5.985184726672197
      vertex 2.4960882989973356 -4.6698527516312005 5.970785280403231
      vertex 2.9417945640623486 -4.402706697153711 5.970785280403231
    endloop
  endfacet
  facet normal 0.12505851708824856 -0.20864753056148236 0.9699621514751406
    outer loop
      vertex 2.540962607420937 -4.753806677761819 5.946940335732209
      vertex 2.994681714184253 -4.4818579107971175 5.946940335732209
      vertex 2.9417945640623486 -4.402706697153711 5.970785280403231
    endloop
  endfacet
  facet normal 0.07552355124420033 -0.12600343289866908 0.9891508116082276
    outer loop
      vertex 2.4503283179169557 -4.584241848503865 5.985184726672197
      vertex 2.9417945640623486 -4.402706697153711 5.970785280403231
      vertex 2.8878635938927744 -4.321993296411804 5.985184726672197
    endloop
  endfacet
  facet normal 0.1733811277782404 -0.2892689358483847 0.9414151407766335
    outer loop
      vertex 2.540962607420937 -4.753806677761819 5.946940335732209
      vertex 3.046015712091787 -4.55868466788619 5.913879532511287
      vertex 2.994681714184253 -4.4818579107971175 5.946940335732209
    endloop
  endfacet
  facet normal 0.22002380320032597 -0.36708753846888265 0.9037899452450889
    outer loop
      vertex 2.62633824130279 -4.913533254327884 5.871921264348355
      vertex 3.0953021833230707 -4.632447084752378 5.871921264348355
      vertex 3.046015712091787 -4.55868466788619 5.913879532511287
    endloop
  endfacet
  facet normal 0.2645360210078858 -0.4413516872977749 0.8574551776674524
    outer loop
      vertex 2.62633824130279 -4.913533254327884 5.871921264348355
      vertex 3.1420664722174365 -4.702434788998623 5.821469612302545
      vertex 3.0953021833230707 -4.632447084752378 5.871921264348355
    endloop
  endfacet
  facet normal 0.306488769308561 -0.5113456192346885 0.8028638066180445
    outer loop
      vertex 2.666017352735679 -4.987767650515568 5.821469612302545
      vertex 2.70317428183165 -5.057283375440317 5.763010453362737
      vertex 3.1420664722174365 -4.702434788998623 5.821469612302545
    endloop
  endfacet
  facet normal 0.3454787062269988 -0.5763963990151632 0.7405482123036095
    outer loop
      vertex 2.737451187051448 -5.121410954669948 5.697106781186548
      vertex 3.185858213108844 -4.767973760773867 5.763010453362737
      vertex 2.70317428183165 -5.057283375440317 5.763010453362737
    endloop
  endfacet
  facet normal 0.3064887693085612 -0.5113456192346887 0.8028638066180442
    outer loop
      vertex 2.70317428183165 -5.057283375440317 5.763010453362737
      vertex 3.185858213108844 -4.767973760773867 5.763010453362737
      vertex 3.1420664722174365 -4.702434788998623 5.821469612302545
    endloop
  endfacet
  facet normal 0.3454787062269887 -0.5763963990151528 0.7405482123036222
    outer loop
      vertex 2.737451187051448 -5.121410954669948 5.697106781186548
      vertex 3.2262556675935343 -4.82843282395266 5.697106781186548
      vertex 3.185858213108844 -4.767973760773867 5.763010453362737
    endloop
  endfacet
  facet normal 0.3811319840912327 -0.6358802994802965 0.6711144875768431
    outer loop
      vertex 2.7685179630601624 -5.179532804560772 5.624393284163646
      vertex 3.262869786101305 -4.883229724706311 5.624393284163646
      vertex 2.737451187051448 -5.121410954669948 5.697106781186548
    endloop
  endfacet
  facet normal 0.20089956413613408 -0.27088170452509824 0.9414151407766336
    outer loop
      vertex 3.046015712091787 -4.55868466788619 5.913879532511287
      vertex 3.478177548687711 -4.238171605696905 5.913879532511287
      vertex 2.994681714184253 -4.4818579107971175 5.946940335732209
    endloop
  endfacet
  facet normal 0.2549451992206258 -0.34375380764179886 0.9037899452450887
    outer loop
      vertex 3.046015712091787 -4.55868466788619 5.913879532511287
      vertex 3.0953021833230707 -4.632447084752378 5.871921264348355
      vertex 3.478177548687711 -4.238171605696905 5.913879532511287
    endloop
  endfacet
  facet normal 0.3065222380302386 -0.41329739399639026 0.8574551776674548
    outer loop
      vertex 3.1420664722174365 -4.702434788998623 5.821469612302545
      vertex 3.58785577394346 -4.371814909851281 5.821469612302545
      vertex 3.0953021833230707 -4.632447084752378 5.871921264348355
    endloop
  endfacet
  facet normal 0.2549451992206559 -0.3437538076418261 0.90378994524507
    outer loop
      vertex 3.0953021833230707 -4.632447084752378 5.871921264348355
      vertex 3.5344566732536578 -4.306747917397537 5.871921264348355
      vertex 3.478177548687711 -4.238171605696905 5.913879532511287
    endloop
  endfacet
  facet normal 0.3065222380302436 -0.41329739399640114 0.8574551776674477
    outer loop
      vertex 3.0953021833230707 -4.632447084752378 5.871921264348355
      vertex 3.58785577394346 -4.371814909851281 5.821469612302545
      vertex 3.5344566732536578 -4.306747917397537 5.871921264348355
    endloop
  endfacet
  facet normal 0.3811319840912399 -0.6358802994803202 0.6711144875768166
    outer loop
      vertex 2.737451187051448 -5.121410954669948 5.697106781186548
      vertex 3.262869786101305 -4.883229724706311 5.624393284163646
      vertex 3.2262556675935343 -4.82843282395266 5.697106781186548
    endloop
  endfacet
  facet normal 0.35513357742988927 -0.478842197602337 0.8028638066180424
    outer loop
      vertex 3.185858213108844 -4.767973760773867 5.763010453362737
      vertex 3.6378605882265163 -4.432745952351574 5.763010453362737
      vertex 3.1420664722174365 -4.702434788998623 5.821469612302545
    endloop
  endfacet
  facet normal 0.40031185855531487 -0.5397580579795866 0.7405482123036248
    outer loop
      vertex 3.2262556675935343 -4.82843282395266 5.697106781186548
      vertex 3.6839895424058966 -4.488954245650838 5.697106781186548
      vertex 3.185858213108844 -4.767973760773867 5.763010453362737
    endloop
  endfacet
  facet normal 0.3551335774298982 -0.47884219760235697 0.8028638066180265
    outer loop
      vertex 3.1420664722174365 -4.702434788998623 5.821469612302545
      vertex 3.6378605882265163 -4.432745952351574 5.763010453362737
      vertex 3.58785577394346 -4.371814909851281 5.821469612302545
    endloop
  endfacet
  facet normal 0.44162389796086654 -0.5954608948657829 0.6711144875768152
    outer loop
      vertex 3.2262556675935343 -4.82843282395266 5.697106781186548
      vertex 3.262869786101305 -4.883229724706311 5.624393284163646
      vertex 3.6839895424058966 -4.488954245650838 5.697106781186548
    endloop
  endfacet
  facet normal 0.02525617490207391 -0.04213738214269904 0.9987925543652575
    outer loop
      vertex 2.40412335781258 -4.49779844817661 5.99
      vertex 2.8878635938927744 -4.321993296411804 5.985184726672197
      vertex 2.8334081883999716 -4.24049502274298 5.99
    endloop
  endfacet
  facet normal 0 0 1
    outer loop
      vertex 2.40412335781258 -4.49779844817661 5.99
      vertex 2.8334081883999716 -4.24049502274298 5.99
      vertex 3.2354057492345873 -3.942353312149958 5.99
    endloop
  endfacet
  facet normal 0.029264745215307586 -0.03945894109079915 0.9987925543652576
    outer loop
      vertex 2.8334081883999716 -4.24049502274298 5.99
      vertex 2.8878635938927744 -4.321993296411804 5.985184726672197
      vertex 3.2354057492345873 -3.942353312149958 5.99
    endloop
  endfacet
  facet normal 0.08751038086670894 -0.11799408940852876 0.9891508116082278
    outer loop
      vertex 2.9417945640623486 -4.402706697153711 5.970785280403231
      vertex 3.359169739326944 -4.093160170418329 5.970785280403231
      vertex 2.8878635938927744 -4.321993296411804 5.985184726672197
    endloop
  endfacet
  facet normal 0.14490736042896202 -0.1953849574538124 0.9699621514751402
    outer loop
      vertex 2.9417945640623486 -4.402706697153711 5.970785280403231
      vertex 2.994681714184253 -4.4818579107971175 5.946940335732209
      vertex 3.359169739326944 -4.093160170418329 5.970785280403231
    endloop
  endfacet
  facet normal 0.14490736042896163 -0.19538495745381207 0.9699621514751403
    outer loop
      vertex 2.994681714184253 -4.4818579107971175 5.946940335732209
      vertex 3.4195603989804226 -4.166746402118687 5.946940335732209
      vertex 3.359169739326944 -4.093160170418329 5.970785280403231
    endloop
  endfacet
  facet normal 0.02926474521530586 -0.03945894109079757 0.9987925543652576
    outer loop
      vertex 2.8878635938927744 -4.321993296411804 5.985184726672197
      vertex 3.2975871647925885 -4.0181215862334305 5.985184726672197
      vertex 3.2354057492345873 -3.942353312149958 5.99
    endloop
  endfacet
  facet normal 0.08751038086671423 -0.11799408940853975 0.9891508116082258
    outer loop
      vertex 2.8878635938927744 -4.321993296411804 5.985184726672197
      vertex 3.359169739326944 -4.093160170418329 5.970785280403231
      vertex 3.2975871647925885 -4.0181215862334305 5.985184726672197
    endloop
  endfacet
  facet normal 0.20089956413611598 -0.27088170452506033 0.9414151407766483
    outer loop
      vertex 2.994681714184253 -4.4818579107971175 5.946940335732209
      vertex 3.478177548687711 -4.238171605696905 5.913879532511287
      vertex 3.4195603989804226 -4.166746402118687 5.946940335732209
    endloop
  endfacet
  facet normal 0.03299148003437856 -0.0364004888657418 0.9987925543652577
    outer loop
      vertex 3.2354057492345873 -3.942353312149958 5.99
      vertex 3.2975871647925885 -4.0181215862334305 5.985184726672197
      vertex 3.6062445840513817 -3.6062445840513924 5.99
    endloop
  endfacet
  facet normal 0 0 1
    outer loop
      vertex 2.40412335781258 -4.49779844817661 5.99
      vertex 3.2354057492345873 -3.942353312149958 5.99
      vertex 4.2404950227429765 -2.8334081883999716 5.99
    endloop
  endfacet
  facet normal 0.09865443768343662 -0.1088483983352664 0.989150811608226
    outer loop
      vertex 3.2975871647925885 -4.0181215862334305 5.985184726672197
      vertex 3.359169739326944 -4.093160170418329 5.970785280403231
      vertex 3.6755531686509357 -3.6755531686509393 5.985184726672197
    endloop
  endfacet
  facet normal 0.41310770686813064 -0.6892285699592253 0.5952360883532819
    outer loop
      vertex 2.796075419821989 -5.231089179925707 5.545570233019602
      vertex 3.2953479546556252 -4.931836738925526 5.545570233019602
      vertex 2.7685179630601624 -5.179532804560772 5.624393284163646
    endloop
  endfacet
  facet normal 0.44110100012040604 -0.735932558182977 0.5136469385667911
    outer loop
      vertex 2.8198581639638576 -5.275583564686411 5.461396736825998
      vertex 3.3233773907389264 -4.973785754492077 5.461396736825998
      vertex 2.796075419821989 -5.231089179925707 5.545570233019602
    endloop
  endfacet
  facet normal 0.46484568246023145 -0.7755481673356003 0.42713409093687843
    outer loop
      vertex 2.839637154658732 -5.312587453594531 5.37268343236509
      vertex 3.3466881555593204 -5.008672779454397 5.37268343236509
      vertex 2.8198581639638576 -5.275583564686411 5.461396736825998
    endloop
  endfacet
  facet normal 0.4841165356414017 -0.8076996434739366 0.33653003707045703
    outer loop
      vertex 2.8552219094139275 -5.341744478971499 5.280284677254462
      vertex 3.3650557537085604 -5.036161832690908 5.280284677254462
      vertex 2.839637154658732 -5.312587453594531 5.37268343236509
    endloop
  endfacet
  facet normal 0.4131077068681343 -0.689228569959239 0.5952360883532635
    outer loop
      vertex 2.7685179630601624 -5.179532804560772 5.624393284163646
      vertex 3.2953479546556252 -4.931836738925526 5.545570233019602
      vertex 3.262869786101305 -4.883229724706311 5.624393284163646
    endloop
  endfacet
  facet normal 0.4411010001204103 -0.7359325581829957 0.5136469385667606
    outer loop
      vertex 2.796075419821989 -5.231089179925707 5.545570233019602
      vertex 3.3233773907389264 -4.973785754492077 5.461396736825998
      vertex 3.2953479546556252 -4.931836738925526 5.545570233019602
    endloop
  endfacet
  facet normal 0.46484568246022534 -0.7755481673355642 0.4271340909369506
    outer loop
      vertex 2.8198581639638576 -5.275583564686411 5.461396736825998
      vertex 3.3466881555593204 -5.008672779454397 5.37268343236509
      vertex 3.3233773907389264 -4.973785754492077 5.461396736825998
    endloop
  endfacet
  facet normal 0.5111109830682002 -0.6891533831361931 0.5136469385667527
    outer loop
      vertex 3.3233773907389264 -4.973785754492077 5.461396736825998
      vertex 3.7628844872654668 -4.585088014113289 5.545570233019602
      vertex 3.2953479546556252 -4.931836738925526 5.545570233019602
    endloop
  endfacet
  facet normal 0.4786746938066001 -0.6454181099342217 0.5952360883532639
    outer loop
      vertex 3.2953479546556252 -4.931836738925526 5.545570233019602
      vertex 3.7628844872654668 -4.585088014113289 5.545570233019602
      vertex 3.262869786101305 -4.883229724706311 5.624393284163646
    endloop
  endfacet
  facet normal 0.48411653564140605 -0.8076996434739896 0.33653003707032353
    outer loop
      vertex 2.839637154658732 -5.312587453594531 5.37268343236509
      vertex 3.3650557537085604 -5.036161832690908 5.280284677254462
      vertex 3.3466881555593204 -5.008672779454397 5.37268343236509
    endloop
  endfacet
  facet normal 0.4987311766382044 -0.8320826989028898 0.24270474992376032
    outer loop
      vertex 2.8552219094139275 -5.341744478971499 5.280284677254462
      vertex 3.378303295175783 -5.0559881795919 5.185090322016128
      vertex 3.3650557537085604 -5.036161832690908 5.280284677254462
    endloop
  endfacet
  facet normal 0.5386243369939953 -0.7262508464416655 0.4271340909369604
    outer loop
      vertex 3.3466881555593204 -5.008672779454397 5.37268343236509
      vertex 3.8215087200360074 -4.656521848429062 5.37268343236509
      vertex 3.3233773907389264 -4.973785754492077 5.461396736825998
    endloop
  endfacet
  facet normal 0.3332521667648523 -0.9313774121345479 0.14655752970108252
    outer loop
      vertex 1.7693387311883555 -5.832728118691524 5.08801714032956
      vertex 2.332526212102181 -5.631216415847845 5.08801714032956
      vertex 1.7651587925755337 -5.818948707744539 5.185090322016128
    endloop
  endfacet
  facet normal 0.3332521667648521 -0.9313774121345482 0.1465575297010811
    outer loop
      vertex 1.7651587925755337 -5.818948707744539 5.185090322016128
      vertex 2.332526212102181 -5.631216415847845 5.08801714032956
      vertex 2.327015782579821 -5.617913062160451 5.185090322016128
    endloop
  endfacet
  facet normal 0.3364850300649781 -0.9404126597774554 0.049008712209797904
    outer loop
      vertex 1.7693387311883555 -5.832728118691524 5.08801714032956
      vertex 2.334368937427058 -5.63566514831885 4.99
      vertex 2.332526212102181 -5.631216415847845 5.08801714032956
    endloop
  endfacet
  facet normal 0.32681691525190937 -0.9133920890119868 0.2427047499237403
    outer loop
      vertex 1.7651587925755337 -5.818948707744539 5.185090322016128
      vertex 2.327015782579821 -5.617913062160451 5.185090322016128
      vertex 2.3178907173085577 -5.595883205825029 5.280284677254462
    endloop
  endfacet
  facet normal 0.33648503006497793 -0.9404126597774555 0.049008712209796385
    outer loop
      vertex 1.7707365312522256 -5.837336047966474 4.99
      vertex 2.334368937427058 -5.63566514831885 4.99
      vertex 1.7693387311883555 -5.832728118691524 5.08801714032956
    endloop
  endfacet
  facet normal 0.41477128304142546 -0.8769601970036178 0.24270474992374072
    outer loop
      vertex 2.327015782579821 -5.617913062160451 5.185090322016128
      vertex 2.866462338521643 -5.362773842724081 5.185090322016128
      vertex 2.3178907173085577 -5.595883205825029 5.280284677254462
    endloop
  endfacet
  facet normal 0.4229384169997773 -0.8942281509288559 0.14655752970107658
    outer loop
      vertex 2.332526212102181 -5.631216415847845 5.08801714032956
      vertex 2.866462338521643 -5.362773842724081 5.185090322016128
      vertex 2.327015782579821 -5.617913062160451 5.185090322016128
    endloop
  endfacet
  facet normal 0.4270413223156207 -0.9029030153690161 0.04900871220981404
    outer loop
      vertex 2.334368937427058 -5.63566514831885 4.99
      vertex 2.875520094638574 -5.379719712524967 4.99
      vertex 2.332526212102181 -5.631216415847845 5.08801714032956
    endloop
  endfacet
  facet normal 0.4229384169997702 -0.8942281509288538 0.14655752970111008
    outer loop
      vertex 2.332526212102181 -5.631216415847845 5.08801714032956
      vertex 2.8732501905049332 -5.375473020583527 5.08801714032956
      vertex 2.866462338521643 -5.362773842724081 5.185090322016128
    endloop
  endfacet
  facet normal 0.42704132231560554 -0.9029030153690297 0.04900871220969545
    outer loop
      vertex 2.332526212102181 -5.631216415847845 5.08801714032956
      vertex 2.875520094638574 -5.379719712524967 4.99
      vertex 2.8732501905049332 -5.375473020583527 5.08801714032956
    endloop
  endfacet
  facet normal 0.49873117663820354 -0.8320826989029045 0.24270474992371127
    outer loop
      vertex 2.8552219094139275 -5.341744478971499 5.280284677254462
      vertex 2.866462338521643 -5.362773842724081 5.185090322016128
      vertex 3.378303295175783 -5.0559881795919 5.185090322016128
    endloop
  endfacet
  facet normal 0.5085515390773384 -0.8484669837948791 0.14655752970110705
    outer loop
      vertex 2.8732501905049332 -5.375473020583527 5.08801714032956
      vertex 3.3863031988947796 -5.067960881598527 5.08801714032956
      vertex 2.866462338521643 -5.362773842724081 5.185090322016128
    endloop
  endfacet
  facet normal 0.5134849731878127 -0.8566979213455929 0.04900871220968558
    outer loop
      vertex 2.875520094638574 -5.379719712524967 4.99
      vertex 3.3863031988947796 -5.067960881598527 5.08801714032956
      vertex 2.8732501905049332 -5.375473020583527 5.08801714032956
    endloop
  endfacet
  facet normal 0.5085515390773342 -0.8484669837948923 0.1465575297010449
    outer loop
      vertex 2.866462338521643 -5.362773842724081 5.185090322016128
      vertex 3.3863031988947796 -5.067960881598527 5.08801714032956
      vertex 3.378303295175783 -5.0559881795919 5.185090322016128
    endloop
  endfacet
  facet normal 0.5134849731877885 -0.856697921345599 0.04900871220983114
    outer loop
      vertex 2.875520094638574 -5.379719712524967 4.99
      vertex 3.38897842141958 -5.071964635045525 4.99
      vertex 3.3863031988947796 -5.067960881598527 5.08801714032956
    endloop
  endfacet
  facet normal 0 0 1
    outer loop
      vertex 0 -5.100000000000001 5.99
      vertex 4.2404950227429765 -2.8334081883999716 5.99
      vertex 4.711785615807571 1.9516855050619561 5.99
    endloop
  endfacet
  facet normal 0.049067674327416023 -0.9987954562051725 0
    outer loop
      vertex 0 -6.1 4.99
      vertex 0 -6.1 1.5
      vertex 0.5979045560103202 -6.070626832700402 4.99
    endloop
  endfacet
  facet normal 0.14673047445536275 -0.9891765099647807 0
    outer loop
      vertex 0.5979045560103202 -6.070626832700402 4.99
      vertex 0.5979045560103202 -6.070626832700402 1.5
      vertex 1.1900509642983934 -5.982790210459704 4.99
    endloop
  endfacet
  facet normal 0.24298017990326418 -0.970031253194544 0
    outer loop
      vertex 1.1900509642983934 -5.982790210459704 4.99
      vertex 1.1900509642983934 -5.982790210459704 1.5
      vertex 1.7707365312522256 -5.837336047966474 4.99
    endloop
  endfacet
  facet normal 0.3368898533922159 -0.9415440651830222 0
    outer loop
      vertex 1.7707365312522256 -5.837336047966474 4.99
      vertex 1.7707365312522256 -5.837336047966474 1.5
      vertex 2.334368937427058 -5.63566514831885 4.99
    endloop
  endfacet
  facet normal 0.427555093430296 -0.9039892931234368 0
    outer loop
      vertex 2.334368937427058 -5.63566514831885 4.99
      vertex 2.334368937427058 -5.63566514831885 1.5
      vertex 2.875520094638574 -5.379719712524967 4.99
    endloop
  endfacet
  facet normal 0.514102744193211 -0.8577286100002784 0
    outer loop
      vertex 2.875520094638574 -5.379719712524967 4.99
      vertex 2.875520094638574 -5.379719712524967 1.5
      vertex 3.38897842141958 -5.071964635045525 4.99
    endloop
  endfacet
  facet normal 0.4003118585553227 -0.5397580579796047 0.7405482123036075
    outer loop
      vertex 3.185858213108844 -4.767973760773867 5.763010453362737
      vertex 3.6839895424058966 -4.488954245650838 5.697106781186548
      vertex 3.6378605882265163 -4.432745952351574 5.763010453362737
    endloop
  endfacet
  facet normal 0.44162389796086887 -0.5954608948657848 0.671114487576812
    outer loop
      vertex 3.262869786101305 -4.883229724706311 5.624393284163646
      vertex 3.725798389436193 -4.539898473158022 5.624393284163646
      vertex 3.6839895424058966 -4.488954245650838 5.697106781186548
    endloop
  endfacet
  facet normal 0.4978627322769016 -0.5493068763216891 0.6711144875768119
    outer loop
      vertex 3.725798389436193 -4.539898473158022 5.624393284163646
      vertex 4.152845517552265 -4.152845517552272 5.624393284163646
      vertex 3.6839895424058966 -4.488954245650838 5.697106781186548
    endloop
  endfacet
  facet normal 0.16336066667431556 -0.180240720397586 0.9699621514751401
    outer loop
      vertex 3.4195603989804226 -4.166746402118687 5.946940335732209
      vertex 3.8115068478125806 -3.81150684781257 5.946940335732209
      vertex 3.359169739326944 -4.093160170418329 5.970785280403231
    endloop
  endfacet
  facet normal 0.2264832278684941 -0.24988573430819733 0.9414151407766506
    outer loop
      vertex 3.4195603989804226 -4.166746402118687 5.946940335732209
      vertex 3.478177548687711 -4.238171605696905 5.913879532511287
      vertex 3.8115068478125806 -3.81150684781257 5.946940335732209
    endloop
  endfacet
  facet normal 0.28741133360524157 -0.3171095397322101 0.9037899452450677
    outer loop
      vertex 3.478177548687711 -4.238171605696905 5.913879532511287
      vertex 3.5344566732536578 -4.306747917397537 5.871921264348355
      vertex 3.9395724132902785 -3.9395724132902643 5.871921264348355
    endloop
  endfacet
  facet normal 0.34555647833825964 -0.3812628208595005 0.8574551776674488
    outer loop
      vertex 3.58785577394346 -4.371814909851281 5.821469612302545
      vertex 3.9990920632449445 -3.9990920632449445 5.821469612302545
      vertex 3.5344566732536578 -4.306747917397537 5.871921264348355
    endloop
  endfacet
  facet normal 0.22648322786853928 -0.2498857343082311 0.9414151407766308
    outer loop
      vertex 3.478177548687711 -4.238171605696905 5.913879532511287
      vertex 3.8768426341245004 -3.8768426341244897 5.913879532511287
      vertex 3.8115068478125806 -3.81150684781257 5.946940335732209
    endloop
  endfacet
  facet normal 0.2874113336052106 -0.3171095397321583 0.9037899452450956
    outer loop
      vertex 3.478177548687711 -4.238171605696905 5.913879532511287
      vertex 3.9395724132902785 -3.9395724132902643 5.871921264348355
      vertex 3.8768426341245004 -3.8768426341244897 5.913879532511287
    endloop
  endfacet
  facet normal 0.34555647833828074 -0.38126282085953633 0.8574551776674244
    outer loop
      vertex 3.5344566732536578 -4.306747917397537 5.871921264348355
      vertex 3.9990920632449445 -3.9990920632449445 5.821469612302545
      vertex 3.9395724132902785 -3.9395724132902643 5.871921264348355
    endloop
  endfacet
  facet normal 0.09865443768343403 -0.10884839833526445 0.9891508116082265
    outer loop
      vertex 3.359169739326944 -4.093160170418329 5.970785280403231
      vertex 3.7441942736928695 -3.7441942736928624 5.970785280403231
      vertex 3.6755531686509357 -3.6755531686509393 5.985184726672197
    endloop
  endfacet
  facet normal 0.032991480034376484 -0.036400488865740245 0.9987925543652578
    outer loop
      vertex 3.2975871647925885 -4.0181215862334305 5.985184726672197
      vertex 3.6755531686509357 -3.6755531686509393 5.985184726672197
      vertex 3.6062445840513817 -3.6062445840513924 5.99
    endloop
  endfacet
  facet normal 0.16336066667430352 -0.18024072039756617 0.9699621514751458
    outer loop
      vertex 3.359169739326944 -4.093160170418329 5.970785280403231
      vertex 3.8115068478125806 -3.81150684781257 5.946940335732209
      vertex 3.7441942736928695 -3.7441942736928624 5.970785280403231
    endloop
  endfacet
  facet normal 0.036400488865739704 -0.03299148003437667 0.9987925543652578
    outer loop
      vertex 3.6062445840513817 -3.6062445840513924 5.99
      vertex 3.6755531686509357 -3.6755531686509393 5.985184726672197
      vertex 4.018121586233434 -3.297587164792592 5.985184726672197
    endloop
  endfacet
  facet normal 0.18024072039756853 -0.16336066667430021 0.9699621514751458
    outer loop
      vertex 3.8115068478125806 -3.81150684781257 5.946940335732209
      vertex 4.093160170418315 -3.3591697393269477 5.970785280403231
      vertex 3.7441942736928695 -3.7441942736928624 5.970785280403231
    endloop
  endfacet
  facet normal 0.10884839833526536 -0.09865443768343156 0.9891508116082266
    outer loop
      vertex 3.6755531686509357 -3.6755531686509393 5.985184726672197
      vertex 3.7441942736928695 -3.7441942736928624 5.970785280403231
      vertex 4.093160170418315 -3.3591697393269477 5.970785280403231
    endloop
  endfacet
  facet normal 0.4003582550647849 -0.4417272638453491 0.8028638066180228
    outer loop
      vertex 3.58785577394346 -4.371814909851281 5.821469612302545
      vertex 3.6378605882265163 -4.432745952351574 5.763010453362737
      vertex 4.054828377222719 -4.054828377222712 5.763010453362737
    endloop
  endfacet
  facet normal 0.45128978885300614 -0.49792155178395503 0.7405482123036063
    outer loop
      vertex 3.6839895424058966 -4.488954245650838 5.697106781186548
      vertex 4.106244584051382 -4.106244584051392 5.697106781186548
      vertex 3.6378605882265163 -4.432745952351574 5.763010453362737
    endloop
  endfacet
  facet normal 0.45128978885304005 -0.49792155178401626 0.7405482123035445
    outer loop
      vertex 3.6378605882265163 -4.432745952351574 5.763010453362737
      vertex 4.106244584051382 -4.106244584051392 5.697106781186548
      vertex 4.054828377222719 -4.054828377222712 5.763010453362737
    endloop
  endfacet
  facet normal 0.40035825506475425 -0.4417272638452956 0.8028638066180676
    outer loop
      vertex 3.58785577394346 -4.371814909851281 5.821469612302545
      vertex 4.054828377222719 -4.054828377222712 5.763010453362737
      vertex 3.9990920632449445 -3.9990920632449445 5.821469612302545
    endloop
  endfacet
  facet normal 0.24988573430824024 -0.22648322786852995 0.9414151407766305
    outer loop
      vertex 3.8115068478125806 -3.81150684781257 5.946940335732209
      vertex 3.8768426341245004 -3.8768426341244897 5.913879532511287
      vertex 4.238171605696891 -3.4781775486876967 5.913879532511287
    endloop
  endfacet
  facet normal 0.3171095397321692 -0.2874113336051981 0.9037899452450958
    outer loop
      vertex 3.8768426341245004 -3.8768426341244897 5.913879532511287
      vertex 3.9395724132902785 -3.9395724132902643 5.871921264348355
      vertex 4.238171605696891 -3.4781775486876967 5.913879532511287
    endloop
  endfacet
  facet normal 0.18024072039755135 -0.16336066667428975 0.9699621514751507
    outer loop
      vertex 3.8115068478125806 -3.81150684781257 5.946940335732209
      vertex 4.16674640211869 -3.4195603989804333 5.946940335732209
      vertex 4.093160170418315 -3.3591697393269477 5.970785280403231
    endloop
  endfacet
  facet normal 0.24988573430826533 -0.2264832278685635 0.9414151407766157
    outer loop
      vertex 3.8115068478125806 -3.81150684781257 5.946940335732209
      vertex 4.238171605696891 -3.4781775486876967 5.913879532511287
      vertex 4.16674640211869 -3.4195603989804333 5.946940335732209
    endloop
  endfacet
  facet normal 0.3812628208595337 -0.3455564783382898 0.8574551776674219
    outer loop
      vertex 3.9990920632449445 -3.9990920632449445 5.821469612302545
      vertex 4.371814909851281 -3.58785577394346 5.821469612302545
      vertex 3.9395724132902785 -3.9395724132902643 5.871921264348355
    endloop
  endfacet
  facet normal 0.31710953973216177 -0.28741133360519366 0.9037899452450998
    outer loop
      vertex 3.9395724132902785 -3.9395724132902643 5.871921264348355
      vertex 4.30674791739753 -3.5344566732536613 5.871921264348355
      vertex 4.238171605696891 -3.4781775486876967 5.913879532511287
    endloop
  endfacet
  facet normal 0.3812628208594987 -0.3455564783382417 0.8574551776674568
    outer loop
      vertex 3.9395724132902785 -3.9395724132902643 5.871921264348355
      vertex 4.371814909851281 -3.58785577394346 5.821469612302545
      vertex 4.30674791739753 -3.5344566732536613 5.871921264348355
    endloop
  endfacet
  facet normal 0.49786273227688804 -0.5493068763216634 0.6711144875768428
    outer loop
      vertex 3.6839895424058966 -4.488954245650838 5.697106781186548
      vertex 4.152845517552265 -4.152845517552272 5.624393284163646
      vertex 4.106244584051382 -4.106244584051392 5.697106781186548
    endloop
  endfacet
  facet normal 0.4979215517840058 -0.45128978885306015 0.7405482123035393
    outer loop
      vertex 4.106244584051382 -4.106244584051392 5.697106781186548
      vertex 4.488954245650831 -3.683989542405911 5.697106781186548
      vertex 4.054828377222719 -4.054828377222712 5.763010453362737
    endloop
  endfacet
  facet normal 0.5493068763216581 -0.49786273227689193 0.6711144875768446
    outer loop
      vertex 4.152845517552265 -4.152845517552272 5.624393284163646
      vertex 4.488954245650831 -3.683989542405911 5.697106781186548
      vertex 4.106244584051382 -4.106244584051392 5.697106781186548
    endloop
  endfacet
  facet normal 0.4417272638452938 -0.4003582550647526 0.8028638066180694
    outer loop
      vertex 3.9990920632449445 -3.9990920632449445 5.821469612302545
      vertex 4.054828377222719 -4.054828377222712 5.763010453362737
      vertex 4.371814909851281 -3.58785577394346 5.821469612302545
    endloop
  endfacet
  facet normal 0.4417272638452959 -0.4003582550647538 0.8028638066180676
    outer loop
      vertex 4.054828377222719 -4.054828377222712 5.763010453362737
      vertex 4.432745952351581 -3.637860588226527 5.763010453362737
      vertex 4.371814909851281 -3.58785577394346 5.821469612302545
    endloop
  endfacet
  facet normal 0.4979215517839868 -0.45128978885303256 0.7405482123035689
    outer loop
      vertex 4.054828377222719 -4.054828377222712 5.763010453362737
      vertex 4.488954245650831 -3.683989542405911 5.697106781186548
      vertex 4.432745952351581 -3.637860588226527 5.763010453362737
    endloop
  endfacet
  facet normal 0.47867469380659317 -0.6454181099342033 0.5952360883532892
    outer loop
      vertex 3.262869786101305 -4.883229724706311 5.624393284163646
      vertex 3.7628844872654668 -4.585088014113289 5.545570233019602
      vertex 3.725798389436193 -4.539898473158022 5.624393284163646
    endloop
  endfacet
  facet normal 0.5111109830681244 -0.6891533831361393 0.5136469385669004
    outer loop
      vertex 3.3233773907389264 -4.973785754492077 5.461396736825998
      vertex 3.794890676498312 -4.624087668534116 5.461396736825998
      vertex 3.7628844872654668 -4.585088014113289 5.545570233019602
    endloop
  endfacet
  facet normal 0.5386243369940077 -0.7262508464417109 0.4271340909368673
    outer loop
      vertex 3.8215087200360074 -4.656521848429062 5.37268343236509
      vertex 3.794890676498312 -4.624087668534116 5.461396736825998
      vertex 3.3233773907389264 -4.973785754492077 5.461396736825998
    endloop
  endfacet
  facet normal 0.5396317817734487 -0.5953919206891259 0.5952360883532908
    outer loop
      vertex 3.7628844872654668 -4.585088014113289 5.545570233019602
      vertex 4.152845517552265 -4.152845517552272 5.624393284163646
      vertex 3.725798389436193 -4.539898473158022 5.624393284163646
    endloop
  endfacet
  facet normal 0.5761986878472685 -0.6357372842801674 0.5136469385669145
    outer loop
      vertex 3.794890676498312 -4.624087668534116 5.461396736825998
      vertex 4.229857090544726 -4.229857090544726 5.461396736825998
      vertex 3.7628844872654668 -4.585088014113289 5.545570233019602
    endloop
  endfacet
  facet normal 0.5609537914983255 -0.7563586305140647 0.3365300370703066
    outer loop
      vertex 3.3650557537085604 -5.036161832690908 5.280284677254462
      vertex 3.8424822715684 -4.682078194915402 5.280284677254462
      vertex 3.3466881555593204 -5.008672779454397 5.37268343236509
    endloop
  endfacet
  facet normal 0.5778880163697513 -0.7791917895490672 0.24270474992376256
    outer loop
      vertex 3.378303295175783 -5.0559881795919 5.185090322016128
      vertex 3.8424822715684 -4.682078194915402 5.280284677254462
      vertex 3.3650557537085604 -5.036161832690908 5.280284677254462
    endloop
  endfacet
  facet normal 0.5609537914983236 -0.7563586305140548 0.3365300370703315
    outer loop
      vertex 3.3466881555593204 -5.008672779454397 5.37268343236509
      vertex 3.8424822715684 -4.682078194915402 5.280284677254462
      vertex 3.8215087200360074 -4.656521848429062 5.37268343236509
    endloop
  endfacet
  facet normal 0.6072157447205353 -0.6699593328874717 0.42713409093686233
    outer loop
      vertex 3.8215087200360074 -4.656521848429062 5.37268343236509
      vertex 4.229857090544726 -4.229857090544726 5.461396736825998
      vertex 3.794890676498312 -4.624087668534116 5.461396736825998
    endloop
  endfacet
  facet normal 0.6072157447205423 -0.6699593328874752 0.42713409093684673
    outer loop
      vertex 3.8215087200360074 -4.656521848429062 5.37268343236509
      vertex 4.25952606648957 -4.259526066489581 5.37268343236509
      vertex 4.229857090544726 -4.229857090544726 5.461396736825998
    endloop
  endfacet
  facet normal 0.6323887556945265 -0.6977334704745386 0.3365300370705187
    outer loop
      vertex 3.8215087200360074 -4.656521848429062 5.37268343236509
      vertex 4.282903584638575 -4.282903584638568 5.280284677254462
      vertex 4.25952606648957 -4.259526066489581 5.37268343236509
    endloop
  endfacet
  facet normal 0.632388755694548 -0.6977334704746141 0.3365300370703215
    outer loop
      vertex 3.8424822715684 -4.682078194915402 5.280284677254462
      vertex 4.282903584638575 -4.282903584638568 5.280284677254462
      vertex 3.8215087200360074 -4.656521848429062 5.37268343236509
    endloop
  endfacet
  facet normal 0.6514794785979338 -0.7187968373123419 0.24270474992372748
    outer loop
      vertex 3.8576093443289494 -4.700510586405958 5.185090322016128
      vertex 4.282903584638575 -4.282903584638568 5.280284677254462
      vertex 3.8424822715684 -4.682078194915402 5.280284677254462
    endloop
  endfacet
  facet normal 0.5396317817734896 -0.5953919206891514 0.5952360883532284
    outer loop
      vertex 3.7628844872654668 -4.585088014113289 5.545570233019602
      vertex 4.194182385261058 -4.1941823852610725 5.545570233019602
      vertex 4.152845517552265 -4.152845517552272 5.624393284163646
    endloop
  endfacet
  facet normal 0.576198687847281 -0.6357372842801956 0.5136469385668654
    outer loop
      vertex 3.7628844872654668 -4.585088014113289 5.545570233019602
      vertex 4.229857090544726 -4.229857090544726 5.461396736825998
      vertex 4.194182385261058 -4.1941823852610725 5.545570233019602
    endloop
  endfacet
  facet normal 0.5953919206891405 -0.5396317817735046 0.5952360883532256
    outer loop
      vertex 4.152845517552265 -4.152845517552272 5.624393284163646
      vertex 4.194182385261058 -4.1941823852610725 5.545570233019602
      vertex 4.585088014113296 -3.7628844872654774 5.545570233019602
    endloop
  endfacet
  facet normal 0.6357372842801791 -0.5761986878472926 0.5136469385668732
    outer loop
      vertex 4.229857090544726 -4.229857090544726 5.461396736825998
      vertex 4.585088014113296 -3.7628844872654774 5.545570233019602
      vertex 4.194182385261058 -4.1941823852610725 5.545570233019602
    endloop
  endfacet
  facet normal 0.5397580579796611 -0.4003118585553275 0.7405482123035638
    outer loop
      vertex 4.488954245650831 -3.683989542405911 5.697106781186548
      vertex 4.767973760773856 -3.185858213108837 5.763010453362737
      vertex 4.432745952351581 -3.637860588226527 5.763010453362737
    endloop
  endfacet
  facet normal 0.549306876321673 -0.4978627322768998 0.6711144875768265
    outer loop
      vertex 4.152845517552265 -4.152845517552272 5.624393284163646
      vertex 4.5398984731580185 -3.725798389436207 5.624393284163646
      vertex 4.488954245650831 -3.683989542405911 5.697106781186548
    endloop
  endfacet
  facet normal 0.5954608948657915 -0.4416238979608365 0.6711144875768273
    outer loop
      vertex 4.5398984731580185 -3.725798389436207 5.624393284163646
      vertex 4.883229724706297 -3.2628697861012945 5.624393284163646
      vertex 4.488954245650831 -3.683989542405911 5.697106781186548
    endloop
  endfacet
  facet normal 0.6699593328874598 -0.6072157447205047 0.42713409093692417
    outer loop
      vertex 4.229857090544726 -4.229857090544726 5.461396736825998
      vertex 4.656521848429065 -3.8215087200360003 5.37268343236509
      vertex 4.624087668534116 -3.794890676498298 5.461396736825998
    endloop
  endfacet
  facet normal 0.5953919206890993 -0.5396317817734385 0.5952360883533266
    outer loop
      vertex 4.152845517552265 -4.152845517552272 5.624393284163646
      vertex 4.585088014113296 -3.7628844872654774 5.545570233019602
      vertex 4.5398984731580185 -3.725798389436207 5.624393284163646
    endloop
  endfacet
  facet normal 0.6357372842802499 -0.5761986878473243 0.5136469385667498
    outer loop
      vertex 4.229857090544726 -4.229857090544726 5.461396736825998
      vertex 4.624087668534116 -3.794890676498298 5.461396736825998
      vertex 4.585088014113296 -3.7628844872654774 5.545570233019602
    endloop
  endfacet
  facet normal 0.6454181099341979 -0.4786746938065486 0.595236088353331
    outer loop
      vertex 4.5398984731580185 -3.725798389436207 5.624393284163646
      vertex 4.585088014113296 -3.7628844872654774 5.545570233019602
      vertex 4.883229724706297 -3.2628697861012945 5.624393284163646
    endloop
  endfacet
  facet normal 0.6891533831362091 -0.5111109830681851 0.5136469385667464
    outer loop
      vertex 4.624087668534116 -3.794890676498298 5.461396736825998
      vertex 4.97378575449207 -3.32337739073893 5.461396736825998
      vertex 4.585088014113296 -3.7628844872654774 5.545570233019602
    endloop
  endfacet
  facet normal 0.726250846441684 -0.538624336993997 0.42713409093692645
    outer loop
      vertex 4.656521848429065 -3.8215087200360003 5.37268343236509
      vertex 4.97378575449207 -3.32337739073893 5.461396736825998
      vertex 4.624087668534116 -3.794890676498298 5.461396736825998
    endloop
  endfacet
  facet normal 0.6699593328874788 -0.6072157447205426 0.4271340909368405
    outer loop
      vertex 4.25952606648957 -4.259526066489581 5.37268343236509
      vertex 4.656521848429065 -3.8215087200360003 5.37268343236509
      vertex 4.229857090544726 -4.229857090544726 5.461396736825998
    endloop
  endfacet
  facet normal 0.6977334704745372 -0.632388755694522 0.33653003707053
    outer loop
      vertex 4.282903584638575 -4.282903584638568 5.280284677254462
      vertex 4.656521848429065 -3.8215087200360003 5.37268343236509
      vertex 4.25952606648957 -4.259526066489581 5.37268343236509
    endloop
  endfacet
  facet normal 0.6977334704746204 -0.632388755694546 0.3365300370703125
    outer loop
      vertex 4.282903584638575 -4.282903584638568 5.280284677254462
      vertex 4.682078194915391 -3.8424822715684073 5.280284677254462
      vertex 4.656521848429065 -3.8215087200360003 5.37268343236509
    endloop
  endfacet
  facet normal 0.7187968373123322 -0.651479478597917 0.24270474992380114
    outer loop
      vertex 4.282903584638575 -4.282903584638568 5.280284677254462
      vertex 4.700510586405954 -3.85760934432896 5.185090322016128
      vertex 4.682078194915391 -3.8424822715684073 5.280284677254462
    endloop
  endfacet
  facet normal 0.756358630514055 -0.5609537914983393 0.3365300370703052
    outer loop
      vertex 4.682078194915391 -3.8424822715684073 5.280284677254462
      vertex 5.036161832690908 -3.365055753708571 5.280284677254462
      vertex 4.656521848429065 -3.8215087200360003 5.37268343236509
    endloop
  endfacet
  facet normal 0.7791917895490487 -0.5778880163697593 0.2427047499238032
    outer loop
      vertex 4.700510586405954 -3.85760934432896 5.185090322016128
      vertex 5.036161832690908 -3.365055753708571 5.280284677254462
      vertex 4.682078194915391 -3.8424822715684073 5.280284677254462
    endloop
  endfacet
  facet normal 0.7563586305140351 -0.5609537914983005 0.3365300370704147
    outer loop
      vertex 4.656521848429065 -3.8215087200360003 5.37268343236509
      vertex 5.036161832690908 -3.365055753708571 5.280284677254462
      vertex 5.0086727794544 -3.346688155559306 5.37268343236509
    endloop
  endfacet
  facet normal 0.5778880163697612 -0.7791917895490708 0.2427047499237279
    outer loop
      vertex 3.378303295175783 -5.0559881795919 5.185090322016128
      vertex 3.8576093443289494 -4.700510586405958 5.185090322016128
      vertex 3.8424822715684 -4.682078194915402 5.280284677254462
    endloop
  endfacet
  facet normal 0.5892670318310259 -0.7945346157877379 0.14655752970108527
    outer loop
      vertex 3.378303295175783 -5.0559881795919 5.185090322016128
      vertex 3.866744256337654 -4.711641508894505 5.08801714032956
      vertex 3.8576093443289494 -4.700510586405958 5.185090322016128
    endloop
  endfacet
  facet normal 0.5892670318310238 -0.7945346157877476 0.1465575297010403
    outer loop
      vertex 3.3863031988947796 -5.067960881598527 5.08801714032956
      vertex 3.866744256337654 -4.711641508894505 5.08801714032956
      vertex 3.378303295175783 -5.0559881795919 5.185090322016128
    endloop
  endfacet
  facet normal 0.5949834830687528 -0.8022423580208834 0.049008712209848
    outer loop
      vertex 3.38897842141958 -5.071964635045525 4.99
      vertex 3.866744256337654 -4.711641508894505 5.08801714032956
      vertex 3.3863031988947796 -5.067960881598527 5.08801714032956
    endloop
  endfacet
  facet normal 0.5949834830687594 -0.8022423580208811 0.049008712209808424
    outer loop
      vertex 3.38897842141958 -5.071964635045525 4.99
      vertex 3.8697990333982375 -4.715363765512695 4.99
      vertex 3.866744256337654 -4.711641508894505 5.08801714032956
    endloop
  endfacet
  facet normal 0.6514794785979192 -0.7187968373123383 0.24270474992377647
    outer loop
      vertex 3.8576093443289494 -4.700510586405958 5.185090322016128
      vertex 4.299764506712478 -4.299764506712467 5.185090322016128
      vertex 4.282903584638575 -4.282903584638568 5.280284677254462
    endloop
  endfacet
  facet normal 0.6643075609420366 -0.7329504450937812 0.1465575297010372
    outer loop
      vertex 3.8576093443289494 -4.700510586405958 5.185090322016128
      vertex 4.309946452814586 -4.309946452814586 5.08801714032956
      vertex 4.299764506712478 -4.299764506712467 5.185090322016128
    endloop
  endfacet
  facet normal 0.6643075609420377 -0.7329504450937713 0.14655752970108218
    outer loop
      vertex 3.866744256337654 -4.711641508894505 5.08801714032956
      vertex 4.309946452814586 -4.309946452814586 5.08801714032956
      vertex 3.8576093443289494 -4.700510586405958 5.185090322016128
    endloop
  endfacet
  facet normal 0.6707519767566907 -0.7400607622381691 0.04900871220968744
    outer loop
      vertex 3.866744256337654 -4.711641508894505 5.08801714032956
      vertex 4.313351365237935 -4.313351365237942 4.99
      vertex 4.309946452814586 -4.309946452814586 5.08801714032956
    endloop
  endfacet
  facet normal 0.6707519767567024 -0.7400607622381499 0.04900871220981879
    outer loop
      vertex 3.8697990333982375 -4.715363765512695 4.99
      vertex 4.313351365237935 -4.313351365237942 4.99
      vertex 3.866744256337654 -4.711641508894505 5.08801714032956
    endloop
  endfacet
  facet normal 0.7187968373123338 -0.6514794785979234 0.24270474992377908
    outer loop
      vertex 4.299764506712478 -4.299764506712467 5.185090322016128
      vertex 4.700510586405954 -3.85760934432896 5.185090322016128
      vertex 4.282903584638575 -4.282903584638568 5.280284677254462
    endloop
  endfacet
  facet normal 0.7329504450937776 -0.664307560942042 0.14655752970103003
    outer loop
      vertex 4.309946452814586 -4.309946452814586 5.08801714032956
      vertex 4.700510586405954 -3.85760934432896 5.185090322016128
      vertex 4.299764506712478 -4.299764506712467 5.185090322016128
    endloop
  endfacet
  facet normal 0.7400607622381615 -0.6707519767566995 0.049008712209682635
    outer loop
      vertex 4.313351365237935 -4.313351365237942 4.99
      vertex 4.711641508894502 -3.866744256337668 5.08801714032956
      vertex 4.309946452814586 -4.309946452814586 5.08801714032956
    endloop
  endfacet
  facet normal 0.732950445093761 -0.6643075609420438 0.1465575297011057
    outer loop
      vertex 4.309946452814586 -4.309946452814586 5.08801714032956
      vertex 4.711641508894502 -3.866744256337668 5.08801714032956
      vertex 4.700510586405954 -3.85760934432896 5.185090322016128
    endloop
  endfacet
  facet normal 0.7400607622381401 -0.6707519767567124 0.049008712209828886
    outer loop
      vertex 4.313351365237935 -4.313351365237942 4.99
      vertex 4.715363765512706 -3.8697990333982375 4.99
      vertex 4.711641508894502 -3.866744256337668 5.08801714032956
    endloop
  endfacet
  facet normal 0.7945346157877291 -0.5892670318310326 0.14655752970110636
    outer loop
      vertex 4.711641508894502 -3.866744256337668 5.08801714032956
      vertex 5.055988179591907 -3.3783032951757903 5.185090322016128
      vertex 4.700510586405954 -3.85760934432896 5.185090322016128
    endloop
  endfacet
  facet normal 0.7791917895490506 -0.5778880163697593 0.24270474992379684
    outer loop
      vertex 4.700510586405954 -3.85760934432896 5.185090322016128
      vertex 5.055988179591907 -3.3783032951757903 5.185090322016128
      vertex 5.036161832690908 -3.365055753708571 5.280284677254462
    endloop
  endfacet
  facet normal 0.7945346157877281 -0.5892670318310327 0.1465575297011107
    outer loop
      vertex 4.711641508894502 -3.866744256337668 5.08801714032956
      vertex 5.0679608815985375 -3.386303198894794 5.08801714032956
      vertex 5.055988179591907 -3.3783032951757903 5.185090322016128
    endloop
  endfacet
  facet normal 0.8022423580208783 -0.5949834830687729 0.049008712209689866
    outer loop
      vertex 4.711641508894502 -3.866744256337668 5.08801714032956
      vertex 5.071964635045532 -3.388978421419573 4.99
      vertex 5.0679608815985375 -3.386303198894794 5.08801714032956
    endloop
  endfacet
  facet normal 0.802242358020887 -0.594983483068749 0.049008712209838164
    outer loop
      vertex 4.715363765512706 -3.8697990333982375 4.99
      vertex 5.071964635045532 -3.388978421419573 4.99
      vertex 4.711641508894502 -3.866744256337668 5.08801714032956
    endloop
  endfacet
  facet normal 0 0 1
    outer loop
      vertex 3.2354057492345873 -3.942353312149958 5.99
      vertex 3.6062445840513817 -3.6062445840513924 5.99
      vertex 4.2404950227429765 -2.8334081883999716 5.99
    endloop
  endfacet
  facet normal 0.10884839833527989 -0.09865443768345089 0.989150811608223
    outer loop
      vertex 3.6755531686509357 -3.6755531686509393 5.985184726672197
      vertex 4.093160170418315 -3.3591697393269477 5.970785280403231
      vertex 4.018121586233434 -3.297587164792592 5.985184726672197
    endloop
  endfacet
  facet normal 0.03640048886573819 -0.03299148003437466 0.9987925543652579
    outer loop
      vertex 3.6062445840513817 -3.6062445840513924 5.99
      vertex 4.018121586233434 -3.297587164792592 5.985184726672197
      vertex 3.9423533121499474 -3.235405749234591 5.99
    endloop
  endfacet
  facet normal 0 0 1
    outer loop
      vertex 3.6062445840513817 -3.6062445840513924 5.99
      vertex 3.9423533121499474 -3.235405749234591 5.99
      vertex 4.2404950227429765 -2.8334081883999716 5.99
    endloop
  endfacet
  facet normal 0.039458941090792475 -0.02926474521530308 0.998792554365258
    outer loop
      vertex 3.9423533121499474 -3.235405749234591 5.99
      vertex 4.018121586233434 -3.297587164792592 5.985184726672197
      vertex 4.2404950227429765 -2.8334081883999716 5.99
    endloop
  endfacet
  facet normal 0.27088170452513627 -0.2008995641361717 0.9414151407766145
    outer loop
      vertex 4.16674640211869 -3.4195603989804333 5.946940335732209
      vertex 4.238171605696891 -3.4781775486876967 5.913879532511287
      vertex 4.558684667886183 -3.0460157120917835 5.913879532511287
    endloop
  endfacet
  facet normal 0.11799408940855334 -0.08751038086673098 0.9891508116082229
    outer loop
      vertex 4.093160170418315 -3.3591697393269477 5.970785280403231
      vertex 4.402706697153718 -2.9417945640623415 5.970785280403231
      vertex 4.018121586233434 -3.297587164792592 5.985184726672197
    endloop
  endfacet
  facet normal 0.19538495745377304 -0.1449073604289391 0.9699621514751515
    outer loop
      vertex 4.093160170418315 -3.3591697393269477 5.970785280403231
      vertex 4.16674640211869 -3.4195603989804333 5.946940335732209
      vertex 4.402706697153718 -2.9417945640623415 5.970785280403231
    endloop
  endfacet
  facet normal 0.19538495745381768 -0.14490736042896057 0.9699621514751394
    outer loop
      vertex 4.16674640211869 -3.4195603989804333 5.946940335732209
      vertex 4.4818579107971175 -2.994681714184253 5.946940335732209
      vertex 4.402706697153718 -2.9417945640623415 5.970785280403231
    endloop
  endfacet
  facet normal 0.03945894109080179 -0.02926474521530753 0.9987925543652575
    outer loop
      vertex 4.018121586233434 -3.297587164792592 5.985184726672197
      vertex 4.32199329641179 -2.8878635938927815 5.985184726672197
      vertex 4.2404950227429765 -2.8334081883999716 5.99
    endloop
  endfacet
  facet normal 0.11799408940852164 -0.08751038086669644 0.9891508116082296
    outer loop
      vertex 4.018121586233434 -3.297587164792592 5.985184726672197
      vertex 4.402706697153718 -2.9417945640623415 5.970785280403231
      vertex 4.32199329641179 -2.8878635938927815 5.985184726672197
    endloop
  endfacet
  facet normal 0.3437538076417507 -0.254945199220602 0.9037899452451139
    outer loop
      vertex 4.238171605696891 -3.4781775486876967 5.913879532511287
      vertex 4.6324470847523855 -3.0953021833230707 5.871921264348355
      vertex 4.558684667886183 -3.0460157120917835 5.913879532511287
    endloop
  endfacet
  facet normal 0.27088170452511734 -0.20089956413615098 0.9414151407766244
    outer loop
      vertex 4.16674640211869 -3.4195603989804333 5.946940335732209
      vertex 4.558684667886183 -3.0460157120917835 5.913879532511287
      vertex 4.4818579107971175 -2.994681714184253 5.946940335732209
    endloop
  endfacet
  facet normal 0.4132973939963826 -0.30652223803024076 0.8574551776674576
    outer loop
      vertex 4.371814909851281 -3.58785577394346 5.821469612302545
      vertex 4.6324470847523855 -3.0953021833230707 5.871921264348355
      vertex 4.30674791739753 -3.5344566732536613 5.871921264348355
    endloop
  endfacet
  facet normal 0.3437538076417698 -0.25494519922062325 0.9037899452451005
    outer loop
      vertex 4.238171605696891 -3.4781775486876967 5.913879532511287
      vertex 4.30674791739753 -3.5344566732536613 5.871921264348355
      vertex 4.6324470847523855 -3.0953021833230707 5.871921264348355
    endloop
  endfacet
  facet normal 0.4132973939964135 -0.3065222380302551 0.8574551776674377
    outer loop
      vertex 4.371814909851281 -3.58785577394346 5.821469612302545
      vertex 4.70243478899863 -3.142066472217426 5.821469612302545
      vertex 4.6324470847523855 -3.0953021833230707 5.871921264348355
    endloop
  endfacet
  facet normal 0.12600343289865346 -0.07552355124419445 0.98915081160823
    outer loop
      vertex 4.32199329641179 -2.8878635938927815 5.985184726672197
      vertex 4.402706697153718 -2.9417945640623415 5.970785280403231
      vertex 4.584241848503865 -2.4503283179169593 5.985184726672197
    endloop
  endfacet
  facet normal 0.0421373821427006 -0.02525617490207651 0.9987925543652575
    outer loop
      vertex 4.32199329641179 -2.8878635938927815 5.985184726672197
      vertex 4.584241848503865 -2.4503283179169593 5.985184726672197
      vertex 4.2404950227429765 -2.8334081883999716 5.99
    endloop
  endfacet
  facet normal 0.20864753056148913 -0.12505851708824903 0.9699621514751391
    outer loop
      vertex 4.402706697153718 -2.9417945640623415 5.970785280403231
      vertex 4.4818579107971175 -2.994681714184253 5.946940335732209
      vertex 4.7538066777618155 -2.54096260742093 5.946940335732209
    endloop
  endfacet
  facet normal 0.12600343289868468 -0.07552355124420584 0.9891508116082252
    outer loop
      vertex 4.402706697153718 -2.9417945640623415 5.970785280403231
      vertex 4.669852751631197 -2.496088298997325 5.970785280403231
      vertex 4.584241848503865 -2.4503283179169593 5.985184726672197
    endloop
  endfacet
  facet normal 0.28926893584840907 -0.17338112777825004 0.9414151407766242
    outer loop
      vertex 4.558684667886183 -3.0460157120917835 5.913879532511287
      vertex 4.7538066777618155 -2.54096260742093 5.946940335732209
      vertex 4.4818579107971175 -2.994681714184253 5.946940335732209
    endloop
  endfacet
  facet normal 0.20864753056147387 -0.12505851708823537 0.9699621514751441
    outer loop
      vertex 4.402706697153718 -2.9417945640623415 5.970785280403231
      vertex 4.7538066777618155 -2.54096260742093 5.946940335732209
      vertex 4.669852751631197 -2.496088298997325 5.970785280403231
    endloop
  endfacet
  facet normal 0.36708753846883835 -0.22002380320029524 0.9037899452451145
    outer loop
      vertex 4.558684667886183 -3.0460157120917835 5.913879532511287
      vertex 4.913533254327888 -2.6263382413027863 5.871921264348355
      vertex 4.835295104693188 -2.5845190790668653 5.913879532511287
    endloop
  endfacet
  facet normal 0.2892689358484062 -0.173381127778249 0.9414151407766254
    outer loop
      vertex 4.558684667886183 -3.0460157120917835 5.913879532511287
      vertex 4.835295104693188 -2.5845190790668653 5.913879532511287
      vertex 4.7538066777618155 -2.54096260742093 5.946940335732209
    endloop
  endfacet
  facet normal 0.3670875384688373 -0.22002380320029433 0.9037899452451149
    outer loop
      vertex 4.6324470847523855 -3.0953021833230707 5.871921264348355
      vertex 4.913533254327888 -2.6263382413027863 5.871921264348355
      vertex 4.558684667886183 -3.0460157120917835 5.913879532511287
    endloop
  endfacet
  facet normal 0.44135168729780166 -0.26453602100789003 0.8574551776674374
    outer loop
      vertex 4.70243478899863 -3.142066472217426 5.821469612302545
      vertex 4.987767650515565 -2.666017352735686 5.821469612302545
      vertex 4.6324470847523855 -3.0953021833230707 5.871921264348355
    endloop
  endfacet
  facet normal 0.4788421976023232 -0.3551335774298462 0.8028638066180697
    outer loop
      vertex 4.371814909851281 -3.58785577394346 5.821469612302545
      vertex 4.432745952351581 -3.637860588226527 5.763010453362737
      vertex 4.767973760773856 -3.185858213108837 5.763010453362737
    endloop
  endfacet
  facet normal 0.4788421976023876 -0.3551335774299201 0.8028638066179985
    outer loop
      vertex 4.371814909851281 -3.58785577394346 5.821469612302545
      vertex 4.767973760773856 -3.185858213108837 5.763010453362737
      vertex 4.70243478899863 -3.142066472217426 5.821469612302545
    endloop
  endfacet
  facet normal 0.5397580579795936 -0.4003118585552983 0.7405482123036288
    outer loop
      vertex 4.488954245650831 -3.683989542405911 5.697106781186548
      vertex 4.828432823952653 -3.2262556675935237 5.697106781186548
      vertex 4.767973760773856 -3.185858213108837 5.763010453362737
    endloop
  endfacet
  facet normal 0.5954608948658172 -0.44162389796086804 0.6711144875767837
    outer loop
      vertex 4.488954245650831 -3.683989542405911 5.697106781186548
      vertex 4.883229724706297 -3.2628697861012945 5.624393284163646
      vertex 4.828432823952653 -3.2262556675935237 5.697106781186548
    endloop
  endfacet
  facet normal 0.44135168729782176 -0.2645360210079086 0.8574551776674213
    outer loop
      vertex 4.6324470847523855 -3.0953021833230707 5.871921264348355
      vertex 4.987767650515565 -2.666017352735686 5.821469612302545
      vertex 4.913533254327888 -2.6263382413027863 5.871921264348355
    endloop
  endfacet
  facet normal 0.635880299480326 -0.38113198409128884 0.6711144875767833
    outer loop
      vertex 4.883229724706297 -3.2628697861012945 5.624393284163646
      vertex 5.179532804560779 -2.768517963060166 5.624393284163646
      vertex 4.828432823952653 -3.2262556675935237 5.697106781186548
    endloop
  endfacet
  facet normal 0.5113456192347406 -0.3064887693086014 0.8028638066179957
    outer loop
      vertex 4.70243478899863 -3.142066472217426 5.821469612302545
      vertex 4.767973760773856 -3.185858213108837 5.763010453362737
      vertex 5.057283375440306 -2.7031742818316573 5.763010453362737
    endloop
  endfacet
  facet normal 0.5763963990151412 -0.34547870622699567 0.7405482123036281
    outer loop
      vertex 4.828432823952653 -3.2262556675935237 5.697106781186548
      vertex 5.057283375440306 -2.7031742818316573 5.763010453362737
      vertex 4.767973760773856 -3.185858213108837 5.763010453362737
    endloop
  endfacet
  facet normal 0.5763963990150681 -0.34547870622697224 0.7405482123036958
    outer loop
      vertex 4.828432823952653 -3.2262556675935237 5.697106781186548
      vertex 5.121410954669955 -2.7374511870514624 5.697106781186548
      vertex 5.057283375440306 -2.7031742818316573 5.763010453362737
    endloop
  endfacet
  facet normal 0.5113456192347139 -0.3064887693085762 0.8028638066180225
    outer loop
      vertex 4.70243478899863 -3.142066472217426 5.821469612302545
      vertex 5.057283375440306 -2.7031742818316573 5.763010453362737
      vertex 4.987767650515565 -2.666017352735686 5.821469612302545
    endloop
  endfacet
  facet normal 0.6358802994803073 -0.38113198409126997 0.6711144875768118
    outer loop
      vertex 4.828432823952653 -3.2262556675935237 5.697106781186548
      vertex 5.179532804560779 -2.768517963060166 5.624393284163646
      vertex 5.121410954669955 -2.7374511870514624 5.697106781186548
    endloop
  endfacet
  facet normal 0.042137382142697584 -0.025256174902073804 0.9987925543652577
    outer loop
      vertex 4.2404950227429765 -2.8334081883999716 5.99
      vertex 4.584241848503865 -2.4503283179169593 5.985184726672197
      vertex 4.49779844817661 -2.404123357812587 5.99
    endloop
  endfacet
  facet normal 0.04441001716992644 -0.02100437381810544 0.9987925543652576
    outer loop
      vertex 4.49779844817661 -2.404123357812587 5.99
      vertex 4.584241848503865 -2.4503283179169593 5.985184726672197
      vertex 4.802341645593344 -1.9891950407538843 5.985184726672197
    endloop
  endfacet
  facet normal 0.1327992944495256 -0.0628093885378441 0.9891508116082249
    outer loop
      vertex 4.669852751631197 -2.496088298997325 5.970785280403231
      vertex 4.89202557130929 -2.0263433391123016 5.970785280403231
      vertex 4.584241848503865 -2.4503283179169593 5.985184726672197
    endloop
  endfacet
  facet normal 0.21990071389149238 -0.10400529186402833 0.969962151475144
    outer loop
      vertex 4.669852751631197 -2.496088298997325 5.970785280403231
      vertex 4.7538066777618155 -2.54096260742093 5.946940335732209
      vertex 4.979973687724595 -2.0627726417166876 5.946940335732209
    endloop
  endfacet
  facet normal 0.04441001716992402 -0.021004373818103668 0.9987925543652578
    outer loop
      vertex 4.49779844817661 -2.404123357812587 5.99
      vertex 4.802341645593344 -1.9891950407538843 5.985184726672197
      vertex 4.711785615807571 -1.9516855050619561 5.99
    endloop
  endfacet
  facet normal 0.1327992944495476 -0.06280938853786021 0.989150811608221
    outer loop
      vertex 4.584241848503865 -2.4503283179169593 5.985184726672197
      vertex 4.89202557130929 -2.0263433391123016 5.970785280403231
      vertex 4.802341645593344 -1.9891950407538843 5.985184726672197
    endloop
  endfacet
  facet normal 0 0 1
    outer loop
      vertex 4.49779844817661 -2.404123357812587 5.99
      vertex 4.711785615807571 -1.9516855050619561 5.99
      vertex 4.880395712234275 -1.4804518539977565 5.99
    endloop
  endfacet
  facet normal 0.2199007138914949 -0.1040052918640302 0.9699621514751433
    outer loop
      vertex 4.669852751631197 -2.496088298997325 5.970785280403231
      vertex 4.979973687724595 -2.0627726417166876 5.946940335732209
      vertex 4.89202557130929 -2.0263433391123016 5.970785280403231
    endloop
  endfacet
  facet normal 0.30487034918899353 -0.14419293638007719 0.9414151407766247
    outer loop
      vertex 4.7538066777618155 -2.54096260742093 5.946940335732209
      vertex 4.835295104693188 -2.5845190790668653 5.913879532511287
      vertex 4.979973687724595 -2.0627726417166876 5.946940335732209
    endloop
  endfacet
  facet normal 0.30487034918891603 -0.14419293638005745 0.9414151407766528
    outer loop
      vertex 4.835295104693188 -2.5845190790668653 5.913879532511287
      vertex 5.065339006400848 -2.098132114468683 5.913879532511287
      vertex 4.979973687724595 -2.0627726417166876 5.946940335732209
    endloop
  endfacet
  facet normal 0.38688601563003994 -0.18298345767796442 0.9037899452450935
    outer loop
      vertex 4.835295104693188 -2.5845190790668653 5.913879532511287
      vertex 5.147299412653723 -2.1320812263162345 5.871921264348355
      vertex 5.065339006400848 -2.098132114468683 5.913879532511287
    endloop
  endfacet
  facet normal 0.38688601563000075 -0.18298345767793534 0.9037899452451162
    outer loop
      vertex 4.835295104693188 -2.5845190790668653 5.913879532511287
      vertex 4.913533254327888 -2.6263382413027863 5.871921264348355
      vertex 5.147299412653723 -2.1320812263162345 5.871921264348355
    endloop
  endfacet
  facet normal 0.46515552258315285 -0.22000217749314752 0.8574551776674205
    outer loop
      vertex 4.913533254327888 -2.6263382413027863 5.871921264348355
      vertex 4.987767650515565 -2.666017352735686 5.821469612302545
      vertex 5.2250655829668915 -2.1642930287537716 5.821469612302545
    endloop
  endfacet
  facet normal 0.46515552258319137 -0.2200021774931765 0.8574551776673922
    outer loop
      vertex 4.913533254327888 -2.6263382413027863 5.871921264348355
      vertex 5.2250655829668915 -2.1642930287537716 5.821469612302545
      vertex 5.147299412653723 -2.1320812263162345 5.871921264348355
    endloop
  endfacet
  facet normal 0.046254959454822935 -0.016550289132104958 0.9987925543652577
    outer loop
      vertex 4.711785615807571 -1.9516855050619561 5.99
      vertex 4.802341645593344 -1.9891950407538843 5.985184726672197
      vertex 4.974192267408739 -1.5089047279437295 5.985184726672197
    endloop
  endfacet
  facet normal 0.13831622619936457 -0.0494903370847694 0.9891508116082208
    outer loop
      vertex 4.802341645593344 -1.9891950407538843 5.985184726672197
      vertex 4.89202557130929 -2.0263433391123016 5.970785280403231
      vertex 5.067085510482485 -1.537083585159678 5.970785280403231
    endloop
  endfacet
  facet normal 0.22903613313677942 -0.08195043882409954 0.9699621514751434
    outer loop
      vertex 4.89202557130929 -2.0263433391123016 5.970785280403231
      vertex 4.979973687724595 -2.0627726417166876 5.946940335732209
      vertex 5.067085510482485 -1.537083585159678 5.970785280403231
    endloop
  endfacet
  facet normal 0.31753569440772644 -0.11361608818066093 0.941415140776654
    outer loop
      vertex 5.065339006400848 -2.098132114468683 5.913879532511287
      vertex 5.246600924480873 -1.591538990652488 5.913879532511287
      vertex 4.979973687724595 -2.0627726417166876 5.946940335732209
    endloop
  endfacet
  facet normal 0.4029585689672928 -0.14418088142920563 0.9037899452450934
    outer loop
      vertex 5.065339006400848 -2.098132114468683 5.913879532511287
      vertex 5.147299412653723 -2.1320812263162345 5.871921264348355
      vertex 5.246600924480873 -1.591538990652488 5.913879532511287
    endloop
  endfacet
  facet normal 0.40295856896734666 -0.14418088142921356 0.9037899452450682
    outer loop
      vertex 5.147299412653723 -2.1320812263162345 5.871921264348355
      vertex 5.331494263835594 -1.6172911036060995 5.871921264348355
      vertex 5.246600924480873 -1.591538990652488 5.913879532511287
    endloop
  endfacet
  facet normal 0.5389245030238766 -0.25489230679502506 0.8028638066180205
    outer loop
      vertex 5.057283375440306 -2.7031742818316573 5.763010453362737
      vertex 5.2250655829668915 -2.1642930287537716 5.821469612302545
      vertex 4.987767650515565 -2.666017352735686 5.821469612302545
    endloop
  endfacet
  facet normal 0.6074837276377759 -0.28731840509982487 0.7405482123036997
    outer loop
      vertex 5.121410954669955 -2.7374511870514624 5.697106781186548
      vertex 5.36506709824576 -2.222283555135057 5.697106781186548
      vertex 5.057283375440306 -2.7031742818316573 5.763010453362737
    endloop
  endfacet
  facet normal 0.5389245030238478 -0.2548923067950184 0.8028638066180421
    outer loop
      vertex 5.057283375440306 -2.7031742818316573 5.763010453362737
      vertex 5.297888586608963 -2.194457304515062 5.763010453362737
      vertex 5.2250655829668915 -2.1642930287537716 5.821469612302545
    endloop
  endfacet
  facet normal 0.6074837276377857 -0.28731840509983264 0.7405482123036887
    outer loop
      vertex 5.057283375440306 -2.7031742818316573 5.763010453362737
      vertex 5.36506709824576 -2.222283555135057 5.697106781186548
      vertex 5.297888586608963 -2.194457304515062 5.763010453362737
    endloop
  endfacet
  facet normal 0.670175829203308 -0.3169695608669227 0.6711144875768135
    outer loop
      vertex 5.121410954669955 -2.7374511870514624 5.697106781186548
      vertex 5.179532804560779 -2.768517963060166 5.624393284163646
      vertex 5.36506709824576 -2.222283555135057 5.697106781186548
    endloop
  endfacet
  facet normal 0.6454181099342455 -0.47867469380656663 0.5952360883532649
    outer loop
      vertex 4.585088014113296 -3.7628844872654774 5.545570233019602
      vertex 4.9318367389255116 -3.2953479546556146 5.545570233019602
      vertex 4.883229724706297 -3.2628697861012945 5.624393284163646
    endloop
  endfacet
  facet normal 0.6892285699592201 -0.41310770686816456 0.5952360883532642
    outer loop
      vertex 4.9318367389255116 -3.2953479546556146 5.545570233019602
      vertex 5.179532804560779 -2.768517963060166 5.624393284163646
      vertex 4.883229724706297 -3.2628697861012945 5.624393284163646
    endloop
  endfacet
  facet normal 0.6891533831361678 -0.5111109830681267 0.5136469385668598
    outer loop
      vertex 4.585088014113296 -3.7628844872654774 5.545570233019602
      vertex 4.97378575449207 -3.32337739073893 5.461396736825998
      vertex 4.9318367389255116 -3.2953479546556146 5.545570233019602
    endloop
  endfacet
  facet normal 0.735932558182934 -0.4411010001203954 0.5136469385668616
    outer loop
      vertex 4.9318367389255116 -3.2953479546556146 5.545570233019602
      vertex 4.97378575449207 -3.32337739073893 5.461396736825998
      vertex 5.2310891799257035 -2.7960754198219853 5.545570233019602
    endloop
  endfacet
  facet normal 0.68922856995927 -0.413107706868178 0.5952360883531972
    outer loop
      vertex 4.9318367389255116 -3.2953479546556146 5.545570233019602
      vertex 5.2310891799257035 -2.7960754198219853 5.545570233019602
      vertex 5.179532804560779 -2.768517963060166 5.624393284163646
    endloop
  endfacet
  facet normal 0.7359325581829884 -0.44110100012040776 0.5136469385667729
    outer loop
      vertex 4.97378575449207 -3.32337739073893 5.461396736825998
      vertex 5.2755835646864 -2.819858163963861 5.461396736825998
      vertex 5.2310891799257035 -2.7960754198219853 5.545570233019602
    endloop
  endfacet
  facet normal 0.7755481673356062 -0.464845682460245 0.427134090936853
    outer loop
      vertex 4.97378575449207 -3.32337739073893 5.461396736825998
      vertex 5.312587453594517 -2.8396371546587353 5.37268343236509
      vertex 5.2755835646864 -2.819858163963861 5.461396736825998
    endloop
  endfacet
  facet normal 0.7262508464416756 -0.5386243369939947 0.4271340909369438
    outer loop
      vertex 4.656521848429065 -3.8215087200360003 5.37268343236509
      vertex 5.0086727794544 -3.346688155559306 5.37268343236509
      vertex 4.97378575449207 -3.32337739073893 5.461396736825998
    endloop
  endfacet
  facet normal 0.775548167335576 -0.464845682460206 0.4271340909369501
    outer loop
      vertex 5.0086727794544 -3.346688155559306 5.37268343236509
      vertex 5.312587453594517 -2.8396371546587353 5.37268343236509
      vertex 4.97378575449207 -3.32337739073893 5.461396736825998
    endloop
  endfacet
  facet normal 0.80769964347396 -0.48411653564139434 0.33653003707041157
    outer loop
      vertex 5.036161832690908 -3.365055753708571 5.280284677254462
      vertex 5.341744478971492 -2.8552219094139275 5.280284677254462
      vertex 5.0086727794544 -3.346688155559306 5.37268343236509
    endloop
  endfacet
  facet normal 0.8320826989028907 -0.498731176638183 0.24270474992380126
    outer loop
      vertex 5.055988179591907 -3.3783032951757903 5.185090322016128
      vertex 5.341744478971492 -2.8552219094139275 5.280284677254462
      vertex 5.036161832690908 -3.365055753708571 5.280284677254462
    endloop
  endfacet
  facet normal 0.8076996434739416 -0.48411653564136603 0.3365300370704961
    outer loop
      vertex 5.0086727794544 -3.346688155559306 5.37268343236509
      vertex 5.341744478971492 -2.8552219094139275 5.280284677254462
      vertex 5.312587453594517 -2.8396371546587353 5.37268343236509
    endloop
  endfacet
  facet normal 0 0 1
    outer loop
      vertex 4.49779844817661 -2.404123357812587 5.99
      vertex 4.880395712234275 -1.4804518539977565 5.99
      vertex 5.002004930056472 -0.9949606422822548 5.99
    endloop
  endfacet
  facet normal 0 0 1
    outer loop
      vertex 4.2404950227429765 -2.8334081883999716 5.99
      vertex 4.49779844817661 -2.404123357812587 5.99
      vertex 4.711785615807571 1.9516855050619561 5.99
    endloop
  endfacet
  facet normal 0.04625495945483213 -0.016550289132110412 0.9987925543652573
    outer loop
      vertex 4.711785615807571 -1.9516855050619561 5.99
      vertex 4.974192267408739 -1.5089047279437295 5.985184726672197
      vertex 4.880395712234275 -1.4804518539977565 5.99
    endloop
  endfacet
  facet normal 0.13831622619932613 -0.04949033708474669 0.9891508116082273
    outer loop
      vertex 4.802341645593344 -1.9891950407538843 5.985184726672197
      vertex 5.067085510482485 -1.537083585159678 5.970785280403231
      vertex 4.974192267408739 -1.5089047279437295 5.985184726672197
    endloop
  endfacet
  facet normal 0.0476544411946482 -0.011936816114461523 0.9987925543652574
    outer loop
      vertex 4.880395712234275 -1.4804518539977565 5.99
      vertex 4.974192267408739 -1.5089047279437295 5.985184726672197
      vertex 5.002004930056472 -0.9949606422822548 5.99
    endloop
  endfacet
  facet normal 0.2290361331367824 -0.08195043882409998 0.9699621514751425
    outer loop
      vertex 4.979973687724595 -2.0627726417166876 5.946940335732209
      vertex 5.158180828744065 -1.5647170478464858 5.946940335732209
      vertex 5.067085510482485 -1.537083585159678 5.970785280403231
    endloop
  endfacet
  facet normal 0.3175356944077676 -0.11361608818068537 0.9414151407766372
    outer loop
      vertex 4.979973687724595 -2.0627726417166876 5.946940335732209
      vertex 5.246600924480873 -1.591538990652488 5.913879532511287
      vertex 5.158180828744065 -1.5647170478464858 5.946940335732209
    endloop
  endfacet
  facet normal 0.14250109707949857 -0.03569466663136576 0.9891508116082274
    outer loop
      vertex 5.067085510482485 -1.537083585159678 5.970785280403231
      vertex 5.193346646239007 -1.0330208760266117 5.970785280403231
      vertex 4.974192267408739 -1.5089047279437295 5.985184726672197
    endloop
  endfacet
  facet normal 0.23596580921607965 -0.05910635825961078 0.9699621514751425
    outer loop
      vertex 5.067085510482485 -1.537083585159678 5.970785280403231
      vertex 5.158180828744065 -1.5647170478464858 5.946940335732209
      vertex 5.193346646239007 -1.0330208760266117 5.970785280403231
    endloop
  endfacet
  facet normal 0.04765444119463306 -0.01193681611446071 0.998792554365258
    outer loop
      vertex 4.974192267408739 -1.5089047279437295 5.985184726672197
      vertex 5.098138698518937 -1.0140828377522482 5.985184726672197
      vertex 5.002004930056472 -0.9949606422822548 5.99
    endloop
  endfacet
  facet normal 0.14250109707954134 -0.03569466663138567 0.9891508116082205
    outer loop
      vertex 4.974192267408739 -1.5089047279437295 5.985184726672197
      vertex 5.193346646239007 -1.0330208760266117 5.970785280403231
      vertex 5.098138698518937 -1.0140828377522482 5.985184726672197
    endloop
  endfacet
  facet normal 0.23596580921603802 -0.059106358259608485 0.9699621514751527
    outer loop
      vertex 5.158180828744065 -1.5647170478464858 5.946940335732209
      vertex 5.2867118686342565 -1.0515923734441763 5.946940335732209
      vertex 5.193346646239007 -1.0330208760266117 5.970785280403231
    endloop
  endfacet
  facet normal 0 0 1
    outer loop
      vertex 4.49779844817661 -2.404123357812587 5.99
      vertex 5.002004930056472 -0.9949606422822548 5.99
      vertex 5.002004930056472 0.9949606422822548 5.99
    endloop
  endfacet
  facet normal 0.048594984615176744 -0.007208385032301404 0.9987925543652579
    outer loop
      vertex 5.002004930056472 -0.9949606422822548 5.99
      vertex 5.098138698518937 -1.0140828377522482 5.985184726672197
      vertex 5.172987267036262 -0.5094947754791441 5.985184726672197
    endloop
  endfacet
  facet normal 0.04859498461518017 -0.007208385032302611 0.9987925543652579
    outer loop
      vertex 5.002004930056472 -0.9949606422822548 5.99
      vertex 5.172987267036262 -0.5094947754791441 5.985184726672197
      vertex 5.075442106028191 -0.4998874156807602 5.99
    endloop
  endfacet
  facet normal 0.14531360449581923 -0.021555237025639287 0.9891508116082203
    outer loop
      vertex 5.098138698518937 -1.0140828377522482 5.985184726672197
      vertex 5.193346646239007 -1.0330208760266117 5.970785280403231
      vertex 5.172987267036262 -0.5094947754791441 5.985184726672197
    endloop
  endfacet
  facet normal 0.1453136044957941 -0.021555237025640366 0.989150811608224
    outer loop
      vertex 5.193346646239007 -1.0330208760266117 5.970785280403231
      vertex 5.269593014820202 -0.5190096111507536 5.970785280403231
      vertex 5.172987267036262 -0.5094947754791441 5.985184726672197
    endloop
  endfacet
  facet normal 0 0 1
    outer loop
      vertex 5.002004930056472 -0.9949606422822548 5.99
      vertex 5.075442106028191 -0.4998874156807602 5.99
      vertex 5.099999999999994 0 5.99
    endloop
  endfacet
  facet normal 0.049067531769158255 -0.0024105332617826896 0.9987925543652578
    outer loop
      vertex 5.075442106028191 -0.4998874156807602 5.99
      vertex 5.172987267036262 -0.5094947754791441 5.985184726672197
      vertex 5.099999999999994 0 5.99
    endloop
  endfacet
  facet normal 0.14672666246427749 -0.007208218704061841 0.9891508116082242
    outer loop
      vertex 5.172987267036262 -0.5094947754791441 5.985184726672197
      vertex 5.269593014820202 -0.5190096111507536 5.970785280403231
      vertex 5.1980171403295685 0 5.985184726672197
    endloop
  endfacet
  facet normal 0.04906753176915497 -0.0024105332617831597 0.9987925543652579
    outer loop
      vertex 5.172987267036262 -0.5094947754791441 5.985184726672197
      vertex 5.1980171403295685 0 5.985184726672197
      vertex 5.099999999999994 0 5.99
    endloop
  endfacet
  facet normal 0.8484669837948818 -0.5085515390773326 0.14655752970111155
    outer loop
      vertex 5.0679608815985375 -3.386303198894794 5.08801714032956
      vertex 5.362773842724096 -2.866462338521643 5.185090322016128
      vertex 5.055988179591907 -3.3783032951757903 5.185090322016128
    endloop
  endfacet
  facet normal 0.8566979213455971 -0.5134849731878052 0.049008712209688665
    outer loop
      vertex 5.071964635045532 -3.388978421419573 4.99
      vertex 5.379719712524974 -2.875520094638585 4.99
      vertex 5.0679608815985375 -3.386303198894794 5.08801714032956
    endloop
  endfacet
  facet normal 0.4844796559061763 -0.17334959274372766 0.8574551776673908
    outer loop
      vertex 5.2250655829668915 -2.1642930287537716 5.821469612302545
      vertex 5.412043277542864 -1.641725379782038 5.821469612302545
      vertex 5.147299412653723 -2.1320812263162345 5.871921264348355
    endloop
  endfacet
  facet normal 0.4844796559060759 -0.17334959274366632 0.85745517766746
    outer loop
      vertex 5.147299412653723 -2.1320812263162345 5.871921264348355
      vertex 5.412043277542864 -1.641725379782038 5.821469612302545
      vertex 5.331494263835594 -1.6172911036060995 5.871921264348355
    endloop
  endfacet
  facet normal 0.6701758292033703 -0.3169695608669348 0.6711144875767453
    outer loop
      vertex 5.179532804560779 -2.768517963060166 5.624393284163646
      vertex 5.4259541520866605 -2.2475037986089035 5.624393284163646
      vertex 5.36506709824576 -2.222283555135057 5.697106781186548
    endloop
  endfacet
  facet normal 0.5613132492427858 -0.2008410920287288 0.8028638066180428
    outer loop
      vertex 5.297888586608963 -2.194457304515062 5.763010453362737
      vertex 5.487472234568088 -1.6646065037435989 5.763010453362737
      vertex 5.2250655829668915 -2.1642930287537716 5.821469612302545
    endloop
  endfacet
  facet normal 0.6327206558789461 -0.2263910706673815 0.7405482123036913
    outer loop
      vertex 5.297888586608963 -2.194457304515062 5.763010453362737
      vertex 5.36506709824576 -2.222283555135057 5.697106781186548
      vertex 5.487472234568088 -1.6646065037435989 5.763010453362737
    endloop
  endfacet
  facet normal 0.5613132492427565 -0.20084109202871045 0.8028638066180678
    outer loop
      vertex 5.2250655829668915 -2.1642930287537716 5.821469612302545
      vertex 5.487472234568088 -1.6646065037435989 5.763010453362737
      vertex 5.412043277542864 -1.641725379782038 5.821469612302545
    endloop
  endfacet
  facet normal 0.6327206558790645 -0.22639107066739508 0.7405482123035858
    outer loop
      vertex 5.36506709824576 -2.222283555135057 5.697106781186548
      vertex 5.55705471282144 -1.6857141177589376 5.697106781186548
      vertex 5.487472234568088 -1.6646065037435989 5.763010453362737
    endloop
  endfacet
  facet normal 0.6980171993357535 -0.24975454749829154 0.6711144875767431
    outer loop
      vertex 5.4259541520866605 -2.2475037986089035 5.624393284163646
      vertex 5.620120594999719 -1.704844943966485 5.624393284163646
      vertex 5.36506709824576 -2.222283555135057 5.697106781186548
    endloop
  endfacet
  facet normal 0.6980171993356523 -0.24975454749822334 0.6711144875768738
    outer loop
      vertex 5.36506709824576 -2.222283555135057 5.697106781186548
      vertex 5.620120594999719 -1.704844943966485 5.624393284163646
      vertex 5.55705471282144 -1.6857141177589376 5.697106781186548
    endloop
  endfacet
  facet normal 0.7756243003928159 -0.366842973411158 0.51364693856677
    outer loop
      vertex 5.2755835646864 -2.819858163963861 5.461396736825998
      vertex 5.526574621225478 -2.2891821615785446 5.461396736825998
      vertex 5.2310891799257035 -2.7960754198219853 5.545570233019602
    endloop
  endfacet
  facet normal 0.8173765354202859 -0.3865903098939208 0.4271340909368538
    outer loop
      vertex 5.312587453594517 -2.8396371546587353 5.37268343236509
      vertex 5.565339006400848 -2.3052388956552328 5.37268343236509
      vertex 5.2755835646864 -2.819858163963861 5.461396736825998
    endloop
  endfacet
  facet normal 0.8512620673336386 -0.40261697290127957 0.33653003707049695
    outer loop
      vertex 5.312587453594517 -2.8396371546587353 5.37268343236509
      vertex 5.341744478971492 -2.8552219094139275 5.280284677254462
      vertex 5.565339006400848 -2.3052388956552328 5.37268343236509
    endloop
  endfacet
  facet normal 0.8769601970035771 -0.4147712830414208 0.24270474992389598
    outer loop
      vertex 5.362773842724096 -2.866462338521643 5.185090322016128
      vertex 5.595883205825032 -2.317890717308561 5.280284677254462
      vertex 5.341744478971492 -2.8552219094139275 5.280284677254462
    endloop
  endfacet
  facet normal 0.7264013820849187 -0.34356226688492764 0.5952360883531926
    outer loop
      vertex 5.2310891799257035 -2.7960754198219853 5.545570233019602
      vertex 5.4799633725189665 -2.2698751502051664 5.545570233019602
      vertex 5.179532804560779 -2.768517963060166 5.624393284163646
    endloop
  endfacet
  facet normal 0.7264013820849008 -0.3435622668849119 0.5952360883532236
    outer loop
      vertex 5.179532804560779 -2.768517963060166 5.624393284163646
      vertex 5.4799633725189665 -2.2698751502051664 5.545570233019602
      vertex 5.4259541520866605 -2.2475037986089035 5.624393284163646
    endloop
  endfacet
  facet normal 0.7756243003927742 -0.36684297341111854 0.5136469385668612
    outer loop
      vertex 5.2310891799257035 -2.7960754198219853 5.545570233019602
      vertex 5.526574621225478 -2.2891821615785446 5.461396736825998
      vertex 5.4799633725189665 -2.2698751502051664 5.545570233019602
    endloop
  endfacet
  facet normal 0.8173765354202289 -0.3865903098938605 0.4271340909370173
    outer loop
      vertex 5.565339006400848 -2.3052388956552328 5.37268343236509
      vertex 5.526574621225478 -2.2891821615785446 5.461396736825998
      vertex 5.2755835646864 -2.819858163963861 5.461396736825998
    endloop
  endfacet
  facet normal 0.7565785518096578 -0.27070813446137254 0.5952360883532215
    outer loop
      vertex 5.4799633725189665 -2.2698751502051664 5.545570233019602
      vertex 5.620120594999719 -1.704844943966485 5.624393284163646
      vertex 5.4259541520866605 -2.2475037986089035 5.624393284163646
    endloop
  endfacet
  facet normal 0.7565785518097371 -0.27070813446137787 0.5952360883531184
    outer loop
      vertex 5.4799633725189665 -2.2698751502051664 5.545570233019602
      vertex 5.676062522182178 -1.7218147420518939 5.545570233019602
      vertex 5.620120594999719 -1.704844943966485 5.624393284163646
    endloop
  endfacet
  facet normal 0.8078463565904382 -0.28905204833116577 0.513646938566864
    outer loop
      vertex 5.526574621225478 -2.2891821615785446 5.461396736825998
      vertex 5.724341743029157 -1.736460083582969 5.461396736825998
      vertex 5.4799633725189665 -2.2698751502051664 5.545570233019602
    endloop
  endfacet
  facet normal 0.8513331206453589 -0.30461186131147194 0.4271340909370211
    outer loop
      vertex 5.565339006400848 -2.3052388956552328 5.37268343236509
      vertex 5.724341743029157 -1.736460083582969 5.461396736825998
      vertex 5.526574621225478 -2.2891821615785446 5.461396736825998
    endloop
  endfacet
  facet normal 0.8078463565903973 -0.28905204833113396 0.5136469385669467
    outer loop
      vertex 5.4799633725189665 -2.2698751502051664 5.545570233019602
      vertex 5.724341743029157 -1.736460083582969 5.461396736825998
      vertex 5.676062522182178 -1.7218147420518939 5.545570233019602
    endloop
  endfacet
  facet normal 0.8512620673336956 -0.4026169729012787 0.3365300370703539
    outer loop
      vertex 5.341744478971492 -2.8552219094139275 5.280284677254462
      vertex 5.595883205825032 -2.317890717308561 5.280284677254462
      vertex 5.565339006400848 -2.3052388956552328 5.37268343236509
    endloop
  endfacet
  facet normal 0.8513331206454251 -0.30461186131147006 0.4271340909368905
    outer loop
      vertex 5.565339006400848 -2.3052388956552328 5.37268343236509
      vertex 5.764493302251736 -1.7486399259148016 5.37268343236509
      vertex 5.724341743029157 -1.736460083582969 5.461396736825998
    endloop
  endfacet
  facet normal 0.8866263721378342 -0.3172399886192324 0.33653003707035145
    outer loop
      vertex 5.595883205825032 -2.317890717308561 5.280284677254462
      vertex 5.7961305183855245 -1.7582369705075607 5.280284677254462
      vertex 5.565339006400848 -2.3052388956552328 5.37268343236509
    endloop
  endfacet
  facet normal 0.8866263721378542 -0.31723998861925307 0.33653003707027895
    outer loop
      vertex 5.565339006400848 -2.3052388956552328 5.37268343236509
      vertex 5.7961305183855245 -1.7582369705075607 5.280284677254462
      vertex 5.764493302251736 -1.7486399259148016 5.37268343236509
    endloop
  endfacet
  facet normal 0.9133920890119732 -0.3268169152518833 0.24270474992382596
    outer loop
      vertex 5.595883205825032 -2.317890717308561 5.280284677254462
      vertex 5.818948707744539 -1.7651587925755372 5.185090322016128
      vertex 5.7961305183855245 -1.7582369705075607 5.280284677254462
    endloop
  endfacet
  facet normal 0.4151504110058764 -0.10398976447502341 0.9037899452450668
    outer loop
      vertex 5.331494263835594 -1.6172911036060995 5.871921264348355
      vertex 5.377335207574333 -1.0696184763325967 5.913879532511287
      vertex 5.246600924480873 -1.591538990652488 5.913879532511287
    endloop
  endfacet
  facet normal 0.3271429973067649 -0.08194505494323635 0.9414151407766375
    outer loop
      vertex 5.246600924480873 -1.591538990652488 5.913879532511287
      vertex 5.377335207574333 -1.0696184763325967 5.913879532511287
      vertex 5.158180828744065 -1.5647170478464858 5.946940335732209
    endloop
  endfacet
  facet normal 0.49913798529915276 -0.12502755665358944 0.8574551776674605
    outer loop
      vertex 5.331494263835594 -1.6172911036060995 5.871921264348355
      vertex 5.412043277542864 -1.641725379782038 5.821469612302545
      vertex 5.546900036832284 -1.1033470179446248 5.821469612302545
    endloop
  endfacet
  facet normal 0.3271429973068099 -0.08194505494325745 0.94141514077662
    outer loop
      vertex 5.158180828744065 -1.5647170478464858 5.946940335732209
      vertex 5.377335207574333 -1.0696184763325967 5.913879532511287
      vertex 5.2867118686342565 -1.0515923734441763 5.946940335732209
    endloop
  endfacet
  facet normal 0.3335997343071868 -0.04948484603099348 0.94141514077662
    outer loop
      vertex 5.2867118686342565 -1.0515923734441763 5.946940335732209
      vertex 5.377335207574333 -1.0696184763325967 5.913879532511287
      vertex 5.364328983218826 -0.5283402896267297 5.946940335732209
    endloop
  endfacet
  facet normal 0.4151504110057721 -0.1039897644750184 0.9037899452451155
    outer loop
      vertex 5.331494263835594 -1.6172911036060995 5.871921264348355
      vertex 5.464343910765535 -1.0869255834669893 5.871921264348355
      vertex 5.377335207574333 -1.0696184763325967 5.913879532511287
    endloop
  endfacet
  facet normal 0.49913798529924575 -0.12502755665363435 0.8574551776673996
    outer loop
      vertex 5.331494263835594 -1.6172911036060995 5.871921264348355
      vertex 5.546900036832284 -1.1033470179446248 5.821469612302545
      vertex 5.464343910765535 -1.0869255834669893 5.871921264348355
    endloop
  endfacet
  facet normal 0.42334412764201684 -0.0627971692423298 0.903789945245116
    outer loop
      vertex 5.377335207574333 -1.0696184763325967 5.913879532511287
      vertex 5.464343910765535 -1.0869255834669893 5.871921264348355
      vertex 5.544568938720545 -0.546092375785129 5.871921264348355
    endloop
  endfacet
  facet normal 0.5089893430373279 -0.0755014368459259 0.8574551776673985
    outer loop
      vertex 5.546900036832284 -1.1033470179446248 5.821469612302545
      vertex 5.544568938720545 -0.546092375785129 5.871921264348355
      vertex 5.464343910765535 -1.0869255834669893 5.871921264348355
    endloop
  endfacet
  facet normal 0.5782962420264586 -0.14485566775525396 0.8028638066180683
    outer loop
      vertex 5.487472234568088 -1.6646065037435989 5.763010453362737
      vertex 5.546900036832284 -1.1033470179446248 5.821469612302545
      vertex 5.412043277542864 -1.641725379782038 5.821469612302545
    endloop
  endfacet
  facet normal 0.6518641383238293 -0.1632834664664446 0.7405482123035835
    outer loop
      vertex 5.55705471282144 -1.6857141177589376 5.697106781186548
      vertex 5.624208525150834 -1.118724632374608 5.763010453362737
      vertex 5.487472234568088 -1.6646065037435989 5.763010453362737
    endloop
  endfacet
  facet normal 0.7191362822634203 -0.18013426130743035 0.6711144875768758
    outer loop
      vertex 5.620120594999719 -1.704844943966485 5.624393284163646
      vertex 5.69552485271754 -1.1329103319237248 5.697106781186548
      vertex 5.55705471282144 -1.6857141177589376 5.697106781186548
    endloop
  endfacet
  facet normal 0.578296242026482 -0.1448556677552547 0.8028638066180515
    outer loop
      vertex 5.487472234568088 -1.6646065037435989 5.763010453362737
      vertex 5.624208525150834 -1.118724632374608 5.763010453362737
      vertex 5.546900036832284 -1.1033470179446248 5.821469612302545
    endloop
  endfacet
  facet normal 0.651864138323801 -0.16328346646644415 0.7405482123036083
    outer loop
      vertex 5.55705471282144 -1.6857141177589376 5.697106781186548
      vertex 5.69552485271754 -1.1329103319237248 5.697106781186548
      vertex 5.624208525150834 -1.118724632374608 5.763010453362737
    endloop
  endfacet
  facet normal 0.5897099258705765 -0.08747520421519439 0.8028638066180522
    outer loop
      vertex 5.624208525150834 -1.118724632374608 5.763010453362737
      vertex 5.706780613131286 -0.5620688312387578 5.763010453362737
      vertex 5.546900036832284 -1.1033470179446248 5.821469612302545
    endloop
  endfacet
  facet normal 0.6647298127713134 -0.09860335322363246 0.7405482123036085
    outer loop
      vertex 5.69552485271754 -1.1329103319237248 5.697106781186548
      vertex 5.706780613131286 -0.5620688312387578 5.763010453362737
      vertex 5.624208525150834 -1.118724632374608 5.763010453362737
    endloop
  endfacet
  facet normal 0.7191362822634081 -0.18013426130743046 0.671114487576889
    outer loop
      vertex 5.620120594999719 -1.704844943966485 5.624393284163646
      vertex 5.760162204312479 -1.1457675005506225 5.624393284163646
      vertex 5.69552485271754 -1.1329103319237248 5.697106781186548
    endloop
  endfacet
  facet normal 0.7333296896731012 -0.108779183708839 0.6711144875768901
    outer loop
      vertex 5.69552485271754 -1.1329103319237248 5.697106781186548
      vertex 5.760162204312479 -1.1457675005506225 5.624393284163646
      vertex 5.844730302772746 -0.5756556897642326 5.624393284163646
    endloop
  endfacet
  facet normal 0.2406230055605465 -0.035693051154273694 0.969962151475153
    outer loop
      vertex 5.193346646239007 -1.0330208760266117 5.970785280403231
      vertex 5.2867118686342565 -1.0515923734441763 5.946940335732209
      vertex 5.364328983218826 -0.5283402896267297 5.946940335732209
    endloop
  endfacet
  facet normal 0.2406230055605222 -0.035693051154265173 0.9699621514751593
    outer loop
      vertex 5.193346646239007 -1.0330208760266117 5.970785280403231
      vertex 5.364328983218826 -0.5283402896267297 5.946940335732209
      vertex 5.269593014820202 -0.5190096111507536 5.970785280403231
    endloop
  endfacet
  facet normal 0.333599734307176 -0.04948484603099397 0.9414151407766238
    outer loop
      vertex 5.377335207574333 -1.0696184763325967 5.913879532511287
      vertex 5.456282813068441 -0.5373969513726848 5.913879532511287
      vertex 5.364328983218826 -0.5283402896267297 5.946940335732209
    endloop
  endfacet
  facet normal 0.423344127642112 -0.06279716924236392 0.9037899452450692
    outer loop
      vertex 5.377335207574333 -1.0696184763325967 5.913879532511287
      vertex 5.544568938720545 -0.546092375785129 5.871921264348355
      vertex 5.456282813068441 -0.5373969513726848 5.913879532511287
    endloop
  endfacet
  facet normal 0.508989343037222 -0.075501436845932 0.8574551776674609
    outer loop
      vertex 5.546900036832284 -1.1033470179446248 5.821469612302545
      vertex 5.628337116523028 -0.5543428211735666 5.821469612302545
      vertex 5.544568938720545 -0.546092375785129 5.871921264348355
    endloop
  endfacet
  facet normal 0.24296287082356666 -0.011936000454517873 0.9699621514751596
    outer loop
      vertex 5.269593014820202 -0.5190096111507536 5.970785280403231
      vertex 5.364328983218826 -0.5283402896267297 5.946940335732209
      vertex 5.2950903220161365 0 5.970785280403231
    endloop
  endfacet
  facet normal 0.3368437235020115 -0.016548071000269 0.9414151407766238
    outer loop
      vertex 5.456282813068441 -0.5373969513726848 5.913879532511287
      vertex 5.482683432365093 0 5.913879532511287
      vertex 5.364328983218826 -0.5283402896267297 5.946940335732209
    endloop
  endfacet
  facet normal 0.14672666246426644 -0.007208218704063408 0.9891508116082257
    outer loop
      vertex 5.269593014820202 -0.5190096111507536 5.970785280403231
      vertex 5.2950903220161365 0 5.970785280403231
      vertex 5.1980171403295685 0 5.985184726672197
    endloop
  endfacet
  facet normal 0.2429628708236299 -0.011936000454508882 0.969962151475144
    outer loop
      vertex 5.364328983218826 -0.5283402896267297 5.946940335732209
      vertex 5.390284677254471 0 5.946940335732209
      vertex 5.2950903220161365 0 5.970785280403231
    endloop
  endfacet
  facet normal 0.3368437235020086 -0.016548071000268283 0.9414151407766248
    outer loop
      vertex 5.364328983218826 -0.5283402896267297 5.946940335732209
      vertex 5.482683432365093 0 5.913879532511287
      vertex 5.390284677254471 0 5.946940335732209
    endloop
  endfacet
  facet normal 0.42746080890572336 -0.02099980294144352 0.9037899452450692
    outer loop
      vertex 5.456282813068441 -0.5373969513726848 5.913879532511287
      vertex 5.571396736825989 0 5.871921264348355
      vertex 5.482683432365093 0 5.913879532511287
    endloop
  endfacet
  facet normal 0.42746080890572374 -0.020999802941443622 0.9037899452450691
    outer loop
      vertex 5.456282813068441 -0.5373969513726848 5.913879532511287
      vertex 5.544568938720545 -0.546092375785129 5.871921264348355
      vertex 5.571396736825989 0 5.871921264348355
    endloop
  endfacet
  facet normal 0.5139388551599695 -0.025248196928134365 0.8574551776674615
    outer loop
      vertex 5.628337116523028 -0.5543428211735666 5.821469612302545
      vertex 5.655570233019603 0 5.821469612302545
      vertex 5.544568938720545 -0.546092375785129 5.871921264348355
    endloop
  endfacet
  facet normal 0.5139388551599603 -0.025248196928131968 0.857455177667467
    outer loop
      vertex 5.544568938720545 -0.546092375785129 5.871921264348355
      vertex 5.655570233019603 0 5.821469612302545
      vertex 5.571396736825989 0 5.871921264348355
    endloop
  endfacet
  facet normal 0.589709925870559 -0.08747520421518776 0.8028638066180658
    outer loop
      vertex 5.546900036832284 -1.1033470179446248 5.821469612302545
      vertex 5.706780613131286 -0.5620688312387578 5.763010453362737
      vertex 5.628337116523028 -0.5543428211735666 5.821469612302545
    endloop
  endfacet
  facet normal 0.5954443807602915 -0.029252306639682618 0.8028638066180658
    outer loop
      vertex 5.706780613131286 -0.5620688312387578 5.763010453362737
      vertex 5.655570233019603 0 5.821469612302545
      vertex 5.628337116523028 -0.5543428211735666 5.821469612302545
    endloop
  endfacet
  facet normal 0.6647298127713482 -0.09860335322362958 0.7405482123035775
    outer loop
      vertex 5.69552485271754 -1.1329103319237248 5.697106781186548
      vertex 5.7791439747913955 -0.5691960002803036 5.697106781186548
      vertex 5.706780613131286 -0.5620688312387578 5.763010453362737
    endloop
  endfacet
  facet normal 0.7333296896731835 -0.10877918370887349 0.6711144875767946
    outer loop
      vertex 5.69552485271754 -1.1329103319237248 5.697106781186548
      vertex 5.844730302772746 -0.5756556897642326 5.624393284163646
      vertex 5.7791439747913955 -0.5691960002803036 5.697106781186548
    endloop
  endfacet
  facet normal 0.6711937757436006 -0.03297363578715726 0.7405482123035779
    outer loop
      vertex 5.7791439747913955 -0.5691960002803036 5.697106781186548
      vertex 5.8071067811865476 0 5.697106781186548
      vertex 5.706780613131286 -0.5620688312387578 5.763010453362737
    endloop
  endfacet
  facet normal 0.5954443807603249 -0.029252306639677032 0.8028638066180412
    outer loop
      vertex 5.706780613131286 -0.5620688312387578 5.763010453362737
      vertex 5.7343932841636445 0 5.763010453362737
      vertex 5.655570233019603 0 5.821469612302545
    endloop
  endfacet
  facet normal 0.6711937757435588 -0.03297363578714527 0.7405482123036164
    outer loop
      vertex 5.706780613131286 -0.5620688312387578 5.763010453362737
      vertex 5.8071067811865476 0 5.697106781186548
      vertex 5.7343932841636445 0 5.763010453362737
    endloop
  endfacet
  facet normal 0.7404607312925442 -0.03637650310638819 0.6711144875767932
    outer loop
      vertex 5.844730302772746 -0.5756556897642326 5.624393284163646
      vertex 5.873010453362724 0 5.624393284163646
      vertex 5.7791439747913955 -0.5691960002803036 5.697106781186548
    endloop
  endfacet
  facet normal 0.7404607312925842 -0.03637650310640053 0.6711144875767482
    outer loop
      vertex 5.7791439747913955 -0.5691960002803036 5.697106781186548
      vertex 5.873010453362724 0 5.624393284163646
      vertex 5.8071067811865476 0 5.697106781186548
    endloop
  endfacet
  facet normal 0.779469456492668 -0.1952469347188509 0.5952360883531153
    outer loop
      vertex 5.676062522182178 -1.7218147420518939 5.545570233019602
      vertex 5.8174980869054025 -1.1571723166929822 5.545570233019602
      vertex 5.620120594999719 -1.704844943966485 5.624393284163646
    endloop
  endfacet
  facet normal 0.7794694564925408 -0.1952469347187777 0.5952360883533058
    outer loop
      vertex 5.620120594999719 -1.704844943966485 5.624393284163646
      vertex 5.8174980869054025 -1.1571723166929822 5.545570233019602
      vertex 5.760162204312479 -1.1457675005506225 5.624393284163646
    endloop
  endfacet
  facet normal 0.8322884107603603 -0.20847739401382423 0.5136469385669483
    outer loop
      vertex 5.676062522182178 -1.7218147420518939 5.545570233019602
      vertex 5.724341743029157 -1.736460083582969 5.461396736825998
      vertex 5.866980324603958 -1.1670149457368453 5.461396736825998
    endloop
  endfacet
  facet normal 0.8770909025327159 -0.21969983398687798 0.427134090936891
    outer loop
      vertex 5.764493302251736 -1.7486399259148016 5.37268343236509
      vertex 5.866980324603958 -1.1670149457368453 5.461396736825998
      vertex 5.724341743029157 -1.736460083582969 5.461396736825998
    endloop
  endfacet
  facet normal 0.8322884107604314 -0.20847739401386886 0.5136469385668153
    outer loop
      vertex 5.676062522182178 -1.7218147420518939 5.545570233019602
      vertex 5.866980324603958 -1.1670149457368453 5.461396736825998
      vertex 5.8174980869054025 -1.1571723166929822 5.545570233019602
    endloop
  endfacet
  facet normal 0.7948536442081026 -0.11790540026205194 0.5952360883533059
    outer loop
      vertex 5.8174980869054025 -1.1571723166929822 5.545570233019602
      vertex 5.844730302772746 -0.5756556897642326 5.624393284163646
      vertex 5.760162204312479 -1.1457675005506225 5.624393284163646
    endloop
  endfacet
  facet normal 0.848715072559662 -0.1258949884268067 0.5136469385668154
    outer loop
      vertex 5.866980324603958 -1.1670149457368453 5.461396736825998
      vertex 5.902907964883752 -0.5813856893495846 5.545570233019602
      vertex 5.8174980869054025 -1.1571723166929822 5.545570233019602
    endloop
  endfacet
  facet normal 0.8770909025327901 -0.21969983398686854 0.42713409093674326
    outer loop
      vertex 5.764493302251736 -1.7486399259148016 5.37268343236509
      vertex 5.908132376409355 -1.1752005977839914 5.37268343236509
      vertex 5.866980324603958 -1.1670149457368453 5.461396736825998
    endloop
  endfacet
  facet normal 0.913451980298987 -0.22880780982580212 0.3365300370703612
    outer loop
      vertex 5.764493302251736 -1.7486399259148016 5.37268343236509
      vertex 5.940557925566736 -1.181650440530472 5.280284677254462
      vertex 5.908132376409355 -1.1752005977839914 5.37268343236509
    endloop
  endfacet
  facet normal 0.9134519802990135 -0.22880780982582458 0.3365300370702738
    outer loop
      vertex 5.7961305183855245 -1.7582369705075607 5.280284677254462
      vertex 5.940557925566736 -1.181650440530472 5.280284677254462
      vertex 5.764493302251736 -1.7486399259148016 5.37268343236509
    endloop
  endfacet
  facet normal 0.9410275158922394 -0.23571512191221877 0.24270474992382993
    outer loop
      vertex 5.818948707744539 -1.7651587925755372 5.185090322016128
      vertex 5.940557925566736 -1.181650440530472 5.280284677254462
      vertex 5.7961305183855245 -1.7582369705075607 5.280284677254462
    endloop
  endfacet
  facet normal 0.894401819562036 -0.1326719771608315 0.42713409093673965
    outer loop
      vertex 5.908132376409355 -1.1752005977839914 5.37268343236509
      vertex 5.99487290606848 -0.5904434454665264 5.37268343236509
      vertex 5.866980324603958 -1.1670149457368453 5.461396736825998
    endloop
  endfacet
  facet normal 0.9314805465462166 -0.1381720867446948 0.3365300370703605
    outer loop
      vertex 5.940557925566736 -1.181650440530472 5.280284677254462
      vertex 5.99487290606848 -0.5904434454665264 5.37268343236509
      vertex 5.908132376409355 -1.1752005977839914 5.37268343236509
    endloop
  endfacet
  facet normal 0.7948536442080992 -0.11790540026205237 0.5952360883533101
    outer loop
      vertex 5.8174980869054025 -1.1571723166929822 5.545570233019602
      vertex 5.902907964883752 -0.5813856893495846 5.545570233019602
      vertex 5.844730302772746 -0.5756556897642326 5.624393284163646
    endloop
  endfacet
  facet normal 0.848715072559659 -0.12589498842680721 0.5136469385668204
    outer loop
      vertex 5.866980324603958 -1.1670149457368453 5.461396736825998
      vertex 5.953116678435123 -0.5863308160080152 5.461396736825998
      vertex 5.902907964883752 -0.5813856893495846 5.545570233019602
    endloop
  endfacet
  facet normal 0.8944018195620063 -0.1326719771608145 0.42713409093680726
    outer loop
      vertex 5.99487290606848 -0.5904434454665264 5.37268343236509
      vertex 5.953116678435123 -0.5863308160080152 5.461396736825998
      vertex 5.866980324603958 -1.1670149457368453 5.461396736825998
    endloop
  endfacet
  facet normal 0.8025829568187349 -0.039428372347172023 0.59523608835331
    outer loop
      vertex 5.902907964883752 -0.5813856893495846 5.545570233019602
      vertex 5.93146961230255 0 5.545570233019602
      vertex 5.844730302772746 -0.5756556897642326 5.624393284163646
    endloop
  endfacet
  facet normal 0.8025829568186845 -0.03942837234715496 0.5952360883533789
    outer loop
      vertex 5.844730302772746 -0.5756556897642326 5.624393284163646
      vertex 5.93146961230255 0 5.545570233019602
      vertex 5.873010453362724 0 5.624393284163646
    endloop
  endfacet
  facet normal 0.8569681442552755 -0.042100145280048656 0.5136469385668214
    outer loop
      vertex 5.902907964883752 -0.5813856893495846 5.545570233019602
      vertex 5.953116678435123 -0.5863308160080152 5.461396736825998
      vertex 5.981921264348358 0 5.461396736825998
    endloop
  endfacet
  facet normal 0.856968144255284 -0.0421001452800519 0.513646938566807
    outer loop
      vertex 5.902907964883752 -0.5813856893495846 5.545570233019602
      vertex 5.981921264348358 0 5.461396736825998
      vertex 5.93146961230255 0 5.545570233019602
    endloop
  endfacet
  facet normal 0.9030991581391321 -0.04436641666883412 0.4271340909367434
    outer loop
      vertex 5.953116678435123 -0.5863308160080152 5.461396736825998
      vertex 6.023879532511273 0 5.37268343236509
      vertex 5.981921264348358 0 5.461396736825998
    endloop
  endfacet
  facet normal 0.931480546546212 -0.13817208674469622 0.33653003707037227
    outer loop
      vertex 5.940557925566736 -1.181650440530472 5.280284677254462
      vertex 6.0277745124854505 -0.5936839708552384 5.280284677254462
      vertex 5.99487290606848 -0.5904434454665264 5.37268343236509
    endloop
  endfacet
  facet normal 0.9596003333764952 -0.1423432630935342 0.2427047499238613
    outer loop
      vertex 5.940557925566736 -1.181650440530472 5.280284677254462
      vertex 6.051504637230408 -0.5960211841432113 5.185090322016128
      vertex 6.0277745124854505 -0.5936839708552384 5.280284677254462
    endloop
  endfacet
  facet normal 0.9030991581391029 -0.044366416668821095 0.4271340909368063
    outer loop
      vertex 5.99487290606848 -0.5904434454665264 5.37268343236509
      vertex 6.023879532511273 0 5.37268343236509
      vertex 5.953116678435123 -0.5863308160080152 5.461396736825998
    endloop
  endfacet
  facet normal 0.9405384459311444 -0.046205690935656116 0.3365300370703726
    outer loop
      vertex 6.0277745124854505 -0.5936839708552384 5.280284677254462
      vertex 6.023879532511273 0 5.37268343236509
      vertex 5.99487290606848 -0.5904434454665264 5.37268343236509
    endloop
  endfacet
  facet normal 0.9405384459310853 -0.046205690935681734 0.3365300370705347
    outer loop
      vertex 6.0277745124854505 -0.5936839708552384 5.280284677254462
      vertex 6.056940335732207 0 5.280284677254462
      vertex 6.023879532511273 0 5.37268343236509
    endloop
  endfacet
  facet normal 0.9689316750794645 -0.047600560838524736 0.24270474992377244
    outer loop
      vertex 6.0277745124854505 -0.5936839708552384 5.280284677254462
      vertex 6.080785280403234 0 5.185090322016128
      vertex 6.056940335732207 0 5.280284677254462
    endloop
  endfacet
  facet normal 0.832082698902865 -0.4987311766381844 0.24270474992388671
    outer loop
      vertex 5.055988179591907 -3.3783032951757903 5.185090322016128
      vertex 5.362773842724096 -2.866462338521643 5.185090322016128
      vertex 5.341744478971492 -2.8552219094139275 5.280284677254462
    endloop
  endfacet
  facet normal 0.8484669837949342 -0.5085515390773162 0.14655752970086422
    outer loop
      vertex 5.0679608815985375 -3.386303198894794 5.08801714032956
      vertex 5.375473020583513 -2.8732501905049332 5.08801714032956
      vertex 5.362773842724096 -2.866462338521643 5.185090322016128
    endloop
  endfacet
  facet normal 0.8566979213456072 -0.5134849731877655 0.04900871220992748
    outer loop
      vertex 5.0679608815985375 -3.386303198894794 5.08801714032956
      vertex 5.379719712524974 -2.875520094638585 4.99
      vertex 5.375473020583513 -2.8732501905049332 5.08801714032956
    endloop
  endfacet
  facet normal 0.8942281509288859 -0.42293841699979096 0.14655752970085378
    outer loop
      vertex 5.375473020583513 -2.8732501905049332 5.08801714032956
      vertex 5.631216415847831 -2.332526212102188 5.08801714032956
      vertex 5.362773842724096 -2.866462338521643 5.185090322016128
    endloop
  endfacet
  facet normal 0.9029030153690217 -0.4270413223155947 0.04900871220993742
    outer loop
      vertex 5.379719712524974 -2.875520094638585 4.99
      vertex 5.63566514831885 -2.3343689374270475 4.99
      vertex 5.375473020583513 -2.8732501905049332 5.08801714032956
    endloop
  endfacet
  facet normal 0.8769601970036235 -0.41477128304141353 0.24270474992374072
    outer loop
      vertex 5.362773842724096 -2.866462338521643 5.185090322016128
      vertex 5.617913062160454 -2.3270157825798243 5.185090322016128
      vertex 5.595883205825032 -2.317890717308561 5.280284677254462
    endloop
  endfacet
  facet normal 0.894228150928881 -0.4229384169997743 0.14655752970093172
    outer loop
      vertex 5.631216415847831 -2.332526212102188 5.08801714032956
      vertex 5.617913062160454 -2.3270157825798243 5.185090322016128
      vertex 5.362773842724096 -2.866462338521643 5.185090322016128
    endloop
  endfacet
  facet normal 0.90290301536902 -0.42704132231560654 0.04900871220986738
    outer loop
      vertex 5.375473020583513 -2.8732501905049332 5.08801714032956
      vertex 5.63566514831885 -2.3343689374270475 4.99
      vertex 5.631216415847831 -2.332526212102188 5.08801714032956
    endloop
  endfacet
  facet normal 0.9133920890119885 -0.3268169152519042 0.24270474992374025
    outer loop
      vertex 5.617913062160454 -2.3270157825798243 5.185090322016128
      vertex 5.818948707744539 -1.7651587925755372 5.185090322016128
      vertex 5.595883205825032 -2.317890717308561 5.280284677254462
    endloop
  endfacet
  facet normal 0.9313774121345325 -0.33325216676484065 0.1465575297012065
    outer loop
      vertex 5.617913062160454 -2.3270157825798243 5.185090322016128
      vertex 5.832728118691534 -1.7693387311883662 5.08801714032956
      vertex 5.818948707744539 -1.7651587925755372 5.185090322016128
    endloop
  endfacet
  facet normal 0.9313774121345559 -0.3332521667648984 0.14655752970092648
    outer loop
      vertex 5.631216415847831 -2.332526212102188 5.08801714032956
      vertex 5.832728118691534 -1.7693387311883662 5.08801714032956
      vertex 5.617913062160454 -2.3270157825798243 5.185090322016128
    endloop
  endfacet
  facet normal 0.940412659777438 -0.33648503006501557 0.04900871220987307
    outer loop
      vertex 5.63566514831885 -2.3343689374270475 4.99
      vertex 5.832728118691534 -1.7693387311883662 5.08801714032956
      vertex 5.631216415847831 -2.332526212102188 5.08801714032956
    endloop
  endfacet
  facet normal 0.9404126597774761 -0.33648503006496366 0.04900871220949745
    outer loop
      vertex 5.63566514831885 -2.3343689374270475 4.99
      vertex 5.83733604796646 -1.7707365312522185 4.99
      vertex 5.832728118691534 -1.7693387311883662 5.08801714032956
    endloop
  endfacet
  facet normal 0.9595569997186755 -0.24035651598983615 0.14655752970121094
    outer loop
      vertex 5.832728118691534 -1.7693387311883662 5.08801714032956
      vertex 5.963944696312126 -1.1863023584648005 5.185090322016128
      vertex 5.818948707744539 -1.7651587925755372 5.185090322016128
    endloop
  endfacet
  facet normal 0.9410275158922083 -0.23571512191223012 0.24270474992393942
    outer loop
      vertex 5.818948707744539 -1.7651587925755372 5.185090322016128
      vertex 5.963944696312126 -1.1863023584648005 5.185090322016128
      vertex 5.940557925566736 -1.181650440530472 5.280284677254462
    endloop
  endfacet
  facet normal 0.9595569997186909 -0.24035651598982571 0.14655752970112734
    outer loop
      vertex 5.832728118691534 -1.7693387311883662 5.08801714032956
      vertex 5.978067461258689 -1.1891115510742658 5.08801714032956
      vertex 5.963944696312126 -1.1863023584648005 5.185090322016128
    endloop
  endfacet
  facet normal 0.96886561619038 -0.24268820303340582 0.04900871220968575
    outer loop
      vertex 5.832728118691534 -1.7693387311883662 5.08801714032956
      vertex 5.9827902104597115 -1.1900509642983828 4.99
      vertex 5.978067461258689 -1.1891115510742658 5.08801714032956
    endloop
  endfacet
  facet normal 0.9596003333764774 -0.1423432630935178 0.24270474992394153
    outer loop
      vertex 5.963944696312126 -1.1863023584648005 5.185090322016128
      vertex 6.051504637230408 -0.5960211841432113 5.185090322016128
      vertex 5.940557925566736 -1.181650440530472 5.280284677254462
    endloop
  endfacet
  facet normal 0.9784955288483391 -0.1451461005735663 0.14655752970112929
    outer loop
      vertex 5.978067461258689 -1.1891115510742658 5.08801714032956
      vertex 6.051504637230408 -0.5960211841432113 5.185090322016128
      vertex 5.963944696312126 -1.1863023584648005 5.185090322016128
    endloop
  endfacet
  facet normal 0.9688656161903814 -0.2426882030334391 0.049008712209491344
    outer loop
      vertex 5.83733604796646 -1.7707365312522185 4.99
      vertex 5.9827902104597115 -1.1900509642983828 4.99
      vertex 5.832728118691534 -1.7693387311883662 5.08801714032956
    endloop
  endfacet
  facet normal 0.9879878670835659 -0.1465541559397559 0.049008712209684516
    outer loop
      vertex 5.9827902104597115 -1.1900509642983828 4.99
      vertex 6.0706268327004125 -0.5979045560103202 4.99
      vertex 5.978067461258689 -1.1891115510742658 5.08801714032956
    endloop
  endfacet
  facet normal 0.978495528848338 -0.1451461005735673 0.14655752970113609
    outer loop
      vertex 5.978067461258689 -1.1891115510742658 5.08801714032956
      vertex 6.065834746229825 -0.5974325766888242 5.08801714032956
      vertex 6.051504637230408 -0.5960211841432113 5.185090322016128
    endloop
  endfacet
  facet normal 0.9879878670835633 -0.1465541559397374 0.049008712209793755
    outer loop
      vertex 5.978067461258689 -1.1891115510742658 5.08801714032956
      vertex 6.0706268327004125 -0.5979045560103202 4.99
      vertex 6.065834746229825 -0.5974325766888242 5.08801714032956
    endloop
  endfacet
  facet normal 0.9689316750794433 -0.0476005608385088 0.2427047499238601
    outer loop
      vertex 6.051504637230408 -0.5960211841432113 5.185090322016128
      vertex 6.080785280403234 0 5.185090322016128
      vertex 6.0277745124854505 -0.5936839708552384 5.280284677254462
    endloop
  endfacet
  facet normal 0.9880106111351071 -0.048537848863876715 0.1465575297011368
    outer loop
      vertex 6.065834746229825 -0.5974325766888242 5.08801714032956
      vertex 6.080785280403234 0 5.185090322016128
      vertex 6.051504637230408 -0.5960211841432113 5.185090322016128
    endloop
  endfacet
  facet normal 0.9975952547276291 -0.04900871220971131 0.04900871220979463
    outer loop
      vertex 6.0706268327004125 -0.5979045560103202 4.99
      vertex 6.095184726672187 0 5.08801714032956
      vertex 6.065834746229825 -0.5974325766888242 5.08801714032956
    endloop
  endfacet
  facet normal 0.9880106111351342 -0.048537848863849174 0.14655752970096309
    outer loop
      vertex 6.065834746229825 -0.5974325766888242 5.08801714032956
      vertex 6.095184726672187 0 5.08801714032956
      vertex 6.080785280403234 0 5.185090322016128
    endloop
  endfacet
  facet normal 0.99759525472763 -0.049008712209709024 0.04900871220978049
    outer loop
      vertex 6.0706268327004125 -0.5979045560103202 4.99
      vertex 6.099999999999994 0 4.99
      vertex 6.095184726672187 0 5.08801714032956
    endloop
  endfacet
  facet normal 0.5956993044924379 -0.8032075314806414 0
    outer loop
      vertex 3.38897842141958 -5.071964635045525 4.99
      vertex 3.38897842141958 -5.071964635045525 1.5
      vertex 3.8697990333982375 -4.715363765512695 4.99
    endloop
  endfacet
  facet normal 0.67155895484702 -0.7409511253549576 0
    outer loop
      vertex 3.8697990333982375 -4.715363765512695 4.99
      vertex 3.8697990333982375 -4.715363765512695 1.5
      vertex 4.313351365237935 -4.313351365237942 4.99
    endloop
  endfacet
  facet normal 0.7409511253549481 -0.6715589548470305 0
    outer loop
      vertex 4.313351365237935 -4.313351365237942 4.99
      vertex 4.313351365237935 -4.313351365237942 1.5
      vertex 4.715363765512706 -3.8697990333982375 4.99
    endloop
  endfacet
  facet normal 0.8032075314806486 -0.5956993044924284 0
    outer loop
      vertex 4.715363765512706 -3.8697990333982375 4.99
      vertex 4.715363765512706 -3.8697990333982375 1.5
      vertex 5.071964635045532 -3.388978421419573 4.99
    endloop
  endfacet
  facet normal 0.8577286100002707 -0.5141027441932241 0
    outer loop
      vertex 5.071964635045532 -3.388978421419573 4.99
      vertex 5.071964635045532 -3.388978421419573 1.5
      vertex 5.379719712524974 -2.875520094638585 4.99
    endloop
  endfacet
  facet normal 0.9039892931234478 -0.4275550934302725 0
    outer loop
      vertex 5.379719712524974 -2.875520094638585 4.99
      vertex 5.379719712524974 -2.875520094638585 1.5
      vertex 5.63566514831885 -2.3343689374270475 4.99
    endloop
  endfacet
  facet normal 0.9415440651830292 -0.3368898533921967 0
    outer loop
      vertex 5.63566514831885 -2.3343689374270475 4.99
      vertex 5.63566514831885 -2.3343689374270475 1.5
      vertex 5.83733604796646 -1.7707365312522185 4.99
    endloop
  endfacet
  facet normal 0.9700312531945359 -0.24298017990329626 0
    outer loop
      vertex 5.83733604796646 -1.7707365312522185 4.99
      vertex 5.83733604796646 -1.7707365312522185 1.5
      vertex 5.9827902104597115 -1.1900509642983828 4.99
    endloop
  endfacet
  facet normal 0.9891765099647797 -0.14673047445537116 0
    outer loop
      vertex 5.9827902104597115 -1.1900509642983828 4.99
      vertex 5.9827902104597115 -1.1900509642983828 1.5
      vertex 6.0706268327004125 -0.5979045560103202 4.99
    endloop
  endfacet
  facet normal 0.9987954562051737 -0.04906767432738938 0
    outer loop
      vertex 6.0706268327004125 -0.5979045560103202 4.99
      vertex 6.0706268327004125 -0.5979045560103202 1.5
      vertex 6.099999999999994 0 4.99
    endloop
  endfacet
  facet normal 0 0 1
    outer loop
      vertex -3.6062445840513817 3.6062445840513924 5.99
      vertex 0 -5.100000000000001 5.99
      vertex 4.711785615807571 1.9516855050619561 5.99
    endloop
  endfacet
  facet normal 0 0 1
    outer loop
      vertex -3.6062445840513817 3.6062445840513924 5.99
      vertex 4.711785615807571 1.9516855050619561 5.99
      vertex 3.6062445840513817 3.6062445840513924 5.99
    endloop
  endfacet
  facet normal 0 0 1
    outer loop
      vertex -0.499887415680746 5.075442106028206 5.99
      vertex 0.499887415680746 5.075442106028206 5.99
      vertex 0 5.100000000000001 5.99
    endloop
  endfacet
  facet normal 0.0024105332617822485 0.04906753176916208 0.9987925543652577
    outer loop
      vertex 0 5.100000000000001 5.99
      vertex 0.499887415680746 5.075442106028206 5.99
      vertex 0 5.198017140329561 5.985184726672197
    endloop
  endfacet
  facet normal 0.007208218704057256 0.14672666246426644 0.9891508116082257
    outer loop
      vertex 0 5.198017140329561 5.985184726672197
      vertex 0.5094947754791406 5.1729872670362695 5.985184726672197
      vertex 0 5.295090322016129 5.970785280403231
    endloop
  endfacet
  facet normal 0.0024105332617821336 0.04906753176916161 0.9987925543652576
    outer loop
      vertex 0 5.198017140329561 5.985184726672197
      vertex 0.499887415680746 5.075442106028206 5.99
      vertex 0.5094947754791406 5.1729872670362695 5.985184726672197
    endloop
  endfacet
  facet normal 0.007208218704057475 0.14672666246426733 0.9891508116082256
    outer loop
      vertex 0 5.295090322016129 5.970785280403231
      vertex 0.5094947754791406 5.1729872670362695 5.985184726672197
      vertex 0.5190096111507501 5.269593014820217 5.970785280403231
    endloop
  endfacet
  facet normal 0.007208385032303858 0.04859498461518279 0.9987925543652576
    outer loop
      vertex 0.499887415680746 5.075442106028206 5.99
      vertex 1.0140828377522553 5.098138698518927 5.985184726672197
      vertex 0.5094947754791406 5.1729872670362695 5.985184726672197
    endloop
  endfacet
  facet normal 0.021555237025638694 0.14531360449578382 0.9891508116082256
    outer loop
      vertex 0.5094947754791406 5.1729872670362695 5.985184726672197
      vertex 1.0140828377522553 5.098138698518927 5.985184726672197
      vertex 0.5190096111507501 5.269593014820217 5.970785280403231
    endloop
  endfacet
  facet normal 0.007208385032303866 0.04859498461518263 0.9987925543652577
    outer loop
      vertex 0.499887415680746 5.075442106028206 5.99
      vertex 0.9949606422822512 5.002004930056476 5.99
      vertex 1.0140828377522553 5.098138698518927 5.985184726672197
    endloop
  endfacet
  facet normal 0.02155523702563972 0.14531360449578676 0.9891508116082253
    outer loop
      vertex 0.5190096111507501 5.269593014820217 5.970785280403231
      vertex 1.0140828377522553 5.098138698518927 5.985184726672197
      vertex 1.0330208760265975 5.193346646239021 5.970785280403231
    endloop
  endfacet
  facet normal 0.035693051154274916 0.24062300556058294 0.9699621514751439
    outer loop
      vertex 0.5190096111507501 5.269593014820217 5.970785280403231
      vertex 1.0330208760265975 5.193346646239021 5.970785280403231
      vertex 1.0515923734441799 5.286711868634253 5.946940335732209
    endloop
  endfacet
  facet normal 0 0 1
    outer loop
      vertex -0.9949606422822512 5.002004930056476 5.99
      vertex 3.6062445840513817 3.6062445840513924 5.99
      vertex 0.499887415680746 5.075442106028206 5.99
    endloop
  endfacet
  facet normal 0 0 1
    outer loop
      vertex 0.499887415680746 5.075442106028206 5.99
      vertex 1.4804518539977494 4.8803957122342645 5.99
      vertex 0.9949606422822512 5.002004930056476 5.99
    endloop
  endfacet
  facet normal 0.011936816114460643 0.047654441194638776 0.9987925543652577
    outer loop
      vertex 0.9949606422822512 5.002004930056476 5.99
      vertex 1.4804518539977494 4.8803957122342645 5.99
      vertex 1.0140828377522553 5.098138698518927 5.985184726672197
    endloop
  endfacet
  facet normal 0 0 1
    outer loop
      vertex 0.499887415680746 5.075442106028206 5.99
      vertex 1.9516855050619597 4.711785615807564 5.99
      vertex 1.4804518539977494 4.8803957122342645 5.99
    endloop
  endfacet
  facet normal 0.03569466663137392 0.1425010970795151 0.9891508116082248
    outer loop
      vertex 1.0140828377522553 5.098138698518927 5.985184726672197
      vertex 1.537083585159678 5.067085510482482 5.970785280403231
      vertex 1.0330208760265975 5.193346646239021 5.970785280403231
    endloop
  endfacet
  facet normal 0.059106358259614626 0.23596580921606844 0.969962151475145
    outer loop
      vertex 1.0330208760265975 5.193346646239021 5.970785280403231
      vertex 1.537083585159678 5.067085510482482 5.970785280403231
      vertex 1.0515923734441799 5.286711868634253 5.946940335732209
    endloop
  endfacet
  facet normal 0.011936816114460555 0.04765444119463859 0.9987925543652577
    outer loop
      vertex 1.0140828377522553 5.098138698518927 5.985184726672197
      vertex 1.4804518539977494 4.8803957122342645 5.99
      vertex 1.5089047279437295 4.974192267408746 5.985184726672197
    endloop
  endfacet
  facet normal 0.03569466663137376 0.14250109707951214 0.9891508116082253
    outer loop
      vertex 1.0140828377522553 5.098138698518927 5.985184726672197
      vertex 1.5089047279437295 4.974192267408746 5.985184726672197
      vertex 1.537083585159678 5.067085510482482 5.970785280403231
    endloop
  endfacet
  facet normal 0.05910635825961873 0.2359658092160773 0.9699621514751425
    outer loop
      vertex 1.0515923734441799 5.286711868634253 5.946940335732209
      vertex 1.537083585159678 5.067085510482482 5.970785280403231
      vertex 1.5647170478464716 5.158180828744065 5.946940335732209
    endloop
  endfacet
  facet normal 0.08194505494325006 0.3271429973067782 0.9414151407766316
    outer loop
      vertex 1.0515923734441799 5.286711868634253 5.946940335732209
      vertex 1.5647170478464716 5.158180828744065 5.946940335732209
      vertex 1.5915389906524808 5.246600924480866 5.913879532511287
    endloop
  endfacet
  facet normal 0.016550289132107092 0.04625495945482316 0.9987925543652578
    outer loop
      vertex 1.4804518539977494 4.8803957122342645 5.99
      vertex 1.9891950407538843 4.80234164559333 5.985184726672197
      vertex 1.5089047279437295 4.974192267408746 5.985184726672197
    endloop
  endfacet
  facet normal 0.049490337084757245 0.13831622619933845 0.9891508116082252
    outer loop
      vertex 1.5089047279437295 4.974192267408746 5.985184726672197
      vertex 1.9891950407538843 4.80234164559333 5.985184726672197
      vertex 1.537083585159678 5.067085510482482 5.970785280403231
    endloop
  endfacet
  facet normal 0.0819504388240941 0.22903613313678783 0.9699621514751419
    outer loop
      vertex 1.537083585159678 5.067085510482482 5.970785280403231
      vertex 2.062772641716691 4.9799736877246055 5.946940335732209
      vertex 1.5647170478464716 5.158180828744065 5.946940335732209
    endloop
  endfacet
  facet normal 0.11361608818068028 0.3175356944077837 0.9414151407766324
    outer loop
      vertex 1.5915389906524808 5.246600924480866 5.913879532511287
      vertex 1.5647170478464716 5.158180828744065 5.946940335732209
      vertex 2.062772641716691 4.9799736877246055 5.946940335732209
    endloop
  endfacet
  facet normal 0.011936000454511084 0.2429628708236299 0.969962151475144
    outer loop
      vertex 0 5.295090322016129 5.970785280403231
      vertex 0.5190096111507501 5.269593014820217 5.970785280403231
      vertex 0 5.3902846772544635 5.946940335732209
    endloop
  endfacet
  facet normal 0.01654807100027008 0.3368437235019971 0.9414151407766289
    outer loop
      vertex 0 5.482683432365089 5.913879532511287
      vertex 0 5.3902846772544635 5.946940335732209
      vertex 0.537396951372699 5.456282813068434 5.913879532511287
    endloop
  endfacet
  facet normal 0.020999802941441815 0.4274608089056814 0.9037899452450892
    outer loop
      vertex 0 5.482683432365089 5.913879532511287
      vertex 0.5460923757851219 5.544568938720552 5.871921264348355
      vertex 0 5.571396736825996 5.871921264348355
    endloop
  endfacet
  facet normal 0.025248196928133862 0.5139388551599923 0.8574551776674479
    outer loop
      vertex 0 5.655570233019603 5.821469612302545
      vertex 0 5.571396736825996 5.871921264348355
      vertex 0.5460923757851219 5.544568938720552 5.871921264348355
    endloop
  endfacet
  facet normal 0.01193600045451252 0.24296287082363577 0.9699621514751424
    outer loop
      vertex 0.5190096111507501 5.269593014820217 5.970785280403231
      vertex 0.5283402896267262 5.364328983218812 5.946940335732209
      vertex 0 5.3902846772544635 5.946940335732209
    endloop
  endfacet
  facet normal 0.01654807100027178 0.3368437235019854 0.9414151407766331
    outer loop
      vertex 0 5.3902846772544635 5.946940335732209
      vertex 0.5283402896267262 5.364328983218812 5.946940335732209
      vertex 0.537396951372699 5.456282813068434 5.913879532511287
    endloop
  endfacet
  facet normal 0.020999802941443255 0.42746080890567173 0.9037899452450936
    outer loop
      vertex 0 5.482683432365089 5.913879532511287
      vertex 0.537396951372699 5.456282813068434 5.913879532511287
      vertex 0.5460923757851219 5.544568938720552 5.871921264348355
    endloop
  endfacet
  facet normal 0.025248196928139323 0.5139388551600133 0.8574551776674352
    outer loop
      vertex 0 5.655570233019603 5.821469612302545
      vertex 0.5460923757851219 5.544568938720552 5.871921264348355
      vertex 0.5543428211735772 5.628337116523024 5.821469612302545
    endloop
  endfacet
  facet normal 0.029252306639686965 0.5954443807603137 0.8028638066180491
    outer loop
      vertex 0 5.655570233019603 5.821469612302545
      vertex 0.5543428211735772 5.628337116523024 5.821469612302545
      vertex 0.5620688312387472 5.706780613131279 5.763010453362737
    endloop
  endfacet
  facet normal 0.029252306639685102 0.5954443807603248 0.802863806618041
    outer loop
      vertex 0 5.655570233019603 5.821469612302545
      vertex 0.5620688312387472 5.706780613131279 5.763010453362737
      vertex 0 5.7343932841636445 5.763010453362737
    endloop
  endfacet
  facet normal 0.03297363578715436 0.6711937757435584 0.7405482123036162
    outer loop
      vertex 0 5.8071067811865476 5.697106781186548
      vertex 0 5.7343932841636445 5.763010453362737
      vertex 0.5620688312387472 5.706780613131279 5.763010453362737
    endloop
  endfacet
  facet normal 0.036376503106400324 0.7404607312925122 0.6711144875768277
    outer loop
      vertex 0 5.873010453362738 5.624393284163646
      vertex 0 5.8071067811865476 5.697106781186548
      vertex 0.5756556897642326 5.844730302772749 5.624393284163646
    endloop
  endfacet
  facet normal 0.032973635787155606 0.6711937757435628 0.7405482123036122
    outer loop
      vertex 0 5.8071067811865476 5.697106781186548
      vertex 0.5620688312387472 5.706780613131279 5.763010453362737
      vertex 0.5691960002803 5.7791439747913955 5.697106781186548
    endloop
  endfacet
  facet normal 0.036376503106397826 0.7404607312925245 0.6711144875768142
    outer loop
      vertex 0 5.8071067811865476 5.697106781186548
      vertex 0.5691960002803 5.7791439747913955 5.697106781186548
      vertex 0.5756556897642326 5.844730302772749 5.624393284163646
    endloop
  endfacet
  facet normal 0.035693051154274645 0.24062300556058924 0.9699621514751423
    outer loop
      vertex 0.5190096111507501 5.269593014820217 5.970785280403231
      vertex 1.0515923734441799 5.286711868634253 5.946940335732209
      vertex 0.5283402896267262 5.364328983218812 5.946940335732209
    endloop
  endfacet
  facet normal 0.04948484603098094 0.33359973430714596 0.9414151407766351
    outer loop
      vertex 0.537396951372699 5.456282813068434 5.913879532511287
      vertex 0.5283402896267262 5.364328983218812 5.946940335732209
      vertex 1.0696184763326073 5.37733520757434 5.913879532511287
    endloop
  endfacet
  facet normal 0.06279716924234924 0.42334412764207024 0.9037899452450897
    outer loop
      vertex 0.537396951372699 5.456282813068434 5.913879532511287
      vertex 1.0869255834669787 5.464343910765528 5.871921264348355
      vertex 0.5460923757851219 5.544568938720552 5.871921264348355
    endloop
  endfacet
  facet normal 0.07550143684592524 0.5089893430372586 0.8574551776674397
    outer loop
      vertex 0.5543428211735772 5.628337116523024 5.821469612302545
      vertex 0.5460923757851219 5.544568938720552 5.871921264348355
      vertex 1.1033470179446283 5.5469000368322945 5.821469612302545
    endloop
  endfacet
  facet normal 0.08747520421517864 0.5897099258705927 0.802863806618042
    outer loop
      vertex 0.5620688312387472 5.706780613131279 5.763010453362737
      vertex 0.5543428211735772 5.628337116523024 5.821469612302545
      vertex 1.1033470179446283 5.5469000368322945 5.821469612302545
    endloop
  endfacet
  facet normal 0.09860335322361297 0.664729812771309 0.7405482123036149
    outer loop
      vertex 0.5691960002803 5.7791439747913955 5.697106781186548
      vertex 0.5620688312387472 5.706780613131279 5.763010453362737
      vertex 1.118724632374608 5.624208525150841 5.763010453362737
    endloop
  endfacet
  facet normal 0.10877918370885806 0.7333296896731648 0.6711144875768175
    outer loop
      vertex 0.5691960002803 5.7791439747913955 5.697106781186548
      vertex 1.132910331923739 5.695524852717547 5.697106781186548
      vertex 0.5756556897642326 5.844730302772749 5.624393284163646
    endloop
  endfacet
  facet normal 0.039428372347169484 0.802582956818788 0.5952360883532388
    outer loop
      vertex 0 5.931469612302543 5.545570233019602
      vertex 0 5.873010453362738 5.624393284163646
      vertex 0.5813856893495881 5.902907964883749 5.545570233019602
    endloop
  endfacet
  facet normal 0.042100145280047276 0.8569681442552682 0.5136469385668337
    outer loop
      vertex 0 5.981921264348355 5.461396736825998
      vertex 0 5.931469612302543 5.545570233019602
      vertex 0.5863308160080294 5.953116678435119 5.461396736825998
    endloop
  endfacet
  facet normal 0.044366416668829615 0.9030991581390625 0.4271340909368913
    outer loop
      vertex 0 6.0238795325112875 5.37268343236509
      vertex 0 5.981921264348355 5.461396736825998
      vertex 0.5863308160080294 5.953116678435119 5.461396736825998
    endloop
  endfacet
  facet normal 0.03942837234717396 0.8025829568187687 0.5952360883532644
    outer loop
      vertex 0 5.873010453362738 5.624393284163646
      vertex 0.5756556897642326 5.844730302772749 5.624393284163646
      vertex 0.5813856893495881 5.902907964883749 5.545570233019602
    endloop
  endfacet
  facet normal 0.04210014528004589 0.8569681442552733 0.5136469385668253
    outer loop
      vertex 0 5.931469612302543 5.545570233019602
      vertex 0.5813856893495881 5.902907964883749 5.545570233019602
      vertex 0.5863308160080294 5.953116678435119 5.461396736825998
    endloop
  endfacet
  facet normal 0.04620569093566736 0.9405384459311317 0.3365300370704067
    outer loop
      vertex 0 6.056940335732207 5.280284677254462
      vertex 0 6.0238795325112875 5.37268343236509
      vertex 0.5904434454665193 5.994872906068487 5.37268343236509
    endloop
  endfacet
  facet normal 0.0476005608385078 0.9689316750794739 0.24270474992373867
    outer loop
      vertex 0 6.08078528040323 5.185090322016128
      vertex 0 6.056940335732207 5.280284677254462
      vertex 0.5936839708552384 6.027774512485461 5.280284677254462
    endloop
  endfacet
  facet normal 0.044366416668830615 0.9030991581390646 0.42713409093688653
    outer loop
      vertex 0 6.0238795325112875 5.37268343236509
      vertex 0.5863308160080294 5.953116678435119 5.461396736825998
      vertex 0.5904434454665193 5.994872906068487 5.37268343236509
    endloop
  endfacet
  facet normal 0.04620569093566711 0.9405384459311312 0.3365300370704079
    outer loop
      vertex 0 6.056940335732207 5.280284677254462
      vertex 0.5904434454665193 5.994872906068487 5.37268343236509
      vertex 0.5936839708552384 6.027774512485461 5.280284677254462
    endloop
  endfacet
  facet normal 0.11790540026206521 0.7948536442081295 0.5952360883532671
    outer loop
      vertex 0.5813856893495881 5.902907964883749 5.545570233019602
      vertex 0.5756556897642326 5.844730302772749 5.624393284163646
      vertex 1.1571723166929928 5.817498086905392 5.545570233019602
    endloop
  endfacet
  facet normal 0.1258949884268209 0.84871507255965 0.5136469385668317
    outer loop
      vertex 0.5813856893495881 5.902907964883749 5.545570233019602
      vertex 1.1670149457368382 5.866980324603947 5.461396736825998
      vertex 0.5863308160080294 5.953116678435119 5.461396736825998
    endloop
  endfacet
  facet normal 0.1326719771608257 0.8944018195619752 0.4271340909368688
    outer loop
      vertex 0.5904434454665193 5.994872906068487 5.37268343236509
      vertex 0.5863308160080294 5.953116678435119 5.461396736825998
      vertex 1.1670149457368382 5.866980324603947 5.461396736825998
    endloop
  endfacet
  facet normal 0.13817208674468873 0.9314805465461984 0.33653003707041346
    outer loop
      vertex 0.5936839708552384 6.027774512485461 5.280284677254462
      vertex 0.5904434454665193 5.994872906068487 5.37268343236509
      vertex 1.1752005977839985 5.9081323764093625 5.37268343236509
    endloop
  endfacet
  facet normal 0.1423432630935348 0.9596003333765207 0.24270474992376023
    outer loop
      vertex 0.5960211841432113 6.051504637230408 5.185090322016128
      vertex 0.5936839708552384 6.027774512485461 5.280284677254462
      vertex 1.1816504405304613 5.94055792556675 5.280284677254462
    endloop
  endfacet
  facet normal 0.0494848460309807 0.33359973430715106 0.9414151407766334
    outer loop
      vertex 0.5283402896267262 5.364328983218812 5.946940335732209
      vertex 1.0515923734441799 5.286711868634253 5.946940335732209
      vertex 1.0696184763326073 5.37733520757434 5.913879532511287
    endloop
  endfacet
  facet normal 0.06279716924234863 0.42334412764208224 0.903789945245084
    outer loop
      vertex 0.537396951372699 5.456282813068434 5.913879532511287
      vertex 1.0696184763326073 5.37733520757434 5.913879532511287
      vertex 1.0869255834669787 5.464343910765528 5.871921264348355
    endloop
  endfacet
  facet normal 0.07550143684592643 0.5089893430372379 0.8574551776674519
    outer loop
      vertex 0.5460923757851219 5.544568938720552 5.871921264348355
      vertex 1.0869255834669787 5.464343910765528 5.871921264348355
      vertex 1.1033470179446283 5.5469000368322945 5.821469612302545
    endloop
  endfacet
  facet normal 0.08194505494324973 0.3271429973067716 0.9414151407766339
    outer loop
      vertex 1.0515923734441799 5.286711868634253 5.946940335732209
      vertex 1.5915389906524808 5.246600924480866 5.913879532511287
      vertex 1.0696184763326073 5.37733520757434 5.913879532511287
    endloop
  endfacet
  facet normal 0.10398976447503061 0.41515041100584593 0.9037899452450802
    outer loop
      vertex 1.0696184763326073 5.37733520757434 5.913879532511287
      vertex 1.5915389906524808 5.246600924480866 5.913879532511287
      vertex 1.0869255834669787 5.464343910765528 5.871921264348355
    endloop
  endfacet
  facet normal 0.12502755665360293 0.4991379852991574 0.8574551776674558
    outer loop
      vertex 1.1033470179446283 5.5469000368322945 5.821469612302545
      vertex 1.0869255834669787 5.464343910765528 5.871921264348355
      vertex 1.6417253797820308 5.412043277542864 5.821469612302545
    endloop
  endfacet
  facet normal 0.087475204215181 0.5897099258705989 0.8028638066180372
    outer loop
      vertex 0.5620688312387472 5.706780613131279 5.763010453362737
      vertex 1.1033470179446283 5.5469000368322945 5.821469612302545
      vertex 1.118724632374608 5.624208525150841 5.763010453362737
    endloop
  endfacet
  facet normal 0.1448556677552705 0.5782962420265 0.8028638066180356
    outer loop
      vertex 1.118724632374608 5.624208525150841 5.763010453362737
      vertex 1.1033470179446283 5.5469000368322945 5.821469612302545
      vertex 1.664606503743613 5.487472234568081 5.763010453362737
    endloop
  endfacet
  facet normal 0.16328346646644565 0.6518641383237828 0.740548212303624
    outer loop
      vertex 1.132910331923739 5.695524852717547 5.697106781186548
      vertex 1.118724632374608 5.624208525150841 5.763010453362737
      vertex 1.664606503743613 5.487472234568081 5.763010453362737
    endloop
  endfacet
  facet normal 0.09860335322361186 0.6647298127713063 0.7405482123036177
    outer loop
      vertex 0.5691960002803 5.7791439747913955 5.697106781186548
      vertex 1.118724632374608 5.624208525150841 5.763010453362737
      vertex 1.132910331923739 5.695524852717547 5.697106781186548
    endloop
  endfacet
  facet normal 0.10877918370885835 0.7333296896731656 0.6711144875768166
    outer loop
      vertex 0.5756556897642326 5.844730302772749 5.624393284163646
      vertex 1.132910331923739 5.695524852717547 5.697106781186548
      vertex 1.145767500550619 5.760162204312476 5.624393284163646
    endloop
  endfacet
  facet normal 0.10398976447501294 0.41515041100580863 0.9037899452450993
    outer loop
      vertex 1.0869255834669787 5.464343910765528 5.871921264348355
      vertex 1.5915389906524808 5.246600924480866 5.913879532511287
      vertex 1.6172911036061066 5.3314942638356015 5.871921264348355
    endloop
  endfacet
  facet normal 0.12502755665360457 0.49913798529919695 0.8574551776674326
    outer loop
      vertex 1.0869255834669787 5.464343910765528 5.871921264348355
      vertex 1.6172911036061066 5.3314942638356015 5.871921264348355
      vertex 1.6417253797820308 5.412043277542864 5.821469612302545
    endloop
  endfacet
  facet normal 0.14485566775526937 0.578296242026463 0.8028638066180624
    outer loop
      vertex 1.1033470179446283 5.5469000368322945 5.821469612302545
      vertex 1.6417253797820308 5.412043277542864 5.821469612302545
      vertex 1.664606503743613 5.487472234568081 5.763010453362737
    endloop
  endfacet
  facet normal 0.16328346646645214 0.6518641383237953 0.7405482123036115
    outer loop
      vertex 1.132910331923739 5.695524852717547 5.697106781186548
      vertex 1.664606503743613 5.487472234568081 5.763010453362737
      vertex 1.6857141177589483 5.55705471282144 5.697106781186548
    endloop
  endfacet
  facet normal 0.1801342613074539 0.7191362822634728 0.6711144875768131
    outer loop
      vertex 1.132910331923739 5.695524852717547 5.697106781186548
      vertex 1.6857141177589483 5.55705471282144 5.697106781186548
      vertex 1.704844943966492 5.620120594999708 5.624393284163646
    endloop
  endfacet
  facet normal 0.18013426130745389 0.7191362822634789 0.6711144875768066
    outer loop
      vertex 1.132910331923739 5.695524852717547 5.697106781186548
      vertex 1.704844943966492 5.620120594999708 5.624393284163646
      vertex 1.145767500550619 5.760162204312476 5.624393284163646
    endloop
  endfacet
  facet normal 0.11790540026206583 0.7948536442081245 0.5952360883532735
    outer loop
      vertex 0.5756556897642326 5.844730302772749 5.624393284163646
      vertex 1.145767500550619 5.760162204312476 5.624393284163646
      vertex 1.1571723166929928 5.817498086905392 5.545570233019602
    endloop
  endfacet
  facet normal 0.12589498842681712 0.8487150725596722 0.513646938566796
    outer loop
      vertex 0.5813856893495881 5.902907964883749 5.545570233019602
      vertex 1.1571723166929928 5.817498086905392 5.545570233019602
      vertex 1.1670149457368382 5.866980324603947 5.461396736825998
    endloop
  endfacet
  facet normal 0.132671977160817 0.8944018195619601 0.42713409093690324
    outer loop
      vertex 0.5904434454665193 5.994872906068487 5.37268343236509
      vertex 1.1670149457368382 5.866980324603947 5.461396736825998
      vertex 1.1752005977839985 5.9081323764093625 5.37268343236509
    endloop
  endfacet
  facet normal 0.13817208674469167 0.9314805465462026 0.3365300370704004
    outer loop
      vertex 0.5936839708552384 6.027774512485461 5.280284677254462
      vertex 1.1752005977839985 5.9081323764093625 5.37268343236509
      vertex 1.1816504405304613 5.94055792556675 5.280284677254462
    endloop
  endfacet
  facet normal 0.19524693471878762 0.7794694564925557 0.595236088353283
    outer loop
      vertex 1.1571723166929928 5.817498086905392 5.545570233019602
      vertex 1.145767500550619 5.760162204312476 5.624393284163646
      vertex 1.704844943966492 5.620120594999708 5.624393284163646
    endloop
  endfacet
  facet normal 0.19524693471879787 0.7794694564925735 0.5952360883532564
    outer loop
      vertex 1.1571723166929928 5.817498086905392 5.545570233019602
      vertex 1.704844943966492 5.620120594999708 5.624393284163646
      vertex 1.7218147420518903 5.6760625221821925 5.545570233019602
    endloop
  endfacet
  facet normal 0.20847739401384086 0.8322884107604579 0.5136469385667836
    outer loop
      vertex 1.1670149457368382 5.866980324603947 5.461396736825998
      vertex 1.1571723166929928 5.817498086905392 5.545570233019602
      vertex 1.736460083582955 5.724341743029154 5.461396736825998
    endloop
  endfacet
  facet normal 0.20847739401384155 0.8322884107604479 0.5136469385667994
    outer loop
      vertex 1.1571723166929928 5.817498086905392 5.545570233019602
      vertex 1.7218147420518903 5.6760625221821925 5.545570233019602
      vertex 1.736460083582955 5.724341743029154 5.461396736825998
    endloop
  endfacet
  facet normal 0.219699833986867 0.8770909025327047 0.42713409093691956
    outer loop
      vertex 1.1670149457368382 5.866980324603947 5.461396736825998
      vertex 1.736460083582955 5.724341743029154 5.461396736825998
      vertex 1.7486399259148016 5.764493302251733 5.37268343236509
    endloop
  endfacet
  facet normal 0.21969983398686668 0.8770909025327068 0.42713409093691534
    outer loop
      vertex 1.1752005977839985 5.9081323764093625 5.37268343236509
      vertex 1.1670149457368382 5.866980324603947 5.461396736825998
      vertex 1.7486399259148016 5.764493302251733 5.37268343236509
    endloop
  endfacet
  facet normal 0.22880780982581878 0.9134519802989745 0.33653003707038415
    outer loop
      vertex 1.1816504405304613 5.94055792556675 5.280284677254462
      vertex 1.1752005977839985 5.9081323764093625 5.37268343236509
      vertex 1.7486399259148016 5.764493302251733 5.37268343236509
    endloop
  endfacet
  facet normal 0.22880780982580307 0.9134519802989558 0.33653003707044504
    outer loop
      vertex 1.1816504405304613 5.94055792556675 5.280284677254462
      vertex 1.7486399259148016 5.764493302251733 5.37268343236509
      vertex 1.7582369705075678 5.796130518385539 5.280284677254462
    endloop
  endfacet
  facet normal 0.23571512191222146 0.9410275158922793 0.24270474992367289
    outer loop
      vertex 1.1816504405304613 5.94055792556675 5.280284677254462
      vertex 1.7582369705075678 5.796130518385539 5.280284677254462
      vertex 1.7651587925755337 5.818948707744539 5.185090322016128
    endloop
  endfacet
  facet normal 0.04853784886387803 0.9880106111351118 0.14655752970110444
    outer loop
      vertex 0 6.095184726672198 5.08801714032956
      vertex 0 6.08078528040323 5.185090322016128
      vertex 0.5974325766888171 6.065834746229818 5.08801714032956
    endloop
  endfacet
  facet normal 0.04760056083850429 0.9689316750794691 0.24270474992375793
    outer loop
      vertex 0 6.08078528040323 5.185090322016128
      vertex 0.5936839708552384 6.027774512485461 5.280284677254462
      vertex 0.5960211841432113 6.051504637230408 5.185090322016128
    endloop
  endfacet
  facet normal 0.04853784886387138 0.9880106111351183 0.1465575297010625
    outer loop
      vertex 0.5974325766888171 6.065834746229818 5.08801714032956
      vertex 0 6.08078528040323 5.185090322016128
      vertex 0.5960211841432113 6.051504637230408 5.185090322016128
    endloop
  endfacet
  facet normal 0.04900871220974155 0.9975952547276292 0.04900871220976217
    outer loop
      vertex 0 6.095184726672198 5.08801714032956
      vertex 0.5974325766888171 6.065834746229818 5.08801714032956
      vertex 0.5979045560103202 6.070626832700402 4.99
    endloop
  endfacet
  facet normal 0.049008712209738674 0.9975952547276302 0.04900871220974436
    outer loop
      vertex 0 6.100000000000001 4.99
      vertex 0 6.095184726672198 5.08801714032956
      vertex 0.5979045560103202 6.070626832700402 4.99
    endloop
  endfacet
  facet normal 0.14514610057358285 0.9784955288483477 0.14655752970105554
    outer loop
      vertex 0.5974325766888171 6.065834746229818 5.08801714032956
      vertex 0.5960211841432113 6.051504637230408 5.185090322016128
      vertex 1.1863023584647863 5.963944696312119 5.185090322016128
    endloop
  endfacet
  facet normal 0.1465541559397469 0.9879878670835631 0.04900871220976856
    outer loop
      vertex 0.5979045560103202 6.070626832700402 4.99
      vertex 0.5974325766888171 6.065834746229818 5.08801714032956
      vertex 1.1900509642983934 5.982790210459704 4.99
    endloop
  endfacet
  facet normal 0.14234326309354006 0.9596003333765265 0.2427047499237344
    outer loop
      vertex 0.5960211841432113 6.051504637230408 5.185090322016128
      vertex 1.1816504405304613 5.94055792556675 5.280284677254462
      vertex 1.1863023584647863 5.963944696312119 5.185090322016128
    endloop
  endfacet
  facet normal 0.14514610057357274 0.978495528848341 0.14655752970110994
    outer loop
      vertex 0.5974325766888171 6.065834746229818 5.08801714032956
      vertex 1.1863023584647863 5.963944696312119 5.185090322016128
      vertex 1.1891115510742623 5.978067461258679 5.08801714032956
    endloop
  endfacet
  facet normal 0.1465541559397427 0.987987867083565 0.04900871220974139
    outer loop
      vertex 0.5974325766888171 6.065834746229818 5.08801714032956
      vertex 1.1891115510742623 5.978067461258679 5.08801714032956
      vertex 1.1900509642983934 5.982790210459704 4.99
    endloop
  endfacet
  facet normal 0.23571512191222774 0.9410275158922623 0.24270474992373292
    outer loop
      vertex 1.1863023584647863 5.963944696312119 5.185090322016128
      vertex 1.1816504405304613 5.94055792556675 5.280284677254462
      vertex 1.7651587925755337 5.818948707744539 5.185090322016128
    endloop
  endfacet
  facet normal 0.24035651598982424 0.9595569997186926 0.14655752970111888
    outer loop
      vertex 1.1891115510742623 5.978067461258679 5.08801714032956
      vertex 1.1863023584647863 5.963944696312119 5.185090322016128
      vertex 1.7651587925755337 5.818948707744539 5.185090322016128
    endloop
  endfacet
  facet normal 0.24268820303340782 0.9688656161903759 0.04900871220975582
    outer loop
      vertex 1.1900509642983934 5.982790210459704 4.99
      vertex 1.1891115510742623 5.978067461258679 5.08801714032956
      vertex 1.7693387311883555 5.832728118691524 5.08801714032956
    endloop
  endfacet
  facet normal 0.24035651598982982 0.9595569997186956 0.14655752970109057
    outer loop
      vertex 1.1891115510742623 5.978067461258679 5.08801714032956
      vertex 1.7651587925755337 5.818948707744539 5.185090322016128
      vertex 1.7693387311883555 5.832728118691524 5.08801714032956
    endloop
  endfacet
  facet normal 0.2426882030334036 0.9688656161903758 0.049008712209780377
    outer loop
      vertex 1.1900509642983934 5.982790210459704 4.99
      vertex 1.7693387311883555 5.832728118691524 5.08801714032956
      vertex 1.7707365312522256 5.837336047966474 4.99
    endloop
  endfacet
  facet normal 0.016550289132107546 0.04625495945482614 0.9987925543652576
    outer loop
      vertex 1.4804518539977494 4.8803957122342645 5.99
      vertex 1.9516855050619597 4.711785615807564 5.99
      vertex 1.9891950407538843 4.80234164559333 5.985184726672197
    endloop
  endfacet
  facet normal 0 0 1
    outer loop
      vertex 0.499887415680746 5.075442106028206 5.99
      vertex 3.6062445840513817 3.6062445840513924 5.99
      vertex 1.9516855050619597 4.711785615807564 5.99
    endloop
  endfacet
  facet normal 0.021004373818104882 0.04441001716992782 0.9987925543652576
    outer loop
      vertex 1.9516855050619597 4.711785615807564 5.99
      vertex 2.4503283179169557 4.584241848503865 5.985184726672197
      vertex 1.9891950407538843 4.80234164559333 5.985184726672197
    endloop
  endfacet
  facet normal 0.06280938853784881 0.13279929444953115 0.9891508116082239
    outer loop
      vertex 1.9891950407538843 4.80234164559333 5.985184726672197
      vertex 2.4503283179169557 4.584241848503865 5.985184726672197
      vertex 2.0263433391122874 4.892025571309297 5.970785280403231
    endloop
  endfacet
  facet normal 0.04949033708476041 0.13831622619934383 0.9891508116082244
    outer loop
      vertex 1.537083585159678 5.067085510482482 5.970785280403231
      vertex 1.9891950407538843 4.80234164559333 5.985184726672197
      vertex 2.0263433391122874 4.892025571309297 5.970785280403231
    endloop
  endfacet
  facet normal 0.08195043882408969 0.2290361331367592 0.969962151475149
    outer loop
      vertex 1.537083585159678 5.067085510482482 5.970785280403231
      vertex 2.0263433391122874 4.892025571309297 5.970785280403231
      vertex 2.062772641716691 4.9799736877246055 5.946940335732209
    endloop
  endfacet
  facet normal 0.11361608818069024 0.3175356944078004 0.9414151407766255
    outer loop
      vertex 1.5915389906524808 5.246600924480866 5.913879532511287
      vertex 2.062772641716691 4.9799736877246055 5.946940335732209
      vertex 2.098132114468683 5.0653390064008335 5.913879532511287
    endloop
  endfacet
  facet normal 0.1441808814291996 0.40295856896726584 0.9037899452451064
    outer loop
      vertex 1.5915389906524808 5.246600924480866 5.913879532511287
      vertex 2.098132114468683 5.0653390064008335 5.913879532511287
      vertex 2.132081226316245 5.147299412653712 5.871921264348355
    endloop
  endfacet
  facet normal 0.14418088142920102 0.4029585689672755 0.9037899452451017
    outer loop
      vertex 1.6172911036061066 5.3314942638356015 5.871921264348355
      vertex 1.5915389906524808 5.246600924480866 5.913879532511287
      vertex 2.132081226316245 5.147299412653712 5.871921264348355
    endloop
  endfacet
  facet normal 0.1733495927436973 0.484479655906119 0.8574551776674294
    outer loop
      vertex 1.6172911036061066 5.3314942638356015 5.871921264348355
      vertex 2.132081226316245 5.147299412653712 5.871921264348355
      vertex 2.164293028753775 5.225065582966899 5.821469612302545
    endloop
  endfacet
  facet normal 0 0 1
    outer loop
      vertex 2.40412335781258 4.49779844817661 5.99
      vertex 1.9516855050619597 4.711785615807564 5.99
      vertex 2.8334081883999716 4.24049502274298 5.99
    endloop
  endfacet
  facet normal 0.021004373818104452 0.04441001716992612 0.9987925543652577
    outer loop
      vertex 2.40412335781258 4.49779844817661 5.99
      vertex 2.4503283179169557 4.584241848503865 5.985184726672197
      vertex 1.9516855050619597 4.711785615807564 5.99
    endloop
  endfacet
  facet normal 0.06280938853783637 0.13279929444951413 0.9891508116082272
    outer loop
      vertex 2.0263433391122874 4.892025571309297 5.970785280403231
      vertex 2.4503283179169557 4.584241848503865 5.985184726672197
      vertex 2.4960882989973356 4.6698527516312005 5.970785280403231
    endloop
  endfacet
  facet normal 0.10400529186402735 0.219900713891497 0.969962151475143
    outer loop
      vertex 2.0263433391122874 4.892025571309297 5.970785280403231
      vertex 2.4960882989973356 4.6698527516312005 5.970785280403231
      vertex 2.540962607420937 4.753806677761819 5.946940335732209
    endloop
  endfacet
  facet normal 0.025256174902072753 0.04213738214269711 0.9987925543652576
    outer loop
      vertex 2.40412335781258 4.49779844817661 5.99
      vertex 2.8334081883999716 4.24049502274298 5.99
      vertex 2.4503283179169557 4.584241848503865 5.985184726672197
    endloop
  endfacet
  facet normal 0.1040052918640206 0.21990071389147076 0.9699621514751499
    outer loop
      vertex 2.0263433391122874 4.892025571309297 5.970785280403231
      vertex 2.540962607420937 4.753806677761819 5.946940335732209
      vertex 2.062772641716691 4.9799736877246055 5.946940335732209
    endloop
  endfacet
  facet normal 0.14419293638007769 0.30487034918899175 0.9414151407766251
    outer loop
      vertex 2.062772641716691 4.9799736877246055 5.946940335732209
      vertex 2.5845190790668653 4.8352951046931985 5.913879532511287
      vertex 2.098132114468683 5.0653390064008335 5.913879532511287
    endloop
  endfacet
  facet normal 0.1829834576779349 0.3868860156300193 0.9037899452451084
    outer loop
      vertex 2.098132114468683 5.0653390064008335 5.913879532511287
      vertex 2.5845190790668653 4.8352951046931985 5.913879532511287
      vertex 2.132081226316245 5.147299412653712 5.871921264348355
    endloop
  endfacet
  facet normal 0.14419293638007527 0.3048703491889822 0.9414151407766287
    outer loop
      vertex 2.062772641716691 4.9799736877246055 5.946940335732209
      vertex 2.540962607420937 4.753806677761819 5.946940335732209
      vertex 2.5845190790668653 4.8352951046931985 5.913879532511287
    endloop
  endfacet
  facet normal 0.22000217749314901 0.4651555225831393 0.8574551776674274
    outer loop
      vertex 2.164293028753775 5.225065582966899 5.821469612302545
      vertex 2.132081226316245 5.147299412653712 5.871921264348355
      vertex 2.666017352735679 4.987767650515568 5.821469612302545
    endloop
  endfacet
  facet normal 0.18298345767795207 0.38688601563004243 0.9037899452450949
    outer loop
      vertex 2.132081226316245 5.147299412653712 5.871921264348355
      vertex 2.5845190790668653 4.8352951046931985 5.913879532511287
      vertex 2.62633824130279 4.913533254327884 5.871921264348355
    endloop
  endfacet
  facet normal 0.22000217749314976 0.4651555225831423 0.8574551776674256
    outer loop
      vertex 2.132081226316245 5.147299412653712 5.871921264348355
      vertex 2.62633824130279 4.913533254327884 5.871921264348355
      vertex 2.666017352735679 4.987767650515568 5.821469612302545
    endloop
  endfacet
  facet normal 0.2548923067950297 0.5389245030238671 0.8028638066180256
    outer loop
      vertex 2.194457304515055 5.29788858660897 5.763010453362737
      vertex 2.164293028753775 5.225065582966899 5.821469612302545
      vertex 2.666017352735679 4.987767650515568 5.821469612302545
    endloop
  endfacet
  facet normal 0.25489230679501423 0.538924503023847 0.802863806618044
    outer loop
      vertex 2.194457304515055 5.29788858660897 5.763010453362737
      vertex 2.666017352735679 4.987767650515568 5.821469612302545
      vertex 2.70317428183165 5.057283375440317 5.763010453362737
    endloop
  endfacet
  facet normal 0.28731840509986545 0.6074837276378641 0.7405482123036117
    outer loop
      vertex 2.194457304515055 5.29788858660897 5.763010453362737
      vertex 2.70317428183165 5.057283375440317 5.763010453362737
      vertex 2.737451187051448 5.121410954669948 5.697106781186548
    endloop
  endfacet
  facet normal 0.31696956086691636 0.6701758292032854 0.6711144875768389
    outer loop
      vertex 2.22228355513505 5.365067098245753 5.697106781186548
      vertex 2.737451187051448 5.121410954669948 5.697106781186548
      vertex 2.7685179630601624 5.179532804560772 5.624393284163646
    endloop
  endfacet
  facet normal 0 0 1
    outer loop
      vertex 2.8334081883999716 4.24049502274298 5.99
      vertex 1.9516855050619597 4.711785615807564 5.99
      vertex 3.6062445840513817 3.6062445840513924 5.99
    endloop
  endfacet
  facet normal 0.029264745215307208 0.03945894109079939 0.9987925543652576
    outer loop
      vertex 2.8334081883999716 4.24049502274298 5.99
      vertex 3.2975871647925885 4.0181215862334305 5.985184726672197
      vertex 2.8878635938927744 4.321993296411804 5.985184726672197
    endloop
  endfacet
  facet normal 0 0 1
    outer loop
      vertex 2.8334081883999716 4.24049502274298 5.99
      vertex 3.6062445840513817 3.6062445840513924 5.99
      vertex 3.2354057492345873 3.942353312149958 5.99
    endloop
  endfacet
  facet normal 0.03299148003437857 0.036400488865741806 0.9987925543652577
    outer loop
      vertex 3.6062445840513817 3.6062445840513924 5.99
      vertex 3.2975871647925885 4.0181215862334305 5.985184726672197
      vertex 3.2354057492345873 3.942353312149958 5.99
    endloop
  endfacet
  facet normal 0.0986544376834366 0.10884839833526636 0.9891508116082259
    outer loop
      vertex 3.6755531686509357 3.6755531686509393 5.985184726672197
      vertex 3.359169739326944 4.093160170418329 5.970785280403231
      vertex 3.2975871647925885 4.0181215862334305 5.985184726672197
    endloop
  endfacet
  facet normal 0.029264745215306216 0.039458941090797305 0.9987925543652577
    outer loop
      vertex 2.8334081883999716 4.24049502274298 5.99
      vertex 3.2354057492345873 3.942353312149958 5.99
      vertex 3.2975871647925885 4.0181215862334305 5.985184726672197
    endloop
  endfacet
  facet normal 0.08751038086671423 0.11799408940853975 0.9891508116082259
    outer loop
      vertex 2.8878635938927744 4.321993296411804 5.985184726672197
      vertex 3.2975871647925885 4.0181215862334305 5.985184726672197
      vertex 3.359169739326944 4.093160170418329 5.970785280403231
    endloop
  endfacet
  facet normal 0.08751038086670894 0.11799408940852876 0.9891508116082278
    outer loop
      vertex 2.8878635938927744 4.321993296411804 5.985184726672197
      vertex 3.359169739326944 4.093160170418329 5.970785280403231
      vertex 2.9417945640623486 4.402706697153711 5.970785280403231
    endloop
  endfacet
  facet normal 0.14490736042896196 0.19538495745381249 0.9699621514751403
    outer loop
      vertex 2.9417945640623486 4.402706697153711 5.970785280403231
      vertex 3.4195603989804226 4.166746402118687 5.946940335732209
      vertex 2.994681714184253 4.4818579107971175 5.946940335732209
    endloop
  endfacet
  facet normal 0.14490736042896168 0.19538495745381193 0.9699621514751403
    outer loop
      vertex 2.9417945640623486 4.402706697153711 5.970785280403231
      vertex 3.359169739326944 4.093160170418329 5.970785280403231
      vertex 3.4195603989804226 4.166746402118687 5.946940335732209
    endloop
  endfacet
  facet normal 0.20089956413610974 0.27088170452506544 0.9414151407766481
    outer loop
      vertex 3.046015712091787 4.55868466788619 5.913879532511287
      vertex 3.4195603989804226 4.166746402118687 5.946940335732209
      vertex 3.478177548687711 4.238171605696905 5.913879532511287
    endloop
  endfacet
  facet normal 0.2549451992206497 0.343753807641831 0.9037899452450698
    outer loop
      vertex 3.046015712091787 4.55868466788619 5.913879532511287
      vertex 3.478177548687711 4.238171605696905 5.913879532511287
      vertex 3.5344566732536578 4.306747917397537 5.871921264348355
    endloop
  endfacet
  facet normal 0.02525617490207427 0.042137382142698805 0.9987925543652576
    outer loop
      vertex 2.8334081883999716 4.24049502274298 5.99
      vertex 2.8878635938927744 4.321993296411804 5.985184726672197
      vertex 2.4503283179169557 4.584241848503865 5.985184726672197
    endloop
  endfacet
  facet normal 0.07552355124420071 0.12600343289867008 0.9891508116082274
    outer loop
      vertex 2.9417945640623486 4.402706697153711 5.970785280403231
      vertex 2.4960882989973356 4.6698527516312005 5.970785280403231
      vertex 2.4503283179169557 4.584241848503865 5.985184726672197
    endloop
  endfacet
  facet normal 0.07552355124420035 0.12600343289866908 0.9891508116082276
    outer loop
      vertex 2.8878635938927744 4.321993296411804 5.985184726672197
      vertex 2.9417945640623486 4.402706697153711 5.970785280403231
      vertex 2.4503283179169557 4.584241848503865 5.985184726672197
    endloop
  endfacet
  facet normal 0.12505851708824856 0.20864753056148236 0.9699621514751406
    outer loop
      vertex 2.9417945640623486 4.402706697153711 5.970785280403231
      vertex 2.994681714184253 4.4818579107971175 5.946940335732209
      vertex 2.540962607420937 4.753806677761819 5.946940335732209
    endloop
  endfacet
  facet normal 0.12505851708824217 0.20864753056147523 0.9699621514751429
    outer loop
      vertex 2.9417945640623486 4.402706697153711 5.970785280403231
      vertex 2.540962607420937 4.753806677761819 5.946940335732209
      vertex 2.4960882989973356 4.6698527516312005 5.970785280403231
    endloop
  endfacet
  facet normal 0.17338112777824566 0.28926893584839913 0.9414151407766281
    outer loop
      vertex 3.046015712091787 4.55868466788619 5.913879532511287
      vertex 2.5845190790668653 4.8352951046931985 5.913879532511287
      vertex 2.540962607420937 4.753806677761819 5.946940335732209
    endloop
  endfacet
  facet normal 0.22002380320031936 0.3670875384688717 0.9037899452450949
    outer loop
      vertex 2.5845190790668653 4.8352951046931985 5.913879532511287
      vertex 3.0953021833230707 4.632447084752378 5.871921264348355
      vertex 2.62633824130279 4.913533254327884 5.871921264348355
    endloop
  endfacet
  facet normal 0.1733811277782404 0.2892689358483847 0.9414151407766334
    outer loop
      vertex 3.046015712091787 4.55868466788619 5.913879532511287
      vertex 2.540962607420937 4.753806677761819 5.946940335732209
      vertex 2.994681714184253 4.4818579107971175 5.946940335732209
    endloop
  endfacet
  facet normal 0.2200238032003238 0.3670875384688841 0.9037899452450888
    outer loop
      vertex 3.046015712091787 4.55868466788619 5.913879532511287
      vertex 3.0953021833230707 4.632447084752378 5.871921264348355
      vertex 2.5845190790668653 4.8352951046931985 5.913879532511287
    endloop
  endfacet
  facet normal 0.2645360210078858 0.4413516872977749 0.8574551776674524
    outer loop
      vertex 2.62633824130279 4.913533254327884 5.871921264348355
      vertex 3.0953021833230707 4.632447084752378 5.871921264348355
      vertex 3.1420664722174365 4.702434788998623 5.821469612302545
    endloop
  endfacet
  facet normal 0.2645360210079023 0.44135168729782204 0.8574551776674232
    outer loop
      vertex 2.62633824130279 4.913533254327884 5.871921264348355
      vertex 3.1420664722174365 4.702434788998623 5.821469612302545
      vertex 2.666017352735679 4.987767650515568 5.821469612302545
    endloop
  endfacet
  facet normal 0.306488769308561 0.5113456192346882 0.8028638066180445
    outer loop
      vertex 2.666017352735679 4.987767650515568 5.821469612302545
      vertex 3.185858213108844 4.767973760773867 5.763010453362737
      vertex 2.70317428183165 5.057283375440317 5.763010453362737
    endloop
  endfacet
  facet normal 0.34547870622699867 0.5763963990151632 0.7405482123036095
    outer loop
      vertex 2.737451187051448 5.121410954669948 5.697106781186548
      vertex 2.70317428183165 5.057283375440317 5.763010453362737
      vertex 3.185858213108844 4.767973760773867 5.763010453362737
    endloop
  endfacet
  facet normal 0.3064887693085612 0.5113456192346888 0.8028638066180442
    outer loop
      vertex 2.666017352735679 4.987767650515568 5.821469612302545
      vertex 3.1420664722174365 4.702434788998623 5.821469612302545
      vertex 3.185858213108844 4.767973760773867 5.763010453362737
    endloop
  endfacet
  facet normal 0.3454787062269887 0.5763963990151528 0.7405482123036223
    outer loop
      vertex 2.737451187051448 5.121410954669948 5.697106781186548
      vertex 3.185858213108844 4.767973760773867 5.763010453362737
      vertex 3.2262556675935343 4.82843282395266 5.697106781186548
    endloop
  endfacet
  facet normal 0.3811319840912327 0.6358802994802965 0.6711144875768431
    outer loop
      vertex 2.737451187051448 5.121410954669948 5.697106781186548
      vertex 3.262869786101305 4.883229724706311 5.624393284163646
      vertex 2.7685179630601624 5.179532804560772 5.624393284163646
    endloop
  endfacet
  facet normal 0.20089956413614074 0.27088170452509375 0.9414151407766334
    outer loop
      vertex 3.046015712091787 4.55868466788619 5.913879532511287
      vertex 2.994681714184253 4.4818579107971175 5.946940335732209
      vertex 3.4195603989804226 4.166746402118687 5.946940335732209
    endloop
  endfacet
  facet normal 0.2549451992206324 0.3437538076417944 0.9037899452450885
    outer loop
      vertex 3.046015712091787 4.55868466788619 5.913879532511287
      vertex 3.5344566732536578 4.306747917397537 5.871921264348355
      vertex 3.0953021833230707 4.632447084752378 5.871921264348355
    endloop
  endfacet
  facet normal 0.3065222380302365 0.4132973939963915 0.8574551776674548
    outer loop
      vertex 3.5344566732536578 4.306747917397537 5.871921264348355
      vertex 3.1420664722174365 4.702434788998623 5.821469612302545
      vertex 3.0953021833230707 4.632447084752378 5.871921264348355
    endloop
  endfacet
  facet normal 0.3065222380302455 0.4132973939963996 0.8574551776674478
    outer loop
      vertex 3.58785577394346 4.371814909851281 5.821469612302545
      vertex 3.1420664722174365 4.702434788998623 5.821469612302545
      vertex 3.5344566732536578 4.306747917397537 5.871921264348355
    endloop
  endfacet
  facet normal 0.355133577429902 0.47884219760235414 0.8028638066180265
    outer loop
      vertex 3.58785577394346 4.371814909851281 5.821469612302545
      vertex 3.6378605882265163 4.432745952351574 5.763010453362737
      vertex 3.185858213108844 4.767973760773867 5.763010453362737
    endloop
  endfacet
  facet normal 0.3551335774298853 0.47884219760233965 0.8028638066180425
    outer loop
      vertex 3.58785577394346 4.371814909851281 5.821469612302545
      vertex 3.185858213108844 4.767973760773867 5.763010453362737
      vertex 3.1420664722174365 4.702434788998623 5.821469612302545
    endloop
  endfacet
  facet normal 0.4003118585553149 0.5397580579795868 0.7405482123036248
    outer loop
      vertex 3.6839895424058966 4.488954245650838 5.697106781186548
      vertex 3.2262556675935343 4.82843282395266 5.697106781186548
      vertex 3.185858213108844 4.767973760773867 5.763010453362737
    endloop
  endfacet
  facet normal 0.44162389796086654 0.5954608948657829 0.6711144875768152
    outer loop
      vertex 3.6839895424058966 4.488954245650838 5.697106781186548
      vertex 3.262869786101305 4.883229724706311 5.624393284163646
      vertex 3.2262556675935343 4.82843282395266 5.697106781186548
    endloop
  endfacet
  facet normal 0.38113198409123994 0.6358802994803203 0.6711144875768165
    outer loop
      vertex 2.737451187051448 5.121410954669948 5.697106781186548
      vertex 3.2262556675935343 4.82843282395266 5.697106781186548
      vertex 3.262869786101305 4.883229724706311 5.624393284163646
    endloop
  endfacet
  facet normal 0.4131077068681272 0.6892285699592271 0.595236088353282
    outer loop
      vertex 2.796075419821989 5.231089179925707 5.545570233019602
      vertex 2.7685179630601624 5.179532804560772 5.624393284163646
      vertex 3.262869786101305 4.883229724706311 5.624393284163646
    endloop
  endfacet
  facet normal 0.4411010001204008 0.73593255818298 0.5136469385667912
    outer loop
      vertex 2.8198581639638576 5.275583564686411 5.461396736825998
      vertex 2.796075419821989 5.231089179925707 5.545570233019602
      vertex 3.2953479546556252 4.931836738925526 5.545570233019602
    endloop
  endfacet
  facet normal 0.46484568246023145 0.7755481673356003 0.42713409093687843
    outer loop
      vertex 2.839637154658732 5.312587453594531 5.37268343236509
      vertex 2.8198581639638576 5.275583564686411 5.461396736825998
      vertex 3.3466881555593204 5.008672779454397 5.37268343236509
    endloop
  endfacet
  facet normal 0.4841165356413815 0.8076996434739486 0.3365300370704574
    outer loop
      vertex 2.839637154658732 5.312587453594531 5.37268343236509
      vertex 3.3466881555593204 5.008672779454397 5.37268343236509
      vertex 2.8552219094139275 5.341744478971499 5.280284677254462
    endloop
  endfacet
  facet normal 0.47867469380660443 0.6454181099342186 0.5952360883532638
    outer loop
      vertex 3.725798389436193 4.539898473158022 5.624393284163646
      vertex 3.2953479546556252 4.931836738925526 5.545570233019602
      vertex 3.262869786101305 4.883229724706311 5.624393284163646
    endloop
  endfacet
  facet normal 0.41310770686813764 0.6892285699592371 0.5952360883532635
    outer loop
      vertex 2.796075419821989 5.231089179925707 5.545570233019602
      vertex 3.262869786101305 4.883229724706311 5.624393284163646
      vertex 3.2953479546556252 4.931836738925526 5.545570233019602
    endloop
  endfacet
  facet normal 0.44110100012041537 0.7359325581829924 0.5136469385667607
    outer loop
      vertex 2.8198581639638576 5.275583564686411 5.461396736825998
      vertex 3.2953479546556252 4.931836738925526 5.545570233019602
      vertex 3.3233773907389264 4.973785754492077 5.461396736825998
    endloop
  endfacet
  facet normal 0.4648456824602253 0.7755481673355641 0.4271340909369506
    outer loop
      vertex 2.8198581639638576 5.275583564686411 5.461396736825998
      vertex 3.3233773907389264 4.973785754492077 5.461396736825998
      vertex 3.3466881555593204 5.008672779454397 5.37268343236509
    endloop
  endfacet
  facet normal 0.5111109830682002 0.6891533831361931 0.5136469385667527
    outer loop
      vertex 3.2953479546556252 4.931836738925526 5.545570233019602
      vertex 3.7628844872654668 4.585088014113289 5.545570233019602
      vertex 3.3233773907389264 4.973785754492077 5.461396736825998
    endloop
  endfacet
  facet normal 0.4841165356414262 0.8076996434739775 0.3365300370703237
    outer loop
      vertex 2.8552219094139275 5.341744478971499 5.280284677254462
      vertex 3.3466881555593204 5.008672779454397 5.37268343236509
      vertex 3.3650557537085604 5.036161832690908 5.280284677254462
    endloop
  endfacet
  facet normal 0.4987311766382043 0.8320826989028897 0.24270474992376062
    outer loop
      vertex 2.8552219094139275 5.341744478971499 5.280284677254462
      vertex 3.3650557537085604 5.036161832690908 5.280284677254462
      vertex 3.378303295175783 5.0559881795919 5.185090322016128
    endloop
  endfacet
  facet normal 0.5386243369939953 0.7262508464416655 0.4271340909369604
    outer loop
      vertex 3.3466881555593204 5.008672779454397 5.37268343236509
      vertex 3.3233773907389264 4.973785754492077 5.461396736825998
      vertex 3.8215087200360074 4.656521848429062 5.37268343236509
    endloop
  endfacet
  facet normal 0.17334959274369743 0.48447965590612013 0.8574551776674287
    outer loop
      vertex 1.6172911036061066 5.3314942638356015 5.871921264348355
      vertex 2.164293028753775 5.225065582966899 5.821469612302545
      vertex 1.6417253797820308 5.412043277542864 5.821469612302545
    endloop
  endfacet
  facet normal 0.2008410920286991 0.5613132492427576 0.80286380661807
    outer loop
      vertex 2.164293028753775 5.225065582966899 5.821469612302545
      vertex 1.664606503743613 5.487472234568081 5.763010453362737
      vertex 1.6417253797820308 5.412043277542864 5.821469612302545
    endloop
  endfacet
  facet normal 0.2263910706674044 0.6327206558790321 0.7405482123036107
    outer loop
      vertex 2.194457304515055 5.29788858660897 5.763010453362737
      vertex 1.6857141177589483 5.55705471282144 5.697106781186548
      vertex 1.664606503743613 5.487472234568081 5.763010453362737
    endloop
  endfacet
  facet normal 0.2497545474982582 0.6980171993357007 0.6711144875768104
    outer loop
      vertex 1.704844943966492 5.620120594999708 5.624393284163646
      vertex 1.6857141177589483 5.55705471282144 5.697106781186548
      vertex 2.22228355513505 5.365067098245753 5.697106781186548
    endloop
  endfacet
  facet normal 0.20084109202872855 0.5613132492428047 0.8028638066180296
    outer loop
      vertex 2.194457304515055 5.29788858660897 5.763010453362737
      vertex 1.664606503743613 5.487472234568081 5.763010453362737
      vertex 2.164293028753775 5.225065582966899 5.821469612302545
    endloop
  endfacet
  facet normal 0.22639107066739306 0.6327206558790145 0.7405482123036293
    outer loop
      vertex 2.194457304515055 5.29788858660897 5.763010453362737
      vertex 2.22228355513505 5.365067098245753 5.697106781186548
      vertex 1.6857141177589483 5.55705471282144 5.697106781186548
    endloop
  endfacet
  facet normal 0.24975454749825715 0.6980171993356992 0.6711144875768126
    outer loop
      vertex 1.704844943966492 5.620120594999708 5.624393284163646
      vertex 2.22228355513505 5.365067098245753 5.697106781186548
      vertex 2.2475037986089035 5.425954152086664 5.624393284163646
    endloop
  endfacet
  facet normal 0.2873184050998612 0.6074837276378443 0.7405482123036294
    outer loop
      vertex 2.194457304515055 5.29788858660897 5.763010453362737
      vertex 2.737451187051448 5.121410954669948 5.697106781186548
      vertex 2.22228355513505 5.365067098245753 5.697106781186548
    endloop
  endfacet
  facet normal 0.3169695608669204 0.6701758292033063 0.671114487576816
    outer loop
      vertex 2.2475037986089035 5.425954152086664 5.624393284163646
      vertex 2.22228355513505 5.365067098245753 5.697106781186548
      vertex 2.7685179630601624 5.179532804560772 5.624393284163646
    endloop
  endfacet
  facet normal 0.27070813446135134 0.7565785518096441 0.5952360883532488
    outer loop
      vertex 1.7218147420518903 5.6760625221821925 5.545570233019602
      vertex 1.704844943966492 5.620120594999708 5.624393284163646
      vertex 2.2475037986089035 5.425954152086664 5.624393284163646
    endloop
  endfacet
  facet normal 0.28905204833116765 0.8078463565904821 0.5136469385667941
    outer loop
      vertex 1.7218147420518903 5.6760625221821925 5.545570233019602
      vertex 2.2698751502051664 5.479963372518977 5.545570233019602
      vertex 1.736460083582955 5.724341743029154 5.461396736825998
    endloop
  endfacet
  facet normal 0.270708134461344 0.7565785518096337 0.5952360883532652
    outer loop
      vertex 1.7218147420518903 5.6760625221821925 5.545570233019602
      vertex 2.2475037986089035 5.425954152086664 5.624393284163646
      vertex 2.2698751502051664 5.479963372518977 5.545570233019602
    endloop
  endfacet
  facet normal 0.2890520483311671 0.8078463565904814 0.5136469385667956
    outer loop
      vertex 1.736460083582955 5.724341743029154 5.461396736825998
      vertex 2.2698751502051664 5.479963372518977 5.545570233019602
      vertex 2.2891821615785375 5.526574621225482 5.461396736825998
    endloop
  endfacet
  facet normal 0.3046118613114718 0.8513331206454 0.4271340909369392
    outer loop
      vertex 2.3052388956552363 5.565339006400837 5.37268343236509
      vertex 1.736460083582955 5.724341743029154 5.461396736825998
      vertex 2.2891821615785375 5.526574621225482 5.461396736825998
    endloop
  endfacet
  facet normal 0.3046118613114717 0.8513331206454048 0.42713409093693017
    outer loop
      vertex 1.7486399259148016 5.764493302251733 5.37268343236509
      vertex 1.736460083582955 5.724341743029154 5.461396736825998
      vertex 2.3052388956552363 5.565339006400837 5.37268343236509
    endloop
  endfacet
  facet normal 0.31723998861925795 0.8866263721378101 0.33653003707039064
    outer loop
      vertex 1.7582369705075678 5.796130518385539 5.280284677254462
      vertex 2.3052388956552363 5.565339006400837 5.37268343236509
      vertex 2.3178907173085577 5.595883205825029 5.280284677254462
    endloop
  endfacet
  facet normal 0.3268169152519217 0.9133920890119822 0.2427047499237405
    outer loop
      vertex 1.7582369705075678 5.796130518385539 5.280284677254462
      vertex 2.3178907173085577 5.595883205825029 5.280284677254462
      vertex 2.327015782579821 5.617913062160451 5.185090322016128
    endloop
  endfacet
  facet normal 0.3172399886192405 0.8866263721377933 0.33653003707045154
    outer loop
      vertex 1.7582369705075678 5.796130518385539 5.280284677254462
      vertex 1.7486399259148016 5.764493302251733 5.37268343236509
      vertex 2.3052388956552363 5.565339006400837 5.37268343236509
    endloop
  endfacet
  facet normal 0.34356226688491065 0.7264013820848668 0.5952360883532657
    outer loop
      vertex 2.2698751502051664 5.479963372518977 5.545570233019602
      vertex 2.2475037986089035 5.425954152086664 5.624393284163646
      vertex 2.796075419821989 5.231089179925707 5.545570233019602
    endloop
  endfacet
  facet normal 0.3435622668849093 0.7264013820848587 0.5952360883532765
    outer loop
      vertex 2.2475037986089035 5.425954152086664 5.624393284163646
      vertex 2.7685179630601624 5.179532804560772 5.624393284163646
      vertex 2.796075419821989 5.231089179925707 5.545570233019602
    endloop
  endfacet
  facet normal 0.36684297341114336 0.7756243003928097 0.5136469385667899
    outer loop
      vertex 2.2698751502051664 5.479963372518977 5.545570233019602
      vertex 2.796075419821989 5.231089179925707 5.545570233019602
      vertex 2.2891821615785375 5.526574621225482 5.461396736825998
    endloop
  endfacet
  facet normal 0.3865903098938634 0.8173765354202636 0.4271340909369485
    outer loop
      vertex 2.3052388956552363 5.565339006400837 5.37268343236509
      vertex 2.2891821615785375 5.526574621225482 5.461396736825998
      vertex 2.8198581639638576 5.275583564686411 5.461396736825998
    endloop
  endfacet
  facet normal 0.4026169729012688 0.8512620673336881 0.33653003707038426
    outer loop
      vertex 2.839637154658732 5.312587453594531 5.37268343236509
      vertex 2.3178907173085577 5.595883205825029 5.280284677254462
      vertex 2.3052388956552363 5.565339006400837 5.37268343236509
    endloop
  endfacet
  facet normal 0.41477128304142086 0.8769601970036199 0.24270474992374078
    outer loop
      vertex 2.327015782579821 5.617913062160451 5.185090322016128
      vertex 2.3178907173085577 5.595883205825029 5.280284677254462
      vertex 2.8552219094139275 5.341744478971499 5.280284677254462
    endloop
  endfacet
  facet normal 0.3668429734111411 0.7756243003928073 0.5136469385667952
    outer loop
      vertex 2.8198581639638576 5.275583564686411 5.461396736825998
      vertex 2.2891821615785375 5.526574621225482 5.461396736825998
      vertex 2.796075419821989 5.231089179925707 5.545570233019602
    endloop
  endfacet
  facet normal 0.3865903098938886 0.8173765354202873 0.42713409093688
    outer loop
      vertex 2.839637154658732 5.312587453594531 5.37268343236509
      vertex 2.3052388956552363 5.565339006400837 5.37268343236509
      vertex 2.8198581639638576 5.275583564686411 5.461396736825998
    endloop
  endfacet
  facet normal 0.40261697290124776 0.8512620673336714 0.3365300370704519
    outer loop
      vertex 2.839637154658732 5.312587453594531 5.37268343236509
      vertex 2.8552219094139275 5.341744478971499 5.280284677254462
      vertex 2.3178907173085577 5.595883205825029 5.280284677254462
    endloop
  endfacet
  facet normal 0.5085515390773342 0.8484669837948923 0.14655752970104463
    outer loop
      vertex 2.866462338521643 5.362773842724081 5.185090322016128
      vertex 3.378303295175783 5.0559881795919 5.185090322016128
      vertex 3.3863031988947796 5.067960881598527 5.08801714032956
    endloop
  endfacet
  facet normal 0.5134849731877885 0.856697921345599 0.04900871220983084
    outer loop
      vertex 2.875520094638574 5.379719712524967 4.99
      vertex 3.3863031988947796 5.067960881598527 5.08801714032956
      vertex 3.38897842141958 5.071964635045525 4.99
    endloop
  endfacet
  facet normal 0.32681691525191586 0.9133920890120049 0.24270474992366287
    outer loop
      vertex 1.7651587925755337 5.818948707744539 5.185090322016128
      vertex 1.7582369705075678 5.796130518385539 5.280284677254462
      vertex 2.327015782579821 5.617913062160451 5.185090322016128
    endloop
  endfacet
  facet normal 0.3332521667648523 0.9313774121345479 0.14655752970108252
    outer loop
      vertex 1.7693387311883555 5.832728118691524 5.08801714032956
      vertex 1.7651587925755337 5.818948707744539 5.185090322016128
      vertex 2.332526212102181 5.631216415847845 5.08801714032956
    endloop
  endfacet
  facet normal 0.33648503006497815 0.9404126597774555 0.049008712209796385
    outer loop
      vertex 1.7707365312522256 5.837336047966474 4.99
      vertex 1.7693387311883555 5.832728118691524 5.08801714032956
      vertex 2.332526212102181 5.631216415847845 5.08801714032956
    endloop
  endfacet
  facet normal 0.3332521667648521 0.9313774121345482 0.14655752970108102
    outer loop
      vertex 1.7651587925755337 5.818948707744539 5.185090322016128
      vertex 2.327015782579821 5.617913062160451 5.185090322016128
      vertex 2.332526212102181 5.631216415847845 5.08801714032956
    endloop
  endfacet
  facet normal 0.3364850300649779 0.9404126597774554 0.04900871220979773
    outer loop
      vertex 1.7707365312522256 5.837336047966474 4.99
      vertex 2.332526212102181 5.631216415847845 5.08801714032956
      vertex 2.334368937427058 5.63566514831885 4.99
    endloop
  endfacet
  facet normal 0.4229384169997723 0.8942281509288582 0.14655752970107663
    outer loop
      vertex 2.332526212102181 5.631216415847845 5.08801714032956
      vertex 2.327015782579821 5.617913062160451 5.185090322016128
      vertex 2.8732501905049332 5.375473020583527 5.08801714032956
    endloop
  endfacet
  facet normal 0.4270413223156207 0.9029030153690161 0.04900871220981404
    outer loop
      vertex 2.334368937427058 5.63566514831885 4.99
      vertex 2.332526212102181 5.631216415847845 5.08801714032956
      vertex 2.875520094638574 5.379719712524967 4.99
    endloop
  endfacet
  facet normal 0.41477128304142863 0.8769601970036246 0.24270474992371086
    outer loop
      vertex 2.327015782579821 5.617913062160451 5.185090322016128
      vertex 2.8552219094139275 5.341744478971499 5.280284677254462
      vertex 2.866462338521643 5.362773842724081 5.185090322016128
    endloop
  endfacet
  facet normal 0.42293841699977525 0.8942281509288514 0.14655752970111
    outer loop
      vertex 2.8732501905049332 5.375473020583527 5.08801714032956
      vertex 2.327015782579821 5.617913062160451 5.185090322016128
      vertex 2.866462338521643 5.362773842724081 5.185090322016128
    endloop
  endfacet
  facet normal 0.42704132231560554 0.9029030153690297 0.049008712209695146
    outer loop
      vertex 2.332526212102181 5.631216415847845 5.08801714032956
      vertex 2.8732501905049332 5.375473020583527 5.08801714032956
      vertex 2.875520094638574 5.379719712524967 4.99
    endloop
  endfacet
  facet normal 0.49873117663820354 0.8320826989029046 0.2427047499237113
    outer loop
      vertex 2.8552219094139275 5.341744478971499 5.280284677254462
      vertex 3.378303295175783 5.0559881795919 5.185090322016128
      vertex 2.866462338521643 5.362773842724081 5.185090322016128
    endloop
  endfacet
  facet normal 0.5085515390773384 0.8484669837948791 0.14655752970110705
    outer loop
      vertex 2.8732501905049332 5.375473020583527 5.08801714032956
      vertex 2.866462338521643 5.362773842724081 5.185090322016128
      vertex 3.3863031988947796 5.067960881598527 5.08801714032956
    endloop
  endfacet
  facet normal 0.5134849731878127 0.8566979213455929 0.04900871220968558
    outer loop
      vertex 2.875520094638574 5.379719712524967 4.99
      vertex 2.8732501905049332 5.375473020583527 5.08801714032956
      vertex 3.3863031988947796 5.067960881598527 5.08801714032956
    endloop
  endfacet
  facet normal 0.049067674327418986 0.9987954562051723 -4.942103347745233e-19
    outer loop
      vertex 0 6.100000000000001 4.99
      vertex 0.5979045560103202 6.070626832700402 4.99
      vertex 0.5979045560103202 6.070626832700402 1.5
    endloop
  endfacet
  facet normal 0.14673047445536275 0.9891765099647807 5.680405359809041e-19
    outer loop
      vertex 0.5979045560103202 6.070626832700402 4.99
      vertex 1.1900509642983934 5.982790210459704 4.99
      vertex 1.1900509642983934 5.982790210459704 1.5
    endloop
  endfacet
  facet normal 0.24298017990326418 0.970031253194544 -2.0068110458973226e-18
    outer loop
      vertex 1.1900509642983934 5.982790210459704 4.99
      vertex 1.7707365312522256 5.837336047966474 4.99
      vertex 1.7707365312522256 5.837336047966474 1.5
    endloop
  endfacet
  facet normal 0.514102744193211 0.8577286100002784 -5.526684207786585e-18
    outer loop
      vertex 2.875520094638574 5.379719712524967 4.99
      vertex 3.38897842141958 5.071964635045525 4.99
      vertex 3.38897842141958 5.071964635045525 1.5
    endloop
  endfacet
  facet normal 0.3368898533922159 0.9415440651830222 6.666173677647891e-19
    outer loop
      vertex 1.7707365312522256 5.837336047966474 4.99
      vertex 2.334368937427058 5.63566514831885 4.99
      vertex 2.334368937427058 5.63566514831885 1.5
    endloop
  endfacet
  facet normal 0.427555093430296 0.9039892931234368 -1.6300215046338848e-18
    outer loop
      vertex 2.334368937427058 5.63566514831885 4.99
      vertex 2.875520094638574 5.379719712524967 4.99
      vertex 2.875520094638574 5.379719712524967 1.5
    endloop
  endfacet
  facet normal 0 0 1
    outer loop
      vertex 4.49779844817661 -2.404123357812587 5.99
      vertex 5.002004930056472 0.9949606422822548 5.99
      vertex 4.711785615807571 1.9516855050619561 5.99
    endloop
  endfacet
  facet normal 0 0 1
    outer loop
      vertex 5.002004930056472 -0.9949606422822548 5.99
      vertex 5.099999999999994 0 5.99
      vertex 5.002004930056472 0.9949606422822548 5.99
    endloop
  endfacet
  facet normal 0.04906753176915497 0.0024105332617831592 0.9987925543652579
    outer loop
      vertex 5.099999999999994 0 5.99
      vertex 5.1980171403295685 0 5.985184726672197
      vertex 5.172987267036262 0.5094947754791441 5.985184726672197
    endloop
  endfacet
  facet normal 0.1467266624642664 0.007208218704061298 0.9891508116082257
    outer loop
      vertex 5.1980171403295685 0 5.985184726672197
      vertex 5.2950903220161365 0 5.970785280403231
      vertex 5.172987267036262 0.5094947754791441 5.985184726672197
    endloop
  endfacet
  facet normal 0.049067531769158255 0.0024105332617826896 0.9987925543652578
    outer loop
      vertex 5.099999999999994 0 5.99
      vertex 5.172987267036262 0.5094947754791441 5.985184726672197
      vertex 5.075442106028191 0.4998874156807602 5.99
    endloop
  endfacet
  facet normal 0.14672666246427726 0.007208218704063939 0.9891508116082242
    outer loop
      vertex 5.2950903220161365 0 5.970785280403231
      vertex 5.269593014820202 0.5190096111507536 5.970785280403231
      vertex 5.172987267036262 0.5094947754791441 5.985184726672197
    endloop
  endfacet
  facet normal 0 0 1
    outer loop
      vertex 5.099999999999994 0 5.99
      vertex 5.075442106028191 0.4998874156807602 5.99
      vertex 5.002004930056472 0.9949606422822548 5.99
    endloop
  endfacet
  facet normal 0.04859498461518017 0.007208385032302611 0.9987925543652579
    outer loop
      vertex 5.075442106028191 0.4998874156807602 5.99
      vertex 5.172987267036262 0.5094947754791441 5.985184726672197
      vertex 5.002004930056472 0.9949606422822548 5.99
    endloop
  endfacet
  facet normal 0.04859498461517674 0.007208385032301403 0.9987925543652579
    outer loop
      vertex 5.172987267036262 0.5094947754791441 5.985184726672197
      vertex 5.098138698518937 1.0140828377522482 5.985184726672197
      vertex 5.002004930056472 0.9949606422822548 5.99
    endloop
  endfacet
  facet normal 0.14531360449579456 0.021555237025635627 0.9891508116082242
    outer loop
      vertex 5.172987267036262 0.5094947754791441 5.985184726672197
      vertex 5.269593014820202 0.5190096111507536 5.970785280403231
      vertex 5.098138698518937 1.0140828377522482 5.985184726672197
    endloop
  endfacet
  facet normal 0.14531360449581832 0.021555237025643954 0.9891508116082204
    outer loop
      vertex 5.269593014820202 0.5190096111507536 5.970785280403231
      vertex 5.193346646239007 1.0330208760266117 5.970785280403231
      vertex 5.098138698518937 1.0140828377522482 5.985184726672197
    endloop
  endfacet
  facet normal 0.24062300556054747 0.03569305115426892 0.969962151475153
    outer loop
      vertex 5.269593014820202 0.5190096111507536 5.970785280403231
      vertex 5.2867118686342565 1.0515923734441763 5.946940335732209
      vertex 5.193346646239007 1.0330208760266117 5.970785280403231
    endloop
  endfacet
  facet normal 0.047654441194633614 0.01193681611445787 0.998792554365258
    outer loop
      vertex 4.880395712234275 1.4804518539977565 5.99
      vertex 5.002004930056472 0.9949606422822548 5.99
      vertex 5.098138698518937 1.0140828377522482 5.985184726672197
    endloop
  endfacet
  facet normal 0.1425010970795431 0.03569466663137692 0.9891508116082206
    outer loop
      vertex 5.098138698518937 1.0140828377522482 5.985184726672197
      vertex 5.193346646239007 1.0330208760266117 5.970785280403231
      vertex 5.067085510482485 1.537083585159678 5.970785280403231
    endloop
  endfacet
  facet normal 0.2359658092160396 0.05910635825960075 0.9699621514751529
    outer loop
      vertex 5.193346646239007 1.0330208760266117 5.970785280403231
      vertex 5.2867118686342565 1.0515923734441763 5.946940335732209
      vertex 5.067085510482485 1.537083585159678 5.970785280403231
    endloop
  endfacet
  facet normal 0 0 1
    outer loop
      vertex 4.880395712234275 1.4804518539977565 5.99
      vertex 4.711785615807571 1.9516855050619561 5.99
      vertex 5.002004930056472 0.9949606422822548 5.99
    endloop
  endfacet
  facet normal 0.04765444119464735 0.01193681611446429 0.9987925543652573
    outer loop
      vertex 4.880395712234275 1.4804518539977565 5.99
      vertex 5.098138698518937 1.0140828377522482 5.985184726672197
      vertex 4.974192267408739 1.5089047279437295 5.985184726672197
    endloop
  endfacet
  facet normal 0.046254959454832725 0.016550289132108462 0.9987925543652573
    outer loop
      vertex 4.880395712234275 1.4804518539977565 5.99
      vertex 4.974192267408739 1.5089047279437295 5.985184726672197
      vertex 4.802341645593344 1.9891950407538843 5.985184726672197
    endloop
  endfacet
  facet normal 0.13831622619932613 0.0494903370847467 0.9891508116082273
    outer loop
      vertex 4.974192267408739 1.5089047279437295 5.985184726672197
      vertex 5.067085510482485 1.537083585159678 5.970785280403231
      vertex 4.802341645593344 1.9891950407538843 5.985184726672197
    endloop
  endfacet
  facet normal 0.142501097079496 0.03569466663137431 0.9891508116082275
    outer loop
      vertex 5.098138698518937 1.0140828377522482 5.985184726672197
      vertex 5.067085510482485 1.537083585159678 5.970785280403231
      vertex 4.974192267408739 1.5089047279437295 5.985184726672197
    endloop
  endfacet
  facet normal 0.23596580921607738 0.05910635825961834 0.9699621514751425
    outer loop
      vertex 5.2867118686342565 1.0515923734441763 5.946940335732209
      vertex 5.158180828744065 1.5647170478464858 5.946940335732209
      vertex 5.067085510482485 1.537083585159678 5.970785280403231
    endloop
  endfacet
  facet normal 0.2290361331367824 0.08195043882409998 0.9699621514751425
    outer loop
      vertex 5.067085510482485 1.537083585159678 5.970785280403231
      vertex 5.158180828744065 1.5647170478464858 5.946940335732209
      vertex 4.979973687724595 2.0627726417166876 5.946940335732209
    endloop
  endfacet
  facet normal 0.31753569440776747 0.11361608818068535 0.9414151407766371
    outer loop
      vertex 5.246600924480873 1.591538990652488 5.913879532511287
      vertex 4.979973687724595 2.0627726417166876 5.946940335732209
      vertex 5.158180828744065 1.5647170478464858 5.946940335732209
    endloop
  endfacet
  facet normal 0.036400488865737886 0.032991480034375034 0.9987925543652579
    outer loop
      vertex 3.6755531686509357 3.6755531686509393 5.985184726672197
      vertex 3.9423533121499474 3.235405749234591 5.99
      vertex 4.018121586233434 3.297587164792592 5.985184726672197
    endloop
  endfacet
  facet normal 0.10884839833527984 0.09865443768345086 0.989150811608223
    outer loop
      vertex 3.6755531686509357 3.6755531686509393 5.985184726672197
      vertex 4.018121586233434 3.297587164792592 5.985184726672197
      vertex 4.093160170418315 3.3591697393269477 5.970785280403231
    endloop
  endfacet
  facet normal 0 0 1
    outer loop
      vertex 4.711785615807571 1.9516855050619561 5.99
      vertex 3.9423533121499474 3.235405749234591 5.99
      vertex 3.6062445840513817 3.6062445840513924 5.99
    endloop
  endfacet
  facet normal 0 0 1
    outer loop
      vertex 4.49779844817661 2.404123357812587 5.99
      vertex 4.2404950227429765 2.8334081883999716 5.99
      vertex 3.9423533121499474 3.235405749234591 5.99
    endloop
  endfacet
  facet normal 0.03945894109080179 0.02926474521530753 0.9987925543652575
    outer loop
      vertex 4.2404950227429765 2.8334081883999716 5.99
      vertex 4.32199329641179 2.8878635938927815 5.985184726672197
      vertex 4.018121586233434 3.297587164792592 5.985184726672197
    endloop
  endfacet
  facet normal 0.11799408940852167 0.08751038086669645 0.9891508116082296
    outer loop
      vertex 4.32199329641179 2.8878635938927815 5.985184726672197
      vertex 4.402706697153718 2.9417945640623415 5.970785280403231
      vertex 4.018121586233434 3.297587164792592 5.985184726672197
    endloop
  endfacet
  facet normal 0.03945894109079249 0.029264745215303086 0.998792554365258
    outer loop
      vertex 4.2404950227429765 2.8334081883999716 5.99
      vertex 4.018121586233434 3.297587164792592 5.985184726672197
      vertex 3.9423533121499474 3.235405749234591 5.99
    endloop
  endfacet
  facet normal 0.11799408940855331 0.08751038086673096 0.9891508116082228
    outer loop
      vertex 4.402706697153718 2.9417945640623415 5.970785280403231
      vertex 4.093160170418315 3.3591697393269477 5.970785280403231
      vertex 4.018121586233434 3.297587164792592 5.985184726672197
    endloop
  endfacet
  facet normal 0.19538495745377302 0.1449073604289391 0.9699621514751516
    outer loop
      vertex 4.402706697153718 2.9417945640623415 5.970785280403231
      vertex 4.16674640211869 3.4195603989804333 5.946940335732209
      vertex 4.093160170418315 3.3591697393269477 5.970785280403231
    endloop
  endfacet
  facet normal 0.19538495745381765 0.14490736042896055 0.9699621514751394
    outer loop
      vertex 4.402706697153718 2.9417945640623415 5.970785280403231
      vertex 4.4818579107971175 2.994681714184253 5.946940335732209
      vertex 4.16674640211869 3.4195603989804333 5.946940335732209
    endloop
  endfacet
  facet normal 0.2708817045251397 0.20089956413616758 0.9414151407766145
    outer loop
      vertex 4.4818579107971175 2.994681714184253 5.946940335732209
      vertex 4.238171605696891 3.4781775486876967 5.913879532511287
      vertex 4.16674640211869 3.4195603989804333 5.946940335732209
    endloop
  endfacet
  facet normal 0.34375380764177343 0.25494519922061887 0.9037899452451005
    outer loop
      vertex 4.558684667886183 3.0460157120917835 5.913879532511287
      vertex 4.30674791739753 3.5344566732536613 5.871921264348355
      vertex 4.238171605696891 3.4781775486876967 5.913879532511287
    endloop
  endfacet
  facet normal 0.04625495945482217 0.01655028913210685 0.9987925543652578
    outer loop
      vertex 4.880395712234275 1.4804518539977565 5.99
      vertex 4.802341645593344 1.9891950407538843 5.985184726672197
      vertex 4.711785615807571 1.9516855050619561 5.99
    endloop
  endfacet
  facet normal 0.04441001716992381 0.021004373818104195 0.9987925543652578
    outer loop
      vertex 4.711785615807571 1.9516855050619561 5.99
      vertex 4.802341645593344 1.9891950407538843 5.985184726672197
      vertex 4.584241848503865 2.4503283179169593 5.985184726672197
    endloop
  endfacet
  facet normal 0.13279929444954758 0.0628093885378602 0.989150811608221
    outer loop
      vertex 4.802341645593344 1.9891950407538843 5.985184726672197
      vertex 4.89202557130929 2.0263433391123016 5.970785280403231
      vertex 4.584241848503865 2.4503283179169593 5.985184726672197
    endloop
  endfacet
  facet normal 0 0 1
    outer loop
      vertex 4.49779844817661 2.404123357812587 5.99
      vertex 3.9423533121499474 3.235405749234591 5.99
      vertex 4.711785615807571 1.9516855050619561 5.99
    endloop
  endfacet
  facet normal 0.042137382142697584 0.025256174902073804 0.9987925543652576
    outer loop
      vertex 4.49779844817661 2.404123357812587 5.99
      vertex 4.584241848503865 2.4503283179169593 5.985184726672197
      vertex 4.2404950227429765 2.8334081883999716 5.99
    endloop
  endfacet
  facet normal 0.044410017169926715 0.021004373818104938 0.9987925543652577
    outer loop
      vertex 4.49779844817661 2.404123357812587 5.99
      vertex 4.711785615807571 1.9516855050619561 5.99
      vertex 4.584241848503865 2.4503283179169593 5.985184726672197
    endloop
  endfacet
  facet normal 0.1327992944495256 0.0628093885378441 0.9891508116082249
    outer loop
      vertex 4.89202557130929 2.0263433391123016 5.970785280403231
      vertex 4.669852751631197 2.496088298997325 5.970785280403231
      vertex 4.584241848503865 2.4503283179169593 5.985184726672197
    endloop
  endfacet
  facet normal 0.21990071389149243 0.10400529186402839 0.969962151475144
    outer loop
      vertex 4.979973687724595 2.0627726417166876 5.946940335732209
      vertex 4.7538066777618155 2.54096260742093 5.946940335732209
      vertex 4.669852751631197 2.496088298997325 5.970785280403231
    endloop
  endfacet
  facet normal 0.13831622619936457 0.049490337084769395 0.9891508116082208
    outer loop
      vertex 4.802341645593344 1.9891950407538843 5.985184726672197
      vertex 5.067085510482485 1.537083585159678 5.970785280403231
      vertex 4.89202557130929 2.0263433391123016 5.970785280403231
    endloop
  endfacet
  facet normal 0.2290361331367794 0.08195043882409953 0.9699621514751434
    outer loop
      vertex 4.89202557130929 2.0263433391123016 5.970785280403231
      vertex 5.067085510482485 1.537083585159678 5.970785280403231
      vertex 4.979973687724595 2.0627726417166876 5.946940335732209
    endloop
  endfacet
  facet normal 0.31753569440772633 0.1136160881806609 0.941415140776654
    outer loop
      vertex 5.246600924480873 1.591538990652488 5.913879532511287
      vertex 5.065339006400848 2.098132114468683 5.913879532511287
      vertex 4.979973687724595 2.0627726417166876 5.946940335732209
    endloop
  endfacet
  facet normal 0.4029585689672929 0.14418088142920565 0.9037899452450934
    outer loop
      vertex 5.246600924480873 1.591538990652488 5.913879532511287
      vertex 5.147299412653723 2.1320812263162345 5.871921264348355
      vertex 5.065339006400848 2.098132114468683 5.913879532511287
    endloop
  endfacet
  facet normal 0.40295856896734666 0.14418088142921356 0.9037899452450682
    outer loop
      vertex 5.331494263835594 1.6172911036060995 5.871921264348355
      vertex 5.147299412653723 2.1320812263162345 5.871921264348355
      vertex 5.246600924480873 1.591538990652488 5.913879532511287
    endloop
  endfacet
  facet normal 0.2199007138914949 0.1040052918640302 0.9699621514751433
    outer loop
      vertex 4.89202557130929 2.0263433391123016 5.970785280403231
      vertex 4.979973687724595 2.0627726417166876 5.946940335732209
      vertex 4.669852751631197 2.496088298997325 5.970785280403231
    endloop
  endfacet
  facet normal 0.30487034918899353 0.14419293638007719 0.9414151407766247
    outer loop
      vertex 4.979973687724595 2.0627726417166876 5.946940335732209
      vertex 4.835295104693188 2.5845190790668653 5.913879532511287
      vertex 4.7538066777618155 2.54096260742093 5.946940335732209
    endloop
  endfacet
  facet normal 0.304870349188916 0.14419293638005745 0.9414151407766528
    outer loop
      vertex 4.979973687724595 2.0627726417166876 5.946940335732209
      vertex 5.065339006400848 2.098132114468683 5.913879532511287
      vertex 4.835295104693188 2.5845190790668653 5.913879532511287
    endloop
  endfacet
  facet normal 0.3868860156299963 0.18298345767794377 0.9037899452451162
    outer loop
      vertex 5.065339006400848 2.098132114468683 5.913879532511287
      vertex 4.913533254327888 2.6263382413027863 5.871921264348355
      vertex 4.835295104693188 2.5845190790668653 5.913879532511287
    endloop
  endfacet
  facet normal 0.3868860156300437 0.18298345767795562 0.9037899452450936
    outer loop
      vertex 5.065339006400848 2.098132114468683 5.913879532511287
      vertex 5.147299412653723 2.1320812263162345 5.871921264348355
      vertex 4.913533254327888 2.6263382413027863 5.871921264348355
    endloop
  endfacet
  facet normal 0.4651555225831913 0.22000217749317647 0.8574551776673922
    outer loop
      vertex 5.2250655829668915 2.1642930287537716 5.821469612302545
      vertex 4.913533254327888 2.6263382413027863 5.871921264348355
      vertex 5.147299412653723 2.1320812263162345 5.871921264348355
    endloop
  endfacet
  facet normal 0.4651555225831529 0.22000217749314752 0.8574551776674204
    outer loop
      vertex 5.2250655829668915 2.1642930287537716 5.821469612302545
      vertex 4.987767650515565 2.666017352735686 5.821469612302545
      vertex 4.913533254327888 2.6263382413027863 5.871921264348355
    endloop
  endfacet
  facet normal 0.5389245030238479 0.25489230679501845 0.8028638066180421
    outer loop
      vertex 5.297888586608963 2.194457304515062 5.763010453362737
      vertex 5.057283375440306 2.7031742818316573 5.763010453362737
      vertex 5.2250655829668915 2.1642930287537716 5.821469612302545
    endloop
  endfacet
  facet normal 0.6074837276377857 0.28731840509983264 0.7405482123036887
    outer loop
      vertex 5.297888586608963 2.194457304515062 5.763010453362737
      vertex 5.36506709824576 2.222283555135057 5.697106781186548
      vertex 5.057283375440306 2.7031742818316573 5.763010453362737
    endloop
  endfacet
  facet normal 0.5389245030238767 0.25489230679502506 0.8028638066180205
    outer loop
      vertex 5.2250655829668915 2.1642930287537716 5.821469612302545
      vertex 5.057283375440306 2.7031742818316573 5.763010453362737
      vertex 4.987767650515565 2.666017352735686 5.821469612302545
    endloop
  endfacet
  facet normal 0.6074837276377759 0.28731840509982487 0.7405482123036997
    outer loop
      vertex 5.121410954669955 2.7374511870514624 5.697106781186548
      vertex 5.057283375440306 2.7031742818316573 5.763010453362737
      vertex 5.36506709824576 2.222283555135057 5.697106781186548
    endloop
  endfacet
  facet normal 0.670175829203308 0.3169695608669227 0.6711144875768135
    outer loop
      vertex 5.121410954669955 2.7374511870514624 5.697106781186548
      vertex 5.36506709824576 2.222283555135057 5.697106781186548
      vertex 5.179532804560779 2.768517963060166 5.624393284163646
    endloop
  endfacet
  facet normal 0.0421373821427006 0.025256174902076513 0.9987925543652575
    outer loop
      vertex 4.2404950227429765 2.8334081883999716 5.99
      vertex 4.584241848503865 2.4503283179169593 5.985184726672197
      vertex 4.32199329641179 2.8878635938927815 5.985184726672197
    endloop
  endfacet
  facet normal 0.12600343289865346 0.07552355124419445 0.98915081160823
    outer loop
      vertex 4.32199329641179 2.8878635938927815 5.985184726672197
      vertex 4.584241848503865 2.4503283179169593 5.985184726672197
      vertex 4.402706697153718 2.9417945640623415 5.970785280403231
    endloop
  endfacet
  facet normal 0.12600343289868468 0.07552355124420584 0.9891508116082252
    outer loop
      vertex 4.402706697153718 2.9417945640623415 5.970785280403231
      vertex 4.584241848503865 2.4503283179169593 5.985184726672197
      vertex 4.669852751631197 2.496088298997325 5.970785280403231
    endloop
  endfacet
  facet normal 0.20864753056148913 0.12505851708824903 0.9699621514751391
    outer loop
      vertex 4.402706697153718 2.9417945640623415 5.970785280403231
      vertex 4.7538066777618155 2.54096260742093 5.946940335732209
      vertex 4.4818579107971175 2.994681714184253 5.946940335732209
    endloop
  endfacet
  facet normal 0.20864753056147387 0.12505851708823537 0.9699621514751441
    outer loop
      vertex 4.402706697153718 2.9417945640623415 5.970785280403231
      vertex 4.669852751631197 2.496088298997325 5.970785280403231
      vertex 4.7538066777618155 2.54096260742093 5.946940335732209
    endloop
  endfacet
  facet normal 0.2892689358484064 0.17338112777824846 0.9414151407766252
    outer loop
      vertex 4.4818579107971175 2.994681714184253 5.946940335732209
      vertex 4.7538066777618155 2.54096260742093 5.946940335732209
      vertex 4.835295104693188 2.5845190790668653 5.913879532511287
    endloop
  endfacet
  facet normal 0.28926893584840874 0.17338112777825052 0.9414151407766241
    outer loop
      vertex 4.558684667886183 3.0460157120917835 5.913879532511287
      vertex 4.4818579107971175 2.994681714184253 5.946940335732209
      vertex 4.835295104693188 2.5845190790668653 5.913879532511287
    endloop
  endfacet
  facet normal 0.36708753846883724 0.22002380320029458 0.903789945245115
    outer loop
      vertex 4.558684667886183 3.0460157120917835 5.913879532511287
      vertex 4.835295104693188 2.5845190790668653 5.913879532511287
      vertex 4.6324470847523855 3.0953021833230707 5.871921264348355
    endloop
  endfacet
  facet normal 0.3670875384688385 0.220023803200295 0.9037899452451144
    outer loop
      vertex 4.835295104693188 2.5845190790668653 5.913879532511287
      vertex 4.913533254327888 2.6263382413027863 5.871921264348355
      vertex 4.6324470847523855 3.0953021833230707 5.871921264348355
    endloop
  endfacet
  facet normal 0.4413516872977986 0.2645360210078947 0.8574551776674375
    outer loop
      vertex 4.913533254327888 2.6263382413027863 5.871921264348355
      vertex 4.70243478899863 3.142066472217426 5.821469612302545
      vertex 4.6324470847523855 3.0953021833230707 5.871921264348355
    endloop
  endfacet
  facet normal 0.27088170452511434 0.20089956413615545 0.9414151407766242
    outer loop
      vertex 4.558684667886183 3.0460157120917835 5.913879532511287
      vertex 4.238171605696891 3.4781775486876967 5.913879532511287
      vertex 4.4818579107971175 2.994681714184253 5.946940335732209
    endloop
  endfacet
  facet normal 0.34375380764174746 0.25494519922060666 0.9037899452451137
    outer loop
      vertex 4.558684667886183 3.0460157120917835 5.913879532511287
      vertex 4.6324470847523855 3.0953021833230707 5.871921264348355
      vertex 4.30674791739753 3.5344566732536613 5.871921264348355
    endloop
  endfacet
  facet normal 0.4132973939964136 0.30652223803025513 0.8574551776674376
    outer loop
      vertex 4.371814909851281 3.58785577394346 5.821469612302545
      vertex 4.6324470847523855 3.0953021833230707 5.871921264348355
      vertex 4.70243478899863 3.142066472217426 5.821469612302545
    endloop
  endfacet
  facet normal 0.4132973939963826 0.30652223803024076 0.8574551776674576
    outer loop
      vertex 4.371814909851281 3.58785577394346 5.821469612302545
      vertex 4.30674791739753 3.5344566732536613 5.871921264348355
      vertex 4.6324470847523855 3.0953021833230707 5.871921264348355
    endloop
  endfacet
  facet normal 0.4788421976023232 0.3551335774298462 0.8028638066180697
    outer loop
      vertex 4.371814909851281 3.58785577394346 5.821469612302545
      vertex 4.767973760773856 3.185858213108837 5.763010453362737
      vertex 4.432745952351581 3.637860588226527 5.763010453362737
    endloop
  endfacet
  facet normal 0.47884219760238766 0.35513357742992013 0.8028638066179984
    outer loop
      vertex 4.371814909851281 3.58785577394346 5.821469612302545
      vertex 4.70243478899863 3.142066472217426 5.821469612302545
      vertex 4.767973760773856 3.185858213108837 5.763010453362737
    endloop
  endfacet
  facet normal 0.5397580579796033 0.4003118585552847 0.7405482123036291
    outer loop
      vertex 4.432745952351581 3.637860588226527 5.763010453362737
      vertex 4.767973760773856 3.185858213108837 5.763010453362737
      vertex 4.828432823952653 3.2262556675935237 5.697106781186548
    endloop
  endfacet
  facet normal 0.5954608948658171 0.441623897960868 0.6711144875767837
    outer loop
      vertex 4.488954245650831 3.683989542405911 5.697106781186548
      vertex 4.828432823952653 3.2262556675935237 5.697106781186548
      vertex 4.883229724706297 3.2628697861012945 5.624393284163646
    endloop
  endfacet
  facet normal 0.4413516872978245 0.26453602100790363 0.8574551776674215
    outer loop
      vertex 4.913533254327888 2.6263382413027863 5.871921264348355
      vertex 4.987767650515565 2.666017352735686 5.821469612302545
      vertex 4.70243478899863 3.142066472217426 5.821469612302545
    endloop
  endfacet
  facet normal 0.5113456192347449 0.30648876930859476 0.8028638066179956
    outer loop
      vertex 4.987767650515565 2.666017352735686 5.821469612302545
      vertex 4.767973760773856 3.185858213108837 5.763010453362737
      vertex 4.70243478899863 3.142066472217426 5.821469612302545
    endloop
  endfacet
  facet normal 0.5763963990151411 0.3454787062269956 0.7405482123036281
    outer loop
      vertex 5.057283375440306 2.7031742818316573 5.763010453362737
      vertex 4.828432823952653 3.2262556675935237 5.697106781186548
      vertex 4.767973760773856 3.185858213108837 5.763010453362737
    endloop
  endfacet
  facet normal 0.5113456192347101 0.30648876930858315 0.8028638066180224
    outer loop
      vertex 4.987767650515565 2.666017352735686 5.821469612302545
      vertex 5.057283375440306 2.7031742818316573 5.763010453362737
      vertex 4.767973760773856 3.185858213108837 5.763010453362737
    endloop
  endfacet
  facet normal 0.5763963990150681 0.34547870622697224 0.7405482123036958
    outer loop
      vertex 5.121410954669955 2.7374511870514624 5.697106781186548
      vertex 4.828432823952653 3.2262556675935237 5.697106781186548
      vertex 5.057283375440306 2.7031742818316573 5.763010453362737
    endloop
  endfacet
  facet normal 0.6358802994803073 0.38113198409126997 0.6711144875768119
    outer loop
      vertex 5.121410954669955 2.7374511870514624 5.697106781186548
      vertex 5.179532804560779 2.768517963060166 5.624393284163646
      vertex 4.828432823952653 3.2262556675935237 5.697106781186548
    endloop
  endfacet
  facet normal 0.6358802994803259 0.3811319840912888 0.6711144875767835
    outer loop
      vertex 5.179532804560779 2.768517963060166 5.624393284163646
      vertex 4.883229724706297 3.2628697861012945 5.624393284163646
      vertex 4.828432823952653 3.2262556675935237 5.697106781186548
    endloop
  endfacet
  facet normal 0.6454181099342455 0.47867469380656663 0.5952360883532648
    outer loop
      vertex 4.9318367389255116 3.2953479546556146 5.545570233019602
      vertex 4.585088014113296 3.7628844872654774 5.545570233019602
      vertex 4.883229724706297 3.2628697861012945 5.624393284163646
    endloop
  endfacet
  facet normal 0.68922856995927 0.413107706868178 0.5952360883531972
    outer loop
      vertex 5.2310891799257035 2.7960754198219853 5.545570233019602
      vertex 4.9318367389255116 3.2953479546556146 5.545570233019602
      vertex 5.179532804560779 2.768517963060166 5.624393284163646
    endloop
  endfacet
  facet normal 0.7359325581829885 0.4411010001204078 0.5136469385667729
    outer loop
      vertex 5.2755835646864 2.819858163963861 5.461396736825998
      vertex 4.97378575449207 3.32337739073893 5.461396736825998
      vertex 5.2310891799257035 2.7960754198219853 5.545570233019602
    endloop
  endfacet
  facet normal 0.6892285699592201 0.41310770686816456 0.5952360883532644
    outer loop
      vertex 5.179532804560779 2.768517963060166 5.624393284163646
      vertex 4.9318367389255116 3.2953479546556146 5.545570233019602
      vertex 4.883229724706297 3.2628697861012945 5.624393284163646
    endloop
  endfacet
  facet normal 0.6891533831361677 0.5111109830681266 0.51364693856686
    outer loop
      vertex 4.9318367389255116 3.2953479546556146 5.545570233019602
      vertex 4.97378575449207 3.32337739073893 5.461396736825998
      vertex 4.585088014113296 3.7628844872654774 5.545570233019602
    endloop
  endfacet
  facet normal 0.7359325581829341 0.44110100012039544 0.5136469385668614
    outer loop
      vertex 5.2310891799257035 2.7960754198219853 5.545570233019602
      vertex 4.97378575449207 3.32337739073893 5.461396736825998
      vertex 4.9318367389255116 3.2953479546556146 5.545570233019602
    endloop
  endfacet
  facet normal 0.7755481673355666 0.4648456824602213 0.42713409093695043
    outer loop
      vertex 5.2755835646864 2.819858163963861 5.461396736825998
      vertex 5.0086727794544 3.346688155559306 5.37268343236509
      vertex 4.97378575449207 3.32337739073893 5.461396736825998
    endloop
  endfacet
  facet normal 0.7755481673356153 0.4648456824602295 0.42713409093685323
    outer loop
      vertex 5.312587453594517 2.8396371546587353 5.37268343236509
      vertex 5.0086727794544 3.346688155559306 5.37268343236509
      vertex 5.2755835646864 2.819858163963861 5.461396736825998
    endloop
  endfacet
  facet normal 0.8076996434739341 0.48411653564137885 0.33653003707049595
    outer loop
      vertex 5.312587453594517 2.8396371546587353 5.37268343236509
      vertex 5.341744478971492 2.8552219094139275 5.280284677254462
      vertex 5.036161832690908 3.365055753708571 5.280284677254462
    endloop
  endfacet
  facet normal 0.7262508464416756 0.5386243369939947 0.4271340909369437
    outer loop
      vertex 5.0086727794544 3.346688155559306 5.37268343236509
      vertex 4.656521848429065 3.8215087200360003 5.37268343236509
      vertex 4.97378575449207 3.32337739073893 5.461396736825998
    endloop
  endfacet
  facet normal 0.8076996434739676 0.48411653564138163 0.33653003707041135
    outer loop
      vertex 5.312587453594517 2.8396371546587353 5.37268343236509
      vertex 5.036161832690908 3.365055753708571 5.280284677254462
      vertex 5.0086727794544 3.346688155559306 5.37268343236509
    endloop
  endfacet
  facet normal 0.8320826989028907 0.4987311766381829 0.2427047499238012
    outer loop
      vertex 5.341744478971492 2.8552219094139275 5.280284677254462
      vertex 5.055988179591907 3.3783032951757903 5.185090322016128
      vertex 5.036161832690908 3.365055753708571 5.280284677254462
    endloop
  endfacet
  facet normal 0.8484669837949028 0.5085515390772973 0.14655752970111133
    outer loop
      vertex 5.375473020583513 2.8732501905049332 5.08801714032956
      vertex 5.0679608815985375 3.386303198894794 5.08801714032956
      vertex 5.055988179591907 3.3783032951757903 5.185090322016128
    endloop
  endfacet
  facet normal 0.8566979213455971 0.5134849731878052 0.04900871220968862
    outer loop
      vertex 5.379719712524974 2.875520094638585 4.99
      vertex 5.071964635045532 3.388978421419573 4.99
      vertex 5.0679608815985375 3.386303198894794 5.08801714032956
    endloop
  endfacet
  facet normal 0.24296287082362986 0.011936000454520977 0.9699621514751438
    outer loop
      vertex 5.2950903220161365 0 5.970785280403231
      vertex 5.390284677254471 0 5.946940335732209
      vertex 5.269593014820202 0.5190096111507536 5.970785280403231
    endloop
  endfacet
  facet normal 0.3368437235020086 0.01654807100026886 0.9414151407766248
    outer loop
      vertex 5.482683432365093 0 5.913879532511287
      vertex 5.456282813068441 0.5373969513726848 5.913879532511287
      vertex 5.390284677254471 0 5.946940335732209
    endloop
  endfacet
  facet normal 0.24296287082356782 0.011936000454505834 0.9699621514751595
    outer loop
      vertex 5.269593014820202 0.5190096111507536 5.970785280403231
      vertex 5.390284677254471 0 5.946940335732209
      vertex 5.364328983218826 0.5283402896267297 5.946940335732209
    endloop
  endfacet
  facet normal 0.3368437235020116 0.01654807100026843 0.9414151407766238
    outer loop
      vertex 5.390284677254471 0 5.946940335732209
      vertex 5.456282813068441 0.5373969513726848 5.913879532511287
      vertex 5.364328983218826 0.5283402896267297 5.946940335732209
    endloop
  endfacet
  facet normal 0.4274608089057238 0.02099980294144354 0.9037899452450691
    outer loop
      vertex 5.482683432365093 0 5.913879532511287
      vertex 5.544568938720545 0.546092375785129 5.871921264348355
      vertex 5.456282813068441 0.5373969513726848 5.913879532511287
    endloop
  endfacet
  facet normal 0.4274608089057233 0.0209998029414436 0.9037899452450692
    outer loop
      vertex 5.482683432365093 0 5.913879532511287
      vertex 5.571396736825989 0 5.871921264348355
      vertex 5.544568938720545 0.546092375785129 5.871921264348355
    endloop
  endfacet
  facet normal 0.5139388551599603 0.025248196928131978 0.857455177667467
    outer loop
      vertex 5.655570233019603 0 5.821469612302545
      vertex 5.544568938720545 0.546092375785129 5.871921264348355
      vertex 5.571396736825989 0 5.871921264348355
    endloop
  endfacet
  facet normal 0.5139388551599696 0.02524819692813437 0.8574551776674615
    outer loop
      vertex 5.655570233019603 0 5.821469612302545
      vertex 5.628337116523028 0.5543428211735666 5.821469612302545
      vertex 5.544568938720545 0.546092375785129 5.871921264348355
    endloop
  endfacet
  facet normal 0.24062300556052177 0.03569305115427003 0.9699621514751593
    outer loop
      vertex 5.269593014820202 0.5190096111507536 5.970785280403231
      vertex 5.364328983218826 0.5283402896267297 5.946940335732209
      vertex 5.2867118686342565 1.0515923734441763 5.946940335732209
    endloop
  endfacet
  facet normal 0.33359973430717593 0.04948484603099396 0.9414151407766238
    outer loop
      vertex 5.456282813068441 0.5373969513726848 5.913879532511287
      vertex 5.377335207574333 1.0696184763325967 5.913879532511287
      vertex 5.364328983218826 0.5283402896267297 5.946940335732209
    endloop
  endfacet
  facet normal 0.423344127642112 0.06279716924236392 0.9037899452450692
    outer loop
      vertex 5.456282813068441 0.5373969513726848 5.913879532511287
      vertex 5.544568938720545 0.546092375785129 5.871921264348355
      vertex 5.377335207574333 1.0696184763325967 5.913879532511287
    endloop
  endfacet
  facet normal 0.508989343037222 0.075501436845932 0.8574551776674609
    outer loop
      vertex 5.628337116523028 0.5543428211735666 5.821469612302545
      vertex 5.546900036832284 1.1033470179446248 5.821469612302545
      vertex 5.544568938720545 0.546092375785129 5.871921264348355
    endloop
  endfacet
  facet normal 0.5954443807602916 0.029252306639682625 0.8028638066180658
    outer loop
      vertex 5.655570233019603 0 5.821469612302545
      vertex 5.706780613131286 0.5620688312387578 5.763010453362737
      vertex 5.628337116523028 0.5543428211735666 5.821469612302545
    endloop
  endfacet
  facet normal 0.589709925870559 0.08747520421518776 0.8028638066180658
    outer loop
      vertex 5.706780613131286 0.5620688312387578 5.763010453362737
      vertex 5.546900036832284 1.1033470179446248 5.821469612302545
      vertex 5.628337116523028 0.5543428211735666 5.821469612302545
    endloop
  endfacet
  facet normal 0.5954443807603249 0.02925230663967703 0.8028638066180412
    outer loop
      vertex 5.655570233019603 0 5.821469612302545
      vertex 5.7343932841636445 0 5.763010453362737
      vertex 5.706780613131286 0.5620688312387578 5.763010453362737
    endloop
  endfacet
  facet normal 0.6711937757435588 0.032973635787145274 0.7405482123036164
    outer loop
      vertex 5.8071067811865476 0 5.697106781186548
      vertex 5.706780613131286 0.5620688312387578 5.763010453362737
      vertex 5.7343932841636445 0 5.763010453362737
    endloop
  endfacet
  facet normal 0.6711937757436005 0.03297363578715726 0.7405482123035779
    outer loop
      vertex 5.8071067811865476 0 5.697106781186548
      vertex 5.7791439747913955 0.5691960002803036 5.697106781186548
      vertex 5.706780613131286 0.5620688312387578 5.763010453362737
    endloop
  endfacet
  facet normal 0.7404607312925845 0.036376503106390165 0.6711144875767485
    outer loop
      vertex 5.873010453362724 0 5.624393284163646
      vertex 5.844730302772746 0.5756556897642326 5.624393284163646
      vertex 5.8071067811865476 0 5.697106781186548
    endloop
  endfacet
  facet normal 0.7404607312925433 0.036376503106398526 0.6711144875767935
    outer loop
      vertex 5.8071067811865476 0 5.697106781186548
      vertex 5.844730302772746 0.5756556897642326 5.624393284163646
      vertex 5.7791439747913955 0.5691960002803036 5.697106781186548
    endloop
  endfacet
  facet normal 0.6647298127713482 0.09860335322362958 0.7405482123035775
    outer loop
      vertex 5.7791439747913955 0.5691960002803036 5.697106781186548
      vertex 5.69552485271754 1.1329103319237248 5.697106781186548
      vertex 5.706780613131286 0.5620688312387578 5.763010453362737
    endloop
  endfacet
  facet normal 0.7333296896731835 0.10877918370887349 0.6711144875767946
    outer loop
      vertex 5.7791439747913955 0.5691960002803036 5.697106781186548
      vertex 5.844730302772746 0.5756556897642326 5.624393284163646
      vertex 5.69552485271754 1.1329103319237248 5.697106781186548
    endloop
  endfacet
  facet normal 0.3335997343071868 0.04948484603099348 0.94141514077662
    outer loop
      vertex 5.2867118686342565 1.0515923734441763 5.946940335732209
      vertex 5.364328983218826 0.5283402896267297 5.946940335732209
      vertex 5.377335207574333 1.0696184763325967 5.913879532511287
    endloop
  endfacet
  facet normal 0.3271429973068099 0.08194505494325745 0.94141514077662
    outer loop
      vertex 5.2867118686342565 1.0515923734441763 5.946940335732209
      vertex 5.377335207574333 1.0696184763325967 5.913879532511287
      vertex 5.158180828744065 1.5647170478464858 5.946940335732209
    endloop
  endfacet
  facet normal 0.42334412764201684 0.0627971692423298 0.903789945245116
    outer loop
      vertex 5.544568938720545 0.546092375785129 5.871921264348355
      vertex 5.464343910765535 1.0869255834669893 5.871921264348355
      vertex 5.377335207574333 1.0696184763325967 5.913879532511287
    endloop
  endfacet
  facet normal 0.4151504110057721 0.10398976447501838 0.9037899452451154
    outer loop
      vertex 5.377335207574333 1.0696184763325967 5.913879532511287
      vertex 5.464343910765535 1.0869255834669893 5.871921264348355
      vertex 5.331494263835594 1.6172911036060995 5.871921264348355
    endloop
  endfacet
  facet normal 0.49913798529924575 0.12502755665363435 0.8574551776673996
    outer loop
      vertex 5.546900036832284 1.1033470179446248 5.821469612302545
      vertex 5.331494263835594 1.6172911036060995 5.871921264348355
      vertex 5.464343910765535 1.0869255834669893 5.871921264348355
    endloop
  endfacet
  facet normal 0.5089893430373279 0.0755014368459259 0.8574551776673985
    outer loop
      vertex 5.544568938720545 0.546092375785129 5.871921264348355
      vertex 5.546900036832284 1.1033470179446248 5.821469612302545
      vertex 5.464343910765535 1.0869255834669893 5.871921264348355
    endloop
  endfacet
  facet normal 0.3271429973067649 0.08194505494323635 0.9414151407766375
    outer loop
      vertex 5.377335207574333 1.0696184763325967 5.913879532511287
      vertex 5.246600924480873 1.591538990652488 5.913879532511287
      vertex 5.158180828744065 1.5647170478464858 5.946940335732209
    endloop
  endfacet
  facet normal 0.41515041100587646 0.10398976447502342 0.9037899452450668
    outer loop
      vertex 5.377335207574333 1.0696184763325967 5.913879532511287
      vertex 5.331494263835594 1.6172911036060995 5.871921264348355
      vertex 5.246600924480873 1.591538990652488 5.913879532511287
    endloop
  endfacet
  facet normal 0.4991379852991529 0.12502755665358944 0.8574551776674605
    outer loop
      vertex 5.546900036832284 1.1033470179446248 5.821469612302545
      vertex 5.412043277542864 1.641725379782038 5.821469612302545
      vertex 5.331494263835594 1.6172911036060995 5.871921264348355
    endloop
  endfacet
  facet normal 0.5897099258705765 0.0874752042151944 0.8028638066180522
    outer loop
      vertex 5.706780613131286 0.5620688312387578 5.763010453362737
      vertex 5.624208525150834 1.118724632374608 5.763010453362737
      vertex 5.546900036832284 1.1033470179446248 5.821469612302545
    endloop
  endfacet
  facet normal 0.6647298127713134 0.09860335322363246 0.7405482123036085
    outer loop
      vertex 5.706780613131286 0.5620688312387578 5.763010453362737
      vertex 5.69552485271754 1.1329103319237248 5.697106781186548
      vertex 5.624208525150834 1.118724632374608 5.763010453362737
    endloop
  endfacet
  facet normal 0.578296242026482 0.1448556677552547 0.8028638066180513
    outer loop
      vertex 5.624208525150834 1.118724632374608 5.763010453362737
      vertex 5.487472234568088 1.6646065037435989 5.763010453362737
      vertex 5.546900036832284 1.1033470179446248 5.821469612302545
    endloop
  endfacet
  facet normal 0.6518641383238024 0.16328346646643785 0.7405482123036085
    outer loop
      vertex 5.69552485271754 1.1329103319237248 5.697106781186548
      vertex 5.487472234568088 1.6646065037435989 5.763010453362737
      vertex 5.624208525150834 1.118724632374608 5.763010453362737
    endloop
  endfacet
  facet normal 0.5782962420264585 0.14485566775525396 0.8028638066180683
    outer loop
      vertex 5.546900036832284 1.1033470179446248 5.821469612302545
      vertex 5.487472234568088 1.6646065037435989 5.763010453362737
      vertex 5.412043277542864 1.641725379782038 5.821469612302545
    endloop
  endfacet
  facet normal 0.6518641383238275 0.16328346646645078 0.7405482123035835
    outer loop
      vertex 5.69552485271754 1.1329103319237248 5.697106781186548
      vertex 5.55705471282144 1.6857141177589376 5.697106781186548
      vertex 5.487472234568088 1.6646065037435989 5.763010453362737
    endloop
  endfacet
  facet normal 0.7191362822634204 0.18013426130743038 0.6711144875768758
    outer loop
      vertex 5.69552485271754 1.1329103319237248 5.697106781186548
      vertex 5.620120594999719 1.704844943966485 5.624393284163646
      vertex 5.55705471282144 1.6857141177589376 5.697106781186548
    endloop
  endfacet
  facet normal 0.7333296896731012 0.108779183708839 0.6711144875768901
    outer loop
      vertex 5.844730302772746 0.5756556897642326 5.624393284163646
      vertex 5.760162204312479 1.1457675005506225 5.624393284163646
      vertex 5.69552485271754 1.1329103319237248 5.697106781186548
    endloop
  endfacet
  facet normal 0.7191362822634081 0.18013426130743046 0.671114487576889
    outer loop
      vertex 5.69552485271754 1.1329103319237248 5.697106781186548
      vertex 5.760162204312479 1.1457675005506225 5.624393284163646
      vertex 5.620120594999719 1.704844943966485 5.624393284163646
    endloop
  endfacet
  facet normal 0.8025829568186845 0.03942837234715496 0.5952360883533789
    outer loop
      vertex 5.93146961230255 0 5.545570233019602
      vertex 5.844730302772746 0.5756556897642326 5.624393284163646
      vertex 5.873010453362724 0 5.624393284163646
    endloop
  endfacet
  facet normal 0.802582956818735 0.039428372347172023 0.59523608835331
    outer loop
      vertex 5.93146961230255 0 5.545570233019602
      vertex 5.902907964883752 0.5813856893495846 5.545570233019602
      vertex 5.844730302772746 0.5756556897642326 5.624393284163646
    endloop
  endfacet
  facet normal 0.8569681442552842 0.04210014528004908 0.5136469385668071
    outer loop
      vertex 5.981921264348358 0 5.461396736825998
      vertex 5.953116678435123 0.5863308160080152 5.461396736825998
      vertex 5.93146961230255 0 5.545570233019602
    endloop
  endfacet
  facet normal 0.9030991581391321 0.04436641666883411 0.4271340909367435
    outer loop
      vertex 6.023879532511273 0 5.37268343236509
      vertex 5.953116678435123 0.5863308160080152 5.461396736825998
      vertex 5.981921264348358 0 5.461396736825998
    endloop
  endfacet
  facet normal 0.8569681442552753 0.042100145280051474 0.5136469385668215
    outer loop
      vertex 5.93146961230255 0 5.545570233019602
      vertex 5.953116678435123 0.5863308160080152 5.461396736825998
      vertex 5.902907964883752 0.5813856893495846 5.545570233019602
    endloop
  endfacet
  facet normal 0.7948536442080992 0.11790540026205237 0.5952360883533101
    outer loop
      vertex 5.902907964883752 0.5813856893495846 5.545570233019602
      vertex 5.8174980869054025 1.1571723166929822 5.545570233019602
      vertex 5.844730302772746 0.5756556897642326 5.624393284163646
    endloop
  endfacet
  facet normal 0.8487150725596591 0.12589498842680624 0.5136469385668203
    outer loop
      vertex 5.902907964883752 0.5813856893495846 5.545570233019602
      vertex 5.953116678435123 0.5863308160080152 5.461396736825998
      vertex 5.8174980869054025 1.1571723166929822 5.545570233019602
    endloop
  endfacet
  facet normal 0.8944018195620063 0.13267197716081447 0.42713409093680726
    outer loop
      vertex 5.99487290606848 0.5904434454665264 5.37268343236509
      vertex 5.866980324603958 1.1670149457368453 5.461396736825998
      vertex 5.953116678435123 0.5863308160080152 5.461396736825998
    endloop
  endfacet
  facet normal 0.9030991581391029 0.044366416668821095 0.4271340909368063
    outer loop
      vertex 6.023879532511273 0 5.37268343236509
      vertex 5.99487290606848 0.5904434454665264 5.37268343236509
      vertex 5.953116678435123 0.5863308160080152 5.461396736825998
    endloop
  endfacet
  facet normal 0.9405384459311444 0.046205690935656116 0.3365300370703726
    outer loop
      vertex 6.023879532511273 0 5.37268343236509
      vertex 6.0277745124854505 0.5936839708552384 5.280284677254462
      vertex 5.99487290606848 0.5904434454665264 5.37268343236509
    endloop
  endfacet
  facet normal 0.9405384459310853 0.046205690935681734 0.3365300370705347
    outer loop
      vertex 6.056940335732207 0 5.280284677254462
      vertex 6.0277745124854505 0.5936839708552384 5.280284677254462
      vertex 6.023879532511273 0 5.37268343236509
    endloop
  endfacet
  facet normal 0.9689316750794645 0.047600560838524736 0.24270474992377247
    outer loop
      vertex 6.080785280403234 0 5.185090322016128
      vertex 6.0277745124854505 0.5936839708552384 5.280284677254462
      vertex 6.056940335732207 0 5.280284677254462
    endloop
  endfacet
  facet normal 0.931480546546212 0.13817208674469622 0.33653003707037227
    outer loop
      vertex 6.0277745124854505 0.5936839708552384 5.280284677254462
      vertex 5.940557925566736 1.181650440530472 5.280284677254462
      vertex 5.99487290606848 0.5904434454665264 5.37268343236509
    endloop
  endfacet
  facet normal 0.7948536442081026 0.11790540026205196 0.5952360883533059
    outer loop
      vertex 5.844730302772746 0.5756556897642326 5.624393284163646
      vertex 5.8174980869054025 1.1571723166929822 5.545570233019602
      vertex 5.760162204312479 1.1457675005506225 5.624393284163646
    endloop
  endfacet
  facet normal 0.8487150725596619 0.12589498842680766 0.5136469385668154
    outer loop
      vertex 5.953116678435123 0.5863308160080152 5.461396736825998
      vertex 5.866980324603958 1.1670149457368453 5.461396736825998
      vertex 5.8174980869054025 1.1571723166929822 5.545570233019602
    endloop
  endfacet
  facet normal 0.7794694564925408 0.1952469347187777 0.5952360883533058
    outer loop
      vertex 5.8174980869054025 1.1571723166929822 5.545570233019602
      vertex 5.620120594999719 1.704844943966485 5.624393284163646
      vertex 5.760162204312479 1.1457675005506225 5.624393284163646
    endloop
  endfacet
  facet normal 0.779469456492668 0.1952469347188509 0.5952360883531153
    outer loop
      vertex 5.8174980869054025 1.1571723166929822 5.545570233019602
      vertex 5.676062522182178 1.7218147420518939 5.545570233019602
      vertex 5.620120594999719 1.704844943966485 5.624393284163646
    endloop
  endfacet
  facet normal 0.8322884107604372 0.2084773940138435 0.5136469385668159
    outer loop
      vertex 5.866980324603958 1.1670149457368453 5.461396736825998
      vertex 5.724341743029157 1.736460083582969 5.461396736825998
      vertex 5.8174980869054025 1.1571723166929822 5.545570233019602
    endloop
  endfacet
  facet normal 0.8770909025327838 0.21969983398689497 0.42713409093674276
    outer loop
      vertex 5.908132376409355 1.1752005977839914 5.37268343236509
      vertex 5.724341743029157 1.736460083582969 5.461396736825998
      vertex 5.866980324603958 1.1670149457368453 5.461396736825998
    endloop
  endfacet
  facet normal 0.8322884107603536 0.2084773940138494 0.513646938566949
    outer loop
      vertex 5.8174980869054025 1.1571723166929822 5.545570233019602
      vertex 5.724341743029157 1.736460083582969 5.461396736825998
      vertex 5.676062522182178 1.7218147420518939 5.545570233019602
    endloop
  endfacet
  facet normal 0.894401819562036 0.1326719771608315 0.42713409093673965
    outer loop
      vertex 5.99487290606848 0.5904434454665264 5.37268343236509
      vertex 5.908132376409355 1.1752005977839914 5.37268343236509
      vertex 5.866980324603958 1.1670149457368453 5.461396736825998
    endloop
  endfacet
  facet normal 0.9314805465462166 0.1381720867446948 0.3365300370703605
    outer loop
      vertex 5.99487290606848 0.5904434454665264 5.37268343236509
      vertex 5.940557925566736 1.181650440530472 5.280284677254462
      vertex 5.908132376409355 1.1752005977839914 5.37268343236509
    endloop
  endfacet
  facet normal 0.9596003333764753 0.14234326309353126 0.24270474992394167
    outer loop
      vertex 6.0277745124854505 0.5936839708552384 5.280284677254462
      vertex 5.963944696312126 1.1863023584648005 5.185090322016128
      vertex 5.940557925566736 1.181650440530472 5.280284677254462
    endloop
  endfacet
  facet normal 0.913451980298987 0.22880780982580212 0.3365300370703611
    outer loop
      vertex 5.940557925566736 1.181650440530472 5.280284677254462
      vertex 5.764493302251736 1.7486399259148016 5.37268343236509
      vertex 5.908132376409355 1.1752005977839914 5.37268343236509
    endloop
  endfacet
  facet normal 0.8770909025327226 0.21969983398685167 0.4271340909368905
    outer loop
      vertex 5.908132376409355 1.1752005977839914 5.37268343236509
      vertex 5.764493302251736 1.7486399259148016 5.37268343236509
      vertex 5.724341743029157 1.736460083582969 5.461396736825998
    endloop
  endfacet
  facet normal 0.9134519802990135 0.22880780982582458 0.33653003707027374
    outer loop
      vertex 5.940557925566736 1.181650440530472 5.280284677254462
      vertex 5.7961305183855245 1.7582369705075607 5.280284677254462
      vertex 5.764493302251736 1.7486399259148016 5.37268343236509
    endloop
  endfacet
  facet normal 0.9410275158922394 0.23571512191221877 0.24270474992383004
    outer loop
      vertex 5.940557925566736 1.181650440530472 5.280284677254462
      vertex 5.818948707744539 1.7651587925755372 5.185090322016128
      vertex 5.7961305183855245 1.7582369705075607 5.280284677254462
    endloop
  endfacet
  facet normal 0.4844796559060758 0.17334959274366626 0.8574551776674599
    outer loop
      vertex 5.331494263835594 1.6172911036060995 5.871921264348355
      vertex 5.412043277542864 1.641725379782038 5.821469612302545
      vertex 5.147299412653723 2.1320812263162345 5.871921264348355
    endloop
  endfacet
  facet normal 0.4844796559061763 0.17334959274372766 0.8574551776673908
    outer loop
      vertex 5.2250655829668915 2.1642930287537716 5.821469612302545
      vertex 5.147299412653723 2.1320812263162345 5.871921264348355
      vertex 5.412043277542864 1.641725379782038 5.821469612302545
    endloop
  endfacet
  facet normal 0.5613132492427564 0.20084109202871042 0.802863806618068
    outer loop
      vertex 5.2250655829668915 2.1642930287537716 5.821469612302545
      vertex 5.412043277542864 1.641725379782038 5.821469612302545
      vertex 5.487472234568088 1.6646065037435989 5.763010453362737
    endloop
  endfacet
  facet normal 0.5613132492427858 0.2008410920287288 0.8028638066180428
    outer loop
      vertex 5.297888586608963 2.194457304515062 5.763010453362737
      vertex 5.2250655829668915 2.1642930287537716 5.821469612302545
      vertex 5.487472234568088 1.6646065037435989 5.763010453362737
    endloop
  endfacet
  facet normal 0.6327206558789461 0.2263910706673815 0.7405482123036913
    outer loop
      vertex 5.297888586608963 2.194457304515062 5.763010453362737
      vertex 5.487472234568088 1.6646065037435989 5.763010453362737
      vertex 5.36506709824576 2.222283555135057 5.697106781186548
    endloop
  endfacet
  facet normal 0.6327206558790645 0.22639107066739508 0.7405482123035858
    outer loop
      vertex 5.55705471282144 1.6857141177589376 5.697106781186548
      vertex 5.36506709824576 2.222283555135057 5.697106781186548
      vertex 5.487472234568088 1.6646065037435989 5.763010453362737
    endloop
  endfacet
  facet normal 0.6980171993356524 0.2497545474982234 0.6711144875768738
    outer loop
      vertex 5.620120594999719 1.704844943966485 5.624393284163646
      vertex 5.36506709824576 2.222283555135057 5.697106781186548
      vertex 5.55705471282144 1.6857141177589376 5.697106781186548
    endloop
  endfacet
  facet normal 0.6980171993357537 0.24975454749829162 0.671114487576743
    outer loop
      vertex 5.620120594999719 1.704844943966485 5.624393284163646
      vertex 5.4259541520866605 2.2475037986089035 5.624393284163646
      vertex 5.36506709824576 2.222283555135057 5.697106781186548
    endloop
  endfacet
  facet normal 0.6701758292033705 0.3169695608669349 0.6711144875767453
    outer loop
      vertex 5.179532804560779 2.768517963060166 5.624393284163646
      vertex 5.36506709824576 2.222283555135057 5.697106781186548
      vertex 5.4259541520866605 2.2475037986089035 5.624393284163646
    endloop
  endfacet
  facet normal 0.7565785518097301 0.2707081344613984 0.5952360883531179
    outer loop
      vertex 5.676062522182178 1.7218147420518939 5.545570233019602
      vertex 5.4259541520866605 2.2475037986089035 5.624393284163646
      vertex 5.620120594999719 1.704844943966485 5.624393284163646
    endloop
  endfacet
  facet normal 0.7565785518096657 0.2707081344613523 0.595236088353221
    outer loop
      vertex 5.676062522182178 1.7218147420518939 5.545570233019602
      vertex 5.4799633725189665 2.2698751502051664 5.545570233019602
      vertex 5.4259541520866605 2.2475037986089035 5.624393284163646
    endloop
  endfacet
  facet normal 0.807846356590392 0.28905204833114917 0.5136469385669462
    outer loop
      vertex 5.676062522182178 1.7218147420518939 5.545570233019602
      vertex 5.724341743029157 1.736460083582969 5.461396736825998
      vertex 5.526574621225478 2.2891821615785446 5.461396736825998
    endloop
  endfacet
  facet normal 0.8078463565904439 0.28905204833115067 0.5136469385668636
    outer loop
      vertex 5.676062522182178 1.7218147420518939 5.545570233019602
      vertex 5.526574621225478 2.2891821615785446 5.461396736825998
      vertex 5.4799633725189665 2.2698751502051664 5.545570233019602
    endloop
  endfacet
  facet normal 0.8513331206453589 0.30461186131147194 0.4271340909370211
    outer loop
      vertex 5.565339006400848 2.3052388956552328 5.37268343236509
      vertex 5.526574621225478 2.2891821615785446 5.461396736825998
      vertex 5.724341743029157 1.736460083582969 5.461396736825998
    endloop
  endfacet
  facet normal 0.7264013820849187 0.34356226688492764 0.5952360883531926
    outer loop
      vertex 5.2310891799257035 2.7960754198219853 5.545570233019602
      vertex 5.179532804560779 2.768517963060166 5.624393284163646
      vertex 5.4799633725189665 2.2698751502051664 5.545570233019602
    endloop
  endfacet
  facet normal 0.7264013820849007 0.3435622668849119 0.5952360883532238
    outer loop
      vertex 5.179532804560779 2.768517963060166 5.624393284163646
      vertex 5.4259541520866605 2.2475037986089035 5.624393284163646
      vertex 5.4799633725189665 2.2698751502051664 5.545570233019602
    endloop
  endfacet
  facet normal 0.7756243003927742 0.36684297341111854 0.5136469385668612
    outer loop
      vertex 5.2310891799257035 2.7960754198219853 5.545570233019602
      vertex 5.4799633725189665 2.2698751502051664 5.545570233019602
      vertex 5.526574621225478 2.2891821615785446 5.461396736825998
    endloop
  endfacet
  facet normal 0.8173765354202289 0.3865903098938605 0.4271340909370173
    outer loop
      vertex 5.565339006400848 2.3052388956552328 5.37268343236509
      vertex 5.2755835646864 2.819858163963861 5.461396736825998
      vertex 5.526574621225478 2.2891821615785446 5.461396736825998
    endloop
  endfacet
  facet normal 0.8513331206454251 0.30461186131147006 0.42713409093689036
    outer loop
      vertex 5.764493302251736 1.7486399259148016 5.37268343236509
      vertex 5.565339006400848 2.3052388956552328 5.37268343236509
      vertex 5.724341743029157 1.736460083582969 5.461396736825998
    endloop
  endfacet
  facet normal 0.8866263721378297 0.3172399886192443 0.3365300370703516
    outer loop
      vertex 5.764493302251736 1.7486399259148016 5.37268343236509
      vertex 5.595883205825032 2.317890717308561 5.280284677254462
      vertex 5.565339006400848 2.3052388956552328 5.37268343236509
    endloop
  endfacet
  facet normal 0.9133920890119935 0.32681691525189055 0.24270474992374
    outer loop
      vertex 5.7961305183855245 1.7582369705075607 5.280284677254462
      vertex 5.617913062160454 2.3270157825798243 5.185090322016128
      vertex 5.595883205825032 2.317890717308561 5.280284677254462
    endloop
  endfacet
  facet normal 0.851262067333685 0.4026169729013015 0.3365300370703534
    outer loop
      vertex 5.312587453594517 2.8396371546587353 5.37268343236509
      vertex 5.565339006400848 2.3052388956552328 5.37268343236509
      vertex 5.595883205825032 2.317890717308561 5.280284677254462
    endloop
  endfacet
  facet normal 0.8769601970036123 0.41477128304143734 0.24270474992374058
    outer loop
      vertex 5.617913062160454 2.3270157825798243 5.185090322016128
      vertex 5.341744478971492 2.8552219094139275 5.280284677254462
      vertex 5.595883205825032 2.317890717308561 5.280284677254462
    endloop
  endfacet
  facet normal 0.8866263721378586 0.3172399886192411 0.3365300370702791
    outer loop
      vertex 5.7961305183855245 1.7582369705075607 5.280284677254462
      vertex 5.595883205825032 2.317890717308561 5.280284677254462
      vertex 5.764493302251736 1.7486399259148016 5.37268343236509
    endloop
  endfacet
  facet normal 0.7756243003928159 0.366842973411158 0.51364693856677
    outer loop
      vertex 5.2755835646864 2.819858163963861 5.461396736825998
      vertex 5.2310891799257035 2.7960754198219853 5.545570233019602
      vertex 5.526574621225478 2.2891821615785446 5.461396736825998
    endloop
  endfacet
  facet normal 0.8173765354202859 0.3865903098939208 0.4271340909368538
    outer loop
      vertex 5.312587453594517 2.8396371546587353 5.37268343236509
      vertex 5.2755835646864 2.819858163963861 5.461396736825998
      vertex 5.565339006400848 2.3052388956552328 5.37268343236509
    endloop
  endfacet
  facet normal 0.8512620673336495 0.4026169729012569 0.33653003707049656
    outer loop
      vertex 5.312587453594517 2.8396371546587353 5.37268343236509
      vertex 5.595883205825032 2.317890717308561 5.280284677254462
      vertex 5.341744478971492 2.8552219094139275 5.280284677254462
    endloop
  endfacet
  facet normal 0.9689316750794433 0.0476005608385088 0.24270474992386012
    outer loop
      vertex 6.080785280403234 0 5.185090322016128
      vertex 6.051504637230408 0.5960211841432113 5.185090322016128
      vertex 6.0277745124854505 0.5936839708552384 5.280284677254462
    endloop
  endfacet
  facet normal 0.9880106111351071 0.048537848863876715 0.1465575297011368
    outer loop
      vertex 6.065834746229825 0.5974325766888242 5.08801714032956
      vertex 6.051504637230408 0.5960211841432113 5.185090322016128
      vertex 6.080785280403234 0 5.185090322016128
    endloop
  endfacet
  facet normal 0.9880106111351342 0.048537848863849174 0.14655752970096309
    outer loop
      vertex 6.095184726672187 0 5.08801714032956
      vertex 6.065834746229825 0.5974325766888242 5.08801714032956
      vertex 6.080785280403234 0 5.185090322016128
    endloop
  endfacet
  facet normal 0.9975952547276299 0.049008712209711335 0.0490087122097805
    outer loop
      vertex 6.099999999999994 0 4.99
      vertex 6.065834746229825 0.5974325766888242 5.08801714032956
      vertex 6.095184726672187 0 5.08801714032956
    endloop
  endfacet
  facet normal 0.9596003333764972 0.14234326309352072 0.2427047499238615
    outer loop
      vertex 6.051504637230408 0.5960211841432113 5.185090322016128
      vertex 5.963944696312126 1.1863023584648005 5.185090322016128
      vertex 6.0277745124854505 0.5936839708552384 5.280284677254462
    endloop
  endfacet
  facet normal 0.978495528848338 0.14514610057356614 0.14655752970113614
    outer loop
      vertex 6.065834746229825 0.5974325766888242 5.08801714032956
      vertex 5.963944696312126 1.1863023584648005 5.185090322016128
      vertex 6.051504637230408 0.5960211841432113 5.185090322016128
    endloop
  endfacet
  facet normal 0.9975952547276291 0.04900871220970898 0.049008712209794615
    outer loop
      vertex 6.099999999999994 0 4.99
      vertex 6.0706268327004125 0.5979045560103202 4.99
      vertex 6.065834746229825 0.5974325766888242 5.08801714032956
    endloop
  endfacet
  facet normal 0.9879878670835607 0.14655415593975513 0.049008712209793664
    outer loop
      vertex 6.0706268327004125 0.5979045560103202 4.99
      vertex 5.9827902104597115 1.1900509642983828 4.99
      vertex 6.065834746229825 0.5974325766888242 5.08801714032956
    endloop
  endfacet
  facet normal 0.978495528848339 0.14514610057356747 0.14655752970112926
    outer loop
      vertex 6.065834746229825 0.5974325766888242 5.08801714032956
      vertex 5.978067461258689 1.1891115510742658 5.08801714032956
      vertex 5.963944696312126 1.1863023584648005 5.185090322016128
    endloop
  endfacet
  facet normal 0.9879878670835686 0.14655415593973817 0.049008712209684474
    outer loop
      vertex 6.065834746229825 0.5974325766888242 5.08801714032956
      vertex 5.9827902104597115 1.1900509642983828 4.99
      vertex 5.978067461258689 1.1891115510742658 5.08801714032956
    endloop
  endfacet
  facet normal 0.9595569997186789 0.24035651598982272 0.14655752970121083
    outer loop
      vertex 5.978067461258689 1.1891115510742658 5.08801714032956
      vertex 5.832728118691534 1.7693387311883662 5.08801714032956
      vertex 5.818948707744539 1.7651587925755372 5.185090322016128
    endloop
  endfacet
  facet normal 0.9410275158922085 0.23571512191223015 0.24270474992393934
    outer loop
      vertex 5.963944696312126 1.1863023584648005 5.185090322016128
      vertex 5.818948707744539 1.7651587925755372 5.185090322016128
      vertex 5.940557925566736 1.181650440530472 5.280284677254462
    endloop
  endfacet
  facet normal 0.9595569997186876 0.24035651598983918 0.14655752970112726
    outer loop
      vertex 5.978067461258689 1.1891115510742658 5.08801714032956
      vertex 5.818948707744539 1.7651587925755372 5.185090322016128
      vertex 5.963944696312126 1.1863023584648005 5.185090322016128
    endloop
  endfacet
  facet normal 0.96886561619038 0.24268820303340582 0.04900871220968569
    outer loop
      vertex 5.9827902104597115 1.1900509642983828 4.99
      vertex 5.832728118691534 1.7693387311883662 5.08801714032956
      vertex 5.978067461258689 1.1891115510742658 5.08801714032956
    endloop
  endfacet
  facet normal 0.9688656161903814 0.2426882030334391 0.049008712209491406
    outer loop
      vertex 5.9827902104597115 1.1900509642983828 4.99
      vertex 5.83733604796646 1.7707365312522185 4.99
      vertex 5.832728118691534 1.7693387311883662 5.08801714032956
    endloop
  endfacet
  facet normal 0.894228150928881 0.4229384169997743 0.14655752970093172
    outer loop
      vertex 5.631216415847831 2.332526212102188 5.08801714032956
      vertex 5.362773842724096 2.866462338521643 5.185090322016128
      vertex 5.617913062160454 2.3270157825798243 5.185090322016128
    endloop
  endfacet
  facet normal 0.9029030153690248 0.4270413223155962 0.04900871220986748
    outer loop
      vertex 5.63566514831885 2.3343689374270475 4.99
      vertex 5.379719712524974 2.875520094638585 4.99
      vertex 5.631216415847831 2.332526212102188 5.08801714032956
    endloop
  endfacet
  facet normal 0.9133920890119684 0.326816915251897 0.2427047499238257
    outer loop
      vertex 5.818948707744539 1.7651587925755372 5.185090322016128
      vertex 5.617913062160454 2.3270157825798243 5.185090322016128
      vertex 5.7961305183855245 1.7582369705075607 5.280284677254462
    endloop
  endfacet
  facet normal 0.9313774121345716 0.3332521667648546 0.14655752970092611
    outer loop
      vertex 5.818948707744539 1.7651587925755372 5.185090322016128
      vertex 5.631216415847831 2.332526212102188 5.08801714032956
      vertex 5.617913062160454 2.3270157825798243 5.185090322016128
    endloop
  endfacet
  facet normal 0.931377412134517 0.33325216676488445 0.14655752970120617
    outer loop
      vertex 5.832728118691534 1.7693387311883662 5.08801714032956
      vertex 5.631216415847831 2.332526212102188 5.08801714032956
      vertex 5.818948707744539 1.7651587925755372 5.185090322016128
    endloop
  endfacet
  facet normal 0.940412659777438 0.33648503006501557 0.04900871220987306
    outer loop
      vertex 5.832728118691534 1.7693387311883662 5.08801714032956
      vertex 5.63566514831885 2.3343689374270475 4.99
      vertex 5.631216415847831 2.332526212102188 5.08801714032956
    endloop
  endfacet
  facet normal 0.9404126597774761 0.33648503006496366 0.04900871220949757
    outer loop
      vertex 5.83733604796646 1.7707365312522185 4.99
      vertex 5.63566514831885 2.3343689374270475 4.99
      vertex 5.832728118691534 1.7693387311883662 5.08801714032956
    endloop
  endfacet
  facet normal 0.8769601970035884 0.414771283041397 0.2427047499238956
    outer loop
      vertex 5.617913062160454 2.3270157825798243 5.185090322016128
      vertex 5.362773842724096 2.866462338521643 5.185090322016128
      vertex 5.341744478971492 2.8552219094139275 5.280284677254462
    endloop
  endfacet
  facet normal 0.832082698902865 0.4987311766381844 0.2427047499238866
    outer loop
      vertex 5.341744478971492 2.8552219094139275 5.280284677254462
      vertex 5.362773842724096 2.866462338521643 5.185090322016128
      vertex 5.055988179591907 3.3783032951757903 5.185090322016128
    endloop
  endfacet
  facet normal 0.8484669837949133 0.5085515390773514 0.14655752970086403
    outer loop
      vertex 5.375473020583513 2.8732501905049332 5.08801714032956
      vertex 5.055988179591907 3.3783032951757903 5.185090322016128
      vertex 5.362773842724096 2.866462338521643 5.185090322016128
    endloop
  endfacet
  facet normal 0.8942281509288859 0.42293841699979096 0.14655752970085378
    outer loop
      vertex 5.631216415847831 2.332526212102188 5.08801714032956
      vertex 5.375473020583513 2.8732501905049332 5.08801714032956
      vertex 5.362773842724096 2.866462338521643 5.185090322016128
    endloop
  endfacet
  facet normal 0.9029030153690168 0.42704132231560504 0.049008712209937494
    outer loop
      vertex 5.631216415847831 2.332526212102188 5.08801714032956
      vertex 5.379719712524974 2.875520094638585 4.99
      vertex 5.375473020583513 2.8732501905049332 5.08801714032956
    endloop
  endfacet
  facet normal 0.8566979213456072 0.5134849731877655 0.04900871220992725
    outer loop
      vertex 5.379719712524974 2.875520094638585 4.99
      vertex 5.0679608815985375 3.386303198894794 5.08801714032956
      vertex 5.375473020583513 2.8732501905049332 5.08801714032956
    endloop
  endfacet
  facet normal 0.032991480034376484 0.036400488865740245 0.9987925543652578
    outer loop
      vertex 3.6062445840513817 3.6062445840513924 5.99
      vertex 3.6755531686509357 3.6755531686509393 5.985184726672197
      vertex 3.2975871647925885 4.0181215862334305 5.985184726672197
    endloop
  endfacet
  facet normal 0.09865443768343403 0.10884839833526444 0.9891508116082265
    outer loop
      vertex 3.6755531686509357 3.6755531686509393 5.985184726672197
      vertex 3.7441942736928695 3.7441942736928624 5.970785280403231
      vertex 3.359169739326944 4.093160170418329 5.970785280403231
    endloop
  endfacet
  facet normal 0.16336066667430038 0.18024072039756925 0.9699621514751456
    outer loop
      vertex 3.8115068478125806 3.81150684781257 5.946940335732209
      vertex 3.4195603989804226 4.166746402118687 5.946940335732209
      vertex 3.7441942736928695 3.7441942736928624 5.970785280403231
    endloop
  endfacet
  facet normal 0.036400488865740044 0.03299148003437634 0.9987925543652578
    outer loop
      vertex 3.6062445840513817 3.6062445840513924 5.99
      vertex 3.9423533121499474 3.235405749234591 5.99
      vertex 3.6755531686509357 3.6755531686509393 5.985184726672197
    endloop
  endfacet
  facet normal 0.10884839833526537 0.09865443768343156 0.9891508116082266
    outer loop
      vertex 3.6755531686509357 3.6755531686509393 5.985184726672197
      vertex 4.093160170418315 3.3591697393269477 5.970785280403231
      vertex 3.7441942736928695 3.7441942736928624 5.970785280403231
    endloop
  endfacet
  facet normal 0.18024072039756586 0.1633606666743029 0.9699621514751458
    outer loop
      vertex 3.8115068478125806 3.81150684781257 5.946940335732209
      vertex 3.7441942736928695 3.7441942736928624 5.970785280403231
      vertex 4.16674640211869 3.4195603989804333 5.946940335732209
    endloop
  endfacet
  facet normal 0.16336066667431898 0.18024072039758324 0.9699621514751399
    outer loop
      vertex 3.7441942736928695 3.7441942736928624 5.970785280403231
      vertex 3.4195603989804226 4.166746402118687 5.946940335732209
      vertex 3.359169739326944 4.093160170418329 5.970785280403231
    endloop
  endfacet
  facet normal 0.22648322786849415 0.2498857343081974 0.9414151407766506
    outer loop
      vertex 3.8115068478125806 3.81150684781257 5.946940335732209
      vertex 3.478177548687711 4.238171605696905 5.913879532511287
      vertex 3.4195603989804226 4.166746402118687 5.946940335732209
    endloop
  endfacet
  facet normal 0.2874113336052506 0.31710953973220246 0.9037899452450674
    outer loop
      vertex 3.478177548687711 4.238171605696905 5.913879532511287
      vertex 3.8768426341245004 3.8768426341244897 5.913879532511287
      vertex 3.5344566732536578 4.306747917397537 5.871921264348355
    endloop
  endfacet
  facet normal 0.34555647833825964 0.3812628208595005 0.8574551776674489
    outer loop
      vertex 3.58785577394346 4.371814909851281 5.821469612302545
      vertex 3.5344566732536578 4.306747917397537 5.871921264348355
      vertex 3.9990920632449445 3.9990920632449445 5.821469612302545
    endloop
  endfacet
  facet normal 0.22648322786853928 0.2498857343082311 0.9414151407766308
    outer loop
      vertex 3.8115068478125806 3.81150684781257 5.946940335732209
      vertex 3.8768426341245004 3.8768426341244897 5.913879532511287
      vertex 3.478177548687711 4.238171605696905 5.913879532511287
    endloop
  endfacet
  facet normal 0.28741133360520216 0.31710953973216666 0.9037899452450955
    outer loop
      vertex 3.5344566732536578 4.306747917397537 5.871921264348355
      vertex 3.8768426341245004 3.8768426341244897 5.913879532511287
      vertex 3.9395724132902785 3.9395724132902643 5.871921264348355
    endloop
  endfacet
  facet normal 0.3455564783382808 0.38126282085953644 0.8574551776674244
    outer loop
      vertex 3.5344566732536578 4.306747917397537 5.871921264348355
      vertex 3.9395724132902785 3.9395724132902643 5.871921264348355
      vertex 3.9990920632449445 3.9990920632449445 5.821469612302545
    endloop
  endfacet
  facet normal 0.40035825506479494 0.44172726384534056 0.8028638066180225
    outer loop
      vertex 3.58785577394346 4.371814909851281 5.821469612302545
      vertex 3.9990920632449445 3.9990920632449445 5.821469612302545
      vertex 3.6378605882265163 4.432745952351574 5.763010453362737
    endloop
  endfacet
  facet normal 0.45128978885300614 0.49792155178395503 0.7405482123036063
    outer loop
      vertex 3.6839895424058966 4.488954245650838 5.697106781186548
      vertex 3.6378605882265163 4.432745952351574 5.763010453362737
      vertex 4.106244584051382 4.106244584051392 5.697106781186548
    endloop
  endfacet
  facet normal 0.4003582550647448 0.4417272638453048 0.8028638066180671
    outer loop
      vertex 3.6378605882265163 4.432745952351574 5.763010453362737
      vertex 3.9990920632449445 3.9990920632449445 5.821469612302545
      vertex 4.054828377222719 4.054828377222712 5.763010453362737
    endloop
  endfacet
  facet normal 0.45128978885304016 0.49792155178401637 0.7405482123035445
    outer loop
      vertex 3.6378605882265163 4.432745952351574 5.763010453362737
      vertex 4.054828377222719 4.054828377222712 5.763010453362737
      vertex 4.106244584051382 4.106244584051392 5.697106781186548
    endloop
  endfacet
  facet normal 0.18024072039755376 0.1633606666742868 0.9699621514751509
    outer loop
      vertex 3.7441942736928695 3.7441942736928624 5.970785280403231
      vertex 4.093160170418315 3.3591697393269477 5.970785280403231
      vertex 4.16674640211869 3.4195603989804333 5.946940335732209
    endloop
  endfacet
  facet normal 0.2498857343082346 0.22648322786853567 0.9414151407766306
    outer loop
      vertex 3.8115068478125806 3.81150684781257 5.946940335732209
      vertex 4.16674640211869 3.4195603989804333 5.946940335732209
      vertex 3.8768426341245004 3.8768426341244897 5.913879532511287
    endloop
  endfacet
  facet normal 0.24988573430827046 0.22648322786855732 0.9414151407766159
    outer loop
      vertex 4.16674640211869 3.4195603989804333 5.946940335732209
      vertex 4.238171605696891 3.4781775486876967 5.913879532511287
      vertex 3.8768426341245004 3.8768426341244897 5.913879532511287
    endloop
  endfacet
  facet normal 0.3171095397321629 0.2874113336051924 0.9037899452450999
    outer loop
      vertex 4.238171605696891 3.4781775486876967 5.913879532511287
      vertex 4.30674791739753 3.5344566732536613 5.871921264348355
      vertex 3.8768426341245004 3.8768426341244897 5.913879532511287
    endloop
  endfacet
  facet normal 0.31710953973216793 0.28741133360519927 0.9037899452450958
    outer loop
      vertex 4.30674791739753 3.5344566732536613 5.871921264348355
      vertex 3.9395724132902785 3.9395724132902643 5.871921264348355
      vertex 3.8768426341245004 3.8768426341244897 5.913879532511287
    endloop
  endfacet
  facet normal 0.3812628208595421 0.345556478338281 0.8574551776674217
    outer loop
      vertex 4.30674791739753 3.5344566732536613 5.871921264348355
      vertex 3.9990920632449445 3.9990920632449445 5.821469612302545
      vertex 3.9395724132902785 3.9395724132902643 5.871921264348355
    endloop
  endfacet
  facet normal 0.3812628208594908 0.3455564783382509 0.8574551776674566
    outer loop
      vertex 4.371814909851281 3.58785577394346 5.821469612302545
      vertex 3.9990920632449445 3.9990920632449445 5.821469612302545
      vertex 4.30674791739753 3.5344566732536613 5.871921264348355
    endloop
  endfacet
  facet normal 0.44172726384529426 0.4003582550647523 0.8028638066180692
    outer loop
      vertex 4.432745952351581 3.637860588226527 5.763010453362737
      vertex 4.054828377222719 4.054828377222712 5.763010453362737
      vertex 3.9990920632449445 3.9990920632449445 5.821469612302545
    endloop
  endfacet
  facet normal 0.4979215517840112 0.4512897888530547 0.7405482123035392
    outer loop
      vertex 4.432745952351581 3.637860588226527 5.763010453362737
      vertex 4.106244584051382 4.106244584051392 5.697106781186548
      vertex 4.054828377222719 4.054828377222712 5.763010453362737
    endloop
  endfacet
  facet normal 0.4417272638452956 0.40035825506475425 0.8028638066180676
    outer loop
      vertex 4.371814909851281 3.58785577394346 5.821469612302545
      vertex 4.432745952351581 3.637860588226527 5.763010453362737
      vertex 3.9990920632449445 3.9990920632449445 5.821469612302545
    endloop
  endfacet
  facet normal 0.49792155178398184 0.4512897888530384 0.7405482123035687
    outer loop
      vertex 4.488954245650831 3.683989542405911 5.697106781186548
      vertex 4.106244584051382 4.106244584051392 5.697106781186548
      vertex 4.432745952351581 3.637860588226527 5.763010453362737
    endloop
  endfacet
  facet normal 0.49786273227688277 0.5493068763216683 0.6711144875768428
    outer loop
      vertex 3.725798389436193 4.539898473158022 5.624393284163646
      vertex 4.106244584051382 4.106244584051392 5.697106781186548
      vertex 4.152845517552265 4.152845517552272 5.624393284163646
    endloop
  endfacet
  facet normal 0.5493068763216581 0.497862732276892 0.6711144875768444
    outer loop
      vertex 4.488954245650831 3.683989542405911 5.697106781186548
      vertex 4.152845517552265 4.152845517552272 5.624393284163646
      vertex 4.106244584051382 4.106244584051392 5.697106781186548
    endloop
  endfacet
  facet normal 0.4003118585553228 0.5397580579796049 0.7405482123036075
    outer loop
      vertex 3.6839895424058966 4.488954245650838 5.697106781186548
      vertex 3.185858213108844 4.767973760773867 5.763010453362737
      vertex 3.6378605882265163 4.432745952351574 5.763010453362737
    endloop
  endfacet
  facet normal 0.4416238979608688 0.5954608948657847 0.671114487576812
    outer loop
      vertex 3.725798389436193 4.539898473158022 5.624393284163646
      vertex 3.262869786101305 4.883229724706311 5.624393284163646
      vertex 3.6839895424058966 4.488954245650838 5.697106781186548
    endloop
  endfacet
  facet normal 0.497862732276907 0.5493068763216845 0.6711144875768118
    outer loop
      vertex 3.725798389436193 4.539898473158022 5.624393284163646
      vertex 3.6839895424058966 4.488954245650838 5.697106781186548
      vertex 4.106244584051382 4.106244584051392 5.697106781186548
    endloop
  endfacet
  facet normal 0.5396317817734799 0.5953919206891604 0.595236088353228
    outer loop
      vertex 3.725798389436193 4.539898473158022 5.624393284163646
      vertex 4.152845517552265 4.152845517552272 5.624393284163646
      vertex 4.194182385261058 4.1941823852610725 5.545570233019602
    endloop
  endfacet
  facet normal 0.5761986878472881 0.6357372842801892 0.5136469385668656
    outer loop
      vertex 4.229857090544726 4.229857090544726 5.461396736825998
      vertex 3.794890676498312 4.624087668534116 5.461396736825998
      vertex 4.194182385261058 4.1941823852610725 5.545570233019602
    endloop
  endfacet
  facet normal 0.5953919206891405 0.5396317817735047 0.5952360883532256
    outer loop
      vertex 4.152845517552265 4.152845517552272 5.624393284163646
      vertex 4.585088014113296 3.7628844872654774 5.545570233019602
      vertex 4.194182385261058 4.1941823852610725 5.545570233019602
    endloop
  endfacet
  facet normal 0.6357372842801954 0.5761986878472749 0.5136469385668726
    outer loop
      vertex 4.229857090544726 4.229857090544726 5.461396736825998
      vertex 4.194182385261058 4.1941823852610725 5.545570233019602
      vertex 4.624087668534116 3.794890676498298 5.461396736825998
    endloop
  endfacet
  facet normal 0.47867469380658895 0.6454181099342066 0.5952360883532893
    outer loop
      vertex 3.725798389436193 4.539898473158022 5.624393284163646
      vertex 3.7628844872654668 4.585088014113289 5.545570233019602
      vertex 3.2953479546556252 4.931836738925526 5.545570233019602
    endloop
  endfacet
  facet normal 0.5111109830681245 0.6891533831361394 0.5136469385669002
    outer loop
      vertex 3.3233773907389264 4.973785754492077 5.461396736825998
      vertex 3.7628844872654668 4.585088014113289 5.545570233019602
      vertex 3.794890676498312 4.624087668534116 5.461396736825998
    endloop
  endfacet
  facet normal 0.5386243369940077 0.7262508464417109 0.4271340909368672
    outer loop
      vertex 3.8215087200360074 4.656521848429062 5.37268343236509
      vertex 3.3233773907389264 4.973785754492077 5.461396736825998
      vertex 3.794890676498312 4.624087668534116 5.461396736825998
    endloop
  endfacet
  facet normal 0.5396317817734586 0.5953919206891173 0.5952360883532904
    outer loop
      vertex 3.725798389436193 4.539898473158022 5.624393284163646
      vertex 4.194182385261058 4.1941823852610725 5.545570233019602
      vertex 3.7628844872654668 4.585088014113289 5.545570233019602
    endloop
  endfacet
  facet normal 0.5761986878472614 0.6357372842801738 0.5136469385669146
    outer loop
      vertex 4.194182385261058 4.1941823852610725 5.545570233019602
      vertex 3.794890676498312 4.624087668534116 5.461396736825998
      vertex 3.7628844872654668 4.585088014113289 5.545570233019602
    endloop
  endfacet
  facet normal 0.5609537914983201 0.7563586305140575 0.3365300370703316
    outer loop
      vertex 3.3650557537085604 5.036161832690908 5.280284677254462
      vertex 3.8215087200360074 4.656521848429062 5.37268343236509
      vertex 3.8424822715684 4.682078194915402 5.280284677254462
    endloop
  endfacet
  facet normal 0.5778880163697565 0.7791917895490742 0.24270474992372792
    outer loop
      vertex 3.3650557537085604 5.036161832690908 5.280284677254462
      vertex 3.8424822715684 4.682078194915402 5.280284677254462
      vertex 3.8576093443289494 4.700510586405958 5.185090322016128
    endloop
  endfacet
  facet normal 0.5609537914983289 0.756358630514062 0.33653003707030643
    outer loop
      vertex 3.3650557537085604 5.036161832690908 5.280284677254462
      vertex 3.3466881555593204 5.008672779454397 5.37268343236509
      vertex 3.8215087200360074 4.656521848429062 5.37268343236509
    endloop
  endfacet
  facet normal 0.6072157447205352 0.6699593328874717 0.4271340909368624
    outer loop
      vertex 4.229857090544726 4.229857090544726 5.461396736825998
      vertex 3.8215087200360074 4.656521848429062 5.37268343236509
      vertex 3.794890676498312 4.624087668534116 5.461396736825998
    endloop
  endfacet
  facet normal 0.6072157447205423 0.6699593328874752 0.42713409093684673
    outer loop
      vertex 4.25952606648957 4.259526066489581 5.37268343236509
      vertex 3.8215087200360074 4.656521848429062 5.37268343236509
      vertex 4.229857090544726 4.229857090544726 5.461396736825998
    endloop
  endfacet
  facet normal 0.6323887556945263 0.6977334704745387 0.3365300370705189
    outer loop
      vertex 4.282903584638575 4.282903584638568 5.280284677254462
      vertex 3.8215087200360074 4.656521848429062 5.37268343236509
      vertex 4.25952606648957 4.259526066489581 5.37268343236509
    endloop
  endfacet
  facet normal 0.632388755694548 0.6977334704746141 0.3365300370703215
    outer loop
      vertex 4.282903584638575 4.282903584638568 5.280284677254462
      vertex 3.8424822715684 4.682078194915402 5.280284677254462
      vertex 3.8215087200360074 4.656521848429062 5.37268343236509
    endloop
  endfacet
  facet normal 0.6514794785979338 0.7187968373123419 0.2427047499237277
    outer loop
      vertex 4.282903584638575 4.282903584638568 5.280284677254462
      vertex 3.8576093443289494 4.700510586405958 5.185090322016128
      vertex 3.8424822715684 4.682078194915402 5.280284677254462
    endloop
  endfacet
  facet normal 0.5397580579796508 0.4003118585553407 0.7405482123035643
    outer loop
      vertex 4.488954245650831 3.683989542405911 5.697106781186548
      vertex 4.432745952351581 3.637860588226527 5.763010453362737
      vertex 4.828432823952653 3.2262556675935237 5.697106781186548
    endloop
  endfacet
  facet normal 0.549306876321673 0.49786273227689987 0.6711144875768263
    outer loop
      vertex 4.5398984731580185 3.725798389436207 5.624393284163646
      vertex 4.152845517552265 4.152845517552272 5.624393284163646
      vertex 4.488954245650831 3.683989542405911 5.697106781186548
    endloop
  endfacet
  facet normal 0.5954608948657916 0.44162389796083656 0.6711144875768273
    outer loop
      vertex 4.5398984731580185 3.725798389436207 5.624393284163646
      vertex 4.488954245650831 3.683989542405911 5.697106781186548
      vertex 4.883229724706297 3.2628697861012945 5.624393284163646
    endloop
  endfacet
  facet normal 0.5953919206890993 0.5396317817734385 0.5952360883533268
    outer loop
      vertex 4.5398984731580185 3.725798389436207 5.624393284163646
      vertex 4.585088014113296 3.7628844872654774 5.545570233019602
      vertex 4.152845517552265 4.152845517552272 5.624393284163646
    endloop
  endfacet
  facet normal 0.6357372842802339 0.5761986878473423 0.5136469385667494
    outer loop
      vertex 4.194182385261058 4.1941823852610725 5.545570233019602
      vertex 4.585088014113296 3.7628844872654774 5.545570233019602
      vertex 4.624087668534116 3.794890676498298 5.461396736825998
    endloop
  endfacet
  facet normal 0.6454181099341979 0.4786746938065486 0.595236088353331
    outer loop
      vertex 4.5398984731580185 3.725798389436207 5.624393284163646
      vertex 4.883229724706297 3.2628697861012945 5.624393284163646
      vertex 4.585088014113296 3.7628844872654774 5.545570233019602
    endloop
  endfacet
  facet normal 0.6891533831362091 0.5111109830681851 0.5136469385667464
    outer loop
      vertex 4.624087668534116 3.794890676498298 5.461396736825998
      vertex 4.585088014113296 3.7628844872654774 5.545570233019602
      vertex 4.97378575449207 3.32337739073893 5.461396736825998
    endloop
  endfacet
  facet normal 0.726250846441684 0.538624336993997 0.42713409093692645
    outer loop
      vertex 4.656521848429065 3.8215087200360003 5.37268343236509
      vertex 4.624087668534116 3.794890676498298 5.461396736825998
      vertex 4.97378575449207 3.32337739073893 5.461396736825998
    endloop
  endfacet
  facet normal 0.6699593328874598 0.6072157447205047 0.4271340909369242
    outer loop
      vertex 4.229857090544726 4.229857090544726 5.461396736825998
      vertex 4.624087668534116 3.794890676498298 5.461396736825998
      vertex 4.656521848429065 3.8215087200360003 5.37268343236509
    endloop
  endfacet
  facet normal 0.756358630514055 0.5609537914983393 0.33653003707030504
    outer loop
      vertex 5.036161832690908 3.365055753708571 5.280284677254462
      vertex 4.682078194915391 3.8424822715684073 5.280284677254462
      vertex 4.656521848429065 3.8215087200360003 5.37268343236509
    endloop
  endfacet
  facet normal 0.7791917895490487 0.5778880163697593 0.24270474992380311
    outer loop
      vertex 5.036161832690908 3.365055753708571 5.280284677254462
      vertex 4.700510586405954 3.85760934432896 5.185090322016128
      vertex 4.682078194915391 3.8424822715684073 5.280284677254462
    endloop
  endfacet
  facet normal 0.6699593328874788 0.6072157447205426 0.4271340909368405
    outer loop
      vertex 4.25952606648957 4.259526066489581 5.37268343236509
      vertex 4.229857090544726 4.229857090544726 5.461396736825998
      vertex 4.656521848429065 3.8215087200360003 5.37268343236509
    endloop
  endfacet
  facet normal 0.6977334704745372 0.6323887556945221 0.33653003707053
    outer loop
      vertex 4.282903584638575 4.282903584638568 5.280284677254462
      vertex 4.25952606648957 4.259526066489581 5.37268343236509
      vertex 4.656521848429065 3.8215087200360003 5.37268343236509
    endloop
  endfacet
  facet normal 0.6977334704746203 0.6323887556945459 0.33653003707031287
    outer loop
      vertex 4.282903584638575 4.282903584638568 5.280284677254462
      vertex 4.656521848429065 3.8215087200360003 5.37268343236509
      vertex 4.682078194915391 3.8424822715684073 5.280284677254462
    endloop
  endfacet
  facet normal 0.7187968373123322 0.651479478597917 0.2427047499238011
    outer loop
      vertex 4.282903584638575 4.282903584638568 5.280284677254462
      vertex 4.682078194915391 3.8424822715684073 5.280284677254462
      vertex 4.700510586405954 3.85760934432896 5.185090322016128
    endloop
  endfacet
  facet normal 0.7563586305140351 0.5609537914983005 0.3365300370704147
    outer loop
      vertex 5.036161832690908 3.365055753708571 5.280284677254462
      vertex 4.656521848429065 3.8215087200360003 5.37268343236509
      vertex 5.0086727794544 3.346688155559306 5.37268343236509
    endloop
  endfacet
  facet normal 0.5778880163697561 0.7791917895490638 0.2427047499237625
    outer loop
      vertex 3.378303295175783 5.0559881795919 5.185090322016128
      vertex 3.3650557537085604 5.036161832690908 5.280284677254462
      vertex 3.8576093443289494 4.700510586405958 5.185090322016128
    endloop
  endfacet
  facet normal 0.5892670318310259 0.7945346157877379 0.1465575297010851
    outer loop
      vertex 3.378303295175783 5.0559881795919 5.185090322016128
      vertex 3.8576093443289494 4.700510586405958 5.185090322016128
      vertex 3.866744256337654 4.711641508894505 5.08801714032956
    endloop
  endfacet
  facet normal 0.5892670318310238 0.7945346157877476 0.1465575297010403
    outer loop
      vertex 3.3863031988947796 5.067960881598527 5.08801714032956
      vertex 3.378303295175783 5.0559881795919 5.185090322016128
      vertex 3.866744256337654 4.711641508894505 5.08801714032956
    endloop
  endfacet
  facet normal 0.5949834830687529 0.8022423580208834 0.04900871220984801
    outer loop
      vertex 3.38897842141958 5.071964635045525 4.99
      vertex 3.3863031988947796 5.067960881598527 5.08801714032956
      vertex 3.866744256337654 4.711641508894505 5.08801714032956
    endloop
  endfacet
  facet normal 0.5949834830687594 0.8022423580208811 0.04900871220980804
    outer loop
      vertex 3.38897842141958 5.071964635045525 4.99
      vertex 3.866744256337654 4.711641508894505 5.08801714032956
      vertex 3.8697990333982375 4.715363765512695 4.99
    endloop
  endfacet
  facet normal 0.6643075609420321 0.7329504450937762 0.1465575297010823
    outer loop
      vertex 4.299764506712478 4.299764506712467 5.185090322016128
      vertex 3.866744256337654 4.711641508894505 5.08801714032956
      vertex 3.8576093443289494 4.700510586405958 5.185090322016128
    endloop
  endfacet
  facet normal 0.6514794785979192 0.7187968373123383 0.24270474992377666
    outer loop
      vertex 4.299764506712478 4.299764506712467 5.185090322016128
      vertex 3.8576093443289494 4.700510586405958 5.185090322016128
      vertex 4.282903584638575 4.282903584638568 5.280284677254462
    endloop
  endfacet
  facet normal 0.664307560942042 0.7329504450937762 0.14655752970103741
    outer loop
      vertex 4.309946452814586 4.309946452814586 5.08801714032956
      vertex 3.866744256337654 4.711641508894505 5.08801714032956
      vertex 4.299764506712478 4.299764506712467 5.185090322016128
    endloop
  endfacet
  facet normal 0.6707519767566907 0.7400607622381691 0.04900871220968762
    outer loop
      vertex 4.313351365237935 4.313351365237942 4.99
      vertex 3.866744256337654 4.711641508894505 5.08801714032956
      vertex 4.309946452814586 4.309946452814586 5.08801714032956
    endloop
  endfacet
  facet normal 0.6707519767567024 0.7400607622381499 0.04900871220981885
    outer loop
      vertex 4.313351365237935 4.313351365237942 4.99
      vertex 3.8697990333982375 4.715363765512695 4.99
      vertex 3.866744256337654 4.711641508894505 5.08801714032956
    endloop
  endfacet
  facet normal 0.7187968373123338 0.6514794785979234 0.2427047499237791
    outer loop
      vertex 4.299764506712478 4.299764506712467 5.185090322016128
      vertex 4.282903584638575 4.282903584638568 5.280284677254462
      vertex 4.700510586405954 3.85760934432896 5.185090322016128
    endloop
  endfacet
  facet normal 0.7329504450937778 0.664307560942042 0.14655752970103003
    outer loop
      vertex 4.309946452814586 4.309946452814586 5.08801714032956
      vertex 4.299764506712478 4.299764506712467 5.185090322016128
      vertex 4.700510586405954 3.85760934432896 5.185090322016128
    endloop
  endfacet
  facet normal 0.7329504450937608 0.6643075609420437 0.14655752970110605
    outer loop
      vertex 4.309946452814586 4.309946452814586 5.08801714032956
      vertex 4.700510586405954 3.85760934432896 5.185090322016128
      vertex 4.711641508894502 3.866744256337668 5.08801714032956
    endloop
  endfacet
  facet normal 0.7400607622381616 0.6707519767566995 0.049008712209682635
    outer loop
      vertex 4.313351365237935 4.313351365237942 4.99
      vertex 4.309946452814586 4.309946452814586 5.08801714032956
      vertex 4.711641508894502 3.866744256337668 5.08801714032956
    endloop
  endfacet
  facet normal 0.7400607622381401 0.6707519767567124 0.04900871220982889
    outer loop
      vertex 4.313351365237935 4.313351365237942 4.99
      vertex 4.711641508894502 3.866744256337668 5.08801714032956
      vertex 4.715363765512706 3.8697990333982375 4.99
    endloop
  endfacet
  facet normal 0.794534615787729 0.5892670318310325 0.14655752970110644
    outer loop
      vertex 5.055988179591907 3.3783032951757903 5.185090322016128
      vertex 4.711641508894502 3.866744256337668 5.08801714032956
      vertex 4.700510586405954 3.85760934432896 5.185090322016128
    endloop
  endfacet
  facet normal 0.7791917895490506 0.5778880163697593 0.24270474992379681
    outer loop
      vertex 5.055988179591907 3.3783032951757903 5.185090322016128
      vertex 4.700510586405954 3.85760934432896 5.185090322016128
      vertex 5.036161832690908 3.365055753708571 5.280284677254462
    endloop
  endfacet
  facet normal 0.7945346157877281 0.5892670318310327 0.14655752970111083
    outer loop
      vertex 5.0679608815985375 3.386303198894794 5.08801714032956
      vertex 4.711641508894502 3.866744256337668 5.08801714032956
      vertex 5.055988179591907 3.3783032951757903 5.185090322016128
    endloop
  endfacet
  facet normal 0.8022423580208783 0.5949834830687729 0.04900871220968987
    outer loop
      vertex 5.071964635045532 3.388978421419573 4.99
      vertex 4.711641508894502 3.866744256337668 5.08801714032956
      vertex 5.0679608815985375 3.386303198894794 5.08801714032956
    endloop
  endfacet
  facet normal 0.802242358020887 0.594983483068749 0.049008712209838046
    outer loop
      vertex 5.071964635045532 3.388978421419573 4.99
      vertex 4.715363765512706 3.8697990333982375 4.99
      vertex 4.711641508894502 3.866744256337668 5.08801714032956
    endloop
  endfacet
  facet normal 0.9987954562051737 0.04906767432738938 0
    outer loop
      vertex 6.099999999999994 0 4.99
      vertex 6.099999999999994 0 1.5
      vertex 6.0706268327004125 0.5979045560103202 4.99
    endloop
  endfacet
  facet normal 0.9891765099647797 0.14673047445537116 0
    outer loop
      vertex 6.0706268327004125 0.5979045560103202 4.99
      vertex 6.0706268327004125 0.5979045560103202 1.5
      vertex 5.9827902104597115 1.1900509642983828 4.99
    endloop
  endfacet
  facet normal 0.9700312531945359 0.24298017990329626 0
    outer loop
      vertex 5.9827902104597115 1.1900509642983828 4.99
      vertex 5.9827902104597115 1.1900509642983828 1.5
      vertex 5.83733604796646 1.7707365312522185 4.99
    endloop
  endfacet
  facet normal 0.9039892931234478 0.4275550934302725 0
    outer loop
      vertex 5.63566514831885 2.3343689374270475 4.99
      vertex 5.63566514831885 2.3343689374270475 1.5
      vertex 5.379719712524974 2.875520094638585 4.99
    endloop
  endfacet
  facet normal 0.9415440651830292 0.3368898533921967 0
    outer loop
      vertex 5.83733604796646 1.7707365312522185 4.99
      vertex 5.83733604796646 1.7707365312522185 1.5
      vertex 5.63566514831885 2.3343689374270475 4.99
    endloop
  endfacet
  facet normal 0.8577286100002707 0.5141027441932241 0
    outer loop
      vertex 5.379719712524974 2.875520094638585 4.99
      vertex 5.379719712524974 2.875520094638585 1.5
      vertex 5.071964635045532 3.388978421419573 4.99
    endloop
  endfacet
  facet normal 0.5956993044924379 0.8032075314806414 -1.7587810615911085e-18
    outer loop
      vertex 3.38897842141958 5.071964635045525 4.99
      vertex 3.8697990333982375 4.715363765512695 4.99
      vertex 3.8697990333982375 4.715363765512695 1.5
    endloop
  endfacet
  facet normal 0.67155895484702 0.7409511253549576 0
    outer loop
      vertex 4.313351365237935 4.313351365237942 4.99
      vertex 4.313351365237935 4.313351365237942 1.5
      vertex 3.8697990333982375 4.715363765512695 4.99
    endloop
  endfacet
  facet normal 0.7409511253549481 0.6715589548470305 3.497307942554373e-18
    outer loop
      vertex 4.313351365237935 4.313351365237942 4.99
      vertex 4.715363765512706 3.8697990333982375 4.99
      vertex 4.715363765512706 3.8697990333982375 1.5
    endloop
  endfacet
  facet normal 0.8032075314806486 0.5956993044924284 0
    outer loop
      vertex 5.071964635045532 3.388978421419573 4.99
      vertex 5.071964635045532 3.388978421419573 1.5
      vertex 4.715363765512706 3.8697990333982375 4.99
    endloop
  endfacet
  facet normal 0.049067674327416023 -0.9987954562051725 0
    outer loop
      vertex 0.5979045560103202 -6.070626832700402 4.99
      vertex 0 -6.1 1.5
      vertex 0.5979045560103202 -6.070626832700402 1.5
    endloop
  endfacet
  facet normal 0.14673047445536275 -0.9891765099647807 0
    outer loop
      vertex 1.1900509642983934 -5.982790210459704 4.99
      vertex 0.5979045560103202 -6.070626832700402 1.5
      vertex 1.1900509642983934 -5.982790210459704 1.5
    endloop
  endfacet
  facet normal 0.24298017990326418 -0.970031253194544 0
    outer loop
      vertex 1.7707365312522256 -5.837336047966474 4.99
      vertex 1.1900509642983934 -5.982790210459704 1.5
      vertex 1.7707365312522256 -5.837336047966474 1.5
    endloop
  endfacet
  facet normal 0.3368898533922159 -0.9415440651830222 0
    outer loop
      vertex 2.334368937427058 -5.63566514831885 4.99
      vertex 1.7707365312522256 -5.837336047966474 1.5
      vertex 2.334368937427058 -5.63566514831885 1.5
    endloop
  endfacet
  facet normal 0.427555093430296 -0.9039892931234368 0
    outer loop
      vertex 2.875520094638574 -5.379719712524967 4.99
      vertex 2.334368937427058 -5.63566514831885 1.5
      vertex 2.875520094638574 -5.379719712524967 1.5
    endloop
  endfacet
  facet normal 0.514102744193211 -0.8577286100002784 0
    outer loop
      vertex 3.38897842141958 -5.071964635045525 4.99
      vertex 2.875520094638574 -5.379719712524967 1.5
      vertex 3.38897842141958 -5.071964635045525 1.5
    endloop
  endfacet
  facet normal 0.5956993044924379 -0.8032075314806414 0
    outer loop
      vertex 3.8697990333982375 -4.715363765512695 4.99
      vertex 3.38897842141958 -5.071964635045525 1.5
      vertex 3.8697990333982375 -4.715363765512695 1.5
    endloop
  endfacet
  facet normal 0.67155895484702 -0.7409511253549576 0
    outer loop
      vertex 4.313351365237935 -4.313351365237942 4.99
      vertex 3.8697990333982375 -4.715363765512695 1.5
      vertex 4.313351365237935 -4.313351365237942 1.5
    endloop
  endfacet
  facet normal 0.7409511253549481 -0.6715589548470305 0
    outer loop
      vertex 4.715363765512706 -3.8697990333982375 4.99
      vertex 4.313351365237935 -4.313351365237942 1.5
      vertex 4.715363765512706 -3.8697990333982375 1.5
    endloop
  endfacet
  facet normal 0.8032075314806486 -0.5956993044924284 0
    outer loop
      vertex 5.071964635045532 -3.388978421419573 4.99
      vertex 4.715363765512706 -3.8697990333982375 1.5
      vertex 5.071964635045532 -3.388978421419573 1.5
    endloop
  endfacet
  facet normal 0.8577286100002707 -0.5141027441932241 0
    outer loop
      vertex 5.379719712524974 -2.875520094638585 4.99
      vertex 5.071964635045532 -3.388978421419573 1.5
      vertex 5.379719712524974 -2.875520094638585 1.5
    endloop
  endfacet
  facet normal 0.9039892931234478 -0.4275550934302725 0
    outer loop
      vertex 5.63566514831885 -2.3343689374270475 4.99
      vertex 5.379719712524974 -2.875520094638585 1.5
      vertex 5.63566514831885 -2.3343689374270475 1.5
    endloop
  endfacet
  facet normal 0.9415440651830292 -0.3368898533921967 0
    outer loop
      vertex 5.83733604796646 -1.7707365312522185 4.99
      vertex 5.63566514831885 -2.3343689374270475 1.5
      vertex 5.83733604796646 -1.7707365312522185 1.5
    endloop
  endfacet
  facet normal 0.9700312531945359 -0.24298017990329626 0
    outer loop
      vertex 5.9827902104597115 -1.1900509642983828 4.99
      vertex 5.83733604796646 -1.7707365312522185 1.5
      vertex 5.9827902104597115 -1.1900509642983828 1.5
    endloop
  endfacet
  facet normal 0.9891765099647797 -0.14673047445537116 0
    outer loop
      vertex 6.0706268327004125 -0.5979045560103202 4.99
      vertex 5.9827902104597115 -1.1900509642983828 1.5
      vertex 6.0706268327004125 -0.5979045560103202 1.5
    endloop
  endfacet
  facet normal 0.9987954562051737 -0.04906767432738938 0
    outer loop
      vertex 6.099999999999994 0 4.99
      vertex 6.0706268327004125 -0.5979045560103202 1.5
      vertex 6.099999999999994 0 1.5
    endloop
  endfacet
  facet normal 0.049067674327418986 0.9987954562051723 0
    outer loop
      vertex 0 6.100000000000001 4.99
      vertex 0.5979045560103202 6.070626832700402 1.5
      vertex 0 6.100000000000001 1.5
    endloop
  endfacet
  facet normal 0.14673047445536275 0.9891765099647807 0
    outer loop
      vertex 0.5979045560103202 6.070626832700402 4.99
      vertex 1.1900509642983934 5.982790210459704 1.5
      vertex 0.5979045560103202 6.070626832700402 1.5
    endloop
  endfacet
  facet normal 0.24298017990326418 0.970031253194544 0
    outer loop
      vertex 1.1900509642983934 5.982790210459704 4.99
      vertex 1.7707365312522256 5.837336047966474 1.5
      vertex 1.1900509642983934 5.982790210459704 1.5
    endloop
  endfacet
  facet normal 0.3368898533922159 0.9415440651830222 0
    outer loop
      vertex 1.7707365312522256 5.837336047966474 4.99
      vertex 2.334368937427058 5.63566514831885 1.5
      vertex 1.7707365312522256 5.837336047966474 1.5
    endloop
  endfacet
  facet normal 0.427555093430296 0.9039892931234368 0
    outer loop
      vertex 2.334368937427058 5.63566514831885 4.99
      vertex 2.875520094638574 5.379719712524967 1.5
      vertex 2.334368937427058 5.63566514831885 1.5
    endloop
  endfacet
  facet normal 0.514102744193211 0.8577286100002784 0
    outer loop
      vertex 2.875520094638574 5.379719712524967 4.99
      vertex 3.38897842141958 5.071964635045525 1.5
      vertex 2.875520094638574 5.379719712524967 1.5
    endloop
  endfacet
  facet normal 0.8577286100002707 0.5141027441932241 0
    outer loop
      vertex 5.071964635045532 3.388978421419573 4.99
      vertex 5.379719712524974 2.875520094638585 1.5
      vertex 5.071964635045532 3.388978421419573 1.5
    endloop
  endfacet
  facet normal 0.9987954562051737 0.04906767432738938 0
    outer loop
      vertex 6.0706268327004125 0.5979045560103202 4.99
      vertex 6.099999999999994 0 1.5
      vertex 6.0706268327004125 0.5979045560103202 1.5
    endloop
  endfacet
  facet normal 0.9891765099647797 0.14673047445537116 0
    outer loop
      vertex 5.9827902104597115 1.1900509642983828 4.99
      vertex 6.0706268327004125 0.5979045560103202 1.5
      vertex 5.9827902104597115 1.1900509642983828 1.5
    endloop
  endfacet
  facet normal 0.9700312531945359 0.24298017990329626 0
    outer loop
      vertex 5.83733604796646 1.7707365312522185 4.99
      vertex 5.9827902104597115 1.1900509642983828 1.5
      vertex 5.83733604796646 1.7707365312522185 1.5
    endloop
  endfacet
  facet normal 0.9415440651830292 0.3368898533921967 0
    outer loop
      vertex 5.63566514831885 2.3343689374270475 4.99
      vertex 5.83733604796646 1.7707365312522185 1.5
      vertex 5.63566514831885 2.3343689374270475 1.5
    endloop
  endfacet
  facet normal 0.9039892931234478 0.4275550934302725 0
    outer loop
      vertex 5.379719712524974 2.875520094638585 4.99
      vertex 5.63566514831885 2.3343689374270475 1.5
      vertex 5.379719712524974 2.875520094638585 1.5
    endloop
  endfacet
  facet normal 0.5956993044924379 0.8032075314806414 0
    outer loop
      vertex 3.38897842141958 5.071964635045525 4.99
      vertex 3.8697990333982375 4.715363765512695 1.5
      vertex 3.38897842141958 5.071964635045525 1.5
    endloop
  endfacet
  facet normal 0.67155895484702 0.7409511253549576 0
    outer loop
      vertex 3.8697990333982375 4.715363765512695 4.99
      vertex 4.313351365237935 4.313351365237942 1.5
      vertex 3.8697990333982375 4.715363765512695 1.5
    endloop
  endfacet
  facet normal 0.7409511253549481 0.6715589548470305 0
    outer loop
      vertex 4.313351365237935 4.313351365237942 4.99
      vertex 4.715363765512706 3.8697990333982375 1.5
      vertex 4.313351365237935 4.313351365237942 1.5
    endloop
  endfacet
  facet normal 0.8032075314806486 0.5956993044924284 0
    outer loop
      vertex 4.715363765512706 3.8697990333982375 4.99
      vertex 5.071964635045532 3.388978421419573 1.5
      vertex 4.715363765512706 3.8697990333982375 1.5
    endloop
  endfacet
  facet normal 0 0 1
    outer loop
      vertex -5.411073173539165 -4.440752989145519 1.5
      vertex -4.715363765512706 -3.8697990333982375 1.5
      vertex -5.820287286117804 -3.888991631137216 1.5
    endloop
  endfacet
  facet normal 0 0 1
    outer loop
      vertex -4.440752989145523 -5.411073173539158 1.5
      vertex -3.888991631137202 -5.820287286117818 1.5
      vertex -2.875520094638574 -5.379719712524967 1.5
    endloop
  endfacet
  facet normal 0 0 1
    outer loop
      vertex -4.440752989145523 -5.411073173539158 1.5
      vertex -2.875520094638574 -5.379719712524967 1.5
      vertex -3.38897842141958 -5.071964635045525 1.5
    endloop
  endfacet
  facet normal 0 0 1
    outer loop
      vertex -5.411073173539165 -4.440752989145519 1.5
      vertex -4.949747468305844 -4.949747468305834 1.5
      vertex -4.313351365237935 -4.313351365237942 1.5
    endloop
  endfacet
  facet normal 0 0 1
    outer loop
      vertex -4.440752989145523 -5.411073173539158 1.5
      vertex -3.8697990333982375 -4.715363765512695 1.5
      vertex -4.949747468305844 -4.949747468305834 1.5
    endloop
  endfacet
  facet normal 0 0 1
    outer loop
      vertex -4.949747468305844 -4.949747468305834 1.5
      vertex -3.8697990333982375 -4.715363765512695 1.5
      vertex -4.313351365237935 -4.313351365237942 1.5
    endloop
  endfacet
  facet normal 0 0 1
    outer loop
      vertex -5.411073173539165 -4.440752989145519 1.5
      vertex -4.313351365237935 -4.313351365237942 1.5
      vertex -4.715363765512706 -3.8697990333982375 1.5
    endloop
  endfacet
  facet normal 0 0 1
    outer loop
      vertex -5.820287286117804 -3.888991631137216 1.5
      vertex -4.715363765512706 -3.8697990333982375 1.5
      vertex -5.071964635045532 -3.388978421419573 1.5
    endloop
  endfacet
  facet normal 0 0 1
    outer loop
      vertex -4.440752989145523 -5.411073173539158 1.5
      vertex -3.38897842141958 -5.071964635045525 1.5
      vertex -3.8697990333982375 -4.715363765512695 1.5
    endloop
  endfacet
  facet normal 0 0 1
    outer loop
      vertex -6.46715672757901 -2.678784026555629 1.5
      vertex -5.83733604796646 -1.7707365312522185 1.5
      vertex -6.698582350125463 -2.0319927407812344 1.5
    endloop
  endfacet
  facet normal 0 0 1
    outer loop
      vertex -5.820287286117804 -3.888991631137216 1.5
      vertex -5.379719712524974 -2.875520094638585 1.5
      vertex -6.17344885043849 -3.299777157781982 1.5
    endloop
  endfacet
  facet normal 0 0 1
    outer loop
      vertex -6.17344885043849 -3.299777157781982 1.5
      vertex -5.63566514831885 -2.3343689374270475 1.5
      vertex -6.46715672757901 -2.678784026555629 1.5
    endloop
  endfacet
  facet normal 0 0 1
    outer loop
      vertex -6.17344885043849 -3.299777157781982 1.5
      vertex -5.379719712524974 -2.875520094638585 1.5
      vertex -5.63566514831885 -2.3343689374270475 1.5
    endloop
  endfacet
  facet normal 0 0 1
    outer loop
      vertex -5.820287286117804 -3.888991631137216 1.5
      vertex -5.071964635045532 -3.388978421419573 1.5
      vertex -5.379719712524974 -2.875520094638585 1.5
    endloop
  endfacet
  facet normal 0 0 1
    outer loop
      vertex -6.46715672757901 -2.678784026555629 1.5
      vertex -5.63566514831885 -2.3343689374270475 1.5
      vertex -5.83733604796646 -1.7707365312522185 1.5
    endloop
  endfacet
  facet normal 0 0 1
    outer loop
      vertex -6.865496962822618 -1.3656322541128993 1.5
      vertex -6.0706268327004125 -0.5979045560103202 1.5
      vertex -6.966293086705377 -0.6861199823069235 1.5
    endloop
  endfacet
  facet normal 0 0 1
    outer loop
      vertex -6.698582350125463 -2.0319927407812344 1.5
      vertex -5.9827902104597115 -1.1900509642983828 1.5
      vertex -6.865496962822618 -1.3656322541128993 1.5
    endloop
  endfacet
  facet normal 0 0 1
    outer loop
      vertex -6.698582350125463 -2.0319927407812344 1.5
      vertex -5.83733604796646 -1.7707365312522185 1.5
      vertex -5.9827902104597115 -1.1900509642983828 1.5
    endloop
  endfacet
  facet normal 0 0 1
    outer loop
      vertex -6.865496962822618 -1.3656322541128993 1.5
      vertex -5.9827902104597115 -1.1900509642983828 1.5
      vertex -6.0706268327004125 -0.5979045560103202 1.5
    endloop
  endfacet
  facet normal 0 0 1
    outer loop
      vertex -6.966293086705377 -0.6861199823069235 1.5
      vertex -6.099999999999994 0 1.5
      vertex -7 0 1.5
    endloop
  endfacet
  facet normal 0 0 1
    outer loop
      vertex -6.966293086705377 -0.6861199823069235 1.5
      vertex -6.0706268327004125 -0.5979045560103202 1.5
      vertex -6.099999999999994 0 1.5
    endloop
  endfacet
  facet normal -0.7409511253549629 -0.6715589548470142 0
    outer loop
      vertex -5.411073173539165 -4.440752989145519 1.5
      vertex -5.411073173539165 -4.440752989145519 0
      vertex -4.949747468305844 -4.949747468305834 1.5
    endloop
  endfacet
  facet normal -0.8032075314806585 -0.5956993044924149 -1.0910394763359579e-17
    outer loop
      vertex -5.411073173539165 -4.440752989145519 1.5
      vertex -5.820287286117804 -3.888991631137216 1.5
      vertex -5.820287286117804 -3.888991631137216 0
    endloop
  endfacet
  facet normal -0.8577286100002617 -0.5141027441932393 0
    outer loop
      vertex -5.820287286117804 -3.888991631137216 1.5
      vertex -6.17344885043849 -3.299777157781982 0
      vertex -5.820287286117804 -3.888991631137216 0
    endloop
  endfacet
  facet normal -0.8032075314806585 -0.5956993044924149 0
    outer loop
      vertex -5.411073173539165 -4.440752989145519 1.5
      vertex -5.820287286117804 -3.888991631137216 0
      vertex -5.411073173539165 -4.440752989145519 0
    endloop
  endfacet
  facet normal -0.6715589548470118 -0.7409511253549649 0
    outer loop
      vertex -4.440752989145523 -5.411073173539158 1.5
      vertex -4.949747468305844 -4.949747468305834 1.5
      vertex -4.440752989145523 -5.411073173539158 0
    endloop
  endfacet
  facet normal -0.5956993044924226 -0.8032075314806528 -1.4761440601993008e-18
    outer loop
      vertex -4.440752989145523 -5.411073173539158 1.5
      vertex -3.888991631137202 -5.820287286117818 0
      vertex -3.888991631137202 -5.820287286117818 1.5
    endloop
  endfacet
  facet normal -0.5956993044924226 -0.8032075314806528 0
    outer loop
      vertex -4.440752989145523 -5.411073173539158 1.5
      vertex -4.440752989145523 -5.411073173539158 0
      vertex -3.888991631137202 -5.820287286117818 0
    endloop
  endfacet
  facet normal -0.5141027441932339 -0.8577286100002648 0
    outer loop
      vertex -3.888991631137202 -5.820287286117818 1.5
      vertex -3.888991631137202 -5.820287286117818 0
      vertex -3.299777157781989 -6.173448850438486 0
    endloop
  endfacet
  facet normal -0.7409511253549629 -0.6715589548470142 0
    outer loop
      vertex -4.949747468305844 -4.949747468305834 1.5
      vertex -5.411073173539165 -4.440752989145519 0
      vertex -4.949747468305844 -4.949747468305834 0
    endloop
  endfacet
  facet normal -0.6715589548470118 -0.7409511253549649 0
    outer loop
      vertex -4.949747468305844 -4.949747468305834 1.5
      vertex -4.949747468305844 -4.949747468305834 0
      vertex -4.440752989145523 -5.411073173539158 0
    endloop
  endfacet
  facet normal -0.903989293123444 -0.4275550934302806 -3.8190576071942955e-18
    outer loop
      vertex -6.17344885043849 -3.299777157781982 1.5
      vertex -6.46715672757901 -2.678784026555629 1.5
      vertex -6.46715672757901 -2.678784026555629 0
    endloop
  endfacet
  facet normal -0.9415440651830219 -0.3368898533922168 7.437311293028693e-18
    outer loop
      vertex -6.46715672757901 -2.678784026555629 1.5
      vertex -6.698582350125463 -2.0319927407812344 1.5
      vertex -6.698582350125463 -2.0319927407812344 0
    endloop
  endfacet
  facet normal -0.8577286100002617 -0.5141027441932393 3.7003517180923344e-18
    outer loop
      vertex -5.820287286117804 -3.888991631137216 1.5
      vertex -6.17344885043849 -3.299777157781982 1.5
      vertex -6.17344885043849 -3.299777157781982 0
    endloop
  endfacet
  facet normal -0.9700312531945422 -0.24298017990327114 -5.882915057513871e-18
    outer loop
      vertex -6.698582350125463 -2.0319927407812344 1.5
      vertex -6.865496962822618 -1.3656322541128993 1.5
      vertex -6.865496962822618 -1.3656322541128993 0
    endloop
  endfacet
  facet normal -0.9891765099647825 -0.14673047445535276 -6.616644424409268e-18
    outer loop
      vertex -6.865496962822618 -1.3656322541128993 1.5
      vertex -6.966293086705377 -0.6861199823069235 1.5
      vertex -6.966293086705377 -0.6861199823069235 0
    endloop
  endfacet
  facet normal -0.9987954562051722 -0.04906767432741924 -6.307449843152202e-19
    outer loop
      vertex -6.966293086705377 -0.6861199823069235 1.5
      vertex -7 0 1.5
      vertex -7 0 0
    endloop
  endfacet
  facet normal -0.903989293123444 -0.4275550934302806 0
    outer loop
      vertex -6.17344885043849 -3.299777157781982 1.5
      vertex -6.46715672757901 -2.678784026555629 0
      vertex -6.17344885043849 -3.299777157781982 0
    endloop
  endfacet
  facet normal -0.9700312531945422 -0.24298017990327114 0
    outer loop
      vertex -6.698582350125463 -2.0319927407812344 1.5
      vertex -6.865496962822618 -1.3656322541128993 0
      vertex -6.698582350125463 -2.0319927407812344 0
    endloop
  endfacet
  facet normal -0.9415440651830219 -0.3368898533922168 0
    outer loop
      vertex -6.46715672757901 -2.678784026555629 1.5
      vertex -6.698582350125463 -2.0319927407812344 0
      vertex -6.46715672757901 -2.678784026555629 0
    endloop
  endfacet
  facet normal -0.9891765099647825 -0.14673047445535276 0
    outer loop
      vertex -6.865496962822618 -1.3656322541128993 1.5
      vertex -6.966293086705377 -0.6861199823069235 0
      vertex -6.865496962822618 -1.3656322541128993 0
    endloop
  endfacet
  facet normal -0.9987954562051722 -0.04906767432741924 0
    outer loop
      vertex -6.966293086705377 -0.6861199823069235 1.5
      vertex -7 0 0
      vertex -6.966293086705377 -0.6861199823069235 0
    endloop
  endfacet
  facet normal 0 0 1
    outer loop
      vertex -3.888991631137202 -5.820287286117818 1.5
      vertex -3.299777157781989 -6.173448850438486 1.5
      vertex -2.334368937427058 -5.63566514831885 1.5
    endloop
  endfacet
  facet normal 0 0 1
    outer loop
      vertex -3.888991631137202 -5.820287286117818 1.5
      vertex -2.334368937427058 -5.63566514831885 1.5
      vertex -2.875520094638574 -5.379719712524967 1.5
    endloop
  endfacet
  facet normal 0 0 1
    outer loop
      vertex -3.299777157781989 -6.173448850438486 1.5
      vertex -1.7707365312522256 -5.837336047966474 1.5
      vertex -2.334368937427058 -5.63566514831885 1.5
    endloop
  endfacet
  facet normal 0 0 1
    outer loop
      vertex -3.299777157781989 -6.173448850438486 1.5
      vertex -1.1900509642983934 -5.982790210459704 1.5
      vertex -1.7707365312522256 -5.837336047966474 1.5
    endloop
  endfacet
  facet normal 0 0 1
    outer loop
      vertex -3.299777157781989 -6.173448850438486 1.5
      vertex -2.6787840265556326 -6.467156727579006 1.5
      vertex 3.299777157781989 -6.173448850438486 1.5
    endloop
  endfacet
  facet normal 0 0 1
    outer loop
      vertex -3.299777157781989 -6.173448850438486 1.5
      vertex -0.5979045560103202 -6.070626832700402 1.5
      vertex -1.1900509642983934 -5.982790210459704 1.5
    endloop
  endfacet
  facet normal 0 0 1
    outer loop
      vertex -3.299777157781989 -6.173448850438486 1.5
      vertex 0 -6.1 1.5
      vertex -0.5979045560103202 -6.070626832700402 1.5
    endloop
  endfacet
  facet normal 0 0 1
    outer loop
      vertex -2.0319927407812486 -6.698582350125463 1.5
      vertex -1.36563225411291 -6.865496962822613 1.5
      vertex 2.0319927407812486 -6.698582350125463 1.5
    endloop
  endfacet
  facet normal 0 0 1
    outer loop
      vertex -2.6787840265556326 -6.467156727579006 1.5
      vertex -2.0319927407812486 -6.698582350125463 1.5
      vertex 2.6787840265556326 -6.467156727579006 1.5
    endloop
  endfacet
  facet normal 0 0 1
    outer loop
      vertex -1.36563225411291 -6.865496962822613 1.5
      vertex -0.6861199823069342 -6.966293086705377 1.5
      vertex 1.36563225411291 -6.865496962822613 1.5
    endloop
  endfacet
  facet normal -0.42755509343027853 -0.9039892931234449 7.100633420651212e-18
    outer loop
      vertex -3.299777157781989 -6.173448850438486 1.5
      vertex -2.6787840265556326 -6.467156727579006 0
      vertex -2.6787840265556326 -6.467156727579006 1.5
    endloop
  endfacet
  facet normal -0.5141027441932339 -0.8577286100002648 1.2463874759865345e-17
    outer loop
      vertex -3.888991631137202 -5.820287286117818 1.5
      vertex -3.299777157781989 -6.173448850438486 0
      vertex -3.299777157781989 -6.173448850438486 1.5
    endloop
  endfacet
  facet normal -0.3368898533922263 -0.9415440651830186 9.542491801825057e-18
    outer loop
      vertex -2.6787840265556326 -6.467156727579006 1.5
      vertex -2.0319927407812486 -6.698582350125463 0
      vertex -2.0319927407812486 -6.698582350125463 1.5
    endloop
  endfacet
  facet normal -0.42755509343027853 -0.9039892931234449 0
    outer loop
      vertex -3.299777157781989 -6.173448850438486 1.5
      vertex -3.299777157781989 -6.173448850438486 0
      vertex -2.6787840265556326 -6.467156727579006 0
    endloop
  endfacet
  facet normal -0.3368898533922263 -0.9415440651830186 0
    outer loop
      vertex -2.6787840265556326 -6.467156727579006 1.5
      vertex -2.6787840265556326 -6.467156727579006 0
      vertex -2.0319927407812486 -6.698582350125463 0
    endloop
  endfacet
  facet normal -0.2429801799032626 -0.9700312531945443 0
    outer loop
      vertex -2.0319927407812486 -6.698582350125463 1.5
      vertex -2.0319927407812486 -6.698582350125463 0
      vertex -1.36563225411291 -6.865496962822613 0
    endloop
  endfacet
  facet normal 0 0 -1
    outer loop
      vertex -5.411073173539165 -4.440752989145519 0
      vertex 4.949747468305844 -4.949747468305834 0
      vertex -4.949747468305844 -4.949747468305834 0
    endloop
  endfacet
  facet normal 0 0 -1
    outer loop
      vertex -5.411073173539165 -4.440752989145519 0
      vertex -5.820287286117804 -3.888991631137216 0
      vertex 5.411073173539165 -4.440752989145519 0
    endloop
  endfacet
  facet normal 0 0 -1
    outer loop
      vertex -5.820287286117804 -3.888991631137216 0
      vertex -6.17344885043849 -3.299777157781982 0
      vertex 5.820287286117804 -3.888991631137216 0
    endloop
  endfacet
  facet normal -0.2429801799032626 -0.9700312531945443 -3.83191562830912e-18
    outer loop
      vertex -2.0319927407812486 -6.698582350125463 1.5
      vertex -1.36563225411291 -6.865496962822613 0
      vertex -1.36563225411291 -6.865496962822613 1.5
    endloop
  endfacet
  facet normal -0.1467304744553603 -0.9891765099647811 -5.71040973301566e-18
    outer loop
      vertex -1.36563225411291 -6.865496962822613 1.5
      vertex -0.6861199823069342 -6.966293086705377 0
      vertex -0.6861199823069342 -6.966293086705377 1.5
    endloop
  endfacet
  facet normal -0.04906767432741848 -0.9987954562051723 8.923673768452844e-19
    outer loop
      vertex -0.6861199823069342 -6.966293086705377 1.5
      vertex 0 -7 0
      vertex 0 -7 1.5
    endloop
  endfacet
  facet normal -0.1467304744553603 -0.9891765099647811 0
    outer loop
      vertex -1.36563225411291 -6.865496962822613 1.5
      vertex -1.36563225411291 -6.865496962822613 0
      vertex -0.6861199823069342 -6.966293086705377 0
    endloop
  endfacet
  facet normal 0 0 -1
    outer loop
      vertex -2.6787840265556326 -6.467156727579006 0
      vertex 2.0319927407812486 -6.698582350125463 0
      vertex -2.0319927407812486 -6.698582350125463 0
    endloop
  endfacet
  facet normal 0 0 -1
    outer loop
      vertex -3.299777157781989 -6.173448850438486 0
      vertex 2.6787840265556326 -6.467156727579006 0
      vertex -2.6787840265556326 -6.467156727579006 0
    endloop
  endfacet
  facet normal 0 0 -1
    outer loop
      vertex -4.440752989145523 -5.411073173539158 0
      vertex -4.949747468305844 -4.949747468305834 0
      vertex 4.440752989145523 -5.411073173539158 0
    endloop
  endfacet
  facet normal 0 0 -1
    outer loop
      vertex -4.440752989145523 -5.411073173539158 0
      vertex 3.888991631137202 -5.820287286117818 0
      vertex -3.888991631137202 -5.820287286117818 0
    endloop
  endfacet
  facet normal 0 0 -1
    outer loop
      vertex -3.888991631137202 -5.820287286117818 0
      vertex 3.299777157781989 -6.173448850438486 0
      vertex -3.299777157781989 -6.173448850438486 0
    endloop
  endfacet
  facet normal -0.04906767432741848 -0.9987954562051723 0
    outer loop
      vertex -0.6861199823069342 -6.966293086705377 1.5
      vertex -0.6861199823069342 -6.966293086705377 0
      vertex 0 -7 0
    endloop
  endfacet
  facet normal 0 0 -1
    outer loop
      vertex -2.0319927407812486 -6.698582350125463 0
      vertex 1.36563225411291 -6.865496962822613 0
      vertex -1.36563225411291 -6.865496962822613 0
    endloop
  endfacet
  facet normal 0 0 -1
    outer loop
      vertex -1.36563225411291 -6.865496962822613 0
      vertex 0.6861199823069342 -6.966293086705377 0
      vertex -0.6861199823069342 -6.966293086705377 0
    endloop
  endfacet
  facet normal 0 0 -1
    outer loop
      vertex -6.17344885043849 -3.299777157781982 0
      vertex -6.46715672757901 -2.678784026555629 0
      vertex 6.17344885043849 -3.299777157781982 0
    endloop
  endfacet
  facet normal 0 0 -1
    outer loop
      vertex -6.46715672757901 -2.678784026555629 0
      vertex -6.698582350125463 -2.0319927407812344 0
      vertex 6.46715672757901 -2.678784026555629 0
    endloop
  endfacet
  facet normal 0 0 -1
    outer loop
      vertex -6.698582350125463 -2.0319927407812344 0
      vertex -6.865496962822618 -1.3656322541128993 0
      vertex 6.698582350125463 -2.0319927407812344 0
    endloop
  endfacet
  facet normal 0 0 -1
    outer loop
      vertex -6.865496962822618 -1.3656322541128993 0
      vertex -6.966293086705377 -0.6861199823069235 0
      vertex 6.865496962822618 -1.3656322541128993 0
    endloop
  endfacet
  facet normal 0 0 -1
    outer loop
      vertex -6.966293086705377 -0.6861199823069235 0
      vertex -7 0 0
      vertex 6.966293086705377 -0.6861199823069235 0
    endloop
  endfacet
  facet normal 0 0 1
    outer loop
      vertex -7 0 1.5
      vertex -6.0706268327004125 0.5979045560103202 1.5
      vertex -6.966293086705377 0.6861199823069235 1.5
    endloop
  endfacet
  facet normal 0 0 1
    outer loop
      vertex -7 0 1.5
      vertex -6.099999999999994 0 1.5
      vertex -6.0706268327004125 0.5979045560103202 1.5
    endloop
  endfacet
  facet normal 0 0 1
    outer loop
      vertex -6.966293086705377 0.6861199823069235 1.5
      vertex -6.0706268327004125 0.5979045560103202 1.5
      vertex -5.9827902104597115 1.1900509642983828 1.5
    endloop
  endfacet
  facet normal 0 0 1
    outer loop
      vertex -6.966293086705377 0.6861199823069235 1.5
      vertex -5.9827902104597115 1.1900509642983828 1.5
      vertex -6.865496962822618 1.3656322541128993 1.5
    endloop
  endfacet
  facet normal 0 0 1
    outer loop
      vertex -6.865496962822618 1.3656322541128993 1.5
      vertex -5.83733604796646 1.7707365312522185 1.5
      vertex -6.698582350125463 2.0319927407812344 1.5
    endloop
  endfacet
  facet normal 0 0 1
    outer loop
      vertex -6.865496962822618 1.3656322541128993 1.5
      vertex -5.9827902104597115 1.1900509642983828 1.5
      vertex -5.83733604796646 1.7707365312522185 1.5
    endloop
  endfacet
  facet normal 0 0 1
    outer loop
      vertex -6.698582350125463 2.0319927407812344 1.5
      vertex -5.63566514831885 2.3343689374270475 1.5
      vertex -6.46715672757901 2.678784026555629 1.5
    endloop
  endfacet
  facet normal 0 0 1
    outer loop
      vertex -6.698582350125463 2.0319927407812344 1.5
      vertex -5.83733604796646 1.7707365312522185 1.5
      vertex -5.63566514831885 2.3343689374270475 1.5
    endloop
  endfacet
  facet normal 0 0 1
    outer loop
      vertex -6.46715672757901 2.678784026555629 1.5
      vertex -5.379719712524974 2.875520094638585 1.5
      vertex -6.17344885043849 3.299777157781982 1.5
    endloop
  endfacet
  facet normal 0 0 1
    outer loop
      vertex -6.46715672757901 2.678784026555629 1.5
      vertex -5.63566514831885 2.3343689374270475 1.5
      vertex -5.379719712524974 2.875520094638585 1.5
    endloop
  endfacet
  facet normal 0 0 1
    outer loop
      vertex -6.17344885043849 3.299777157781982 1.5
      vertex -5.379719712524974 2.875520094638585 1.5
      vertex -5.071964635045532 3.388978421419573 1.5
    endloop
  endfacet
  facet normal 0 0 1
    outer loop
      vertex -6.17344885043849 3.299777157781982 1.5
      vertex -5.071964635045532 3.388978421419573 1.5
      vertex -5.820287286117804 3.888991631137216 1.5
    endloop
  endfacet
  facet normal 0 0 1
    outer loop
      vertex -5.820287286117804 3.888991631137216 1.5
      vertex -5.071964635045532 3.388978421419573 1.5
      vertex -4.715363765512706 3.8697990333982375 1.5
    endloop
  endfacet
  facet normal 0 0 1
    outer loop
      vertex -5.820287286117804 3.888991631137216 1.5
      vertex -4.313351365237935 4.313351365237942 1.5
      vertex -5.411073173539165 4.440752989145519 1.5
    endloop
  endfacet
  facet normal 0 0 1
    outer loop
      vertex -5.820287286117804 3.888991631137216 1.5
      vertex -4.715363765512706 3.8697990333982375 1.5
      vertex -4.313351365237935 4.313351365237942 1.5
    endloop
  endfacet
  facet normal 0 0 1
    outer loop
      vertex -5.411073173539165 4.440752989145519 1.5
      vertex -3.8697990333982375 4.715363765512695 1.5
      vertex -4.949747468305844 4.949747468305834 1.5
    endloop
  endfacet
  facet normal 0 0 1
    outer loop
      vertex -5.411073173539165 4.440752989145519 1.5
      vertex -4.313351365237935 4.313351365237942 1.5
      vertex -3.8697990333982375 4.715363765512695 1.5
    endloop
  endfacet
  facet normal 0 0 1
    outer loop
      vertex -4.949747468305844 4.949747468305834 1.5
      vertex -3.38897842141958 5.071964635045525 1.5
      vertex -4.440752989145523 5.411073173539158 1.5
    endloop
  endfacet
  facet normal 0 0 1
    outer loop
      vertex -4.949747468305844 4.949747468305834 1.5
      vertex -3.8697990333982375 4.715363765512695 1.5
      vertex -3.38897842141958 5.071964635045525 1.5
    endloop
  endfacet
  facet normal 0 0 1
    outer loop
      vertex -4.440752989145523 5.411073173539158 1.5
      vertex -3.38897842141958 5.071964635045525 1.5
      vertex -2.875520094638574 5.379719712524967 1.5
    endloop
  endfacet
  facet normal 0 0 1
    outer loop
      vertex -4.440752989145523 5.411073173539158 1.5
      vertex -2.334368937427058 5.63566514831885 1.5
      vertex -3.888991631137202 5.820287286117818 1.5
    endloop
  endfacet
  facet normal -0.9987954562051722 0.04906767432741924 6.307449843152202e-19
    outer loop
      vertex -7 0 1.5
      vertex -6.966293086705377 0.6861199823069235 1.5
      vertex -6.966293086705377 0.6861199823069235 0
    endloop
  endfacet
  facet normal -0.9891765099647825 0.14673047445535276 6.616644424409268e-18
    outer loop
      vertex -6.966293086705377 0.6861199823069235 1.5
      vertex -6.865496962822618 1.3656322541128993 1.5
      vertex -6.865496962822618 1.3656322541128993 0
    endloop
  endfacet
  facet normal -0.9700312531945422 0.24298017990327114 5.882915057513871e-18
    outer loop
      vertex -6.865496962822618 1.3656322541128993 1.5
      vertex -6.698582350125463 2.0319927407812344 1.5
      vertex -6.698582350125463 2.0319927407812344 0
    endloop
  endfacet
  facet normal -0.9415440651830219 0.3368898533922168 -7.437311293028693e-18
    outer loop
      vertex -6.698582350125463 2.0319927407812344 1.5
      vertex -6.46715672757901 2.678784026555629 1.5
      vertex -6.46715672757901 2.678784026555629 0
    endloop
  endfacet
  facet normal -0.903989293123444 0.4275550934302806 3.8190576071942955e-18
    outer loop
      vertex -6.46715672757901 2.678784026555629 1.5
      vertex -6.17344885043849 3.299777157781982 1.5
      vertex -6.17344885043849 3.299777157781982 0
    endloop
  endfacet
  facet normal -0.9987954562051722 0.04906767432741924 0
    outer loop
      vertex -7 0 1.5
      vertex -6.966293086705377 0.6861199823069235 0
      vertex -7 0 0
    endloop
  endfacet
  facet normal -0.9891765099647825 0.14673047445535276 0
    outer loop
      vertex -6.966293086705377 0.6861199823069235 1.5
      vertex -6.865496962822618 1.3656322541128993 0
      vertex -6.966293086705377 0.6861199823069235 0
    endloop
  endfacet
  facet normal -0.9700312531945422 0.24298017990327114 0
    outer loop
      vertex -6.865496962822618 1.3656322541128993 1.5
      vertex -6.698582350125463 2.0319927407812344 0
      vertex -6.865496962822618 1.3656322541128993 0
    endloop
  endfacet
  facet normal -0.9415440651830219 0.3368898533922168 0
    outer loop
      vertex -6.698582350125463 2.0319927407812344 1.5
      vertex -6.46715672757901 2.678784026555629 0
      vertex -6.698582350125463 2.0319927407812344 0
    endloop
  endfacet
  facet normal -0.903989293123444 0.4275550934302806 0
    outer loop
      vertex -6.46715672757901 2.678784026555629 1.5
      vertex -6.17344885043849 3.299777157781982 0
      vertex -6.46715672757901 2.678784026555629 0
    endloop
  endfacet
  facet normal -0.8577286100002617 0.5141027441932393 0
    outer loop
      vertex -6.17344885043849 3.299777157781982 1.5
      vertex -5.820287286117804 3.888991631137216 0
      vertex -6.17344885043849 3.299777157781982 0
    endloop
  endfacet
  facet normal -0.8577286100002617 0.5141027441932393 -3.7003517180923344e-18
    outer loop
      vertex -6.17344885043849 3.299777157781982 1.5
      vertex -5.820287286117804 3.888991631137216 1.5
      vertex -5.820287286117804 3.888991631137216 0
    endloop
  endfacet
  facet normal -0.8032075314806585 0.5956993044924149 1.0910394763359579e-17
    outer loop
      vertex -5.820287286117804 3.888991631137216 1.5
      vertex -5.411073173539165 4.440752989145519 1.5
      vertex -5.411073173539165 4.440752989145519 0
    endloop
  endfacet
  facet normal -0.8032075314806585 0.5956993044924149 0
    outer loop
      vertex -5.820287286117804 3.888991631137216 1.5
      vertex -5.411073173539165 4.440752989145519 0
      vertex -5.820287286117804 3.888991631137216 0
    endloop
  endfacet
  facet normal -0.7409511253549629 0.6715589548470142 0
    outer loop
      vertex -5.411073173539165 4.440752989145519 1.5
      vertex -4.949747468305844 4.949747468305834 0
      vertex -5.411073173539165 4.440752989145519 0
    endloop
  endfacet
  facet normal -0.7409511253549629 0.6715589548470142 1.37611430967094e-19
    outer loop
      vertex -5.411073173539165 4.440752989145519 1.5
      vertex -4.949747468305844 4.949747468305834 1.5
      vertex -4.949747468305844 4.949747468305834 0
    endloop
  endfacet
  facet normal -0.6715589548470118 0.7409511253549649 0
    outer loop
      vertex -4.949747468305844 4.949747468305834 1.5
      vertex -4.440752989145523 5.411073173539158 1.5
      vertex -4.949747468305844 4.949747468305834 0
    endloop
  endfacet
  facet normal -0.5956993044924226 0.8032075314806528 0
    outer loop
      vertex -4.440752989145523 5.411073173539158 1.5
      vertex -3.888991631137202 5.820287286117818 1.5
      vertex -4.440752989145523 5.411073173539158 0
    endloop
  endfacet
  facet normal -0.5141027441932339 0.8577286100002648 0
    outer loop
      vertex -3.888991631137202 5.820287286117818 1.5
      vertex -3.299777157781989 6.173448850438486 1.5
      vertex -3.888991631137202 5.820287286117818 0
    endloop
  endfacet
  facet normal -0.6715589548470118 0.7409511253549649 0
    outer loop
      vertex -4.440752989145523 5.411073173539158 1.5
      vertex -4.440752989145523 5.411073173539158 0
      vertex -4.949747468305844 4.949747468305834 0
    endloop
  endfacet
  facet normal -0.5956993044924226 0.8032075314806528 0
    outer loop
      vertex -3.888991631137202 5.820287286117818 1.5
      vertex -3.888991631137202 5.820287286117818 0
      vertex -4.440752989145523 5.411073173539158 0
    endloop
  endfacet
  facet normal 0 0 1
    outer loop
      vertex -4.440752989145523 5.411073173539158 1.5
      vertex -2.875520094638574 5.379719712524967 1.5
      vertex -2.334368937427058 5.63566514831885 1.5
    endloop
  endfacet
  facet normal 0 0 1
    outer loop
      vertex -3.888991631137202 5.820287286117818 1.5
      vertex -2.334368937427058 5.63566514831885 1.5
      vertex -1.7707365312522256 5.837336047966474 1.5
    endloop
  endfacet
  facet normal 0 0 1
    outer loop
      vertex -3.888991631137202 5.820287286117818 1.5
      vertex -1.1900509642983934 5.982790210459704 1.5
      vertex -3.299777157781989 6.173448850438486 1.5
    endloop
  endfacet
  facet normal 0 0 1
    outer loop
      vertex -3.888991631137202 5.820287286117818 1.5
      vertex -1.7707365312522256 5.837336047966474 1.5
      vertex -1.1900509642983934 5.982790210459704 1.5
    endloop
  endfacet
  facet normal 0 0 1
    outer loop
      vertex -3.299777157781989 6.173448850438486 1.5
      vertex -1.1900509642983934 5.982790210459704 1.5
      vertex -0.5979045560103202 6.070626832700402 1.5
    endloop
  endfacet
  facet normal 0 0 1
    outer loop
      vertex -3.299777157781989 6.173448850438486 1.5
      vertex -0.5979045560103202 6.070626832700402 1.5
      vertex 0 6.100000000000001 1.5
    endloop
  endfacet
  facet normal 0 0 1
    outer loop
      vertex -3.299777157781989 6.173448850438486 1.5
      vertex 2.6787840265556326 6.467156727579006 1.5
      vertex -2.6787840265556326 6.467156727579006 1.5
    endloop
  endfacet
  facet normal 0 0 1
    outer loop
      vertex -2.6787840265556326 6.467156727579006 1.5
      vertex 2.0319927407812486 6.698582350125463 1.5
      vertex -2.0319927407812486 6.698582350125463 1.5
    endloop
  endfacet
  facet normal 0 0 1
    outer loop
      vertex -2.0319927407812486 6.698582350125463 1.5
      vertex 1.36563225411291 6.865496962822611 1.5
      vertex -1.36563225411291 6.865496962822611 1.5
    endloop
  endfacet
  facet normal 0 0 1
    outer loop
      vertex -1.36563225411291 6.865496962822611 1.5
      vertex 0.6861199823069342 6.966293086705377 1.5
      vertex -0.6861199823069342 6.966293086705377 1.5
    endloop
  endfacet
  facet normal 0 0 -1
    outer loop
      vertex -7 0 0
      vertex -6.966293086705377 0.6861199823069235 0
      vertex 7 0 0
    endloop
  endfacet
  facet normal 0 0 -1
    outer loop
      vertex -6.966293086705377 0.6861199823069235 0
      vertex -6.865496962822618 1.3656322541128993 0
      vertex 6.966293086705377 0.6861199823069235 0
    endloop
  endfacet
  facet normal 0 0 -1
    outer loop
      vertex -6.865496962822618 1.3656322541128993 0
      vertex -6.698582350125463 2.0319927407812344 0
      vertex 6.865496962822618 1.3656322541128993 0
    endloop
  endfacet
  facet normal 0 0 -1
    outer loop
      vertex -6.698582350125463 2.0319927407812344 0
      vertex -6.46715672757901 2.678784026555629 0
      vertex 6.698582350125463 2.0319927407812344 0
    endloop
  endfacet
  facet normal 0 0 -1
    outer loop
      vertex -6.46715672757901 2.678784026555629 0
      vertex -6.17344885043849 3.299777157781982 0
      vertex 6.46715672757901 2.678784026555629 0
    endloop
  endfacet
  facet normal 0 0 -1
    outer loop
      vertex -6.17344885043849 3.299777157781982 0
      vertex -5.820287286117804 3.888991631137216 0
      vertex 6.17344885043849 3.299777157781982 0
    endloop
  endfacet
  facet normal -0.42755509343027853 0.9039892931234449 0
    outer loop
      vertex -3.299777157781989 6.173448850438486 1.5
      vertex -2.6787840265556326 6.467156727579006 1.5
      vertex -3.299777157781989 6.173448850438486 0
    endloop
  endfacet
  facet normal -0.3368898533922263 0.9415440651830186 0
    outer loop
      vertex -2.6787840265556326 6.467156727579006 1.5
      vertex -2.0319927407812486 6.698582350125463 1.5
      vertex -2.6787840265556326 6.467156727579006 0
    endloop
  endfacet
  facet normal -0.24298017990326018 0.9700312531945449 0
    outer loop
      vertex -2.0319927407812486 6.698582350125463 1.5
      vertex -1.36563225411291 6.865496962822611 1.5
      vertex -2.0319927407812486 6.698582350125463 0
    endloop
  endfacet
  facet normal 0 0 -1
    outer loop
      vertex -5.820287286117804 3.888991631137216 0
      vertex -5.411073173539165 4.440752989145519 0
      vertex 5.820287286117804 3.888991631137216 0
    endloop
  endfacet
  facet normal -0.5141027441932339 0.8577286100002648 0
    outer loop
      vertex -3.299777157781989 6.173448850438486 1.5
      vertex -3.299777157781989 6.173448850438486 0
      vertex -3.888991631137202 5.820287286117818 0
    endloop
  endfacet
  facet normal -0.42755509343027853 0.9039892931234449 0
    outer loop
      vertex -2.6787840265556326 6.467156727579006 1.5
      vertex -2.6787840265556326 6.467156727579006 0
      vertex -3.299777157781989 6.173448850438486 0
    endloop
  endfacet
  facet normal -0.3368898533922263 0.9415440651830186 0
    outer loop
      vertex -2.0319927407812486 6.698582350125463 1.5
      vertex -2.0319927407812486 6.698582350125463 0
      vertex -2.6787840265556326 6.467156727579006 0
    endloop
  endfacet
  facet normal -0.14673047445536283 0.9891765099647808 0
    outer loop
      vertex -1.36563225411291 6.865496962822611 1.5
      vertex -0.6861199823069342 6.966293086705377 1.5
      vertex -1.36563225411291 6.865496962822611 0
    endloop
  endfacet
  facet normal -0.04906767432741848 0.9987954562051723 0
    outer loop
      vertex -0.6861199823069342 6.966293086705377 1.5
      vertex 0 7 1.5
      vertex -0.6861199823069342 6.966293086705377 0
    endloop
  endfacet
  facet normal 0 0 -1
    outer loop
      vertex -5.411073173539165 4.440752989145519 0
      vertex -4.949747468305844 4.949747468305834 0
      vertex 5.411073173539165 4.440752989145519 0
    endloop
  endfacet
  facet normal 0 0 -1
    outer loop
      vertex -4.949747468305844 4.949747468305834 0
      vertex -4.440752989145523 5.411073173539158 0
      vertex 4.949747468305844 4.949747468305834 0
    endloop
  endfacet
  facet normal -0.24298017990326018 0.9700312531945449 0
    outer loop
      vertex -1.36563225411291 6.865496962822611 1.5
      vertex -1.36563225411291 6.865496962822611 0
      vertex -2.0319927407812486 6.698582350125463 0
    endloop
  endfacet
  facet normal -0.14673047445536283 0.9891765099647808 0
    outer loop
      vertex -0.6861199823069342 6.966293086705377 1.5
      vertex -0.6861199823069342 6.966293086705377 0
      vertex -1.36563225411291 6.865496962822611 0
    endloop
  endfacet
  facet normal 0 0 -1
    outer loop
      vertex -4.440752989145523 5.411073173539158 0
      vertex -3.888991631137202 5.820287286117818 0
      vertex 4.440752989145523 5.411073173539158 0
    endloop
  endfacet
  facet normal 0 0 -1
    outer loop
      vertex -3.888991631137202 5.820287286117818 0
      vertex -3.299777157781989 6.173448850438486 0
      vertex 3.888991631137202 5.820287286117818 0
    endloop
  endfacet
  facet normal 0 0 -1
    outer loop
      vertex -3.299777157781989 6.173448850438486 0
      vertex -2.6787840265556326 6.467156727579006 0
      vertex 3.299777157781989 6.173448850438486 0
    endloop
  endfacet
  facet normal -0.04906767432741848 0.9987954562051723 -8.923673768452844e-19
    outer loop
      vertex -0.6861199823069342 6.966293086705377 0
      vertex 0 7 1.5
      vertex 0 7 0
    endloop
  endfacet
  facet normal 0 0 -1
    outer loop
      vertex -2.6787840265556326 6.467156727579006 0
      vertex -2.0319927407812486 6.698582350125463 0
      vertex 2.6787840265556326 6.467156727579006 0
    endloop
  endfacet
  facet normal 0 0 -1
    outer loop
      vertex -2.0319927407812486 6.698582350125463 0
      vertex -1.36563225411291 6.865496962822611 0
      vertex 2.0319927407812486 6.698582350125463 0
    endloop
  endfacet
  facet normal 0 0 -1
    outer loop
      vertex -1.36563225411291 6.865496962822611 0
      vertex -0.6861199823069342 6.966293086705377 0
      vertex 1.36563225411291 6.865496962822611 0
    endloop
  endfacet
  facet normal 0 0 1
    outer loop
      vertex -0.6861199823069342 -6.966293086705377 1.5
      vertex 0 -7 1.5
      vertex 0.6861199823069342 -6.966293086705377 1.5
    endloop
  endfacet
  facet normal 0 0 1
    outer loop
      vertex -3.299777157781989 -6.173448850438486 1.5
      vertex 3.299777157781989 -6.173448850438486 1.5
      vertex 0 -6.1 1.5
    endloop
  endfacet
  facet normal 0 0 1
    outer loop
      vertex -0.6861199823069342 -6.966293086705377 1.5
      vertex 0.6861199823069342 -6.966293086705377 1.5
      vertex 1.36563225411291 -6.865496962822613 1.5
    endloop
  endfacet
  facet normal 0 0 1
    outer loop
      vertex -1.36563225411291 -6.865496962822613 1.5
      vertex 1.36563225411291 -6.865496962822613 1.5
      vertex 2.0319927407812486 -6.698582350125463 1.5
    endloop
  endfacet
  facet normal 0 0 1
    outer loop
      vertex -2.0319927407812486 -6.698582350125463 1.5
      vertex 2.0319927407812486 -6.698582350125463 1.5
      vertex 2.6787840265556326 -6.467156727579006 1.5
    endloop
  endfacet
  facet normal 0 0 1
    outer loop
      vertex -2.6787840265556326 -6.467156727579006 1.5
      vertex 2.6787840265556326 -6.467156727579006 1.5
      vertex 3.299777157781989 -6.173448850438486 1.5
    endloop
  endfacet
  facet normal 0 0 1
    outer loop
      vertex 3.299777157781989 -6.173448850438486 1.5
      vertex 0.5979045560103202 -6.070626832700402 1.5
      vertex 0 -6.1 1.5
    endloop
  endfacet
  facet normal 0 0 1
    outer loop
      vertex 3.299777157781989 -6.173448850438486 1.5
      vertex 1.1900509642983934 -5.982790210459704 1.5
      vertex 0.5979045560103202 -6.070626832700402 1.5
    endloop
  endfacet
  facet normal 0 0 1
    outer loop
      vertex 3.888991631137202 -5.820287286117818 1.5
      vertex 1.7707365312522256 -5.837336047966474 1.5
      vertex 1.1900509642983934 -5.982790210459704 1.5
    endloop
  endfacet
  facet normal 0 0 1
    outer loop
      vertex 3.299777157781989 -6.173448850438486 1.5
      vertex 3.888991631137202 -5.820287286117818 1.5
      vertex 1.1900509642983934 -5.982790210459704 1.5
    endloop
  endfacet
  facet normal 0 0 1
    outer loop
      vertex 3.888991631137202 -5.820287286117818 1.5
      vertex 2.334368937427058 -5.63566514831885 1.5
      vertex 1.7707365312522256 -5.837336047966474 1.5
    endloop
  endfacet
  facet normal 0 0 1
    outer loop
      vertex 4.440752989145523 -5.411073173539158 1.5
      vertex 2.875520094638574 -5.379719712524967 1.5
      vertex 2.334368937427058 -5.63566514831885 1.5
    endloop
  endfacet
  facet normal 0.04906767432741848 -0.9987954562051723 -8.923673768452844e-19
    outer loop
      vertex 0 -7 1.5
      vertex 0.6861199823069342 -6.966293086705377 0
      vertex 0.6861199823069342 -6.966293086705377 1.5
    endloop
  endfacet
  facet normal 0.1467304744553603 -0.9891765099647811 5.71040973301566e-18
    outer loop
      vertex 0.6861199823069342 -6.966293086705377 1.5
      vertex 1.36563225411291 -6.865496962822613 0
      vertex 1.36563225411291 -6.865496962822613 1.5
    endloop
  endfacet
  facet normal 0.04906767432741848 -0.9987954562051723 0
    outer loop
      vertex 0 -7 1.5
      vertex 0 -7 0
      vertex 0.6861199823069342 -6.966293086705377 0
    endloop
  endfacet
  facet normal 0 0 -1
    outer loop
      vertex -0.6861199823069342 -6.966293086705377 0
      vertex 0.6861199823069342 -6.966293086705377 0
      vertex 0 -7 0
    endloop
  endfacet
  facet normal 0 0 -1
    outer loop
      vertex -1.36563225411291 -6.865496962822613 0
      vertex 1.36563225411291 -6.865496962822613 0
      vertex 0.6861199823069342 -6.966293086705377 0
    endloop
  endfacet
  facet normal 0 0 -1
    outer loop
      vertex -2.0319927407812486 -6.698582350125463 0
      vertex 2.0319927407812486 -6.698582350125463 0
      vertex 1.36563225411291 -6.865496962822613 0
    endloop
  endfacet
  facet normal 0 0 -1
    outer loop
      vertex -2.6787840265556326 -6.467156727579006 0
      vertex 2.6787840265556326 -6.467156727579006 0
      vertex 2.0319927407812486 -6.698582350125463 0
    endloop
  endfacet
  facet normal 0.1467304744553603 -0.9891765099647811 0
    outer loop
      vertex 0.6861199823069342 -6.966293086705377 1.5
      vertex 0.6861199823069342 -6.966293086705377 0
      vertex 1.36563225411291 -6.865496962822613 0
    endloop
  endfacet
  facet normal 0.2429801799032626 -0.9700312531945443 0
    outer loop
      vertex 1.36563225411291 -6.865496962822613 1.5
      vertex 1.36563225411291 -6.865496962822613 0
      vertex 2.0319927407812486 -6.698582350125463 0
    endloop
  endfacet
  facet normal 0 0 -1
    outer loop
      vertex -3.299777157781989 -6.173448850438486 0
      vertex 3.299777157781989 -6.173448850438486 0
      vertex 2.6787840265556326 -6.467156727579006 0
    endloop
  endfacet
  facet normal 0 0 -1
    outer loop
      vertex -3.888991631137202 -5.820287286117818 0
      vertex 3.888991631137202 -5.820287286117818 0
      vertex 3.299777157781989 -6.173448850438486 0
    endloop
  endfacet
  facet normal 0 0 -1
    outer loop
      vertex -4.440752989145523 -5.411073173539158 0
      vertex 4.440752989145523 -5.411073173539158 0
      vertex 3.888991631137202 -5.820287286117818 0
    endloop
  endfacet
  facet normal 0 0 -1
    outer loop
      vertex -4.949747468305844 -4.949747468305834 0
      vertex 4.949747468305844 -4.949747468305834 0
      vertex 4.440752989145523 -5.411073173539158 0
    endloop
  endfacet
  facet normal 0 0 -1
    outer loop
      vertex -5.411073173539165 -4.440752989145519 0
      vertex 5.411073173539165 -4.440752989145519 0
      vertex 4.949747468305844 -4.949747468305834 0
    endloop
  endfacet
  facet normal 0.2429801799032626 -0.9700312531945443 3.83191562830912e-18
    outer loop
      vertex 1.36563225411291 -6.865496962822613 1.5
      vertex 2.0319927407812486 -6.698582350125463 0
      vertex 2.0319927407812486 -6.698582350125463 1.5
    endloop
  endfacet
  facet normal 0.3368898533922263 -0.9415440651830186 -9.542491801825057e-18
    outer loop
      vertex 2.0319927407812486 -6.698582350125463 1.5
      vertex 2.6787840265556326 -6.467156727579006 0
      vertex 2.6787840265556326 -6.467156727579006 1.5
    endloop
  endfacet
  facet normal 0.42755509343027853 -0.9039892931234449 -7.100633420651212e-18
    outer loop
      vertex 2.6787840265556326 -6.467156727579006 1.5
      vertex 3.299777157781989 -6.173448850438486 0
      vertex 3.299777157781989 -6.173448850438486 1.5
    endloop
  endfacet
  facet normal 0.3368898533922263 -0.9415440651830186 0
    outer loop
      vertex 2.0319927407812486 -6.698582350125463 1.5
      vertex 2.0319927407812486 -6.698582350125463 0
      vertex 2.6787840265556326 -6.467156727579006 0
    endloop
  endfacet
  facet normal 0.42755509343027853 -0.9039892931234449 0
    outer loop
      vertex 2.6787840265556326 -6.467156727579006 1.5
      vertex 2.6787840265556326 -6.467156727579006 0
      vertex 3.299777157781989 -6.173448850438486 0
    endloop
  endfacet
  facet normal 0.5141027441932339 -0.8577286100002648 0
    outer loop
      vertex 3.299777157781989 -6.173448850438486 1.5
      vertex 3.299777157781989 -6.173448850438486 0
      vertex 3.888991631137202 -5.820287286117818 0
    endloop
  endfacet
  facet normal 0 0 -1
    outer loop
      vertex -5.820287286117804 -3.888991631137216 0
      vertex 5.820287286117804 -3.888991631137216 0
      vertex 5.411073173539165 -4.440752989145519 0
    endloop
  endfacet
  facet normal 0 0 -1
    outer loop
      vertex -6.17344885043849 -3.299777157781982 0
      vertex 6.17344885043849 -3.299777157781982 0
      vertex 5.820287286117804 -3.888991631137216 0
    endloop
  endfacet
  facet normal 0 0 -1
    outer loop
      vertex -6.46715672757901 -2.678784026555629 0
      vertex 6.46715672757901 -2.678784026555629 0
      vertex 6.17344885043849 -3.299777157781982 0
    endloop
  endfacet
  facet normal 0 0 -1
    outer loop
      vertex -6.698582350125463 -2.0319927407812344 0
      vertex 6.698582350125463 -2.0319927407812344 0
      vertex 6.46715672757901 -2.678784026555629 0
    endloop
  endfacet
  facet normal 0 0 -1
    outer loop
      vertex -6.865496962822618 -1.3656322541128993 0
      vertex 6.865496962822618 -1.3656322541128993 0
      vertex 6.698582350125463 -2.0319927407812344 0
    endloop
  endfacet
  facet normal 0 0 -1
    outer loop
      vertex -6.966293086705377 -0.6861199823069235 0
      vertex 6.966293086705377 -0.6861199823069235 0
      vertex 6.865496962822618 -1.3656322541128993 0
    endloop
  endfacet
  facet normal 0 0 -1
    outer loop
      vertex -7 0 0
      vertex 7 0 0
      vertex 6.966293086705377 -0.6861199823069235 0
    endloop
  endfacet
  facet normal 0 0 1
    outer loop
      vertex 3.888991631137202 -5.820287286117818 1.5
      vertex 4.440752989145523 -5.411073173539158 1.5
      vertex 2.334368937427058 -5.63566514831885 1.5
    endloop
  endfacet
  facet normal 0 0 1
    outer loop
      vertex 4.440752989145523 -5.411073173539158 1.5
      vertex 3.38897842141958 -5.071964635045525 1.5
      vertex 2.875520094638574 -5.379719712524967 1.5
    endloop
  endfacet
  facet normal 0 0 1
    outer loop
      vertex 4.949747468305844 -4.949747468305834 1.5
      vertex 3.8697990333982375 -4.715363765512695 1.5
      vertex 3.38897842141958 -5.071964635045525 1.5
    endloop
  endfacet
  facet normal 0 0 1
    outer loop
      vertex 4.440752989145523 -5.411073173539158 1.5
      vertex 4.949747468305844 -4.949747468305834 1.5
      vertex 3.38897842141958 -5.071964635045525 1.5
    endloop
  endfacet
  facet normal 0 0 1
    outer loop
      vertex 5.411073173539165 -4.440752989145519 1.5
      vertex 4.313351365237935 -4.313351365237942 1.5
      vertex 3.8697990333982375 -4.715363765512695 1.5
    endloop
  endfacet
  facet normal 0 0 1
    outer loop
      vertex 4.949747468305844 -4.949747468305834 1.5
      vertex 5.411073173539165 -4.440752989145519 1.5
      vertex 3.8697990333982375 -4.715363765512695 1.5
    endloop
  endfacet
  facet normal 0 0 1
    outer loop
      vertex 5.820287286117804 -3.888991631137216 1.5
      vertex 4.715363765512706 -3.8697990333982375 1.5
      vertex 4.313351365237935 -4.313351365237942 1.5
    endloop
  endfacet
  facet normal 0 0 1
    outer loop
      vertex 5.411073173539165 -4.440752989145519 1.5
      vertex 5.820287286117804 -3.888991631137216 1.5
      vertex 4.313351365237935 -4.313351365237942 1.5
    endloop
  endfacet
  facet normal 0 0 1
    outer loop
      vertex 5.820287286117804 -3.888991631137216 1.5
      vertex 5.071964635045532 -3.388978421419573 1.5
      vertex 4.715363765512706 -3.8697990333982375 1.5
    endloop
  endfacet
  facet normal 0 0 1
    outer loop
      vertex 5.820287286117804 -3.888991631137216 1.5
      vertex 6.17344885043849 -3.299777157781982 1.5
      vertex 5.071964635045532 -3.388978421419573 1.5
    endloop
  endfacet
  facet normal 0 0 1
    outer loop
      vertex 6.17344885043849 -3.299777157781982 1.5
      vertex 5.379719712524974 -2.875520094638585 1.5
      vertex 5.071964635045532 -3.388978421419573 1.5
    endloop
  endfacet
  facet normal 0 0 1
    outer loop
      vertex 6.46715672757901 -2.678784026555629 1.5
      vertex 5.63566514831885 -2.3343689374270475 1.5
      vertex 5.379719712524974 -2.875520094638585 1.5
    endloop
  endfacet
  facet normal 0 0 1
    outer loop
      vertex 6.17344885043849 -3.299777157781982 1.5
      vertex 6.46715672757901 -2.678784026555629 1.5
      vertex 5.379719712524974 -2.875520094638585 1.5
    endloop
  endfacet
  facet normal 0 0 1
    outer loop
      vertex 6.698582350125463 -2.0319927407812344 1.5
      vertex 5.83733604796646 -1.7707365312522185 1.5
      vertex 5.63566514831885 -2.3343689374270475 1.5
    endloop
  endfacet
  facet normal 0 0 1
    outer loop
      vertex 6.46715672757901 -2.678784026555629 1.5
      vertex 6.698582350125463 -2.0319927407812344 1.5
      vertex 5.63566514831885 -2.3343689374270475 1.5
    endloop
  endfacet
  facet normal 0 0 1
    outer loop
      vertex 6.865496962822618 -1.3656322541128993 1.5
      vertex 5.9827902104597115 -1.1900509642983828 1.5
      vertex 5.83733604796646 -1.7707365312522185 1.5
    endloop
  endfacet
  facet normal 0 0 1
    outer loop
      vertex 6.698582350125463 -2.0319927407812344 1.5
      vertex 6.865496962822618 -1.3656322541128993 1.5
      vertex 5.83733604796646 -1.7707365312522185 1.5
    endloop
  endfacet
  facet normal 0 0 1
    outer loop
      vertex 6.865496962822618 -1.3656322541128993 1.5
      vertex 6.966293086705377 -0.6861199823069235 1.5
      vertex 5.9827902104597115 -1.1900509642983828 1.5
    endloop
  endfacet
  facet normal 0 0 1
    outer loop
      vertex 6.966293086705377 -0.6861199823069235 1.5
      vertex 6.0706268327004125 -0.5979045560103202 1.5
      vertex 5.9827902104597115 -1.1900509642983828 1.5
    endloop
  endfacet
  facet normal 0 0 1
    outer loop
      vertex 7 0 1.5
      vertex 6.099999999999994 0 1.5
      vertex 6.0706268327004125 -0.5979045560103202 1.5
    endloop
  endfacet
  facet normal 0 0 1
    outer loop
      vertex 6.966293086705377 -0.6861199823069235 1.5
      vertex 7 0 1.5
      vertex 6.0706268327004125 -0.5979045560103202 1.5
    endloop
  endfacet
  facet normal 0.5141027441932339 -0.8577286100002648 -1.2463874759865345e-17
    outer loop
      vertex 3.299777157781989 -6.173448850438486 1.5
      vertex 3.888991631137202 -5.820287286117818 0
      vertex 3.888991631137202 -5.820287286117818 1.5
    endloop
  endfacet
  facet normal 0.5956993044924226 -0.8032075314806528 1.4761440601993008e-18
    outer loop
      vertex 3.888991631137202 -5.820287286117818 1.5
      vertex 4.440752989145523 -5.411073173539158 0
      vertex 4.440752989145523 -5.411073173539158 1.5
    endloop
  endfacet
  facet normal 0.6715589548470118 -0.7409511253549649 6.889799643233142e-18
    outer loop
      vertex 4.440752989145523 -5.411073173539158 1.5
      vertex 4.949747468305844 -4.949747468305834 0
      vertex 4.949747468305844 -4.949747468305834 1.5
    endloop
  endfacet
  facet normal 0.7409511253549629 -0.6715589548470142 0
    outer loop
      vertex 4.949747468305844 -4.949747468305834 1.5
      vertex 4.949747468305844 -4.949747468305834 0
      vertex 5.411073173539165 -4.440752989145519 1.5
    endloop
  endfacet
  facet normal 0.5956993044924226 -0.8032075314806528 0
    outer loop
      vertex 3.888991631137202 -5.820287286117818 1.5
      vertex 3.888991631137202 -5.820287286117818 0
      vertex 4.440752989145523 -5.411073173539158 0
    endloop
  endfacet
  facet normal 0.6715589548470118 -0.7409511253549649 0
    outer loop
      vertex 4.440752989145523 -5.411073173539158 1.5
      vertex 4.440752989145523 -5.411073173539158 0
      vertex 4.949747468305844 -4.949747468305834 0
    endloop
  endfacet
  facet normal 0.8032075314806585 -0.5956993044924149 0
    outer loop
      vertex 5.411073173539165 -4.440752989145519 1.5
      vertex 5.411073173539165 -4.440752989145519 0
      vertex 5.820287286117804 -3.888991631137216 1.5
    endloop
  endfacet
  facet normal 0.8577286100002617 -0.5141027441932393 0
    outer loop
      vertex 5.820287286117804 -3.888991631137216 1.5
      vertex 5.820287286117804 -3.888991631137216 0
      vertex 6.17344885043849 -3.299777157781982 1.5
    endloop
  endfacet
  facet normal 0.7409511253549629 -0.6715589548470142 0
    outer loop
      vertex 5.411073173539165 -4.440752989145519 1.5
      vertex 4.949747468305844 -4.949747468305834 0
      vertex 5.411073173539165 -4.440752989145519 0
    endloop
  endfacet
  facet normal 0.8032075314806585 -0.5956993044924149 0
    outer loop
      vertex 5.820287286117804 -3.888991631137216 1.5
      vertex 5.411073173539165 -4.440752989145519 0
      vertex 5.820287286117804 -3.888991631137216 0
    endloop
  endfacet
  facet normal 0.903989293123444 -0.4275550934302806 0
    outer loop
      vertex 6.17344885043849 -3.299777157781982 1.5
      vertex 6.17344885043849 -3.299777157781982 0
      vertex 6.46715672757901 -2.678784026555629 1.5
    endloop
  endfacet
  facet normal 0.9415440651830219 -0.3368898533922168 0
    outer loop
      vertex 6.46715672757901 -2.678784026555629 1.5
      vertex 6.46715672757901 -2.678784026555629 0
      vertex 6.698582350125463 -2.0319927407812344 1.5
    endloop
  endfacet
  facet normal 0.9700312531945422 -0.24298017990327114 0
    outer loop
      vertex 6.698582350125463 -2.0319927407812344 1.5
      vertex 6.698582350125463 -2.0319927407812344 0
      vertex 6.865496962822618 -1.3656322541128993 1.5
    endloop
  endfacet
  facet normal 0.9891765099647825 -0.14673047445535276 0
    outer loop
      vertex 6.865496962822618 -1.3656322541128993 1.5
      vertex 6.865496962822618 -1.3656322541128993 0
      vertex 6.966293086705377 -0.6861199823069235 1.5
    endloop
  endfacet
  facet normal 0.9987954562051722 -0.04906767432741924 0
    outer loop
      vertex 6.966293086705377 -0.6861199823069235 1.5
      vertex 6.966293086705377 -0.6861199823069235 0
      vertex 7 0 1.5
    endloop
  endfacet
  facet normal 0.8577286100002617 -0.5141027441932393 0
    outer loop
      vertex 6.17344885043849 -3.299777157781982 1.5
      vertex 5.820287286117804 -3.888991631137216 0
      vertex 6.17344885043849 -3.299777157781982 0
    endloop
  endfacet
  facet normal 0.903989293123444 -0.4275550934302806 0
    outer loop
      vertex 6.46715672757901 -2.678784026555629 1.5
      vertex 6.17344885043849 -3.299777157781982 0
      vertex 6.46715672757901 -2.678784026555629 0
    endloop
  endfacet
  facet normal 0.9415440651830219 -0.3368898533922168 0
    outer loop
      vertex 6.698582350125463 -2.0319927407812344 1.5
      vertex 6.46715672757901 -2.678784026555629 0
      vertex 6.698582350125463 -2.0319927407812344 0
    endloop
  endfacet
  facet normal 0.9700312531945422 -0.24298017990327114 0
    outer loop
      vertex 6.865496962822618 -1.3656322541128993 1.5
      vertex 6.698582350125463 -2.0319927407812344 0
      vertex 6.865496962822618 -1.3656322541128993 0
    endloop
  endfacet
  facet normal 0.9891765099647825 -0.14673047445535276 0
    outer loop
      vertex 6.966293086705377 -0.6861199823069235 1.5
      vertex 6.865496962822618 -1.3656322541128993 0
      vertex 6.966293086705377 -0.6861199823069235 0
    endloop
  endfacet
  facet normal 0.9987954562051722 -0.04906767432741924 0
    outer loop
      vertex 7 0 1.5
      vertex 6.966293086705377 -0.6861199823069235 0
      vertex 7 0 0
    endloop
  endfacet
  facet normal 0 0 1
    outer loop
      vertex -3.299777157781989 6.173448850438486 1.5
      vertex 0 6.100000000000001 1.5
      vertex 3.299777157781989 6.173448850438486 1.5
    endloop
  endfacet
  facet normal 0 0 1
    outer loop
      vertex -0.6861199823069342 6.966293086705377 1.5
      vertex 0.6861199823069342 6.966293086705377 1.5
      vertex 0 7 1.5
    endloop
  endfacet
  facet normal 0 0 1
    outer loop
      vertex -1.36563225411291 6.865496962822611 1.5
      vertex 1.36563225411291 6.865496962822611 1.5
      vertex 0.6861199823069342 6.966293086705377 1.5
    endloop
  endfacet
  facet normal 0 0 1
    outer loop
      vertex -2.6787840265556326 6.467156727579006 1.5
      vertex 2.6787840265556326 6.467156727579006 1.5
      vertex 2.0319927407812486 6.698582350125463 1.5
    endloop
  endfacet
  facet normal 0 0 1
    outer loop
      vertex -2.0319927407812486 6.698582350125463 1.5
      vertex 2.0319927407812486 6.698582350125463 1.5
      vertex 1.36563225411291 6.865496962822611 1.5
    endloop
  endfacet
  facet normal 0 0 1
    outer loop
      vertex 3.299777157781989 6.173448850438486 1.5
      vertex 0 6.100000000000001 1.5
      vertex 0.5979045560103202 6.070626832700402 1.5
    endloop
  endfacet
  facet normal 0 0 1
    outer loop
      vertex 3.299777157781989 6.173448850438486 1.5
      vertex 0.5979045560103202 6.070626832700402 1.5
      vertex 1.1900509642983934 5.982790210459704 1.5
    endloop
  endfacet
  facet normal 0 0 1
    outer loop
      vertex -3.299777157781989 6.173448850438486 1.5
      vertex 3.299777157781989 6.173448850438486 1.5
      vertex 2.6787840265556326 6.467156727579006 1.5
    endloop
  endfacet
  facet normal 0 0 1
    outer loop
      vertex 3.299777157781989 6.173448850438486 1.5
      vertex 1.1900509642983934 5.982790210459704 1.5
      vertex 1.7707365312522256 5.837336047966474 1.5
    endloop
  endfacet
  facet normal 0 0 1
    outer loop
      vertex 3.299777157781989 6.173448850438486 1.5
      vertex 1.7707365312522256 5.837336047966474 1.5
      vertex 2.334368937427058 5.63566514831885 1.5
    endloop
  endfacet
  facet normal 0 0 1
    outer loop
      vertex 3.888991631137202 5.820287286117818 1.5
      vertex 2.334368937427058 5.63566514831885 1.5
      vertex 2.875520094638574 5.379719712524967 1.5
    endloop
  endfacet
  facet normal 0 0 1
    outer loop
      vertex 3.299777157781989 6.173448850438486 1.5
      vertex 2.334368937427058 5.63566514831885 1.5
      vertex 3.888991631137202 5.820287286117818 1.5
    endloop
  endfacet
  facet normal 0 0 -1
    outer loop
      vertex -6.966293086705377 0.6861199823069235 0
      vertex 6.966293086705377 0.6861199823069235 0
      vertex 7 0 0
    endloop
  endfacet
  facet normal 0 0 -1
    outer loop
      vertex -6.865496962822618 1.3656322541128993 0
      vertex 6.865496962822618 1.3656322541128993 0
      vertex 6.966293086705377 0.6861199823069235 0
    endloop
  endfacet
  facet normal 0 0 -1
    outer loop
      vertex -6.698582350125463 2.0319927407812344 0
      vertex 6.698582350125463 2.0319927407812344 0
      vertex 6.865496962822618 1.3656322541128993 0
    endloop
  endfacet
  facet normal 0 0 -1
    outer loop
      vertex -6.46715672757901 2.678784026555629 0
      vertex 6.46715672757901 2.678784026555629 0
      vertex 6.698582350125463 2.0319927407812344 0
    endloop
  endfacet
  facet normal 0 0 -1
    outer loop
      vertex -6.17344885043849 3.299777157781982 0
      vertex 6.17344885043849 3.299777157781982 0
      vertex 6.46715672757901 2.678784026555629 0
    endloop
  endfacet
  facet normal 0.04906767432741848 0.9987954562051723 0
    outer loop
      vertex 0 7 1.5
      vertex 0.6861199823069342 6.966293086705377 1.5
      vertex 0 7 0
    endloop
  endfacet
  facet normal 0.14673047445536283 0.9891765099647808 0
    outer loop
      vertex 0.6861199823069342 6.966293086705377 1.5
      vertex 1.36563225411291 6.865496962822611 1.5
      vertex 0.6861199823069342 6.966293086705377 0
    endloop
  endfacet
  facet normal 0.24298017990326018 0.9700312531945449 0
    outer loop
      vertex 1.36563225411291 6.865496962822611 1.5
      vertex 2.0319927407812486 6.698582350125463 1.5
      vertex 1.36563225411291 6.865496962822611 0
    endloop
  endfacet
  facet normal 0.04906767432741848 0.9987954562051723 0
    outer loop
      vertex 0.6861199823069342 6.966293086705377 1.5
      vertex 0.6861199823069342 6.966293086705377 0
      vertex 0 7 0
    endloop
  endfacet
  facet normal 0 0 -1
    outer loop
      vertex -0.6861199823069342 6.966293086705377 0
      vertex 0 7 0
      vertex 0.6861199823069342 6.966293086705377 0
    endloop
  endfacet
  facet normal 0 0 -1
    outer loop
      vertex -0.6861199823069342 6.966293086705377 0
      vertex 0.6861199823069342 6.966293086705377 0
      vertex 1.36563225411291 6.865496962822611 0
    endloop
  endfacet
  facet normal 0 0 -1
    outer loop
      vertex -1.36563225411291 6.865496962822611 0
      vertex 1.36563225411291 6.865496962822611 0
      vertex 2.0319927407812486 6.698582350125463 0
    endloop
  endfacet
  facet normal 0.14673047445536283 0.9891765099647808 0
    outer loop
      vertex 1.36563225411291 6.865496962822611 1.5
      vertex 1.36563225411291 6.865496962822611 0
      vertex 0.6861199823069342 6.966293086705377 0
    endloop
  endfacet
  facet normal 0 0 -1
    outer loop
      vertex -3.299777157781989 6.173448850438486 0
      vertex 3.299777157781989 6.173448850438486 0
      vertex 3.888991631137202 5.820287286117818 0
    endloop
  endfacet
  facet normal 0 0 -1
    outer loop
      vertex -3.888991631137202 5.820287286117818 0
      vertex 3.888991631137202 5.820287286117818 0
      vertex 4.440752989145523 5.411073173539158 0
    endloop
  endfacet
  facet normal 0 0 -1
    outer loop
      vertex -4.440752989145523 5.411073173539158 0
      vertex 4.440752989145523 5.411073173539158 0
      vertex 4.949747468305844 4.949747468305834 0
    endloop
  endfacet
  facet normal 0 0 -1
    outer loop
      vertex -2.6787840265556326 6.467156727579006 0
      vertex 2.6787840265556326 6.467156727579006 0
      vertex 3.299777157781989 6.173448850438486 0
    endloop
  endfacet
  facet normal 0 0 -1
    outer loop
      vertex -2.0319927407812486 6.698582350125463 0
      vertex 2.0319927407812486 6.698582350125463 0
      vertex 2.6787840265556326 6.467156727579006 0
    endloop
  endfacet
  facet normal 0.3368898533922263 0.9415440651830186 0
    outer loop
      vertex 2.0319927407812486 6.698582350125463 1.5
      vertex 2.6787840265556326 6.467156727579006 1.5
      vertex 2.0319927407812486 6.698582350125463 0
    endloop
  endfacet
  facet normal 0.5141027441932339 0.8577286100002648 0
    outer loop
      vertex 3.299777157781989 6.173448850438486 1.5
      vertex 3.888991631137202 5.820287286117818 1.5
      vertex 3.299777157781989 6.173448850438486 0
    endloop
  endfacet
  facet normal 0.42755509343027853 0.9039892931234449 0
    outer loop
      vertex 2.6787840265556326 6.467156727579006 1.5
      vertex 3.299777157781989 6.173448850438486 1.5
      vertex 2.6787840265556326 6.467156727579006 0
    endloop
  endfacet
  facet normal 0 0 -1
    outer loop
      vertex -5.820287286117804 3.888991631137216 0
      vertex 5.820287286117804 3.888991631137216 0
      vertex 6.17344885043849 3.299777157781982 0
    endloop
  endfacet
  facet normal 0 0 -1
    outer loop
      vertex -5.411073173539165 4.440752989145519 0
      vertex 5.411073173539165 4.440752989145519 0
      vertex 5.820287286117804 3.888991631137216 0
    endloop
  endfacet
  facet normal 0 0 -1
    outer loop
      vertex -4.949747468305844 4.949747468305834 0
      vertex 4.949747468305844 4.949747468305834 0
      vertex 5.411073173539165 4.440752989145519 0
    endloop
  endfacet
  facet normal 0.24298017990326018 0.9700312531945449 0
    outer loop
      vertex 2.0319927407812486 6.698582350125463 1.5
      vertex 2.0319927407812486 6.698582350125463 0
      vertex 1.36563225411291 6.865496962822611 0
    endloop
  endfacet
  facet normal 0.3368898533922263 0.9415440651830186 0
    outer loop
      vertex 2.6787840265556326 6.467156727579006 1.5
      vertex 2.6787840265556326 6.467156727579006 0
      vertex 2.0319927407812486 6.698582350125463 0
    endloop
  endfacet
  facet normal 0.42755509343027853 0.9039892931234449 0
    outer loop
      vertex 3.299777157781989 6.173448850438486 1.5
      vertex 3.299777157781989 6.173448850438486 0
      vertex 2.6787840265556326 6.467156727579006 0
    endloop
  endfacet
  facet normal 0 0 1
    outer loop
      vertex 6.966293086705377 0.6861199823069235 1.5
      vertex 6.0706268327004125 0.5979045560103202 1.5
      vertex 6.099999999999994 0 1.5
    endloop
  endfacet
  facet normal 0 0 1
    outer loop
      vertex 7 0 1.5
      vertex 6.966293086705377 0.6861199823069235 1.5
      vertex 6.099999999999994 0 1.5
    endloop
  endfacet
  facet normal 0 0 1
    outer loop
      vertex 6.865496962822618 1.3656322541128993 1.5
      vertex 5.9827902104597115 1.1900509642983828 1.5
      vertex 6.0706268327004125 0.5979045560103202 1.5
    endloop
  endfacet
  facet normal 0 0 1
    outer loop
      vertex 6.698582350125463 2.0319927407812344 1.5
      vertex 5.83733604796646 1.7707365312522185 1.5
      vertex 5.9827902104597115 1.1900509642983828 1.5
    endloop
  endfacet
  facet normal 0 0 1
    outer loop
      vertex 6.865496962822618 1.3656322541128993 1.5
      vertex 6.698582350125463 2.0319927407812344 1.5
      vertex 5.9827902104597115 1.1900509642983828 1.5
    endloop
  endfacet
  facet normal 0 0 1
    outer loop
      vertex 6.966293086705377 0.6861199823069235 1.5
      vertex 6.865496962822618 1.3656322541128993 1.5
      vertex 6.0706268327004125 0.5979045560103202 1.5
    endloop
  endfacet
  facet normal 0 0 1
    outer loop
      vertex 6.46715672757901 2.678784026555629 1.5
      vertex 5.63566514831885 2.3343689374270475 1.5
      vertex 5.83733604796646 1.7707365312522185 1.5
    endloop
  endfacet
  facet normal 0 0 1
    outer loop
      vertex 5.820287286117804 3.888991631137216 1.5
      vertex 5.071964635045532 3.388978421419573 1.5
      vertex 5.379719712524974 2.875520094638585 1.5
    endloop
  endfacet
  facet normal 0 0 1
    outer loop
      vertex 6.17344885043849 3.299777157781982 1.5
      vertex 5.379719712524974 2.875520094638585 1.5
      vertex 5.63566514831885 2.3343689374270475 1.5
    endloop
  endfacet
  facet normal 0 0 1
    outer loop
      vertex 6.46715672757901 2.678784026555629 1.5
      vertex 6.17344885043849 3.299777157781982 1.5
      vertex 5.63566514831885 2.3343689374270475 1.5
    endloop
  endfacet
  facet normal 0 0 1
    outer loop
      vertex 6.17344885043849 3.299777157781982 1.5
      vertex 5.820287286117804 3.888991631137216 1.5
      vertex 5.379719712524974 2.875520094638585 1.5
    endloop
  endfacet
  facet normal 0 0 1
    outer loop
      vertex 6.698582350125463 2.0319927407812344 1.5
      vertex 6.46715672757901 2.678784026555629 1.5
      vertex 5.83733604796646 1.7707365312522185 1.5
    endloop
  endfacet
  facet normal 0 0 1
    outer loop
      vertex 4.440752989145523 5.411073173539158 1.5
      vertex 3.38897842141958 5.071964635045525 1.5
      vertex 3.8697990333982375 4.715363765512695 1.5
    endloop
  endfacet
  facet normal 0 0 1
    outer loop
      vertex 5.820287286117804 3.888991631137216 1.5
      vertex 4.715363765512706 3.8697990333982375 1.5
      vertex 5.071964635045532 3.388978421419573 1.5
    endloop
  endfacet
  facet normal 0 0 1
    outer loop
      vertex 5.411073173539165 4.440752989145519 1.5
      vertex 4.313351365237935 4.313351365237942 1.5
      vertex 4.715363765512706 3.8697990333982375 1.5
    endloop
  endfacet
  facet normal 0 0 1
    outer loop
      vertex 4.949747468305844 4.949747468305834 1.5
      vertex 3.8697990333982375 4.715363765512695 1.5
      vertex 4.313351365237935 4.313351365237942 1.5
    endloop
  endfacet
  facet normal 0 0 1
    outer loop
      vertex 4.949747468305844 4.949747468305834 1.5
      vertex 4.440752989145523 5.411073173539158 1.5
      vertex 3.8697990333982375 4.715363765512695 1.5
    endloop
  endfacet
  facet normal 0 0 1
    outer loop
      vertex 4.949747468305844 4.949747468305834 1.5
      vertex 4.313351365237935 4.313351365237942 1.5
      vertex 5.411073173539165 4.440752989145519 1.5
    endloop
  endfacet
  facet normal 0 0 1
    outer loop
      vertex 4.440752989145523 5.411073173539158 1.5
      vertex 2.875520094638574 5.379719712524967 1.5
      vertex 3.38897842141958 5.071964635045525 1.5
    endloop
  endfacet
  facet normal 0 0 1
    outer loop
      vertex 3.888991631137202 5.820287286117818 1.5
      vertex 2.875520094638574 5.379719712524967 1.5
      vertex 4.440752989145523 5.411073173539158 1.5
    endloop
  endfacet
  facet normal 0 0 1
    outer loop
      vertex 5.820287286117804 3.888991631137216 1.5
      vertex 5.411073173539165 4.440752989145519 1.5
      vertex 4.715363765512706 3.8697990333982375 1.5
    endloop
  endfacet
  facet normal 0.9987954562051722 0.04906767432741924 0
    outer loop
      vertex 7 0 1.5
      vertex 7 0 0
      vertex 6.966293086705377 0.6861199823069235 1.5
    endloop
  endfacet
  facet normal 0.9891765099647825 0.14673047445535276 0
    outer loop
      vertex 6.966293086705377 0.6861199823069235 1.5
      vertex 6.966293086705377 0.6861199823069235 0
      vertex 6.865496962822618 1.3656322541128993 1.5
    endloop
  endfacet
  facet normal 0.9700312531945422 0.24298017990327114 0
    outer loop
      vertex 6.865496962822618 1.3656322541128993 1.5
      vertex 6.865496962822618 1.3656322541128993 0
      vertex 6.698582350125463 2.0319927407812344 1.5
    endloop
  endfacet
  facet normal 0.8577286100002617 0.5141027441932393 0
    outer loop
      vertex 6.17344885043849 3.299777157781982 1.5
      vertex 6.17344885043849 3.299777157781982 0
      vertex 5.820287286117804 3.888991631137216 1.5
    endloop
  endfacet
  facet normal 0.9415440651830219 0.3368898533922168 0
    outer loop
      vertex 6.698582350125463 2.0319927407812344 1.5
      vertex 6.698582350125463 2.0319927407812344 0
      vertex 6.46715672757901 2.678784026555629 1.5
    endloop
  endfacet
  facet normal 0.903989293123444 0.4275550934302806 0
    outer loop
      vertex 6.46715672757901 2.678784026555629 1.5
      vertex 6.46715672757901 2.678784026555629 0
      vertex 6.17344885043849 3.299777157781982 1.5
    endloop
  endfacet
  facet normal 0.9987954562051722 0.04906767432741924 0
    outer loop
      vertex 6.966293086705377 0.6861199823069235 1.5
      vertex 7 0 0
      vertex 6.966293086705377 0.6861199823069235 0
    endloop
  endfacet
  facet normal 0.9891765099647825 0.14673047445535276 0
    outer loop
      vertex 6.865496962822618 1.3656322541128993 1.5
      vertex 6.966293086705377 0.6861199823069235 0
      vertex 6.865496962822618 1.3656322541128993 0
    endloop
  endfacet
  facet normal 0.9415440651830219 0.3368898533922168 0
    outer loop
      vertex 6.46715672757901 2.678784026555629 1.5
      vertex 6.698582350125463 2.0319927407812344 0
      vertex 6.46715672757901 2.678784026555629 0
    endloop
  endfacet
  facet normal 0.9700312531945422 0.24298017990327114 0
    outer loop
      vertex 6.698582350125463 2.0319927407812344 1.5
      vertex 6.865496962822618 1.3656322541128993 0
      vertex 6.698582350125463 2.0319927407812344 0
    endloop
  endfacet
  facet normal 0.903989293123444 0.4275550934302806 0
    outer loop
      vertex 6.17344885043849 3.299777157781982 1.5
      vertex 6.46715672757901 2.678784026555629 0
      vertex 6.17344885043849 3.299777157781982 0
    endloop
  endfacet
  facet normal 0.5956993044924226 0.8032075314806528 0
    outer loop
      vertex 3.888991631137202 5.820287286117818 1.5
      vertex 4.440752989145523 5.411073173539158 1.5
      vertex 3.888991631137202 5.820287286117818 0
    endloop
  endfacet
  facet normal 0.6715589548470118 0.7409511253549649 -6.889799643233142e-18
    outer loop
      vertex 4.949747468305844 4.949747468305834 1.5
      vertex 4.440752989145523 5.411073173539158 0
      vertex 4.440752989145523 5.411073173539158 1.5
    endloop
  endfacet
  facet normal 0.6715589548470118 0.7409511253549649 0
    outer loop
      vertex 4.949747468305844 4.949747468305834 1.5
      vertex 4.949747468305844 4.949747468305834 0
      vertex 4.440752989145523 5.411073173539158 0
    endloop
  endfacet
  facet normal 0.7409511253549629 0.6715589548470142 0
    outer loop
      vertex 4.949747468305844 4.949747468305834 1.5
      vertex 5.411073173539165 4.440752989145519 0
      vertex 4.949747468305844 4.949747468305834 0
    endloop
  endfacet
  facet normal 0.5141027441932339 0.8577286100002648 0
    outer loop
      vertex 3.888991631137202 5.820287286117818 1.5
      vertex 3.888991631137202 5.820287286117818 0
      vertex 3.299777157781989 6.173448850438486 0
    endloop
  endfacet
  facet normal 0.5956993044924226 0.8032075314806528 0
    outer loop
      vertex 4.440752989145523 5.411073173539158 1.5
      vertex 4.440752989145523 5.411073173539158 0
      vertex 3.888991631137202 5.820287286117818 0
    endloop
  endfacet
  facet normal 0.8032075314806585 0.5956993044924149 0
    outer loop
      vertex 5.820287286117804 3.888991631137216 1.5
      vertex 5.820287286117804 3.888991631137216 0
      vertex 5.411073173539165 4.440752989145519 1.5
    endloop
  endfacet
  facet normal 0.7409511253549629 0.6715589548470142 -1.37611430967094e-19
    outer loop
      vertex 4.949747468305844 4.949747468305834 1.5
      vertex 5.411073173539165 4.440752989145519 1.5
      vertex 5.411073173539165 4.440752989145519 0
    endloop
  endfacet
  facet normal 0.8032075314806585 0.5956993044924149 0
    outer loop
      vertex 5.411073173539165 4.440752989145519 1.5
      vertex 5.820287286117804 3.888991631137216 0
      vertex 5.411073173539165 4.440752989145519 0
    endloop
  endfacet
  facet normal 0.8577286100002617 0.5141027441932393 0
    outer loop
      vertex 5.820287286117804 3.888991631137216 1.5
      vertex 6.17344885043849 3.299777157781982 0
      vertex 5.820287286117804 3.888991631137216 0
    endloop
  endfacet
endsolid OpenSCAD_Model
