solid OpenSCAD_Model
  facet normal 0 0 -1
    outer loop
      vertex -32.98881767690182 -28.333421401679516 0
      vertex -33.29152758419514 -27.828380420804024 0
      vertex -33.54327719658613 -27.296100594103336 0
    endloop
  endfacet
  facet normal 0 0 -1
    outer loop
      vertex -32.24264068901539 -29.24264068901539 0
      vertex -33.54327719658613 -27.296100594103336 0
      vertex -34 -25 0
    endloop
  endfacet
  facet normal 0 0 -1
    outer loop
      vertex -32.24264068901539 -29.24264068901539 0
      vertex -32.638062722980976 -28.806359708309174 0
      vertex -32.98881767690182 -28.333421401679516 0
    endloop
  endfacet
  facet normal 0 0 -1
    outer loop
      vertex -32.24264068901539 -29.24264068901539 0
      vertex -32.98881767690182 -28.333421401679516 0
      vertex -33.54327719658613 -27.296100594103336 0
    endloop
  endfacet
  facet normal 0 0 -1
    outer loop
      vertex -30.828380420804024 -30.291527584195137 0
      vertex -31.333421401679516 -29.988817676901817 0
      vertex -30.296100594103336 -30.543277196586132 0
    endloop
  endfacet
  facet normal 0 0 -1
    outer loop
      vertex -32.24264068901539 -29.24264068901539 0
      vertex -31.333421401679516 -29.988817676901817 0
      vertex -31.806359708309174 -29.638062722980976 0
    endloop
  endfacet
  facet normal 0 0 -1
    outer loop
      vertex -32.24264068901539 -29.24264068901539 0
      vertex -30.296100594103336 -30.543277196586132 0
      vertex -31.333421401679516 -29.988817676901817 0
    endloop
  endfacet
  facet normal 0 0 -1
    outer loop
      vertex -32.24264068901539 -29.24264068901539 0
      vertex -28 -31 0
      vertex -30.296100594103336 -30.543277196586132 0
    endloop
  endfacet
  facet normal 0 0 -1
    outer loop
      vertex -32.24264068901539 -29.24264068901539 0
      vertex -30.202081528017132 -27.202081528017132 0
      vertex -30.078468583078198 -27.314117770716653 0
    endloop
  endfacet
  facet normal 0 0 -1
    outer loop
      vertex -32.24264068901539 -29.24264068901539 0
      vertex -30.413498340914327 -26.944469396133325 0
      vertex -30.314117770716653 -27.078468583078198 0
    endloop
  endfacet
  facet normal 0 0 -1
    outer loop
      vertex -32.24264068901539 -29.24264068901539 0
      vertex -30.499266149392202 -26.801374452604197 0
      vertex -30.413498340914327 -26.944469396133325 0
    endloop
  endfacet
  facet normal 0 0 -1
    outer loop
      vertex -32.24264068901539 -29.24264068901539 0
      vertex -30.314117770716653 -27.078468583078198 0
      vertex -30.202081528017132 -27.202081528017132 0
    endloop
  endfacet
  facet normal 0 0 -1
    outer loop
      vertex -32.24264068901539 -29.24264068901539 0
      vertex -30.570595205269186 -26.650561835020653 0
      vertex -30.499266149392202 -26.801374452604197 0
    endloop
  endfacet
  facet normal 0 0 -1
    outer loop
      vertex -32.24264068901539 -29.24264068901539 0
      vertex -30.626798570744754 -26.493483951332585 0
      vertex -30.570595205269186 -26.650561835020653 0
    endloop
  endfacet
  facet normal 0 0 -1
    outer loop
      vertex -32.24264068901539 -29.24264068901539 0
      vertex -30.7 -26 0
      vertex -30.691814035342734 -26.166629138560253 0
    endloop
  endfacet
  facet normal 0 0 -1
    outer loop
      vertex -32.24264068901539 -29.24264068901539 0
      vertex -30.667334976685492 -26.33165354742742 0
      vertex -30.626798570744754 -26.493483951332585 0
    endloop
  endfacet
  facet normal 0 0 -1
    outer loop
      vertex -32.24264068901539 -29.24264068901539 0
      vertex -30.691814035342734 -26.166629138560253 0
      vertex -30.667334976685492 -26.33165354742742 0
    endloop
  endfacet
  facet normal 0 0 -1
    outer loop
      vertex -32.24264068901539 -29.24264068901539 0
      vertex -29.801374452604197 -27.499266149392202 0
      vertex -29.650561835020653 -27.570595205269186 0
    endloop
  endfacet
  facet normal 0 0 -1
    outer loop
      vertex -32.24264068901539 -29.24264068901539 0
      vertex -29.650561835020653 -27.570595205269186 0
      vertex -29.493483951332585 -27.626798570744754 0
    endloop
  endfacet
  facet normal 0 0 -1
    outer loop
      vertex -32.24264068901539 -29.24264068901539 0
      vertex -29.493483951332585 -27.626798570744754 0
      vertex -29.33165354742742 -27.667334976685492 0
    endloop
  endfacet
  facet normal 0 0 -1
    outer loop
      vertex -32.24264068901539 -29.24264068901539 0
      vertex -29.33165354742742 -27.667334976685492 0
      vertex -29.166629138560253 -27.691814035342734 0
    endloop
  endfacet
  facet normal 0 0 -1
    outer loop
      vertex -32.24264068901539 -29.24264068901539 0
      vertex -29.166629138560253 -27.691814035342734 0
      vertex -29 -27.7 0
    endloop
  endfacet
  facet normal 0 0 -1
    outer loop
      vertex -32.24264068901539 -29.24264068901539 0
      vertex -30.078468583078198 -27.314117770716653 0
      vertex -29.944469396133325 -27.413498340914327 0
    endloop
  endfacet
  facet normal 0 0 -1
    outer loop
      vertex -32.24264068901539 -29.24264068901539 0
      vertex -29.944469396133325 -27.413498340914327 0
      vertex -29.801374452604197 -27.499266149392202 0
    endloop
  endfacet
  facet normal 0 0 -1
    outer loop
      vertex -33.54327719658613 -27.296100594103336 0
      vertex -33.74164201319218 -26.74170806258917 0
      vertex -33.88471168279648 -26.170541934669018 0
    endloop
  endfacet
  facet normal 0 0 -1
    outer loop
      vertex -33.54327719658613 -27.296100594103336 0
      vertex -33.88471168279648 -26.170541934669018 0
      vertex -34 -25 0
    endloop
  endfacet
  facet normal 0 0 -1
    outer loop
      vertex -33.88471168279648 -26.170541934669018 0
      vertex -33.97110836207867 -25.588102839887142 0
      vertex -34 -25 0
    endloop
  endfacet
  facet normal 0 0 -1
    outer loop
      vertex -32.24264068901539 -29.24264068901539 0
      vertex -30.691814035342734 -25.833370861439747 0
      vertex -30.7 -26 0
    endloop
  endfacet
  facet normal 0 0 -1
    outer loop
      vertex -30.296100594103336 -30.543277196586132 0
      vertex -29.170541934669018 -30.88471168279648 0
      vertex -29.74170806258917 -30.741642013192177 0
    endloop
  endfacet
  facet normal 0 0 -1
    outer loop
      vertex -30.296100594103336 -30.543277196586132 0
      vertex -28 -31 0
      vertex -29.170541934669018 -30.88471168279648 0
    endloop
  endfacet
  facet normal 0 0 -1
    outer loop
      vertex -29.170541934669018 -30.88471168279648 0
      vertex -28 -31 0
      vertex -28.588102839887142 -30.971108362078667 0
    endloop
  endfacet
  facet normal -0.7409511234910436 -0.6715589569035323 0
    outer loop
      vertex -32.24264068901539 -29.24264068901539 0
      vertex -32.24264068901539 -29.24264068901539 1
      vertex -32.638062722980976 -28.806359708309174 0
    endloop
  endfacet
  facet normal -0.6715589569035323 -0.7409511234910436 0
    outer loop
      vertex -32.24264068901539 -29.24264068901539 0
      vertex -31.806359708309174 -29.638062722980976 0
      vertex -31.806359708309174 -29.638062722980976 1
    endloop
  endfacet
  facet normal -0.9039892908627272 -0.427555098210165 0
    outer loop
      vertex -33.54327719658613 -27.296100594103336 0
      vertex -33.29152758419514 -27.828380420804024 0
      vertex -33.29152758419514 -27.828380420804024 1
    endloop
  endfacet
  facet normal -0.8577286153979926 -0.5141027351876691 0
    outer loop
      vertex -32.98881767690182 -28.333421401679516 0
      vertex -33.29152758419514 -27.828380420804024 1
      vertex -33.29152758419514 -27.828380420804024 0
    endloop
  endfacet
  facet normal -0.8032075311101111 -0.5956993049920405 0
    outer loop
      vertex -32.98881767690182 -28.333421401679516 0
      vertex -32.638062722980976 -28.806359708309174 0
      vertex -32.98881767690182 -28.333421401679516 0.99
    endloop
  endfacet
  facet normal -0.5141027351876691 -0.8577286153979926 0
    outer loop
      vertex -30.828380420804024 -30.291527584195137 0
      vertex -31.333421401679516 -29.988817676901817 1
      vertex -31.333421401679516 -29.988817676901817 0
    endloop
  endfacet
  facet normal -0.5956993049920405 -0.803207531110111 0
    outer loop
      vertex -31.806359708309174 -29.638062722980976 0
      vertex -31.333421401679516 -29.988817676901817 0
      vertex -31.806359708309174 -29.638062722980976 1
    endloop
  endfacet
  facet normal -0.427555098210165 -0.9039892908627272 0
    outer loop
      vertex -30.828380420804024 -30.291527584195137 0
      vertex -30.296100594103336 -30.543277196586132 0
      vertex -30.296100594103336 -30.543277196586132 1
    endloop
  endfacet
  facet normal -0.33688984883968903 -0.9415440668119424 0
    outer loop
      vertex -30.296100594103336 -30.543277196586132 0
      vertex -29.74170806258917 -30.741642013192177 0
      vertex -29.74170806258917 -30.741642013192177 0.99
    endloop
  endfacet
  facet normal -0.9415440668119424 -0.33688984883968903 0
    outer loop
      vertex -33.54327719658613 -27.296100594103336 0
      vertex -33.74164201319218 -26.74170806258917 1
      vertex -33.74164201319218 -26.74170806258917 0
    endloop
  endfacet
  facet normal -0.9700312522108819 -0.2429801838302629 0
    outer loop
      vertex -33.74164201319218 -26.74170806258917 0
      vertex -33.74164201319218 -26.74170806258917 1
      vertex -33.88471168279648 -26.170541934669018 0
    endloop
  endfacet
  facet normal -0.989176509724005 -0.14673047607854153 0
    outer loop
      vertex -33.88471168279648 -26.170541934669018 0
      vertex -33.97110836207867 -25.588102839887142 1
      vertex -33.97110836207867 -25.588102839887142 0
    endloop
  endfacet
  facet normal -0.9987954563668773 -0.049067671035838485 0
    outer loop
      vertex -33.97110836207867 -25.588102839887142 0
      vertex -34 -25 1
      vertex -34 -25 0
    endloop
  endfacet
  facet normal -0.2429801838302629 -0.9700312522108819 0
    outer loop
      vertex -29.74170806258917 -30.741642013192177 0
      vertex -29.170541934669018 -30.88471168279648 0
      vertex -29.170541934669018 -30.88471168279648 1
    endloop
  endfacet
  facet normal -0.14673047607854153 -0.9891765097240051 0
    outer loop
      vertex -29.170541934669018 -30.88471168279648 0
      vertex -28.588102839887142 -30.971108362078667 0
      vertex -28.588102839887142 -30.971108362078667 0.99
    endloop
  endfacet
  facet normal -0.04906767103583848 -0.9987954563668773 0
    outer loop
      vertex -28.588102839887142 -30.971108362078667 0
      vertex -28 -31 0
      vertex -28.588102839887142 -30.971108362078667 0.99
    endloop
  endfacet
  facet normal -0.6715589569035323 -0.7409511234910436 0
    outer loop
      vertex -32.24264068901539 -29.24264068901539 0
      vertex -31.806359708309174 -29.638062722980976 1
      vertex -32.24264068901539 -29.24264068901539 1
    endloop
  endfacet
  facet normal -0.8577286153979926 -0.5141027351876691 0
    outer loop
      vertex -32.98881767690182 -28.333421401679516 0
      vertex -32.98881767690182 -28.333421401679516 0.99
      vertex -33.29152758419514 -27.828380420804024 1
    endloop
  endfacet
  facet normal -0.9039892908627272 -0.427555098210165 0
    outer loop
      vertex -33.54327719658613 -27.296100594103336 0
      vertex -33.29152758419514 -27.828380420804024 1
      vertex -33.54327719658613 -27.296100594103336 1
    endloop
  endfacet
  facet normal -0.803207531110111 -0.5956993049920405 0
    outer loop
      vertex -32.638062722980976 -28.806359708309174 0
      vertex -32.638062722980976 -28.806359708309174 1
      vertex -32.98881767690182 -28.333421401679516 0.99
    endloop
  endfacet
  facet normal -0.7409511234910436 -0.6715589569035323 0
    outer loop
      vertex -32.638062722980976 -28.806359708309174 0
      vertex -32.24264068901539 -29.24264068901539 1
      vertex -32.638062722980976 -28.806359708309174 1
    endloop
  endfacet
  facet normal -0.5141027351876691 -0.8577286153979926 0
    outer loop
      vertex -30.828380420804024 -30.291527584195137 0
      vertex -30.828380420804024 -30.291527584195137 1
      vertex -31.333421401679516 -29.988817676901817 1
    endloop
  endfacet
  facet normal -0.5956993049920405 -0.803207531110111 0
    outer loop
      vertex -31.333421401679516 -29.988817676901817 0
      vertex -31.333421401679516 -29.988817676901817 1
      vertex -31.806359708309174 -29.638062722980976 1
    endloop
  endfacet
  facet normal -0.427555098210165 -0.9039892908627272 0
    outer loop
      vertex -30.828380420804024 -30.291527584195137 0
      vertex -30.296100594103336 -30.543277196586132 1
      vertex -30.828380420804024 -30.291527584195137 1
    endloop
  endfacet
  facet normal -0.33688984883968903 -0.9415440668119424 0
    outer loop
      vertex -30.296100594103336 -30.543277196586132 0
      vertex -29.74170806258917 -30.741642013192177 0.99
      vertex -30.296100594103336 -30.543277196586132 1
    endloop
  endfacet
  facet normal -0.9415440668119424 -0.33688984883968903 0
    outer loop
      vertex -33.54327719658613 -27.296100594103336 0
      vertex -33.54327719658613 -27.296100594103336 1
      vertex -33.74164201319218 -26.74170806258917 1
    endloop
  endfacet
  facet normal -0.9700312522108819 -0.2429801838302629 0
    outer loop
      vertex -33.88471168279648 -26.170541934669018 0
      vertex -33.74164201319218 -26.74170806258917 1
      vertex -33.88471168279648 -26.170541934669018 1
    endloop
  endfacet
  facet normal -0.989176509724005 -0.14673047607854153 0
    outer loop
      vertex -33.88471168279648 -26.170541934669018 0
      vertex -33.88471168279648 -26.170541934669018 1
      vertex -33.97110836207867 -25.588102839887142 1
    endloop
  endfacet
  facet normal -0.9987954563668773 -0.049067671035838485 0
    outer loop
      vertex -33.97110836207867 -25.588102839887142 0
      vertex -33.97110836207867 -25.588102839887142 1
      vertex -34 -25 1
    endloop
  endfacet
  facet normal -0.24298018383026293 -0.9700312522108819 0
    outer loop
      vertex -29.74170806258917 -30.741642013192177 0
      vertex -29.170541934669018 -30.88471168279648 1
      vertex -29.74170806258917 -30.741642013192177 0.99
    endloop
  endfacet
  facet normal -0.14673047607854153 -0.989176509724005 0
    outer loop
      vertex -29.170541934669018 -30.88471168279648 0
      vertex -28.588102839887142 -30.971108362078667 1
      vertex -29.170541934669018 -30.88471168279648 1
    endloop
  endfacet
  facet normal -0.1467304760785416 -0.989176509724005 0
    outer loop
      vertex -29.170541934669018 -30.88471168279648 0
      vertex -28.588102839887142 -30.971108362078667 0.99
      vertex -28.588102839887142 -30.971108362078667 1
    endloop
  endfacet
  facet normal -0.049067671035838485 -0.9987954563668773 0
    outer loop
      vertex -28 -31 0
      vertex -28 -31 1
      vertex -28.588102839887142 -30.971108362078667 0.99
    endloop
  endfacet
  facet normal -0.8577286153979925 -0.514102735187669 0
    outer loop
      vertex -32.98881767690182 -28.333421401679516 0.99
      vertex -32.98881767690182 -28.333421401679516 1
      vertex -33.29152758419514 -27.828380420804024 1
    endloop
  endfacet
  facet normal -0.8032075311101109 -0.5956993049920404 0
    outer loop
      vertex -32.98881767690182 -28.333421401679516 0.99
      vertex -32.638062722980976 -28.806359708309174 1
      vertex -32.98881767690182 -28.333421401679516 1
    endloop
  endfacet
  facet normal -0.33688984883968903 -0.9415440668119424 0
    outer loop
      vertex -29.74170806258917 -30.741642013192177 0.99
      vertex -29.74170806258917 -30.741642013192177 1
      vertex -30.296100594103336 -30.543277196586132 1
    endloop
  endfacet
  facet normal -0.2429801838302629 -0.9700312522108819 0
    outer loop
      vertex -29.74170806258917 -30.741642013192177 0.99
      vertex -29.170541934669018 -30.88471168279648 1
      vertex -29.74170806258917 -30.741642013192177 1
    endloop
  endfacet
  facet normal -0.049067671035838485 -0.9987954563668773 0
    outer loop
      vertex -28.588102839887142 -30.971108362078667 0.99
      vertex -28 -31 1
      vertex -28.588102839887142 -30.971108362078667 1
    endloop
  endfacet
  facet normal 0 0 -1
    outer loop
      vertex -32.24264068901539 -29.24264068901539 0
      vertex -34 -25 0
      vertex -34 25 0
    endloop
  endfacet
  facet normal 0 0 -1
    outer loop
      vertex -32.24264068901539 -29.24264068901539 0
      vertex -27.685882229283347 24.921531416921802 0
      vertex -30.691814035342734 -25.833370861439747 0
    endloop
  endfacet
  facet normal 0 0 -1
    outer loop
      vertex -30.691814035342734 -25.833370861439747 0
      vertex -27.685882229283347 24.921531416921802 0
      vertex -30.667334976685492 -25.66834645257258 0
    endloop
  endfacet
  facet normal 0 0 -1
    outer loop
      vertex -30.667334976685492 -25.66834645257258 0
      vertex -27.685882229283347 24.921531416921802 0
      vertex -30.626798570744754 -25.506516048667415 0
    endloop
  endfacet
  facet normal 0 0 -1
    outer loop
      vertex -30.626798570744754 -25.506516048667415 0
      vertex -27.685882229283347 24.921531416921802 0
      vertex -30.570595205269186 -25.349438164979347 0
    endloop
  endfacet
  facet normal 0 0 -1
    outer loop
      vertex -30.570595205269186 -25.349438164979347 0
      vertex -27.685882229283347 24.921531416921802 0
      vertex -30.499266149392202 -25.198625547395803 0
    endloop
  endfacet
  facet normal 0 0 -1
    outer loop
      vertex -30.499266149392202 -25.198625547395803 0
      vertex -27.685882229283347 24.921531416921802 0
      vertex -30.413498340914327 -25.055530603866675 0
    endloop
  endfacet
  facet normal 0 0 -1
    outer loop
      vertex -30.413498340914327 -25.055530603866675 0
      vertex -27.685882229283347 24.921531416921802 0
      vertex -30.314117770716653 -24.921531416921802 0
    endloop
  endfacet
  facet normal 0 0 -1
    outer loop
      vertex -30.314117770716653 -24.921531416921802 0
      vertex -27.685882229283347 24.921531416921802 0
      vertex -30.202081528017132 -24.797918471982868 0
    endloop
  endfacet
  facet normal 0 0 -1
    outer loop
      vertex -30.202081528017132 -24.797918471982868 0
      vertex -27.685882229283347 24.921531416921802 0
      vertex -30.078468583078198 -24.685882229283347 0
    endloop
  endfacet
  facet normal 0 0 -1
    outer loop
      vertex -30.078468583078198 -24.685882229283347 0
      vertex -27.685882229283347 24.921531416921802 0
      vertex -29.944469396133325 -24.586501659085673 0
    endloop
  endfacet
  facet normal 0 0 -1
    outer loop
      vertex -29.944469396133325 -24.586501659085673 0
      vertex -27.685882229283347 24.921531416921802 0
      vertex -29.801374452604197 -24.500733850607798 0
    endloop
  endfacet
  facet normal 0 0 -1
    outer loop
      vertex -29.801374452604197 -24.500733850607798 0
      vertex -27.685882229283347 24.921531416921802 0
      vertex -29.650561835020653 -24.429404794730814 0
    endloop
  endfacet
  facet normal 0 0 -1
    outer loop
      vertex -29.650561835020653 -24.429404794730814 0
      vertex -27.685882229283347 24.921531416921802 0
      vertex -29.493483951332585 -24.373201429255246 0
    endloop
  endfacet
  facet normal 0 0 -1
    outer loop
      vertex -29.493483951332585 -24.373201429255246 0
      vertex -27.685882229283347 24.921531416921802 0
      vertex -29.33165354742742 -24.332665023314508 0
    endloop
  endfacet
  facet normal 0 0 -1
    outer loop
      vertex -29.33165354742742 -24.332665023314508 0
      vertex -27.685882229283347 24.921531416921802 0
      vertex -29.166629138560253 -24.308185964657266 0
    endloop
  endfacet
  facet normal -1 0 0
    outer loop
      vertex -34 -25 0
      vertex -34 -25 1
      vertex -34 25 0
    endloop
  endfacet
  facet normal 0 0 -1
    outer loop
      vertex -32.24264068901539 -29.24264068901539 0
      vertex -29 -27.7 0
      vertex 27.68588222928335 -24.921531416921802 0
    endloop
  endfacet
  facet normal 0 0 -1
    outer loop
      vertex -32.24264068901539 -29.24264068901539 0
      vertex 29.170541934669018 -30.88471168279648 0
      vertex -28 -31 0
    endloop
  endfacet
  facet normal 0 0 -1
    outer loop
      vertex -28.833370861439747 -27.691814035342734 0
      vertex 27.68588222928335 -24.921531416921802 0
      vertex -29 -27.7 0
    endloop
  endfacet
  facet normal 0 0 -1
    outer loop
      vertex -28.833370861439747 -27.691814035342734 0
      vertex -28.66834645257258 -27.667334976685492 0
      vertex 27.68588222928335 -24.921531416921802 0
    endloop
  endfacet
  facet normal 0 0 -1
    outer loop
      vertex -28.66834645257258 -27.667334976685492 0
      vertex -28.506516048667415 -27.626798570744754 0
      vertex 27.68588222928335 -24.921531416921802 0
    endloop
  endfacet
  facet normal 0 0 -1
    outer loop
      vertex -28.506516048667415 -27.626798570744754 0
      vertex -28.349438164979347 -27.570595205269186 0
      vertex 27.68588222928335 -24.921531416921802 0
    endloop
  endfacet
  facet normal 0 0 -1
    outer loop
      vertex -28.349438164979347 -27.570595205269186 0
      vertex -28.198625547395803 -27.499266149392202 0
      vertex 27.68588222928335 -24.921531416921802 0
    endloop
  endfacet
  facet normal 0 0 -1
    outer loop
      vertex -28.198625547395803 -27.499266149392202 0
      vertex -28.055530603866675 -27.413498340914327 0
      vertex 27.68588222928335 -24.921531416921802 0
    endloop
  endfacet
  facet normal 0 0 -1
    outer loop
      vertex -28.055530603866675 -27.413498340914327 0
      vertex -27.921531416921802 -27.314117770716653 0
      vertex 27.68588222928335 -24.921531416921802 0
    endloop
  endfacet
  facet normal 0 0 -1
    outer loop
      vertex -27.797918471982868 -27.202081528017132 0
      vertex 27.68588222928335 -24.921531416921802 0
      vertex -27.921531416921802 -27.314117770716653 0
    endloop
  endfacet
  facet normal 0 0 -1
    outer loop
      vertex -27.685882229283347 -27.078468583078198 0
      vertex 27.68588222928335 -24.921531416921802 0
      vertex -27.797918471982868 -27.202081528017132 0
    endloop
  endfacet
  facet normal 0 0 -1
    outer loop
      vertex -27.685882229283347 -27.078468583078198 0
      vertex -27.586501659085673 -26.944469396133325 0
      vertex 27.68588222928335 -24.921531416921802 0
    endloop
  endfacet
  facet normal 0 0 -1
    outer loop
      vertex -27.586501659085673 -26.944469396133325 0
      vertex -27.500733850607798 -26.801374452604197 0
      vertex 27.68588222928335 -24.921531416921802 0
    endloop
  endfacet
  facet normal 0 0 -1
    outer loop
      vertex -27.429404794730814 -26.650561835020653 0
      vertex 27.68588222928335 -24.921531416921802 0
      vertex -27.500733850607798 -26.801374452604197 0
    endloop
  endfacet
  facet normal 0 0 -1
    outer loop
      vertex -27.429404794730814 -26.650561835020653 0
      vertex -27.373201429255246 -26.493483951332585 0
      vertex 27.68588222928335 -24.921531416921802 0
    endloop
  endfacet
  facet normal 0 0 -1
    outer loop
      vertex -27.373201429255246 -26.493483951332585 0
      vertex -27.332665023314508 -26.33165354742742 0
      vertex 27.68588222928335 -24.921531416921802 0
    endloop
  endfacet
  facet normal 0 0 -1
    outer loop
      vertex -27.332665023314508 -26.33165354742742 0
      vertex -27.308185964657266 -26.166629138560253 0
      vertex 27.68588222928335 -24.921531416921802 0
    endloop
  endfacet
  facet normal 0 0 -1
    outer loop
      vertex -27.308185964657266 -26.166629138560253 0
      vertex -27.3 -26 0
      vertex 27.68588222928335 -24.921531416921802 0
    endloop
  endfacet
  facet normal 0 -1 0
    outer loop
      vertex -28 -31 0
      vertex 28 -31 0
      vertex -28 -31 1
    endloop
  endfacet
  facet normal 0 0 -1
    outer loop
      vertex 28 31 0
      vertex -29 -24.3 0
      vertex -29.166629138560253 -24.308185964657266 0
    endloop
  endfacet
  facet normal 0 0 -1
    outer loop
      vertex 28 31 0
      vertex -28.833370861439747 -24.308185964657266 0
      vertex -29 -24.3 0
    endloop
  endfacet
  facet normal 0 0 -1
    outer loop
      vertex 28 31 0
      vertex -28.66834645257258 -24.332665023314508 0
      vertex -28.833370861439747 -24.308185964657266 0
    endloop
  endfacet
  facet normal 0 0 -1
    outer loop
      vertex 28 31 0
      vertex -28.506516048667415 -24.373201429255246 0
      vertex -28.66834645257258 -24.332665023314508 0
    endloop
  endfacet
  facet normal 0 0 -1
    outer loop
      vertex 28 31 0
      vertex -28.349438164979347 -24.429404794730814 0
      vertex -28.506516048667415 -24.373201429255246 0
    endloop
  endfacet
  facet normal 0 0 -1
    outer loop
      vertex 28 31 0
      vertex -27.3 -26 0
      vertex -27.308185964657266 -25.833370861439747 0
    endloop
  endfacet
  facet normal 0 0 -1
    outer loop
      vertex 28 31 0
      vertex -27.308185964657266 -25.833370861439747 0
      vertex -27.332665023314508 -25.66834645257258 0
    endloop
  endfacet
  facet normal 0 0 -1
    outer loop
      vertex 28 31 0
      vertex -27.586501659085673 -25.055530603866675 0
      vertex -27.685882229283347 -24.921531416921802 0
    endloop
  endfacet
  facet normal 0 0 -1
    outer loop
      vertex 28 31 0
      vertex -27.921531416921802 -24.685882229283347 0
      vertex -28.055530603866675 -24.586501659085673 0
    endloop
  endfacet
  facet normal 0 0 -1
    outer loop
      vertex 28 31 0
      vertex -28.198625547395803 -24.500733850607798 0
      vertex -28.349438164979347 -24.429404794730814 0
    endloop
  endfacet
  facet normal 0 0 -1
    outer loop
      vertex 28 31 0
      vertex -28.055530603866675 -24.586501659085673 0
      vertex -28.198625547395803 -24.500733850607798 0
    endloop
  endfacet
  facet normal 0 0 -1
    outer loop
      vertex 28 31 0
      vertex -27.797918471982868 -24.797918471982868 0
      vertex -27.921531416921802 -24.685882229283347 0
    endloop
  endfacet
  facet normal 0 0 -1
    outer loop
      vertex 28 31 0
      vertex -27.685882229283347 -24.921531416921802 0
      vertex -27.797918471982868 -24.797918471982868 0
    endloop
  endfacet
  facet normal 0 0 -1
    outer loop
      vertex 28 31 0
      vertex -27.332665023314508 -25.66834645257258 0
      vertex -27.373201429255246 -25.506516048667415 0
    endloop
  endfacet
  facet normal 0 0 -1
    outer loop
      vertex 28 31 0
      vertex -27.373201429255246 -25.506516048667415 0
      vertex -27.429404794730814 -25.349438164979347 0
    endloop
  endfacet
  facet normal 0 0 -1
    outer loop
      vertex 28 31 0
      vertex -27.429404794730814 -25.349438164979347 0
      vertex -27.500733850607798 -25.198625547395803 0
    endloop
  endfacet
  facet normal 0 0 -1
    outer loop
      vertex 28 31 0
      vertex -27.500733850607798 -25.198625547395803 0
      vertex -27.586501659085673 -25.055530603866675 0
    endloop
  endfacet
  facet normal -0.7346121823507129 -0.665813675514368 0.13052620824941985
    outer loop
      vertex -32.24264068901539 -29.24264068901539 1
      vertex -32.21851754933596 -29.218517549335957 1.2588190451025207
      vertex -32.638062722980976 -28.806359708309174 1
    endloop
  endfacet
  facet normal -0.665813675514368 -0.7346121823507129 0.13052620824941985
    outer loop
      vertex -32.24264068901539 -29.24264068901539 1
      vertex -31.806359708309174 -29.638062722980976 1
      vertex -32.21851754933596 -29.218517549335957 1.2588190451025207
    endloop
  endfacet
  facet normal -0.896255534011969 -0.4238973035844082 0.13052621869489803
    outer loop
      vertex -33.54327719658613 -27.296100594103336 1
      vertex -33.29152758419514 -27.828380420804024 1
      vertex -33.261440582573414 -27.812298625707626 1.2588190451025207
    endloop
  endfacet
  facet normal -0.8503906267535873 -0.5097045141593146 0.13052620493700767
    outer loop
      vertex -32.98881767690182 -28.333421401679516 1
      vertex -33.261440582573414 -27.812298625707626 1.2588190451025207
      vertex -33.29152758419514 -27.828380420804024 1
    endloop
  endfacet
  facet normal -0.7963359762895988 -0.5906030125990441 0.13052622102790204
    outer loop
      vertex -32.98881767690182 -28.333421401679516 1
      vertex -32.638062722980976 -28.806359708309174 1
      vertex -32.611691273748875 -28.784717187285423 1.2588190451025207
    endloop
  endfacet
  facet normal -0.5097045141593146 -0.8503906267535873 0.13052620493700767
    outer loop
      vertex -30.828380420804024 -30.291527584195137 1
      vertex -30.812298625707626 -30.261440582573414 1.2588190451025207
      vertex -31.333421401679516 -29.988817676901817 1
    endloop
  endfacet
  facet normal -0.5906030125990441 -0.7963359762895988 0.13052622102790204
    outer loop
      vertex -31.806359708309174 -29.638062722980976 1
      vertex -31.333421401679516 -29.988817676901817 1
      vertex -31.784717187285423 -29.611691273748875 1.2588190451025207
    endloop
  endfacet
  facet normal -0.4238973035844082 -0.896255534011969 0.13052621869489803
    outer loop
      vertex -30.828380420804024 -30.291527584195137 1
      vertex -30.296100594103336 -30.543277196586132 1
      vertex -30.812298625707626 -30.261440582573414 1.2588190451025207
    endloop
  endfacet
  facet normal -0.33400770960138765 -0.9334890271338551 0.13052618950817413
    outer loop
      vertex -30.296100594103336 -30.543277196586132 1
      vertex -29.74170806258917 -30.741642013192177 1
      vertex -29.73180490732193 -30.70899574458599 1.2588190451025207
    endloop
  endfacet
  facet normal -0.6658136662811719 -0.7346121868195613 0.13052623019686965
    outer loop
      vertex -31.806359708309174 -29.638062722980976 1
      vertex -31.784717187285423 -29.611691273748875 1.2588190451025207
      vertex -32.21851754933596 -29.218517549335957 1.2588190451025207
    endloop
  endfacet
  facet normal -0.8503906230357933 -0.5097045175902238 0.13052621576109788
    outer loop
      vertex -32.98881767690182 -28.333421401679516 1
      vertex -32.96045187115669 -28.31446795910597 1.2588190451025207
      vertex -33.261440582573414 -27.812298625707626 1.2588190451025207
    endloop
  endfacet
  facet normal -0.8962555342418825 -0.42389730212486026 0.13052622185623336
    outer loop
      vertex -33.54327719658613 -27.296100594103336 1
      vertex -33.261440582573414 -27.812298625707626 1.2588190451025207
      vertex -33.51175881177187 -27.283045202493668 1.2588190451025207
    endloop
  endfacet
  facet normal -0.7346121868195613 -0.6658136662811719 0.13052623019686965
    outer loop
      vertex -32.638062722980976 -28.806359708309174 1
      vertex -32.21851754933596 -29.218517549335957 1.2588190451025207
      vertex -32.611691273748875 -28.784717187285423 1.2588190451025207
    endloop
  endfacet
  facet normal -0.7963359762939406 -0.5906030125872446 0.130526221054803
    outer loop
      vertex -32.98881767690182 -28.333421401679516 1
      vertex -32.611691273748875 -28.784717187285423 1.2588190451025207
      vertex -32.96045187115669 -28.31446795910597 1.2588190451025207
    endloop
  endfacet
  facet normal -0.5097045175902238 -0.8503906230357933 0.13052621576109788
    outer loop
      vertex -31.333421401679516 -29.988817676901817 1
      vertex -30.812298625707626 -30.261440582573414 1.2588190451025207
      vertex -31.31446795910597 -29.960451871156693 1.2588190451025207
    endloop
  endfacet
  facet normal -0.5906030125872446 -0.7963359762939406 0.130526221054803
    outer loop
      vertex -31.333421401679516 -29.988817676901817 1
      vertex -31.31446795910597 -29.960451871156693 1.2588190451025207
      vertex -31.784717187285423 -29.611691273748875 1.2588190451025207
    endloop
  endfacet
  facet normal -0.42389730212486026 -0.8962555342418825 0.13052622185623336
    outer loop
      vertex -30.296100594103336 -30.543277196586132 1
      vertex -30.283045202493668 -30.51175881177187 1.2588190451025207
      vertex -30.812298625707626 -30.261440582573414 1.2588190451025207
    endloop
  endfacet
  facet normal -0.33400771549840413 -0.9334890228418522 0.1305262051133838
    outer loop
      vertex -30.296100594103336 -30.543277196586132 1
      vertex -29.73180490732193 -30.70899574458599 1.2588190451025207
      vertex -30.283045202493668 -30.51175881177187 1.2588190451025207
    endloop
  endfacet
  facet normal -0.9334890271338551 -0.33400770960138765 0.13052618950817413
    outer loop
      vertex -33.54327719658613 -27.296100594103336 1
      vertex -33.70899574458599 -26.73180490732193 1.2588190451025207
      vertex -33.74164201319218 -26.74170806258917 1
    endloop
  endfacet
  facet normal -0.9617325015341801 -0.24090145496416637 0.13052618315478345
    outer loop
      vertex -33.74164201319218 -26.74170806258917 1
      vertex -33.70899574458599 -26.73180490732193 1.2588190451025207
      vertex -33.88471168279648 -26.170541934669018 1
    endloop
  endfacet
  facet normal -0.9807139685266514 -0.1454751766587561 0.13052618477841837
    outer loop
      vertex -33.88471168279648 -26.170541934669018 1
      vertex -33.93715737015009 -25.58475896716118 1.2588190451025207
      vertex -33.97110836207867 -25.588102839887142 1
    endloop
  endfacet
  facet normal -0.9902506240956453 -0.04864789037277225 0.13052618220289663
    outer loop
      vertex -33.97110836207867 -25.588102839887142 1
      vertex -33.965925827622414 -24.999163553118706 1.2588190451025207
      vertex -34 -25 1
    endloop
  endfacet
  facet normal -0.9334890228418522 -0.33400771549840413 0.1305262051133838
    outer loop
      vertex -33.54327719658613 -27.296100594103336 1
      vertex -33.51175881177187 -27.283045202493668 1.2588190451025207
      vertex -33.70899574458599 -26.73180490732193 1.2588190451025207
    endloop
  endfacet
  facet normal -0.9617325011557026 -0.2409014455331296 0.1305262033495386
    outer loop
      vertex -33.88471168279648 -26.170541934669018 1
      vertex -33.70899574458599 -26.73180490732193 1.2588190451025207
      vertex -33.8512519299984 -26.16388636827469 1.2588190451025207
    endloop
  endfacet
  facet normal -0.9807139654324291 -0.14547518335584783 0.13052620056288625
    outer loop
      vertex -33.88471168279648 -26.170541934669018 1
      vertex -33.8512519299984 -26.16388636827469 1.2588190451025207
      vertex -33.93715737015009 -25.58475896716118 1.2588190451025207
    endloop
  endfacet
  facet normal -0.9902506232416112 -0.04864789282588675 0.13052618776782499
    outer loop
      vertex -33.97110836207867 -25.588102839887142 1
      vertex -33.93715737015009 -25.58475896716118 1.2588190451025207
      vertex -33.965925827622414 -24.999163553118706 1.2588190451025207
    endloop
  endfacet
  facet normal -0.24090145496416637 -0.9617325015341801 0.13052618315478345
    outer loop
      vertex -29.74170806258917 -30.741642013192177 1
      vertex -29.170541934669018 -30.88471168279648 1
      vertex -29.73180490732193 -30.70899574458599 1.2588190451025207
    endloop
  endfacet
  facet normal -0.1454751766587561 -0.9807139685266514 0.13052618477841837
    outer loop
      vertex -29.170541934669018 -30.88471168279648 1
      vertex -28.588102839887142 -30.971108362078667 1
      vertex -28.58475896716118 -30.93715737015009 1.2588190451025207
    endloop
  endfacet
  facet normal -0.04864789037277225 -0.9902506240956453 0.13052618220289663
    outer loop
      vertex -28.588102839887142 -30.971108362078667 1
      vertex -28 -31 1
      vertex -27.999163553118706 -30.965925827622414 1.2588190451025207
    endloop
  endfacet
  facet normal -0.2409014455331296 -0.9617325011557026 0.1305262033495386
    outer loop
      vertex -29.170541934669018 -30.88471168279648 1
      vertex -29.16388636827469 -30.851251929998398 1.2588190451025207
      vertex -29.73180490732193 -30.70899574458599 1.2588190451025207
    endloop
  endfacet
  facet normal -0.14547518335584783 -0.9807139654324291 0.13052620056288625
    outer loop
      vertex -29.170541934669018 -30.88471168279648 1
      vertex -28.58475896716118 -30.93715737015009 1.2588190451025207
      vertex -29.16388636827469 -30.851251929998398 1.2588190451025207
    endloop
  endfacet
  facet normal -0.04864789282588675 -0.9902506232416112 0.13052618776782499
    outer loop
      vertex -28.588102839887142 -30.971108362078667 1
      vertex -27.999163553118706 -30.965925827622414 1.2588190451025207
      vertex -28.58475896716118 -30.93715737015009 1.2588190451025207
    endloop
  endfacet
  facet normal -0.6204395715438226 -0.6845495872545265 0.3826834209267175
    outer loop
      vertex -32.21851754933596 -29.218517549335957 1.2588190451025207
      vertex -31.784717187285423 -29.611691273748875 1.2588190451025207
      vertex -31.721264593303204 -29.534374080598354 1.5
    endloop
  endfacet
  facet normal -0.7924379135267141 -0.474969000707498 0.38268342212898226
    outer loop
      vertex -32.96045187115669 -28.31446795910597 1.2588190451025207
      vertex -32.87728752940893 -28.258899331092834 1.5
      vertex -33.261440582573414 -27.812298625707626 1.2588190451025207
    endloop
  endfacet
  facet normal -0.8351772027760741 -0.39500940248299693 0.3826834356399007
    outer loop
      vertex -33.51175881177187 -27.283045202493668 1.2588190451025207
      vertex -33.261440582573414 -27.812298625707626 1.2588190451025207
      vertex -33.419351540505886 -27.244768872857094 1.5
    endloop
  endfacet
  facet normal -0.7420670033042701 -0.5503543990725333 0.38268341749876145
    outer loop
      vertex -32.96045187115669 -28.31446795910597 1.2588190451025207
      vertex -32.611691273748875 -28.784717187285423 1.2588190451025207
      vertex -32.534374080598354 -28.721264593303204 1.5
    endloop
  endfacet
  facet normal -0.6845495872545265 -0.6204395715438226 0.3826834209267175
    outer loop
      vertex -32.21851754933596 -29.218517549335957 1.2588190451025207
      vertex -32.534374080598354 -28.721264593303204 1.5
      vertex -32.611691273748875 -28.784717187285423 1.2588190451025207
    endloop
  endfacet
  facet normal -0.474969000707498 -0.7924379135267141 0.38268342212898226
    outer loop
      vertex -31.31446795910597 -29.960451871156693 1.2588190451025207
      vertex -30.812298625707626 -30.261440582573414 1.2588190451025207
      vertex -31.258899331092834 -29.87728752940893 1.5
    endloop
  endfacet
  facet normal -0.5503543990725333 -0.7420670033042701 0.38268341749876145
    outer loop
      vertex -31.784717187285423 -29.611691273748875 1.2588190451025207
      vertex -31.31446795910597 -29.960451871156693 1.2588190451025207
      vertex -31.721264593303204 -29.534374080598354 1.5
    endloop
  endfacet
  facet normal -0.39500940248299693 -0.8351772027760741 0.3826834356399007
    outer loop
      vertex -30.812298625707626 -30.261440582573414 1.2588190451025207
      vertex -30.283045202493668 -30.51175881177187 1.2588190451025207
      vertex -30.244768872857094 -30.419351540505886 1.5
    endloop
  endfacet
  facet normal -0.3112456410869372 -0.8698732869942312 0.382683440297896
    outer loop
      vertex -30.283045202493668 -30.51175881177187 1.2588190451025207
      vertex -29.73180490732193 -30.70899574458599 1.2588190451025207
      vertex -30.244768872857094 -30.419351540505886 1.5
    endloop
  endfacet
  facet normal -0.6204395744913579 -0.6845495645999049 0.3826834566728269
    outer loop
      vertex -32.21851754933596 -29.218517549335957 1.2588190451025207
      vertex -31.721264593303204 -29.534374080598354 1.5
      vertex -32.14779208600521 -29.14779208600521 1.5
    endloop
  endfacet
  facet normal -0.7924379116036692 -0.4749689891688649 0.3826834404323266
    outer loop
      vertex -33.261440582573414 -27.812298625707626 1.2588190451025207
      vertex -32.87728752940893 -28.258899331092834 1.5
      vertex -33.173230022192 -27.76514909416437 1.5
    endloop
  endfacet
  facet normal -0.8351772008510675 -0.395009403351684 0.3826834389444128
    outer loop
      vertex -33.261440582573414 -27.812298625707626 1.2588190451025207
      vertex -33.173230022192 -27.76514909416437 1.5
      vertex -33.419351540505886 -27.244768872857094 1.5
    endloop
  endfacet
  facet normal -0.7420670031998265 -0.5503543975152803 0.3826834199408454
    outer loop
      vertex -32.96045187115669 -28.31446795910597 1.2588190451025207
      vertex -32.534374080598354 -28.721264593303204 1.5
      vertex -32.87728752940893 -28.258899331092834 1.5
    endloop
  endfacet
  facet normal -0.6845495645999049 -0.6204395744913579 0.3826834566728269
    outer loop
      vertex -32.21851754933596 -29.218517549335957 1.2588190451025207
      vertex -32.14779208600521 -29.14779208600521 1.5
      vertex -32.534374080598354 -28.721264593303204 1.5
    endloop
  endfacet
  facet normal -0.4749689891688649 -0.7924379116036692 0.3826834404323266
    outer loop
      vertex -30.812298625707626 -30.261440582573414 1.2588190451025207
      vertex -30.76514909416437 -30.173230022192 1.5
      vertex -31.258899331092834 -29.87728752940893 1.5
    endloop
  endfacet
  facet normal -0.5503543975152803 -0.7420670031998265 0.3826834199408454
    outer loop
      vertex -31.31446795910597 -29.960451871156693 1.2588190451025207
      vertex -31.258899331092834 -29.87728752940893 1.5
      vertex -31.721264593303204 -29.534374080598354 1.5
    endloop
  endfacet
  facet normal -0.395009403351684 -0.8351772008510675 0.3826834389444128
    outer loop
      vertex -30.812298625707626 -30.261440582573414 1.2588190451025207
      vertex -30.244768872857094 -30.419351540505886 1.5
      vertex -30.76514909416437 -30.173230022192 1.5
    endloop
  endfacet
  facet normal -0.3112456314418818 -0.8698732833473537 0.3826834564321259
    outer loop
      vertex -29.73180490732193 -30.70899574458599 1.2588190451025207
      vertex -29.70277040451765 -30.613281689584255 1.5
      vertex -30.244768872857094 -30.419351540505886 1.5
    endloop
  endfacet
  facet normal -0.8698732869942312 -0.3112456410869372 0.382683440297896
    outer loop
      vertex -33.51175881177187 -27.283045202493668 1.2588190451025207
      vertex -33.419351540505886 -27.244768872857094 1.5
      vertex -33.70899574458599 -26.73180490732193 1.2588190451025207
    endloop
  endfacet
  facet normal -0.896192015094252 -0.22448440876440828 0.38268344921488107
    outer loop
      vertex -33.70899574458599 -26.73180490732193 1.2588190451025207
      vertex -33.753152906894684 -26.14437321573496 1.5
      vertex -33.8512519299984 -26.16388636827469 1.2588190451025207
    endloop
  endfacet
  facet normal -0.9138799291030144 -0.13556128997599173 0.38268343554786166
    outer loop
      vertex -33.8512519299984 -26.16388636827469 1.2588190451025207
      vertex -33.753152906894684 -26.14437321573496 1.5
      vertex -33.93715737015009 -25.58475896716118 1.2588190451025207
    endloop
  endfacet
  facet normal -0.9227666764842557 -0.045332619164585884 0.38268343890202466
    outer loop
      vertex -33.93715737015009 -25.58475896716118 1.2588190451025207
      vertex -33.866025403141975 -24.996711134910583 1.5
      vertex -33.965925827622414 -24.999163553118706 1.2588190451025207
    endloop
  endfacet
  facet normal -0.8698732833473537 -0.3112456314418818 0.3826834564321259
    outer loop
      vertex -33.70899574458599 -26.73180490732193 1.2588190451025207
      vertex -33.419351540505886 -27.244768872857094 1.5
      vertex -33.613281689584255 -26.70277040451765 1.5
    endloop
  endfacet
  facet normal -0.8961920052274857 -0.22448441581217324 0.38268346818722854
    outer loop
      vertex -33.70899574458599 -26.73180490732193 1.2588190451025207
      vertex -33.613281689584255 -26.70277040451765 1.5
      vertex -33.753152906894684 -26.14437321573496 1.5
    endloop
  endfacet
  facet normal -0.9138799259286667 -0.135561284888474 0.38268344493066414
    outer loop
      vertex -33.93715737015009 -25.58475896716118 1.2588190451025207
      vertex -33.753152906894684 -26.14437321573496 1.5
      vertex -33.837618090212345 -25.574955217540264 1.5
    endloop
  endfacet
  facet normal -0.9227666718660146 -0.04533262405301411 0.38268344945893223
    outer loop
      vertex -33.93715737015009 -25.58475896716118 1.2588190451025207
      vertex -33.837618090212345 -25.574955217540264 1.5
      vertex -33.866025403141975 -24.996711134910583 1.5
    endloop
  endfacet
  facet normal -0.22448440876440828 -0.896192015094252 0.38268344921488107
    outer loop
      vertex -29.73180490732193 -30.70899574458599 1.2588190451025207
      vertex -29.16388636827469 -30.851251929998398 1.2588190451025207
      vertex -29.14437321573496 -30.753152906894684 1.5
    endloop
  endfacet
  facet normal -0.13556128997599173 -0.9138799291030144 0.38268343554786166
    outer loop
      vertex -29.16388636827469 -30.851251929998398 1.2588190451025207
      vertex -28.58475896716118 -30.93715737015009 1.2588190451025207
      vertex -29.14437321573496 -30.753152906894684 1.5
    endloop
  endfacet
  facet normal -0.045332619164585884 -0.9227666764842557 0.38268343890202466
    outer loop
      vertex -28.58475896716118 -30.93715737015009 1.2588190451025207
      vertex -27.999163553118706 -30.965925827622414 1.2588190451025207
      vertex -27.996711134910583 -30.866025403141975 1.5
    endloop
  endfacet
  facet normal -0.22448441581217324 -0.8961920052274857 0.38268346818722854
    outer loop
      vertex -29.73180490732193 -30.70899574458599 1.2588190451025207
      vertex -29.14437321573496 -30.753152906894684 1.5
      vertex -29.70277040451765 -30.613281689584255 1.5
    endloop
  endfacet
  facet normal -0.135561284888474 -0.9138799259286667 0.38268344493066414
    outer loop
      vertex -28.58475896716118 -30.93715737015009 1.2588190451025207
      vertex -28.574955217540264 -30.837618090212345 1.5
      vertex -29.14437321573496 -30.753152906894684 1.5
    endloop
  endfacet
  facet normal -0.04533262405301411 -0.9227666718660146 0.38268344945893223
    outer loop
      vertex -28.58475896716118 -30.93715737015009 1.2588190451025207
      vertex -27.996711134910583 -30.866025403141975 1.5
      vertex -28.574955217540264 -30.837618090212345 1.5
    endloop
  endfacet
  facet normal -0.5327835506729921 -0.5878360482375521 0.6087614216790824
    outer loop
      vertex -32.14779208600521 -29.14779208600521 1.5
      vertex -31.721264593303204 -29.534374080598354 1.5
      vertex -32.035284131765366 -29.035284131765366 1.7071067811865475
    endloop
  endfacet
  facet normal -0.7171829295419561 -0.3392022684571571 0.6087614201369337
    outer loop
      vertex -33.173230022192 -27.76514909416437 1.5
      vertex -33.272352799773216 -27.183880038559437 1.7071067811865475
      vertex -33.419351540505886 -27.244768872857094 1.5
    endloop
  endfacet
  facet normal -0.6372273768696601 -0.4726000314865183 0.6087614314382555
    outer loop
      vertex -32.534374080598354 -28.721264593303204 1.5
      vertex -32.744992196559906 -28.170502357184887 1.7071067811865475
      vertex -32.87728752940893 -28.258899331092834 1.5
    endloop
  endfacet
  facet normal -0.5878360482375521 -0.5327835506729921 0.6087614216790824
    outer loop
      vertex -32.14779208600521 -29.14779208600521 1.5
      vertex -32.035284131765366 -29.035284131765366 1.7071067811865475
      vertex -32.534374080598354 -28.721264593303204 1.5
    endloop
  endfacet
  facet normal -0.6804818702113378 -0.4078651226919937 0.6087614196096243
    outer loop
      vertex -33.173230022192 -27.76514909416437 1.5
      vertex -32.87728752940893 -28.258899331092834 1.5
      vertex -32.744992196559906 -28.170502357184887 1.7071067811865475
    endloop
  endfacet
  facet normal -0.4726000314865183 -0.6372273768696601 0.6087614314382555
    outer loop
      vertex -31.721264593303204 -29.534374080598354 1.5
      vertex -31.258899331092834 -29.87728752940893 1.5
      vertex -31.170502357184887 -29.744992196559906 1.7071067811865475
    endloop
  endfacet
  facet normal -0.4078651226919937 -0.6804818702113378 0.6087614196096243
    outer loop
      vertex -31.258899331092834 -29.87728752940893 1.5
      vertex -30.76514909416437 -30.173230022192 1.5
      vertex -31.170502357184887 -29.744992196559906 1.7071067811865475
    endloop
  endfacet
  facet normal -0.3392022684571571 -0.7171829295419561 0.6087614201369337
    outer loop
      vertex -30.76514909416437 -30.173230022192 1.5
      vertex -30.244768872857094 -30.419351540505886 1.5
      vertex -30.183880038559437 -30.272352799773216 1.7071067811865475
    endloop
  endfacet
  facet normal -0.267272687644287 -0.7469771359461497 0.6087614219159151
    outer loop
      vertex -30.244768872857094 -30.419351540505886 1.5
      vertex -29.70277040451765 -30.613281689584255 1.5
      vertex -29.656583100557327 -30.461022660136223 1.7071067811865475
    endloop
  endfacet
  facet normal -0.6804818666159259 -0.4078651137943492 0.608761429589973
    outer loop
      vertex -33.173230022192 -27.76514909416437 1.5
      vertex -32.744992196559906 -28.170502357184887 1.7071067811865475
      vertex -33.03290729224682 -27.690145015716553 1.7071067811865475
    endloop
  endfacet
  facet normal -0.717182924142418 -0.3392022695799737 0.6087614258725051
    outer loop
      vertex -33.173230022192 -27.76514909416437 1.5
      vertex -33.03290729224682 -27.690145015716553 1.7071067811865475
      vertex -33.272352799773216 -27.183880038559437 1.7071067811865475
    endloop
  endfacet
  facet normal -0.6372273703572361 -0.4726000315430174 0.6087614382113417
    outer loop
      vertex -32.534374080598354 -28.721264593303204 1.5
      vertex -32.411380134522915 -28.62032614648342 1.7071067811865475
      vertex -32.744992196559906 -28.170502357184887 1.7071067811865475
    endloop
  endfacet
  facet normal -0.5878360478175887 -0.5327835484616001 0.6087614240200042
    outer loop
      vertex -32.534374080598354 -28.721264593303204 1.5
      vertex -32.035284131765366 -29.035284131765366 1.7071067811865475
      vertex -32.411380134522915 -28.62032614648342 1.7071067811865475
    endloop
  endfacet
  facet normal -0.4726000315430174 -0.6372273703572361 0.6087614382113417
    outer loop
      vertex -31.721264593303204 -29.534374080598354 1.5
      vertex -31.170502357184887 -29.744992196559906 1.7071067811865475
      vertex -31.62032614648342 -29.411380134522915 1.7071067811865475
    endloop
  endfacet
  facet normal -0.5327835484616001 -0.5878360478175887 0.6087614240200042
    outer loop
      vertex -31.721264593303204 -29.534374080598354 1.5
      vertex -31.62032614648342 -29.411380134522915 1.7071067811865475
      vertex -32.035284131765366 -29.035284131765366 1.7071067811865475
    endloop
  endfacet
  facet normal -0.4078651137943492 -0.6804818666159259 0.608761429589973
    outer loop
      vertex -30.76514909416437 -30.173230022192 1.5
      vertex -30.690145015716553 -30.03290729224682 1.7071067811865475
      vertex -31.170502357184887 -29.744992196559906 1.7071067811865475
    endloop
  endfacet
  facet normal -0.3392022695799737 -0.717182924142418 0.6087614258725051
    outer loop
      vertex -30.76514909416437 -30.173230022192 1.5
      vertex -30.183880038559437 -30.272352799773216 1.7071067811865475
      vertex -30.690145015716553 -30.03290729224682 1.7071067811865475
    endloop
  endfacet
  facet normal -0.2672726895258703 -0.7469771299317352 0.6087614284697704
    outer loop
      vertex -30.244768872857094 -30.419351540505886 1.5
      vertex -29.656583100557327 -30.461022660136223 1.7071067811865475
      vertex -30.183880038559437 -30.272352799773216 1.7071067811865475
    endloop
  endfacet
  facet normal -0.7469771359461497 -0.267272687644287 0.6087614219159151
    outer loop
      vertex -33.419351540505886 -27.244768872857094 1.5
      vertex -33.46102266013622 -26.656583100557327 1.7071067811865475
      vertex -33.613281689584255 -26.70277040451765 1.5
    endloop
  endfacet
  facet normal -0.7695775447094283 -0.1927691438202581 0.6087614145704477
    outer loop
      vertex -33.613281689584255 -26.70277040451765 1.5
      vertex -33.46102266013622 -26.656583100557327 1.7071067811865475
      vertex -33.753152906894684 -26.14437321573496 1.5
    endloop
  endfacet
  facet normal -0.7847664823798011 -0.11640911422877413 0.6087614362438752
    outer loop
      vertex -33.753152906894684 -26.14437321573496 1.5
      vertex -33.597099877893925 -26.113332390785217 1.7071067811865475
      vertex -33.837618090212345 -25.574955217540264 1.5
    endloop
  endfacet
  facet normal -0.7923977099882388 -0.0389280070277418 0.6087614306723474
    outer loop
      vertex -33.837618090212345 -25.574955217540264 1.5
      vertex -33.70710678398609 -24.99280981719494 1.7071067811865475
      vertex -33.866025403141975 -24.996711134910583 1.5
    endloop
  endfacet
  facet normal -0.7695775390006885 -0.19276913673976268 0.6087614240293567
    outer loop
      vertex -33.753152906894684 -26.14437321573496 1.5
      vertex -33.46102266013622 -26.656583100557327 1.7071067811865475
      vertex -33.597099877893925 -26.113332390785217 1.7071067811865475
    endloop
  endfacet
  facet normal -0.7469771299317352 -0.2672726895258703 0.6087614284697704
    outer loop
      vertex -33.419351540505886 -27.244768872857094 1.5
      vertex -33.272352799773216 -27.183880038559437 1.7071067811865475
      vertex -33.46102266013622 -26.656583100557327 1.7071067811865475
    endloop
  endfacet
  facet normal -0.7847664800973513 -0.11640911190637462 0.6087614396303223
    outer loop
      vertex -33.837618090212345 -25.574955217540264 1.5
      vertex -33.597099877893925 -26.113332390785217 1.7071067811865475
      vertex -33.67927397042513 -25.559359662234783 1.7071067811865475
    endloop
  endfacet
  facet normal -0.7923977066129554 -0.038928009295884136 0.6087614349207645
    outer loop
      vertex -33.837618090212345 -25.574955217540264 1.5
      vertex -33.67927397042513 -25.559359662234783 1.7071067811865475
      vertex -33.70710678398609 -24.99280981719494 1.7071067811865475
    endloop
  endfacet
  facet normal -0.1927691438202581 -0.7695775447094283 0.6087614145704477
    outer loop
      vertex -29.70277040451765 -30.613281689584255 1.5
      vertex -29.14437321573496 -30.753152906894684 1.5
      vertex -29.656583100557327 -30.461022660136223 1.7071067811865475
    endloop
  endfacet
  facet normal -0.11640911422877413 -0.7847664823798011 0.6087614362438752
    outer loop
      vertex -29.14437321573496 -30.753152906894684 1.5
      vertex -28.574955217540264 -30.837618090212345 1.5
      vertex -29.113332390785217 -30.597099877893925 1.7071067811865475
    endloop
  endfacet
  facet normal -0.0389280070277418 -0.7923977099882388 0.6087614306723474
    outer loop
      vertex -28.574955217540264 -30.837618090212345 1.5
      vertex -27.996711134910583 -30.866025403141975 1.5
      vertex -27.99280981719494 -30.70710678398609 1.7071067811865475
    endloop
  endfacet
  facet normal -0.19276913673976268 -0.7695775390006885 0.6087614240293567
    outer loop
      vertex -29.14437321573496 -30.753152906894684 1.5
      vertex -29.113332390785217 -30.597099877893925 1.7071067811865475
      vertex -29.656583100557327 -30.461022660136223 1.7071067811865475
    endloop
  endfacet
  facet normal -0.11640911190637462 -0.7847664800973513 0.6087614396303223
    outer loop
      vertex -28.574955217540264 -30.837618090212345 1.5
      vertex -28.559359662234783 -30.67927397042513 1.7071067811865475
      vertex -29.113332390785217 -30.597099877893925 1.7071067811865475
    endloop
  endfacet
  facet normal -0.038928009295884136 -0.7923977066129554 0.6087614349207645
    outer loop
      vertex -28.574955217540264 -30.837618090212345 1.5
      vertex -27.99280981719494 -30.70710678398609 1.7071067811865475
      vertex -28.559359662234783 -30.67927397042513 1.7071067811865475
    endloop
  endfacet
  facet normal -0.5503138176383928 -0.26027905802048096 0.7933533349474425
    outer loop
      vertex -33.03290729224682 -27.690145015716553 1.7071067811865475
      vertex -32.850035168230534 -27.592397764325142 1.8660254037844386
      vertex -33.272352799773216 -27.183880038559437 1.7071067811865475
    endloop
  endfacet
  facet normal -0.4889617664585747 -0.3626387644367885 0.7933533370885066
    outer loop
      vertex -32.411380134522915 -28.62032614648342 1.7071067811865475
      vertex -32.25109136104584 -28.48878053575754 1.8660254037844386
      vertex -32.744992196559906 -28.170502357184887 1.7071067811865475
    endloop
  endfacet
  facet normal -0.45106246366409747 -0.4088191951837609 0.7933533383824491
    outer loop
      vertex -32.411380134522915 -28.62032614648342 1.7071067811865475
      vertex -32.035284131765366 -29.035284131765366 1.7071067811865475
      vertex -32.25109136104584 -28.48878053575754 1.8660254037844386
    endloop
  endfacet
  facet normal -0.5221520982669193 -0.3129659075806018 0.7933533430746378
    outer loop
      vertex -33.03290729224682 -27.690145015716553 1.7071067811865475
      vertex -32.744992196559906 -28.170502357184887 1.7071067811865475
      vertex -32.850035168230534 -27.592397764325142 1.8660254037844386
    endloop
  endfacet
  facet normal -0.5503138173650111 -0.26027905761195674 0.7933533352711014
    outer loop
      vertex -33.272352799773216 -27.183880038559437 1.7071067811865475
      vertex -32.850035168230534 -27.592397764325142 1.8660254037844386
      vertex -33.08078031241894 -27.104528158903122 1.8660254037844386
    endloop
  endfacet
  facet normal -0.4889617632291934 -0.3626387566558119 0.7933533426355023
    outer loop
      vertex -32.744992196559906 -28.170502357184887 1.7071067811865475
      vertex -32.25109136104584 -28.48878053575754 1.8660254037844386
      vertex -32.57258149236441 -28.055301271378994 1.8660254037844386
    endloop
  endfacet
  facet normal -0.4510624589692086 -0.4088191942464663 0.7933533415347296
    outer loop
      vertex -32.035284131765366 -29.035284131765366 1.7071067811865475
      vertex -31.88866090774536 -28.88866090774536 1.8660254037844386
      vertex -32.25109136104584 -28.48878053575754 1.8660254037844386
    endloop
  endfacet
  facet normal -0.5221520880983155 -0.3129659075734709 0.7933533497700016
    outer loop
      vertex -32.744992196559906 -28.170502357184887 1.7071067811865475
      vertex -32.57258149236441 -28.055301271378994 1.8660254037844386
      vertex -32.850035168230534 -27.592397764325142 1.8660254037844386
    endloop
  endfacet
  facet normal -0.4088191951837609 -0.45106246366409747 0.7933533383824491
    outer loop
      vertex -32.035284131765366 -29.035284131765366 1.7071067811865475
      vertex -31.62032614648342 -29.411380134522915 1.7071067811865475
      vertex -31.48878053575754 -29.251091361045837 1.8660254037844386
    endloop
  endfacet
  facet normal -0.3626387644367885 -0.4889617664585747 0.7933533370885066
    outer loop
      vertex -31.62032614648342 -29.411380134522915 1.7071067811865475
      vertex -31.170502357184887 -29.744992196559906 1.7071067811865475
      vertex -31.48878053575754 -29.251091361045837 1.8660254037844386
    endloop
  endfacet
  facet normal -0.3129659075806018 -0.5221520982669193 0.7933533430746378
    outer loop
      vertex -31.170502357184887 -29.744992196559906 1.7071067811865475
      vertex -30.690145015716553 -30.03290729224682 1.7071067811865475
      vertex -30.592397764325142 -29.850035168230534 1.8660254037844386
    endloop
  endfacet
  facet normal -0.26027905802048096 -0.5503138176383928 0.7933533349474425
    outer loop
      vertex -30.690145015716553 -30.03290729224682 1.7071067811865475
      vertex -30.183880038559437 -30.272352799773216 1.7071067811865475
      vertex -30.592397764325142 -29.850035168230534 1.8660254037844386
    endloop
  endfacet
  facet normal -0.20508554839523235 -0.5731757127991874 0.7933533387442006
    outer loop
      vertex -30.183880038559437 -30.272352799773216 1.7071067811865475
      vertex -29.656583100557327 -30.461022660136223 1.7071067811865475
      vertex -29.59639063477516 -30.26259482651949 1.8660254037844386
    endloop
  endfacet
  facet normal -0.3129659075734709 -0.5221520880983155 0.7933533497700016
    outer loop
      vertex -31.170502357184887 -29.744992196559906 1.7071067811865475
      vertex -30.592397764325142 -29.850035168230534 1.8660254037844386
      vertex -31.055301271378994 -29.572581492364407 1.8660254037844386
    endloop
  endfacet
  facet normal -0.3626387566558119 -0.4889617632291934 0.7933533426355023
    outer loop
      vertex -31.170502357184887 -29.744992196559906 1.7071067811865475
      vertex -31.055301271378994 -29.572581492364407 1.8660254037844386
      vertex -31.48878053575754 -29.251091361045837 1.8660254037844386
    endloop
  endfacet
  facet normal -0.26027905761195674 -0.5503138173650111 0.7933533352711014
    outer loop
      vertex -30.183880038559437 -30.272352799773216 1.7071067811865475
      vertex -30.104528158903122 -30.080780312418938 1.8660254037844386
      vertex -30.592397764325142 -29.850035168230534 1.8660254037844386
    endloop
  endfacet
  facet normal -0.20508554904119203 -0.5731757095397837 0.7933533409320456
    outer loop
      vertex -30.183880038559437 -30.272352799773216 1.7071067811865475
      vertex -29.59639063477516 -30.26259482651949 1.8660254037844386
      vertex -30.104528158903122 -30.080780312418938 1.8660254037844386
    endloop
  endfacet
  facet normal -0.4088191942464663 -0.4510624589692086 0.7933533415347296
    outer loop
      vertex -32.035284131765366 -29.035284131765366 1.7071067811865475
      vertex -31.48878053575754 -29.251091361045837 1.8660254037844386
      vertex -31.88866090774536 -28.88866090774536 1.8660254037844386
    endloop
  endfacet
  facet normal -0.2835497216566654 -0.25699449473448854 0.923879529497538
    outer loop
      vertex -31.88866090774536 -28.88866090774536 1.8660254037844386
      vertex -31.717914551496506 -28.717914551496506 1.9659258262890682
      vertex -32.25109136104584 -28.48878053575754 1.8660254037844386
    endloop
  endfacet
  facet normal -0.3073742154355166 -0.22796425343660978 0.9238795326450792
    outer loop
      vertex -32.25109136104584 -28.48878053575754 1.8660254037844386
      vertex -32.371805004775524 -27.921146728098392 1.9659258262890682
      vertex -32.57258149236441 -28.055301271378994 1.8660254037844386
    endloop
  endfacet
  facet normal -0.30737421172678225 -0.22796425288885164 0.9238795340141306
    outer loop
      vertex -32.25109136104584 -28.48878053575754 1.8660254037844386
      vertex -32.064431108534336 -28.335592448711395 1.9659258262890682
      vertex -32.371805004775524 -27.921146728098392 1.9659258262890682
    endloop
  endfacet
  facet normal -0.2835497184340259 -0.2569944857099467 0.9238795329969511
    outer loop
      vertex -32.25109136104584 -28.48878053575754 1.8660254037844386
      vertex -31.717914551496506 -28.717914551496506 1.9659258262890682
      vertex -32.064431108534336 -28.335592448711395 1.9659258262890682
    endloop
  endfacet
  facet normal -0.3282385310543422 -0.19673859803211718 0.9238795326099852
    outer loop
      vertex -32.57258149236441 -28.055301271378994 1.8660254037844386
      vertex -32.6370760127902 -27.47856877744198 1.9659258262890682
      vertex -32.850035168230534 -27.592397764325142 1.8660254037844386
    endloop
  endfacet
  facet normal -0.3459417181938908 -0.16361825118493173 0.9238795351625899
    outer loop
      vertex -32.850035168230534 -27.592397764325142 1.8660254037844386
      vertex -32.6370760127902 -27.47856877744198 1.9659258262890682
      vertex -33.08078031241894 -27.104528158903122 1.8660254037844386
    endloop
  endfacet
  facet normal -0.32823852912670276 -0.19673859793863208 0.9238795333147499
    outer loop
      vertex -32.57258149236441 -28.055301271378994 1.8660254037844386
      vertex -32.371805004775524 -27.921146728098392 1.9659258262890682
      vertex -32.6370760127902 -27.47856877744198 1.9659258262890682
    endloop
  endfacet
  facet normal -0.3459417162706897 -0.16361824858838775 0.923879536342568
    outer loop
      vertex -32.6370760127902 -27.47856877744198 1.9659258262890682
      vertex -32.85768945515156 -27.012120850384235 1.9659258262890682
      vertex -33.08078031241894 -27.104528158903122 1.8660254037844386
    endloop
  endfacet
  facet normal -0.10483962147617285 -0.0777543628737452 0.9914448612115707
    outer loop
      vertex -32.064431108534336 -28.335592448711395 1.9659258262890682
      vertex -31.920104150342414 -28.217146375910826 1.990476745400605
      vertex -32.052012004313966 -28.03928922395585 1.9904767454537458
    endloop
  endfacet
  facet normal -0.09671353039767729 -0.08765603356286292 0.9914448612091565
    outer loop
      vertex -32.064431108534336 -28.335592448711395 1.9659258262890682
      vertex -31.836212315203397 -28.32761929337448 1.9888930544919323
      vertex -31.920104150342414 -28.217146375910826 1.990476745400605
    endloop
  endfacet
  facet normal -0.11195605155032001 -0.06710387312347763 0.9914448611663133
    outer loop
      vertex -32.6370760127902 -27.47856877744198 1.9659258262890682
      vertex -32.371805004775524 -27.921146728098392 1.9659258262890682
      vertex -32.23996713099341 -27.731798511630522 1.9936288762147503
    endloop
  endfacet
  facet normal -0.11799428069280994 -0.055807139302326184 0.991444861263942
    outer loop
      vertex -32.6370760127902 -27.47856877744198 1.9659258262890682
      vertex -32.61828348785639 -26.912955589592457 2
      vertex -32.85768945515156 -27.012120850384235 1.9659258262890682
    endloop
  endfacet
  facet normal -0.1119560505790089 -0.06710387153499729 0.9914448613835088
    outer loop
      vertex -32.6370760127902 -27.47856877744198 1.9659258262890682
      vertex -32.244546534345695 -27.722393771340446 1.9937483004873897
      vertex -32.39789790812052 -27.407455397102687 1.9977474841051894
    endloop
  endfacet
  facet normal -0.11799427892187539 -0.05580713937362404 0.9914448614706919
    outer loop
      vertex -32.6370760127902 -27.47856877744198 1.9659258262890682
      vertex -32.41595413416195 -27.360376686772373 1.9988949609023259
      vertex -32.44959384578039 -27.269619860539763 2
    endloop
  endfacet
  facet normal -0.11195605057901245 -0.0671038715349855 0.9914448613835092
    outer loop
      vertex -32.6370760127902 -27.47856877744198 1.9659258262890682
      vertex -32.39789790812052 -27.407455397102687 1.9977474841051894
      vertex -32.41595413416195 -27.360376686772373 1.9988949609023259
    endloop
  endfacet
  facet normal -0.11799427892187916 -0.05580713937362065 0.9914448614706918
    outer loop
      vertex -32.6370760127902 -27.47856877744198 1.9659258262890682
      vertex -32.44959384578039 -27.269619860539763 2
      vertex -32.61828348785639 -26.912955589592457 2
    endloop
  endfacet
  facet normal -0.10483962155228728 -0.07775436288572248 0.9914448612025828
    outer loop
      vertex -32.064431108534336 -28.335592448711395 1.9659258262890682
      vertex -32.1966315488715 -27.804099562635855 1.9936288763283696
      vertex -32.371805004775524 -27.921146728098392 1.9659258262890682
    endloop
  endfacet
  facet normal -0.10483962149825254 -0.07775436287263351 0.9914448612093231
    outer loop
      vertex -32.064431108534336 -28.335592448711395 1.9659258262890682
      vertex -32.052012004313966 -28.03928922395585 1.9904767454537458
      vertex -32.1966315488715 -27.804099562635855 1.9936288763283696
    endloop
  endfacet
  facet normal -0.11195605155032402 -0.06710387312348476 0.9914448611663124
    outer loop
      vertex -32.6370760127902 -27.47856877744198 1.9659258262890682
      vertex -32.23996713099341 -27.731798511630522 1.9936288762147503
      vertex -32.244546534345695 -27.722393771340446 1.9937483004873897
    endloop
  endfacet
  facet normal -0.11195605155031259 -0.0671038731234829 0.9914448611663138
    outer loop
      vertex -32.371805004775524 -27.921146728098392 1.9659258262890682
      vertex -32.1966315488715 -27.804099562635855 1.9936288763283696
      vertex -32.23996713099341 -27.731798511630522 1.9936288762147503
    endloop
  endfacet
  facet normal -0.22796425343660978 -0.3073742154355166 0.9238795326450792
    outer loop
      vertex -31.48878053575754 -29.251091361045837 1.8660254037844386
      vertex -31.055301271378994 -29.572581492364407 1.8660254037844386
      vertex -30.921146728098392 -29.371805004775524 1.9659258262890682
    endloop
  endfacet
  facet normal -0.22796425288885164 -0.30737421172678225 0.9238795340141306
    outer loop
      vertex -31.48878053575754 -29.251091361045837 1.8660254037844386
      vertex -30.921146728098392 -29.371805004775524 1.9659258262890682
      vertex -31.335592448711395 -29.064431108534336 1.9659258262890682
    endloop
  endfacet
  facet normal -0.19673859793863208 -0.32823852912670276 0.9238795333147499
    outer loop
      vertex -31.055301271378994 -29.572581492364407 1.8660254037844386
      vertex -30.47856877744198 -29.637076012790203 1.9659258262890682
      vertex -30.921146728098392 -29.371805004775524 1.9659258262890682
    endloop
  endfacet
  facet normal -0.12892216480610166 -0.36031331136500616 0.9238795338543291
    outer loop
      vertex -30.104528158903122 -30.080780312418938 1.8660254037844386
      vertex -29.59639063477516 -30.26259482651949 1.8660254037844386
      vertex -30.012120850384235 -29.857689455151558 1.9659258262890682
    endloop
  endfacet
  facet normal -0.19673859803211718 -0.3282385310543422 0.9238795326099852
    outer loop
      vertex -31.055301271378994 -29.572581492364407 1.8660254037844386
      vertex -30.592397764325142 -29.850035168230534 1.8660254037844386
      vertex -30.47856877744198 -29.637076012790203 1.9659258262890682
    endloop
  endfacet
  facet normal -0.16361825118493173 -0.3459417181938908 0.9238795351625899
    outer loop
      vertex -30.104528158903122 -30.080780312418938 1.8660254037844386
      vertex -30.47856877744198 -29.637076012790203 1.9659258262890682
      vertex -30.592397764325142 -29.850035168230534 1.8660254037844386
    endloop
  endfacet
  facet normal -0.16361824858838775 -0.3459417162706897 0.923879536342568
    outer loop
      vertex -30.104528158903122 -30.080780312418938 1.8660254037844386
      vertex -30.012120850384235 -29.857689455151558 1.9659258262890682
      vertex -30.47856877744198 -29.637076012790203 1.9659258262890682
    endloop
  endfacet
  facet normal -0.07775436287091753 -0.10483962153232511 0.9914448612058547
    outer loop
      vertex -31.335592448711395 -29.064431108534336 1.9659258262890682
      vertex -30.921146728098392 -29.371805004775524 1.9659258262890682
      vertex -31.03928922395585 -29.052012004313962 1.990476745453746
    endloop
  endfacet
  facet normal -0.07775436289992543 -0.10483962154278208 0.991444861202474
    outer loop
      vertex -30.921146728098392 -29.371805004775524 1.9659258262890682
      vertex -30.804099562635855 -29.196631548871505 1.9936288763283696
      vertex -31.03928922395585 -29.052012004313962 1.990476745453746
    endloop
  endfacet
  facet normal -0.0671038731234769 -0.11195605155031882 0.9914448611663136
    outer loop
      vertex -30.921146728098392 -29.371805004775524 1.9659258262890682
      vertex -30.47856877744198 -29.637076012790203 1.9659258262890682
      vertex -30.804099562635855 -29.196631548871505 1.9936288763283696
    endloop
  endfacet
  facet normal -0.0671038731234968 -0.11195605155033171 0.9914448611663107
    outer loop
      vertex -30.47856877744198 -29.637076012790203 1.9659258262890682
      vertex -30.72239377134045 -29.244546534345695 1.9937483004873895
      vertex -30.73179851163052 -29.239967130993417 1.99362887621475
    endloop
  endfacet
  facet normal -0.06710387312348291 -0.11195605155032319 0.9914448611663126
    outer loop
      vertex -30.47856877744198 -29.637076012790203 1.9659258262890682
      vertex -30.73179851163052 -29.239967130993417 1.99362887621475
      vertex -30.804099562635855 -29.196631548871505 1.9936288763283696
    endloop
  endfacet
  facet normal -0.06710387153499633 -0.11195605057900836 0.991444861383509
    outer loop
      vertex -30.47856877744198 -29.637076012790203 1.9659258262890682
      vertex -30.40745539710269 -29.39789790812052 1.997747484105189
      vertex -30.72239377134045 -29.244546534345695 1.9937483004873895
    endloop
  endfacet
  facet normal -0.06710387153499692 -0.11195605057900815 0.9914448613835088
    outer loop
      vertex -30.47856877744198 -29.637076012790203 1.9659258262890682
      vertex -30.360376686772376 -29.415954134161954 1.9988949609023257
      vertex -30.40745539710269 -29.39789790812052 1.997747484105189
    endloop
  endfacet
  facet normal -0.055807139373619336 -0.11799427892187972 0.9914448614706918
    outer loop
      vertex -30.47856877744198 -29.637076012790203 1.9659258262890682
      vertex -30.269619860539752 -29.449593845780395 2
      vertex -30.360376686772376 -29.415954134161954 1.9988949609023257
    endloop
  endfacet
  facet normal -0.055807139302326184 -0.11799428069280994 0.991444861263942
    outer loop
      vertex -30.47856877744198 -29.637076012790203 1.9659258262890682
      vertex -30.012120850384235 -29.857689455151558 1.9659258262890682
      vertex -29.912955589592457 -29.618283487856388 2
    endloop
  endfacet
  facet normal -0.04397295084417403 -0.1228961650758389 0.9914448608993381
    outer loop
      vertex -30.012120850384235 -29.857689455151558 1.9659258262890682
      vertex -29.526295080780983 -30.031520694494247 1.9659258262890682
      vertex -29.912955589592457 -29.618283487856388 2
    endloop
  endfacet
  facet normal -0.05580713937362069 -0.1179942789218782 0.9914448614706919
    outer loop
      vertex -30.47856877744198 -29.637076012790203 1.9659258262890682
      vertex -29.912955589592457 -29.618283487856388 2
      vertex -30.269619860539752 -29.449593845780395 2
    endloop
  endfacet
  facet normal 0 0 1
    outer loop
      vertex -29.451073348522186 -29.783547595143318 2
      vertex -30.068276496343906 -29.52163565343838 2
      vertex -30.269619860539752 -29.449593845780395 2
    endloop
  endfacet
  facet normal 0 0 1
    outer loop
      vertex -29.912955589592457 -29.618283487856388 2
      vertex -29.451073348522186 -29.783547595143318 2
      vertex -30.269619860539752 -29.449593845780395 2
    endloop
  endfacet
  facet normal -0.25699449473448854 -0.2835497216566654 0.923879529497538
    outer loop
      vertex -31.88866090774536 -28.88866090774536 1.8660254037844386
      vertex -31.48878053575754 -29.251091361045837 1.8660254037844386
      vertex -31.717914551496506 -28.717914551496506 1.9659258262890682
    endloop
  endfacet
  facet normal -0.2569944857099467 -0.2835497184340259 0.9238795329969511
    outer loop
      vertex -31.48878053575754 -29.251091361045837 1.8660254037844386
      vertex -31.335592448711395 -29.064431108534336 1.9659258262890682
      vertex -31.717914551496506 -28.717914551496506 1.9659258262890682
    endloop
  endfacet
  facet normal -0.09671353111758163 -0.0876560355200562 0.9914448609658911
    outer loop
      vertex -31.717914551496506 -28.717914551496506 1.9659258262890682
      vertex -31.594408590829346 -28.594408590829346 1.9888930545655712
      vertex -31.7073604264653 -28.469785444821536 1.988893054608454
    endloop
  endfacet
  facet normal -0.08765603552005638 -0.09671353111757826 0.9914448609658916
    outer loop
      vertex -31.335592448711395 -29.064431108534336 1.9659258262890682
      vertex -31.469785444821536 -28.7073604264653 1.988893054608454
      vertex -31.717914551496506 -28.717914551496506 1.9659258262890682
    endloop
  endfacet
  facet normal -0.08765603356285848 -0.09671353039767844 0.9914448612091569
    outer loop
      vertex -31.335592448711395 -29.064431108534336 1.9659258262890682
      vertex -31.32761929337448 -28.836212315203397 1.9888930544919325
      vertex -31.469785444821536 -28.7073604264653 1.988893054608454
    endloop
  endfacet
  facet normal -0.0876560355200562 -0.09671353111758163 0.9914448609658911
    outer loop
      vertex -31.717914551496506 -28.717914551496506 1.9659258262890682
      vertex -31.469785444821536 -28.7073604264653 1.988893054608454
      vertex -31.594408590829346 -28.594408590829346 1.9888930545655712
    endloop
  endfacet
  facet normal -0.09671353111757826 -0.08765603552005638 0.9914448609658916
    outer loop
      vertex -32.064431108534336 -28.335592448711395 1.9659258262890682
      vertex -31.717914551496506 -28.717914551496506 1.9659258262890682
      vertex -31.7073604264653 -28.469785444821536 1.988893054608454
    endloop
  endfacet
  facet normal -0.09671353039767758 -0.08765603356285613 0.9914448612091571
    outer loop
      vertex -32.064431108534336 -28.335592448711395 1.9659258262890682
      vertex -31.7073604264653 -28.469785444821536 1.988893054608454
      vertex -31.836212315203397 -28.32761929337448 1.9888930544919323
    endloop
  endfacet
  facet normal -0.08765603356286168 -0.09671353039767829 0.9914448612091565
    outer loop
      vertex -31.335592448711395 -29.064431108534336 1.9659258262890682
      vertex -31.217146375910826 -28.920104150342414 1.990476745400605
      vertex -31.32761929337448 -28.836212315203397 1.9888930544919325
    endloop
  endfacet
  facet normal -0.07775436287374467 -0.10483962147617329 0.9914448612115708
    outer loop
      vertex -31.335592448711395 -29.064431108534336 1.9659258262890682
      vertex -31.03928922395585 -29.052012004313962 1.990476745453746
      vertex -31.217146375910826 -28.920104150342414 1.990476745400605
    endloop
  endfacet
  facet normal -0.5905176258956035 -0.1479169637946096 0.7933533294367675
    outer loop
      vertex -33.46102266013622 -26.656583100557327 1.7071067811865475
      vertex -33.393727622926235 -26.072879172861576 1.8660254037844386
      vertex -33.597099877893925 -26.113332390785217 1.7071067811865475
    endloop
  endfacet
  facet normal -0.5731757127991874 -0.20508554839523235 0.7933533387442006
    outer loop
      vertex -33.272352799773216 -27.183880038559437 1.7071067811865475
      vertex -33.26259482651949 -26.59639063477516 1.8660254037844386
      vertex -33.46102266013622 -26.656583100557327 1.7071067811865475
    endloop
  endfacet
  facet normal -0.6021725128015167 -0.08932385519442519 0.7933533347251479
    outer loop
      vertex -33.597099877893925 -26.113332390785217 1.7071067811865475
      vertex -33.393727622926235 -26.072879172861576 1.8660254037844386
      vertex -33.67927397042513 -25.559359662234783 1.7071067811865475
    endloop
  endfacet
  facet normal -0.5731757095397837 -0.20508554904119203 0.7933533409320456
    outer loop
      vertex -33.272352799773216 -27.183880038559437 1.7071067811865475
      vertex -33.08078031241894 -27.104528158903122 1.8660254037844386
      vertex -33.26259482651949 -26.59639063477516 1.8660254037844386
    endloop
  endfacet
  facet normal -0.5905176201857097 -0.14791696552231537 0.7933533333646969
    outer loop
      vertex -33.46102266013622 -26.656583100557327 1.7071067811865475
      vertex -33.26259482651949 -26.59639063477516 1.8660254037844386
      vertex -33.393727622926235 -26.072879172861576 1.8660254037844386
    endloop
  endfacet
  facet normal -0.6021725011283122 -0.08932384562816649 0.7933533446624326
    outer loop
      vertex -33.67927397042513 -25.559359662234783 1.7071067811865475
      vertex -33.393727622926235 -26.072879172861576 1.8660254037844386
      vertex -33.4729159027338 -25.539035111665726 1.8660254037844386
    endloop
  endfacet
  facet normal -0.6080281531904848 -0.029870513318052773 0.7933533370207024
    outer loop
      vertex -33.67927397042513 -25.559359662234783 1.7071067811865475
      vertex -33.4729159027338 -25.539035111665726 1.8660254037844386
      vertex -33.5 -24.987725749611855 1.8660254037844386
    endloop
  endfacet
  facet normal -0.6080281546265347 -0.029870512569545135 0.793353335948292
    outer loop
      vertex -33.67927397042513 -25.559359662234783 1.7071067811865475
      vertex -33.5 -24.987725749611855 1.8660254037844386
      vertex -33.70710678398609 -24.99280981719494 1.7071067811865475
    endloop
  endfacet
  facet normal -0.36031331136500616 -0.12892216480610166 0.9238795338543291
    outer loop
      vertex -33.08078031241894 -27.104528158903122 1.8660254037844386
      vertex -32.85768945515156 -27.012120850384235 1.9659258262890682
      vertex -33.26259482651949 -26.59639063477516 1.8660254037844386
    endloop
  endfacet
  facet normal -0.37121488352893056 -0.0929844889489513 0.923879534929476
    outer loop
      vertex -33.26259482651949 -26.59639063477516 1.8660254037844386
      vertex -33.156895622611046 -26.02577032148838 1.9659258262890682
      vertex -33.393727622926235 -26.072879172861576 1.8660254037844386
    endloop
  endfacet
  facet normal -0.3603133100709016 -0.12892216337647372 0.9238795345585267
    outer loop
      vertex -33.26259482651949 -26.59639063477516 1.8660254037844386
      vertex -32.85768945515156 -27.012120850384235 1.9659258262890682
      vertex -33.03152069449425 -26.526295080780983 1.9659258262890682
    endloop
  endfacet
  facet normal -0.37121488197882874 -0.0929844893382666 0.9238795355131242
    outer loop
      vertex -33.26259482651949 -26.59639063477516 1.8660254037844386
      vertex -33.03152069449425 -26.526295080780983 1.9659258262890682
      vertex -33.156895622611046 -26.02577032148838 1.9659258262890682
    endloop
  endfacet
  facet normal -0.3785414659522384 -0.05615131777891114 0.9238795311437645
    outer loop
      vertex -33.4729159027338 -25.539035111665726 1.8660254037844386
      vertex -33.393727622926235 -26.072879172861576 1.8660254037844386
      vertex -33.23260683566332 -25.51536676287651 1.9659258262890682
    endloop
  endfacet
  facet normal -0.38222247281163907 -0.018777389508479434 0.9238795326886523
    outer loop
      vertex -33.4729159027338 -25.539035111665726 1.8660254037844386
      vertex -33.23260683566332 -25.51536676287651 1.9659258262890682
      vertex -33.5 -24.987725749611855 1.8660254037844386
    endloop
  endfacet
  facet normal -0.3785414614577067 -0.05615131939026541 0.9238795328873759
    outer loop
      vertex -33.393727622926235 -26.072879172861576 1.8660254037844386
      vertex -33.156895622611046 -26.02577032148838 1.9659258262890682
      vertex -33.23260683566332 -25.51536676287651 1.9659258262890682
    endloop
  endfacet
  facet normal -0.12661448502057807 -0.0317152781421557 0.9914448614599501
    outer loop
      vertex -33.03152069449425 -26.526295080780983 1.9659258262890682
      vertex -32.78354759514332 -26.451073348522186 2
      vertex -33.156895622611046 -26.02577032148838 1.9659258262890682
    endloop
  endfacet
  facet normal -0.1291134439768755 -0.019152169493942432 0.9914448612949212
    outer loop
      vertex -33.156895622611046 -26.02577032148838 1.9659258262890682
      vertex -32.97472344338894 -25.489967472851276 2
      vertex -33.23260683566332 -25.51536676287651 1.9659258262890682
    endloop
  endfacet
  facet normal -0.12661448353117102 -0.03171527681605703 0.9914448616925783
    outer loop
      vertex -33.156895622611046 -26.02577032148838 1.9659258262890682
      vertex -32.78354759514332 -26.451073348522186 2
      vertex -32.90274357050657 -25.97521633654833 2
    endloop
  endfacet
  facet normal -0.1291134406518182 -0.019152170650573473 0.9914448617055921
    outer loop
      vertex -33.156895622611046 -26.02577032148838 1.9659258262890682
      vertex -32.90274357050657 -25.97521633654833 2
      vertex -32.97472344338894 -25.489967472851276 2
    endloop
  endfacet
  facet normal -0.13036896788708788 -0.006404617767515283 0.991444861342933
    outer loop
      vertex -33.23260683566332 -25.51536676287651 1.9659258262890682
      vertex -32.97472344338894 -25.489967472851276 2
      vertex -33.25881904363632 -24.981805101037025 1.9659258262890682
    endloop
  endfacet
  facet normal -0.1228961650758389 -0.04397295084417403 0.9914448608993381
    outer loop
      vertex -33.03152069449425 -26.526295080780983 1.9659258262890682
      vertex -32.85768945515156 -27.012120850384235 1.9659258262890682
      vertex -32.61828348785639 -26.912955589592457 2
    endloop
  endfacet
  facet normal 0 0 1
    outer loop
      vertex -32.61828348785639 -26.912955589592457 2
      vertex -32.52163565343838 -27.06827649634391 2
      vertex -32.60938742245905 -26.71795179699169 2
    endloop
  endfacet
  facet normal 0 0 1
    outer loop
      vertex -32.61828348785639 -26.912955589592457 2
      vertex -32.44959384578039 -27.269619860539763 2
      vertex -32.52163565343838 -27.06827649634391 2
    endloop
  endfacet
  facet normal -0.12289616486074866 -0.043972950611038994 0.9914448609363401
    outer loop
      vertex -33.03152069449425 -26.526295080780983 1.9659258262890682
      vertex -32.61828348785639 -26.912955589592457 2
      vertex -32.78354759514332 -26.451073348522186 2
    endloop
  endfacet
  facet normal 0 0 1
    outer loop
      vertex -32.61828348785639 -26.912955589592457 2
      vertex -32.90274357050657 -25.97521633654833 2
      vertex -32.78354759514332 -26.451073348522186 2
    endloop
  endfacet
  facet normal 0 0 1
    outer loop
      vertex -32.97472344338894 -25.489967472851276 2
      vertex -32.61828348785639 -26.912955589592457 2
      vertex -32.60938742245905 -26.71795179699169 2
    endloop
  endfacet
  facet normal 0 0 1
    outer loop
      vertex -32.97472344338894 -25.489967472851276 2
      vertex -32.60938742245905 -26.71795179699169 2
      vertex -32.66237881750958 -26.36071282936207 2
    endloop
  endfacet
  facet normal 0 0 1
    outer loop
      vertex -32.97472344338894 -25.489967472851276 2
      vertex -32.90274357050657 -25.97521633654833 2
      vertex -32.61828348785639 -26.912955589592457 2
    endloop
  endfacet
  facet normal 0 0 1
    outer loop
      vertex -32.97472344338894 -25.489967472851276 2
      vertex -32.66237881750958 -26.36071282936207 2
      vertex -32.680099502487565 -26 2
    endloop
  endfacet
  facet normal 0 0 1
    outer loop
      vertex -32.97472344338894 -25.489967472851276 2
      vertex -32.680099502487565 -26 2
      vertex -32.66237881750958 -25.63928717063793 2
    endloop
  endfacet
  facet normal 0 0 1
    outer loop
      vertex -32.97472344338894 -25.489967472851276 2
      vertex -32.66237881750958 -25.63928717063793 2
      vertex -32.60938742245905 -25.28204820300831 2
    endloop
  endfacet
  facet normal -0.3822224721087478 -0.018777389095628164 0.9238795329878398
    outer loop
      vertex -33.5 -24.987725749611855 1.8660254037844386
      vertex -33.23260683566332 -25.51536676287651 1.9659258262890682
      vertex -33.25881904363632 -24.981805101037025 1.9659258262890682
    endloop
  endfacet
  facet normal -0.13036896635856507 -0.006404616899118898 0.991444861549534
    outer loop
      vertex -32.97472344338894 -25.489967472851276 2
      vertex -33 -24.97545136511326 2
      vertex -33.25881904363632 -24.981805101037025 1.9659258262890682
    endloop
  endfacet
  facet normal -0.1479169637946096 -0.5905176258956035 0.7933533294367675
    outer loop
      vertex -29.656583100557327 -30.461022660136223 1.7071067811865475
      vertex -29.113332390785217 -30.597099877893925 1.7071067811865475
      vertex -29.072879172861576 -30.393727622926235 1.8660254037844386
    endloop
  endfacet
  facet normal -0.08932385519442519 -0.6021725128015167 0.7933533347251479
    outer loop
      vertex -29.113332390785217 -30.597099877893925 1.7071067811865475
      vertex -28.559359662234783 -30.67927397042513 1.7071067811865475
      vertex -29.072879172861576 -30.393727622926235 1.8660254037844386
    endloop
  endfacet
  facet normal -0.029870512602732085 -0.6080281553020704 0.7933533354293101
    outer loop
      vertex -28.559359662234783 -30.67927397042513 1.7071067811865475
      vertex -27.99280981719494 -30.70710678398609 1.7071067811865475
      vertex -27.987725757062435 -30.5 1.8660254037844386
    endloop
  endfacet
  facet normal -0.14791696552231537 -0.5905176201857097 0.7933533333646969
    outer loop
      vertex -29.656583100557327 -30.461022660136223 1.7071067811865475
      vertex -29.072879172861576 -30.393727622926235 1.8660254037844386
      vertex -29.59639063477516 -30.26259482651949 1.8660254037844386
    endloop
  endfacet
  facet normal -0.08932384562816649 -0.6021725011283122 0.7933533446624326
    outer loop
      vertex -28.559359662234783 -30.67927397042513 1.7071067811865475
      vertex -28.539035111665726 -30.472915902733803 1.8660254037844386
      vertex -29.072879172861576 -30.393727622926235 1.8660254037844386
    endloop
  endfacet
  facet normal -0.02987051372014932 -0.6080281531582489 0.793353337030269
    outer loop
      vertex -28.559359662234783 -30.67927397042513 1.7071067811865475
      vertex -27.987725757062435 -30.5 1.8660254037844386
      vertex -28.539035111665726 -30.472915902733803 1.8660254037844386
    endloop
  endfacet
  facet normal -0.0929844889489513 -0.37121488352893056 0.923879534929476
    outer loop
      vertex -29.59639063477516 -30.26259482651949 1.8660254037844386
      vertex -29.072879172861576 -30.393727622926235 1.8660254037844386
      vertex -29.02577032148838 -30.156895622611046 1.9659258262890682
    endloop
  endfacet
  facet normal -0.05615131777891114 -0.3785414659522384 0.9238795311437645
    outer loop
      vertex -29.072879172861576 -30.393727622926235 1.8660254037844386
      vertex -28.539035111665726 -30.472915902733803 1.8660254037844386
      vertex -28.51536676287651 -30.23260683566332 1.9659258262890682
    endloop
  endfacet
  facet normal -0.12892216337647372 -0.3603133100709016 0.9238795345585267
    outer loop
      vertex -30.012120850384235 -29.857689455151558 1.9659258262890682
      vertex -29.59639063477516 -30.26259482651949 1.8660254037844386
      vertex -29.526295080780983 -30.031520694494247 1.9659258262890682
    endloop
  endfacet
  facet normal -0.0929844893382666 -0.37121488197882874 0.9238795355131242
    outer loop
      vertex -29.59639063477516 -30.26259482651949 1.8660254037844386
      vertex -29.02577032148838 -30.156895622611046 1.9659258262890682
      vertex -29.526295080780983 -30.031520694494247 1.9659258262890682
    endloop
  endfacet
  facet normal -0.05615131939026541 -0.3785414614577067 0.9238795328873759
    outer loop
      vertex -29.072879172861576 -30.393727622926235 1.8660254037844386
      vertex -28.51536676287651 -30.23260683566332 1.9659258262890682
      vertex -29.02577032148838 -30.156895622611046 1.9659258262890682
    endloop
  endfacet
  facet normal -0.018777389761110944 -0.3822224727885872 0.9238795326930547
    outer loop
      vertex -28.539035111665726 -30.472915902733803 1.8660254037844386
      vertex -27.987725757062435 -30.5 1.8660254037844386
      vertex -28.51536676287651 -30.23260683566332 1.9659258262890682
    endloop
  endfacet
  facet normal -0.018777389071333632 -0.38222247161422135 0.9238795331929264
    outer loop
      vertex -27.987725757062435 -30.5 1.8660254037844386
      vertex -27.981805101037025 -30.258819043636322 1.9659258262890682
      vertex -28.51536676287651 -30.23260683566332 1.9659258262890682
    endloop
  endfacet
  facet normal -0.0317152781421557 -0.12661448502057807 0.9914448614599501
    outer loop
      vertex -29.526295080780983 -30.031520694494247 1.9659258262890682
      vertex -29.02577032148838 -30.156895622611046 1.9659258262890682
      vertex -29.451073348522186 -29.783547595143318 2
    endloop
  endfacet
  facet normal -0.043972950611038994 -0.12289616486074866 0.9914448609363401
    outer loop
      vertex -29.912955589592457 -29.618283487856388 2
      vertex -29.526295080780983 -30.031520694494247 1.9659258262890682
      vertex -29.451073348522186 -29.783547595143318 2
    endloop
  endfacet
  facet normal 0 0 1
    outer loop
      vertex -29.451073348522186 -29.783547595143318 2
      vertex -29.71795179699169 -29.609387422459054 2
      vertex -30.068276496343906 -29.52163565343838 2
    endloop
  endfacet
  facet normal 0 0 1
    outer loop
      vertex -29.451073348522186 -29.783547595143318 2
      vertex -29.36071282936207 -29.662378817509573 2
      vertex -29.71795179699169 -29.609387422459054 2
    endloop
  endfacet
  facet normal -0.03171527681605703 -0.12661448353117102 0.9914448616925783
    outer loop
      vertex -29.02577032148838 -30.156895622611046 1.9659258262890682
      vertex -28.97521633654833 -29.902743570506573 2
      vertex -29.451073348522186 -29.783547595143318 2
    endloop
  endfacet
  facet normal 0 0 1
    outer loop
      vertex -29.451073348522186 -29.783547595143318 2
      vertex -28.97521633654833 -29.902743570506573 2
      vertex -28.489967472851276 -29.97472344338894 2
    endloop
  endfacet
  facet normal -0.019152170650573473 -0.1291134406518182 0.9914448617055921
    outer loop
      vertex -29.02577032148838 -30.156895622611046 1.9659258262890682
      vertex -28.489967472851276 -29.97472344338894 2
      vertex -28.97521633654833 -29.902743570506573 2
    endloop
  endfacet
  facet normal 0 0 1
    outer loop
      vertex -29.451073348522186 -29.783547595143318 2
      vertex -27.97545136511326 -30 2
      vertex -29.36071282936207 -29.662378817509573 2
    endloop
  endfacet
  facet normal 0 0 1
    outer loop
      vertex -27.97545136511326 -30 2
      vertex -29 -29.68009950248756 2
      vertex -29.36071282936207 -29.662378817509573 2
    endloop
  endfacet
  facet normal -0.019152169493942432 -0.1291134439768755 0.9914448612949212
    outer loop
      vertex -29.02577032148838 -30.156895622611046 1.9659258262890682
      vertex -28.51536676287651 -30.23260683566332 1.9659258262890682
      vertex -28.489967472851276 -29.97472344338894 2
    endloop
  endfacet
  facet normal -0.006404617767515283 -0.13036896788708788 0.991444861342933
    outer loop
      vertex -28.51536676287651 -30.23260683566332 1.9659258262890682
      vertex -27.981805101037025 -30.258819043636322 1.9659258262890682
      vertex -28.489967472851276 -29.97472344338894 2
    endloop
  endfacet
  facet normal -0.006404616899118898 -0.13036896635856507 0.991444861549534
    outer loop
      vertex -27.981805101037025 -30.258819043636322 1.9659258262890682
      vertex -27.97545136511326 -30 2
      vertex -28.489967472851276 -29.97472344338894 2
    endloop
  endfacet
  facet normal 0 0 1
    outer loop
      vertex -29.451073348522186 -29.783547595143318 2
      vertex -28.489967472851276 -29.97472344338894 2
      vertex -27.97545136511326 -30 2
    endloop
  endfacet
  facet normal 0 0 1
    outer loop
      vertex -27.97545136511326 -30 2
      vertex -28.63928717063793 -29.662378817509573 2
      vertex -29 -29.68009950248756 2
    endloop
  endfacet
  facet normal 0 0 1
    outer loop
      vertex -27.97545136511326 -30 2
      vertex -28.28204820300831 -29.609387422459054 2
      vertex -28.63928717063793 -29.662378817509573 2
    endloop
  endfacet
  facet normal 0 0 1
    outer loop
      vertex -27.97545136511326 -30 2
      vertex -27.93172350365609 -29.521635653438384 2
      vertex -28.28204820300831 -29.609387422459054 2
    endloop
  endfacet
  facet normal 0 0 1
    outer loop
      vertex -27.97545136511326 -30 2
      vertex -27.591686890943 -29.399968607953227 2
      vertex -27.93172350365609 -29.521635653438384 2
    endloop
  endfacet
  facet normal 0 0 1
    outer loop
      vertex -27.97545136511326 -30 2
      vertex -27.265213103332385 -29.24555800616158 2
      vertex -27.591686890943 -29.399968607953227 2
    endloop
  endfacet
  facet normal -0.9914448620347797 6.42945850302667e-20 0.1305261871994921
    outer loop
      vertex -34 -25 1
      vertex -33.965925827622414 -24.999163553118706 1.2588190451025207
      vertex -33.965925827622414 24.999163553118706 1.2588190451025207
    endloop
  endfacet
  facet normal -0.9238795298353725 3.0329633943458235e-20 0.38268343882531847
    outer loop
      vertex -33.965925827622414 -24.999163553118706 1.2588190451025207
      vertex -33.866025403141975 -24.996711134910583 1.5
      vertex -33.866025403141975 24.996711134910583 1.5
    endloop
  endfacet
  facet normal -0.7933533466591596 0 0.6087614207098797
    outer loop
      vertex -33.866025403141975 -24.996711134910583 1.5
      vertex -33.70710678398609 -24.99280981719494 1.7071067811865475
      vertex -33.866025403141975 24.996711134910583 1.5
    endloop
  endfacet
  facet normal -0.6087614238293925 0 0.7933533442654734
    outer loop
      vertex -33.70710678398609 -24.99280981719494 1.7071067811865475
      vertex -33.5 -24.987725749611855 1.8660254037844386
      vertex -33.70710678398609 24.99280981719494 1.7071067811865475
    endloop
  endfacet
  facet normal -0.3826834303793597 0 0.923879533333803
    outer loop
      vertex -33.5 -24.987725749611855 1.8660254037844386
      vertex -33.25881904363632 -24.981805101037025 1.9659258262890682
      vertex -33.5 24.987725749611855 1.8660254037844386
    endloop
  endfacet
  facet normal 0 0 1
    outer loop
      vertex -32.97472344338894 -25.489967472851276 2
      vertex -33 24.97545136511326 2
      vertex -33 -24.97545136511326 2
    endloop
  endfacet
  facet normal -0.13052619294687953 -1.4589048455240984e-20 0.9914448612781217
    outer loop
      vertex -33.25881904363632 -24.981805101037025 1.9659258262890682
      vertex -33 -24.97545136511326 2
      vertex -33 24.97545136511326 2
    endloop
  endfacet
  facet normal 0 0 1
    outer loop
      vertex -32.97472344338894 -25.489967472851276 2
      vertex -32.60938742245905 -25.28204820300831 2
      vertex -31.844755384837892 23.66536959056792 2
    endloop
  endfacet
  facet normal 0 0 1
    outer loop
      vertex -31.844755384837892 23.66536959056792 2
      vertex -32.60938742245905 -25.28204820300831 2
      vertex -32.52163565343838 -24.93172350365609 2
    endloop
  endfacet
  facet normal 0 0 1
    outer loop
      vertex -31.844755384837892 23.66536959056792 2
      vertex -32.52163565343838 -24.93172350365609 2
      vertex -32.39996860795323 -24.591686890943 2
    endloop
  endfacet
  facet normal 0 0 1
    outer loop
      vertex -31.844755384837892 23.66536959056792 2
      vertex -32.39996860795323 -24.591686890943 2
      vertex -32.24555800616158 -24.265213103332385 2
    endloop
  endfacet
  facet normal 0 0 1
    outer loop
      vertex -31.844755384837892 23.66536959056792 2
      vertex -32.24555800616158 -24.265213103332385 2
      vertex -32.05989090656813 -23.955446261867664 2
    endloop
  endfacet
  facet normal 0 0 1
    outer loop
      vertex -31.844755384837892 23.66536959056792 2
      vertex -32.05989090656813 -23.955446261867664 2
      vertex -31.844755384837892 -23.665369590567916 2
    endloop
  endfacet
  facet normal 0 0 1
    outer loop
      vertex -31.844755384837892 23.66536959056792 2
      vertex -31.844755384837892 -23.665369590567916 2
      vertex -31.602223313650192 -23.397776686349808 2
    endloop
  endfacet
  facet normal 0 0 1
    outer loop
      vertex -31.844755384837892 23.66536959056792 2
      vertex -31.602223313650192 -23.397776686349808 2
      vertex -31.334630409432084 -23.155244615162108 2
    endloop
  endfacet
  facet normal 0 0 1
    outer loop
      vertex -31.844755384837892 23.66536959056792 2
      vertex -31.334630409432084 -23.155244615162108 2
      vertex -31.044553738132336 -22.94010909343188 2
    endloop
  endfacet
  facet normal 0 0 1
    outer loop
      vertex -31.844755384837892 23.66536959056792 2
      vertex -31.044553738132336 -22.94010909343188 2
      vertex -30.734786896667615 -22.75444199383842 2
    endloop
  endfacet
  facet normal 0 0 1
    outer loop
      vertex -30.408313109057 -22.600031392046773 2
      vertex -31.602223313650192 23.397776686349808 2
      vertex -30.734786896667615 -22.75444199383842 2
    endloop
  endfacet
  facet normal 0 0 1
    outer loop
      vertex -30.06827649634391 -22.478364346561616 2
      vertex -31.602223313650192 23.397776686349808 2
      vertex -30.408313109057 -22.600031392046773 2
    endloop
  endfacet
  facet normal 0 0 1
    outer loop
      vertex -31.334630409432084 23.155244615162104 2
      vertex -30.06827649634391 -22.478364346561616 2
      vertex -29.71795179699169 -22.390612577540946 2
    endloop
  endfacet
  facet normal 0 0 1
    outer loop
      vertex -31.334630409432084 23.155244615162104 2
      vertex -29.71795179699169 -22.390612577540946 2
      vertex -29.36071282936207 -22.337621182490427 2
    endloop
  endfacet
  facet normal 0 0 1
    outer loop
      vertex -31.334630409432084 23.155244615162104 2
      vertex -29.36071282936207 -22.337621182490427 2
      vertex -29 -22.31990049751244 2
    endloop
  endfacet
  facet normal 0 0 1
    outer loop
      vertex -31.334630409432084 23.155244615162104 2
      vertex -29 -22.31990049751244 2
      vertex -28.63928717063793 -22.337621182490427 2
    endloop
  endfacet
  facet normal 0 0 1
    outer loop
      vertex -31.334630409432084 23.155244615162104 2
      vertex -28.63928717063793 -22.337621182490427 2
      vertex -28.28204820300831 -22.390612577540946 2
    endloop
  endfacet
  facet normal 0 0 1
    outer loop
      vertex -28.28204820300831 -22.390612577540946 2
      vertex -27.93172350365609 -22.47836434656162 2
      vertex -28.28204820300831 22.39061257754095 2
    endloop
  endfacet
  facet normal 0 0 1
    outer loop
      vertex -27.93172350365609 -22.47836434656162 2
      vertex -27.591686890943 -22.600031392046773 2
      vertex -27.93172350365609 22.47836434656162 2
    endloop
  endfacet
  facet normal 0 0 1
    outer loop
      vertex -27.591686890943 -22.600031392046773 2
      vertex -27.265213103332385 -22.75444199383842 2
      vertex -27.591686890943 22.600031392046773 2
    endloop
  endfacet
  facet normal 0 0 1
    outer loop
      vertex -27.265213103332385 -22.75444199383842 2
      vertex -26.955446261867664 -22.94010909343188 2
      vertex -27.265213103332385 22.75444199383842 2
    endloop
  endfacet
  facet normal 0 -0.9914448620347796 0.1305261871994921
    outer loop
      vertex -28 -31 1
      vertex 28 -31 1
      vertex -27.999163553118706 -30.965925827622414 1.2588190451025207
    endloop
  endfacet
  facet normal 2.7079648565107278e-20 -0.9238795298353724 0.3826834388253184
    outer loop
      vertex -27.999163553118706 -30.965925827622414 1.2588190451025207
      vertex 27.996711134910583 -30.866025403141975 1.5
      vertex -27.996711134910583 -30.866025403141975 1.5
    endloop
  endfacet
  facet normal 0 -0.7933533466591596 0.6087614207098797
    outer loop
      vertex -27.996711134910583 -30.866025403141975 1.5
      vertex 27.996711134910583 -30.866025403141975 1.5
      vertex -27.99280981719494 -30.70710678398609 1.7071067811865475
    endloop
  endfacet
  facet normal 0 -0.6087614238293925 0.7933533442654734
    outer loop
      vertex -27.99280981719494 -30.70710678398609 1.7071067811865475
      vertex 27.99280981719494 -30.70710678398609 1.7071067811865475
      vertex -27.987725757062435 -30.5 1.8660254037844386
    endloop
  endfacet
  facet normal 2.060863609668676e-20 -0.3826834303793597 0.9238795333338031
    outer loop
      vertex -27.987725757062435 -30.5 1.8660254037844386
      vertex 27.981805101037025 -30.258819043636322 1.9659258262890682
      vertex -27.981805101037025 -30.258819043636322 1.9659258262890682
    endloop
  endfacet
  facet normal 0 0 1
    outer loop
      vertex -27.97545136511326 -30 2
      vertex 26.3977766863498 -28.602223313650192 2
      vertex -27.265213103332385 -29.24555800616158 2
    endloop
  endfacet
  facet normal 0 -0.13052619294687953 0.9914448612781217
    outer loop
      vertex -27.981805101037025 -30.258819043636322 1.9659258262890682
      vertex 27.981805101037025 -30.258819043636322 1.9659258262890682
      vertex -27.97545136511326 -30 2
    endloop
  endfacet
  facet normal 0 0 1
    outer loop
      vertex 26.3977766863498 -28.602223313650192 2
      vertex -26.955446261867664 -29.05989090656812 2
      vertex -27.265213103332385 -29.24555800616158 2
    endloop
  endfacet
  facet normal 0 0 1
    outer loop
      vertex 26.3977766863498 -28.602223313650192 2
      vertex -26.665369590567916 -28.844755384837892 2
      vertex -26.955446261867664 -29.05989090656812 2
    endloop
  endfacet
  facet normal 0 0 1
    outer loop
      vertex -26.665369590567916 -28.844755384837892 2
      vertex 26.3977766863498 -28.602223313650192 2
      vertex -26.397776686349808 -28.602223313650192 2
    endloop
  endfacet
  facet normal 0 0 1
    outer loop
      vertex -26.397776686349808 -28.602223313650192 2
      vertex 25.940109093431886 -28.044553738132336 2
      vertex -26.155244615162108 -28.334630409432084 2
    endloop
  endfacet
  facet normal 0 0 1
    outer loop
      vertex -26.155244615162108 -28.334630409432084 2
      vertex 25.754441993838412 -27.734786896667615 2
      vertex -25.94010909343188 -28.044553738132336 2
    endloop
  endfacet
  facet normal 0 0 1
    outer loop
      vertex -25.94010909343188 -28.044553738132336 2
      vertex 25.600031392046773 -27.408313109057 2
      vertex -25.75444199383842 -27.734786896667615 2
    endloop
  endfacet
  facet normal 0 0 1
    outer loop
      vertex -25.75444199383842 -27.734786896667615 2
      vertex 25.39061257754095 26.71795179699169 2
      vertex -25.600031392046773 -27.408313109057 2
    endloop
  endfacet
  facet normal 0 0 1
    outer loop
      vertex 25.39061257754095 26.71795179699169 2
      vertex -25.478364346561616 -27.06827649634391 2
      vertex -25.600031392046773 -27.408313109057 2
    endloop
  endfacet
  facet normal 0 0 1
    outer loop
      vertex 25.39061257754095 26.71795179699169 2
      vertex -26.397776686349808 -23.397776686349808 2
      vertex -26.155244615162108 -23.665369590567916 2
    endloop
  endfacet
  facet normal 0 0 1
    outer loop
      vertex 25.39061257754095 26.71795179699169 2
      vertex -25.600031392046773 -24.591686890943 2
      vertex -25.478364346561616 -24.93172350365609 2
    endloop
  endfacet
  facet normal 0 0 1
    outer loop
      vertex 25.39061257754095 26.71795179699169 2
      vertex -25.75444199383842 -24.265213103332385 2
      vertex -25.600031392046773 -24.591686890943 2
    endloop
  endfacet
  facet normal 0 0 1
    outer loop
      vertex 25.39061257754095 26.71795179699169 2
      vertex -25.94010909343188 -23.955446261867664 2
      vertex -25.75444199383842 -24.265213103332385 2
    endloop
  endfacet
  facet normal 0 0 1
    outer loop
      vertex 25.39061257754095 26.71795179699169 2
      vertex -26.155244615162108 -23.665369590567916 2
      vertex -25.94010909343188 -23.955446261867664 2
    endloop
  endfacet
  facet normal 0 0 1
    outer loop
      vertex 25.39061257754095 26.71795179699169 2
      vertex -26.955446261867664 -22.94010909343188 2
      vertex -26.665369590567916 -23.155244615162108 2
    endloop
  endfacet
  facet normal 0 0 1
    outer loop
      vertex 25.39061257754095 26.71795179699169 2
      vertex -26.665369590567916 -23.155244615162108 2
      vertex -26.397776686349808 -23.397776686349808 2
    endloop
  endfacet
  facet normal 0 0 1
    outer loop
      vertex 25.39061257754095 26.71795179699169 2
      vertex -25.390612577540946 -26.71795179699169 2
      vertex -25.478364346561616 -27.06827649634391 2
    endloop
  endfacet
  facet normal 0 0 1
    outer loop
      vertex 25.39061257754095 26.71795179699169 2
      vertex -25.337621182490427 -26.36071282936207 2
      vertex -25.390612577540946 -26.71795179699169 2
    endloop
  endfacet
  facet normal 0 0 1
    outer loop
      vertex 25.39061257754095 26.71795179699169 2
      vertex -25.31990049751244 -26 2
      vertex -25.337621182490427 -26.36071282936207 2
    endloop
  endfacet
  facet normal 0 0 1
    outer loop
      vertex 25.39061257754095 26.71795179699169 2
      vertex -25.337621182490427 -25.63928717063793 2
      vertex -25.31990049751244 -26 2
    endloop
  endfacet
  facet normal 0 0 1
    outer loop
      vertex 25.39061257754095 26.71795179699169 2
      vertex -25.390612577540946 -25.28204820300831 2
      vertex -25.337621182490427 -25.63928717063793 2
    endloop
  endfacet
  facet normal 0 0 1
    outer loop
      vertex 25.39061257754095 26.71795179699169 2
      vertex -25.478364346561616 -24.93172350365609 2
      vertex -25.390612577540946 -25.28204820300831 2
    endloop
  endfacet
  facet normal 0 0 -1
    outer loop
      vertex -32.24264068901539 -29.24264068901539 0
      vertex -30.202081528017132 24.797918471982868 0
      vertex -30.078468583078198 24.68588222928335 0
    endloop
  endfacet
  facet normal 0 0 -1
    outer loop
      vertex -32.24264068901539 -29.24264068901539 0
      vertex -30.570595205269186 25.349438164979347 0
      vertex -30.499266149392202 25.198625547395807 0
    endloop
  endfacet
  facet normal 0 0 -1
    outer loop
      vertex -32.24264068901539 -29.24264068901539 0
      vertex -30.626798570744754 25.506516048667415 0
      vertex -30.570595205269186 25.349438164979347 0
    endloop
  endfacet
  facet normal 0 0 -1
    outer loop
      vertex -32.24264068901539 -29.24264068901539 0
      vertex -30.499266149392202 25.198625547395807 0
      vertex -30.413498340914327 25.05553060386667 0
    endloop
  endfacet
  facet normal 0 0 -1
    outer loop
      vertex -32.24264068901539 -29.24264068901539 0
      vertex -30.413498340914327 25.05553060386667 0
      vertex -30.314117770716653 24.921531416921802 0
    endloop
  endfacet
  facet normal 0 0 -1
    outer loop
      vertex -32.24264068901539 -29.24264068901539 0
      vertex -30.314117770716653 24.921531416921802 0
      vertex -30.202081528017132 24.797918471982868 0
    endloop
  endfacet
  facet normal 0 0 -1
    outer loop
      vertex -32.24264068901539 -29.24264068901539 0
      vertex -30.667334976685492 25.668346452572578 0
      vertex -30.626798570744754 25.506516048667415 0
    endloop
  endfacet
  facet normal 0 0 -1
    outer loop
      vertex -32.24264068901539 -29.24264068901539 0
      vertex -30.691814035342734 25.833370861439747 0
      vertex -30.667334976685492 25.668346452572578 0
    endloop
  endfacet
  facet normal 0 0 -1
    outer loop
      vertex -32.24264068901539 -29.24264068901539 0
      vertex -30.7 26 0
      vertex -30.691814035342734 25.833370861439747 0
    endloop
  endfacet
  facet normal 0 0 -1
    outer loop
      vertex -32.24264068901539 -29.24264068901539 0
      vertex -30.078468583078198 24.68588222928335 0
      vertex -29.944469396133325 24.58650165908567 0
    endloop
  endfacet
  facet normal 0 0 -1
    outer loop
      vertex -32.24264068901539 -29.24264068901539 0
      vertex -29.944469396133325 24.58650165908567 0
      vertex -29.801374452604197 24.5007338506078 0
    endloop
  endfacet
  facet normal 0 0 -1
    outer loop
      vertex -32.24264068901539 -29.24264068901539 0
      vertex -29.801374452604197 24.5007338506078 0
      vertex -29.650561835020653 24.429404794730814 0
    endloop
  endfacet
  facet normal 0 0 -1
    outer loop
      vertex -32.24264068901539 -29.24264068901539 0
      vertex -29.650561835020653 24.429404794730814 0
      vertex -29.493483951332585 24.373201429255246 0
    endloop
  endfacet
  facet normal 0 0 -1
    outer loop
      vertex -32.24264068901539 -29.24264068901539 0
      vertex -29.493483951332585 24.373201429255246 0
      vertex -29.33165354742742 24.332665023314505 0
    endloop
  endfacet
  facet normal 0 0 -1
    outer loop
      vertex -32.24264068901539 -29.24264068901539 0
      vertex -29.33165354742742 24.332665023314505 0
      vertex -29.166629138560253 24.30818596465727 0
    endloop
  endfacet
  facet normal 0 0 -1
    outer loop
      vertex -32.24264068901539 -29.24264068901539 0
      vertex -29.166629138560253 24.30818596465727 0
      vertex -29 24.299999999999997 0
    endloop
  endfacet
  facet normal 0 0 -1
    outer loop
      vertex -32.24264068901539 -29.24264068901539 0
      vertex -29 24.299999999999997 0
      vertex -28.833370861439747 24.30818596465727 0
    endloop
  endfacet
  facet normal 0 0 -1
    outer loop
      vertex -32.24264068901539 -29.24264068901539 0
      vertex -28.833370861439747 24.30818596465727 0
      vertex -28.66834645257258 24.332665023314505 0
    endloop
  endfacet
  facet normal 0 0 -1
    outer loop
      vertex -32.24264068901539 -29.24264068901539 0
      vertex -28.66834645257258 24.332665023314505 0
      vertex -28.506516048667415 24.373201429255246 0
    endloop
  endfacet
  facet normal 0 0 -1
    outer loop
      vertex -32.24264068901539 -29.24264068901539 0
      vertex -28.506516048667415 24.373201429255246 0
      vertex -28.349438164979347 24.429404794730814 0
    endloop
  endfacet
  facet normal 0 0 -1
    outer loop
      vertex -32.24264068901539 -29.24264068901539 0
      vertex -28.349438164979347 24.429404794730814 0
      vertex -28.198625547395803 24.5007338506078 0
    endloop
  endfacet
  facet normal 0 0 -1
    outer loop
      vertex -32.24264068901539 -29.24264068901539 0
      vertex -28.198625547395803 24.5007338506078 0
      vertex -28.055530603866675 24.58650165908567 0
    endloop
  endfacet
  facet normal 0 0 -1
    outer loop
      vertex -32.24264068901539 -29.24264068901539 0
      vertex -28.055530603866675 24.58650165908567 0
      vertex -27.921531416921802 24.68588222928335 0
    endloop
  endfacet
  facet normal 0 0 -1
    outer loop
      vertex -32.24264068901539 -29.24264068901539 0
      vertex -27.921531416921802 24.68588222928335 0
      vertex -27.797918471982868 24.797918471982868 0
    endloop
  endfacet
  facet normal 0 0 -1
    outer loop
      vertex -32.24264068901539 -29.24264068901539 0
      vertex -27.797918471982868 24.797918471982868 0
      vertex -27.685882229283347 24.921531416921802 0
    endloop
  endfacet
  facet normal 0 0 -1
    outer loop
      vertex -32.24264068901539 -29.24264068901539 0
      vertex -34 25 0
      vertex -32.24264068901539 29.24264068901539 0
    endloop
  endfacet
  facet normal 0 0 -1
    outer loop
      vertex -32.24264068901539 -29.24264068901539 0
      vertex -32.24264068901539 29.24264068901539 0
      vertex -30.7 26 0
    endloop
  endfacet
  facet normal 0 0 -1
    outer loop
      vertex -29.166629138560253 -24.308185964657266 0
      vertex -27.685882229283347 24.921531416921802 0
      vertex -27.586501659085673 25.05553060386667 0
    endloop
  endfacet
  facet normal 0 0 -1
    outer loop
      vertex -29.166629138560253 -24.308185964657266 0
      vertex -27.586501659085673 25.05553060386667 0
      vertex -27.500733850607798 25.198625547395807 0
    endloop
  endfacet
  facet normal 0 0 -1
    outer loop
      vertex -29.166629138560253 -24.308185964657266 0
      vertex -27.500733850607798 25.198625547395807 0
      vertex -27.429404794730814 25.349438164979347 0
    endloop
  endfacet
  facet normal 0 0 -1
    outer loop
      vertex -29.166629138560253 -24.308185964657266 0
      vertex -27.429404794730814 25.349438164979347 0
      vertex -27.373201429255246 25.506516048667415 0
    endloop
  endfacet
  facet normal 0 0 -1
    outer loop
      vertex -29.166629138560253 -24.308185964657266 0
      vertex -27.373201429255246 25.506516048667415 0
      vertex -27.332665023314508 25.668346452572578 0
    endloop
  endfacet
  facet normal 0 0 -1
    outer loop
      vertex -29.166629138560253 -24.308185964657266 0
      vertex -27.332665023314508 25.668346452572578 0
      vertex -27.308185964657266 25.833370861439747 0
    endloop
  endfacet
  facet normal 0 0 -1
    outer loop
      vertex -29.166629138560253 -24.308185964657266 0
      vertex -27.308185964657266 25.833370861439747 0
      vertex -27.3 26 0
    endloop
  endfacet
  facet normal -1 0 0
    outer loop
      vertex -34 -25 1
      vertex -34 25 1
      vertex -34 25 0
    endloop
  endfacet
  facet normal 0 0 -1
    outer loop
      vertex -34 25 0
      vertex -33.97110836207867 25.588102839887142 0
      vertex -33.88471168279648 26.170541934669018 0
    endloop
  endfacet
  facet normal 0 0 -1
    outer loop
      vertex -34 25 0
      vertex -33.88471168279648 26.170541934669018 0
      vertex -33.54327719658613 27.296100594103336 0
    endloop
  endfacet
  facet normal 0 0 -1
    outer loop
      vertex -33.88471168279648 26.170541934669018 0
      vertex -33.74164201319218 26.74170806258917 0
      vertex -33.54327719658613 27.296100594103336 0
    endloop
  endfacet
  facet normal 0 0 -1
    outer loop
      vertex -34 25 0
      vertex -33.54327719658613 27.296100594103336 0
      vertex -32.24264068901539 29.24264068901539 0
    endloop
  endfacet
  facet normal 0 0 -1
    outer loop
      vertex -33.54327719658613 27.296100594103336 0
      vertex -33.29152758419514 27.828380420804024 0
      vertex -32.98881767690182 28.333421401679516 0
    endloop
  endfacet
  facet normal 0 0 -1
    outer loop
      vertex -33.54327719658613 27.296100594103336 0
      vertex -32.98881767690182 28.333421401679516 0
      vertex -32.24264068901539 29.24264068901539 0
    endloop
  endfacet
  facet normal 0 0 -1
    outer loop
      vertex -32.98881767690182 28.333421401679516 0
      vertex -32.638062722980976 28.806359708309174 0
      vertex -32.24264068901539 29.24264068901539 0
    endloop
  endfacet
  facet normal 0 0 -1
    outer loop
      vertex -32.24264068901539 29.24264068901539 0
      vertex -30.691814035342734 26.166629138560253 0
      vertex -30.7 26 0
    endloop
  endfacet
  facet normal 0 0 -1
    outer loop
      vertex -32.24264068901539 29.24264068901539 0
      vertex -30.667334976685492 26.331653547427422 0
      vertex -30.691814035342734 26.166629138560253 0
    endloop
  endfacet
  facet normal 0 0 -1
    outer loop
      vertex -32.24264068901539 29.24264068901539 0
      vertex -30.626798570744754 26.493483951332585 0
      vertex -30.667334976685492 26.331653547427422 0
    endloop
  endfacet
  facet normal 0 0 -1
    outer loop
      vertex -32.24264068901539 29.24264068901539 0
      vertex -30.570595205269186 26.650561835020653 0
      vertex -30.626798570744754 26.493483951332585 0
    endloop
  endfacet
  facet normal 0 0 -1
    outer loop
      vertex -32.24264068901539 29.24264068901539 0
      vertex -30.499266149392202 26.801374452604193 0
      vertex -30.570595205269186 26.650561835020653 0
    endloop
  endfacet
  facet normal 0 0 -1
    outer loop
      vertex -32.24264068901539 29.24264068901539 0
      vertex -30.413498340914327 26.94446939613333 0
      vertex -30.499266149392202 26.801374452604193 0
    endloop
  endfacet
  facet normal 0 0 -1
    outer loop
      vertex -32.24264068901539 29.24264068901539 0
      vertex -30.314117770716653 27.078468583078198 0
      vertex -30.413498340914327 26.94446939613333 0
    endloop
  endfacet
  facet normal 0 0 -1
    outer loop
      vertex -32.24264068901539 29.24264068901539 0
      vertex -30.202081528017132 27.202081528017132 0
      vertex -30.314117770716653 27.078468583078198 0
    endloop
  endfacet
  facet normal 0 0 -1
    outer loop
      vertex -32.24264068901539 29.24264068901539 0
      vertex -30.078468583078198 27.31411777071665 0
      vertex -30.202081528017132 27.202081528017132 0
    endloop
  endfacet
  facet normal 0 0 -1
    outer loop
      vertex -32.24264068901539 29.24264068901539 0
      vertex -29.944469396133325 27.41349834091433 0
      vertex -30.078468583078198 27.31411777071665 0
    endloop
  endfacet
  facet normal 0 0 -1
    outer loop
      vertex -32.24264068901539 29.24264068901539 0
      vertex -29.801374452604197 27.4992661493922 0
      vertex -29.944469396133325 27.41349834091433 0
    endloop
  endfacet
  facet normal 0 0 -1
    outer loop
      vertex -32.24264068901539 29.24264068901539 0
      vertex -29.650561835020653 27.570595205269186 0
      vertex -29.801374452604197 27.4992661493922 0
    endloop
  endfacet
  facet normal 0 0 -1
    outer loop
      vertex -32.24264068901539 29.24264068901539 0
      vertex -29.493483951332585 27.626798570744754 0
      vertex -29.650561835020653 27.570595205269186 0
    endloop
  endfacet
  facet normal 0 0 -1
    outer loop
      vertex -32.24264068901539 29.24264068901539 0
      vertex -29.33165354742742 27.667334976685495 0
      vertex -29.493483951332585 27.626798570744754 0
    endloop
  endfacet
  facet normal 0 0 -1
    outer loop
      vertex -32.24264068901539 29.24264068901539 0
      vertex -29.166629138560253 27.69181403534273 0
      vertex -29.33165354742742 27.667334976685495 0
    endloop
  endfacet
  facet normal 0 0 -1
    outer loop
      vertex -32.24264068901539 29.24264068901539 0
      vertex -31.806359708309174 29.638062722980976 0
      vertex -31.333421401679516 29.988817676901817 0
    endloop
  endfacet
  facet normal 0 0 -1
    outer loop
      vertex -32.24264068901539 29.24264068901539 0
      vertex -31.333421401679516 29.988817676901817 0
      vertex -30.828380420804024 30.291527584195137 0
    endloop
  endfacet
  facet normal 0 0 -1
    outer loop
      vertex -32.24264068901539 29.24264068901539 0
      vertex -30.828380420804024 30.291527584195137 0
      vertex -29.74170806258917 30.741642013192177 0
    endloop
  endfacet
  facet normal 0 0 -1
    outer loop
      vertex -30.828380420804024 30.291527584195137 0
      vertex -30.296100594103336 30.543277196586132 0
      vertex -29.74170806258917 30.741642013192177 0
    endloop
  endfacet
  facet normal 0 0 -1
    outer loop
      vertex -32.24264068901539 29.24264068901539 0
      vertex -29.74170806258917 30.741642013192177 0
      vertex -28 31 0
    endloop
  endfacet
  facet normal 0 0 -1
    outer loop
      vertex -29.74170806258917 30.741642013192177 0
      vertex -29.170541934669018 30.88471168279648 0
      vertex -28.588102839887142 30.971108362078667 0
    endloop
  endfacet
  facet normal 0 0 -1
    outer loop
      vertex -29.74170806258917 30.741642013192177 0
      vertex -28.588102839887142 30.971108362078667 0
      vertex -28 31 0
    endloop
  endfacet
  facet normal -0.9987954563668773 0.049067671035838485 0
    outer loop
      vertex -34 25 0
      vertex -34 25 1
      vertex -33.97110836207867 25.588102839887142 0
    endloop
  endfacet
  facet normal -0.989176509724005 0.14673047607854153 0
    outer loop
      vertex -33.97110836207867 25.588102839887142 0
      vertex -33.88471168279648 26.170541934669018 1
      vertex -33.88471168279648 26.170541934669018 0
    endloop
  endfacet
  facet normal -0.9700312522108819 0.2429801838302629 0
    outer loop
      vertex -33.88471168279648 26.170541934669018 0
      vertex -33.88471168279648 26.170541934669018 1
      vertex -33.74164201319218 26.74170806258917 0
    endloop
  endfacet
  facet normal -0.9415440668119424 0.33688984883968903 0
    outer loop
      vertex -33.74164201319218 26.74170806258917 0
      vertex -33.74164201319218 26.74170806258917 1
      vertex -33.54327719658613 27.296100594103336 0
    endloop
  endfacet
  facet normal -0.9039892908627272 0.427555098210165 0
    outer loop
      vertex -33.54327719658613 27.296100594103336 0
      vertex -33.29152758419514 27.828380420804024 1
      vertex -33.29152758419514 27.828380420804024 0
    endloop
  endfacet
  facet normal -0.8577286153979926 0.5141027351876691 0
    outer loop
      vertex -33.29152758419514 27.828380420804024 0
      vertex -33.29152758419514 27.828380420804024 1
      vertex -32.98881767690182 28.333421401679516 0
    endloop
  endfacet
  facet normal -0.803207531110111 0.5956993049920405 0
    outer loop
      vertex -32.98881767690182 28.333421401679516 0
      vertex -32.98881767690182 28.333421401679516 1
      vertex -32.638062722980976 28.806359708309174 0
    endloop
  endfacet
  facet normal -0.7409511234910436 0.6715589569035323 0
    outer loop
      vertex -32.638062722980976 28.806359708309174 0
      vertex -32.24264068901539 29.24264068901539 1
      vertex -32.24264068901539 29.24264068901539 0
    endloop
  endfacet
  facet normal -0.6715589569035323 0.7409511234910436 0
    outer loop
      vertex -32.24264068901539 29.24264068901539 0
      vertex -31.806359708309174 29.638062722980976 1
      vertex -31.806359708309174 29.638062722980976 0
    endloop
  endfacet
  facet normal -0.5956993049920405 0.803207531110111 0
    outer loop
      vertex -31.806359708309174 29.638062722980976 0
      vertex -31.806359708309174 29.638062722980976 1
      vertex -31.333421401679516 29.988817676901817 0
    endloop
  endfacet
  facet normal -0.5141027351876691 0.8577286153979926 0
    outer loop
      vertex -31.333421401679516 29.988817676901817 0
      vertex -31.333421401679516 29.988817676901817 1
      vertex -30.828380420804024 30.291527584195137 0
    endloop
  endfacet
  facet normal -0.427555098210165 0.9039892908627272 0
    outer loop
      vertex -30.828380420804024 30.291527584195137 0
      vertex -30.296100594103336 30.543277196586132 1
      vertex -30.296100594103336 30.543277196586132 0
    endloop
  endfacet
  facet normal -0.33688984883968903 0.9415440668119424 0
    outer loop
      vertex -30.296100594103336 30.543277196586132 0
      vertex -30.296100594103336 30.543277196586132 1
      vertex -29.74170806258917 30.741642013192177 0
    endloop
  endfacet
  facet normal -0.2429801838302629 0.9700312522108819 0
    outer loop
      vertex -29.74170806258917 30.741642013192177 0
      vertex -29.74170806258917 30.741642013192177 1
      vertex -29.170541934669018 30.88471168279648 0
    endloop
  endfacet
  facet normal -0.14673047607854153 0.9891765097240051 0
    outer loop
      vertex -29.170541934669018 30.88471168279648 0
      vertex -28.588102839887142 30.971108362078667 0.99
      vertex -28.588102839887142 30.971108362078667 0
    endloop
  endfacet
  facet normal -0.04906767103583848 0.9987954563668773 0
    outer loop
      vertex -28.588102839887142 30.971108362078667 0
      vertex -28.588102839887142 30.971108362078667 0.99
      vertex -28 31 0
    endloop
  endfacet
  facet normal -0.9987954563668773 0.049067671035838485 0
    outer loop
      vertex -33.97110836207867 25.588102839887142 0
      vertex -34 25 1
      vertex -33.97110836207867 25.588102839887142 1
    endloop
  endfacet
  facet normal -0.989176509724005 0.14673047607854153 0
    outer loop
      vertex -33.97110836207867 25.588102839887142 0
      vertex -33.97110836207867 25.588102839887142 1
      vertex -33.88471168279648 26.170541934669018 1
    endloop
  endfacet
  facet normal -0.9700312522108819 0.2429801838302629 0
    outer loop
      vertex -33.74164201319218 26.74170806258917 0
      vertex -33.88471168279648 26.170541934669018 1
      vertex -33.74164201319218 26.74170806258917 1
    endloop
  endfacet
  facet normal -0.9415440668119424 0.33688984883968903 0
    outer loop
      vertex -33.54327719658613 27.296100594103336 0
      vertex -33.74164201319218 26.74170806258917 1
      vertex -33.54327719658613 27.296100594103336 1
    endloop
  endfacet
  facet normal -0.9039892908627272 0.427555098210165 0
    outer loop
      vertex -33.54327719658613 27.296100594103336 0
      vertex -33.54327719658613 27.296100594103336 1
      vertex -33.29152758419514 27.828380420804024 1
    endloop
  endfacet
  facet normal -0.8577286153979926 0.5141027351876691 0
    outer loop
      vertex -32.98881767690182 28.333421401679516 0
      vertex -33.29152758419514 27.828380420804024 1
      vertex -32.98881767690182 28.333421401679516 1
    endloop
  endfacet
  facet normal -0.803207531110111 0.5956993049920405 0
    outer loop
      vertex -32.638062722980976 28.806359708309174 0
      vertex -32.98881767690182 28.333421401679516 1
      vertex -32.638062722980976 28.806359708309174 1
    endloop
  endfacet
  facet normal -0.7409511234910436 0.6715589569035323 0
    outer loop
      vertex -32.638062722980976 28.806359708309174 0
      vertex -32.638062722980976 28.806359708309174 1
      vertex -32.24264068901539 29.24264068901539 1
    endloop
  endfacet
  facet normal -0.6715589569035323 0.7409511234910436 0
    outer loop
      vertex -32.24264068901539 29.24264068901539 0
      vertex -32.24264068901539 29.24264068901539 1
      vertex -31.806359708309174 29.638062722980976 1
    endloop
  endfacet
  facet normal -0.5956993049920405 0.803207531110111 0
    outer loop
      vertex -31.333421401679516 29.988817676901817 0
      vertex -31.806359708309174 29.638062722980976 1
      vertex -31.333421401679516 29.988817676901817 1
    endloop
  endfacet
  facet normal -0.5141027351876691 0.8577286153979926 0
    outer loop
      vertex -30.828380420804024 30.291527584195137 0
      vertex -31.333421401679516 29.988817676901817 1
      vertex -30.828380420804024 30.291527584195137 1
    endloop
  endfacet
  facet normal -0.427555098210165 0.9039892908627272 0
    outer loop
      vertex -30.828380420804024 30.291527584195137 0
      vertex -30.828380420804024 30.291527584195137 1
      vertex -30.296100594103336 30.543277196586132 1
    endloop
  endfacet
  facet normal -0.33688984883968903 0.9415440668119424 0
    outer loop
      vertex -29.74170806258917 30.741642013192177 0
      vertex -30.296100594103336 30.543277196586132 1
      vertex -29.74170806258917 30.741642013192177 1
    endloop
  endfacet
  facet normal -0.2429801838302629 0.9700312522108819 0
    outer loop
      vertex -29.170541934669018 30.88471168279648 0
      vertex -29.74170806258917 30.741642013192177 1
      vertex -29.170541934669018 30.88471168279648 1
    endloop
  endfacet
  facet normal -0.14673047607854153 0.989176509724005 0
    outer loop
      vertex -29.170541934669018 30.88471168279648 0
      vertex -29.170541934669018 30.88471168279648 1
      vertex -28.588102839887142 30.971108362078667 1
    endloop
  endfacet
  facet normal -0.14673047607854245 0.9891765097240048 0
    outer loop
      vertex -29.170541934669018 30.88471168279648 0
      vertex -28.588102839887142 30.971108362078667 1
      vertex -28.588102839887142 30.971108362078667 0.99
    endloop
  endfacet
  facet normal -0.04906767103583848 0.9987954563668773 0
    outer loop
      vertex -28 31 0
      vertex -28.588102839887142 30.971108362078667 0.99
      vertex -28 31 0.99
    endloop
  endfacet
  facet normal -0.049067671035838485 0.9987954563668773 0
    outer loop
      vertex -28.588102839887142 30.971108362078667 0.99
      vertex -28.588102839887142 30.971108362078667 1
      vertex -28 31 1
    endloop
  endfacet
  facet normal -0.049067671035838485 0.9987954563668773 0
    outer loop
      vertex -28.588102839887142 30.971108362078667 0.99
      vertex -28 31 1
      vertex -28 31 0.99
    endloop
  endfacet
  facet normal 0 0 -1
    outer loop
      vertex 28 31 0
      vertex -29.166629138560253 -24.308185964657266 0
      vertex -27.3 26 0
    endloop
  endfacet
  facet normal 0 0 -1
    outer loop
      vertex -32.24264068901539 29.24264068901539 0
      vertex 28 31 0
      vertex -29.166629138560253 27.69181403534273 0
    endloop
  endfacet
  facet normal 0 0 -1
    outer loop
      vertex -32.24264068901539 29.24264068901539 0
      vertex -28 31 0
      vertex 28 31 0
    endloop
  endfacet
  facet normal 0 0 -1
    outer loop
      vertex 28 31 0
      vertex -29 27.700000000000003 0
      vertex -29.166629138560253 27.69181403534273 0
    endloop
  endfacet
  facet normal 0 0 -1
    outer loop
      vertex 28 31 0
      vertex -28.833370861439747 27.69181403534273 0
      vertex -29 27.700000000000003 0
    endloop
  endfacet
  facet normal 0 0 -1
    outer loop
      vertex 28 31 0
      vertex -28.66834645257258 27.667334976685495 0
      vertex -28.833370861439747 27.69181403534273 0
    endloop
  endfacet
  facet normal 0 0 -1
    outer loop
      vertex 28 31 0
      vertex -28.506516048667415 27.626798570744754 0
      vertex -28.66834645257258 27.667334976685495 0
    endloop
  endfacet
  facet normal 0 0 -1
    outer loop
      vertex 28 31 0
      vertex -28.349438164979347 27.570595205269186 0
      vertex -28.506516048667415 27.626798570744754 0
    endloop
  endfacet
  facet normal 0 0 -1
    outer loop
      vertex 28 31 0
      vertex -27.3 26 0
      vertex -27.308185964657266 26.166629138560253 0
    endloop
  endfacet
  facet normal 0 0 -1
    outer loop
      vertex 28 31 0
      vertex -27.308185964657266 26.166629138560253 0
      vertex -27.332665023314508 26.331653547427422 0
    endloop
  endfacet
  facet normal 0 0 -1
    outer loop
      vertex 28 31 0
      vertex -27.332665023314508 26.331653547427422 0
      vertex -27.373201429255246 26.493483951332585 0
    endloop
  endfacet
  facet normal 0 0 -1
    outer loop
      vertex 28 31 0
      vertex -27.373201429255246 26.493483951332585 0
      vertex -27.429404794730814 26.650561835020653 0
    endloop
  endfacet
  facet normal 0 0 -1
    outer loop
      vertex 28 31 0
      vertex -27.921531416921802 27.31411777071665 0
      vertex -28.055530603866675 27.41349834091433 0
    endloop
  endfacet
  facet normal 0 0 -1
    outer loop
      vertex 28 31 0
      vertex -27.797918471982868 27.202081528017132 0
      vertex -27.921531416921802 27.31411777071665 0
    endloop
  endfacet
  facet normal 0 0 -1
    outer loop
      vertex 28 31 0
      vertex -27.685882229283347 27.078468583078198 0
      vertex -27.797918471982868 27.202081528017132 0
    endloop
  endfacet
  facet normal 0 0 -1
    outer loop
      vertex 28 31 0
      vertex -27.586501659085673 26.94446939613333 0
      vertex -27.685882229283347 27.078468583078198 0
    endloop
  endfacet
  facet normal 0 0 -1
    outer loop
      vertex 28 31 0
      vertex -28.198625547395803 27.4992661493922 0
      vertex -28.349438164979347 27.570595205269186 0
    endloop
  endfacet
  facet normal 0 0 -1
    outer loop
      vertex 28 31 0
      vertex -28.055530603866675 27.41349834091433 0
      vertex -28.198625547395803 27.4992661493922 0
    endloop
  endfacet
  facet normal 0 0 -1
    outer loop
      vertex 28 31 0
      vertex -27.429404794730814 26.650561835020653 0
      vertex -27.500733850607798 26.801374452604193 0
    endloop
  endfacet
  facet normal 0 0 -1
    outer loop
      vertex 28 31 0
      vertex -27.500733850607798 26.801374452604193 0
      vertex -27.586501659085673 26.94446939613333 0
    endloop
  endfacet
  facet normal 0 1 0
    outer loop
      vertex -28 31 0
      vertex -28 31 0.99
      vertex 28 31 0
    endloop
  endfacet
  facet normal 0 1 0
    outer loop
      vertex -28 31 0.99
      vertex -28 31 1
      vertex 28 31 0
    endloop
  endfacet
  facet normal -0.9914448620347796 0 0.1305261871994921
    outer loop
      vertex -34 -25 1
      vertex -33.965925827622414 24.999163553118706 1.2588190451025207
      vertex -34 25 1
    endloop
  endfacet
  facet normal -0.9238795298353725 0 0.38268343882531847
    outer loop
      vertex -33.965925827622414 -24.999163553118706 1.2588190451025207
      vertex -33.866025403141975 24.996711134910583 1.5
      vertex -33.965925827622414 24.999163553118706 1.2588190451025207
    endloop
  endfacet
  facet normal 0 0 1
    outer loop
      vertex -32.97472344338894 -25.489967472851276 2
      vertex -32.05989090656813 23.955446261867664 2
      vertex -32.24555800616158 24.265213103332385 2
    endloop
  endfacet
  facet normal 0 0 1
    outer loop
      vertex -32.97472344338894 -25.489967472851276 2
      vertex -31.844755384837892 23.66536959056792 2
      vertex -32.05989090656813 23.955446261867664 2
    endloop
  endfacet
  facet normal 0 0 1
    outer loop
      vertex -28.28204820300831 -22.390612577540946 2
      vertex -30.408313109057 22.600031392046773 2
      vertex -30.734786896667615 22.75444199383842 2
    endloop
  endfacet
  facet normal 0 0 1
    outer loop
      vertex -28.28204820300831 -22.390612577540946 2
      vertex -30.06827649634391 22.47836434656162 2
      vertex -30.408313109057 22.600031392046773 2
    endloop
  endfacet
  facet normal 0 0 1
    outer loop
      vertex -28.28204820300831 -22.390612577540946 2
      vertex -29.71795179699169 22.39061257754095 2
      vertex -30.06827649634391 22.47836434656162 2
    endloop
  endfacet
  facet normal 0 0 1
    outer loop
      vertex -28.28204820300831 -22.390612577540946 2
      vertex -29.36071282936207 22.337621182490423 2
      vertex -29.71795179699169 22.39061257754095 2
    endloop
  endfacet
  facet normal 0 0 1
    outer loop
      vertex -28.28204820300831 -22.390612577540946 2
      vertex -29 22.319900497512435 2
      vertex -29.36071282936207 22.337621182490423 2
    endloop
  endfacet
  facet normal 0 0 1
    outer loop
      vertex -28.28204820300831 -22.390612577540946 2
      vertex -28.63928717063793 22.337621182490423 2
      vertex -29 22.319900497512435 2
    endloop
  endfacet
  facet normal 0 0 1
    outer loop
      vertex -28.28204820300831 -22.390612577540946 2
      vertex -28.28204820300831 22.39061257754095 2
      vertex -28.63928717063793 22.337621182490423 2
    endloop
  endfacet
  facet normal 0 0 1
    outer loop
      vertex -27.93172350365609 -22.47836434656162 2
      vertex -27.93172350365609 22.47836434656162 2
      vertex -28.28204820300831 22.39061257754095 2
    endloop
  endfacet
  facet normal 0 0 1
    outer loop
      vertex -27.591686890943 -22.600031392046773 2
      vertex -27.591686890943 22.600031392046773 2
      vertex -27.93172350365609 22.47836434656162 2
    endloop
  endfacet
  facet normal 0 0 1
    outer loop
      vertex -27.265213103332385 -22.75444199383842 2
      vertex -27.265213103332385 22.75444199383842 2
      vertex -27.591686890943 22.600031392046773 2
    endloop
  endfacet
  facet normal 0 0 1
    outer loop
      vertex -26.955446261867664 -22.94010909343188 2
      vertex -26.955446261867664 22.94010909343188 2
      vertex -27.265213103332385 22.75444199383842 2
    endloop
  endfacet
  facet normal 0 0 1
    outer loop
      vertex -26.955446261867664 -22.94010909343188 2
      vertex -26.665369590567916 23.155244615162104 2
      vertex -26.955446261867664 22.94010909343188 2
    endloop
  endfacet
  facet normal -0.7933533466591597 0 0.6087614207098798
    outer loop
      vertex -33.70710678398609 -24.99280981719494 1.7071067811865475
      vertex -33.70710678398609 24.99280981719494 1.7071067811865475
      vertex -33.866025403141975 24.996711134910583 1.5
    endloop
  endfacet
  facet normal -0.6087614238293926 0 0.7933533442654733
    outer loop
      vertex -33.5 -24.987725749611855 1.8660254037844386
      vertex -33.5 24.987725749611855 1.8660254037844386
      vertex -33.70710678398609 24.99280981719494 1.7071067811865475
    endloop
  endfacet
  facet normal -0.3826834303793597 0 0.923879533333803
    outer loop
      vertex -33.25881904363632 -24.981805101037025 1.9659258262890682
      vertex -33.25881904363632 24.981805101037025 1.9659258262890682
      vertex -33.5 24.987725749611855 1.8660254037844386
    endloop
  endfacet
  facet normal -0.13052619294687953 0 0.9914448612781217
    outer loop
      vertex -33.25881904363632 -24.981805101037025 1.9659258262890682
      vertex -33 24.97545136511326 2
      vertex -33.25881904363632 24.981805101037025 1.9659258262890682
    endloop
  endfacet
  facet normal 0 0 1
    outer loop
      vertex -32.97472344338894 -25.489967472851276 2
      vertex -32.24555800616158 24.265213103332385 2
      vertex -32.39996860795323 24.591686890942995 2
    endloop
  endfacet
  facet normal 0 0 1
    outer loop
      vertex -32.97472344338894 -25.489967472851276 2
      vertex -32.39996860795323 24.591686890942995 2
      vertex -32.52163565343838 24.931723503656087 2
    endloop
  endfacet
  facet normal 0 0 1
    outer loop
      vertex -32.97472344338894 -25.489967472851276 2
      vertex -32.60938742245905 25.28204820300831 2
      vertex -33 24.97545136511326 2
    endloop
  endfacet
  facet normal 0 0 1
    outer loop
      vertex -32.97472344338894 -25.489967472851276 2
      vertex -32.52163565343838 24.931723503656087 2
      vertex -32.60938742245905 25.28204820300831 2
    endloop
  endfacet
  facet normal 0 0 1
    outer loop
      vertex -30.734786896667615 -22.75444199383842 2
      vertex -31.602223313650192 23.397776686349808 2
      vertex -31.844755384837892 23.66536959056792 2
    endloop
  endfacet
  facet normal 0 0 1
    outer loop
      vertex -30.06827649634391 -22.478364346561616 2
      vertex -31.334630409432084 23.155244615162104 2
      vertex -31.602223313650192 23.397776686349808 2
    endloop
  endfacet
  facet normal 0 0 1
    outer loop
      vertex -28.28204820300831 -22.390612577540946 2
      vertex -31.044553738132336 22.94010909343188 2
      vertex -31.334630409432084 23.155244615162104 2
    endloop
  endfacet
  facet normal 0 0 1
    outer loop
      vertex -28.28204820300831 -22.390612577540946 2
      vertex -30.734786896667615 22.75444199383842 2
      vertex -31.044553738132336 22.94010909343188 2
    endloop
  endfacet
  facet normal 0 0 1
    outer loop
      vertex -26.955446261867664 -22.94010909343188 2
      vertex -26.397776686349808 23.397776686349808 2
      vertex -26.665369590567916 23.155244615162104 2
    endloop
  endfacet
  facet normal 0 0 1
    outer loop
      vertex -26.955446261867664 -22.94010909343188 2
      vertex -26.155244615162108 23.66536959056792 2
      vertex -26.397776686349808 23.397776686349808 2
    endloop
  endfacet
  facet normal 0 0 1
    outer loop
      vertex -26.955446261867664 -22.94010909343188 2
      vertex -25.94010909343188 23.955446261867664 2
      vertex -26.155244615162108 23.66536959056792 2
    endloop
  endfacet
  facet normal 0 0 1
    outer loop
      vertex -26.955446261867664 -22.94010909343188 2
      vertex -25.75444199383842 24.265213103332385 2
      vertex -25.94010909343188 23.955446261867664 2
    endloop
  endfacet
  facet normal 0 0 1
    outer loop
      vertex -26.955446261867664 -22.94010909343188 2
      vertex -25.600031392046773 24.591686890942995 2
      vertex -25.75444199383842 24.265213103332385 2
    endloop
  endfacet
  facet normal 0 0 1
    outer loop
      vertex -26.955446261867664 -22.94010909343188 2
      vertex -25.478364346561616 24.931723503656087 2
      vertex -25.600031392046773 24.591686890942995 2
    endloop
  endfacet
  facet normal 0 0 1
    outer loop
      vertex -26.955446261867664 -22.94010909343188 2
      vertex -25.390612577540946 25.28204820300831 2
      vertex -25.478364346561616 24.931723503656087 2
    endloop
  endfacet
  facet normal -0.9902506240956453 0.04864789037277225 0.13052618220289663
    outer loop
      vertex -34 25 1
      vertex -33.965925827622414 24.999163553118706 1.2588190451025207
      vertex -33.97110836207867 25.588102839887142 1
    endloop
  endfacet
  facet normal -0.9807139685266514 0.1454751766587561 0.13052618477841837
    outer loop
      vertex -33.97110836207867 25.588102839887142 1
      vertex -33.93715737015009 25.58475896716118 1.2588190451025207
      vertex -33.88471168279648 26.170541934669018 1
    endloop
  endfacet
  facet normal -0.9617325015341801 0.24090145496416637 0.13052618315478345
    outer loop
      vertex -33.88471168279648 26.170541934669018 1
      vertex -33.70899574458599 26.73180490732193 1.2588190451025207
      vertex -33.74164201319218 26.74170806258917 1
    endloop
  endfacet
  facet normal -0.9334890271338551 0.33400770960138765 0.13052618950817413
    outer loop
      vertex -33.74164201319218 26.74170806258917 1
      vertex -33.70899574458599 26.73180490732193 1.2588190451025207
      vertex -33.54327719658613 27.296100594103336 1
    endloop
  endfacet
  facet normal -0.9902506232416112 0.04864789282588675 0.13052618776782499
    outer loop
      vertex -33.97110836207867 25.588102839887142 1
      vertex -33.965925827622414 24.999163553118706 1.2588190451025207
      vertex -33.93715737015009 25.58475896716118 1.2588190451025207
    endloop
  endfacet
  facet normal -0.9807139654324291 0.14547518335584783 0.13052620056288625
    outer loop
      vertex -33.88471168279648 26.170541934669018 1
      vertex -33.93715737015009 25.58475896716118 1.2588190451025207
      vertex -33.8512519299984 26.16388636827469 1.2588190451025207
    endloop
  endfacet
  facet normal -0.9617325011557026 0.24090144553312953 0.13052620334953857
    outer loop
      vertex -33.88471168279648 26.170541934669018 1
      vertex -33.8512519299984 26.16388636827469 1.2588190451025207
      vertex -33.70899574458599 26.73180490732193 1.2588190451025207
    endloop
  endfacet
  facet normal -0.9334890228418522 0.33400771549840413 0.1305262051133838
    outer loop
      vertex -33.54327719658613 27.296100594103336 1
      vertex -33.70899574458599 26.73180490732193 1.2588190451025207
      vertex -33.51175881177187 27.283045202493668 1.2588190451025207
    endloop
  endfacet
  facet normal -0.896255534011969 0.4238973035844082 0.13052621869489803
    outer loop
      vertex -33.54327719658613 27.296100594103336 1
      vertex -33.261440582573414 27.812298625707626 1.2588190451025207
      vertex -33.29152758419514 27.828380420804024 1
    endloop
  endfacet
  facet normal -0.8503906267535873 0.5097045141593146 0.13052620493700767
    outer loop
      vertex -33.29152758419514 27.828380420804024 1
      vertex -33.261440582573414 27.812298625707626 1.2588190451025207
      vertex -32.98881767690182 28.333421401679516 1
    endloop
  endfacet
  facet normal -0.7963359762895988 0.5906030125990441 0.13052622102790204
    outer loop
      vertex -32.98881767690182 28.333421401679516 1
      vertex -32.611691273748875 28.784717187285423 1.2588190451025207
      vertex -32.638062722980976 28.806359708309174 1
    endloop
  endfacet
  facet normal -0.7346121823507129 0.665813675514368 0.13052620824941985
    outer loop
      vertex -32.638062722980976 28.806359708309174 1
      vertex -32.21851754933596 29.218517549335957 1.2588190451025207
      vertex -32.24264068901539 29.24264068901539 1
    endloop
  endfacet
  facet normal -0.665813675514368 0.7346121823507129 0.13052620824941985
    outer loop
      vertex -32.24264068901539 29.24264068901539 1
      vertex -32.21851754933596 29.218517549335957 1.2588190451025207
      vertex -31.806359708309174 29.638062722980976 1
    endloop
  endfacet
  facet normal -0.5906030125990441 0.7963359762895988 0.13052622102790204
    outer loop
      vertex -31.806359708309174 29.638062722980976 1
      vertex -31.784717187285423 29.611691273748875 1.2588190451025207
      vertex -31.333421401679516 29.988817676901817 1
    endloop
  endfacet
  facet normal -0.5097045141593146 0.8503906267535873 0.13052620493700767
    outer loop
      vertex -31.333421401679516 29.988817676901817 1
      vertex -30.812298625707626 30.261440582573414 1.2588190451025207
      vertex -30.828380420804024 30.291527584195137 1
    endloop
  endfacet
  facet normal -0.4238973035844082 0.896255534011969 0.13052621869489803
    outer loop
      vertex -30.828380420804024 30.291527584195137 1
      vertex -30.812298625707626 30.261440582573414 1.2588190451025207
      vertex -30.296100594103336 30.543277196586132 1
    endloop
  endfacet
  facet normal -0.33400770960138765 0.9334890271338551 0.13052618950817413
    outer loop
      vertex -30.296100594103336 30.543277196586132 1
      vertex -29.73180490732193 30.70899574458599 1.2588190451025207
      vertex -29.74170806258917 30.741642013192177 1
    endloop
  endfacet
  facet normal -0.8962555342418825 0.42389730212486026 0.13052622185623336
    outer loop
      vertex -33.54327719658613 27.296100594103336 1
      vertex -33.51175881177187 27.283045202493668 1.2588190451025207
      vertex -33.261440582573414 27.812298625707626 1.2588190451025207
    endloop
  endfacet
  facet normal -0.8503906230357933 0.5097045175902238 0.13052621576109788
    outer loop
      vertex -32.98881767690182 28.333421401679516 1
      vertex -33.261440582573414 27.812298625707626 1.2588190451025207
      vertex -32.96045187115669 28.31446795910597 1.2588190451025207
    endloop
  endfacet
  facet normal -0.7963359762939406 0.5906030125872446 0.130526221054803
    outer loop
      vertex -32.98881767690182 28.333421401679516 1
      vertex -32.96045187115669 28.31446795910597 1.2588190451025207
      vertex -32.611691273748875 28.784717187285423 1.2588190451025207
    endloop
  endfacet
  facet normal -0.7346121868195614 0.6658136662811719 0.13052623019686965
    outer loop
      vertex -32.638062722980976 28.806359708309174 1
      vertex -32.611691273748875 28.784717187285423 1.2588190451025207
      vertex -32.21851754933596 29.218517549335957 1.2588190451025207
    endloop
  endfacet
  facet normal -0.6658136662811719 0.7346121868195614 0.13052623019686965
    outer loop
      vertex -31.806359708309174 29.638062722980976 1
      vertex -32.21851754933596 29.218517549335957 1.2588190451025207
      vertex -31.784717187285423 29.611691273748875 1.2588190451025207
    endloop
  endfacet
  facet normal -0.5906030125872446 0.7963359762939406 0.130526221054803
    outer loop
      vertex -31.333421401679516 29.988817676901817 1
      vertex -31.784717187285423 29.611691273748875 1.2588190451025207
      vertex -31.31446795910597 29.960451871156693 1.2588190451025207
    endloop
  endfacet
  facet normal -0.5097045175902238 0.8503906230357933 0.13052621576109788
    outer loop
      vertex -31.333421401679516 29.988817676901817 1
      vertex -31.31446795910597 29.960451871156693 1.2588190451025207
      vertex -30.812298625707626 30.261440582573414 1.2588190451025207
    endloop
  endfacet
  facet normal -0.42389730212486026 0.8962555342418825 0.13052622185623336
    outer loop
      vertex -30.296100594103336 30.543277196586132 1
      vertex -30.812298625707626 30.261440582573414 1.2588190451025207
      vertex -30.283045202493668 30.51175881177187 1.2588190451025207
    endloop
  endfacet
  facet normal -0.33400771549840413 0.9334890228418522 0.1305262051133838
    outer loop
      vertex -30.296100594103336 30.543277196586132 1
      vertex -30.283045202493668 30.51175881177187 1.2588190451025207
      vertex -29.73180490732193 30.70899574458599 1.2588190451025207
    endloop
  endfacet
  facet normal -0.24090145496416637 0.9617325015341801 0.13052618315478345
    outer loop
      vertex -29.74170806258917 30.741642013192177 1
      vertex -29.73180490732193 30.70899574458599 1.2588190451025207
      vertex -29.170541934669018 30.88471168279648 1
    endloop
  endfacet
  facet normal -0.1454751766587561 0.9807139685266514 0.13052618477841837
    outer loop
      vertex -29.170541934669018 30.88471168279648 1
      vertex -28.58475896716118 30.93715737015009 1.2588190451025207
      vertex -28.588102839887142 30.971108362078667 1
    endloop
  endfacet
  facet normal -0.04864789037277225 0.9902506240956453 0.13052618220289663
    outer loop
      vertex -28.588102839887142 30.971108362078667 1
      vertex -27.999163553118706 30.965925827622414 1.2588190451025207
      vertex -28 31 1
    endloop
  endfacet
  facet normal -0.24090144553312953 0.9617325011557026 0.13052620334953857
    outer loop
      vertex -29.170541934669018 30.88471168279648 1
      vertex -29.73180490732193 30.70899574458599 1.2588190451025207
      vertex -29.16388636827469 30.851251929998398 1.2588190451025207
    endloop
  endfacet
  facet normal -0.14547518335584783 0.9807139654324291 0.13052620056288625
    outer loop
      vertex -29.170541934669018 30.88471168279648 1
      vertex -29.16388636827469 30.851251929998398 1.2588190451025207
      vertex -28.58475896716118 30.93715737015009 1.2588190451025207
    endloop
  endfacet
  facet normal -0.04864789282588675 0.9902506232416112 0.13052618776782499
    outer loop
      vertex -28.588102839887142 30.971108362078667 1
      vertex -28.58475896716118 30.93715737015009 1.2588190451025207
      vertex -27.999163553118706 30.965925827622414 1.2588190451025207
    endloop
  endfacet
  facet normal -0.9227666764842557 0.045332619164585884 0.38268343890202466
    outer loop
      vertex -33.965925827622414 24.999163553118706 1.2588190451025207
      vertex -33.866025403141975 24.996711134910583 1.5
      vertex -33.93715737015009 25.58475896716118 1.2588190451025207
    endloop
  endfacet
  facet normal -0.9138799291030144 0.13556128997599173 0.38268343554786166
    outer loop
      vertex -33.93715737015009 25.58475896716118 1.2588190451025207
      vertex -33.753152906894684 26.14437321573496 1.5
      vertex -33.8512519299984 26.16388636827469 1.2588190451025207
    endloop
  endfacet
  facet normal -0.896192015094252 0.22448440876440828 0.38268344921488107
    outer loop
      vertex -33.8512519299984 26.16388636827469 1.2588190451025207
      vertex -33.753152906894684 26.14437321573496 1.5
      vertex -33.70899574458599 26.73180490732193 1.2588190451025207
    endloop
  endfacet
  facet normal -0.8698732869942312 0.3112456410869372 0.382683440297896
    outer loop
      vertex -33.70899574458599 26.73180490732193 1.2588190451025207
      vertex -33.419351540505886 27.244768872857094 1.5
      vertex -33.51175881177187 27.283045202493668 1.2588190451025207
    endloop
  endfacet
  facet normal -0.9227666718660146 0.04533262405301411 0.38268344945893223
    outer loop
      vertex -33.93715737015009 25.58475896716118 1.2588190451025207
      vertex -33.866025403141975 24.996711134910583 1.5
      vertex -33.837618090212345 25.574955217540264 1.5
    endloop
  endfacet
  facet normal -0.9138799259286667 0.135561284888474 0.38268344493066414
    outer loop
      vertex -33.93715737015009 25.58475896716118 1.2588190451025207
      vertex -33.837618090212345 25.574955217540264 1.5
      vertex -33.753152906894684 26.14437321573496 1.5
    endloop
  endfacet
  facet normal -0.8961920052274857 0.22448441581217324 0.38268346818722854
    outer loop
      vertex -33.70899574458599 26.73180490732193 1.2588190451025207
      vertex -33.753152906894684 26.14437321573496 1.5
      vertex -33.613281689584255 26.70277040451765 1.5
    endloop
  endfacet
  facet normal -0.8698732833473537 0.3112456314418818 0.3826834564321259
    outer loop
      vertex -33.70899574458599 26.73180490732193 1.2588190451025207
      vertex -33.613281689584255 26.70277040451765 1.5
      vertex -33.419351540505886 27.244768872857094 1.5
    endloop
  endfacet
  facet normal -0.8351772027760741 0.39500940248299693 0.3826834356399007
    outer loop
      vertex -33.51175881177187 27.283045202493668 1.2588190451025207
      vertex -33.419351540505886 27.244768872857094 1.5
      vertex -33.261440582573414 27.812298625707626 1.2588190451025207
    endloop
  endfacet
  facet normal -0.7924379135267141 0.474969000707498 0.38268342212898226
    outer loop
      vertex -33.261440582573414 27.812298625707626 1.2588190451025207
      vertex -32.87728752940893 28.258899331092834 1.5
      vertex -32.96045187115669 28.31446795910597 1.2588190451025207
    endloop
  endfacet
  facet normal -0.7420670033042701 0.5503543990725333 0.38268341749876145
    outer loop
      vertex -32.96045187115669 28.31446795910597 1.2588190451025207
      vertex -32.534374080598354 28.721264593303204 1.5
      vertex -32.611691273748875 28.784717187285423 1.2588190451025207
    endloop
  endfacet
  facet normal -0.6845495872545265 0.6204395715438226 0.3826834209267175
    outer loop
      vertex -32.611691273748875 28.784717187285423 1.2588190451025207
      vertex -32.534374080598354 28.721264593303204 1.5
      vertex -32.21851754933596 29.218517549335957 1.2588190451025207
    endloop
  endfacet
  facet normal -0.6204395715438226 0.6845495872545265 0.3826834209267175
    outer loop
      vertex -32.21851754933596 29.218517549335957 1.2588190451025207
      vertex -31.721264593303204 29.534374080598354 1.5
      vertex -31.784717187285423 29.611691273748875 1.2588190451025207
    endloop
  endfacet
  facet normal -0.5503543990725333 0.7420670033042701 0.38268341749876145
    outer loop
      vertex -31.784717187285423 29.611691273748875 1.2588190451025207
      vertex -31.721264593303204 29.534374080598354 1.5
      vertex -31.31446795910597 29.960451871156693 1.2588190451025207
    endloop
  endfacet
  facet normal -0.474969000707498 0.7924379135267141 0.38268342212898226
    outer loop
      vertex -31.31446795910597 29.960451871156693 1.2588190451025207
      vertex -31.258899331092834 29.87728752940893 1.5
      vertex -30.812298625707626 30.261440582573414 1.2588190451025207
    endloop
  endfacet
  facet normal -0.39500940248299693 0.8351772027760741 0.3826834356399007
    outer loop
      vertex -30.812298625707626 30.261440582573414 1.2588190451025207
      vertex -30.244768872857094 30.419351540505886 1.5
      vertex -30.283045202493668 30.51175881177187 1.2588190451025207
    endloop
  endfacet
  facet normal -0.3112456410869372 0.8698732869942312 0.382683440297896
    outer loop
      vertex -30.283045202493668 30.51175881177187 1.2588190451025207
      vertex -30.244768872857094 30.419351540505886 1.5
      vertex -29.73180490732193 30.70899574458599 1.2588190451025207
    endloop
  endfacet
  facet normal -0.8351772008510675 0.395009403351684 0.3826834389444128
    outer loop
      vertex -33.261440582573414 27.812298625707626 1.2588190451025207
      vertex -33.419351540505886 27.244768872857094 1.5
      vertex -33.173230022192 27.76514909416437 1.5
    endloop
  endfacet
  facet normal -0.7924379116036692 0.4749689891688649 0.3826834404323266
    outer loop
      vertex -33.261440582573414 27.812298625707626 1.2588190451025207
      vertex -33.173230022192 27.76514909416437 1.5
      vertex -32.87728752940893 28.258899331092834 1.5
    endloop
  endfacet
  facet normal -0.7420670031998267 0.5503543975152803 0.3826834199408454
    outer loop
      vertex -32.96045187115669 28.31446795910597 1.2588190451025207
      vertex -32.87728752940893 28.258899331092834 1.5
      vertex -32.534374080598354 28.721264593303204 1.5
    endloop
  endfacet
  facet normal -0.6845495645999049 0.6204395744913579 0.38268345667282677
    outer loop
      vertex -32.21851754933596 29.218517549335957 1.2588190451025207
      vertex -32.534374080598354 28.721264593303204 1.5
      vertex -32.14779208600521 29.14779208600521 1.5
    endloop
  endfacet
  facet normal -0.6204395744913579 0.6845495645999049 0.38268345667282677
    outer loop
      vertex -32.21851754933596 29.218517549335957 1.2588190451025207
      vertex -32.14779208600521 29.14779208600521 1.5
      vertex -31.721264593303204 29.534374080598354 1.5
    endloop
  endfacet
  facet normal -0.5503543975152803 0.7420670031998267 0.3826834199408454
    outer loop
      vertex -31.31446795910597 29.960451871156693 1.2588190451025207
      vertex -31.721264593303204 29.534374080598354 1.5
      vertex -31.258899331092834 29.87728752940893 1.5
    endloop
  endfacet
  facet normal -0.4749689891688649 0.7924379116036692 0.3826834404323266
    outer loop
      vertex -30.812298625707626 30.261440582573414 1.2588190451025207
      vertex -31.258899331092834 29.87728752940893 1.5
      vertex -30.76514909416437 30.173230022192 1.5
    endloop
  endfacet
  facet normal -0.395009403351684 0.8351772008510675 0.3826834389444128
    outer loop
      vertex -30.812298625707626 30.261440582573414 1.2588190451025207
      vertex -30.76514909416437 30.173230022192 1.5
      vertex -30.244768872857094 30.419351540505886 1.5
    endloop
  endfacet
  facet normal -0.3112456314418818 0.8698732833473537 0.3826834564321259
    outer loop
      vertex -29.73180490732193 30.70899574458599 1.2588190451025207
      vertex -30.244768872857094 30.419351540505886 1.5
      vertex -29.70277040451765 30.613281689584255 1.5
    endloop
  endfacet
  facet normal -0.22448440876440828 0.896192015094252 0.38268344921488107
    outer loop
      vertex -29.73180490732193 30.70899574458599 1.2588190451025207
      vertex -29.14437321573496 30.753152906894684 1.5
      vertex -29.16388636827469 30.851251929998398 1.2588190451025207
    endloop
  endfacet
  facet normal -0.13556128997599173 0.9138799291030144 0.38268343554786166
    outer loop
      vertex -29.16388636827469 30.851251929998398 1.2588190451025207
      vertex -29.14437321573496 30.753152906894684 1.5
      vertex -28.58475896716118 30.93715737015009 1.2588190451025207
    endloop
  endfacet
  facet normal -0.045332619164585884 0.9227666764842557 0.38268343890202466
    outer loop
      vertex -28.58475896716118 30.93715737015009 1.2588190451025207
      vertex -27.996711134910583 30.866025403141975 1.5
      vertex -27.999163553118706 30.965925827622414 1.2588190451025207
    endloop
  endfacet
  facet normal -0.22448441581217324 0.8961920052274857 0.38268346818722854
    outer loop
      vertex -29.73180490732193 30.70899574458599 1.2588190451025207
      vertex -29.70277040451765 30.613281689584255 1.5
      vertex -29.14437321573496 30.753152906894684 1.5
    endloop
  endfacet
  facet normal -0.135561284888474 0.9138799259286667 0.38268344493066414
    outer loop
      vertex -28.58475896716118 30.93715737015009 1.2588190451025207
      vertex -29.14437321573496 30.753152906894684 1.5
      vertex -28.574955217540264 30.837618090212345 1.5
    endloop
  endfacet
  facet normal -0.04533262405301411 0.9227666718660146 0.38268344945893223
    outer loop
      vertex -28.58475896716118 30.93715737015009 1.2588190451025207
      vertex -28.574955217540264 30.837618090212345 1.5
      vertex -27.996711134910583 30.866025403141975 1.5
    endloop
  endfacet
  facet normal -0.7923977099882388 0.0389280070277418 0.6087614306723474
    outer loop
      vertex -33.866025403141975 24.996711134910583 1.5
      vertex -33.70710678398609 24.99280981719494 1.7071067811865475
      vertex -33.837618090212345 25.574955217540264 1.5
    endloop
  endfacet
  facet normal -0.7847664823798011 0.11640911422877413 0.6087614362438752
    outer loop
      vertex -33.837618090212345 25.574955217540264 1.5
      vertex -33.597099877893925 26.113332390785217 1.7071067811865475
      vertex -33.753152906894684 26.14437321573496 1.5
    endloop
  endfacet
  facet normal -0.7695775447094283 0.1927691438202581 0.6087614145704477
    outer loop
      vertex -33.753152906894684 26.14437321573496 1.5
      vertex -33.46102266013622 26.656583100557327 1.7071067811865475
      vertex -33.613281689584255 26.70277040451765 1.5
    endloop
  endfacet
  facet normal -0.7469771359461497 0.267272687644287 0.6087614219159151
    outer loop
      vertex -33.613281689584255 26.70277040451765 1.5
      vertex -33.46102266013622 26.656583100557327 1.7071067811865475
      vertex -33.419351540505886 27.244768872857094 1.5
    endloop
  endfacet
  facet normal -0.7923977066129553 0.038928009295884136 0.6087614349207645
    outer loop
      vertex -33.837618090212345 25.574955217540264 1.5
      vertex -33.70710678398609 24.99280981719494 1.7071067811865475
      vertex -33.67927397042513 25.559359662234783 1.7071067811865475
    endloop
  endfacet
  facet normal -0.7847664800973513 0.11640911190637462 0.6087614396303223
    outer loop
      vertex -33.837618090212345 25.574955217540264 1.5
      vertex -33.67927397042513 25.559359662234783 1.7071067811865475
      vertex -33.597099877893925 26.113332390785217 1.7071067811865475
    endloop
  endfacet
  facet normal -0.7695775390006885 0.19276913673976268 0.6087614240293567
    outer loop
      vertex -33.753152906894684 26.14437321573496 1.5
      vertex -33.597099877893925 26.113332390785217 1.7071067811865475
      vertex -33.46102266013622 26.656583100557327 1.7071067811865475
    endloop
  endfacet
  facet normal -0.7469771299317352 0.2672726895258703 0.6087614284697704
    outer loop
      vertex -33.46102266013622 26.656583100557327 1.7071067811865475
      vertex -33.272352799773216 27.183880038559437 1.7071067811865475
      vertex -33.419351540505886 27.244768872857094 1.5
    endloop
  endfacet
  facet normal -0.7171829295419561 0.3392022684571571 0.6087614201369337
    outer loop
      vertex -33.419351540505886 27.244768872857094 1.5
      vertex -33.272352799773216 27.183880038559437 1.7071067811865475
      vertex -33.173230022192 27.76514909416437 1.5
    endloop
  endfacet
  facet normal -0.6804818702113378 0.4078651226919937 0.6087614196096243
    outer loop
      vertex -33.173230022192 27.76514909416437 1.5
      vertex -32.744992196559906 28.170502357184887 1.7071067811865475
      vertex -32.87728752940893 28.258899331092834 1.5
    endloop
  endfacet
  facet normal -0.6372273768696601 0.4726000314865183 0.6087614314382555
    outer loop
      vertex -32.87728752940893 28.258899331092834 1.5
      vertex -32.744992196559906 28.170502357184887 1.7071067811865475
      vertex -32.534374080598354 28.721264593303204 1.5
    endloop
  endfacet
  facet normal -0.5878360482375521 0.5327835506729921 0.6087614216790824
    outer loop
      vertex -32.534374080598354 28.721264593303204 1.5
      vertex -32.035284131765366 29.035284131765366 1.7071067811865475
      vertex -32.14779208600521 29.14779208600521 1.5
    endloop
  endfacet
  facet normal -0.5327835506729921 0.5878360482375521 0.6087614216790824
    outer loop
      vertex -32.14779208600521 29.14779208600521 1.5
      vertex -32.035284131765366 29.035284131765366 1.7071067811865475
      vertex -31.721264593303204 29.534374080598354 1.5
    endloop
  endfacet
  facet normal -0.4726000314865183 0.6372273768696601 0.6087614314382555
    outer loop
      vertex -31.721264593303204 29.534374080598354 1.5
      vertex -31.170502357184887 29.744992196559906 1.7071067811865475
      vertex -31.258899331092834 29.87728752940893 1.5
    endloop
  endfacet
  facet normal -0.4078651226919937 0.6804818702113378 0.6087614196096243
    outer loop
      vertex -31.258899331092834 29.87728752940893 1.5
      vertex -31.170502357184887 29.744992196559906 1.7071067811865475
      vertex -30.76514909416437 30.173230022192 1.5
    endloop
  endfacet
  facet normal -0.3392022684571571 0.7171829295419561 0.6087614201369337
    outer loop
      vertex -30.76514909416437 30.173230022192 1.5
      vertex -30.183880038559437 30.272352799773216 1.7071067811865475
      vertex -30.244768872857094 30.419351540505886 1.5
    endloop
  endfacet
  facet normal -0.267272687644287 0.7469771359461497 0.6087614219159151
    outer loop
      vertex -30.244768872857094 30.419351540505886 1.5
      vertex -29.656583100557327 30.461022660136223 1.7071067811865475
      vertex -29.70277040451765 30.613281689584255 1.5
    endloop
  endfacet
  facet normal -0.717182924142418 0.3392022695799737 0.6087614258725051
    outer loop
      vertex -33.173230022192 27.76514909416437 1.5
      vertex -33.272352799773216 27.183880038559437 1.7071067811865475
      vertex -33.03290729224682 27.690145015716553 1.7071067811865475
    endloop
  endfacet
  facet normal -0.6804818666159259 0.4078651137943492 0.608761429589973
    outer loop
      vertex -33.173230022192 27.76514909416437 1.5
      vertex -33.03290729224682 27.690145015716553 1.7071067811865475
      vertex -32.744992196559906 28.170502357184887 1.7071067811865475
    endloop
  endfacet
  facet normal -0.6372273703572361 0.4726000315430174 0.6087614382113417
    outer loop
      vertex -32.534374080598354 28.721264593303204 1.5
      vertex -32.744992196559906 28.170502357184887 1.7071067811865475
      vertex -32.411380134522915 28.62032614648342 1.7071067811865475
    endloop
  endfacet
  facet normal -0.5878360478175887 0.5327835484616001 0.6087614240200042
    outer loop
      vertex -32.534374080598354 28.721264593303204 1.5
      vertex -32.411380134522915 28.62032614648342 1.7071067811865475
      vertex -32.035284131765366 29.035284131765366 1.7071067811865475
    endloop
  endfacet
  facet normal -0.5327835484616001 0.5878360478175887 0.6087614240200042
    outer loop
      vertex -31.721264593303204 29.534374080598354 1.5
      vertex -32.035284131765366 29.035284131765366 1.7071067811865475
      vertex -31.62032614648342 29.411380134522915 1.7071067811865475
    endloop
  endfacet
  facet normal -0.4726000315430174 0.6372273703572361 0.6087614382113417
    outer loop
      vertex -31.721264593303204 29.534374080598354 1.5
      vertex -31.62032614648342 29.411380134522915 1.7071067811865475
      vertex -31.170502357184887 29.744992196559906 1.7071067811865475
    endloop
  endfacet
  facet normal -0.4078651137943492 0.6804818666159259 0.608761429589973
    outer loop
      vertex -30.76514909416437 30.173230022192 1.5
      vertex -31.170502357184887 29.744992196559906 1.7071067811865475
      vertex -30.690145015716553 30.03290729224682 1.7071067811865475
    endloop
  endfacet
  facet normal -0.3392022695799737 0.717182924142418 0.6087614258725051
    outer loop
      vertex -30.76514909416437 30.173230022192 1.5
      vertex -30.690145015716553 30.03290729224682 1.7071067811865475
      vertex -30.183880038559437 30.272352799773216 1.7071067811865475
    endloop
  endfacet
  facet normal -0.2672726895258703 0.7469771299317352 0.6087614284697704
    outer loop
      vertex -30.244768872857094 30.419351540505886 1.5
      vertex -30.183880038559437 30.272352799773216 1.7071067811865475
      vertex -29.656583100557327 30.461022660136223 1.7071067811865475
    endloop
  endfacet
  facet normal -0.1927691438202581 0.7695775447094283 0.6087614145704477
    outer loop
      vertex -29.70277040451765 30.613281689584255 1.5
      vertex -29.656583100557327 30.461022660136223 1.7071067811865475
      vertex -29.14437321573496 30.753152906894684 1.5
    endloop
  endfacet
  facet normal -0.11640911422877413 0.7847664823798011 0.6087614362438752
    outer loop
      vertex -29.14437321573496 30.753152906894684 1.5
      vertex -29.113332390785217 30.597099877893925 1.7071067811865475
      vertex -28.574955217540264 30.837618090212345 1.5
    endloop
  endfacet
  facet normal -0.0389280070277418 0.7923977099882388 0.6087614306723474
    outer loop
      vertex -28.574955217540264 30.837618090212345 1.5
      vertex -27.99280981719494 30.70710678398609 1.7071067811865475
      vertex -27.996711134910583 30.866025403141975 1.5
    endloop
  endfacet
  facet normal -0.19276913673976268 0.7695775390006885 0.6087614240293567
    outer loop
      vertex -29.14437321573496 30.753152906894684 1.5
      vertex -29.656583100557327 30.461022660136223 1.7071067811865475
      vertex -29.113332390785217 30.597099877893925 1.7071067811865475
    endloop
  endfacet
  facet normal -0.11640911190637462 0.7847664800973513 0.6087614396303223
    outer loop
      vertex -28.574955217540264 30.837618090212345 1.5
      vertex -29.113332390785217 30.597099877893925 1.7071067811865475
      vertex -28.559359662234783 30.67927397042513 1.7071067811865475
    endloop
  endfacet
  facet normal -0.038928009295884136 0.7923977066129553 0.6087614349207645
    outer loop
      vertex -28.574955217540264 30.837618090212345 1.5
      vertex -28.559359662234783 30.67927397042513 1.7071067811865475
      vertex -27.99280981719494 30.70710678398609 1.7071067811865475
    endloop
  endfacet
  facet normal -0.6080281546265347 0.029870512569545135 0.793353335948292
    outer loop
      vertex -33.70710678398609 24.99280981719494 1.7071067811865475
      vertex -33.5 24.987725749611855 1.8660254037844386
      vertex -33.67927397042513 25.559359662234783 1.7071067811865475
    endloop
  endfacet
  facet normal -0.6021725128015167 0.08932385519442519 0.7933533347251479
    outer loop
      vertex -33.67927397042513 25.559359662234783 1.7071067811865475
      vertex -33.393727622926235 26.072879172861576 1.8660254037844386
      vertex -33.597099877893925 26.113332390785217 1.7071067811865475
    endloop
  endfacet
  facet normal -0.5905176258956035 0.1479169637946096 0.7933533294367675
    outer loop
      vertex -33.597099877893925 26.113332390785217 1.7071067811865475
      vertex -33.393727622926235 26.072879172861576 1.8660254037844386
      vertex -33.46102266013622 26.656583100557327 1.7071067811865475
    endloop
  endfacet
  facet normal -0.5731757127991874 0.20508554839523235 0.7933533387442006
    outer loop
      vertex -33.46102266013622 26.656583100557327 1.7071067811865475
      vertex -33.26259482651949 26.59639063477516 1.8660254037844386
      vertex -33.272352799773216 27.183880038559437 1.7071067811865475
    endloop
  endfacet
  facet normal -0.6080281531904848 0.029870513318052773 0.7933533370207024
    outer loop
      vertex -33.67927397042513 25.559359662234783 1.7071067811865475
      vertex -33.5 24.987725749611855 1.8660254037844386
      vertex -33.4729159027338 25.539035111665726 1.8660254037844386
    endloop
  endfacet
  facet normal -0.6021725011283121 0.0893238456281665 0.7933533446624326
    outer loop
      vertex -33.67927397042513 25.559359662234783 1.7071067811865475
      vertex -33.4729159027338 25.539035111665726 1.8660254037844386
      vertex -33.393727622926235 26.072879172861576 1.8660254037844386
    endloop
  endfacet
  facet normal -0.5905176201857097 0.1479169655223154 0.7933533333646969
    outer loop
      vertex -33.46102266013622 26.656583100557327 1.7071067811865475
      vertex -33.393727622926235 26.072879172861576 1.8660254037844386
      vertex -33.26259482651949 26.59639063477516 1.8660254037844386
    endloop
  endfacet
  facet normal -0.5731757095397837 0.20508554904119203 0.7933533409320456
    outer loop
      vertex -33.272352799773216 27.183880038559437 1.7071067811865475
      vertex -33.26259482651949 26.59639063477516 1.8660254037844386
      vertex -33.08078031241894 27.104528158903122 1.8660254037844386
    endloop
  endfacet
  facet normal -0.3822224721087478 0.018777389095628157 0.9238795329878398
    outer loop
      vertex -33.5 24.987725749611855 1.8660254037844386
      vertex -33.25881904363632 24.981805101037025 1.9659258262890682
      vertex -33.23260683566332 25.51536676287651 1.9659258262890682
    endloop
  endfacet
  facet normal -0.13036896635856507 0.006404616899118897 0.991444861549534
    outer loop
      vertex -33.25881904363632 24.981805101037025 1.9659258262890682
      vertex -33 24.97545136511326 2
      vertex -32.97472344338894 25.489967472851276 2
    endloop
  endfacet
  facet normal -0.38222247281163907 0.018777389508479434 0.9238795326886523
    outer loop
      vertex -33.5 24.987725749611855 1.8660254037844386
      vertex -33.23260683566332 25.51536676287651 1.9659258262890682
      vertex -33.4729159027338 25.539035111665726 1.8660254037844386
    endloop
  endfacet
  facet normal -0.3785414659522384 0.05615131777891114 0.9238795311437645
    outer loop
      vertex -33.4729159027338 25.539035111665726 1.8660254037844386
      vertex -33.23260683566332 25.51536676287651 1.9659258262890682
      vertex -33.393727622926235 26.072879172861576 1.8660254037844386
    endloop
  endfacet
  facet normal -0.37854146145770673 0.056151319390265395 0.9238795328873759
    outer loop
      vertex -33.393727622926235 26.072879172861576 1.8660254037844386
      vertex -33.23260683566332 25.51536676287651 1.9659258262890682
      vertex -33.156895622611046 26.02577032148838 1.9659258262890682
    endloop
  endfacet
  facet normal -0.37121488352893056 0.0929844889489513 0.923879534929476
    outer loop
      vertex -33.393727622926235 26.072879172861576 1.8660254037844386
      vertex -33.156895622611046 26.02577032148838 1.9659258262890682
      vertex -33.26259482651949 26.59639063477516 1.8660254037844386
    endloop
  endfacet
  facet normal -0.36031331136500616 0.12892216480610166 0.9238795338543291
    outer loop
      vertex -33.26259482651949 26.59639063477516 1.8660254037844386
      vertex -32.85768945515156 27.012120850384235 1.9659258262890682
      vertex -33.08078031241894 27.104528158903122 1.8660254037844386
    endloop
  endfacet
  facet normal -0.37121488197882874 0.0929844893382666 0.9238795355131242
    outer loop
      vertex -33.26259482651949 26.59639063477516 1.8660254037844386
      vertex -33.156895622611046 26.02577032148838 1.9659258262890682
      vertex -33.03152069449425 26.526295080780983 1.9659258262890682
    endloop
  endfacet
  facet normal -0.36031331007090156 0.12892216337647372 0.9238795345585267
    outer loop
      vertex -33.26259482651949 26.59639063477516 1.8660254037844386
      vertex -33.03152069449425 26.526295080780983 1.9659258262890682
      vertex -32.85768945515156 27.012120850384235 1.9659258262890682
    endloop
  endfacet
  facet normal -0.13036896788708788 0.006404617767515283 0.991444861342933
    outer loop
      vertex -33.25881904363632 24.981805101037025 1.9659258262890682
      vertex -32.97472344338894 25.489967472851276 2
      vertex -33.23260683566332 25.51536676287651 1.9659258262890682
    endloop
  endfacet
  facet normal 0 0 1
    outer loop
      vertex -33 24.97545136511326 2
      vertex -32.90274357050657 25.97521633654833 2
      vertex -32.97472344338894 25.489967472851276 2
    endloop
  endfacet
  facet normal -0.1291134439768755 0.019152169493942432 0.9914448612949212
    outer loop
      vertex -33.23260683566332 25.51536676287651 1.9659258262890682
      vertex -32.97472344338894 25.489967472851276 2
      vertex -33.156895622611046 26.02577032148838 1.9659258262890682
    endloop
  endfacet
  facet normal -0.1291134406518182 0.01915217065057347 0.9914448617055921
    outer loop
      vertex -33.156895622611046 26.02577032148838 1.9659258262890682
      vertex -32.97472344338894 25.489967472851276 2
      vertex -32.90274357050657 25.97521633654833 2
    endloop
  endfacet
  facet normal -0.12661448353117105 0.031715276816057014 0.9914448616925783
    outer loop
      vertex -33.156895622611046 26.02577032148838 1.9659258262890682
      vertex -32.90274357050657 25.97521633654833 2
      vertex -32.78354759514332 26.451073348522186 2
    endloop
  endfacet
  facet normal -0.12661448502057807 0.0317152781421557 0.9914448614599501
    outer loop
      vertex -33.156895622611046 26.02577032148838 1.9659258262890682
      vertex -32.78354759514332 26.451073348522186 2
      vertex -33.03152069449425 26.526295080780983 1.9659258262890682
    endloop
  endfacet
  facet normal 0 0 1
    outer loop
      vertex -33 24.97545136511326 2
      vertex -32.60938742245905 25.28204820300831 2
      vertex -32.66237881750958 25.639287170637928 2
    endloop
  endfacet
  facet normal 0 0 1
    outer loop
      vertex -33 24.97545136511326 2
      vertex -32.66237881750958 25.639287170637928 2
      vertex -32.680099502487565 26 2
    endloop
  endfacet
  facet normal 0 0 1
    outer loop
      vertex -33 24.97545136511326 2
      vertex -32.680099502487565 26 2
      vertex -32.66237881750958 26.360712829362072 2
    endloop
  endfacet
  facet normal 0 0 1
    outer loop
      vertex -33 24.97545136511326 2
      vertex -32.61828348785639 26.912955589592457 2
      vertex -32.90274357050657 25.97521633654833 2
    endloop
  endfacet
  facet normal 0 0 1
    outer loop
      vertex -33 24.97545136511326 2
      vertex -32.66237881750958 26.360712829362072 2
      vertex -32.61828348785639 26.912955589592457 2
    endloop
  endfacet
  facet normal -0.12289616486074866 0.043972950611038994 0.9914448609363401
    outer loop
      vertex -33.03152069449425 26.526295080780983 1.9659258262890682
      vertex -32.78354759514332 26.451073348522186 2
      vertex -32.61828348785639 26.912955589592457 2
    endloop
  endfacet
  facet normal 0 0 1
    outer loop
      vertex -32.90274357050657 25.97521633654833 2
      vertex -32.61828348785639 26.912955589592457 2
      vertex -32.78354759514332 26.451073348522186 2
    endloop
  endfacet
  facet normal -0.1228961650758389 0.04397295084417403 0.9914448608993381
    outer loop
      vertex -33.03152069449425 26.526295080780983 1.9659258262890682
      vertex -32.61828348785639 26.912955589592457 2
      vertex -32.85768945515156 27.012120850384235 1.9659258262890682
    endloop
  endfacet
  facet normal 0 0 1
    outer loop
      vertex -32.61828348785639 26.912955589592457 2
      vertex -32.66237881750958 26.360712829362072 2
      vertex -32.60938742245905 26.71795179699169 2
    endloop
  endfacet
  facet normal 0 0 1
    outer loop
      vertex -32.61828348785639 26.912955589592457 2
      vertex -32.60938742245905 26.71795179699169 2
      vertex -32.52163565343838 27.068276496343913 2
    endloop
  endfacet
  facet normal 0 0 1
    outer loop
      vertex -32.61828348785639 26.912955589592457 2
      vertex -32.52163565343838 27.068276496343913 2
      vertex -32.44959384578039 27.269619860539763 2
    endloop
  endfacet
  facet normal -0.5503138176383928 0.26027905802048096 0.7933533349474425
    outer loop
      vertex -33.272352799773216 27.183880038559437 1.7071067811865475
      vertex -32.850035168230534 27.592397764325142 1.8660254037844386
      vertex -33.03290729224682 27.690145015716553 1.7071067811865475
    endloop
  endfacet
  facet normal -0.5221520982669193 0.3129659075806018 0.7933533430746378
    outer loop
      vertex -33.03290729224682 27.690145015716553 1.7071067811865475
      vertex -32.850035168230534 27.592397764325142 1.8660254037844386
      vertex -32.744992196559906 28.170502357184887 1.7071067811865475
    endloop
  endfacet
  facet normal -0.4889617664585747 0.3626387644367885 0.7933533370885066
    outer loop
      vertex -32.744992196559906 28.170502357184887 1.7071067811865475
      vertex -32.25109136104584 28.48878053575754 1.8660254037844386
      vertex -32.411380134522915 28.62032614648342 1.7071067811865475
    endloop
  endfacet
  facet normal -0.45106246366409747 0.4088191951837609 0.7933533383824491
    outer loop
      vertex -32.411380134522915 28.62032614648342 1.7071067811865475
      vertex -32.25109136104584 28.48878053575754 1.8660254037844386
      vertex -32.035284131765366 29.035284131765366 1.7071067811865475
    endloop
  endfacet
  facet normal -0.5503138173650111 0.26027905761195674 0.7933533352711014
    outer loop
      vertex -33.272352799773216 27.183880038559437 1.7071067811865475
      vertex -33.08078031241894 27.104528158903122 1.8660254037844386
      vertex -32.850035168230534 27.592397764325142 1.8660254037844386
    endloop
  endfacet
  facet normal -0.5221520880983155 0.3129659075734709 0.7933533497700016
    outer loop
      vertex -32.744992196559906 28.170502357184887 1.7071067811865475
      vertex -32.850035168230534 27.592397764325142 1.8660254037844386
      vertex -32.57258149236441 28.055301271378994 1.8660254037844386
    endloop
  endfacet
  facet normal -0.4889617632291934 0.36263875665581197 0.7933533426355023
    outer loop
      vertex -32.744992196559906 28.170502357184887 1.7071067811865475
      vertex -32.57258149236441 28.055301271378994 1.8660254037844386
      vertex -32.25109136104584 28.48878053575754 1.8660254037844386
    endloop
  endfacet
  facet normal -0.4510624589692086 0.4088191942464663 0.7933533415347296
    outer loop
      vertex -32.035284131765366 29.035284131765366 1.7071067811865475
      vertex -32.25109136104584 28.48878053575754 1.8660254037844386
      vertex -31.88866090774536 28.88866090774536 1.8660254037844386
    endloop
  endfacet
  facet normal -0.4088191942464663 0.4510624589692086 0.7933533415347296
    outer loop
      vertex -32.035284131765366 29.035284131765366 1.7071067811865475
      vertex -31.88866090774536 28.88866090774536 1.8660254037844386
      vertex -31.48878053575754 29.251091361045837 1.8660254037844386
    endloop
  endfacet
  facet normal -0.4088191951837609 0.45106246366409747 0.7933533383824491
    outer loop
      vertex -32.035284131765366 29.035284131765366 1.7071067811865475
      vertex -31.48878053575754 29.251091361045837 1.8660254037844386
      vertex -31.62032614648342 29.411380134522915 1.7071067811865475
    endloop
  endfacet
  facet normal -0.3626387644367885 0.4889617664585747 0.7933533370885066
    outer loop
      vertex -31.62032614648342 29.411380134522915 1.7071067811865475
      vertex -31.48878053575754 29.251091361045837 1.8660254037844386
      vertex -31.170502357184887 29.744992196559906 1.7071067811865475
    endloop
  endfacet
  facet normal -0.3129659075806018 0.5221520982669193 0.7933533430746378
    outer loop
      vertex -31.170502357184887 29.744992196559906 1.7071067811865475
      vertex -30.592397764325142 29.850035168230534 1.8660254037844386
      vertex -30.690145015716553 30.03290729224682 1.7071067811865475
    endloop
  endfacet
  facet normal -0.26027905802048096 0.5503138176383928 0.7933533349474425
    outer loop
      vertex -30.690145015716553 30.03290729224682 1.7071067811865475
      vertex -30.592397764325142 29.850035168230534 1.8660254037844386
      vertex -30.183880038559437 30.272352799773216 1.7071067811865475
    endloop
  endfacet
  facet normal -0.20508554839523235 0.5731757127991874 0.7933533387442006
    outer loop
      vertex -30.183880038559437 30.272352799773216 1.7071067811865475
      vertex -29.59639063477516 30.26259482651949 1.8660254037844386
      vertex -29.656583100557327 30.461022660136223 1.7071067811865475
    endloop
  endfacet
  facet normal -0.36263875665581197 0.4889617632291934 0.7933533426355023
    outer loop
      vertex -31.170502357184887 29.744992196559906 1.7071067811865475
      vertex -31.48878053575754 29.251091361045837 1.8660254037844386
      vertex -31.055301271378994 29.572581492364407 1.8660254037844386
    endloop
  endfacet
  facet normal -0.3129659075734709 0.5221520880983155 0.7933533497700016
    outer loop
      vertex -31.170502357184887 29.744992196559906 1.7071067811865475
      vertex -31.055301271378994 29.572581492364407 1.8660254037844386
      vertex -30.592397764325142 29.850035168230534 1.8660254037844386
    endloop
  endfacet
  facet normal -0.26027905761195674 0.5503138173650111 0.7933533352711014
    outer loop
      vertex -30.183880038559437 30.272352799773216 1.7071067811865475
      vertex -30.592397764325142 29.850035168230534 1.8660254037844386
      vertex -30.104528158903122 30.080780312418938 1.8660254037844386
    endloop
  endfacet
  facet normal -0.20508554904119203 0.5731757095397837 0.7933533409320456
    outer loop
      vertex -30.183880038559437 30.272352799773216 1.7071067811865475
      vertex -30.104528158903122 30.080780312418938 1.8660254037844386
      vertex -29.59639063477516 30.26259482651949 1.8660254037844386
    endloop
  endfacet
  facet normal -0.3459417181938908 0.16361825118493173 0.9238795351625899
    outer loop
      vertex -33.08078031241894 27.104528158903122 1.8660254037844386
      vertex -32.6370760127902 27.47856877744198 1.9659258262890682
      vertex -32.850035168230534 27.592397764325142 1.8660254037844386
    endloop
  endfacet
  facet normal -0.3282385310543422 0.19673859803211718 0.9238795326099852
    outer loop
      vertex -32.850035168230534 27.592397764325142 1.8660254037844386
      vertex -32.6370760127902 27.47856877744198 1.9659258262890682
      vertex -32.57258149236441 28.055301271378994 1.8660254037844386
    endloop
  endfacet
  facet normal -0.34594171627068965 0.16361824858838775 0.923879536342568
    outer loop
      vertex -33.08078031241894 27.104528158903122 1.8660254037844386
      vertex -32.85768945515156 27.012120850384235 1.9659258262890682
      vertex -32.6370760127902 27.47856877744198 1.9659258262890682
    endloop
  endfacet
  facet normal -0.32823852912670276 0.19673859793863208 0.9238795333147499
    outer loop
      vertex -32.57258149236441 28.055301271378994 1.8660254037844386
      vertex -32.6370760127902 27.47856877744198 1.9659258262890682
      vertex -32.371805004775524 27.921146728098392 1.9659258262890682
    endloop
  endfacet
  facet normal -0.3073742154355166 0.22796425343660978 0.9238795326450792
    outer loop
      vertex -32.57258149236441 28.055301271378994 1.8660254037844386
      vertex -32.371805004775524 27.921146728098392 1.9659258262890682
      vertex -32.25109136104584 28.48878053575754 1.8660254037844386
    endloop
  endfacet
  facet normal -0.2835497216566654 0.25699449473448854 0.923879529497538
    outer loop
      vertex -32.25109136104584 28.48878053575754 1.8660254037844386
      vertex -31.717914551496506 28.717914551496506 1.9659258262890682
      vertex -31.88866090774536 28.88866090774536 1.8660254037844386
    endloop
  endfacet
  facet normal -0.3073742117267822 0.22796425288885164 0.9238795340141306
    outer loop
      vertex -32.25109136104584 28.48878053575754 1.8660254037844386
      vertex -32.371805004775524 27.921146728098392 1.9659258262890682
      vertex -32.064431108534336 28.335592448711395 1.9659258262890682
    endloop
  endfacet
  facet normal -0.2835497184340259 0.2569944857099467 0.9238795329969511
    outer loop
      vertex -32.25109136104584 28.48878053575754 1.8660254037844386
      vertex -32.064431108534336 28.335592448711395 1.9659258262890682
      vertex -31.717914551496506 28.717914551496506 1.9659258262890682
    endloop
  endfacet
  facet normal -0.11799428069280994 0.055807139302326184 0.991444861263942
    outer loop
      vertex -32.85768945515156 27.012120850384235 1.9659258262890682
      vertex -32.61828348785639 26.912955589592457 2
      vertex -32.6370760127902 27.47856877744198 1.9659258262890682
    endloop
  endfacet
  facet normal -0.11799427892187918 0.05580713937362065 0.9914448614706918
    outer loop
      vertex -32.61828348785639 26.912955589592457 2
      vertex -32.44959384578039 27.269619860539763 2
      vertex -32.6370760127902 27.47856877744198 1.9659258262890682
    endloop
  endfacet
  facet normal -0.11799427892187371 0.055807139373625594 0.991444861470692
    outer loop
      vertex -32.6370760127902 27.47856877744198 1.9659258262890682
      vertex -32.44959384578039 27.269619860539763 2
      vertex -32.41595413416195 27.36037668677237 1.9988949609023259
    endloop
  endfacet
  facet normal -0.11195605057901382 0.0671038715349809 0.9914448613835093
    outer loop
      vertex -32.6370760127902 27.47856877744198 1.9659258262890682
      vertex -32.41595413416195 27.36037668677237 1.9988949609023259
      vertex -32.39789790812052 27.407455397102687 1.9977474841051894
    endloop
  endfacet
  facet normal -0.11195605057900909 0.06710387153499661 0.9914448613835088
    outer loop
      vertex -32.6370760127902 27.47856877744198 1.9659258262890682
      vertex -32.39789790812052 27.407455397102687 1.9977474841051894
      vertex -32.244546534345695 27.72239377134045 1.9937483004873897
    endloop
  endfacet
  facet normal -0.11195605155032001 0.06710387312347763 0.9914448611663133
    outer loop
      vertex -32.6370760127902 27.47856877744198 1.9659258262890682
      vertex -32.23996713099341 27.731798511630522 1.9936288762147503
      vertex -32.371805004775524 27.921146728098392 1.9659258262890682
    endloop
  endfacet
  facet normal -0.10483962154278108 0.07775436289992375 0.9914448612024742
    outer loop
      vertex -32.371805004775524 27.921146728098392 1.9659258262890682
      vertex -32.1966315488715 27.804099562635855 1.9936288763283696
      vertex -32.052012004313966 28.039289223955848 1.9904767454537458
    endloop
  endfacet
  facet normal -0.11195605155034725 0.06710387312352097 0.9914448611663073
    outer loop
      vertex -32.6370760127902 27.47856877744198 1.9659258262890682
      vertex -32.244546534345695 27.72239377134045 1.9937483004873897
      vertex -32.23996713099341 27.731798511630522 1.9936288762147503
    endloop
  endfacet
  facet normal -0.11195605155031257 0.0671038731234829 0.9914448611663138
    outer loop
      vertex -32.371805004775524 27.921146728098392 1.9659258262890682
      vertex -32.23996713099341 27.731798511630522 1.9936288762147503
      vertex -32.1966315488715 27.804099562635855 1.9936288763283696
    endloop
  endfacet
  facet normal -0.1048396215323246 0.07775436287091714 0.9914448612058548
    outer loop
      vertex -32.371805004775524 27.921146728098392 1.9659258262890682
      vertex -32.052012004313966 28.039289223955848 1.9904767454537458
      vertex -32.064431108534336 28.335592448711395 1.9659258262890682
    endloop
  endfacet
  facet normal -0.10483962147617559 0.07775436287374414 0.9914448612115705
    outer loop
      vertex -32.064431108534336 28.335592448711395 1.9659258262890682
      vertex -32.052012004313966 28.039289223955848 1.9904767454537458
      vertex -31.920104150342414 28.21714637591083 1.990476745400605
    endloop
  endfacet
  facet normal -0.0967135303976786 0.08765603356286392 0.9914448612091563
    outer loop
      vertex -32.064431108534336 28.335592448711395 1.9659258262890682
      vertex -31.920104150342414 28.21714637591083 1.990476745400605
      vertex -31.836212315203397 28.327619293374482 1.9888930544919323
    endloop
  endfacet
  facet normal -0.25699449473448854 0.2835497216566654 0.923879529497538
    outer loop
      vertex -31.88866090774536 28.88866090774536 1.8660254037844386
      vertex -31.717914551496506 28.717914551496506 1.9659258262890682
      vertex -31.48878053575754 29.251091361045837 1.8660254037844386
    endloop
  endfacet
  facet normal -0.2569944857099467 0.2835497184340259 0.9238795329969511
    outer loop
      vertex -31.48878053575754 29.251091361045837 1.8660254037844386
      vertex -31.717914551496506 28.717914551496506 1.9659258262890682
      vertex -31.335592448711395 29.064431108534336 1.9659258262890682
    endloop
  endfacet
  facet normal -0.09671353111757956 0.08765603552005756 0.9914448609658912
    outer loop
      vertex -32.064431108534336 28.335592448711395 1.9659258262890682
      vertex -31.7073604264653 28.46978544482154 1.988893054608454
      vertex -31.717914551496506 28.717914551496506 1.9659258262890682
    endloop
  endfacet
  facet normal -0.0967135303976789 0.08765603356285731 0.991444861209157
    outer loop
      vertex -32.064431108534336 28.335592448711395 1.9659258262890682
      vertex -31.836212315203397 28.327619293374482 1.9888930544919323
      vertex -31.7073604264653 28.46978544482154 1.988893054608454
    endloop
  endfacet
  facet normal -0.0967135311175803 0.0876560355200575 0.9914448609658911
    outer loop
      vertex -31.717914551496506 28.717914551496506 1.9659258262890682
      vertex -31.7073604264653 28.46978544482154 1.988893054608454
      vertex -31.594408590829346 28.594408590829346 1.9888930545655712
    endloop
  endfacet
  facet normal -0.0876560355200562 0.09671353111758162 0.9914448609658911
    outer loop
      vertex -31.717914551496506 28.717914551496506 1.9659258262890682
      vertex -31.594408590829346 28.594408590829346 1.9888930545655712
      vertex -31.469785444821536 28.7073604264653 1.988893054608454
    endloop
  endfacet
  facet normal -0.08765603552005638 0.09671353111757826 0.9914448609658916
    outer loop
      vertex -31.717914551496506 28.717914551496506 1.9659258262890682
      vertex -31.469785444821536 28.7073604264653 1.988893054608454
      vertex -31.335592448711395 29.064431108534336 1.9659258262890682
    endloop
  endfacet
  facet normal -0.08765603356285846 0.09671353039767844 0.9914448612091569
    outer loop
      vertex -31.335592448711395 29.064431108534336 1.9659258262890682
      vertex -31.469785444821536 28.7073604264653 1.988893054608454
      vertex -31.32761929337448 28.836212315203397 1.9888930544919325
    endloop
  endfacet
  facet normal -0.08765603356285868 0.09671353039767842 0.9914448612091569
    outer loop
      vertex -31.335592448711395 29.064431108534336 1.9659258262890682
      vertex -31.32761929337448 28.836212315203397 1.9888930544919325
      vertex -31.217146375910826 28.92010415034241 1.990476745400605
    endloop
  endfacet
  facet normal -0.07775436287374611 0.10483962147616958 0.991444861211571
    outer loop
      vertex -31.335592448711395 29.064431108534336 1.9659258262890682
      vertex -31.217146375910826 28.92010415034241 1.990476745400605
      vertex -31.03928922395585 29.052012004313966 1.990476745453746
    endloop
  endfacet
  facet normal -0.22796425343660978 0.3073742154355166 0.9238795326450792
    outer loop
      vertex -31.48878053575754 29.251091361045837 1.8660254037844386
      vertex -30.921146728098392 29.371805004775524 1.9659258262890682
      vertex -31.055301271378994 29.572581492364407 1.8660254037844386
    endloop
  endfacet
  facet normal -0.22796425288885164 0.3073742117267822 0.9238795340141306
    outer loop
      vertex -31.48878053575754 29.251091361045837 1.8660254037844386
      vertex -31.335592448711395 29.064431108534336 1.9659258262890682
      vertex -30.921146728098392 29.371805004775524 1.9659258262890682
    endloop
  endfacet
  facet normal -0.19673859793863208 0.32823852912670276 0.9238795333147499
    outer loop
      vertex -31.055301271378994 29.572581492364407 1.8660254037844386
      vertex -30.921146728098392 29.371805004775524 1.9659258262890682
      vertex -30.47856877744198 29.637076012790203 1.9659258262890682
    endloop
  endfacet
  facet normal -0.19673859803211718 0.3282385310543422 0.9238795326099852
    outer loop
      vertex -31.055301271378994 29.572581492364407 1.8660254037844386
      vertex -30.47856877744198 29.637076012790203 1.9659258262890682
      vertex -30.592397764325142 29.850035168230534 1.8660254037844386
    endloop
  endfacet
  facet normal -0.16361825118493173 0.3459417181938908 0.9238795351625899
    outer loop
      vertex -30.592397764325142 29.850035168230534 1.8660254037844386
      vertex -30.47856877744198 29.637076012790203 1.9659258262890682
      vertex -30.104528158903122 30.080780312418938 1.8660254037844386
    endloop
  endfacet
  facet normal -0.16361824858838775 0.34594171627068965 0.923879536342568
    outer loop
      vertex -30.104528158903122 30.080780312418938 1.8660254037844386
      vertex -30.47856877744198 29.637076012790203 1.9659258262890682
      vertex -30.012120850384235 29.857689455151558 1.9659258262890682
    endloop
  endfacet
  facet normal -0.12892216480610166 0.36031331136500616 0.9238795338543291
    outer loop
      vertex -30.104528158903122 30.080780312418938 1.8660254037844386
      vertex -30.012120850384235 29.857689455151558 1.9659258262890682
      vertex -29.59639063477516 30.26259482651949 1.8660254037844386
    endloop
  endfacet
  facet normal -0.07775436288572454 0.10483962155229005 0.9914448612025822
    outer loop
      vertex -31.335592448711395 29.064431108534336 1.9659258262890682
      vertex -30.804099562635855 29.19663154887151 1.9936288763283696
      vertex -30.921146728098392 29.371805004775524 1.9659258262890682
    endloop
  endfacet
  facet normal -0.07775436287263437 0.10483962149825032 0.9914448612093233
    outer loop
      vertex -31.335592448711395 29.064431108534336 1.9659258262890682
      vertex -31.03928922395585 29.052012004313966 1.990476745453746
      vertex -30.804099562635855 29.19663154887151 1.9936288763283696
    endloop
  endfacet
  facet normal -0.06710387312348026 0.11195605155031879 0.9914448611663133
    outer loop
      vertex -30.921146728098392 29.371805004775524 1.9659258262890682
      vertex -30.804099562635855 29.19663154887151 1.9936288763283696
      vertex -30.73179851163052 29.23996713099342 1.99362887621475
    endloop
  endfacet
  facet normal -0.06710387312347844 0.11195605155032137 0.9914448611663131
    outer loop
      vertex -30.921146728098392 29.371805004775524 1.9659258262890682
      vertex -30.73179851163052 29.23996713099342 1.99362887621475
      vertex -30.47856877744198 29.637076012790203 1.9659258262890682
    endloop
  endfacet
  facet normal -0.06710387312343623 0.11195605155029487 0.991444861166319
    outer loop
      vertex -30.47856877744198 29.637076012790203 1.9659258262890682
      vertex -30.73179851163052 29.23996713099342 1.99362887621475
      vertex -30.72239377134045 29.244546534345695 1.9937483004873895
    endloop
  endfacet
  facet normal -0.06710387153499632 0.11195605057900836 0.991444861383509
    outer loop
      vertex -30.47856877744198 29.637076012790203 1.9659258262890682
      vertex -30.72239377134045 29.244546534345695 1.9937483004873895
      vertex -30.40745539710269 29.39789790812052 1.997747484105189
    endloop
  endfacet
  facet normal -0.06710387153498934 0.11195605057901047 0.9914448613835093
    outer loop
      vertex -30.47856877744198 29.637076012790203 1.9659258262890682
      vertex -30.40745539710269 29.39789790812052 1.997747484105189
      vertex -30.360376686772376 29.41595413416195 1.9988949609023257
    endloop
  endfacet
  facet normal -0.055807139373626455 0.11799427892187403 0.991444861470692
    outer loop
      vertex -30.47856877744198 29.637076012790203 1.9659258262890682
      vertex -30.360376686772376 29.41595413416195 1.9988949609023257
      vertex -30.269619860539752 29.4495938457804 2
    endloop
  endfacet
  facet normal 0 0 1
    outer loop
      vertex -29.912955589592457 29.618283487856388 2
      vertex -30.269619860539752 29.4495938457804 2
      vertex -30.06827649634391 29.52163565343838 2
    endloop
  endfacet
  facet normal -0.055807139302326184 0.11799428069280994 0.991444861263942
    outer loop
      vertex -30.47856877744198 29.637076012790203 1.9659258262890682
      vertex -29.912955589592457 29.618283487856388 2
      vertex -30.012120850384235 29.857689455151558 1.9659258262890682
    endloop
  endfacet
  facet normal -0.04397295084417403 0.1228961650758389 0.9914448608993381
    outer loop
      vertex -30.012120850384235 29.857689455151558 1.9659258262890682
      vertex -29.912955589592457 29.618283487856388 2
      vertex -29.526295080780983 30.031520694494247 1.9659258262890682
    endloop
  endfacet
  facet normal -0.05580713937362059 0.11799427892188051 0.9914448614706916
    outer loop
      vertex -30.47856877744198 29.637076012790203 1.9659258262890682
      vertex -30.269619860539752 29.4495938457804 2
      vertex -29.912955589592457 29.618283487856388 2
    endloop
  endfacet
  facet normal 0 0 1
    outer loop
      vertex -29.912955589592457 29.618283487856388 2
      vertex -30.06827649634391 29.52163565343838 2
      vertex -29.71795179699169 29.60938742245905 2
    endloop
  endfacet
  facet normal -0.1479169637946096 0.5905176258956035 0.7933533294367675
    outer loop
      vertex -29.656583100557327 30.461022660136223 1.7071067811865475
      vertex -29.072879172861576 30.393727622926235 1.8660254037844386
      vertex -29.113332390785217 30.597099877893925 1.7071067811865475
    endloop
  endfacet
  facet normal -0.08932385519442519 0.6021725128015167 0.7933533347251479
    outer loop
      vertex -29.113332390785217 30.597099877893925 1.7071067811865475
      vertex -29.072879172861576 30.393727622926235 1.8660254037844386
      vertex -28.559359662234783 30.67927397042513 1.7071067811865475
    endloop
  endfacet
  facet normal -0.029870512602732085 0.6080281553020704 0.7933533354293101
    outer loop
      vertex -28.559359662234783 30.67927397042513 1.7071067811865475
      vertex -27.987725757062435 30.5 1.8660254037844386
      vertex -27.99280981719494 30.70710678398609 1.7071067811865475
    endloop
  endfacet
  facet normal -0.1479169655223154 0.5905176201857097 0.7933533333646969
    outer loop
      vertex -29.656583100557327 30.461022660136223 1.7071067811865475
      vertex -29.59639063477516 30.26259482651949 1.8660254037844386
      vertex -29.072879172861576 30.393727622926235 1.8660254037844386
    endloop
  endfacet
  facet normal -0.0893238456281665 0.6021725011283121 0.7933533446624326
    outer loop
      vertex -28.559359662234783 30.67927397042513 1.7071067811865475
      vertex -29.072879172861576 30.393727622926235 1.8660254037844386
      vertex -28.539035111665726 30.472915902733803 1.8660254037844386
    endloop
  endfacet
  facet normal -0.02987051372014932 0.6080281531582489 0.793353337030269
    outer loop
      vertex -28.559359662234783 30.67927397042513 1.7071067811865475
      vertex -28.539035111665726 30.472915902733803 1.8660254037844386
      vertex -27.987725757062435 30.5 1.8660254037844386
    endloop
  endfacet
  facet normal -0.0929844889489513 0.37121488352893056 0.923879534929476
    outer loop
      vertex -29.59639063477516 30.26259482651949 1.8660254037844386
      vertex -29.02577032148838 30.156895622611046 1.9659258262890682
      vertex -29.072879172861576 30.393727622926235 1.8660254037844386
    endloop
  endfacet
  facet normal -0.05615131777891114 0.3785414659522384 0.9238795311437645
    outer loop
      vertex -29.072879172861576 30.393727622926235 1.8660254037844386
      vertex -28.51536676287651 30.23260683566332 1.9659258262890682
      vertex -28.539035111665726 30.472915902733803 1.8660254037844386
    endloop
  endfacet
  facet normal -0.12892216337647372 0.3603133100709016 0.9238795345585267
    outer loop
      vertex -30.012120850384235 29.857689455151558 1.9659258262890682
      vertex -29.526295080780983 30.031520694494247 1.9659258262890682
      vertex -29.59639063477516 30.26259482651949 1.8660254037844386
    endloop
  endfacet
  facet normal -0.0929844893382666 0.37121488197882874 0.9238795355131242
    outer loop
      vertex -29.59639063477516 30.26259482651949 1.8660254037844386
      vertex -29.526295080780983 30.031520694494247 1.9659258262890682
      vertex -29.02577032148838 30.156895622611046 1.9659258262890682
    endloop
  endfacet
  facet normal -0.056151319390265395 0.37854146145770673 0.9238795328873759
    outer loop
      vertex -29.072879172861576 30.393727622926235 1.8660254037844386
      vertex -29.02577032148838 30.156895622611046 1.9659258262890682
      vertex -28.51536676287651 30.23260683566332 1.9659258262890682
    endloop
  endfacet
  facet normal -0.018777389761110944 0.3822224727885872 0.9238795326930547
    outer loop
      vertex -28.539035111665726 30.472915902733803 1.8660254037844386
      vertex -28.51536676287651 30.23260683566332 1.9659258262890682
      vertex -27.987725757062435 30.5 1.8660254037844386
    endloop
  endfacet
  facet normal -0.01877738907133362 0.3822224716142214 0.9238795331929264
    outer loop
      vertex -27.987725757062435 30.5 1.8660254037844386
      vertex -28.51536676287651 30.23260683566332 1.9659258262890682
      vertex -27.981805101037025 30.258819043636322 1.9659258262890682
    endloop
  endfacet
  facet normal -0.0317152781421557 0.12661448502057807 0.9914448614599501
    outer loop
      vertex -29.451073348522186 29.783547595143318 2
      vertex -29.02577032148838 30.156895622611046 1.9659258262890682
      vertex -29.526295080780983 30.031520694494247 1.9659258262890682
    endloop
  endfacet
  facet normal -0.043972950611038994 0.12289616486074866 0.9914448609363401
    outer loop
      vertex -29.912955589592457 29.618283487856388 2
      vertex -29.451073348522186 29.783547595143318 2
      vertex -29.526295080780983 30.031520694494247 1.9659258262890682
    endloop
  endfacet
  facet normal 0 0 1
    outer loop
      vertex -29.912955589592457 29.618283487856388 2
      vertex -28.97521633654833 29.902743570506573 2
      vertex -29.451073348522186 29.783547595143318 2
    endloop
  endfacet
  facet normal 0 0 1
    outer loop
      vertex -29.912955589592457 29.618283487856388 2
      vertex -29.71795179699169 29.60938742245905 2
      vertex -27.97545136511326 30 2
    endloop
  endfacet
  facet normal 0 0 1
    outer loop
      vertex -27.97545136511326 30 2
      vertex -29.71795179699169 29.60938742245905 2
      vertex -29.36071282936207 29.662378817509577 2
    endloop
  endfacet
  facet normal -0.03171527681605702 0.12661448353117102 0.9914448616925783
    outer loop
      vertex -29.451073348522186 29.783547595143318 2
      vertex -28.97521633654833 29.902743570506573 2
      vertex -29.02577032148838 30.156895622611046 1.9659258262890682
    endloop
  endfacet
  facet normal 0 0 1
    outer loop
      vertex -29.912955589592457 29.618283487856388 2
      vertex -27.97545136511326 30 2
      vertex -28.97521633654833 29.902743570506573 2
    endloop
  endfacet
  facet normal 0 0 1
    outer loop
      vertex -27.97545136511326 30 2
      vertex -29.36071282936207 29.662378817509577 2
      vertex -29 29.680099502487565 2
    endloop
  endfacet
  facet normal -0.01915217065057347 0.1291134406518182 0.9914448617055921
    outer loop
      vertex -28.97521633654833 29.902743570506573 2
      vertex -28.489967472851276 29.97472344338894 2
      vertex -29.02577032148838 30.156895622611046 1.9659258262890682
    endloop
  endfacet
  facet normal 0 0 1
    outer loop
      vertex -27.97545136511326 30 2
      vertex -29 29.680099502487565 2
      vertex -28.63928717063793 29.662378817509577 2
    endloop
  endfacet
  facet normal 0 0 1
    outer loop
      vertex -28.97521633654833 29.902743570506573 2
      vertex -27.97545136511326 30 2
      vertex -28.489967472851276 29.97472344338894 2
    endloop
  endfacet
  facet normal 0 0 1
    outer loop
      vertex -27.97545136511326 30 2
      vertex -28.63928717063793 29.662378817509577 2
      vertex -28.28204820300831 29.60938742245905 2
    endloop
  endfacet
  facet normal 0 0 1
    outer loop
      vertex -27.97545136511326 30 2
      vertex -28.28204820300831 29.60938742245905 2
      vertex -27.93172350365609 29.52163565343838 2
    endloop
  endfacet
  facet normal -0.019152169493942432 0.1291134439768755 0.9914448612949212
    outer loop
      vertex -29.02577032148838 30.156895622611046 1.9659258262890682
      vertex -28.489967472851276 29.97472344338894 2
      vertex -28.51536676287651 30.23260683566332 1.9659258262890682
    endloop
  endfacet
  facet normal -0.006404617767515287 0.13036896788708788 0.991444861342933
    outer loop
      vertex -28.489967472851276 29.97472344338894 2
      vertex -27.981805101037025 30.258819043636322 1.9659258262890682
      vertex -28.51536676287651 30.23260683566332 1.9659258262890682
    endloop
  endfacet
  facet normal -0.006404616899118898 0.13036896635856507 0.991444861549534
    outer loop
      vertex -28.489967472851276 29.97472344338894 2
      vertex -27.97545136511326 30 2
      vertex -27.981805101037025 30.258819043636322 1.9659258262890682
    endloop
  endfacet
  facet normal 0 0 1
    outer loop
      vertex 25.39061257754095 26.71795179699169 2
      vertex -25.390612577540946 25.28204820300831 2
      vertex -26.955446261867664 -22.94010909343188 2
    endloop
  endfacet
  facet normal 0 0.9914448620347796 0.1305261871994921
    outer loop
      vertex -28 31 1
      vertex -27.999163553118706 30.965925827622414 1.2588190451025207
      vertex 28 31 1
    endloop
  endfacet
  facet normal -2.707964856510728e-20 0.9238795298353724 0.38268343882531847
    outer loop
      vertex -27.999163553118706 30.965925827622414 1.2588190451025207
      vertex -27.996711134910583 30.866025403141975 1.5
      vertex 27.996711134910583 30.866025403141975 1.5
    endloop
  endfacet
  facet normal -1.7545363635742802e-19 0.7933533466591596 0.6087614207098798
    outer loop
      vertex -27.996711134910583 30.866025403141975 1.5
      vertex -27.99280981719494 30.70710678398609 1.7071067811865475
      vertex 27.99280981719494 30.70710678398609 1.7071067811865475
    endloop
  endfacet
  facet normal 0 0.6087614238293925 0.7933533442654734
    outer loop
      vertex -27.99280981719494 30.70710678398609 1.7071067811865475
      vertex -27.987725757062435 30.5 1.8660254037844386
      vertex 27.99280981719494 30.70710678398609 1.7071067811865475
    endloop
  endfacet
  facet normal 0 0 1
    outer loop
      vertex -25.75444199383842 27.734786896667615 2
      vertex -25.600031392046773 27.408313109057005 2
      vertex 25.754441993838412 27.734786896667615 2
    endloop
  endfacet
  facet normal 0 0 1
    outer loop
      vertex -25.94010909343188 28.044553738132336 2
      vertex -25.75444199383842 27.734786896667615 2
      vertex 25.940109093431886 28.044553738132336 2
    endloop
  endfacet
  facet normal 0 0 1
    outer loop
      vertex -26.155244615162108 28.33463040943208 2
      vertex -25.94010909343188 28.044553738132336 2
      vertex 26.155244615162104 28.33463040943208 2
    endloop
  endfacet
  facet normal 0 0 1
    outer loop
      vertex -26.397776686349808 28.602223313650192 2
      vertex -26.155244615162108 28.33463040943208 2
      vertex 26.3977766863498 28.602223313650192 2
    endloop
  endfacet
  facet normal -2.060863609668676e-20 0.3826834303793597 0.9238795333338031
    outer loop
      vertex -27.987725757062435 30.5 1.8660254037844386
      vertex -27.981805101037025 30.258819043636322 1.9659258262890682
      vertex 27.981805101037025 30.258819043636322 1.9659258262890682
    endloop
  endfacet
  facet normal 0 0 1
    outer loop
      vertex -27.97545136511326 30 2
      vertex -27.93172350365609 29.52163565343838 2
      vertex 28.489967472851276 29.97472344338894 2
    endloop
  endfacet
  facet normal 0 0 1
    outer loop
      vertex 28.489967472851276 29.97472344338894 2
      vertex -27.591686890943 29.399968607953227 2
      vertex -27.265213103332385 29.24555800616158 2
    endloop
  endfacet
  facet normal 0 0 1
    outer loop
      vertex 28.489967472851276 29.97472344338894 2
      vertex -27.265213103332385 29.24555800616158 2
      vertex -26.955446261867664 29.05989090656812 2
    endloop
  endfacet
  facet normal 0 0 1
    outer loop
      vertex 28.489967472851276 29.97472344338894 2
      vertex -27.93172350365609 29.52163565343838 2
      vertex -27.591686890943 29.399968607953227 2
    endloop
  endfacet
  facet normal 1.3021607035053223e-20 0.13052619294687953 0.9914448612781217
    outer loop
      vertex -27.97545136511326 30 2
      vertex 27.981805101037025 30.258819043636322 1.9659258262890682
      vertex -27.981805101037025 30.258819043636322 1.9659258262890682
    endloop
  endfacet
  facet normal 0 0 1
    outer loop
      vertex 25.39061257754095 26.71795179699169 2
      vertex -25.337621182490427 25.639287170637928 2
      vertex -25.390612577540946 25.28204820300831 2
    endloop
  endfacet
  facet normal 0 0 1
    outer loop
      vertex 25.39061257754095 26.71795179699169 2
      vertex -25.31990049751244 26 2
      vertex -25.337621182490427 25.639287170637928 2
    endloop
  endfacet
  facet normal 0 0 1
    outer loop
      vertex -25.31990049751244 26 2
      vertex 25.39061257754095 26.71795179699169 2
      vertex -25.337621182490427 26.360712829362072 2
    endloop
  endfacet
  facet normal 0 0 1
    outer loop
      vertex -25.390612577540946 26.71795179699169 2
      vertex -25.337621182490427 26.360712829362072 2
      vertex 25.39061257754095 26.71795179699169 2
    endloop
  endfacet
  facet normal 0 0 1
    outer loop
      vertex -25.478364346561616 27.068276496343913 2
      vertex -25.390612577540946 26.71795179699169 2
      vertex 25.47836434656162 27.068276496343913 2
    endloop
  endfacet
  facet normal 0 0 1
    outer loop
      vertex -25.600031392046773 27.408313109057005 2
      vertex -25.478364346561616 27.068276496343913 2
      vertex 25.600031392046773 27.408313109057005 2
    endloop
  endfacet
  facet normal 0 0 1
    outer loop
      vertex 28.489967472851276 29.97472344338894 2
      vertex -26.955446261867664 29.05989090656812 2
      vertex -26.665369590567916 28.844755384837896 2
    endloop
  endfacet
  facet normal 0 0 1
    outer loop
      vertex 28.489967472851276 29.97472344338894 2
      vertex -26.665369590567916 28.844755384837896 2
      vertex -26.397776686349808 28.602223313650192 2
    endloop
  endfacet
  facet normal 0 0 -1
    outer loop
      vertex -32.24264068901539 -29.24264068901539 0
      vertex 28.198625547395807 -27.499266149392202 0
      vertex 28.349438164979347 -27.570595205269186 0
    endloop
  endfacet
  facet normal 0 0 -1
    outer loop
      vertex -32.24264068901539 -29.24264068901539 0
      vertex 28.349438164979347 -27.570595205269186 0
      vertex 28.506516048667407 -27.626798570744754 0
    endloop
  endfacet
  facet normal 0 0 -1
    outer loop
      vertex -32.24264068901539 -29.24264068901539 0
      vertex 28.506516048667407 -27.626798570744754 0
      vertex 28.668346452572578 -27.667334976685492 0
    endloop
  endfacet
  facet normal 0 0 -1
    outer loop
      vertex -32.24264068901539 -29.24264068901539 0
      vertex 27.58650165908567 -26.944469396133325 0
      vertex 27.68588222928335 -27.078468583078198 0
    endloop
  endfacet
  facet normal 0 0 -1
    outer loop
      vertex -32.24264068901539 -29.24264068901539 0
      vertex 27.5007338506078 -26.801374452604197 0
      vertex 27.58650165908567 -26.944469396133325 0
    endloop
  endfacet
  facet normal 0 0 -1
    outer loop
      vertex -32.24264068901539 -29.24264068901539 0
      vertex 27.797918471982868 -27.202081528017132 0
      vertex 27.921531416921795 -27.314117770716653 0
    endloop
  endfacet
  facet normal 0 0 -1
    outer loop
      vertex -32.24264068901539 -29.24264068901539 0
      vertex 27.921531416921795 -27.314117770716653 0
      vertex 28.05553060386667 -27.413498340914327 0
    endloop
  endfacet
  facet normal 0 0 -1
    outer loop
      vertex -32.24264068901539 -29.24264068901539 0
      vertex 27.68588222928335 -27.078468583078198 0
      vertex 27.797918471982868 -27.202081528017132 0
    endloop
  endfacet
  facet normal 0 0 -1
    outer loop
      vertex -32.24264068901539 -29.24264068901539 0
      vertex 27.429404794730814 -26.650561835020653 0
      vertex 27.5007338506078 -26.801374452604197 0
    endloop
  endfacet
  facet normal 0 0 -1
    outer loop
      vertex -32.24264068901539 -29.24264068901539 0
      vertex 27.373201429255246 -26.493483951332585 0
      vertex 27.429404794730814 -26.650561835020653 0
    endloop
  endfacet
  facet normal 0 0 -1
    outer loop
      vertex -32.24264068901539 -29.24264068901539 0
      vertex 27.332665023314505 -26.33165354742742 0
      vertex 27.373201429255246 -26.493483951332585 0
    endloop
  endfacet
  facet normal 0 0 -1
    outer loop
      vertex -32.24264068901539 -29.24264068901539 0
      vertex 27.30818596465727 -26.166629138560253 0
      vertex 27.332665023314505 -26.33165354742742 0
    endloop
  endfacet
  facet normal 0 0 -1
    outer loop
      vertex -32.24264068901539 -29.24264068901539 0
      vertex 27.299999999999997 -26 0
      vertex 27.30818596465727 -26.166629138560253 0
    endloop
  endfacet
  facet normal 0 0 -1
    outer loop
      vertex -32.24264068901539 -29.24264068901539 0
      vertex 28.05553060386667 -27.413498340914327 0
      vertex 28.198625547395807 -27.499266149392202 0
    endloop
  endfacet
  facet normal 0 0 -1
    outer loop
      vertex -32.24264068901539 -29.24264068901539 0
      vertex 27.30818596465727 -25.833370861439747 0
      vertex 27.299999999999997 -26 0
    endloop
  endfacet
  facet normal 0 0 -1
    outer loop
      vertex -32.24264068901539 -29.24264068901539 0
      vertex 27.332665023314505 -25.66834645257258 0
      vertex 27.30818596465727 -25.833370861439747 0
    endloop
  endfacet
  facet normal 0 0 -1
    outer loop
      vertex -32.24264068901539 -29.24264068901539 0
      vertex 27.373201429255246 -25.506516048667415 0
      vertex 27.332665023314505 -25.66834645257258 0
    endloop
  endfacet
  facet normal 0 0 -1
    outer loop
      vertex -32.24264068901539 -29.24264068901539 0
      vertex 27.429404794730814 -25.349438164979347 0
      vertex 27.373201429255246 -25.506516048667415 0
    endloop
  endfacet
  facet normal 0 0 -1
    outer loop
      vertex -32.24264068901539 -29.24264068901539 0
      vertex 27.5007338506078 -25.198625547395803 0
      vertex 27.429404794730814 -25.349438164979347 0
    endloop
  endfacet
  facet normal 0 0 -1
    outer loop
      vertex -32.24264068901539 -29.24264068901539 0
      vertex 27.58650165908567 -25.055530603866675 0
      vertex 27.5007338506078 -25.198625547395803 0
    endloop
  endfacet
  facet normal 0 0 -1
    outer loop
      vertex -32.24264068901539 -29.24264068901539 0
      vertex 27.68588222928335 -24.921531416921802 0
      vertex 27.58650165908567 -25.055530603866675 0
    endloop
  endfacet
  facet normal 0 0 -1
    outer loop
      vertex -32.24264068901539 -29.24264068901539 0
      vertex 28.668346452572578 -27.667334976685492 0
      vertex 29.170541934669018 -30.88471168279648 0
    endloop
  endfacet
  facet normal 0 0 -1
    outer loop
      vertex -28 -31 0
      vertex 29.170541934669018 -30.88471168279648 0
      vertex 28 -31 0
    endloop
  endfacet
  facet normal 0 0 -1
    outer loop
      vertex -27.3 -26 0
      vertex 27.797918471982868 -24.797918471982868 0
      vertex 27.68588222928335 -24.921531416921802 0
    endloop
  endfacet
  facet normal 0 -1 0
    outer loop
      vertex -28 -31 1
      vertex 28 -31 0
      vertex 28 -31 1
    endloop
  endfacet
  facet normal 0 0 -1
    outer loop
      vertex -27.3 -26 0
      vertex 27.797918471982868 24.797918471982868 0
      vertex 27.797918471982868 -24.797918471982868 0
    endloop
  endfacet
  facet normal 0 0 -1
    outer loop
      vertex 28 -31 0
      vertex 29.170541934669018 -30.88471168279648 0
      vertex 28.588102839887142 -30.971108362078667 0
    endloop
  endfacet
  facet normal 0 0 -1
    outer loop
      vertex 29.170541934669018 -30.88471168279648 0
      vertex 30.296100594103336 -30.543277196586132 0
      vertex 29.74170806258917 -30.741642013192177 0
    endloop
  endfacet
  facet normal 0 0 -1
    outer loop
      vertex 29.170541934669018 -30.88471168279648 0
      vertex 28.668346452572578 -27.667334976685492 0
      vertex 28.833370861439747 -27.691814035342734 0
    endloop
  endfacet
  facet normal 0 0 -1
    outer loop
      vertex 29.170541934669018 -30.88471168279648 0
      vertex 28.833370861439747 -27.691814035342734 0
      vertex 29 -27.7 0
    endloop
  endfacet
  facet normal 0 0 -1
    outer loop
      vertex 29.170541934669018 -30.88471168279648 0
      vertex 29 -27.7 0
      vertex 29.166629138560253 -27.691814035342734 0
    endloop
  endfacet
  facet normal 0 0 -1
    outer loop
      vertex 29.170541934669018 -30.88471168279648 0
      vertex 29.166629138560253 -27.691814035342734 0
      vertex 29.331653547427422 -27.667334976685492 0
    endloop
  endfacet
  facet normal 0 0 -1
    outer loop
      vertex 29.170541934669018 -30.88471168279648 0
      vertex 29.331653547427422 -27.667334976685492 0
      vertex 29.493483951332593 -27.626798570744754 0
    endloop
  endfacet
  facet normal 0 0 -1
    outer loop
      vertex 29.170541934669018 -30.88471168279648 0
      vertex 29.493483951332593 -27.626798570744754 0
      vertex 29.650561835020653 -27.570595205269186 0
    endloop
  endfacet
  facet normal 0 0 -1
    outer loop
      vertex 29.170541934669018 -30.88471168279648 0
      vertex 29.650561835020653 -27.570595205269186 0
      vertex 29.801374452604193 -27.499266149392202 0
    endloop
  endfacet
  facet normal 0 0 -1
    outer loop
      vertex 29.170541934669018 -30.88471168279648 0
      vertex 29.801374452604193 -27.499266149392202 0
      vertex 29.94446939613333 -27.413498340914327 0
    endloop
  endfacet
  facet normal 0 0 -1
    outer loop
      vertex 29.170541934669018 -30.88471168279648 0
      vertex 31.333421401679516 -29.988817676901817 0
      vertex 30.296100594103336 -30.543277196586132 0
    endloop
  endfacet
  facet normal 0 0 -1
    outer loop
      vertex 30.296100594103336 -30.543277196586132 0
      vertex 31.333421401679516 -29.988817676901817 0
      vertex 30.828380420804024 -30.291527584195137 0
    endloop
  endfacet
  facet normal 0 0 -1
    outer loop
      vertex 29.170541934669018 -30.88471168279648 0
      vertex 32.638062722980976 -28.806359708309174 0
      vertex 31.333421401679516 -29.988817676901817 0
    endloop
  endfacet
  facet normal 0 0 -1
    outer loop
      vertex 29.170541934669018 -30.88471168279648 0
      vertex 29.94446939613333 -27.413498340914327 0
      vertex 33.97110836207867 -25.588102839887142 0
    endloop
  endfacet
  facet normal 0 0 -1
    outer loop
      vertex 31.333421401679516 -29.988817676901817 0
      vertex 32.638062722980976 -28.806359708309174 0
      vertex 31.806359708309174 -29.638062722980976 0
    endloop
  endfacet
  facet normal 0 0 -1
    outer loop
      vertex 31.806359708309174 -29.638062722980976 0
      vertex 32.638062722980976 -28.806359708309174 0
      vertex 32.24264068901539 -29.24264068901539 0
    endloop
  endfacet
  facet normal 0 0 -1
    outer loop
      vertex 29.170541934669018 -30.88471168279648 0
      vertex 33.97110836207867 -25.588102839887142 0
      vertex 32.638062722980976 -28.806359708309174 0
    endloop
  endfacet
  facet normal 0 0 -1
    outer loop
      vertex 32.638062722980976 -28.806359708309174 0
      vertex 33.54327719658613 -27.296100594103336 0
      vertex 32.98881767690182 -28.333421401679516 0
    endloop
  endfacet
  facet normal 0 0 -1
    outer loop
      vertex 32.98881767690182 -28.333421401679516 0
      vertex 33.54327719658613 -27.296100594103336 0
      vertex 33.29152758419514 -27.828380420804024 0
    endloop
  endfacet
  facet normal 0 0 -1
    outer loop
      vertex 32.638062722980976 -28.806359708309174 0
      vertex 33.97110836207867 -25.588102839887142 0
      vertex 33.54327719658613 -27.296100594103336 0
    endloop
  endfacet
  facet normal 0 0 -1
    outer loop
      vertex 33.97110836207867 -25.588102839887142 0
      vertex 29.94446939613333 -27.413498340914327 0
      vertex 30.078468583078205 -27.314117770716653 0
    endloop
  endfacet
  facet normal 0 0 -1
    outer loop
      vertex 33.97110836207867 -25.588102839887142 0
      vertex 30.078468583078205 -27.314117770716653 0
      vertex 30.202081528017132 -27.202081528017132 0
    endloop
  endfacet
  facet normal 0 0 -1
    outer loop
      vertex 33.97110836207867 -25.588102839887142 0
      vertex 30.202081528017132 -27.202081528017132 0
      vertex 30.31411777071665 -27.078468583078198 0
    endloop
  endfacet
  facet normal 0 0 -1
    outer loop
      vertex 33.97110836207867 -25.588102839887142 0
      vertex 30.31411777071665 -27.078468583078198 0
      vertex 30.41349834091433 -26.944469396133325 0
    endloop
  endfacet
  facet normal 0 0 -1
    outer loop
      vertex 33.97110836207867 -25.588102839887142 0
      vertex 30.41349834091433 -26.944469396133325 0
      vertex 30.4992661493922 -26.801374452604197 0
    endloop
  endfacet
  facet normal 0 0 -1
    outer loop
      vertex 33.97110836207867 -25.588102839887142 0
      vertex 30.4992661493922 -26.801374452604197 0
      vertex 30.570595205269186 -26.650561835020653 0
    endloop
  endfacet
  facet normal 0 0 -1
    outer loop
      vertex 33.97110836207867 -25.588102839887142 0
      vertex 30.570595205269186 -26.650561835020653 0
      vertex 30.626798570744754 -26.493483951332585 0
    endloop
  endfacet
  facet normal 0 0 -1
    outer loop
      vertex 33.97110836207867 -25.588102839887142 0
      vertex 30.626798570744754 -26.493483951332585 0
      vertex 30.667334976685495 -26.33165354742742 0
    endloop
  endfacet
  facet normal 0 0 -1
    outer loop
      vertex 33.97110836207867 -25.588102839887142 0
      vertex 30.667334976685495 -26.33165354742742 0
      vertex 30.69181403534273 -26.166629138560253 0
    endloop
  endfacet
  facet normal 0 0 -1
    outer loop
      vertex 33.97110836207867 -25.588102839887142 0
      vertex 30.69181403534273 -26.166629138560253 0
      vertex 30.700000000000003 -26 0
    endloop
  endfacet
  facet normal 0 0 -1
    outer loop
      vertex 33.97110836207867 -25.588102839887142 0
      vertex 30.700000000000003 -26 0
      vertex 30.69181403534273 -25.833370861439747 0
    endloop
  endfacet
  facet normal 0 0 -1
    outer loop
      vertex 33.97110836207867 -25.588102839887142 0
      vertex 30.69181403534273 -25.833370861439747 0
      vertex 30.667334976685495 -25.66834645257258 0
    endloop
  endfacet
  facet normal 0 0 -1
    outer loop
      vertex 33.97110836207867 -25.588102839887142 0
      vertex 30.41349834091433 -25.055530603866675 0
      vertex 30.31411777071665 -24.921531416921802 0
    endloop
  endfacet
  facet normal 0 0 -1
    outer loop
      vertex 33.97110836207867 -25.588102839887142 0
      vertex 30.626798570744754 -25.506516048667415 0
      vertex 30.570595205269186 -25.349438164979347 0
    endloop
  endfacet
  facet normal 0 0 -1
    outer loop
      vertex 33.97110836207867 -25.588102839887142 0
      vertex 30.667334976685495 -25.66834645257258 0
      vertex 30.626798570744754 -25.506516048667415 0
    endloop
  endfacet
  facet normal 0 0 -1
    outer loop
      vertex 33.97110836207867 -25.588102839887142 0
      vertex 30.570595205269186 -25.349438164979347 0
      vertex 30.4992661493922 -25.198625547395803 0
    endloop
  endfacet
  facet normal 0 0 -1
    outer loop
      vertex 33.97110836207867 -25.588102839887142 0
      vertex 30.4992661493922 -25.198625547395803 0
      vertex 30.41349834091433 -25.055530603866675 0
    endloop
  endfacet
  facet normal 0 0 -1
    outer loop
      vertex 33.97110836207867 -25.588102839887142 0
      vertex 30.078468583078205 -24.685882229283347 0
      vertex 29.94446939613333 -24.586501659085673 0
    endloop
  endfacet
  facet normal 0 0 -1
    outer loop
      vertex 33.97110836207867 -25.588102839887142 0
      vertex 30.202081528017132 -24.797918471982868 0
      vertex 30.078468583078205 -24.685882229283347 0
    endloop
  endfacet
  facet normal 0 0 -1
    outer loop
      vertex 33.97110836207867 -25.588102839887142 0
      vertex 30.31411777071665 -24.921531416921802 0
      vertex 30.202081528017132 -24.797918471982868 0
    endloop
  endfacet
  facet normal 0 0 -1
    outer loop
      vertex 33.54327719658613 -27.296100594103336 0
      vertex 33.88471168279648 -26.170541934669018 0
      vertex 33.74164201319218 -26.74170806258917 0
    endloop
  endfacet
  facet normal 0 0 -1
    outer loop
      vertex 33.54327719658613 -27.296100594103336 0
      vertex 33.97110836207867 -25.588102839887142 0
      vertex 33.88471168279648 -26.170541934669018 0
    endloop
  endfacet
  facet normal 0.049067671035838485 -0.9987954563668773 0
    outer loop
      vertex 28 -31 0
      vertex 28.588102839887142 -30.971108362078667 0
      vertex 28.588102839887142 -30.971108362078667 1
    endloop
  endfacet
  facet normal 0.14673047607854153 -0.989176509724005 0
    outer loop
      vertex 28.588102839887142 -30.971108362078667 0
      vertex 29.170541934669018 -30.88471168279648 0
      vertex 28.588102839887142 -30.971108362078667 1
    endloop
  endfacet
  facet normal 0.2429801838302629 -0.9700312522108819 0
    outer loop
      vertex 29.170541934669018 -30.88471168279648 0
      vertex 29.74170806258917 -30.741642013192177 0
      vertex 29.74170806258917 -30.741642013192177 1
    endloop
  endfacet
  facet normal 0.33688984883968903 -0.9415440668119424 0
    outer loop
      vertex 29.74170806258917 -30.741642013192177 0
      vertex 30.296100594103336 -30.543277196586132 0
      vertex 29.74170806258917 -30.741642013192177 1
    endloop
  endfacet
  facet normal 0.427555098210165 -0.9039892908627272 0
    outer loop
      vertex 30.296100594103336 -30.543277196586132 0
      vertex 30.828380420804024 -30.291527584195137 0
      vertex 30.828380420804024 -30.291527584195137 1
    endloop
  endfacet
  facet normal 0.5141027351876691 -0.8577286153979926 0
    outer loop
      vertex 30.828380420804024 -30.291527584195137 0
      vertex 31.333421401679516 -29.988817676901817 0
      vertex 30.828380420804024 -30.291527584195137 1
    endloop
  endfacet
  facet normal 0.5956993049920405 -0.803207531110111 0
    outer loop
      vertex 31.333421401679516 -29.988817676901817 0
      vertex 31.806359708309174 -29.638062722980976 0
      vertex 31.806359708309174 -29.638062722980976 1
    endloop
  endfacet
  facet normal 0.6715589569035323 -0.7409511234910436 0
    outer loop
      vertex 31.806359708309174 -29.638062722980976 0
      vertex 32.24264068901539 -29.24264068901539 0
      vertex 32.24264068901539 -29.24264068901539 1
    endloop
  endfacet
  facet normal 0.7409511234910436 -0.6715589569035323 0
    outer loop
      vertex 32.24264068901539 -29.24264068901539 0
      vertex 32.638062722980976 -28.806359708309174 0
      vertex 32.24264068901539 -29.24264068901539 1
    endloop
  endfacet
  facet normal 0.803207531110111 -0.5956993049920405 0
    outer loop
      vertex 32.638062722980976 -28.806359708309174 0
      vertex 32.98881767690182 -28.333421401679516 0
      vertex 32.638062722980976 -28.806359708309174 1
    endloop
  endfacet
  facet normal 0.8577286153979926 -0.5141027351876691 0
    outer loop
      vertex 32.98881767690182 -28.333421401679516 0
      vertex 33.29152758419514 -27.828380420804024 0
      vertex 33.29152758419514 -27.828380420804024 0.99
    endloop
  endfacet
  facet normal 0.9039892908627272 -0.427555098210165 0
    outer loop
      vertex 33.29152758419514 -27.828380420804024 0
      vertex 33.54327719658613 -27.296100594103336 0
      vertex 33.29152758419514 -27.828380420804024 0.99
    endloop
  endfacet
  facet normal 0.9415440668119424 -0.33688984883968903 0
    outer loop
      vertex 33.54327719658613 -27.296100594103336 0
      vertex 33.74164201319218 -26.74170806258917 0
      vertex 33.54327719658613 -27.296100594103336 1
    endloop
  endfacet
  facet normal 0.9700312522108819 -0.2429801838302629 0
    outer loop
      vertex 33.74164201319218 -26.74170806258917 0
      vertex 33.88471168279648 -26.170541934669018 0
      vertex 33.88471168279648 -26.170541934669018 1
    endloop
  endfacet
  facet normal 0.989176509724005 -0.14673047607854153 0
    outer loop
      vertex 33.88471168279648 -26.170541934669018 0
      vertex 33.97110836207867 -25.588102839887142 0
      vertex 33.88471168279648 -26.170541934669018 1
    endloop
  endfacet
  facet normal 0.9987954563668773 -0.049067671035838485 0
    outer loop
      vertex 33.97110836207867 -25.588102839887142 0
      vertex 34 -25 0
      vertex 34 -25 1
    endloop
  endfacet
  facet normal 0.049067671035838485 -0.9987954563668773 0
    outer loop
      vertex 28 -31 0
      vertex 28.588102839887142 -30.971108362078667 1
      vertex 28 -31 1
    endloop
  endfacet
  facet normal 0.14673047607854153 -0.989176509724005 0
    outer loop
      vertex 29.170541934669018 -30.88471168279648 0
      vertex 29.170541934669018 -30.88471168279648 1
      vertex 28.588102839887142 -30.971108362078667 1
    endloop
  endfacet
  facet normal 0.2429801838302629 -0.9700312522108819 0
    outer loop
      vertex 29.170541934669018 -30.88471168279648 0
      vertex 29.74170806258917 -30.741642013192177 1
      vertex 29.170541934669018 -30.88471168279648 1
    endloop
  endfacet
  facet normal 0.33688984883968903 -0.9415440668119424 0
    outer loop
      vertex 30.296100594103336 -30.543277196586132 0
      vertex 30.296100594103336 -30.543277196586132 1
      vertex 29.74170806258917 -30.741642013192177 1
    endloop
  endfacet
  facet normal 0.427555098210165 -0.9039892908627272 0
    outer loop
      vertex 30.296100594103336 -30.543277196586132 0
      vertex 30.828380420804024 -30.291527584195137 1
      vertex 30.296100594103336 -30.543277196586132 1
    endloop
  endfacet
  facet normal 0.5141027351876691 -0.8577286153979926 0
    outer loop
      vertex 31.333421401679516 -29.988817676901817 0
      vertex 31.333421401679516 -29.988817676901817 1
      vertex 30.828380420804024 -30.291527584195137 1
    endloop
  endfacet
  facet normal 0.5956993049920405 -0.803207531110111 0
    outer loop
      vertex 31.333421401679516 -29.988817676901817 0
      vertex 31.806359708309174 -29.638062722980976 1
      vertex 31.333421401679516 -29.988817676901817 1
    endloop
  endfacet
  facet normal 0.6715589569035323 -0.7409511234910436 0
    outer loop
      vertex 31.806359708309174 -29.638062722980976 0
      vertex 32.24264068901539 -29.24264068901539 1
      vertex 31.806359708309174 -29.638062722980976 1
    endloop
  endfacet
  facet normal 0.7409511234910436 -0.6715589569035323 0
    outer loop
      vertex 32.638062722980976 -28.806359708309174 0
      vertex 32.638062722980976 -28.806359708309174 1
      vertex 32.24264068901539 -29.24264068901539 1
    endloop
  endfacet
  facet normal 0.803207531110111 -0.5956993049920405 0
    outer loop
      vertex 32.98881767690182 -28.333421401679516 0
      vertex 32.98881767690182 -28.333421401679516 1
      vertex 32.638062722980976 -28.806359708309174 1
    endloop
  endfacet
  facet normal 0.8577286153979926 -0.5141027351876691 0
    outer loop
      vertex 32.98881767690182 -28.333421401679516 0
      vertex 33.29152758419514 -27.828380420804024 0.99
      vertex 32.98881767690182 -28.333421401679516 1
    endloop
  endfacet
  facet normal 0.9039892908627272 -0.427555098210165 0
    outer loop
      vertex 33.54327719658613 -27.296100594103336 0
      vertex 33.54327719658613 -27.296100594103336 1
      vertex 33.29152758419514 -27.828380420804024 0.99
    endloop
  endfacet
  facet normal 0.9415440668119424 -0.33688984883968903 0
    outer loop
      vertex 33.74164201319218 -26.74170806258917 0
      vertex 33.74164201319218 -26.74170806258917 1
      vertex 33.54327719658613 -27.296100594103336 1
    endloop
  endfacet
  facet normal 0.9700312522108819 -0.2429801838302629 0
    outer loop
      vertex 33.74164201319218 -26.74170806258917 0
      vertex 33.88471168279648 -26.170541934669018 1
      vertex 33.74164201319218 -26.74170806258917 1
    endloop
  endfacet
  facet normal 0.989176509724005 -0.14673047607854153 0
    outer loop
      vertex 33.97110836207867 -25.588102839887142 0
      vertex 33.97110836207867 -25.588102839887142 1
      vertex 33.88471168279648 -26.170541934669018 1
    endloop
  endfacet
  facet normal 0.9987954563668773 -0.049067671035838485 0
    outer loop
      vertex 33.97110836207867 -25.588102839887142 0
      vertex 34 -25 1
      vertex 33.97110836207867 -25.588102839887142 1
    endloop
  endfacet
  facet normal 0.8577286153979925 -0.514102735187669 0
    outer loop
      vertex 33.29152758419514 -27.828380420804024 0.99
      vertex 33.29152758419514 -27.828380420804024 1
      vertex 32.98881767690182 -28.333421401679516 1
    endloop
  endfacet
  facet normal 0.9039892908627272 -0.427555098210165 0
    outer loop
      vertex 33.29152758419514 -27.828380420804024 0.99
      vertex 33.54327719658613 -27.296100594103336 1
      vertex 33.29152758419514 -27.828380420804024 1
    endloop
  endfacet
  facet normal 0 0 -1
    outer loop
      vertex 27.797918471982868 -24.797918471982868 0
      vertex 27.921531416921795 24.68588222928335 0
      vertex 27.921531416921795 -24.685882229283347 0
    endloop
  endfacet
  facet normal 0 0 -1
    outer loop
      vertex 27.921531416921795 -24.685882229283347 0
      vertex 28.05553060386667 24.58650165908567 0
      vertex 28.05553060386667 -24.586501659085673 0
    endloop
  endfacet
  facet normal 0 0 -1
    outer loop
      vertex 28.198625547395807 24.5007338506078 0
      vertex 28.198625547395807 -24.500733850607798 0
      vertex 28.05553060386667 -24.586501659085673 0
    endloop
  endfacet
  facet normal 0 0 -1
    outer loop
      vertex 28.198625547395807 24.5007338506078 0
      vertex 28.349438164979347 -24.429404794730814 0
      vertex 28.198625547395807 -24.500733850607798 0
    endloop
  endfacet
  facet normal 0 0 -1
    outer loop
      vertex 28.198625547395807 24.5007338506078 0
      vertex 28.506516048667407 -24.373201429255246 0
      vertex 28.349438164979347 -24.429404794730814 0
    endloop
  endfacet
  facet normal 0 0 -1
    outer loop
      vertex 28.198625547395807 24.5007338506078 0
      vertex 28.668346452572578 -24.332665023314508 0
      vertex 28.506516048667407 -24.373201429255246 0
    endloop
  endfacet
  facet normal 0 0 -1
    outer loop
      vertex 28.198625547395807 24.5007338506078 0
      vertex 28.833370861439747 -24.308185964657266 0
      vertex 28.668346452572578 -24.332665023314508 0
    endloop
  endfacet
  facet normal 0 0 -1
    outer loop
      vertex 28.198625547395807 24.5007338506078 0
      vertex 29 -24.3 0
      vertex 28.833370861439747 -24.308185964657266 0
    endloop
  endfacet
  facet normal 0 0 -1
    outer loop
      vertex 29 -24.3 0
      vertex 29.166629138560253 24.30818596465727 0
      vertex 29.166629138560253 -24.308185964657266 0
    endloop
  endfacet
  facet normal 0 0 -1
    outer loop
      vertex 34 25 0
      vertex 29.331653547427422 -24.332665023314508 0
      vertex 29.166629138560253 -24.308185964657266 0
    endloop
  endfacet
  facet normal 0 0 -1
    outer loop
      vertex 34 25 0
      vertex 29.493483951332593 -24.373201429255246 0
      vertex 29.331653547427422 -24.332665023314508 0
    endloop
  endfacet
  facet normal 0 0 -1
    outer loop
      vertex 34 25 0
      vertex 29.650561835020653 -24.429404794730814 0
      vertex 29.493483951332593 -24.373201429255246 0
    endloop
  endfacet
  facet normal 0 0 -1
    outer loop
      vertex 34 25 0
      vertex 29.94446939613333 -24.586501659085673 0
      vertex 29.801374452604193 -24.500733850607798 0
    endloop
  endfacet
  facet normal 0 0 -1
    outer loop
      vertex 34 25 0
      vertex 29.801374452604193 -24.500733850607798 0
      vertex 29.650561835020653 -24.429404794730814 0
    endloop
  endfacet
  facet normal 0 0 -1
    outer loop
      vertex 33.97110836207867 -25.588102839887142 0
      vertex 29.94446939613333 -24.586501659085673 0
      vertex 34 25 0
    endloop
  endfacet
  facet normal 0 0 -1
    outer loop
      vertex 33.97110836207867 -25.588102839887142 0
      vertex 34 25 0
      vertex 34 -25 0
    endloop
  endfacet
  facet normal 1 0 0
    outer loop
      vertex 34 -25 0
      vertex 34 25 0
      vertex 34 -25 1
    endloop
  endfacet
  facet normal 0 -0.9914448620347796 0.1305261871994921
    outer loop
      vertex -27.999163553118706 -30.965925827622414 1.2588190451025207
      vertex 28 -31 1
      vertex 27.999163553118706 -30.965925827622414 1.2588190451025207
    endloop
  endfacet
  facet normal 0 -0.9238795298353725 0.3826834388253185
    outer loop
      vertex -27.999163553118706 -30.965925827622414 1.2588190451025207
      vertex 27.999163553118706 -30.965925827622414 1.2588190451025207
      vertex 27.996711134910583 -30.866025403141975 1.5
    endloop
  endfacet
  facet normal 0 0 1
    outer loop
      vertex -27.97545136511326 -30 2
      vertex 26.66536959056792 -28.844755384837892 2
      vertex 26.3977766863498 -28.602223313650192 2
    endloop
  endfacet
  facet normal 0 0 1
    outer loop
      vertex -25.94010909343188 -28.044553738132336 2
      vertex 25.754441993838412 -27.734786896667615 2
      vertex 25.600031392046773 -27.408313109057 2
    endloop
  endfacet
  facet normal 0 0 1
    outer loop
      vertex -25.75444199383842 -27.734786896667615 2
      vertex 25.600031392046773 -27.408313109057 2
      vertex 25.47836434656162 -27.06827649634391 2
    endloop
  endfacet
  facet normal 0 0 1
    outer loop
      vertex -25.75444199383842 -27.734786896667615 2
      vertex 25.47836434656162 -27.06827649634391 2
      vertex 25.39061257754095 -26.71795179699169 2
    endloop
  endfacet
  facet normal 0 0 1
    outer loop
      vertex -25.75444199383842 -27.734786896667615 2
      vertex 25.39061257754095 -26.71795179699169 2
      vertex 25.337621182490423 -26.36071282936207 2
    endloop
  endfacet
  facet normal 0 0 1
    outer loop
      vertex -25.75444199383842 -27.734786896667615 2
      vertex 25.337621182490423 -26.36071282936207 2
      vertex 25.319900497512435 -26 2
    endloop
  endfacet
  facet normal 0 0 1
    outer loop
      vertex -25.75444199383842 -27.734786896667615 2
      vertex 25.319900497512435 -26 2
      vertex 25.337621182490423 -25.63928717063793 2
    endloop
  endfacet
  facet normal 0 0 1
    outer loop
      vertex -25.75444199383842 -27.734786896667615 2
      vertex 25.337621182490423 -25.63928717063793 2
      vertex 25.39061257754095 -25.28204820300831 2
    endloop
  endfacet
  facet normal 0 -0.7933533466591596 0.6087614207098798
    outer loop
      vertex -27.99280981719494 -30.70710678398609 1.7071067811865475
      vertex 27.996711134910583 -30.866025403141975 1.5
      vertex 27.99280981719494 -30.70710678398609 1.7071067811865475
    endloop
  endfacet
  facet normal 0 -0.6087614238293926 0.7933533442654734
    outer loop
      vertex -27.987725757062435 -30.5 1.8660254037844386
      vertex 27.99280981719494 -30.70710678398609 1.7071067811865475
      vertex 27.987725757062435 -30.5 1.8660254037844386
    endloop
  endfacet
  facet normal 0 -0.3826834303793597 0.9238795333338031
    outer loop
      vertex -27.987725757062435 -30.5 1.8660254037844386
      vertex 27.987725757062435 -30.5 1.8660254037844386
      vertex 27.981805101037025 -30.258819043636322 1.9659258262890682
    endloop
  endfacet
  facet normal 0 -0.13052619294687953 0.9914448612781217
    outer loop
      vertex -27.97545136511326 -30 2
      vertex 27.981805101037025 -30.258819043636322 1.9659258262890682
      vertex 27.97545136511326 -30 2
    endloop
  endfacet
  facet normal 0 0 1
    outer loop
      vertex -27.97545136511326 -30 2
      vertex 27.591686890942995 -29.399968607953227 2
      vertex 27.265213103332385 -29.24555800616158 2
    endloop
  endfacet
  facet normal 0 0 1
    outer loop
      vertex -27.97545136511326 -30 2
      vertex 27.265213103332385 -29.24555800616158 2
      vertex 26.955446261867664 -29.05989090656812 2
    endloop
  endfacet
  facet normal 0 0 1
    outer loop
      vertex -27.97545136511326 -30 2
      vertex 26.955446261867664 -29.05989090656812 2
      vertex 26.66536959056792 -28.844755384837892 2
    endloop
  endfacet
  facet normal 0 0 1
    outer loop
      vertex -27.97545136511326 -30 2
      vertex 27.931723503656087 -29.521635653438384 2
      vertex 27.591686890942995 -29.399968607953227 2
    endloop
  endfacet
  facet normal 0 0 1
    outer loop
      vertex -27.97545136511326 -30 2
      vertex 27.97545136511326 -30 2
      vertex 27.931723503656087 -29.521635653438384 2
    endloop
  endfacet
  facet normal 0 0 1
    outer loop
      vertex -26.397776686349808 -28.602223313650192 2
      vertex 26.3977766863498 -28.602223313650192 2
      vertex 26.155244615162104 -28.334630409432084 2
    endloop
  endfacet
  facet normal 0 0 1
    outer loop
      vertex -26.397776686349808 -28.602223313650192 2
      vertex 26.155244615162104 -28.334630409432084 2
      vertex 25.940109093431886 -28.044553738132336 2
    endloop
  endfacet
  facet normal 0 0 1
    outer loop
      vertex -26.155244615162108 -28.334630409432084 2
      vertex 25.940109093431886 -28.044553738132336 2
      vertex 25.754441993838412 -27.734786896667615 2
    endloop
  endfacet
  facet normal 0 0 1
    outer loop
      vertex -25.75444199383842 -27.734786896667615 2
      vertex 25.39061257754095 -25.28204820300831 2
      vertex 26.955446261867664 22.94010909343188 2
    endloop
  endfacet
  facet normal 0.04864789037277225 -0.9902506240956453 0.13052618220289663
    outer loop
      vertex 28 -31 1
      vertex 28.588102839887142 -30.971108362078667 1
      vertex 27.999163553118706 -30.965925827622414 1.2588190451025207
    endloop
  endfacet
  facet normal 0.1454751766587561 -0.9807139685266514 0.13052618477841837
    outer loop
      vertex 28.588102839887142 -30.971108362078667 1
      vertex 29.170541934669018 -30.88471168279648 1
      vertex 28.58475896716118 -30.93715737015009 1.2588190451025207
    endloop
  endfacet
  facet normal 0.24090145496416637 -0.9617325015341801 0.13052618315478345
    outer loop
      vertex 29.170541934669018 -30.88471168279648 1
      vertex 29.74170806258917 -30.741642013192177 1
      vertex 29.73180490732193 -30.70899574458599 1.2588190451025207
    endloop
  endfacet
  facet normal 0.04864789282588675 -0.9902506232416112 0.13052618776782499
    outer loop
      vertex 28.588102839887142 -30.971108362078667 1
      vertex 28.58475896716118 -30.93715737015009 1.2588190451025207
      vertex 27.999163553118706 -30.965925827622414 1.2588190451025207
    endloop
  endfacet
  facet normal 0.14547518335584783 -0.9807139654324291 0.13052620056288625
    outer loop
      vertex 29.170541934669018 -30.88471168279648 1
      vertex 29.16388636827469 -30.851251929998398 1.2588190451025207
      vertex 28.58475896716118 -30.93715737015009 1.2588190451025207
    endloop
  endfacet
  facet normal 0.24090144553312953 -0.9617325011557026 0.13052620334953857
    outer loop
      vertex 29.170541934669018 -30.88471168279648 1
      vertex 29.73180490732193 -30.70899574458599 1.2588190451025207
      vertex 29.16388636827469 -30.851251929998398 1.2588190451025207
    endloop
  endfacet
  facet normal 0.33400770960138765 -0.9334890271338551 0.13052618950817413
    outer loop
      vertex 29.74170806258917 -30.741642013192177 1
      vertex 30.296100594103336 -30.543277196586132 1
      vertex 29.73180490732193 -30.70899574458599 1.2588190451025207
    endloop
  endfacet
  facet normal 0.4238973035844082 -0.896255534011969 0.13052621869489803
    outer loop
      vertex 30.296100594103336 -30.543277196586132 1
      vertex 30.828380420804024 -30.291527584195137 1
      vertex 30.812298625707626 -30.261440582573414 1.2588190451025207
    endloop
  endfacet
  facet normal 0.5097045141593146 -0.8503906267535873 0.13052620493700767
    outer loop
      vertex 30.828380420804024 -30.291527584195137 1
      vertex 31.333421401679516 -29.988817676901817 1
      vertex 30.812298625707626 -30.261440582573414 1.2588190451025207
    endloop
  endfacet
  facet normal 0.5906030125990441 -0.7963359762895988 0.13052622102790204
    outer loop
      vertex 31.333421401679516 -29.988817676901817 1
      vertex 31.806359708309174 -29.638062722980976 1
      vertex 31.784717187285423 -29.611691273748875 1.2588190451025207
    endloop
  endfacet
  facet normal 0.665813675514368 -0.7346121823507129 0.13052620824941985
    outer loop
      vertex 31.806359708309174 -29.638062722980976 1
      vertex 32.24264068901539 -29.24264068901539 1
      vertex 32.21851754933596 -29.218517549335957 1.2588190451025207
    endloop
  endfacet
  facet normal 0.7346121823507129 -0.665813675514368 0.13052620824941985
    outer loop
      vertex 32.24264068901539 -29.24264068901539 1
      vertex 32.638062722980976 -28.806359708309174 1
      vertex 32.21851754933596 -29.218517549335957 1.2588190451025207
    endloop
  endfacet
  facet normal 0.7963359762895988 -0.5906030125990441 0.13052622102790204
    outer loop
      vertex 32.638062722980976 -28.806359708309174 1
      vertex 32.98881767690182 -28.333421401679516 1
      vertex 32.611691273748875 -28.784717187285423 1.2588190451025207
    endloop
  endfacet
  facet normal 0.8503906267535873 -0.5097045141593146 0.13052620493700767
    outer loop
      vertex 32.98881767690182 -28.333421401679516 1
      vertex 33.29152758419514 -27.828380420804024 1
      vertex 33.261440582573414 -27.812298625707626 1.2588190451025207
    endloop
  endfacet
  facet normal 0.896255534011969 -0.4238973035844082 0.13052621869489803
    outer loop
      vertex 33.29152758419514 -27.828380420804024 1
      vertex 33.54327719658613 -27.296100594103336 1
      vertex 33.261440582573414 -27.812298625707626 1.2588190451025207
    endloop
  endfacet
  facet normal 0.33400771549840413 -0.9334890228418522 0.1305262051133838
    outer loop
      vertex 30.296100594103336 -30.543277196586132 1
      vertex 30.283045202493668 -30.51175881177187 1.2588190451025207
      vertex 29.73180490732193 -30.70899574458599 1.2588190451025207
    endloop
  endfacet
  facet normal 0.42389730212486026 -0.8962555342418825 0.13052622185623336
    outer loop
      vertex 30.296100594103336 -30.543277196586132 1
      vertex 30.812298625707626 -30.261440582573414 1.2588190451025207
      vertex 30.283045202493668 -30.51175881177187 1.2588190451025207
    endloop
  endfacet
  facet normal 0.5097045175902238 -0.8503906230357933 0.13052621576109788
    outer loop
      vertex 31.333421401679516 -29.988817676901817 1
      vertex 31.31446795910597 -29.960451871156693 1.2588190451025207
      vertex 30.812298625707626 -30.261440582573414 1.2588190451025207
    endloop
  endfacet
  facet normal 0.5906030125872446 -0.7963359762939406 0.130526221054803
    outer loop
      vertex 31.333421401679516 -29.988817676901817 1
      vertex 31.784717187285423 -29.611691273748875 1.2588190451025207
      vertex 31.31446795910597 -29.960451871156693 1.2588190451025207
    endloop
  endfacet
  facet normal 0.6658136662811719 -0.7346121868195614 0.13052623019686965
    outer loop
      vertex 31.806359708309174 -29.638062722980976 1
      vertex 32.21851754933596 -29.218517549335957 1.2588190451025207
      vertex 31.784717187285423 -29.611691273748875 1.2588190451025207
    endloop
  endfacet
  facet normal 0.7346121868195614 -0.6658136662811719 0.13052623019686965
    outer loop
      vertex 32.638062722980976 -28.806359708309174 1
      vertex 32.611691273748875 -28.784717187285423 1.2588190451025207
      vertex 32.21851754933596 -29.218517549335957 1.2588190451025207
    endloop
  endfacet
  facet normal 0.7963359762939406 -0.5906030125872446 0.130526221054803
    outer loop
      vertex 32.98881767690182 -28.333421401679516 1
      vertex 32.96045187115669 -28.31446795910597 1.2588190451025207
      vertex 32.611691273748875 -28.784717187285423 1.2588190451025207
    endloop
  endfacet
  facet normal 0.8503906230357933 -0.5097045175902238 0.13052621576109788
    outer loop
      vertex 32.98881767690182 -28.333421401679516 1
      vertex 33.261440582573414 -27.812298625707626 1.2588190451025207
      vertex 32.96045187115669 -28.31446795910597 1.2588190451025207
    endloop
  endfacet
  facet normal 0.8962555342418825 -0.42389730212486026 0.13052622185623336
    outer loop
      vertex 33.54327719658613 -27.296100594103336 1
      vertex 33.51175881177187 -27.283045202493668 1.2588190451025207
      vertex 33.261440582573414 -27.812298625707626 1.2588190451025207
    endloop
  endfacet
  facet normal 0.9334890271338551 -0.33400770960138765 0.13052618950817413
    outer loop
      vertex 33.54327719658613 -27.296100594103336 1
      vertex 33.74164201319218 -26.74170806258917 1
      vertex 33.70899574458599 -26.73180490732193 1.2588190451025207
    endloop
  endfacet
  facet normal 0.9617325015341801 -0.24090145496416637 0.13052618315478345
    outer loop
      vertex 33.74164201319218 -26.74170806258917 1
      vertex 33.88471168279648 -26.170541934669018 1
      vertex 33.70899574458599 -26.73180490732193 1.2588190451025207
    endloop
  endfacet
  facet normal 0.9807139685266514 -0.1454751766587561 0.13052618477841837
    outer loop
      vertex 33.88471168279648 -26.170541934669018 1
      vertex 33.97110836207867 -25.588102839887142 1
      vertex 33.93715737015009 -25.58475896716118 1.2588190451025207
    endloop
  endfacet
  facet normal 0.9902506240956453 -0.04864789037277225 0.13052618220289663
    outer loop
      vertex 33.97110836207867 -25.588102839887142 1
      vertex 34 -25 1
      vertex 33.965925827622414 -24.999163553118706 1.2588190451025207
    endloop
  endfacet
  facet normal 0.9334890228418522 -0.33400771549840413 0.1305262051133838
    outer loop
      vertex 33.54327719658613 -27.296100594103336 1
      vertex 33.70899574458599 -26.73180490732193 1.2588190451025207
      vertex 33.51175881177187 -27.283045202493668 1.2588190451025207
    endloop
  endfacet
  facet normal 0.9617325011557026 -0.24090144553312953 0.13052620334953857
    outer loop
      vertex 33.88471168279648 -26.170541934669018 1
      vertex 33.8512519299984 -26.16388636827469 1.2588190451025207
      vertex 33.70899574458599 -26.73180490732193 1.2588190451025207
    endloop
  endfacet
  facet normal 0.9807139654324291 -0.14547518335584783 0.13052620056288625
    outer loop
      vertex 33.88471168279648 -26.170541934669018 1
      vertex 33.93715737015009 -25.58475896716118 1.2588190451025207
      vertex 33.8512519299984 -26.16388636827469 1.2588190451025207
    endloop
  endfacet
  facet normal 0.9902506232416112 -0.04864789282588675 0.13052618776782499
    outer loop
      vertex 33.97110836207867 -25.588102839887142 1
      vertex 33.965925827622414 -24.999163553118706 1.2588190451025207
      vertex 33.93715737015009 -25.58475896716118 1.2588190451025207
    endloop
  endfacet
  facet normal 0.045332619164585884 -0.9227666764842557 0.38268343890202466
    outer loop
      vertex 27.999163553118706 -30.965925827622414 1.2588190451025207
      vertex 28.58475896716118 -30.93715737015009 1.2588190451025207
      vertex 27.996711134910583 -30.866025403141975 1.5
    endloop
  endfacet
  facet normal 0.13556128997599173 -0.9138799291030144 0.38268343554786166
    outer loop
      vertex 28.58475896716118 -30.93715737015009 1.2588190451025207
      vertex 29.16388636827469 -30.851251929998398 1.2588190451025207
      vertex 29.14437321573496 -30.753152906894684 1.5
    endloop
  endfacet
  facet normal 0.22448440876440828 -0.896192015094252 0.38268344921488107
    outer loop
      vertex 29.16388636827469 -30.851251929998398 1.2588190451025207
      vertex 29.73180490732193 -30.70899574458599 1.2588190451025207
      vertex 29.14437321573496 -30.753152906894684 1.5
    endloop
  endfacet
  facet normal 0.04533262405301411 -0.9227666718660146 0.38268344945893223
    outer loop
      vertex 28.58475896716118 -30.93715737015009 1.2588190451025207
      vertex 28.574955217540264 -30.837618090212345 1.5
      vertex 27.996711134910583 -30.866025403141975 1.5
    endloop
  endfacet
  facet normal 0.135561284888474 -0.9138799259286667 0.38268344493066414
    outer loop
      vertex 28.58475896716118 -30.93715737015009 1.2588190451025207
      vertex 29.14437321573496 -30.753152906894684 1.5
      vertex 28.574955217540264 -30.837618090212345 1.5
    endloop
  endfacet
  facet normal 0.22448441581217324 -0.8961920052274857 0.38268346818722854
    outer loop
      vertex 29.73180490732193 -30.70899574458599 1.2588190451025207
      vertex 29.70277040451765 -30.613281689584255 1.5
      vertex 29.14437321573496 -30.753152906894684 1.5
    endloop
  endfacet
  facet normal 0.3112456410869372 -0.8698732869942312 0.382683440297896
    outer loop
      vertex 29.73180490732193 -30.70899574458599 1.2588190451025207
      vertex 30.283045202493668 -30.51175881177187 1.2588190451025207
      vertex 30.244768872857094 -30.419351540505886 1.5
    endloop
  endfacet
  facet normal 0.39500940248299693 -0.8351772027760741 0.3826834356399007
    outer loop
      vertex 30.283045202493668 -30.51175881177187 1.2588190451025207
      vertex 30.812298625707626 -30.261440582573414 1.2588190451025207
      vertex 30.244768872857094 -30.419351540505886 1.5
    endloop
  endfacet
  facet normal 0.474969000707498 -0.7924379135267141 0.38268342212898226
    outer loop
      vertex 30.812298625707626 -30.261440582573414 1.2588190451025207
      vertex 31.31446795910597 -29.960451871156693 1.2588190451025207
      vertex 31.258899331092834 -29.87728752940893 1.5
    endloop
  endfacet
  facet normal 0.5503543990725333 -0.7420670033042701 0.38268341749876145
    outer loop
      vertex 31.31446795910597 -29.960451871156693 1.2588190451025207
      vertex 31.784717187285423 -29.611691273748875 1.2588190451025207
      vertex 31.721264593303204 -29.534374080598354 1.5
    endloop
  endfacet
  facet normal 0.6204395715438226 -0.6845495872545265 0.3826834209267175
    outer loop
      vertex 31.784717187285423 -29.611691273748875 1.2588190451025207
      vertex 32.21851754933596 -29.218517549335957 1.2588190451025207
      vertex 31.721264593303204 -29.534374080598354 1.5
    endloop
  endfacet
  facet normal 0.6845495872545265 -0.6204395715438226 0.3826834209267175
    outer loop
      vertex 32.21851754933596 -29.218517549335957 1.2588190451025207
      vertex 32.611691273748875 -28.784717187285423 1.2588190451025207
      vertex 32.534374080598354 -28.721264593303204 1.5
    endloop
  endfacet
  facet normal 0.7420670033042701 -0.5503543990725333 0.38268341749876145
    outer loop
      vertex 32.611691273748875 -28.784717187285423 1.2588190451025207
      vertex 32.96045187115669 -28.31446795910597 1.2588190451025207
      vertex 32.534374080598354 -28.721264593303204 1.5
    endloop
  endfacet
  facet normal 0.7924379135267141 -0.474969000707498 0.38268342212898226
    outer loop
      vertex 32.96045187115669 -28.31446795910597 1.2588190451025207
      vertex 33.261440582573414 -27.812298625707626 1.2588190451025207
      vertex 32.87728752940893 -28.258899331092834 1.5
    endloop
  endfacet
  facet normal 0.8351772027760741 -0.39500940248299693 0.3826834356399007
    outer loop
      vertex 33.261440582573414 -27.812298625707626 1.2588190451025207
      vertex 33.51175881177187 -27.283045202493668 1.2588190451025207
      vertex 33.419351540505886 -27.244768872857094 1.5
    endloop
  endfacet
  facet normal 0.3112456314418818 -0.8698732833473537 0.3826834564321259
    outer loop
      vertex 29.73180490732193 -30.70899574458599 1.2588190451025207
      vertex 30.244768872857094 -30.419351540505886 1.5
      vertex 29.70277040451765 -30.613281689584255 1.5
    endloop
  endfacet
  facet normal 0.395009403351684 -0.8351772008510675 0.3826834389444128
    outer loop
      vertex 30.812298625707626 -30.261440582573414 1.2588190451025207
      vertex 30.76514909416437 -30.173230022192 1.5
      vertex 30.244768872857094 -30.419351540505886 1.5
    endloop
  endfacet
  facet normal 0.4749689891688649 -0.7924379116036692 0.3826834404323266
    outer loop
      vertex 30.812298625707626 -30.261440582573414 1.2588190451025207
      vertex 31.258899331092834 -29.87728752940893 1.5
      vertex 30.76514909416437 -30.173230022192 1.5
    endloop
  endfacet
  facet normal 0.5503543975152803 -0.7420670031998267 0.3826834199408454
    outer loop
      vertex 31.31446795910597 -29.960451871156693 1.2588190451025207
      vertex 31.721264593303204 -29.534374080598354 1.5
      vertex 31.258899331092834 -29.87728752940893 1.5
    endloop
  endfacet
  facet normal 0.6204395744913579 -0.6845495645999049 0.38268345667282677
    outer loop
      vertex 32.21851754933596 -29.218517549335957 1.2588190451025207
      vertex 32.14779208600521 -29.14779208600521 1.5
      vertex 31.721264593303204 -29.534374080598354 1.5
    endloop
  endfacet
  facet normal 0.6845495645999049 -0.6204395744913579 0.38268345667282677
    outer loop
      vertex 32.21851754933596 -29.218517549335957 1.2588190451025207
      vertex 32.534374080598354 -28.721264593303204 1.5
      vertex 32.14779208600521 -29.14779208600521 1.5
    endloop
  endfacet
  facet normal 0.7420670031998267 -0.5503543975152803 0.3826834199408454
    outer loop
      vertex 32.96045187115669 -28.31446795910597 1.2588190451025207
      vertex 32.87728752940893 -28.258899331092834 1.5
      vertex 32.534374080598354 -28.721264593303204 1.5
    endloop
  endfacet
  facet normal 0.7924379116036692 -0.4749689891688649 0.3826834404323266
    outer loop
      vertex 33.261440582573414 -27.812298625707626 1.2588190451025207
      vertex 33.173230022192 -27.76514909416437 1.5
      vertex 32.87728752940893 -28.258899331092834 1.5
    endloop
  endfacet
  facet normal 0.8351772008510675 -0.395009403351684 0.3826834389444128
    outer loop
      vertex 33.261440582573414 -27.812298625707626 1.2588190451025207
      vertex 33.419351540505886 -27.244768872857094 1.5
      vertex 33.173230022192 -27.76514909416437 1.5
    endloop
  endfacet
  facet normal 0.8698732869942312 -0.3112456410869372 0.382683440297896
    outer loop
      vertex 33.51175881177187 -27.283045202493668 1.2588190451025207
      vertex 33.70899574458599 -26.73180490732193 1.2588190451025207
      vertex 33.419351540505886 -27.244768872857094 1.5
    endloop
  endfacet
  facet normal 0.896192015094252 -0.22448440876440828 0.38268344921488107
    outer loop
      vertex 33.70899574458599 -26.73180490732193 1.2588190451025207
      vertex 33.8512519299984 -26.16388636827469 1.2588190451025207
      vertex 33.753152906894684 -26.14437321573496 1.5
    endloop
  endfacet
  facet normal 0.9138799291030144 -0.13556128997599173 0.38268343554786166
    outer loop
      vertex 33.8512519299984 -26.16388636827469 1.2588190451025207
      vertex 33.93715737015009 -25.58475896716118 1.2588190451025207
      vertex 33.753152906894684 -26.14437321573496 1.5
    endloop
  endfacet
  facet normal 0.9227666764842557 -0.045332619164585884 0.38268343890202466
    outer loop
      vertex 33.93715737015009 -25.58475896716118 1.2588190451025207
      vertex 33.965925827622414 -24.999163553118706 1.2588190451025207
      vertex 33.866025403141975 -24.996711134910583 1.5
    endloop
  endfacet
  facet normal 0.8698732833473537 -0.3112456314418818 0.3826834564321259
    outer loop
      vertex 33.70899574458599 -26.73180490732193 1.2588190451025207
      vertex 33.613281689584255 -26.70277040451765 1.5
      vertex 33.419351540505886 -27.244768872857094 1.5
    endloop
  endfacet
  facet normal 0.8961920052274857 -0.22448441581217324 0.38268346818722854
    outer loop
      vertex 33.70899574458599 -26.73180490732193 1.2588190451025207
      vertex 33.753152906894684 -26.14437321573496 1.5
      vertex 33.613281689584255 -26.70277040451765 1.5
    endloop
  endfacet
  facet normal 0.9138799259286667 -0.135561284888474 0.38268344493066414
    outer loop
      vertex 33.93715737015009 -25.58475896716118 1.2588190451025207
      vertex 33.837618090212345 -25.574955217540264 1.5
      vertex 33.753152906894684 -26.14437321573496 1.5
    endloop
  endfacet
  facet normal 0.9227666718660146 -0.04533262405301411 0.38268344945893223
    outer loop
      vertex 33.93715737015009 -25.58475896716118 1.2588190451025207
      vertex 33.866025403141975 -24.996711134910583 1.5
      vertex 33.837618090212345 -25.574955217540264 1.5
    endloop
  endfacet
  facet normal 0.0389280070277418 -0.7923977099882388 0.6087614306723474
    outer loop
      vertex 27.996711134910583 -30.866025403141975 1.5
      vertex 28.574955217540264 -30.837618090212345 1.5
      vertex 27.99280981719494 -30.70710678398609 1.7071067811865475
    endloop
  endfacet
  facet normal 0.11640911422877413 -0.7847664823798011 0.6087614362438752
    outer loop
      vertex 28.574955217540264 -30.837618090212345 1.5
      vertex 29.14437321573496 -30.753152906894684 1.5
      vertex 29.113332390785217 -30.597099877893925 1.7071067811865475
    endloop
  endfacet
  facet normal 0.1927691438202581 -0.7695775447094283 0.6087614145704477
    outer loop
      vertex 29.14437321573496 -30.753152906894684 1.5
      vertex 29.70277040451765 -30.613281689584255 1.5
      vertex 29.656583100557327 -30.461022660136223 1.7071067811865475
    endloop
  endfacet
  facet normal 0.038928009295884136 -0.7923977066129553 0.6087614349207645
    outer loop
      vertex 28.574955217540264 -30.837618090212345 1.5
      vertex 28.559359662234783 -30.67927397042513 1.7071067811865475
      vertex 27.99280981719494 -30.70710678398609 1.7071067811865475
    endloop
  endfacet
  facet normal 0.11640911190637462 -0.7847664800973513 0.6087614396303223
    outer loop
      vertex 28.574955217540264 -30.837618090212345 1.5
      vertex 29.113332390785217 -30.597099877893925 1.7071067811865475
      vertex 28.559359662234783 -30.67927397042513 1.7071067811865475
    endloop
  endfacet
  facet normal 0.19276913673976268 -0.7695775390006885 0.6087614240293567
    outer loop
      vertex 29.14437321573496 -30.753152906894684 1.5
      vertex 29.656583100557327 -30.461022660136223 1.7071067811865475
      vertex 29.113332390785217 -30.597099877893925 1.7071067811865475
    endloop
  endfacet
  facet normal 0.267272687644287 -0.7469771359461497 0.6087614219159151
    outer loop
      vertex 29.70277040451765 -30.613281689584255 1.5
      vertex 30.244768872857094 -30.419351540505886 1.5
      vertex 29.656583100557327 -30.461022660136223 1.7071067811865475
    endloop
  endfacet
  facet normal 0.3392022684571571 -0.7171829295419561 0.6087614201369337
    outer loop
      vertex 30.244768872857094 -30.419351540505886 1.5
      vertex 30.76514909416437 -30.173230022192 1.5
      vertex 30.183880038559437 -30.272352799773216 1.7071067811865475
    endloop
  endfacet
  facet normal 0.4078651226919937 -0.6804818702113378 0.6087614196096243
    outer loop
      vertex 30.76514909416437 -30.173230022192 1.5
      vertex 31.258899331092834 -29.87728752940893 1.5
      vertex 31.170502357184887 -29.744992196559906 1.7071067811865475
    endloop
  endfacet
  facet normal 0.4726000314865183 -0.6372273768696601 0.6087614314382555
    outer loop
      vertex 31.258899331092834 -29.87728752940893 1.5
      vertex 31.721264593303204 -29.534374080598354 1.5
      vertex 31.170502357184887 -29.744992196559906 1.7071067811865475
    endloop
  endfacet
  facet normal 0.5327835506729921 -0.5878360482375521 0.6087614216790824
    outer loop
      vertex 31.721264593303204 -29.534374080598354 1.5
      vertex 32.14779208600521 -29.14779208600521 1.5
      vertex 32.035284131765366 -29.035284131765366 1.7071067811865475
    endloop
  endfacet
  facet normal 0.5878360482375521 -0.5327835506729921 0.6087614216790824
    outer loop
      vertex 32.14779208600521 -29.14779208600521 1.5
      vertex 32.534374080598354 -28.721264593303204 1.5
      vertex 32.035284131765366 -29.035284131765366 1.7071067811865475
    endloop
  endfacet
  facet normal 0.6372273768696601 -0.4726000314865183 0.6087614314382555
    outer loop
      vertex 32.534374080598354 -28.721264593303204 1.5
      vertex 32.87728752940893 -28.258899331092834 1.5
      vertex 32.744992196559906 -28.170502357184887 1.7071067811865475
    endloop
  endfacet
  facet normal 0.6804818702113378 -0.4078651226919937 0.6087614196096243
    outer loop
      vertex 32.87728752940893 -28.258899331092834 1.5
      vertex 33.173230022192 -27.76514909416437 1.5
      vertex 32.744992196559906 -28.170502357184887 1.7071067811865475
    endloop
  endfacet
  facet normal 0.7171829295419561 -0.3392022684571571 0.6087614201369337
    outer loop
      vertex 33.173230022192 -27.76514909416437 1.5
      vertex 33.419351540505886 -27.244768872857094 1.5
      vertex 33.272352799773216 -27.183880038559437 1.7071067811865475
    endloop
  endfacet
  facet normal 0.2672726895258703 -0.7469771299317352 0.6087614284697704
    outer loop
      vertex 29.656583100557327 -30.461022660136223 1.7071067811865475
      vertex 30.244768872857094 -30.419351540505886 1.5
      vertex 30.183880038559437 -30.272352799773216 1.7071067811865475
    endloop
  endfacet
  facet normal 0.3392022695799737 -0.717182924142418 0.6087614258725051
    outer loop
      vertex 30.76514909416437 -30.173230022192 1.5
      vertex 30.690145015716553 -30.03290729224682 1.7071067811865475
      vertex 30.183880038559437 -30.272352799773216 1.7071067811865475
    endloop
  endfacet
  facet normal 0.4078651137943492 -0.6804818666159259 0.608761429589973
    outer loop
      vertex 30.76514909416437 -30.173230022192 1.5
      vertex 31.170502357184887 -29.744992196559906 1.7071067811865475
      vertex 30.690145015716553 -30.03290729224682 1.7071067811865475
    endloop
  endfacet
  facet normal 0.4726000315430174 -0.6372273703572361 0.6087614382113417
    outer loop
      vertex 31.721264593303204 -29.534374080598354 1.5
      vertex 31.62032614648342 -29.411380134522915 1.7071067811865475
      vertex 31.170502357184887 -29.744992196559906 1.7071067811865475
    endloop
  endfacet
  facet normal 0.5327835484616001 -0.5878360478175887 0.6087614240200042
    outer loop
      vertex 31.721264593303204 -29.534374080598354 1.5
      vertex 32.035284131765366 -29.035284131765366 1.7071067811865475
      vertex 31.62032614648342 -29.411380134522915 1.7071067811865475
    endloop
  endfacet
  facet normal 0.5878360478175887 -0.5327835484616001 0.6087614240200042
    outer loop
      vertex 32.534374080598354 -28.721264593303204 1.5
      vertex 32.411380134522915 -28.62032614648342 1.7071067811865475
      vertex 32.035284131765366 -29.035284131765366 1.7071067811865475
    endloop
  endfacet
  facet normal 0.6372273703572361 -0.4726000315430174 0.6087614382113417
    outer loop
      vertex 32.534374080598354 -28.721264593303204 1.5
      vertex 32.744992196559906 -28.170502357184887 1.7071067811865475
      vertex 32.411380134522915 -28.62032614648342 1.7071067811865475
    endloop
  endfacet
  facet normal 0.6804818666159259 -0.4078651137943492 0.608761429589973
    outer loop
      vertex 33.173230022192 -27.76514909416437 1.5
      vertex 33.03290729224682 -27.690145015716553 1.7071067811865475
      vertex 32.744992196559906 -28.170502357184887 1.7071067811865475
    endloop
  endfacet
  facet normal 0.717182924142418 -0.3392022695799737 0.6087614258725051
    outer loop
      vertex 33.173230022192 -27.76514909416437 1.5
      vertex 33.272352799773216 -27.183880038559437 1.7071067811865475
      vertex 33.03290729224682 -27.690145015716553 1.7071067811865475
    endloop
  endfacet
  facet normal 0.7469771359461497 -0.267272687644287 0.6087614219159151
    outer loop
      vertex 33.419351540505886 -27.244768872857094 1.5
      vertex 33.613281689584255 -26.70277040451765 1.5
      vertex 33.46102266013622 -26.656583100557327 1.7071067811865475
    endloop
  endfacet
  facet normal 0.7695775447094283 -0.1927691438202581 0.6087614145704477
    outer loop
      vertex 33.613281689584255 -26.70277040451765 1.5
      vertex 33.753152906894684 -26.14437321573496 1.5
      vertex 33.46102266013622 -26.656583100557327 1.7071067811865475
    endloop
  endfacet
  facet normal 0.7847664823798011 -0.11640911422877413 0.6087614362438752
    outer loop
      vertex 33.753152906894684 -26.14437321573496 1.5
      vertex 33.837618090212345 -25.574955217540264 1.5
      vertex 33.597099877893925 -26.113332390785217 1.7071067811865475
    endloop
  endfacet
  facet normal 0.7923977099882388 -0.0389280070277418 0.6087614306723474
    outer loop
      vertex 33.837618090212345 -25.574955217540264 1.5
      vertex 33.866025403141975 -24.996711134910583 1.5
      vertex 33.70710678398609 -24.99280981719494 1.7071067811865475
    endloop
  endfacet
  facet normal 0.7469771299317352 -0.2672726895258703 0.6087614284697704
    outer loop
      vertex 33.419351540505886 -27.244768872857094 1.5
      vertex 33.46102266013622 -26.656583100557327 1.7071067811865475
      vertex 33.272352799773216 -27.183880038559437 1.7071067811865475
    endloop
  endfacet
  facet normal 0.7695775390006885 -0.19276913673976268 0.6087614240293567
    outer loop
      vertex 33.753152906894684 -26.14437321573496 1.5
      vertex 33.597099877893925 -26.113332390785217 1.7071067811865475
      vertex 33.46102266013622 -26.656583100557327 1.7071067811865475
    endloop
  endfacet
  facet normal 0.7847664800973513 -0.11640911190637462 0.6087614396303223
    outer loop
      vertex 33.837618090212345 -25.574955217540264 1.5
      vertex 33.67927397042513 -25.559359662234783 1.7071067811865475
      vertex 33.597099877893925 -26.113332390785217 1.7071067811865475
    endloop
  endfacet
  facet normal 0.7923977066129553 -0.038928009295884136 0.6087614349207645
    outer loop
      vertex 33.837618090212345 -25.574955217540264 1.5
      vertex 33.70710678398609 -24.99280981719494 1.7071067811865475
      vertex 33.67927397042513 -25.559359662234783 1.7071067811865475
    endloop
  endfacet
  facet normal 0.029870512602732085 -0.6080281553020704 0.7933533354293101
    outer loop
      vertex 27.99280981719494 -30.70710678398609 1.7071067811865475
      vertex 28.559359662234783 -30.67927397042513 1.7071067811865475
      vertex 27.987725757062435 -30.5 1.8660254037844386
    endloop
  endfacet
  facet normal 0.08932385519442519 -0.6021725128015167 0.7933533347251479
    outer loop
      vertex 28.559359662234783 -30.67927397042513 1.7071067811865475
      vertex 29.113332390785217 -30.597099877893925 1.7071067811865475
      vertex 29.072879172861576 -30.393727622926235 1.8660254037844386
    endloop
  endfacet
  facet normal 0.1479169637946096 -0.5905176258956035 0.7933533294367675
    outer loop
      vertex 29.113332390785217 -30.597099877893925 1.7071067811865475
      vertex 29.656583100557327 -30.461022660136223 1.7071067811865475
      vertex 29.072879172861576 -30.393727622926235 1.8660254037844386
    endloop
  endfacet
  facet normal 0.02987051372014932 -0.6080281531582489 0.793353337030269
    outer loop
      vertex 28.559359662234783 -30.67927397042513 1.7071067811865475
      vertex 28.539035111665726 -30.472915902733803 1.8660254037844386
      vertex 27.987725757062435 -30.5 1.8660254037844386
    endloop
  endfacet
  facet normal 0.0893238456281665 -0.6021725011283121 0.7933533446624326
    outer loop
      vertex 28.559359662234783 -30.67927397042513 1.7071067811865475
      vertex 29.072879172861576 -30.393727622926235 1.8660254037844386
      vertex 28.539035111665726 -30.472915902733803 1.8660254037844386
    endloop
  endfacet
  facet normal 0.1479169655223154 -0.5905176201857097 0.7933533333646969
    outer loop
      vertex 29.656583100557327 -30.461022660136223 1.7071067811865475
      vertex 29.59639063477516 -30.26259482651949 1.8660254037844386
      vertex 29.072879172861576 -30.393727622926235 1.8660254037844386
    endloop
  endfacet
  facet normal 0.018777389761110944 -0.3822224727885872 0.9238795326930547
    outer loop
      vertex 27.987725757062435 -30.5 1.8660254037844386
      vertex 28.539035111665726 -30.472915902733803 1.8660254037844386
      vertex 28.51536676287651 -30.23260683566332 1.9659258262890682
    endloop
  endfacet
  facet normal 0.01877738907133362 -0.3822224716142214 0.9238795331929264
    outer loop
      vertex 27.987725757062435 -30.5 1.8660254037844386
      vertex 28.51536676287651 -30.23260683566332 1.9659258262890682
      vertex 27.981805101037025 -30.258819043636322 1.9659258262890682
    endloop
  endfacet
  facet normal 0.05615131777891114 -0.3785414659522384 0.9238795311437645
    outer loop
      vertex 28.539035111665726 -30.472915902733803 1.8660254037844386
      vertex 29.072879172861576 -30.393727622926235 1.8660254037844386
      vertex 28.51536676287651 -30.23260683566332 1.9659258262890682
    endloop
  endfacet
  facet normal 0.0929844889489513 -0.37121488352893056 0.923879534929476
    outer loop
      vertex 29.072879172861576 -30.393727622926235 1.8660254037844386
      vertex 29.59639063477516 -30.26259482651949 1.8660254037844386
      vertex 29.02577032148838 -30.156895622611046 1.9659258262890682
    endloop
  endfacet
  facet normal 0.056151319390265395 -0.37854146145770673 0.9238795328873759
    outer loop
      vertex 29.072879172861576 -30.393727622926235 1.8660254037844386
      vertex 29.02577032148838 -30.156895622611046 1.9659258262890682
      vertex 28.51536676287651 -30.23260683566332 1.9659258262890682
    endloop
  endfacet
  facet normal 0.0929844893382666 -0.37121488197882874 0.9238795355131242
    outer loop
      vertex 29.59639063477516 -30.26259482651949 1.8660254037844386
      vertex 29.526295080780983 -30.031520694494247 1.9659258262890682
      vertex 29.02577032148838 -30.156895622611046 1.9659258262890682
    endloop
  endfacet
  facet normal 0.12892216337647372 -0.36031331007090156 0.9238795345585267
    outer loop
      vertex 29.59639063477516 -30.26259482651949 1.8660254037844386
      vertex 30.012120850384235 -29.857689455151558 1.9659258262890682
      vertex 29.526295080780983 -30.031520694494247 1.9659258262890682
    endloop
  endfacet
  facet normal 0.006404616899118897 -0.13036896635856507 0.991444861549534
    outer loop
      vertex 27.981805101037025 -30.258819043636322 1.9659258262890682
      vertex 28.489967472851276 -29.97472344338894 2
      vertex 27.97545136511326 -30 2
    endloop
  endfacet
  facet normal 0.006404617767515283 -0.13036896788708788 0.991444861342933
    outer loop
      vertex 27.981805101037025 -30.258819043636322 1.9659258262890682
      vertex 28.51536676287651 -30.23260683566332 1.9659258262890682
      vertex 28.489967472851276 -29.97472344338894 2
    endloop
  endfacet
  facet normal 0.019152169493942432 -0.1291134439768755 0.9914448612949212
    outer loop
      vertex 28.51536676287651 -30.23260683566332 1.9659258262890682
      vertex 29.02577032148838 -30.156895622611046 1.9659258262890682
      vertex 28.489967472851276 -29.97472344338894 2
    endloop
  endfacet
  facet normal 0 0 1
    outer loop
      vertex 27.97545136511326 -30 2
      vertex 28.282048203008316 -29.609387422459054 2
      vertex 27.931723503656087 -29.521635653438384 2
    endloop
  endfacet
  facet normal 0 0 1
    outer loop
      vertex 27.97545136511326 -30 2
      vertex 28.489967472851276 -29.97472344338894 2
      vertex 28.639287170637928 -29.662378817509573 2
    endloop
  endfacet
  facet normal 0 0 1
    outer loop
      vertex 27.97545136511326 -30 2
      vertex 28.639287170637928 -29.662378817509573 2
      vertex 28.282048203008316 -29.609387422459054 2
    endloop
  endfacet
  facet normal 0.01915217065057347 -0.1291134406518182 0.9914448617055921
    outer loop
      vertex 28.489967472851276 -29.97472344338894 2
      vertex 29.02577032148838 -30.156895622611046 1.9659258262890682
      vertex 28.97521633654833 -29.902743570506573 2
    endloop
  endfacet
  facet normal 0 0 1
    outer loop
      vertex 28.489967472851276 -29.97472344338894 2
      vertex 29 -29.68009950248756 2
      vertex 28.639287170637928 -29.662378817509573 2
    endloop
  endfacet
  facet normal 0 0 1
    outer loop
      vertex 28.489967472851276 -29.97472344338894 2
      vertex 29.360712829362072 -29.662378817509573 2
      vertex 29 -29.68009950248756 2
    endloop
  endfacet
  facet normal 0.031715276816057014 -0.12661448353117105 0.9914448616925783
    outer loop
      vertex 29.02577032148838 -30.156895622611046 1.9659258262890682
      vertex 29.451073348522186 -29.783547595143318 2
      vertex 28.97521633654833 -29.902743570506573 2
    endloop
  endfacet
  facet normal 0 0 1
    outer loop
      vertex 28.489967472851276 -29.97472344338894 2
      vertex 28.97521633654833 -29.902743570506573 2
      vertex 29.912955589592457 -29.618283487856388 2
    endloop
  endfacet
  facet normal 0.0317152781421557 -0.12661448502057807 0.9914448614599501
    outer loop
      vertex 29.02577032148838 -30.156895622611046 1.9659258262890682
      vertex 29.526295080780983 -30.031520694494247 1.9659258262890682
      vertex 29.451073348522186 -29.783547595143318 2
    endloop
  endfacet
  facet normal 0 0 1
    outer loop
      vertex 28.489967472851276 -29.97472344338894 2
      vertex 29.912955589592457 -29.618283487856388 2
      vertex 29.360712829362072 -29.662378817509573 2
    endloop
  endfacet
  facet normal 0 0 1
    outer loop
      vertex 28.97521633654833 -29.902743570506573 2
      vertex 29.451073348522186 -29.783547595143318 2
      vertex 29.912955589592457 -29.618283487856388 2
    endloop
  endfacet
  facet normal 0.043972950611038994 -0.12289616486074866 0.9914448609363401
    outer loop
      vertex 29.526295080780983 -30.031520694494247 1.9659258262890682
      vertex 29.912955589592457 -29.618283487856388 2
      vertex 29.451073348522186 -29.783547595143318 2
    endloop
  endfacet
  facet normal 0 0 1
    outer loop
      vertex 29.912955589592457 -29.618283487856388 2
      vertex 29.717951796991684 -29.60938742245905 2
      vertex 29.360712829362072 -29.662378817509573 2
    endloop
  endfacet
  facet normal 0.20508554839523235 -0.5731757127991874 0.7933533387442006
    outer loop
      vertex 29.656583100557327 -30.461022660136223 1.7071067811865475
      vertex 30.183880038559437 -30.272352799773216 1.7071067811865475
      vertex 29.59639063477516 -30.26259482651949 1.8660254037844386
    endloop
  endfacet
  facet normal 0.26027905802048096 -0.5503138176383928 0.7933533349474425
    outer loop
      vertex 30.183880038559437 -30.272352799773216 1.7071067811865475
      vertex 30.690145015716553 -30.03290729224682 1.7071067811865475
      vertex 30.592397764325142 -29.850035168230534 1.8660254037844386
    endloop
  endfacet
  facet normal 0.3129659075806018 -0.5221520982669193 0.7933533430746378
    outer loop
      vertex 30.690145015716553 -30.03290729224682 1.7071067811865475
      vertex 31.170502357184887 -29.744992196559906 1.7071067811865475
      vertex 30.592397764325142 -29.850035168230534 1.8660254037844386
    endloop
  endfacet
  facet normal 0.3626387644367885 -0.4889617664585747 0.7933533370885066
    outer loop
      vertex 31.170502357184887 -29.744992196559906 1.7071067811865475
      vertex 31.62032614648342 -29.411380134522915 1.7071067811865475
      vertex 31.48878053575754 -29.251091361045837 1.8660254037844386
    endloop
  endfacet
  facet normal 0.4088191951837609 -0.45106246366409747 0.7933533383824491
    outer loop
      vertex 31.62032614648342 -29.411380134522915 1.7071067811865475
      vertex 32.035284131765366 -29.035284131765366 1.7071067811865475
      vertex 31.48878053575754 -29.251091361045837 1.8660254037844386
    endloop
  endfacet
  facet normal 0.20508554904119203 -0.5731757095397837 0.7933533409320456
    outer loop
      vertex 30.183880038559437 -30.272352799773216 1.7071067811865475
      vertex 30.104528158903122 -30.080780312418938 1.8660254037844386
      vertex 29.59639063477516 -30.26259482651949 1.8660254037844386
    endloop
  endfacet
  facet normal 0.26027905761195674 -0.5503138173650111 0.7933533352711014
    outer loop
      vertex 30.183880038559437 -30.272352799773216 1.7071067811865475
      vertex 30.592397764325142 -29.850035168230534 1.8660254037844386
      vertex 30.104528158903122 -30.080780312418938 1.8660254037844386
    endloop
  endfacet
  facet normal 0.3129659075734709 -0.5221520880983155 0.7933533497700016
    outer loop
      vertex 31.170502357184887 -29.744992196559906 1.7071067811865475
      vertex 31.055301271378994 -29.572581492364407 1.8660254037844386
      vertex 30.592397764325142 -29.850035168230534 1.8660254037844386
    endloop
  endfacet
  facet normal 0.36263875665581197 -0.4889617632291934 0.7933533426355023
    outer loop
      vertex 31.170502357184887 -29.744992196559906 1.7071067811865475
      vertex 31.48878053575754 -29.251091361045837 1.8660254037844386
      vertex 31.055301271378994 -29.572581492364407 1.8660254037844386
    endloop
  endfacet
  facet normal 0.4088191942464663 -0.4510624589692086 0.7933533415347296
    outer loop
      vertex 32.035284131765366 -29.035284131765366 1.7071067811865475
      vertex 31.88866090774536 -28.88866090774536 1.8660254037844386
      vertex 31.48878053575754 -29.251091361045837 1.8660254037844386
    endloop
  endfacet
  facet normal 0.45106246366409747 -0.4088191951837609 0.7933533383824491
    outer loop
      vertex 32.035284131765366 -29.035284131765366 1.7071067811865475
      vertex 32.411380134522915 -28.62032614648342 1.7071067811865475
      vertex 32.25109136104584 -28.48878053575754 1.8660254037844386
    endloop
  endfacet
  facet normal 0.4889617664585747 -0.3626387644367885 0.7933533370885066
    outer loop
      vertex 32.411380134522915 -28.62032614648342 1.7071067811865475
      vertex 32.744992196559906 -28.170502357184887 1.7071067811865475
      vertex 32.25109136104584 -28.48878053575754 1.8660254037844386
    endloop
  endfacet
  facet normal 0.5221520982669193 -0.3129659075806018 0.7933533430746378
    outer loop
      vertex 32.744992196559906 -28.170502357184887 1.7071067811865475
      vertex 33.03290729224682 -27.690145015716553 1.7071067811865475
      vertex 32.850035168230534 -27.592397764325142 1.8660254037844386
    endloop
  endfacet
  facet normal 0.5503138176383928 -0.26027905802048096 0.7933533349474425
    outer loop
      vertex 33.03290729224682 -27.690145015716553 1.7071067811865475
      vertex 33.272352799773216 -27.183880038559437 1.7071067811865475
      vertex 32.850035168230534 -27.592397764325142 1.8660254037844386
    endloop
  endfacet
  facet normal 0.4510624589692086 -0.4088191942464663 0.7933533415347296
    outer loop
      vertex 32.035284131765366 -29.035284131765366 1.7071067811865475
      vertex 32.25109136104584 -28.48878053575754 1.8660254037844386
      vertex 31.88866090774536 -28.88866090774536 1.8660254037844386
    endloop
  endfacet
  facet normal 0.4889617632291934 -0.36263875665581197 0.7933533426355023
    outer loop
      vertex 32.744992196559906 -28.170502357184887 1.7071067811865475
      vertex 32.57258149236441 -28.055301271378994 1.8660254037844386
      vertex 32.25109136104584 -28.48878053575754 1.8660254037844386
    endloop
  endfacet
  facet normal 0.5221520880983155 -0.3129659075734709 0.7933533497700016
    outer loop
      vertex 32.744992196559906 -28.170502357184887 1.7071067811865475
      vertex 32.850035168230534 -27.592397764325142 1.8660254037844386
      vertex 32.57258149236441 -28.055301271378994 1.8660254037844386
    endloop
  endfacet
  facet normal 0.5503138173650111 -0.26027905761195674 0.7933533352711014
    outer loop
      vertex 33.272352799773216 -27.183880038559437 1.7071067811865475
      vertex 33.08078031241894 -27.104528158903122 1.8660254037844386
      vertex 32.850035168230534 -27.592397764325142 1.8660254037844386
    endloop
  endfacet
  facet normal 0.12892216480610166 -0.36031331136500616 0.9238795338543291
    outer loop
      vertex 29.59639063477516 -30.26259482651949 1.8660254037844386
      vertex 30.104528158903122 -30.080780312418938 1.8660254037844386
      vertex 30.012120850384235 -29.857689455151558 1.9659258262890682
    endloop
  endfacet
  facet normal 0.16361825118493173 -0.3459417181938908 0.9238795351625899
    outer loop
      vertex 30.104528158903122 -30.080780312418938 1.8660254037844386
      vertex 30.592397764325142 -29.850035168230534 1.8660254037844386
      vertex 30.47856877744198 -29.637076012790203 1.9659258262890682
    endloop
  endfacet
  facet normal 0.19673859803211718 -0.3282385310543422 0.9238795326099852
    outer loop
      vertex 30.592397764325142 -29.850035168230534 1.8660254037844386
      vertex 31.055301271378994 -29.572581492364407 1.8660254037844386
      vertex 30.47856877744198 -29.637076012790203 1.9659258262890682
    endloop
  endfacet
  facet normal 0.16361824858838775 -0.34594171627068965 0.923879536342568
    outer loop
      vertex 30.104528158903122 -30.080780312418938 1.8660254037844386
      vertex 30.47856877744198 -29.637076012790203 1.9659258262890682
      vertex 30.012120850384235 -29.857689455151558 1.9659258262890682
    endloop
  endfacet
  facet normal 0.22796425343660978 -0.3073742154355166 0.9238795326450792
    outer loop
      vertex 31.055301271378994 -29.572581492364407 1.8660254037844386
      vertex 31.48878053575754 -29.251091361045837 1.8660254037844386
      vertex 30.921146728098392 -29.371805004775524 1.9659258262890682
    endloop
  endfacet
  facet normal 0.19673859793863208 -0.32823852912670276 0.9238795333147499
    outer loop
      vertex 31.055301271378994 -29.572581492364407 1.8660254037844386
      vertex 30.921146728098392 -29.371805004775524 1.9659258262890682
      vertex 30.47856877744198 -29.637076012790203 1.9659258262890682
    endloop
  endfacet
  facet normal 0.22796425288885164 -0.3073742117267822 0.9238795340141306
    outer loop
      vertex 31.48878053575754 -29.251091361045837 1.8660254037844386
      vertex 31.335592448711395 -29.064431108534336 1.9659258262890682
      vertex 30.921146728098392 -29.371805004775524 1.9659258262890682
    endloop
  endfacet
  facet normal 0.04397295084417403 -0.1228961650758389 0.9914448608993381
    outer loop
      vertex 29.526295080780983 -30.031520694494247 1.9659258262890682
      vertex 30.012120850384235 -29.857689455151558 1.9659258262890682
      vertex 29.912955589592457 -29.618283487856388 2
    endloop
  endfacet
  facet normal 0.055807139302326184 -0.11799428069280994 0.991444861263942
    outer loop
      vertex 30.012120850384235 -29.857689455151558 1.9659258262890682
      vertex 30.47856877744198 -29.637076012790203 1.9659258262890682
      vertex 29.912955589592457 -29.618283487856388 2
    endloop
  endfacet
  facet normal 0 0 1
    outer loop
      vertex 29.912955589592457 -29.618283487856388 2
      vertex 30.068276496343913 -29.521635653438384 2
      vertex 29.717951796991684 -29.60938742245905 2
    endloop
  endfacet
  facet normal 0.05580713937362072 -0.11799427892187714 0.991444861470692
    outer loop
      vertex 30.47856877744198 -29.637076012790203 1.9659258262890682
      vertex 30.26961986053975 -29.449593845780395 2
      vertex 29.912955589592457 -29.618283487856388 2
    endloop
  endfacet
  facet normal 0 0 1
    outer loop
      vertex 29.912955589592457 -29.618283487856388 2
      vertex 30.26961986053975 -29.449593845780395 2
      vertex 30.068276496343913 -29.521635653438384 2
    endloop
  endfacet
  facet normal 0.06710387312347692 -0.11195605155031883 0.9914448611663136
    outer loop
      vertex 30.47856877744198 -29.637076012790203 1.9659258262890682
      vertex 30.921146728098392 -29.371805004775524 1.9659258262890682
      vertex 30.731798511630515 -29.239967130993417 1.99362887621475
    endloop
  endfacet
  facet normal 0.05580713937361438 -0.11799427892188408 0.9914448614706913
    outer loop
      vertex 30.47856877744198 -29.637076012790203 1.9659258262890682
      vertex 30.360376686772383 -29.415954134161954 1.9988949609023257
      vertex 30.26961986053975 -29.449593845780395 2
    endloop
  endfacet
  facet normal 0.06710387153500183 -0.11195605057900769 0.9914448613835086
    outer loop
      vertex 30.47856877744198 -29.637076012790203 1.9659258262890682
      vertex 30.407455397102694 -29.39789790812052 1.997747484105189
      vertex 30.360376686772383 -29.415954134161954 1.9988949609023257
    endloop
  endfacet
  facet normal 0.06710387153499739 -0.11195605057900901 0.9914448613835088
    outer loop
      vertex 30.47856877744198 -29.637076012790203 1.9659258262890682
      vertex 30.72239377134045 -29.244546534345695 1.9937483004873895
      vertex 30.407455397102694 -29.39789790812052 1.997747484105189
    endloop
  endfacet
  facet normal 0.06710387312353251 -0.11195605155035393 0.9914448611663057
    outer loop
      vertex 30.47856877744198 -29.637076012790203 1.9659258262890682
      vertex 30.731798511630515 -29.239967130993417 1.99362887621475
      vertex 30.72239377134045 -29.244546534345695 1.9937483004873895
    endloop
  endfacet
  facet normal 0.0777543628857235 -0.10483962155228865 0.9914448612025826
    outer loop
      vertex 30.921146728098392 -29.371805004775524 1.9659258262890682
      vertex 31.335592448711395 -29.064431108534336 1.9659258262890682
      vertex 30.804099562635855 -29.196631548871505 1.9936288763283696
    endloop
  endfacet
  facet normal 0.07775436287263245 -0.10483962149824527 0.991444861209324
    outer loop
      vertex 31.335592448711395 -29.064431108534336 1.9659258262890682
      vertex 31.039289223955848 -29.052012004313962 1.990476745453746
      vertex 30.804099562635855 -29.196631548871505 1.9936288763283696
    endloop
  endfacet
  facet normal 0.06710387312347697 -0.11195605155031878 0.9914448611663135
    outer loop
      vertex 30.921146728098392 -29.371805004775524 1.9659258262890682
      vertex 30.804099562635855 -29.196631548871505 1.9936288763283696
      vertex 30.731798511630515 -29.239967130993417 1.99362887621475
    endloop
  endfacet
  facet normal 0.25699449473448854 -0.2835497216566654 0.923879529497538
    outer loop
      vertex 31.48878053575754 -29.251091361045837 1.8660254037844386
      vertex 31.88866090774536 -28.88866090774536 1.8660254037844386
      vertex 31.717914551496506 -28.717914551496506 1.9659258262890682
    endloop
  endfacet
  facet normal 0.2569944857099467 -0.2835497184340259 0.9238795329969511
    outer loop
      vertex 31.48878053575754 -29.251091361045837 1.8660254037844386
      vertex 31.717914551496506 -28.717914551496506 1.9659258262890682
      vertex 31.335592448711395 -29.064431108534336 1.9659258262890682
    endloop
  endfacet
  facet normal 0.07775436287374358 -0.10483962147617602 0.9914448612115704
    outer loop
      vertex 31.335592448711395 -29.064431108534336 1.9659258262890682
      vertex 31.21714637591083 -28.920104150342414 1.990476745400605
      vertex 31.039289223955848 -29.052012004313962 1.990476745453746
    endloop
  endfacet
  facet normal 0.0876560335628627 -0.0967135303976796 0.9914448612091563
    outer loop
      vertex 31.335592448711395 -29.064431108534336 1.9659258262890682
      vertex 31.327619293374482 -28.836212315203397 1.9888930544919325
      vertex 31.21714637591083 -28.920104150342414 1.990476745400605
    endloop
  endfacet
  facet normal 0.08765603552005756 -0.09671353111757956 0.9914448609658912
    outer loop
      vertex 31.335592448711395 -29.064431108534336 1.9659258262890682
      vertex 31.717914551496506 -28.717914551496506 1.9659258262890682
      vertex 31.46978544482154 -28.7073604264653 1.988893054608454
    endloop
  endfacet
  facet normal 0.08765603356285963 -0.09671353039767974 0.9914448612091566
    outer loop
      vertex 31.335592448711395 -29.064431108534336 1.9659258262890682
      vertex 31.46978544482154 -28.7073604264653 1.988893054608454
      vertex 31.327619293374482 -28.836212315203397 1.9888930544919325
    endloop
  endfacet
  facet normal 0.0876560355200575 -0.0967135311175803 0.9914448609658911
    outer loop
      vertex 31.717914551496506 -28.717914551496506 1.9659258262890682
      vertex 31.594408590829346 -28.594408590829346 1.9888930545655712
      vertex 31.46978544482154 -28.7073604264653 1.988893054608454
    endloop
  endfacet
  facet normal 0.09671353111758162 -0.0876560355200562 0.9914448609658911
    outer loop
      vertex 31.717914551496506 -28.717914551496506 1.9659258262890682
      vertex 31.7073604264653 -28.469785444821536 1.988893054608454
      vertex 31.594408590829346 -28.594408590829346 1.9888930545655712
    endloop
  endfacet
  facet normal 0.09671353111757826 -0.08765603552005638 0.9914448609658916
    outer loop
      vertex 31.717914551496506 -28.717914551496506 1.9659258262890682
      vertex 32.064431108534336 -28.335592448711395 1.9659258262890682
      vertex 31.7073604264653 -28.469785444821536 1.988893054608454
    endloop
  endfacet
  facet normal 0.09671353039767758 -0.08765603356285613 0.9914448612091571
    outer loop
      vertex 32.064431108534336 -28.335592448711395 1.9659258262890682
      vertex 31.836212315203397 -28.32761929337448 1.9888930544919323
      vertex 31.7073604264653 -28.469785444821536 1.988893054608454
    endloop
  endfacet
  facet normal 0.2835497216566654 -0.25699449473448854 0.923879529497538
    outer loop
      vertex 31.88866090774536 -28.88866090774536 1.8660254037844386
      vertex 32.25109136104584 -28.48878053575754 1.8660254037844386
      vertex 31.717914551496506 -28.717914551496506 1.9659258262890682
    endloop
  endfacet
  facet normal 0.3073742154355166 -0.22796425343660978 0.9238795326450792
    outer loop
      vertex 32.25109136104584 -28.48878053575754 1.8660254037844386
      vertex 32.57258149236441 -28.055301271378994 1.8660254037844386
      vertex 32.371805004775524 -27.921146728098392 1.9659258262890682
    endloop
  endfacet
  facet normal 0.2835497184340259 -0.2569944857099467 0.9238795329969511
    outer loop
      vertex 32.25109136104584 -28.48878053575754 1.8660254037844386
      vertex 32.064431108534336 -28.335592448711395 1.9659258262890682
      vertex 31.717914551496506 -28.717914551496506 1.9659258262890682
    endloop
  endfacet
  facet normal 0.3073742117267822 -0.22796425288885164 0.9238795340141306
    outer loop
      vertex 32.25109136104584 -28.48878053575754 1.8660254037844386
      vertex 32.371805004775524 -27.921146728098392 1.9659258262890682
      vertex 32.064431108534336 -28.335592448711395 1.9659258262890682
    endloop
  endfacet
  facet normal 0.3282385310543422 -0.19673859803211718 0.9238795326099852
    outer loop
      vertex 32.57258149236441 -28.055301271378994 1.8660254037844386
      vertex 32.850035168230534 -27.592397764325142 1.8660254037844386
      vertex 32.6370760127902 -27.47856877744198 1.9659258262890682
    endloop
  endfacet
  facet normal 0.3459417181938908 -0.16361825118493173 0.9238795351625899
    outer loop
      vertex 32.850035168230534 -27.592397764325142 1.8660254037844386
      vertex 33.08078031241894 -27.104528158903122 1.8660254037844386
      vertex 32.6370760127902 -27.47856877744198 1.9659258262890682
    endloop
  endfacet
  facet normal 0.32823852912670276 -0.19673859793863208 0.9238795333147499
    outer loop
      vertex 32.57258149236441 -28.055301271378994 1.8660254037844386
      vertex 32.6370760127902 -27.47856877744198 1.9659258262890682
      vertex 32.371805004775524 -27.921146728098392 1.9659258262890682
    endloop
  endfacet
  facet normal 0.3459417162706897 -0.16361824858838775 0.923879536342568
    outer loop
      vertex 32.6370760127902 -27.47856877744198 1.9659258262890682
      vertex 33.08078031241894 -27.104528158903122 1.8660254037844386
      vertex 32.85768945515156 -27.012120850384235 1.9659258262890682
    endloop
  endfacet
  facet normal 0.09671353039767742 -0.08765603356285992 0.9914448612091569
    outer loop
      vertex 32.064431108534336 -28.335592448711395 1.9659258262890682
      vertex 31.92010415034241 -28.217146375910826 1.990476745400605
      vertex 31.836212315203397 -28.32761929337448 1.9888930544919323
    endloop
  endfacet
  facet normal 0.10483962147617021 -0.07775436287374535 0.991444861211571
    outer loop
      vertex 32.064431108534336 -28.335592448711395 1.9659258262890682
      vertex 32.052012004313966 -28.03928922395585 1.9904767454537458
      vertex 31.92010415034241 -28.217146375910826 1.990476745400605
    endloop
  endfacet
  facet normal 0.10483962153232576 -0.07775436287091801 0.9914448612058546
    outer loop
      vertex 32.064431108534336 -28.335592448711395 1.9659258262890682
      vertex 32.371805004775524 -27.921146728098392 1.9659258262890682
      vertex 32.052012004313966 -28.03928922395585 1.9904767454537458
    endloop
  endfacet
  facet normal 0.1048396215427802 -0.07775436289991888 0.9914448612024748
    outer loop
      vertex 32.371805004775524 -27.921146728098392 1.9659258262890682
      vertex 32.196631548871494 -27.804099562635855 1.9936288763283696
      vertex 32.052012004313966 -28.03928922395585 1.9904767454537458
    endloop
  endfacet
  facet normal 0.11195605155029892 -0.0671038731234967 0.9914448611663145
    outer loop
      vertex 32.371805004775524 -27.921146728098392 1.9659258262890682
      vertex 32.23996713099342 -27.731798511630522 1.9936288762147503
      vertex 32.196631548871494 -27.804099562635855 1.9936288763283696
    endloop
  endfacet
  facet normal 0.11195605155017427 -0.067103873123243 0.9914448611663457
    outer loop
      vertex 32.6370760127902 -27.47856877744198 1.9659258262890682
      vertex 32.24454653434569 -27.722393771340446 1.9937483004873897
      vertex 32.23996713099342 -27.731798511630522 1.9936288762147503
    endloop
  endfacet
  facet normal 0.11195605155032322 -0.06710387312347955 0.9914448611663129
    outer loop
      vertex 32.371805004775524 -27.921146728098392 1.9659258262890682
      vertex 32.6370760127902 -27.47856877744198 1.9659258262890682
      vertex 32.23996713099342 -27.731798511630522 1.9936288762147503
    endloop
  endfacet
  facet normal 0.11799428069280994 -0.055807139302326184 0.991444861263942
    outer loop
      vertex 32.6370760127902 -27.47856877744198 1.9659258262890682
      vertex 32.85768945515156 -27.012120850384235 1.9659258262890682
      vertex 32.61828348785639 -26.912955589592457 2
    endloop
  endfacet
  facet normal 0.11195605057900604 -0.06710387153499589 0.9914448613835093
    outer loop
      vertex 32.6370760127902 -27.47856877744198 1.9659258262890682
      vertex 32.39789790812051 -27.407455397102687 1.9977474841051894
      vertex 32.24454653434569 -27.722393771340446 1.9937483004873897
    endloop
  endfacet
  facet normal 0.11195605057900496 -0.06710387153499946 0.9914448613835091
    outer loop
      vertex 32.6370760127902 -27.47856877744198 1.9659258262890682
      vertex 32.41595413416195 -27.360376686772373 1.9988949609023259
      vertex 32.39789790812051 -27.407455397102687 1.9977474841051894
    endloop
  endfacet
  facet normal 0.11799427892187955 -0.05580713937361634 0.9914448614706919
    outer loop
      vertex 32.6370760127902 -27.47856877744198 1.9659258262890682
      vertex 32.449593845780385 -27.269619860539763 2
      vertex 32.41595413416195 -27.360376686772373 1.9988949609023259
    endloop
  endfacet
  facet normal 0.11799427892187457 -0.05580713937362082 0.9914448614706922
    outer loop
      vertex 32.6370760127902 -27.47856877744198 1.9659258262890682
      vertex 32.61828348785639 -26.912955589592457 2
      vertex 32.449593845780385 -27.269619860539763 2
    endloop
  endfacet
  facet normal 0.5731757127991874 -0.20508554839523235 0.7933533387442006
    outer loop
      vertex 33.272352799773216 -27.183880038559437 1.7071067811865475
      vertex 33.46102266013622 -26.656583100557327 1.7071067811865475
      vertex 33.26259482651949 -26.59639063477516 1.8660254037844386
    endloop
  endfacet
  facet normal 0.5905176258956035 -0.1479169637946096 0.7933533294367675
    outer loop
      vertex 33.46102266013622 -26.656583100557327 1.7071067811865475
      vertex 33.597099877893925 -26.113332390785217 1.7071067811865475
      vertex 33.393727622926235 -26.072879172861576 1.8660254037844386
    endloop
  endfacet
  facet normal 0.6021725128015167 -0.08932385519442519 0.7933533347251479
    outer loop
      vertex 33.597099877893925 -26.113332390785217 1.7071067811865475
      vertex 33.67927397042513 -25.559359662234783 1.7071067811865475
      vertex 33.393727622926235 -26.072879172861576 1.8660254037844386
    endloop
  endfacet
  facet normal 0.5731757095397837 -0.20508554904119203 0.7933533409320456
    outer loop
      vertex 33.272352799773216 -27.183880038559437 1.7071067811865475
      vertex 33.26259482651949 -26.59639063477516 1.8660254037844386
      vertex 33.08078031241894 -27.104528158903122 1.8660254037844386
    endloop
  endfacet
  facet normal 0.5905176201857097 -0.1479169655223154 0.7933533333646969
    outer loop
      vertex 33.46102266013622 -26.656583100557327 1.7071067811865475
      vertex 33.393727622926235 -26.072879172861576 1.8660254037844386
      vertex 33.26259482651949 -26.59639063477516 1.8660254037844386
    endloop
  endfacet
  facet normal 0.6021725011283121 -0.0893238456281665 0.7933533446624326
    outer loop
      vertex 33.67927397042513 -25.559359662234783 1.7071067811865475
      vertex 33.4729159027338 -25.539035111665726 1.8660254037844386
      vertex 33.393727622926235 -26.072879172861576 1.8660254037844386
    endloop
  endfacet
  facet normal 0.6080281531904848 -0.029870513318052773 0.7933533370207024
    outer loop
      vertex 33.67927397042513 -25.559359662234783 1.7071067811865475
      vertex 33.5 -24.987725749611855 1.8660254037844386
      vertex 33.4729159027338 -25.539035111665726 1.8660254037844386
    endloop
  endfacet
  facet normal 0.6080281546265347 -0.029870512569545135 0.793353335948292
    outer loop
      vertex 33.67927397042513 -25.559359662234783 1.7071067811865475
      vertex 33.70710678398609 -24.99280981719494 1.7071067811865475
      vertex 33.5 -24.987725749611855 1.8660254037844386
    endloop
  endfacet
  facet normal 0.36031331136500616 -0.12892216480610166 0.9238795338543291
    outer loop
      vertex 33.08078031241894 -27.104528158903122 1.8660254037844386
      vertex 33.26259482651949 -26.59639063477516 1.8660254037844386
      vertex 32.85768945515156 -27.012120850384235 1.9659258262890682
    endloop
  endfacet
  facet normal 0.37121488352893056 -0.0929844889489513 0.923879534929476
    outer loop
      vertex 33.26259482651949 -26.59639063477516 1.8660254037844386
      vertex 33.393727622926235 -26.072879172861576 1.8660254037844386
      vertex 33.156895622611046 -26.02577032148838 1.9659258262890682
    endloop
  endfacet
  facet normal 0.36031331007090156 -0.12892216337647372 0.9238795345585267
    outer loop
      vertex 33.26259482651949 -26.59639063477516 1.8660254037844386
      vertex 33.03152069449425 -26.526295080780983 1.9659258262890682
      vertex 32.85768945515156 -27.012120850384235 1.9659258262890682
    endloop
  endfacet
  facet normal 0.37121488197882874 -0.0929844893382666 0.9238795355131242
    outer loop
      vertex 33.26259482651949 -26.59639063477516 1.8660254037844386
      vertex 33.156895622611046 -26.02577032148838 1.9659258262890682
      vertex 33.03152069449425 -26.526295080780983 1.9659258262890682
    endloop
  endfacet
  facet normal 0.3785414659522384 -0.05615131777891114 0.9238795311437645
    outer loop
      vertex 33.393727622926235 -26.072879172861576 1.8660254037844386
      vertex 33.4729159027338 -25.539035111665726 1.8660254037844386
      vertex 33.23260683566332 -25.51536676287651 1.9659258262890682
    endloop
  endfacet
  facet normal 0.38222247281163907 -0.018777389508479434 0.9238795326886523
    outer loop
      vertex 33.4729159027338 -25.539035111665726 1.8660254037844386
      vertex 33.5 -24.987725749611855 1.8660254037844386
      vertex 33.23260683566332 -25.51536676287651 1.9659258262890682
    endloop
  endfacet
  facet normal 0.37854146145770673 -0.056151319390265395 0.9238795328873759
    outer loop
      vertex 33.393727622926235 -26.072879172861576 1.8660254037844386
      vertex 33.23260683566332 -25.51536676287651 1.9659258262890682
      vertex 33.156895622611046 -26.02577032148838 1.9659258262890682
    endloop
  endfacet
  facet normal 0.1228961650758389 -0.04397295084417403 0.9914448608993381
    outer loop
      vertex 32.85768945515156 -27.012120850384235 1.9659258262890682
      vertex 33.03152069449425 -26.526295080780983 1.9659258262890682
      vertex 32.61828348785639 -26.912955589592457 2
    endloop
  endfacet
  facet normal 0 0 1
    outer loop
      vertex 32.61828348785639 -26.912955589592457 2
      vertex 32.52163565343838 -27.06827649634391 2
      vertex 32.449593845780385 -27.269619860539763 2
    endloop
  endfacet
  facet normal 0 0 1
    outer loop
      vertex 32.61828348785639 -26.912955589592457 2
      vertex 32.60938742245905 -26.71795179699169 2
      vertex 32.52163565343838 -27.06827649634391 2
    endloop
  endfacet
  facet normal 0 0 1
    outer loop
      vertex 32.61828348785639 -26.912955589592457 2
      vertex 32.66237881750958 -26.36071282936207 2
      vertex 32.60938742245905 -26.71795179699169 2
    endloop
  endfacet
  facet normal 0.12289616486074866 -0.043972950611038994 0.9914448609363401
    outer loop
      vertex 32.61828348785639 -26.912955589592457 2
      vertex 33.03152069449425 -26.526295080780983 1.9659258262890682
      vertex 32.78354759514332 -26.451073348522186 2
    endloop
  endfacet
  facet normal 0 0 1
    outer loop
      vertex 32.61828348785639 -26.912955589592457 2
      vertex 32.78354759514332 -26.451073348522186 2
      vertex 32.90274357050657 -25.97521633654833 2
    endloop
  endfacet
  facet normal 0 0 1
    outer loop
      vertex 32.61828348785639 -26.912955589592457 2
      vertex 33 -24.97545136511326 2
      vertex 32.66237881750958 -26.36071282936207 2
    endloop
  endfacet
  facet normal 0 0 1
    outer loop
      vertex 32.61828348785639 -26.912955589592457 2
      vertex 32.90274357050657 -25.97521633654833 2
      vertex 32.97472344338894 -25.489967472851276 2
    endloop
  endfacet
  facet normal 0 0 1
    outer loop
      vertex 33 -24.97545136511326 2
      vertex 32.680099502487565 -26 2
      vertex 32.66237881750958 -26.36071282936207 2
    endloop
  endfacet
  facet normal 0 0 1
    outer loop
      vertex 32.61828348785639 -26.912955589592457 2
      vertex 32.97472344338894 -25.489967472851276 2
      vertex 33 -24.97545136511326 2
    endloop
  endfacet
  facet normal 0 0 1
    outer loop
      vertex 33 -24.97545136511326 2
      vertex 32.66237881750958 -25.63928717063793 2
      vertex 32.680099502487565 -26 2
    endloop
  endfacet
  facet normal 0 0 1
    outer loop
      vertex 33 -24.97545136511326 2
      vertex 32.60938742245905 -25.28204820300831 2
      vertex 32.66237881750958 -25.63928717063793 2
    endloop
  endfacet
  facet normal 0.12661448502057807 -0.0317152781421557 0.9914448614599501
    outer loop
      vertex 32.78354759514332 -26.451073348522186 2
      vertex 33.03152069449425 -26.526295080780983 1.9659258262890682
      vertex 33.156895622611046 -26.02577032148838 1.9659258262890682
    endloop
  endfacet
  facet normal 0.1291134439768755 -0.019152169493942432 0.9914448612949212
    outer loop
      vertex 33.156895622611046 -26.02577032148838 1.9659258262890682
      vertex 33.23260683566332 -25.51536676287651 1.9659258262890682
      vertex 32.97472344338894 -25.489967472851276 2
    endloop
  endfacet
  facet normal 0.12661448353117102 -0.03171527681605702 0.9914448616925783
    outer loop
      vertex 32.78354759514332 -26.451073348522186 2
      vertex 33.156895622611046 -26.02577032148838 1.9659258262890682
      vertex 32.90274357050657 -25.97521633654833 2
    endloop
  endfacet
  facet normal 0.1291134406518182 -0.01915217065057347 0.9914448617055921
    outer loop
      vertex 32.90274357050657 -25.97521633654833 2
      vertex 33.156895622611046 -26.02577032148838 1.9659258262890682
      vertex 32.97472344338894 -25.489967472851276 2
    endloop
  endfacet
  facet normal 0.13036896788708788 -0.006404617767515283 0.991444861342933
    outer loop
      vertex 33.23260683566332 -25.51536676287651 1.9659258262890682
      vertex 33.25881904363632 -24.981805101037025 1.9659258262890682
      vertex 32.97472344338894 -25.489967472851276 2
    endloop
  endfacet
  facet normal 0.3822224721087478 -0.018777389095628157 0.9238795329878398
    outer loop
      vertex 33.5 -24.987725749611855 1.8660254037844386
      vertex 33.25881904363632 -24.981805101037025 1.9659258262890682
      vertex 33.23260683566332 -25.51536676287651 1.9659258262890682
    endloop
  endfacet
  facet normal 0.13036896635856507 -0.006404616899118898 0.991444861549534
    outer loop
      vertex 32.97472344338894 -25.489967472851276 2
      vertex 33.25881904363632 -24.981805101037025 1.9659258262890682
      vertex 33 -24.97545136511326 2
    endloop
  endfacet
  facet normal 0.9914448620347796 0 0.1305261871994921
    outer loop
      vertex 34 -25 1
      vertex 34 25 1
      vertex 33.965925827622414 -24.999163553118706 1.2588190451025207
    endloop
  endfacet
  facet normal 0.9238795298353724 -3.0329633943458235e-20 0.38268343882531847
    outer loop
      vertex 33.965925827622414 -24.999163553118706 1.2588190451025207
      vertex 33.866025403141975 24.996711134910583 1.5
      vertex 33.866025403141975 -24.996711134910583 1.5
    endloop
  endfacet
  facet normal 0.7933533466591596 0 0.6087614207098797
    outer loop
      vertex 33.866025403141975 -24.996711134910583 1.5
      vertex 33.866025403141975 24.996711134910583 1.5
      vertex 33.70710678398609 -24.99280981719494 1.7071067811865475
    endloop
  endfacet
  facet normal 0 0 1
    outer loop
      vertex 25.47836434656162 -24.93172350365609 2
      vertex 26.955446261867664 22.94010909343188 2
      vertex 25.39061257754095 -25.28204820300831 2
    endloop
  endfacet
  facet normal 0 0 1
    outer loop
      vertex 25.600031392046773 -24.591686890943 2
      vertex 26.955446261867664 22.94010909343188 2
      vertex 25.47836434656162 -24.93172350365609 2
    endloop
  endfacet
  facet normal 0 0 1
    outer loop
      vertex 25.754441993838412 -24.265213103332385 2
      vertex 26.955446261867664 22.94010909343188 2
      vertex 25.600031392046773 -24.591686890943 2
    endloop
  endfacet
  facet normal 0 0 1
    outer loop
      vertex 25.940109093431886 -23.955446261867664 2
      vertex 26.955446261867664 22.94010909343188 2
      vertex 25.754441993838412 -24.265213103332385 2
    endloop
  endfacet
  facet normal 0 0 1
    outer loop
      vertex 26.155244615162104 -23.665369590567916 2
      vertex 26.955446261867664 22.94010909343188 2
      vertex 25.940109093431886 -23.955446261867664 2
    endloop
  endfacet
  facet normal 0 0 1
    outer loop
      vertex 26.3977766863498 -23.397776686349808 2
      vertex 26.955446261867664 22.94010909343188 2
      vertex 26.155244615162104 -23.665369590567916 2
    endloop
  endfacet
  facet normal 0 0 1
    outer loop
      vertex 26.66536959056792 -23.155244615162108 2
      vertex 26.955446261867664 22.94010909343188 2
      vertex 26.3977766863498 -23.397776686349808 2
    endloop
  endfacet
  facet normal 0.6087614238293925 0 0.7933533442654734
    outer loop
      vertex 33.70710678398609 -24.99280981719494 1.7071067811865475
      vertex 33.70710678398609 24.99280981719494 1.7071067811865475
      vertex 33.5 -24.987725749611855 1.8660254037844386
    endloop
  endfacet
  facet normal 0 0 1
    outer loop
      vertex 28.639287170637928 22.337621182490423 2
      vertex 30.734786896667615 -22.75444199383842 2
      vertex 31.044553738132336 -22.94010909343188 2
    endloop
  endfacet
  facet normal 0 0 1
    outer loop
      vertex 28.639287170637928 22.337621182490423 2
      vertex 31.044553738132336 -22.94010909343188 2
      vertex 31.33463040943208 -23.155244615162108 2
    endloop
  endfacet
  facet normal 0 0 1
    outer loop
      vertex 31.33463040943208 -23.155244615162108 2
      vertex 31.6022233136502 -23.397776686349808 2
      vertex 30.068276496343913 22.47836434656162 2
    endloop
  endfacet
  facet normal 0 0 1
    outer loop
      vertex 31.6022233136502 -23.397776686349808 2
      vertex 31.844755384837896 -23.665369590567916 2
      vertex 30.734786896667615 22.75444199383842 2
    endloop
  endfacet
  facet normal 0.3826834303793597 0 0.923879533333803
    outer loop
      vertex 33.5 -24.987725749611855 1.8660254037844386
      vertex 33.5 24.987725749611855 1.8660254037844386
      vertex 33.25881904363632 -24.981805101037025 1.9659258262890682
    endloop
  endfacet
  facet normal 0 0 1
    outer loop
      vertex 32.97472344338894 25.489967472851276 2
      vertex 32.52163565343838 -24.93172350365609 2
      vertex 32.60938742245905 -25.28204820300831 2
    endloop
  endfacet
  facet normal 0 0 1
    outer loop
      vertex 33 -24.97545136511326 2
      vertex 32.97472344338894 25.489967472851276 2
      vertex 32.60938742245905 -25.28204820300831 2
    endloop
  endfacet
  facet normal 0 0 1
    outer loop
      vertex 32.97472344338894 25.489967472851276 2
      vertex 32.39996860795323 -24.591686890943 2
      vertex 32.52163565343838 -24.93172350365609 2
    endloop
  endfacet
  facet normal 0 0 1
    outer loop
      vertex 32.97472344338894 25.489967472851276 2
      vertex 32.24555800616159 -24.265213103332385 2
      vertex 32.39996860795323 -24.591686890943 2
    endloop
  endfacet
  facet normal 0.13052619294687953 1.4589048455240984e-20 0.9914448612781217
    outer loop
      vertex 33.25881904363632 -24.981805101037025 1.9659258262890682
      vertex 33 24.97545136511326 2
      vertex 33 -24.97545136511326 2
    endloop
  endfacet
  facet normal 0 0 1
    outer loop
      vertex 26.955446261867664 -22.94010909343188 2
      vertex 26.955446261867664 22.94010909343188 2
      vertex 26.66536959056792 -23.155244615162108 2
    endloop
  endfacet
  facet normal 0 0 1
    outer loop
      vertex 27.265213103332385 -22.75444199383842 2
      vertex 26.955446261867664 22.94010909343188 2
      vertex 26.955446261867664 -22.94010909343188 2
    endloop
  endfacet
  facet normal 0 0 1
    outer loop
      vertex 27.591686890942995 -22.600031392046773 2
      vertex 27.265213103332385 22.75444199383842 2
      vertex 27.265213103332385 -22.75444199383842 2
    endloop
  endfacet
  facet normal 0 0 1
    outer loop
      vertex 27.931723503656087 -22.478364346561616 2
      vertex 27.591686890942995 22.600031392046773 2
      vertex 27.591686890942995 -22.600031392046773 2
    endloop
  endfacet
  facet normal 0 0 1
    outer loop
      vertex 28.282048203008316 -22.390612577540946 2
      vertex 27.931723503656087 22.47836434656162 2
      vertex 27.931723503656087 -22.478364346561616 2
    endloop
  endfacet
  facet normal 0 0 1
    outer loop
      vertex 28.639287170637928 -22.337621182490427 2
      vertex 28.282048203008316 22.39061257754095 2
      vertex 28.282048203008316 -22.390612577540946 2
    endloop
  endfacet
  facet normal 0 0 1
    outer loop
      vertex 28.639287170637928 22.337621182490423 2
      vertex 28.639287170637928 -22.337621182490427 2
      vertex 29 -22.31990049751244 2
    endloop
  endfacet
  facet normal 0 0 1
    outer loop
      vertex 28.639287170637928 22.337621182490423 2
      vertex 29 -22.31990049751244 2
      vertex 29.360712829362072 -22.337621182490427 2
    endloop
  endfacet
  facet normal 0 0 1
    outer loop
      vertex 28.639287170637928 22.337621182490423 2
      vertex 29.717951796991684 -22.390612577540946 2
      vertex 30.068276496343913 -22.478364346561616 2
    endloop
  endfacet
  facet normal 0 0 1
    outer loop
      vertex 28.639287170637928 22.337621182490423 2
      vertex 29.360712829362072 -22.337621182490427 2
      vertex 29.717951796991684 -22.390612577540946 2
    endloop
  endfacet
  facet normal 0 0 1
    outer loop
      vertex 28.639287170637928 22.337621182490423 2
      vertex 30.068276496343913 -22.478364346561616 2
      vertex 30.408313109057005 -22.600031392046773 2
    endloop
  endfacet
  facet normal 0 0 1
    outer loop
      vertex 28.639287170637928 22.337621182490423 2
      vertex 30.408313109057005 -22.600031392046773 2
      vertex 30.734786896667615 -22.75444199383842 2
    endloop
  endfacet
  facet normal 0 0 1
    outer loop
      vertex 32.97472344338894 25.489967472851276 2
      vertex 31.844755384837896 -23.665369590567916 2
      vertex 32.05989090656813 -23.955446261867664 2
    endloop
  endfacet
  facet normal 0 0 1
    outer loop
      vertex 32.97472344338894 25.489967472851276 2
      vertex 32.05989090656813 -23.955446261867664 2
      vertex 32.24555800616159 -24.265213103332385 2
    endloop
  endfacet
  facet normal 0 0 -1
    outer loop
      vertex -27.3 -26 0
      vertex 27.5007338506078 25.198625547395807 0
      vertex 27.58650165908567 25.05553060386667 0
    endloop
  endfacet
  facet normal 0 0 -1
    outer loop
      vertex -27.3 -26 0
      vertex 27.429404794730814 25.349438164979347 0
      vertex 27.5007338506078 25.198625547395807 0
    endloop
  endfacet
  facet normal 0 0 -1
    outer loop
      vertex -27.3 -26 0
      vertex 27.68588222928335 24.921531416921802 0
      vertex 27.797918471982868 24.797918471982868 0
    endloop
  endfacet
  facet normal 0 0 -1
    outer loop
      vertex -27.3 -26 0
      vertex 27.58650165908567 25.05553060386667 0
      vertex 27.68588222928335 24.921531416921802 0
    endloop
  endfacet
  facet normal 0 0 -1
    outer loop
      vertex -27.3 -26 0
      vertex 27.332665023314505 25.668346452572578 0
      vertex 27.373201429255246 25.506516048667415 0
    endloop
  endfacet
  facet normal 0 0 -1
    outer loop
      vertex -27.3 -26 0
      vertex 27.373201429255246 25.506516048667415 0
      vertex 27.429404794730814 25.349438164979347 0
    endloop
  endfacet
  facet normal 0 0 -1
    outer loop
      vertex -27.3 -26 0
      vertex 27.30818596465727 25.833370861439747 0
      vertex 27.332665023314505 25.668346452572578 0
    endloop
  endfacet
  facet normal 0 0 -1
    outer loop
      vertex -27.3 -26 0
      vertex 27.299999999999997 26 0
      vertex 27.30818596465727 25.833370861439747 0
    endloop
  endfacet
  facet normal 0 0 -1
    outer loop
      vertex -27.3 -26 0
      vertex 27.30818596465727 26.166629138560253 0
      vertex 27.299999999999997 26 0
    endloop
  endfacet
  facet normal 0 0 -1
    outer loop
      vertex -27.3 -26 0
      vertex 27.332665023314505 26.331653547427422 0
      vertex 27.30818596465727 26.166629138560253 0
    endloop
  endfacet
  facet normal 0 0 -1
    outer loop
      vertex -27.3 -26 0
      vertex 27.373201429255246 26.493483951332585 0
      vertex 27.332665023314505 26.331653547427422 0
    endloop
  endfacet
  facet normal 0 0 -1
    outer loop
      vertex -27.3 -26 0
      vertex 27.429404794730814 26.650561835020653 0
      vertex 27.373201429255246 26.493483951332585 0
    endloop
  endfacet
  facet normal 0 0 -1
    outer loop
      vertex -27.3 -26 0
      vertex 27.5007338506078 26.801374452604193 0
      vertex 27.429404794730814 26.650561835020653 0
    endloop
  endfacet
  facet normal 0 0 -1
    outer loop
      vertex -27.3 -26 0
      vertex 27.58650165908567 26.94446939613333 0
      vertex 27.5007338506078 26.801374452604193 0
    endloop
  endfacet
  facet normal 0 0 -1
    outer loop
      vertex -27.3 -26 0
      vertex 27.68588222928335 27.078468583078198 0
      vertex 27.58650165908567 26.94446939613333 0
    endloop
  endfacet
  facet normal 0 0 -1
    outer loop
      vertex -27.3 -26 0
      vertex 27.797918471982868 27.202081528017132 0
      vertex 27.68588222928335 27.078468583078198 0
    endloop
  endfacet
  facet normal 0 0 -1
    outer loop
      vertex 28 31 0
      vertex 27.797918471982868 27.202081528017132 0
      vertex -27.3 -26 0
    endloop
  endfacet
  facet normal 0 1 0
    outer loop
      vertex -28 31 1
      vertex 28 31 1
      vertex 28 31 0
    endloop
  endfacet
  facet normal 0 0 -1
    outer loop
      vertex 27.797918471982868 -24.797918471982868 0
      vertex 27.797918471982868 24.797918471982868 0
      vertex 27.921531416921795 24.68588222928335 0
    endloop
  endfacet
  facet normal 0 0 -1
    outer loop
      vertex 27.921531416921795 -24.685882229283347 0
      vertex 27.921531416921795 24.68588222928335 0
      vertex 28.05553060386667 24.58650165908567 0
    endloop
  endfacet
  facet normal 0 0 -1
    outer loop
      vertex 28.198625547395807 24.5007338506078 0
      vertex 28.05553060386667 -24.586501659085673 0
      vertex 28.05553060386667 24.58650165908567 0
    endloop
  endfacet
  facet normal 0 0 -1
    outer loop
      vertex 29 -24.3 0
      vertex 28.198625547395807 24.5007338506078 0
      vertex 28.349438164979347 24.429404794730814 0
    endloop
  endfacet
  facet normal 0 0 -1
    outer loop
      vertex 29 -24.3 0
      vertex 28.349438164979347 24.429404794730814 0
      vertex 28.506516048667407 24.373201429255246 0
    endloop
  endfacet
  facet normal 0 0 -1
    outer loop
      vertex 29 -24.3 0
      vertex 28.506516048667407 24.373201429255246 0
      vertex 28.668346452572578 24.332665023314505 0
    endloop
  endfacet
  facet normal 0 0 -1
    outer loop
      vertex 29 -24.3 0
      vertex 28.833370861439747 24.30818596465727 0
      vertex 29 24.299999999999997 0
    endloop
  endfacet
  facet normal 0 0 -1
    outer loop
      vertex 29 -24.3 0
      vertex 28.668346452572578 24.332665023314505 0
      vertex 28.833370861439747 24.30818596465727 0
    endloop
  endfacet
  facet normal 0 0 -1
    outer loop
      vertex 29 -24.3 0
      vertex 29 24.299999999999997 0
      vertex 29.166629138560253 24.30818596465727 0
    endloop
  endfacet
  facet normal 0 0 -1
    outer loop
      vertex 29.166629138560253 -24.308185964657266 0
      vertex 29.166629138560253 24.30818596465727 0
      vertex 29.331653547427422 24.332665023314505 0
    endloop
  endfacet
  facet normal 0 0 -1
    outer loop
      vertex 29.166629138560253 -24.308185964657266 0
      vertex 29.331653547427422 24.332665023314505 0
      vertex 29.493483951332593 24.373201429255246 0
    endloop
  endfacet
  facet normal 0 0 -1
    outer loop
      vertex 29.166629138560253 -24.308185964657266 0
      vertex 29.493483951332593 24.373201429255246 0
      vertex 29.650561835020653 24.429404794730814 0
    endloop
  endfacet
  facet normal 0 0 -1
    outer loop
      vertex 29.166629138560253 -24.308185964657266 0
      vertex 29.650561835020653 24.429404794730814 0
      vertex 29.801374452604193 24.5007338506078 0
    endloop
  endfacet
  facet normal 0 0 -1
    outer loop
      vertex 34 25 0
      vertex 29.166629138560253 -24.308185964657266 0
      vertex 29.801374452604193 24.5007338506078 0
    endloop
  endfacet
  facet normal 1 0 0
    outer loop
      vertex 34 -25 1
      vertex 34 25 0
      vertex 34 25 1
    endloop
  endfacet
  facet normal 0 0 -1
    outer loop
      vertex 28 31 0
      vertex 27.921531416921795 27.31411777071665 0
      vertex 27.797918471982868 27.202081528017132 0
    endloop
  endfacet
  facet normal 0 0 -1
    outer loop
      vertex 28 31 0
      vertex 28.05553060386667 27.41349834091433 0
      vertex 27.921531416921795 27.31411777071665 0
    endloop
  endfacet
  facet normal 0 0 -1
    outer loop
      vertex 28 31 0
      vertex 28.198625547395807 27.4992661493922 0
      vertex 28.05553060386667 27.41349834091433 0
    endloop
  endfacet
  facet normal 0 0 -1
    outer loop
      vertex 28 31 0
      vertex 28.349438164979347 27.570595205269186 0
      vertex 28.198625547395807 27.4992661493922 0
    endloop
  endfacet
  facet normal 0 0 -1
    outer loop
      vertex 28 31 0
      vertex 28.506516048667407 27.626798570744754 0
      vertex 28.349438164979347 27.570595205269186 0
    endloop
  endfacet
  facet normal 0 0 -1
    outer loop
      vertex 28 31 0
      vertex 28.668346452572578 27.667334976685495 0
      vertex 28.506516048667407 27.626798570744754 0
    endloop
  endfacet
  facet normal 0 0 -1
    outer loop
      vertex 28 31 0
      vertex 28.833370861439747 27.69181403534273 0
      vertex 28.668346452572578 27.667334976685495 0
    endloop
  endfacet
  facet normal 0 0 -1
    outer loop
      vertex 28 31 0
      vertex 29 27.700000000000003 0
      vertex 28.833370861439747 27.69181403534273 0
    endloop
  endfacet
  facet normal 0 0 -1
    outer loop
      vertex 28 31 0
      vertex 29.166629138560253 27.69181403534273 0
      vertex 29 27.700000000000003 0
    endloop
  endfacet
  facet normal 0 0 -1
    outer loop
      vertex 28 31 0
      vertex 29.331653547427422 27.667334976685495 0
      vertex 29.166629138560253 27.69181403534273 0
    endloop
  endfacet
  facet normal 0 0 -1
    outer loop
      vertex 28 31 0
      vertex 29.493483951332593 27.626798570744754 0
      vertex 29.331653547427422 27.667334976685495 0
    endloop
  endfacet
  facet normal 0 0 -1
    outer loop
      vertex 28 31 0
      vertex 29.650561835020653 27.570595205269186 0
      vertex 29.493483951332593 27.626798570744754 0
    endloop
  endfacet
  facet normal 0 0 -1
    outer loop
      vertex 28 31 0
      vertex 29.801374452604193 27.4992661493922 0
      vertex 29.650561835020653 27.570595205269186 0
    endloop
  endfacet
  facet normal 0 0 -1
    outer loop
      vertex 28 31 0
      vertex 30.078468583078205 27.31411777071665 0
      vertex 29.94446939613333 27.41349834091433 0
    endloop
  endfacet
  facet normal 0 0 -1
    outer loop
      vertex 28 31 0
      vertex 30.202081528017132 27.202081528017132 0
      vertex 30.078468583078205 27.31411777071665 0
    endloop
  endfacet
  facet normal 0 0 -1
    outer loop
      vertex 28 31 0
      vertex 30.4992661493922 26.801374452604193 0
      vertex 30.41349834091433 26.94446939613333 0
    endloop
  endfacet
  facet normal 0 0 -1
    outer loop
      vertex 28 31 0
      vertex 30.31411777071665 27.078468583078198 0
      vertex 30.202081528017132 27.202081528017132 0
    endloop
  endfacet
  facet normal 0 0 -1
    outer loop
      vertex 28 31 0
      vertex 30.41349834091433 26.94446939613333 0
      vertex 30.31411777071665 27.078468583078198 0
    endloop
  endfacet
  facet normal 0 0 -1
    outer loop
      vertex 28 31 0
      vertex 29.94446939613333 27.41349834091433 0
      vertex 29.801374452604193 27.4992661493922 0
    endloop
  endfacet
  facet normal 0 0 -1
    outer loop
      vertex 28 31 0
      vertex 28.588102839887142 30.971108362078667 0
      vertex 29.170541934669018 30.88471168279648 0
    endloop
  endfacet
  facet normal 0 0 -1
    outer loop
      vertex 28 31 0
      vertex 29.170541934669018 30.88471168279648 0
      vertex 30.296100594103336 30.543277196586132 0
    endloop
  endfacet
  facet normal 0 0 -1
    outer loop
      vertex 29.170541934669018 30.88471168279648 0
      vertex 29.74170806258917 30.741642013192177 0
      vertex 30.296100594103336 30.543277196586132 0
    endloop
  endfacet
  facet normal 0 0 -1
    outer loop
      vertex 34 25 0
      vertex 29.801374452604193 24.5007338506078 0
      vertex 29.94446939613333 24.58650165908567 0
    endloop
  endfacet
  facet normal 0 0 -1
    outer loop
      vertex 34 25 0
      vertex 29.94446939613333 24.58650165908567 0
      vertex 30.078468583078205 24.68588222928335 0
    endloop
  endfacet
  facet normal 0 0 -1
    outer loop
      vertex 34 25 0
      vertex 30.078468583078205 24.68588222928335 0
      vertex 30.202081528017132 24.797918471982868 0
    endloop
  endfacet
  facet normal 0 0 -1
    outer loop
      vertex 34 25 0
      vertex 30.202081528017132 24.797918471982868 0
      vertex 30.31411777071665 24.921531416921802 0
    endloop
  endfacet
  facet normal 0 0 -1
    outer loop
      vertex 34 25 0
      vertex 30.31411777071665 24.921531416921802 0
      vertex 30.41349834091433 25.05553060386667 0
    endloop
  endfacet
  facet normal 0 0 -1
    outer loop
      vertex 34 25 0
      vertex 30.41349834091433 25.05553060386667 0
      vertex 30.4992661493922 25.198625547395807 0
    endloop
  endfacet
  facet normal 0 0 -1
    outer loop
      vertex 34 25 0
      vertex 30.4992661493922 25.198625547395807 0
      vertex 30.570595205269186 25.349438164979347 0
    endloop
  endfacet
  facet normal 0 0 -1
    outer loop
      vertex 34 25 0
      vertex 30.570595205269186 25.349438164979347 0
      vertex 30.626798570744754 25.506516048667415 0
    endloop
  endfacet
  facet normal 0 0 -1
    outer loop
      vertex 34 25 0
      vertex 30.626798570744754 25.506516048667415 0
      vertex 30.667334976685495 25.668346452572578 0
    endloop
  endfacet
  facet normal 0 0 -1
    outer loop
      vertex 34 25 0
      vertex 30.667334976685495 25.668346452572578 0
      vertex 30.69181403534273 25.833370861439747 0
    endloop
  endfacet
  facet normal 0 0 -1
    outer loop
      vertex 34 25 0
      vertex 30.69181403534273 25.833370861439747 0
      vertex 30.700000000000003 26 0
    endloop
  endfacet
  facet normal 0 0 -1
    outer loop
      vertex 34 25 0
      vertex 30.700000000000003 26 0
      vertex 30.69181403534273 26.166629138560253 0
    endloop
  endfacet
  facet normal 0 0 -1
    outer loop
      vertex 34 25 0
      vertex 30.69181403534273 26.166629138560253 0
      vertex 30.667334976685495 26.331653547427422 0
    endloop
  endfacet
  facet normal 0 0 -1
    outer loop
      vertex 34 25 0
      vertex 30.626798570744754 26.493483951332585 0
      vertex 30.570595205269186 26.650561835020653 0
    endloop
  endfacet
  facet normal 0 0 -1
    outer loop
      vertex 34 25 0
      vertex 30.570595205269186 26.650561835020653 0
      vertex 30.4992661493922 26.801374452604193 0
    endloop
  endfacet
  facet normal 0 0 -1
    outer loop
      vertex 34 25 0
      vertex 30.667334976685495 26.331653547427422 0
      vertex 30.626798570744754 26.493483951332585 0
    endloop
  endfacet
  facet normal 0 0 -1
    outer loop
      vertex 34 25 0
      vertex 33.88471168279648 26.170541934669018 0
      vertex 33.97110836207867 25.588102839887142 0
    endloop
  endfacet
  facet normal 0 0 -1
    outer loop
      vertex 34 25 0
      vertex 33.54327719658613 27.296100594103336 0
      vertex 33.88471168279648 26.170541934669018 0
    endloop
  endfacet
  facet normal 0 0 -1
    outer loop
      vertex 33.88471168279648 26.170541934669018 0
      vertex 33.54327719658613 27.296100594103336 0
      vertex 33.74164201319218 26.74170806258917 0
    endloop
  endfacet
  facet normal 0 0 -1
    outer loop
      vertex 28 31 0
      vertex 34 25 0
      vertex 30.4992661493922 26.801374452604193 0
    endloop
  endfacet
  facet normal 0 0 -1
    outer loop
      vertex 28 31 0
      vertex 32.24264068901539 29.24264068901539 0
      vertex 34 25 0
    endloop
  endfacet
  facet normal 0 0 -1
    outer loop
      vertex 28 31 0
      vertex 30.296100594103336 30.543277196586132 0
      vertex 32.24264068901539 29.24264068901539 0
    endloop
  endfacet
  facet normal 0 0 -1
    outer loop
      vertex 30.296100594103336 30.543277196586132 0
      vertex 31.333421401679516 29.988817676901817 0
      vertex 32.24264068901539 29.24264068901539 0
    endloop
  endfacet
  facet normal 0 0 -1
    outer loop
      vertex 31.333421401679516 29.988817676901817 0
      vertex 31.806359708309174 29.638062722980976 0
      vertex 32.24264068901539 29.24264068901539 0
    endloop
  endfacet
  facet normal 0 0 -1
    outer loop
      vertex 30.296100594103336 30.543277196586132 0
      vertex 30.828380420804024 30.291527584195137 0
      vertex 31.333421401679516 29.988817676901817 0
    endloop
  endfacet
  facet normal 0 0 -1
    outer loop
      vertex 33.54327719658613 27.296100594103336 0
      vertex 32.24264068901539 29.24264068901539 0
      vertex 32.98881767690182 28.333421401679516 0
    endloop
  endfacet
  facet normal 0 0 -1
    outer loop
      vertex 32.638062722980976 28.806359708309174 0
      vertex 32.98881767690182 28.333421401679516 0
      vertex 32.24264068901539 29.24264068901539 0
    endloop
  endfacet
  facet normal 0 0 -1
    outer loop
      vertex 34 25 0
      vertex 32.24264068901539 29.24264068901539 0
      vertex 33.54327719658613 27.296100594103336 0
    endloop
  endfacet
  facet normal 0 0 -1
    outer loop
      vertex 33.29152758419514 27.828380420804024 0
      vertex 33.54327719658613 27.296100594103336 0
      vertex 32.98881767690182 28.333421401679516 0
    endloop
  endfacet
  facet normal 0.049067671035838485 0.9987954563668773 0
    outer loop
      vertex 28 31 0
      vertex 28 31 1
      vertex 28.588102839887142 30.971108362078667 0
    endloop
  endfacet
  facet normal 0.14673047607854153 0.989176509724005 0
    outer loop
      vertex 28.588102839887142 30.971108362078667 0
      vertex 29.170541934669018 30.88471168279648 1
      vertex 29.170541934669018 30.88471168279648 0
    endloop
  endfacet
  facet normal 0.2429801838302629 0.9700312522108819 0
    outer loop
      vertex 29.170541934669018 30.88471168279648 0
      vertex 29.170541934669018 30.88471168279648 1
      vertex 29.74170806258917 30.741642013192177 0
    endloop
  endfacet
  facet normal 0.9987954563668773 0.04906767103583848 0
    outer loop
      vertex 34 25 0
      vertex 33.97110836207867 25.588102839887142 0
      vertex 33.97110836207867 25.588102839887142 0.99
    endloop
  endfacet
  facet normal 0.9891765097240051 0.14673047607854153 0
    outer loop
      vertex 33.97110836207867 25.588102839887142 0
      vertex 33.88471168279648 26.170541934669018 0
      vertex 33.97110836207867 25.588102839887142 0.99
    endloop
  endfacet
  facet normal 0.9700312522108819 0.2429801838302629 0
    outer loop
      vertex 33.88471168279648 26.170541934669018 0
      vertex 33.74164201319218 26.74170806258917 0
      vertex 33.74164201319218 26.74170806258917 1
    endloop
  endfacet
  facet normal 0.9415440668119424 0.33688984883968903 0
    outer loop
      vertex 33.74164201319218 26.74170806258917 0
      vertex 33.54327719658613 27.296100594103336 0
      vertex 33.74164201319218 26.74170806258917 1
    endloop
  endfacet
  facet normal 0.33688984883968903 0.9415440668119424 0
    outer loop
      vertex 29.74170806258917 30.741642013192177 0
      vertex 30.296100594103336 30.543277196586132 1
      vertex 30.296100594103336 30.543277196586132 0
    endloop
  endfacet
  facet normal 0.427555098210165 0.9039892908627272 0
    outer loop
      vertex 30.296100594103336 30.543277196586132 0
      vertex 30.296100594103336 30.543277196586132 1
      vertex 30.828380420804024 30.291527584195137 0
    endloop
  endfacet
  facet normal 0.5956993049920405 0.8032075311101111 0
    outer loop
      vertex 31.333421401679516 29.988817676901817 0
      vertex 31.806359708309174 29.638062722980976 0.99
      vertex 31.806359708309174 29.638062722980976 0
    endloop
  endfacet
  facet normal 0.5141027351876691 0.8577286153979926 0
    outer loop
      vertex 31.333421401679516 29.988817676901817 0
      vertex 30.828380420804024 30.291527584195137 0
      vertex 30.828380420804024 30.291527584195137 1
    endloop
  endfacet
  facet normal 0.803207531110111 0.5956993049920405 0
    outer loop
      vertex 32.638062722980976 28.806359708309174 0
      vertex 32.638062722980976 28.806359708309174 1
      vertex 32.98881767690182 28.333421401679516 0
    endloop
  endfacet
  facet normal 0.8577286153979926 0.5141027351876691 0
    outer loop
      vertex 33.29152758419514 27.828380420804024 0
      vertex 32.98881767690182 28.333421401679516 0
      vertex 33.29152758419514 27.828380420804024 0.99
    endloop
  endfacet
  facet normal 0.9039892908627272 0.427555098210165 0
    outer loop
      vertex 33.29152758419514 27.828380420804024 0
      vertex 33.29152758419514 27.828380420804024 0.99
      vertex 33.54327719658613 27.296100594103336 0
    endloop
  endfacet
  facet normal 0.6715589569035322 0.7409511234910435 0
    outer loop
      vertex 31.806359708309174 29.638062722980976 0
      vertex 31.806359708309174 29.638062722980976 0.99
      vertex 32.24264068901539 29.24264068901539 0
    endloop
  endfacet
  facet normal 0.7409511234910436 0.6715589569035323 0
    outer loop
      vertex 32.638062722980976 28.806359708309174 0
      vertex 32.24264068901539 29.24264068901539 0
      vertex 32.24264068901539 29.24264068901539 1
    endloop
  endfacet
  facet normal 0.049067671035838485 0.9987954563668773 0
    outer loop
      vertex 28.588102839887142 30.971108362078667 0
      vertex 28 31 1
      vertex 28.588102839887142 30.971108362078667 1
    endloop
  endfacet
  facet normal 0.14673047607854153 0.989176509724005 0
    outer loop
      vertex 28.588102839887142 30.971108362078667 0
      vertex 28.588102839887142 30.971108362078667 1
      vertex 29.170541934669018 30.88471168279648 1
    endloop
  endfacet
  facet normal 0.2429801838302629 0.9700312522108819 0
    outer loop
      vertex 29.74170806258917 30.741642013192177 0
      vertex 29.170541934669018 30.88471168279648 1
      vertex 29.74170806258917 30.741642013192177 1
    endloop
  endfacet
  facet normal 0.9987954563668773 0.049067671035838485 0
    outer loop
      vertex 34 25 0
      vertex 33.97110836207867 25.588102839887142 0.99
      vertex 34 25 1
    endloop
  endfacet
  facet normal 0.989176509724005 0.14673047607854153 0
    outer loop
      vertex 33.88471168279648 26.170541934669018 0
      vertex 33.88471168279648 26.170541934669018 1
      vertex 33.97110836207867 25.588102839887142 0.99
    endloop
  endfacet
  facet normal 0.9700312522108819 0.2429801838302629 0
    outer loop
      vertex 33.88471168279648 26.170541934669018 0
      vertex 33.74164201319218 26.74170806258917 1
      vertex 33.88471168279648 26.170541934669018 1
    endloop
  endfacet
  facet normal 0.9415440668119424 0.33688984883968903 0
    outer loop
      vertex 33.54327719658613 27.296100594103336 0
      vertex 33.54327719658613 27.296100594103336 1
      vertex 33.74164201319218 26.74170806258917 1
    endloop
  endfacet
  facet normal 0.33688984883968903 0.9415440668119424 0
    outer loop
      vertex 29.74170806258917 30.741642013192177 0
      vertex 29.74170806258917 30.741642013192177 1
      vertex 30.296100594103336 30.543277196586132 1
    endloop
  endfacet
  facet normal 0.427555098210165 0.9039892908627272 0
    outer loop
      vertex 30.828380420804024 30.291527584195137 0
      vertex 30.296100594103336 30.543277196586132 1
      vertex 30.828380420804024 30.291527584195137 1
    endloop
  endfacet
  facet normal 0.5956993049920405 0.803207531110111 0
    outer loop
      vertex 31.333421401679516 29.988817676901817 0
      vertex 31.333421401679516 29.988817676901817 1
      vertex 31.806359708309174 29.638062722980976 1
    endloop
  endfacet
  facet normal 0.5956993049920425 0.8032075311101093 0
    outer loop
      vertex 31.333421401679516 29.988817676901817 0
      vertex 31.806359708309174 29.638062722980976 1
      vertex 31.806359708309174 29.638062722980976 0.99
    endloop
  endfacet
  facet normal 0.5141027351876691 0.8577286153979926 0
    outer loop
      vertex 31.333421401679516 29.988817676901817 0
      vertex 30.828380420804024 30.291527584195137 1
      vertex 31.333421401679516 29.988817676901817 1
    endloop
  endfacet
  facet normal 0.803207531110111 0.5956993049920405 0
    outer loop
      vertex 32.98881767690182 28.333421401679516 0
      vertex 32.638062722980976 28.806359708309174 1
      vertex 32.98881767690182 28.333421401679516 1
    endloop
  endfacet
  facet normal 0.7409511234910436 0.6715589569035323 0
    outer loop
      vertex 32.638062722980976 28.806359708309174 0
      vertex 32.24264068901539 29.24264068901539 1
      vertex 32.638062722980976 28.806359708309174 1
    endloop
  endfacet
  facet normal 0.9039892908627272 0.427555098210165 0
    outer loop
      vertex 33.54327719658613 27.296100594103336 0
      vertex 33.29152758419514 27.828380420804024 0.99
      vertex 33.54327719658613 27.296100594103336 1
    endloop
  endfacet
  facet normal 0.8577286153979926 0.5141027351876691 0
    outer loop
      vertex 32.98881767690182 28.333421401679516 0
      vertex 32.98881767690182 28.333421401679516 1
      vertex 33.29152758419514 27.828380420804024 0.99
    endloop
  endfacet
  facet normal 0.6715589569035323 0.7409511234910436 0
    outer loop
      vertex 32.24264068901539 29.24264068901539 0
      vertex 31.806359708309174 29.638062722980976 0.99
      vertex 32.24264068901539 29.24264068901539 1
    endloop
  endfacet
  facet normal 0.9987954563668773 0.049067671035838485 0
    outer loop
      vertex 33.97110836207867 25.588102839887142 0.99
      vertex 33.97110836207867 25.588102839887142 1
      vertex 34 25 1
    endloop
  endfacet
  facet normal 0.989176509724005 0.14673047607854153 0
    outer loop
      vertex 33.97110836207867 25.588102839887142 0.99
      vertex 33.88471168279648 26.170541934669018 1
      vertex 33.97110836207867 25.588102839887142 1
    endloop
  endfacet
  facet normal 0.8577286153979925 0.514102735187669 0
    outer loop
      vertex 33.29152758419514 27.828380420804024 0.99
      vertex 32.98881767690182 28.333421401679516 1
      vertex 33.29152758419514 27.828380420804024 1
    endloop
  endfacet
  facet normal 0.9039892908627272 0.427555098210165 0
    outer loop
      vertex 33.29152758419514 27.828380420804024 0.99
      vertex 33.29152758419514 27.828380420804024 1
      vertex 33.54327719658613 27.296100594103336 1
    endloop
  endfacet
  facet normal 0.6715589569035322 0.7409511234910436 0
    outer loop
      vertex 31.806359708309174 29.638062722980976 0.99
      vertex 31.806359708309174 29.638062722980976 1
      vertex 32.24264068901539 29.24264068901539 1
    endloop
  endfacet
  facet normal 0 0 1
    outer loop
      vertex -25.75444199383842 -27.734786896667615 2
      vertex 25.600031392046773 24.591686890942995 2
      vertex 25.47836434656162 24.931723503656087 2
    endloop
  endfacet
  facet normal 0 0 1
    outer loop
      vertex -25.75444199383842 -27.734786896667615 2
      vertex 25.47836434656162 24.931723503656087 2
      vertex 25.39061257754095 25.28204820300831 2
    endloop
  endfacet
  facet normal 0 0 1
    outer loop
      vertex -25.75444199383842 -27.734786896667615 2
      vertex 25.39061257754095 25.28204820300831 2
      vertex 25.337621182490423 25.639287170637928 2
    endloop
  endfacet
  facet normal 0 0 1
    outer loop
      vertex -25.75444199383842 -27.734786896667615 2
      vertex 25.337621182490423 25.639287170637928 2
      vertex 25.319900497512435 26 2
    endloop
  endfacet
  facet normal 0 0 1
    outer loop
      vertex -25.75444199383842 -27.734786896667615 2
      vertex 25.319900497512435 26 2
      vertex 25.337621182490423 26.360712829362072 2
    endloop
  endfacet
  facet normal 0 0 1
    outer loop
      vertex -25.75444199383842 -27.734786896667615 2
      vertex 25.337621182490423 26.360712829362072 2
      vertex 25.39061257754095 26.71795179699169 2
    endloop
  endfacet
  facet normal 0 0 1
    outer loop
      vertex -25.75444199383842 -27.734786896667615 2
      vertex 26.3977766863498 23.397776686349808 2
      vertex 26.155244615162104 23.66536959056792 2
    endloop
  endfacet
  facet normal 0 0 1
    outer loop
      vertex -25.75444199383842 -27.734786896667615 2
      vertex 26.155244615162104 23.66536959056792 2
      vertex 25.940109093431886 23.955446261867664 2
    endloop
  endfacet
  facet normal 0 0 1
    outer loop
      vertex -25.75444199383842 -27.734786896667615 2
      vertex 26.66536959056792 23.155244615162104 2
      vertex 26.3977766863498 23.397776686349808 2
    endloop
  endfacet
  facet normal 0 0 1
    outer loop
      vertex -25.75444199383842 -27.734786896667615 2
      vertex 26.955446261867664 22.94010909343188 2
      vertex 26.66536959056792 23.155244615162104 2
    endloop
  endfacet
  facet normal 0 0 1
    outer loop
      vertex -25.75444199383842 -27.734786896667615 2
      vertex 25.940109093431886 23.955446261867664 2
      vertex 25.754441993838412 24.265213103332385 2
    endloop
  endfacet
  facet normal 0 0 1
    outer loop
      vertex -25.75444199383842 -27.734786896667615 2
      vertex 25.754441993838412 24.265213103332385 2
      vertex 25.600031392046773 24.591686890942995 2
    endloop
  endfacet
  facet normal 0 0.9914448620347796 0.1305261871994921
    outer loop
      vertex -27.999163553118706 30.965925827622414 1.2588190451025207
      vertex 27.999163553118706 30.965925827622414 1.2588190451025207
      vertex 28 31 1
    endloop
  endfacet
  facet normal 0 0.9238795298353725 0.3826834388253185
    outer loop
      vertex -27.999163553118706 30.965925827622414 1.2588190451025207
      vertex 27.996711134910583 30.866025403141975 1.5
      vertex 27.999163553118706 30.965925827622414 1.2588190451025207
    endloop
  endfacet
  facet normal 0 0 1
    outer loop
      vertex -25.390612577540946 26.71795179699169 2
      vertex 25.39061257754095 26.71795179699169 2
      vertex 25.47836434656162 27.068276496343913 2
    endloop
  endfacet
  facet normal 0 0.7933533466591596 0.6087614207098797
    outer loop
      vertex -27.996711134910583 30.866025403141975 1.5
      vertex 27.99280981719494 30.70710678398609 1.7071067811865475
      vertex 27.996711134910583 30.866025403141975 1.5
    endloop
  endfacet
  facet normal 0 0.6087614238293926 0.7933533442654734
    outer loop
      vertex -27.987725757062435 30.5 1.8660254037844386
      vertex 27.987725757062435 30.5 1.8660254037844386
      vertex 27.99280981719494 30.70710678398609 1.7071067811865475
    endloop
  endfacet
  facet normal 0 0 1
    outer loop
      vertex -25.478364346561616 27.068276496343913 2
      vertex 25.47836434656162 27.068276496343913 2
      vertex 25.600031392046773 27.408313109057005 2
    endloop
  endfacet
  facet normal 0 0 1
    outer loop
      vertex -25.600031392046773 27.408313109057005 2
      vertex 25.600031392046773 27.408313109057005 2
      vertex 25.754441993838412 27.734786896667615 2
    endloop
  endfacet
  facet normal 0 0 1
    outer loop
      vertex -25.75444199383842 27.734786896667615 2
      vertex 25.754441993838412 27.734786896667615 2
      vertex 25.940109093431886 28.044553738132336 2
    endloop
  endfacet
  facet normal 0 0 1
    outer loop
      vertex -25.94010909343188 28.044553738132336 2
      vertex 25.940109093431886 28.044553738132336 2
      vertex 26.155244615162104 28.33463040943208 2
    endloop
  endfacet
  facet normal 0 0 1
    outer loop
      vertex -26.155244615162108 28.33463040943208 2
      vertex 26.155244615162104 28.33463040943208 2
      vertex 26.3977766863498 28.602223313650192 2
    endloop
  endfacet
  facet normal 0 0 1
    outer loop
      vertex -26.397776686349808 28.602223313650192 2
      vertex 26.3977766863498 28.602223313650192 2
      vertex 26.66536959056792 28.844755384837896 2
    endloop
  endfacet
  facet normal 0 0 1
    outer loop
      vertex -26.397776686349808 28.602223313650192 2
      vertex 26.66536959056792 28.844755384837896 2
      vertex 26.955446261867664 29.05989090656812 2
    endloop
  endfacet
  facet normal 0 0 1
    outer loop
      vertex -26.397776686349808 28.602223313650192 2
      vertex 26.955446261867664 29.05989090656812 2
      vertex 27.265213103332385 29.24555800616158 2
    endloop
  endfacet
  facet normal 0 0.3826834303793597 0.9238795333338031
    outer loop
      vertex -27.987725757062435 30.5 1.8660254037844386
      vertex 27.981805101037025 30.258819043636322 1.9659258262890682
      vertex 27.987725757062435 30.5 1.8660254037844386
    endloop
  endfacet
  facet normal 0 0 1
    outer loop
      vertex -26.397776686349808 28.602223313650192 2
      vertex 27.265213103332385 29.24555800616158 2
      vertex 27.591686890942995 29.399968607953227 2
    endloop
  endfacet
  facet normal 0 0 1
    outer loop
      vertex -27.97545136511326 30 2
      vertex 28.489967472851276 29.97472344338894 2
      vertex 27.97545136511326 30 2
    endloop
  endfacet
  facet normal 0 0.13052619294687953 0.9914448612781217
    outer loop
      vertex -27.97545136511326 30 2
      vertex 27.97545136511326 30 2
      vertex 27.981805101037025 30.258819043636322 1.9659258262890682
    endloop
  endfacet
  facet normal 0 0 1
    outer loop
      vertex -26.397776686349808 28.602223313650192 2
      vertex 27.591686890942995 29.399968607953227 2
      vertex 27.931723503656087 29.52163565343838 2
    endloop
  endfacet
  facet normal 0 0 1
    outer loop
      vertex 28.282048203008316 29.60938742245905 2
      vertex -26.397776686349808 28.602223313650192 2
      vertex 27.931723503656087 29.52163565343838 2
    endloop
  endfacet
  facet normal 0 0 1
    outer loop
      vertex 28.489967472851276 29.97472344338894 2
      vertex -26.397776686349808 28.602223313650192 2
      vertex 28.282048203008316 29.60938742245905 2
    endloop
  endfacet
  facet normal 0.9914448620347797 0 0.1305261871994921
    outer loop
      vertex 33.965925827622414 -24.999163553118706 1.2588190451025207
      vertex 34 25 1
      vertex 33.965925827622414 24.999163553118706 1.2588190451025207
    endloop
  endfacet
  facet normal 0.9238795298353725 0 0.38268343882531847
    outer loop
      vertex 33.965925827622414 -24.999163553118706 1.2588190451025207
      vertex 33.965925827622414 24.999163553118706 1.2588190451025207
      vertex 33.866025403141975 24.996711134910583 1.5
    endloop
  endfacet
  facet normal 0 0 1
    outer loop
      vertex 27.265213103332385 -22.75444199383842 2
      vertex 27.265213103332385 22.75444199383842 2
      vertex 26.955446261867664 22.94010909343188 2
    endloop
  endfacet
  facet normal 0 0 1
    outer loop
      vertex 27.591686890942995 -22.600031392046773 2
      vertex 27.591686890942995 22.600031392046773 2
      vertex 27.265213103332385 22.75444199383842 2
    endloop
  endfacet
  facet normal 0 0 1
    outer loop
      vertex 27.931723503656087 -22.478364346561616 2
      vertex 27.931723503656087 22.47836434656162 2
      vertex 27.591686890942995 22.600031392046773 2
    endloop
  endfacet
  facet normal 0 0 1
    outer loop
      vertex 28.282048203008316 -22.390612577540946 2
      vertex 28.282048203008316 22.39061257754095 2
      vertex 27.931723503656087 22.47836434656162 2
    endloop
  endfacet
  facet normal 0 0 1
    outer loop
      vertex 28.639287170637928 -22.337621182490427 2
      vertex 28.639287170637928 22.337621182490423 2
      vertex 28.282048203008316 22.39061257754095 2
    endloop
  endfacet
  facet normal 0 0 1
    outer loop
      vertex 31.33463040943208 -23.155244615162108 2
      vertex 29 22.319900497512435 2
      vertex 28.639287170637928 22.337621182490423 2
    endloop
  endfacet
  facet normal 0 0 1
    outer loop
      vertex 31.33463040943208 -23.155244615162108 2
      vertex 29.360712829362072 22.337621182490423 2
      vertex 29 22.319900497512435 2
    endloop
  endfacet
  facet normal 0 0 1
    outer loop
      vertex 31.33463040943208 -23.155244615162108 2
      vertex 29.717951796991684 22.39061257754095 2
      vertex 29.360712829362072 22.337621182490423 2
    endloop
  endfacet
  facet normal 0 0 1
    outer loop
      vertex 31.33463040943208 -23.155244615162108 2
      vertex 30.068276496343913 22.47836434656162 2
      vertex 29.717951796991684 22.39061257754095 2
    endloop
  endfacet
  facet normal 0 0 1
    outer loop
      vertex 31.6022233136502 -23.397776686349808 2
      vertex 30.408313109057005 22.600031392046773 2
      vertex 30.068276496343913 22.47836434656162 2
    endloop
  endfacet
  facet normal 0 0 1
    outer loop
      vertex 31.6022233136502 -23.397776686349808 2
      vertex 30.734786896667615 22.75444199383842 2
      vertex 30.408313109057005 22.600031392046773 2
    endloop
  endfacet
  facet normal 0 0 1
    outer loop
      vertex 31.844755384837896 -23.665369590567916 2
      vertex 31.044553738132336 22.94010909343188 2
      vertex 30.734786896667615 22.75444199383842 2
    endloop
  endfacet
  facet normal 0 0 1
    outer loop
      vertex 31.844755384837896 -23.665369590567916 2
      vertex 31.33463040943208 23.155244615162104 2
      vertex 31.044553738132336 22.94010909343188 2
    endloop
  endfacet
  facet normal 0 0 1
    outer loop
      vertex 31.844755384837896 -23.665369590567916 2
      vertex 31.6022233136502 23.397776686349808 2
      vertex 31.33463040943208 23.155244615162104 2
    endloop
  endfacet
  facet normal 0.7933533466591597 0 0.6087614207098798
    outer loop
      vertex 33.70710678398609 -24.99280981719494 1.7071067811865475
      vertex 33.866025403141975 24.996711134910583 1.5
      vertex 33.70710678398609 24.99280981719494 1.7071067811865475
    endloop
  endfacet
  facet normal 0.6087614238293926 0 0.7933533442654733
    outer loop
      vertex 33.5 -24.987725749611855 1.8660254037844386
      vertex 33.70710678398609 24.99280981719494 1.7071067811865475
      vertex 33.5 24.987725749611855 1.8660254037844386
    endloop
  endfacet
  facet normal 0 0 1
    outer loop
      vertex 31.844755384837896 -23.665369590567916 2
      vertex 31.844755384837896 23.66536959056792 2
      vertex 31.6022233136502 23.397776686349808 2
    endloop
  endfacet
  facet normal 0.3826834303793597 0 0.923879533333803
    outer loop
      vertex 33.25881904363632 -24.981805101037025 1.9659258262890682
      vertex 33.5 24.987725749611855 1.8660254037844386
      vertex 33.25881904363632 24.981805101037025 1.9659258262890682
    endloop
  endfacet
  facet normal 0 0 1
    outer loop
      vertex 31.844755384837896 -23.665369590567916 2
      vertex 32.05989090656813 23.955446261867664 2
      vertex 31.844755384837896 23.66536959056792 2
    endloop
  endfacet
  facet normal 0 0 1
    outer loop
      vertex 31.844755384837896 -23.665369590567916 2
      vertex 32.24555800616159 24.265213103332385 2
      vertex 32.05989090656813 23.955446261867664 2
    endloop
  endfacet
  facet normal 0 0 1
    outer loop
      vertex 31.844755384837896 -23.665369590567916 2
      vertex 32.39996860795323 24.591686890942995 2
      vertex 32.24555800616159 24.265213103332385 2
    endloop
  endfacet
  facet normal 0 0 1
    outer loop
      vertex 31.844755384837896 -23.665369590567916 2
      vertex 32.52163565343838 24.931723503656087 2
      vertex 32.39996860795323 24.591686890942995 2
    endloop
  endfacet
  facet normal 0 0 1
    outer loop
      vertex 31.844755384837896 -23.665369590567916 2
      vertex 32.60938742245905 25.28204820300831 2
      vertex 32.52163565343838 24.931723503656087 2
    endloop
  endfacet
  facet normal 0 0 1
    outer loop
      vertex 32.97472344338894 25.489967472851276 2
      vertex 32.60938742245905 25.28204820300831 2
      vertex 31.844755384837896 -23.665369590567916 2
    endloop
  endfacet
  facet normal 0.13052619294687953 0 0.9914448612781217
    outer loop
      vertex 33.25881904363632 -24.981805101037025 1.9659258262890682
      vertex 33.25881904363632 24.981805101037025 1.9659258262890682
      vertex 33 24.97545136511326 2
    endloop
  endfacet
  facet normal 0 0 1
    outer loop
      vertex 33 -24.97545136511326 2
      vertex 33 24.97545136511326 2
      vertex 32.97472344338894 25.489967472851276 2
    endloop
  endfacet
  facet normal 0.04864789037277225 0.9902506240956453 0.13052618220289663
    outer loop
      vertex 28 31 1
      vertex 27.999163553118706 30.965925827622414 1.2588190451025207
      vertex 28.588102839887142 30.971108362078667 1
    endloop
  endfacet
  facet normal 0.1454751766587561 0.9807139685266514 0.13052618477841837
    outer loop
      vertex 28.588102839887142 30.971108362078667 1
      vertex 28.58475896716118 30.93715737015009 1.2588190451025207
      vertex 29.170541934669018 30.88471168279648 1
    endloop
  endfacet
  facet normal 0.24090145496416637 0.9617325015341801 0.13052618315478345
    outer loop
      vertex 29.170541934669018 30.88471168279648 1
      vertex 29.73180490732193 30.70899574458599 1.2588190451025207
      vertex 29.74170806258917 30.741642013192177 1
    endloop
  endfacet
  facet normal 0.04864789282588675 0.9902506232416112 0.13052618776782499
    outer loop
      vertex 28.588102839887142 30.971108362078667 1
      vertex 27.999163553118706 30.965925827622414 1.2588190451025207
      vertex 28.58475896716118 30.93715737015009 1.2588190451025207
    endloop
  endfacet
  facet normal 0.14547518335584783 0.9807139654324291 0.13052620056288625
    outer loop
      vertex 29.170541934669018 30.88471168279648 1
      vertex 28.58475896716118 30.93715737015009 1.2588190451025207
      vertex 29.16388636827469 30.851251929998398 1.2588190451025207
    endloop
  endfacet
  facet normal 0.2409014455331296 0.9617325011557026 0.1305262033495386
    outer loop
      vertex 29.170541934669018 30.88471168279648 1
      vertex 29.16388636827469 30.851251929998398 1.2588190451025207
      vertex 29.73180490732193 30.70899574458599 1.2588190451025207
    endloop
  endfacet
  facet normal 0.9902506240956453 0.04864789037277225 0.13052618220289663
    outer loop
      vertex 34 25 1
      vertex 33.97110836207867 25.588102839887142 1
      vertex 33.965925827622414 24.999163553118706 1.2588190451025207
    endloop
  endfacet
  facet normal 0.9807139685266514 0.1454751766587561 0.13052618477841837
    outer loop
      vertex 33.97110836207867 25.588102839887142 1
      vertex 33.88471168279648 26.170541934669018 1
      vertex 33.93715737015009 25.58475896716118 1.2588190451025207
    endloop
  endfacet
  facet normal 0.9617325015341801 0.24090145496416637 0.13052618315478345
    outer loop
      vertex 33.88471168279648 26.170541934669018 1
      vertex 33.74164201319218 26.74170806258917 1
      vertex 33.70899574458599 26.73180490732193 1.2588190451025207
    endloop
  endfacet
  facet normal 0.9334890271338551 0.33400770960138765 0.13052618950817413
    outer loop
      vertex 33.74164201319218 26.74170806258917 1
      vertex 33.54327719658613 27.296100594103336 1
      vertex 33.70899574458599 26.73180490732193 1.2588190451025207
    endloop
  endfacet
  facet normal 0.9902506232416112 0.04864789282588675 0.13052618776782499
    outer loop
      vertex 33.97110836207867 25.588102839887142 1
      vertex 33.93715737015009 25.58475896716118 1.2588190451025207
      vertex 33.965925827622414 24.999163553118706 1.2588190451025207
    endloop
  endfacet
  facet normal 0.9807139654324291 0.14547518335584783 0.13052620056288625
    outer loop
      vertex 33.88471168279648 26.170541934669018 1
      vertex 33.8512519299984 26.16388636827469 1.2588190451025207
      vertex 33.93715737015009 25.58475896716118 1.2588190451025207
    endloop
  endfacet
  facet normal 0.9617325011557026 0.2409014455331296 0.1305262033495386
    outer loop
      vertex 33.88471168279648 26.170541934669018 1
      vertex 33.70899574458599 26.73180490732193 1.2588190451025207
      vertex 33.8512519299984 26.16388636827469 1.2588190451025207
    endloop
  endfacet
  facet normal 0.9334890228418522 0.33400771549840413 0.1305262051133838
    outer loop
      vertex 33.54327719658613 27.296100594103336 1
      vertex 33.51175881177187 27.283045202493668 1.2588190451025207
      vertex 33.70899574458599 26.73180490732193 1.2588190451025207
    endloop
  endfacet
  facet normal 0.33400770960138765 0.9334890271338551 0.13052618950817413
    outer loop
      vertex 29.74170806258917 30.741642013192177 1
      vertex 29.73180490732193 30.70899574458599 1.2588190451025207
      vertex 30.296100594103336 30.543277196586132 1
    endloop
  endfacet
  facet normal 0.4238973035844082 0.896255534011969 0.13052621869489803
    outer loop
      vertex 30.296100594103336 30.543277196586132 1
      vertex 30.812298625707626 30.261440582573414 1.2588190451025207
      vertex 30.828380420804024 30.291527584195137 1
    endloop
  endfacet
  facet normal 0.5906030125990441 0.7963359762895988 0.13052622102790204
    outer loop
      vertex 31.333421401679516 29.988817676901817 1
      vertex 31.784717187285423 29.611691273748875 1.2588190451025207
      vertex 31.806359708309174 29.638062722980976 1
    endloop
  endfacet
  facet normal 0.5097045141593146 0.8503906267535873 0.13052620493700767
    outer loop
      vertex 31.333421401679516 29.988817676901817 1
      vertex 30.828380420804024 30.291527584195137 1
      vertex 30.812298625707626 30.261440582573414 1.2588190451025207
    endloop
  endfacet
  facet normal 0.7963359762895988 0.5906030125990441 0.13052622102790204
    outer loop
      vertex 32.638062722980976 28.806359708309174 1
      vertex 32.611691273748875 28.784717187285423 1.2588190451025207
      vertex 32.98881767690182 28.333421401679516 1
    endloop
  endfacet
  facet normal 0.8503906267535873 0.5097045141593146 0.13052620493700767
    outer loop
      vertex 33.29152758419514 27.828380420804024 1
      vertex 32.98881767690182 28.333421401679516 1
      vertex 33.261440582573414 27.812298625707626 1.2588190451025207
    endloop
  endfacet
  facet normal 0.896255534011969 0.4238973035844082 0.13052621869489803
    outer loop
      vertex 33.29152758419514 27.828380420804024 1
      vertex 33.261440582573414 27.812298625707626 1.2588190451025207
      vertex 33.54327719658613 27.296100594103336 1
    endloop
  endfacet
  facet normal 0.665813675514368 0.7346121823507129 0.13052620824941985
    outer loop
      vertex 31.806359708309174 29.638062722980976 1
      vertex 32.21851754933596 29.218517549335957 1.2588190451025207
      vertex 32.24264068901539 29.24264068901539 1
    endloop
  endfacet
  facet normal 0.7346121823507129 0.665813675514368 0.13052620824941985
    outer loop
      vertex 32.638062722980976 28.806359708309174 1
      vertex 32.24264068901539 29.24264068901539 1
      vertex 32.21851754933596 29.218517549335957 1.2588190451025207
    endloop
  endfacet
  facet normal 0.33400771549840413 0.9334890228418522 0.1305262051133838
    outer loop
      vertex 30.296100594103336 30.543277196586132 1
      vertex 29.73180490732193 30.70899574458599 1.2588190451025207
      vertex 30.283045202493668 30.51175881177187 1.2588190451025207
    endloop
  endfacet
  facet normal 0.42389730212486026 0.8962555342418825 0.13052622185623336
    outer loop
      vertex 30.296100594103336 30.543277196586132 1
      vertex 30.283045202493668 30.51175881177187 1.2588190451025207
      vertex 30.812298625707626 30.261440582573414 1.2588190451025207
    endloop
  endfacet
  facet normal 0.5906030125872446 0.7963359762939406 0.130526221054803
    outer loop
      vertex 31.333421401679516 29.988817676901817 1
      vertex 31.31446795910597 29.960451871156693 1.2588190451025207
      vertex 31.784717187285423 29.611691273748875 1.2588190451025207
    endloop
  endfacet
  facet normal 0.5097045175902238 0.8503906230357933 0.13052621576109788
    outer loop
      vertex 31.333421401679516 29.988817676901817 1
      vertex 30.812298625707626 30.261440582573414 1.2588190451025207
      vertex 31.31446795910597 29.960451871156693 1.2588190451025207
    endloop
  endfacet
  facet normal 0.7963359762939406 0.5906030125872446 0.130526221054803
    outer loop
      vertex 32.98881767690182 28.333421401679516 1
      vertex 32.611691273748875 28.784717187285423 1.2588190451025207
      vertex 32.96045187115669 28.31446795910597 1.2588190451025207
    endloop
  endfacet
  facet normal 0.7346121868195613 0.6658136662811719 0.13052623019686965
    outer loop
      vertex 32.638062722980976 28.806359708309174 1
      vertex 32.21851754933596 29.218517549335957 1.2588190451025207
      vertex 32.611691273748875 28.784717187285423 1.2588190451025207
    endloop
  endfacet
  facet normal 0.8962555342418825 0.42389730212486026 0.13052622185623336
    outer loop
      vertex 33.54327719658613 27.296100594103336 1
      vertex 33.261440582573414 27.812298625707626 1.2588190451025207
      vertex 33.51175881177187 27.283045202493668 1.2588190451025207
    endloop
  endfacet
  facet normal 0.8503906230357933 0.5097045175902238 0.13052621576109788
    outer loop
      vertex 32.98881767690182 28.333421401679516 1
      vertex 32.96045187115669 28.31446795910597 1.2588190451025207
      vertex 33.261440582573414 27.812298625707626 1.2588190451025207
    endloop
  endfacet
  facet normal 0.6658136662811719 0.7346121868195613 0.13052623019686965
    outer loop
      vertex 31.806359708309174 29.638062722980976 1
      vertex 31.784717187285423 29.611691273748875 1.2588190451025207
      vertex 32.21851754933596 29.218517549335957 1.2588190451025207
    endloop
  endfacet
  facet normal 0.045332619164585884 0.9227666764842557 0.38268343890202466
    outer loop
      vertex 27.999163553118706 30.965925827622414 1.2588190451025207
      vertex 27.996711134910583 30.866025403141975 1.5
      vertex 28.58475896716118 30.93715737015009 1.2588190451025207
    endloop
  endfacet
  facet normal 0.13556128997599173 0.9138799291030144 0.38268343554786166
    outer loop
      vertex 28.58475896716118 30.93715737015009 1.2588190451025207
      vertex 29.14437321573496 30.753152906894684 1.5
      vertex 29.16388636827469 30.851251929998398 1.2588190451025207
    endloop
  endfacet
  facet normal 0.22448440876440828 0.896192015094252 0.38268344921488107
    outer loop
      vertex 29.16388636827469 30.851251929998398 1.2588190451025207
      vertex 29.14437321573496 30.753152906894684 1.5
      vertex 29.73180490732193 30.70899574458599 1.2588190451025207
    endloop
  endfacet
  facet normal 0.04533262405301411 0.9227666718660146 0.38268344945893223
    outer loop
      vertex 28.58475896716118 30.93715737015009 1.2588190451025207
      vertex 27.996711134910583 30.866025403141975 1.5
      vertex 28.574955217540264 30.837618090212345 1.5
    endloop
  endfacet
  facet normal 0.135561284888474 0.9138799259286667 0.38268344493066414
    outer loop
      vertex 28.58475896716118 30.93715737015009 1.2588190451025207
      vertex 28.574955217540264 30.837618090212345 1.5
      vertex 29.14437321573496 30.753152906894684 1.5
    endloop
  endfacet
  facet normal 0.22448441581217324 0.8961920052274857 0.38268346818722854
    outer loop
      vertex 29.73180490732193 30.70899574458599 1.2588190451025207
      vertex 29.14437321573496 30.753152906894684 1.5
      vertex 29.70277040451765 30.613281689584255 1.5
    endloop
  endfacet
  facet normal 0.9227666764842557 0.045332619164585884 0.38268343890202466
    outer loop
      vertex 33.965925827622414 24.999163553118706 1.2588190451025207
      vertex 33.93715737015009 25.58475896716118 1.2588190451025207
      vertex 33.866025403141975 24.996711134910583 1.5
    endloop
  endfacet
  facet normal 0.9138799291030144 0.13556128997599173 0.38268343554786166
    outer loop
      vertex 33.93715737015009 25.58475896716118 1.2588190451025207
      vertex 33.8512519299984 26.16388636827469 1.2588190451025207
      vertex 33.753152906894684 26.14437321573496 1.5
    endloop
  endfacet
  facet normal 0.896192015094252 0.22448440876440828 0.38268344921488107
    outer loop
      vertex 33.8512519299984 26.16388636827469 1.2588190451025207
      vertex 33.70899574458599 26.73180490732193 1.2588190451025207
      vertex 33.753152906894684 26.14437321573496 1.5
    endloop
  endfacet
  facet normal 0.8698732869942312 0.3112456410869372 0.382683440297896
    outer loop
      vertex 33.70899574458599 26.73180490732193 1.2588190451025207
      vertex 33.51175881177187 27.283045202493668 1.2588190451025207
      vertex 33.419351540505886 27.244768872857094 1.5
    endloop
  endfacet
  facet normal 0.9227666718660146 0.04533262405301411 0.38268344945893223
    outer loop
      vertex 33.93715737015009 25.58475896716118 1.2588190451025207
      vertex 33.837618090212345 25.574955217540264 1.5
      vertex 33.866025403141975 24.996711134910583 1.5
    endloop
  endfacet
  facet normal 0.9138799259286667 0.135561284888474 0.38268344493066414
    outer loop
      vertex 33.93715737015009 25.58475896716118 1.2588190451025207
      vertex 33.753152906894684 26.14437321573496 1.5
      vertex 33.837618090212345 25.574955217540264 1.5
    endloop
  endfacet
  facet normal 0.8961920052274857 0.22448441581217324 0.38268346818722854
    outer loop
      vertex 33.70899574458599 26.73180490732193 1.2588190451025207
      vertex 33.613281689584255 26.70277040451765 1.5
      vertex 33.753152906894684 26.14437321573496 1.5
    endloop
  endfacet
  facet normal 0.8698732833473537 0.3112456314418818 0.3826834564321259
    outer loop
      vertex 33.70899574458599 26.73180490732193 1.2588190451025207
      vertex 33.419351540505886 27.244768872857094 1.5
      vertex 33.613281689584255 26.70277040451765 1.5
    endloop
  endfacet
  facet normal 0.3112456410869372 0.8698732869942312 0.382683440297896
    outer loop
      vertex 29.73180490732193 30.70899574458599 1.2588190451025207
      vertex 30.244768872857094 30.419351540505886 1.5
      vertex 30.283045202493668 30.51175881177187 1.2588190451025207
    endloop
  endfacet
  facet normal 0.39500940248299693 0.8351772027760741 0.3826834356399007
    outer loop
      vertex 30.283045202493668 30.51175881177187 1.2588190451025207
      vertex 30.244768872857094 30.419351540505886 1.5
      vertex 30.812298625707626 30.261440582573414 1.2588190451025207
    endloop
  endfacet
  facet normal 0.5503543990725333 0.7420670033042701 0.38268341749876145
    outer loop
      vertex 31.31446795910597 29.960451871156693 1.2588190451025207
      vertex 31.721264593303204 29.534374080598354 1.5
      vertex 31.784717187285423 29.611691273748875 1.2588190451025207
    endloop
  endfacet
  facet normal 0.474969000707498 0.7924379135267141 0.38268342212898226
    outer loop
      vertex 30.812298625707626 30.261440582573414 1.2588190451025207
      vertex 31.258899331092834 29.87728752940893 1.5
      vertex 31.31446795910597 29.960451871156693 1.2588190451025207
    endloop
  endfacet
  facet normal 0.6845495872545265 0.6204395715438226 0.3826834209267175
    outer loop
      vertex 32.611691273748875 28.784717187285423 1.2588190451025207
      vertex 32.21851754933596 29.218517549335957 1.2588190451025207
      vertex 32.534374080598354 28.721264593303204 1.5
    endloop
  endfacet
  facet normal 0.7420670033042701 0.5503543990725333 0.38268341749876145
    outer loop
      vertex 32.611691273748875 28.784717187285423 1.2588190451025207
      vertex 32.534374080598354 28.721264593303204 1.5
      vertex 32.96045187115669 28.31446795910597 1.2588190451025207
    endloop
  endfacet
  facet normal 0.8351772027760741 0.39500940248299693 0.3826834356399007
    outer loop
      vertex 33.261440582573414 27.812298625707626 1.2588190451025207
      vertex 33.419351540505886 27.244768872857094 1.5
      vertex 33.51175881177187 27.283045202493668 1.2588190451025207
    endloop
  endfacet
  facet normal 0.7924379135267141 0.474969000707498 0.38268342212898226
    outer loop
      vertex 33.261440582573414 27.812298625707626 1.2588190451025207
      vertex 32.96045187115669 28.31446795910597 1.2588190451025207
      vertex 32.87728752940893 28.258899331092834 1.5
    endloop
  endfacet
  facet normal 0.6204395715438226 0.6845495872545265 0.3826834209267175
    outer loop
      vertex 31.784717187285423 29.611691273748875 1.2588190451025207
      vertex 31.721264593303204 29.534374080598354 1.5
      vertex 32.21851754933596 29.218517549335957 1.2588190451025207
    endloop
  endfacet
  facet normal 0.3112456314418818 0.8698732833473537 0.3826834564321259
    outer loop
      vertex 29.73180490732193 30.70899574458599 1.2588190451025207
      vertex 29.70277040451765 30.613281689584255 1.5
      vertex 30.244768872857094 30.419351540505886 1.5
    endloop
  endfacet
  facet normal 0.395009403351684 0.8351772008510675 0.3826834389444128
    outer loop
      vertex 30.812298625707626 30.261440582573414 1.2588190451025207
      vertex 30.244768872857094 30.419351540505886 1.5
      vertex 30.76514909416437 30.173230022192 1.5
    endloop
  endfacet
  facet normal 0.5503543975152803 0.7420670031998265 0.3826834199408454
    outer loop
      vertex 31.31446795910597 29.960451871156693 1.2588190451025207
      vertex 31.258899331092834 29.87728752940893 1.5
      vertex 31.721264593303204 29.534374080598354 1.5
    endloop
  endfacet
  facet normal 0.4749689891688649 0.7924379116036692 0.3826834404323266
    outer loop
      vertex 30.812298625707626 30.261440582573414 1.2588190451025207
      vertex 30.76514909416437 30.173230022192 1.5
      vertex 31.258899331092834 29.87728752940893 1.5
    endloop
  endfacet
  facet normal 0.6845495645999049 0.6204395744913579 0.3826834566728269
    outer loop
      vertex 32.21851754933596 29.218517549335957 1.2588190451025207
      vertex 32.14779208600521 29.14779208600521 1.5
      vertex 32.534374080598354 28.721264593303204 1.5
    endloop
  endfacet
  facet normal 0.7420670031998265 0.5503543975152803 0.3826834199408454
    outer loop
      vertex 32.96045187115669 28.31446795910597 1.2588190451025207
      vertex 32.534374080598354 28.721264593303204 1.5
      vertex 32.87728752940893 28.258899331092834 1.5
    endloop
  endfacet
  facet normal 0.8351772008510675 0.395009403351684 0.3826834389444128
    outer loop
      vertex 33.261440582573414 27.812298625707626 1.2588190451025207
      vertex 33.173230022192 27.76514909416437 1.5
      vertex 33.419351540505886 27.244768872857094 1.5
    endloop
  endfacet
  facet normal 0.7924379116036692 0.4749689891688649 0.3826834404323266
    outer loop
      vertex 33.261440582573414 27.812298625707626 1.2588190451025207
      vertex 32.87728752940893 28.258899331092834 1.5
      vertex 33.173230022192 27.76514909416437 1.5
    endloop
  endfacet
  facet normal 0.6204395744913579 0.6845495645999049 0.3826834566728269
    outer loop
      vertex 32.21851754933596 29.218517549335957 1.2588190451025207
      vertex 31.721264593303204 29.534374080598354 1.5
      vertex 32.14779208600521 29.14779208600521 1.5
    endloop
  endfacet
  facet normal 0.0389280070277418 0.7923977099882388 0.6087614306723474
    outer loop
      vertex 27.996711134910583 30.866025403141975 1.5
      vertex 27.99280981719494 30.70710678398609 1.7071067811865475
      vertex 28.574955217540264 30.837618090212345 1.5
    endloop
  endfacet
  facet normal 0.11640911422877413 0.7847664823798011 0.6087614362438752
    outer loop
      vertex 28.574955217540264 30.837618090212345 1.5
      vertex 29.113332390785217 30.597099877893925 1.7071067811865475
      vertex 29.14437321573496 30.753152906894684 1.5
    endloop
  endfacet
  facet normal 0.1927691438202581 0.7695775447094283 0.6087614145704477
    outer loop
      vertex 29.14437321573496 30.753152906894684 1.5
      vertex 29.656583100557327 30.461022660136223 1.7071067811865475
      vertex 29.70277040451765 30.613281689584255 1.5
    endloop
  endfacet
  facet normal 0.038928009295884136 0.7923977066129554 0.6087614349207645
    outer loop
      vertex 28.574955217540264 30.837618090212345 1.5
      vertex 27.99280981719494 30.70710678398609 1.7071067811865475
      vertex 28.559359662234783 30.67927397042513 1.7071067811865475
    endloop
  endfacet
  facet normal 0.11640911190637462 0.7847664800973513 0.6087614396303223
    outer loop
      vertex 28.574955217540264 30.837618090212345 1.5
      vertex 28.559359662234783 30.67927397042513 1.7071067811865475
      vertex 29.113332390785217 30.597099877893925 1.7071067811865475
    endloop
  endfacet
  facet normal 0.19276913673976268 0.7695775390006885 0.6087614240293567
    outer loop
      vertex 29.14437321573496 30.753152906894684 1.5
      vertex 29.113332390785217 30.597099877893925 1.7071067811865475
      vertex 29.656583100557327 30.461022660136223 1.7071067811865475
    endloop
  endfacet
  facet normal 0.7923977099882388 0.0389280070277418 0.6087614306723474
    outer loop
      vertex 33.866025403141975 24.996711134910583 1.5
      vertex 33.837618090212345 25.574955217540264 1.5
      vertex 33.70710678398609 24.99280981719494 1.7071067811865475
    endloop
  endfacet
  facet normal 0.7847664823798011 0.11640911422877413 0.6087614362438752
    outer loop
      vertex 33.837618090212345 25.574955217540264 1.5
      vertex 33.753152906894684 26.14437321573496 1.5
      vertex 33.597099877893925 26.113332390785217 1.7071067811865475
    endloop
  endfacet
  facet normal 0.7695775447094283 0.1927691438202581 0.6087614145704477
    outer loop
      vertex 33.753152906894684 26.14437321573496 1.5
      vertex 33.613281689584255 26.70277040451765 1.5
      vertex 33.46102266013622 26.656583100557327 1.7071067811865475
    endloop
  endfacet
  facet normal 0.7469771359461497 0.267272687644287 0.6087614219159151
    outer loop
      vertex 33.613281689584255 26.70277040451765 1.5
      vertex 33.419351540505886 27.244768872857094 1.5
      vertex 33.46102266013622 26.656583100557327 1.7071067811865475
    endloop
  endfacet
  facet normal 0.7923977066129554 0.038928009295884136 0.6087614349207645
    outer loop
      vertex 33.837618090212345 25.574955217540264 1.5
      vertex 33.67927397042513 25.559359662234783 1.7071067811865475
      vertex 33.70710678398609 24.99280981719494 1.7071067811865475
    endloop
  endfacet
  facet normal 0.7847664800973513 0.11640911190637462 0.6087614396303223
    outer loop
      vertex 33.837618090212345 25.574955217540264 1.5
      vertex 33.597099877893925 26.113332390785217 1.7071067811865475
      vertex 33.67927397042513 25.559359662234783 1.7071067811865475
    endloop
  endfacet
  facet normal 0.7469771299317352 0.2672726895258703 0.6087614284697704
    outer loop
      vertex 33.46102266013622 26.656583100557327 1.7071067811865475
      vertex 33.419351540505886 27.244768872857094 1.5
      vertex 33.272352799773216 27.183880038559437 1.7071067811865475
    endloop
  endfacet
  facet normal 0.7695775390006885 0.19276913673976268 0.6087614240293567
    outer loop
      vertex 33.753152906894684 26.14437321573496 1.5
      vertex 33.46102266013622 26.656583100557327 1.7071067811865475
      vertex 33.597099877893925 26.113332390785217 1.7071067811865475
    endloop
  endfacet
  facet normal 0.267272687644287 0.7469771359461497 0.6087614219159151
    outer loop
      vertex 29.70277040451765 30.613281689584255 1.5
      vertex 29.656583100557327 30.461022660136223 1.7071067811865475
      vertex 30.244768872857094 30.419351540505886 1.5
    endloop
  endfacet
  facet normal 0.3392022684571571 0.7171829295419561 0.6087614201369337
    outer loop
      vertex 30.244768872857094 30.419351540505886 1.5
      vertex 30.183880038559437 30.272352799773216 1.7071067811865475
      vertex 30.76514909416437 30.173230022192 1.5
    endloop
  endfacet
  facet normal 0.4078651226919937 0.6804818702113378 0.6087614196096243
    outer loop
      vertex 30.76514909416437 30.173230022192 1.5
      vertex 31.170502357184887 29.744992196559906 1.7071067811865475
      vertex 31.258899331092834 29.87728752940893 1.5
    endloop
  endfacet
  facet normal 0.4726000314865183 0.6372273768696601 0.6087614314382555
    outer loop
      vertex 31.258899331092834 29.87728752940893 1.5
      vertex 31.170502357184887 29.744992196559906 1.7071067811865475
      vertex 31.721264593303204 29.534374080598354 1.5
    endloop
  endfacet
  facet normal 0.6804818702113378 0.4078651226919937 0.6087614196096243
    outer loop
      vertex 32.87728752940893 28.258899331092834 1.5
      vertex 32.744992196559906 28.170502357184887 1.7071067811865475
      vertex 33.173230022192 27.76514909416437 1.5
    endloop
  endfacet
  facet normal 0.5878360482375521 0.5327835506729921 0.6087614216790824
    outer loop
      vertex 32.534374080598354 28.721264593303204 1.5
      vertex 32.14779208600521 29.14779208600521 1.5
      vertex 32.035284131765366 29.035284131765366 1.7071067811865475
    endloop
  endfacet
  facet normal 0.6372273768696601 0.4726000314865183 0.6087614314382555
    outer loop
      vertex 32.87728752940893 28.258899331092834 1.5
      vertex 32.534374080598354 28.721264593303204 1.5
      vertex 32.744992196559906 28.170502357184887 1.7071067811865475
    endloop
  endfacet
  facet normal 0.7171829295419561 0.3392022684571571 0.6087614201369337
    outer loop
      vertex 33.419351540505886 27.244768872857094 1.5
      vertex 33.173230022192 27.76514909416437 1.5
      vertex 33.272352799773216 27.183880038559437 1.7071067811865475
    endloop
  endfacet
  facet normal 0.5327835506729921 0.5878360482375521 0.6087614216790824
    outer loop
      vertex 31.721264593303204 29.534374080598354 1.5
      vertex 32.035284131765366 29.035284131765366 1.7071067811865475
      vertex 32.14779208600521 29.14779208600521 1.5
    endloop
  endfacet
  facet normal 0.2672726895258703 0.7469771299317352 0.6087614284697704
    outer loop
      vertex 29.656583100557327 30.461022660136223 1.7071067811865475
      vertex 30.183880038559437 30.272352799773216 1.7071067811865475
      vertex 30.244768872857094 30.419351540505886 1.5
    endloop
  endfacet
  facet normal 0.3392022695799737 0.717182924142418 0.6087614258725051
    outer loop
      vertex 30.76514909416437 30.173230022192 1.5
      vertex 30.183880038559437 30.272352799773216 1.7071067811865475
      vertex 30.690145015716553 30.03290729224682 1.7071067811865475
    endloop
  endfacet
  facet normal 0.4078651137943492 0.6804818666159259 0.608761429589973
    outer loop
      vertex 30.76514909416437 30.173230022192 1.5
      vertex 30.690145015716553 30.03290729224682 1.7071067811865475
      vertex 31.170502357184887 29.744992196559906 1.7071067811865475
    endloop
  endfacet
  facet normal 0.5327835484616001 0.5878360478175887 0.6087614240200042
    outer loop
      vertex 31.721264593303204 29.534374080598354 1.5
      vertex 31.62032614648342 29.411380134522915 1.7071067811865475
      vertex 32.035284131765366 29.035284131765366 1.7071067811865475
    endloop
  endfacet
  facet normal 0.4726000315430174 0.6372273703572361 0.6087614382113417
    outer loop
      vertex 31.721264593303204 29.534374080598354 1.5
      vertex 31.170502357184887 29.744992196559906 1.7071067811865475
      vertex 31.62032614648342 29.411380134522915 1.7071067811865475
    endloop
  endfacet
  facet normal 0.5878360478175887 0.5327835484616001 0.6087614240200042
    outer loop
      vertex 32.534374080598354 28.721264593303204 1.5
      vertex 32.035284131765366 29.035284131765366 1.7071067811865475
      vertex 32.411380134522915 28.62032614648342 1.7071067811865475
    endloop
  endfacet
  facet normal 0.6372273703572361 0.4726000315430174 0.6087614382113417
    outer loop
      vertex 32.534374080598354 28.721264593303204 1.5
      vertex 32.411380134522915 28.62032614648342 1.7071067811865475
      vertex 32.744992196559906 28.170502357184887 1.7071067811865475
    endloop
  endfacet
  facet normal 0.717182924142418 0.3392022695799737 0.6087614258725051
    outer loop
      vertex 33.173230022192 27.76514909416437 1.5
      vertex 33.03290729224682 27.690145015716553 1.7071067811865475
      vertex 33.272352799773216 27.183880038559437 1.7071067811865475
    endloop
  endfacet
  facet normal 0.6804818666159259 0.4078651137943492 0.608761429589973
    outer loop
      vertex 33.173230022192 27.76514909416437 1.5
      vertex 32.744992196559906 28.170502357184887 1.7071067811865475
      vertex 33.03290729224682 27.690145015716553 1.7071067811865475
    endloop
  endfacet
  facet normal 0.029870512602732085 0.6080281553020704 0.7933533354293101
    outer loop
      vertex 27.99280981719494 30.70710678398609 1.7071067811865475
      vertex 27.987725757062435 30.5 1.8660254037844386
      vertex 28.559359662234783 30.67927397042513 1.7071067811865475
    endloop
  endfacet
  facet normal 0.08932385519442519 0.6021725128015167 0.7933533347251479
    outer loop
      vertex 28.559359662234783 30.67927397042513 1.7071067811865475
      vertex 29.072879172861576 30.393727622926235 1.8660254037844386
      vertex 29.113332390785217 30.597099877893925 1.7071067811865475
    endloop
  endfacet
  facet normal 0.1479169637946096 0.5905176258956035 0.7933533294367675
    outer loop
      vertex 29.113332390785217 30.597099877893925 1.7071067811865475
      vertex 29.072879172861576 30.393727622926235 1.8660254037844386
      vertex 29.656583100557327 30.461022660136223 1.7071067811865475
    endloop
  endfacet
  facet normal 0.02987051372014932 0.6080281531582489 0.793353337030269
    outer loop
      vertex 28.559359662234783 30.67927397042513 1.7071067811865475
      vertex 27.987725757062435 30.5 1.8660254037844386
      vertex 28.539035111665726 30.472915902733803 1.8660254037844386
    endloop
  endfacet
  facet normal 0.08932384562816649 0.6021725011283122 0.7933533446624326
    outer loop
      vertex 28.559359662234783 30.67927397042513 1.7071067811865475
      vertex 28.539035111665726 30.472915902733803 1.8660254037844386
      vertex 29.072879172861576 30.393727622926235 1.8660254037844386
    endloop
  endfacet
  facet normal 0.14791696552231537 0.5905176201857097 0.7933533333646969
    outer loop
      vertex 29.656583100557327 30.461022660136223 1.7071067811865475
      vertex 29.072879172861576 30.393727622926235 1.8660254037844386
      vertex 29.59639063477516 30.26259482651949 1.8660254037844386
    endloop
  endfacet
  facet normal 0.018777389761110944 0.3822224727885872 0.9238795326930547
    outer loop
      vertex 27.987725757062435 30.5 1.8660254037844386
      vertex 28.51536676287651 30.23260683566332 1.9659258262890682
      vertex 28.539035111665726 30.472915902733803 1.8660254037844386
    endloop
  endfacet
  facet normal 0.018777389071333632 0.38222247161422135 0.9238795331929264
    outer loop
      vertex 27.987725757062435 30.5 1.8660254037844386
      vertex 27.981805101037025 30.258819043636322 1.9659258262890682
      vertex 28.51536676287651 30.23260683566332 1.9659258262890682
    endloop
  endfacet
  facet normal 0.05615131777891114 0.3785414659522384 0.9238795311437645
    outer loop
      vertex 28.539035111665726 30.472915902733803 1.8660254037844386
      vertex 28.51536676287651 30.23260683566332 1.9659258262890682
      vertex 29.072879172861576 30.393727622926235 1.8660254037844386
    endloop
  endfacet
  facet normal 0.0929844889489513 0.37121488352893056 0.923879534929476
    outer loop
      vertex 29.072879172861576 30.393727622926235 1.8660254037844386
      vertex 29.02577032148838 30.156895622611046 1.9659258262890682
      vertex 29.59639063477516 30.26259482651949 1.8660254037844386
    endloop
  endfacet
  facet normal 0.05615131939026541 0.3785414614577067 0.9238795328873759
    outer loop
      vertex 29.072879172861576 30.393727622926235 1.8660254037844386
      vertex 28.51536676287651 30.23260683566332 1.9659258262890682
      vertex 29.02577032148838 30.156895622611046 1.9659258262890682
    endloop
  endfacet
  facet normal 0.0929844893382666 0.37121488197882874 0.9238795355131242
    outer loop
      vertex 29.59639063477516 30.26259482651949 1.8660254037844386
      vertex 29.02577032148838 30.156895622611046 1.9659258262890682
      vertex 29.526295080780983 30.031520694494247 1.9659258262890682
    endloop
  endfacet
  facet normal 0.12892216337647372 0.3603133100709016 0.9238795345585267
    outer loop
      vertex 29.59639063477516 30.26259482651949 1.8660254037844386
      vertex 29.526295080780983 30.031520694494247 1.9659258262890682
      vertex 30.012120850384235 29.857689455151558 1.9659258262890682
    endloop
  endfacet
  facet normal 0 0 1
    outer loop
      vertex 28.489967472851276 29.97472344338894 2
      vertex 28.282048203008316 29.60938742245905 2
      vertex 28.639287170637928 29.662378817509577 2
    endloop
  endfacet
  facet normal 0.006404616899118898 0.13036896635856507 0.991444861549534
    outer loop
      vertex 27.97545136511326 30 2
      vertex 28.489967472851276 29.97472344338894 2
      vertex 27.981805101037025 30.258819043636322 1.9659258262890682
    endloop
  endfacet
  facet normal 0.006404617767515283 0.13036896788708788 0.991444861342933
    outer loop
      vertex 28.489967472851276 29.97472344338894 2
      vertex 28.51536676287651 30.23260683566332 1.9659258262890682
      vertex 27.981805101037025 30.258819043636322 1.9659258262890682
    endloop
  endfacet
  facet normal 0.019152169493942425 0.1291134439768755 0.9914448612949212
    outer loop
      vertex 28.489967472851276 29.97472344338894 2
      vertex 29.02577032148838 30.156895622611046 1.9659258262890682
      vertex 28.51536676287651 30.23260683566332 1.9659258262890682
    endloop
  endfacet
  facet normal 0 0 1
    outer loop
      vertex 28.489967472851276 29.97472344338894 2
      vertex 28.639287170637928 29.662378817509577 2
      vertex 29 29.680099502487565 2
    endloop
  endfacet
  facet normal 0 0 1
    outer loop
      vertex 28.489967472851276 29.97472344338894 2
      vertex 29 29.680099502487565 2
      vertex 29.360712829362072 29.662378817509577 2
    endloop
  endfacet
  facet normal 0.01915217065057347 0.1291134406518182 0.9914448617055921
    outer loop
      vertex 28.489967472851276 29.97472344338894 2
      vertex 28.97521633654833 29.902743570506573 2
      vertex 29.02577032148838 30.156895622611046 1.9659258262890682
    endloop
  endfacet
  facet normal 0.03171527681605702 0.12661448353117102 0.9914448616925783
    outer loop
      vertex 28.97521633654833 29.902743570506573 2
      vertex 29.451073348522186 29.783547595143318 2
      vertex 29.02577032148838 30.156895622611046 1.9659258262890682
    endloop
  endfacet
  facet normal 0 0 1
    outer loop
      vertex 28.489967472851276 29.97472344338894 2
      vertex 29.912955589592457 29.618283487856388 2
      vertex 28.97521633654833 29.902743570506573 2
    endloop
  endfacet
  facet normal 0.0317152781421557 0.12661448502057807 0.9914448614599501
    outer loop
      vertex 29.451073348522186 29.783547595143318 2
      vertex 29.526295080780983 30.031520694494247 1.9659258262890682
      vertex 29.02577032148838 30.156895622611046 1.9659258262890682
    endloop
  endfacet
  facet normal 0 0 1
    outer loop
      vertex 28.489967472851276 29.97472344338894 2
      vertex 29.360712829362072 29.662378817509577 2
      vertex 29.912955589592457 29.618283487856388 2
    endloop
  endfacet
  facet normal 0 0 1
    outer loop
      vertex 28.97521633654833 29.902743570506573 2
      vertex 29.912955589592457 29.618283487856388 2
      vertex 29.451073348522186 29.783547595143318 2
    endloop
  endfacet
  facet normal 0 0 1
    outer loop
      vertex 29.912955589592457 29.618283487856388 2
      vertex 29.360712829362072 29.662378817509577 2
      vertex 29.717951796991684 29.60938742245905 2
    endloop
  endfacet
  facet normal 0.043972950611038994 0.12289616486074866 0.9914448609363401
    outer loop
      vertex 29.451073348522186 29.783547595143318 2
      vertex 29.912955589592457 29.618283487856388 2
      vertex 29.526295080780983 30.031520694494247 1.9659258262890682
    endloop
  endfacet
  facet normal 0.6080281546265347 0.029870512569545135 0.793353335948292
    outer loop
      vertex 33.70710678398609 24.99280981719494 1.7071067811865475
      vertex 33.67927397042513 25.559359662234783 1.7071067811865475
      vertex 33.5 24.987725749611855 1.8660254037844386
    endloop
  endfacet
  facet normal 0.6021725128015167 0.08932385519442519 0.7933533347251479
    outer loop
      vertex 33.67927397042513 25.559359662234783 1.7071067811865475
      vertex 33.597099877893925 26.113332390785217 1.7071067811865475
      vertex 33.393727622926235 26.072879172861576 1.8660254037844386
    endloop
  endfacet
  facet normal 0.5731757127991874 0.20508554839523235 0.7933533387442006
    outer loop
      vertex 33.46102266013622 26.656583100557327 1.7071067811865475
      vertex 33.272352799773216 27.183880038559437 1.7071067811865475
      vertex 33.26259482651949 26.59639063477516 1.8660254037844386
    endloop
  endfacet
  facet normal 0.5905176258956035 0.1479169637946096 0.7933533294367675
    outer loop
      vertex 33.597099877893925 26.113332390785217 1.7071067811865475
      vertex 33.46102266013622 26.656583100557327 1.7071067811865475
      vertex 33.393727622926235 26.072879172861576 1.8660254037844386
    endloop
  endfacet
  facet normal 0.6080281531904848 0.029870513318052773 0.7933533370207024
    outer loop
      vertex 33.67927397042513 25.559359662234783 1.7071067811865475
      vertex 33.4729159027338 25.539035111665726 1.8660254037844386
      vertex 33.5 24.987725749611855 1.8660254037844386
    endloop
  endfacet
  facet normal 0.6021725011283122 0.08932384562816649 0.7933533446624326
    outer loop
      vertex 33.67927397042513 25.559359662234783 1.7071067811865475
      vertex 33.393727622926235 26.072879172861576 1.8660254037844386
      vertex 33.4729159027338 25.539035111665726 1.8660254037844386
    endloop
  endfacet
  facet normal 0.5905176201857097 0.14791696552231537 0.7933533333646969
    outer loop
      vertex 33.46102266013622 26.656583100557327 1.7071067811865475
      vertex 33.26259482651949 26.59639063477516 1.8660254037844386
      vertex 33.393727622926235 26.072879172861576 1.8660254037844386
    endloop
  endfacet
  facet normal 0.5731757095397837 0.20508554904119203 0.7933533409320456
    outer loop
      vertex 33.272352799773216 27.183880038559437 1.7071067811865475
      vertex 33.08078031241894 27.104528158903122 1.8660254037844386
      vertex 33.26259482651949 26.59639063477516 1.8660254037844386
    endloop
  endfacet
  facet normal 0.3822224721087478 0.018777389095628164 0.9238795329878398
    outer loop
      vertex 33.5 24.987725749611855 1.8660254037844386
      vertex 33.23260683566332 25.51536676287651 1.9659258262890682
      vertex 33.25881904363632 24.981805101037025 1.9659258262890682
    endloop
  endfacet
  facet normal 0.13036896635856507 0.006404616899118898 0.991444861549534
    outer loop
      vertex 33.25881904363632 24.981805101037025 1.9659258262890682
      vertex 32.97472344338894 25.489967472851276 2
      vertex 33 24.97545136511326 2
    endloop
  endfacet
  facet normal 0.38222247281163907 0.018777389508479434 0.9238795326886523
    outer loop
      vertex 33.5 24.987725749611855 1.8660254037844386
      vertex 33.4729159027338 25.539035111665726 1.8660254037844386
      vertex 33.23260683566332 25.51536676287651 1.9659258262890682
    endloop
  endfacet
  facet normal 0.3785414659522384 0.05615131777891114 0.9238795311437645
    outer loop
      vertex 33.393727622926235 26.072879172861576 1.8660254037844386
      vertex 33.23260683566332 25.51536676287651 1.9659258262890682
      vertex 33.4729159027338 25.539035111665726 1.8660254037844386
    endloop
  endfacet
  facet normal 0.3785414614577067 0.05615131939026541 0.9238795328873759
    outer loop
      vertex 33.393727622926235 26.072879172861576 1.8660254037844386
      vertex 33.156895622611046 26.02577032148838 1.9659258262890682
      vertex 33.23260683566332 25.51536676287651 1.9659258262890682
    endloop
  endfacet
  facet normal 0.37121488352893056 0.0929844889489513 0.923879534929476
    outer loop
      vertex 33.393727622926235 26.072879172861576 1.8660254037844386
      vertex 33.26259482651949 26.59639063477516 1.8660254037844386
      vertex 33.156895622611046 26.02577032148838 1.9659258262890682
    endloop
  endfacet
  facet normal 0.36031331136500616 0.12892216480610166 0.9238795338543291
    outer loop
      vertex 33.26259482651949 26.59639063477516 1.8660254037844386
      vertex 33.08078031241894 27.104528158903122 1.8660254037844386
      vertex 32.85768945515156 27.012120850384235 1.9659258262890682
    endloop
  endfacet
  facet normal 0.37121488197882874 0.0929844893382666 0.9238795355131242
    outer loop
      vertex 33.26259482651949 26.59639063477516 1.8660254037844386
      vertex 33.03152069449425 26.526295080780983 1.9659258262890682
      vertex 33.156895622611046 26.02577032148838 1.9659258262890682
    endloop
  endfacet
  facet normal 0.3603133100709016 0.12892216337647372 0.9238795345585267
    outer loop
      vertex 33.26259482651949 26.59639063477516 1.8660254037844386
      vertex 32.85768945515156 27.012120850384235 1.9659258262890682
      vertex 33.03152069449425 26.526295080780983 1.9659258262890682
    endloop
  endfacet
  facet normal 0 0 1
    outer loop
      vertex 32.97472344338894 25.489967472851276 2
      vertex 32.66237881750958 25.639287170637928 2
      vertex 32.60938742245905 25.28204820300831 2
    endloop
  endfacet
  facet normal 0 0 1
    outer loop
      vertex 32.97472344338894 25.489967472851276 2
      vertex 32.680099502487565 26 2
      vertex 32.66237881750958 25.639287170637928 2
    endloop
  endfacet
  facet normal 0 0 1
    outer loop
      vertex 32.97472344338894 25.489967472851276 2
      vertex 32.66237881750958 26.360712829362072 2
      vertex 32.680099502487565 26 2
    endloop
  endfacet
  facet normal 0 0 1
    outer loop
      vertex 32.90274357050657 25.97521633654833 2
      vertex 32.61828348785639 26.912955589592457 2
      vertex 32.97472344338894 25.489967472851276 2
    endloop
  endfacet
  facet normal 0 0 1
    outer loop
      vertex 32.61828348785639 26.912955589592457 2
      vertex 32.66237881750958 26.360712829362072 2
      vertex 32.97472344338894 25.489967472851276 2
    endloop
  endfacet
  facet normal 0.12289616486074866 0.043972950611038994 0.9914448609363401
    outer loop
      vertex 32.78354759514332 26.451073348522186 2
      vertex 33.03152069449425 26.526295080780983 1.9659258262890682
      vertex 32.61828348785639 26.912955589592457 2
    endloop
  endfacet
  facet normal 0 0 1
    outer loop
      vertex 32.90274357050657 25.97521633654833 2
      vertex 32.78354759514332 26.451073348522186 2
      vertex 32.61828348785639 26.912955589592457 2
    endloop
  endfacet
  facet normal 0.1228961650758389 0.04397295084417403 0.9914448608993381
    outer loop
      vertex 32.85768945515156 27.012120850384235 1.9659258262890682
      vertex 32.61828348785639 26.912955589592457 2
      vertex 33.03152069449425 26.526295080780983 1.9659258262890682
    endloop
  endfacet
  facet normal 0 0 1
    outer loop
      vertex 32.61828348785639 26.912955589592457 2
      vertex 32.60938742245905 26.71795179699169 2
      vertex 32.66237881750958 26.360712829362072 2
    endloop
  endfacet
  facet normal 0 0 1
    outer loop
      vertex 32.61828348785639 26.912955589592457 2
      vertex 32.449593845780385 27.269619860539763 2
      vertex 32.52163565343838 27.068276496343913 2
    endloop
  endfacet
  facet normal 0 0 1
    outer loop
      vertex 32.61828348785639 26.912955589592457 2
      vertex 32.52163565343838 27.068276496343913 2
      vertex 32.60938742245905 26.71795179699169 2
    endloop
  endfacet
  facet normal 0.13036896788708788 0.006404617767515283 0.991444861342933
    outer loop
      vertex 33.25881904363632 24.981805101037025 1.9659258262890682
      vertex 33.23260683566332 25.51536676287651 1.9659258262890682
      vertex 32.97472344338894 25.489967472851276 2
    endloop
  endfacet
  facet normal 0.1291134439768755 0.019152169493942432 0.9914448612949212
    outer loop
      vertex 33.23260683566332 25.51536676287651 1.9659258262890682
      vertex 33.156895622611046 26.02577032148838 1.9659258262890682
      vertex 32.97472344338894 25.489967472851276 2
    endloop
  endfacet
  facet normal 0.1291134406518182 0.01915217065057347 0.9914448617055921
    outer loop
      vertex 32.90274357050657 25.97521633654833 2
      vertex 32.97472344338894 25.489967472851276 2
      vertex 33.156895622611046 26.02577032148838 1.9659258262890682
    endloop
  endfacet
  facet normal 0.12661448353117102 0.03171527681605702 0.9914448616925783
    outer loop
      vertex 32.90274357050657 25.97521633654833 2
      vertex 33.156895622611046 26.02577032148838 1.9659258262890682
      vertex 32.78354759514332 26.451073348522186 2
    endloop
  endfacet
  facet normal 0.12661448502057807 0.0317152781421557 0.9914448614599501
    outer loop
      vertex 32.78354759514332 26.451073348522186 2
      vertex 33.156895622611046 26.02577032148838 1.9659258262890682
      vertex 33.03152069449425 26.526295080780983 1.9659258262890682
    endloop
  endfacet
  facet normal 0.4088191942464663 0.4510624589692086 0.7933533415347296
    outer loop
      vertex 32.035284131765366 29.035284131765366 1.7071067811865475
      vertex 31.48878053575754 29.251091361045837 1.8660254037844386
      vertex 31.88866090774536 28.88866090774536 1.8660254037844386
    endloop
  endfacet
  facet normal 0.20508554839523235 0.5731757127991874 0.7933533387442006
    outer loop
      vertex 29.656583100557327 30.461022660136223 1.7071067811865475
      vertex 29.59639063477516 30.26259482651949 1.8660254037844386
      vertex 30.183880038559437 30.272352799773216 1.7071067811865475
    endloop
  endfacet
  facet normal 0.26027905802048096 0.5503138176383928 0.7933533349474425
    outer loop
      vertex 30.183880038559437 30.272352799773216 1.7071067811865475
      vertex 30.592397764325142 29.850035168230534 1.8660254037844386
      vertex 30.690145015716553 30.03290729224682 1.7071067811865475
    endloop
  endfacet
  facet normal 0.3129659075806018 0.5221520982669193 0.7933533430746378
    outer loop
      vertex 30.690145015716553 30.03290729224682 1.7071067811865475
      vertex 30.592397764325142 29.850035168230534 1.8660254037844386
      vertex 31.170502357184887 29.744992196559906 1.7071067811865475
    endloop
  endfacet
  facet normal 0.3626387644367885 0.4889617664585747 0.7933533370885066
    outer loop
      vertex 31.170502357184887 29.744992196559906 1.7071067811865475
      vertex 31.48878053575754 29.251091361045837 1.8660254037844386
      vertex 31.62032614648342 29.411380134522915 1.7071067811865475
    endloop
  endfacet
  facet normal 0.4088191951837609 0.45106246366409747 0.7933533383824491
    outer loop
      vertex 31.62032614648342 29.411380134522915 1.7071067811865475
      vertex 31.48878053575754 29.251091361045837 1.8660254037844386
      vertex 32.035284131765366 29.035284131765366 1.7071067811865475
    endloop
  endfacet
  facet normal 0.20508554904119203 0.5731757095397837 0.7933533409320456
    outer loop
      vertex 30.183880038559437 30.272352799773216 1.7071067811865475
      vertex 29.59639063477516 30.26259482651949 1.8660254037844386
      vertex 30.104528158903122 30.080780312418938 1.8660254037844386
    endloop
  endfacet
  facet normal 0.26027905761195674 0.5503138173650111 0.7933533352711014
    outer loop
      vertex 30.183880038559437 30.272352799773216 1.7071067811865475
      vertex 30.104528158903122 30.080780312418938 1.8660254037844386
      vertex 30.592397764325142 29.850035168230534 1.8660254037844386
    endloop
  endfacet
  facet normal 0.3626387566558119 0.4889617632291934 0.7933533426355023
    outer loop
      vertex 31.170502357184887 29.744992196559906 1.7071067811865475
      vertex 31.055301271378994 29.572581492364407 1.8660254037844386
      vertex 31.48878053575754 29.251091361045837 1.8660254037844386
    endloop
  endfacet
  facet normal 0.3129659075734709 0.5221520880983155 0.7933533497700016
    outer loop
      vertex 31.170502357184887 29.744992196559906 1.7071067811865475
      vertex 30.592397764325142 29.850035168230534 1.8660254037844386
      vertex 31.055301271378994 29.572581492364407 1.8660254037844386
    endloop
  endfacet
  facet normal 0.5221520982669193 0.3129659075806018 0.7933533430746378
    outer loop
      vertex 32.744992196559906 28.170502357184887 1.7071067811865475
      vertex 32.850035168230534 27.592397764325142 1.8660254037844386
      vertex 33.03290729224682 27.690145015716553 1.7071067811865475
    endloop
  endfacet
  facet normal 0.45106246366409747 0.4088191951837609 0.7933533383824491
    outer loop
      vertex 32.035284131765366 29.035284131765366 1.7071067811865475
      vertex 32.25109136104584 28.48878053575754 1.8660254037844386
      vertex 32.411380134522915 28.62032614648342 1.7071067811865475
    endloop
  endfacet
  facet normal 0.4889617664585747 0.3626387644367885 0.7933533370885066
    outer loop
      vertex 32.744992196559906 28.170502357184887 1.7071067811865475
      vertex 32.411380134522915 28.62032614648342 1.7071067811865475
      vertex 32.25109136104584 28.48878053575754 1.8660254037844386
    endloop
  endfacet
  facet normal 0.5503138176383928 0.26027905802048096 0.7933533349474425
    outer loop
      vertex 33.272352799773216 27.183880038559437 1.7071067811865475
      vertex 33.03290729224682 27.690145015716553 1.7071067811865475
      vertex 32.850035168230534 27.592397764325142 1.8660254037844386
    endloop
  endfacet
  facet normal 0.5221520880983155 0.3129659075734709 0.7933533497700016
    outer loop
      vertex 32.744992196559906 28.170502357184887 1.7071067811865475
      vertex 32.57258149236441 28.055301271378994 1.8660254037844386
      vertex 32.850035168230534 27.592397764325142 1.8660254037844386
    endloop
  endfacet
  facet normal 0.4510624589692086 0.4088191942464663 0.7933533415347296
    outer loop
      vertex 32.035284131765366 29.035284131765366 1.7071067811865475
      vertex 31.88866090774536 28.88866090774536 1.8660254037844386
      vertex 32.25109136104584 28.48878053575754 1.8660254037844386
    endloop
  endfacet
  facet normal 0.4889617632291934 0.3626387566558119 0.7933533426355023
    outer loop
      vertex 32.744992196559906 28.170502357184887 1.7071067811865475
      vertex 32.25109136104584 28.48878053575754 1.8660254037844386
      vertex 32.57258149236441 28.055301271378994 1.8660254037844386
    endloop
  endfacet
  facet normal 0.5503138173650111 0.26027905761195674 0.7933533352711014
    outer loop
      vertex 33.272352799773216 27.183880038559437 1.7071067811865475
      vertex 32.850035168230534 27.592397764325142 1.8660254037844386
      vertex 33.08078031241894 27.104528158903122 1.8660254037844386
    endloop
  endfacet
  facet normal 0.25699449473448854 0.2835497216566654 0.923879529497538
    outer loop
      vertex 31.48878053575754 29.251091361045837 1.8660254037844386
      vertex 31.717914551496506 28.717914551496506 1.9659258262890682
      vertex 31.88866090774536 28.88866090774536 1.8660254037844386
    endloop
  endfacet
  facet normal 0.2569944857099467 0.2835497184340259 0.9238795329969511
    outer loop
      vertex 31.48878053575754 29.251091361045837 1.8660254037844386
      vertex 31.335592448711395 29.064431108534336 1.9659258262890682
      vertex 31.717914551496506 28.717914551496506 1.9659258262890682
    endloop
  endfacet
  facet normal 0.07775436287374503 0.10483962147617232 0.9914448612115707
    outer loop
      vertex 31.335592448711395 29.064431108534336 1.9659258262890682
      vertex 31.039289223955848 29.052012004313966 1.990476745453746
      vertex 31.21714637591083 28.92010415034241 1.990476745400605
    endloop
  endfacet
  facet normal 0.08765603356285967 0.09671353039767974 0.9914448612091568
    outer loop
      vertex 31.335592448711395 29.064431108534336 1.9659258262890682
      vertex 31.21714637591083 28.92010415034241 1.990476745400605
      vertex 31.327619293374482 28.836212315203397 1.9888930544919325
    endloop
  endfacet
  facet normal 0.09671353111757956 0.08765603552005756 0.9914448609658912
    outer loop
      vertex 31.717914551496506 28.717914551496506 1.9659258262890682
      vertex 31.7073604264653 28.46978544482154 1.988893054608454
      vertex 32.064431108534336 28.335592448711395 1.9659258262890682
    endloop
  endfacet
  facet normal 0.0967135303976789 0.08765603356285731 0.991444861209157
    outer loop
      vertex 32.064431108534336 28.335592448711395 1.9659258262890682
      vertex 31.7073604264653 28.46978544482154 1.988893054608454
      vertex 31.836212315203397 28.327619293374482 1.9888930544919323
    endloop
  endfacet
  facet normal 0.0876560355200575 0.09671353111758031 0.9914448609658911
    outer loop
      vertex 31.717914551496506 28.717914551496506 1.9659258262890682
      vertex 31.46978544482154 28.7073604264653 1.988893054608454
      vertex 31.594408590829346 28.594408590829346 1.9888930545655712
    endloop
  endfacet
  facet normal 0.08765603552005756 0.09671353111757956 0.9914448609658912
    outer loop
      vertex 31.717914551496506 28.717914551496506 1.9659258262890682
      vertex 31.335592448711395 29.064431108534336 1.9659258262890682
      vertex 31.46978544482154 28.7073604264653 1.988893054608454
    endloop
  endfacet
  facet normal 0.08765603356285964 0.09671353039767973 0.9914448612091566
    outer loop
      vertex 31.335592448711395 29.064431108534336 1.9659258262890682
      vertex 31.327619293374482 28.836212315203397 1.9888930544919325
      vertex 31.46978544482154 28.7073604264653 1.988893054608454
    endloop
  endfacet
  facet normal 0.09671353111758031 0.0876560355200575 0.9914448609658911
    outer loop
      vertex 31.717914551496506 28.717914551496506 1.9659258262890682
      vertex 31.594408590829346 28.594408590829346 1.9888930545655712
      vertex 31.7073604264653 28.46978544482154 1.988893054608454
    endloop
  endfacet
  facet normal 0.16361825118493173 0.3459417181938908 0.9238795351625899
    outer loop
      vertex 30.592397764325142 29.850035168230534 1.8660254037844386
      vertex 30.104528158903122 30.080780312418938 1.8660254037844386
      vertex 30.47856877744198 29.637076012790203 1.9659258262890682
    endloop
  endfacet
  facet normal 0.19673859803211718 0.3282385310543422 0.9238795326099852
    outer loop
      vertex 30.592397764325142 29.850035168230534 1.8660254037844386
      vertex 30.47856877744198 29.637076012790203 1.9659258262890682
      vertex 31.055301271378994 29.572581492364407 1.8660254037844386
    endloop
  endfacet
  facet normal 0.16361824858838775 0.3459417162706897 0.923879536342568
    outer loop
      vertex 30.104528158903122 30.080780312418938 1.8660254037844386
      vertex 30.012120850384235 29.857689455151558 1.9659258262890682
      vertex 30.47856877744198 29.637076012790203 1.9659258262890682
    endloop
  endfacet
  facet normal 0.12892216480610166 0.36031331136500616 0.9238795338543291
    outer loop
      vertex 29.59639063477516 30.26259482651949 1.8660254037844386
      vertex 30.012120850384235 29.857689455151558 1.9659258262890682
      vertex 30.104528158903122 30.080780312418938 1.8660254037844386
    endloop
  endfacet
  facet normal 0.22796425343660978 0.3073742154355166 0.9238795326450792
    outer loop
      vertex 31.055301271378994 29.572581492364407 1.8660254037844386
      vertex 30.921146728098392 29.371805004775524 1.9659258262890682
      vertex 31.48878053575754 29.251091361045837 1.8660254037844386
    endloop
  endfacet
  facet normal 0.19673859793863208 0.32823852912670276 0.9238795333147499
    outer loop
      vertex 31.055301271378994 29.572581492364407 1.8660254037844386
      vertex 30.47856877744198 29.637076012790203 1.9659258262890682
      vertex 30.921146728098392 29.371805004775524 1.9659258262890682
    endloop
  endfacet
  facet normal 0.22796425288885164 0.30737421172678225 0.9238795340141306
    outer loop
      vertex 31.48878053575754 29.251091361045837 1.8660254037844386
      vertex 30.921146728098392 29.371805004775524 1.9659258262890682
      vertex 31.335592448711395 29.064431108534336 1.9659258262890682
    endloop
  endfacet
  facet normal 0 0 1
    outer loop
      vertex 29.912955589592457 29.618283487856388 2
      vertex 30.068276496343913 29.52163565343838 2
      vertex 30.26961986053975 29.4495938457804 2
    endloop
  endfacet
  facet normal 0.04397295084417403 0.1228961650758389 0.9914448608993381
    outer loop
      vertex 29.526295080780983 30.031520694494247 1.9659258262890682
      vertex 29.912955589592457 29.618283487856388 2
      vertex 30.012120850384235 29.857689455151558 1.9659258262890682
    endloop
  endfacet
  facet normal 0.055807139302326184 0.11799428069280994 0.991444861263942
    outer loop
      vertex 30.012120850384235 29.857689455151558 1.9659258262890682
      vertex 29.912955589592457 29.618283487856388 2
      vertex 30.47856877744198 29.637076012790203 1.9659258262890682
    endloop
  endfacet
  facet normal 0 0 1
    outer loop
      vertex 29.912955589592457 29.618283487856388 2
      vertex 29.717951796991684 29.60938742245905 2
      vertex 30.068276496343913 29.52163565343838 2
    endloop
  endfacet
  facet normal 0.05580713937362063 0.11799427892187939 0.9914448614706917
    outer loop
      vertex 30.47856877744198 29.637076012790203 1.9659258262890682
      vertex 29.912955589592457 29.618283487856388 2
      vertex 30.26961986053975 29.4495938457804 2
    endloop
  endfacet
  facet normal 0.06710387312347786 0.1119560515503204 0.9914448611663133
    outer loop
      vertex 30.47856877744198 29.637076012790203 1.9659258262890682
      vertex 30.804099562635855 29.19663154887151 1.9936288763283696
      vertex 30.921146728098392 29.371805004775524 1.9659258262890682
    endloop
  endfacet
  facet normal 0.05580713937362152 0.1179942789218784 0.9914448614706917
    outer loop
      vertex 30.47856877744198 29.637076012790203 1.9659258262890682
      vertex 30.26961986053975 29.4495938457804 2
      vertex 30.360376686772383 29.41595413416195 1.9988949609023257
    endloop
  endfacet
  facet normal 0.06710387153499424 0.11195605057900998 0.991444861383509
    outer loop
      vertex 30.47856877744198 29.637076012790203 1.9659258262890682
      vertex 30.360376686772383 29.41595413416195 1.9988949609023257
      vertex 30.407455397102694 29.39789790812052 1.997747484105189
    endloop
  endfacet
  facet normal 0.0671038715349974 0.11195605057900901 0.9914448613835088
    outer loop
      vertex 30.47856877744198 29.637076012790203 1.9659258262890682
      vertex 30.407455397102694 29.39789790812052 1.997747484105189
      vertex 30.72239377134045 29.244546534345695 1.9937483004873895
    endloop
  endfacet
  facet normal 0.06710387312347803 0.11195605155032055 0.9914448611663133
    outer loop
      vertex 30.47856877744198 29.637076012790203 1.9659258262890682
      vertex 30.731798511630515 29.23996713099342 1.99362887621475
      vertex 30.804099562635855 29.19663154887151 1.9936288763283696
    endloop
  endfacet
  facet normal 0.06710387312347256 0.11195605155031674 0.9914448611663141
    outer loop
      vertex 30.47856877744198 29.637076012790203 1.9659258262890682
      vertex 30.72239377134045 29.244546534345695 1.9937483004873895
      vertex 30.731798511630515 29.23996713099342 1.99362887621475
    endloop
  endfacet
  facet normal 0.07775436289992715 0.10483962154278302 0.9914448612024738
    outer loop
      vertex 30.921146728098392 29.371805004775524 1.9659258262890682
      vertex 30.804099562635855 29.19663154887151 1.9936288763283696
      vertex 31.039289223955848 29.052012004313966 1.990476745453746
    endloop
  endfacet
  facet normal 0.07775436287091783 0.10483962153232552 0.9914448612058545
    outer loop
      vertex 30.921146728098392 29.371805004775524 1.9659258262890682
      vertex 31.039289223955848 29.052012004313966 1.990476745453746
      vertex 31.335592448711395 29.064431108534336 1.9659258262890682
    endloop
  endfacet
  facet normal 0.3459417181938908 0.16361825118493173 0.9238795351625899
    outer loop
      vertex 33.08078031241894 27.104528158903122 1.8660254037844386
      vertex 32.850035168230534 27.592397764325142 1.8660254037844386
      vertex 32.6370760127902 27.47856877744198 1.9659258262890682
    endloop
  endfacet
  facet normal 0.3282385310543422 0.19673859803211718 0.9238795326099852
    outer loop
      vertex 32.850035168230534 27.592397764325142 1.8660254037844386
      vertex 32.57258149236441 28.055301271378994 1.8660254037844386
      vertex 32.6370760127902 27.47856877744198 1.9659258262890682
    endloop
  endfacet
  facet normal 0.3459417162706897 0.16361824858838775 0.923879536342568
    outer loop
      vertex 33.08078031241894 27.104528158903122 1.8660254037844386
      vertex 32.6370760127902 27.47856877744198 1.9659258262890682
      vertex 32.85768945515156 27.012120850384235 1.9659258262890682
    endloop
  endfacet
  facet normal 0.32823852912670276 0.19673859793863208 0.9238795333147499
    outer loop
      vertex 32.57258149236441 28.055301271378994 1.8660254037844386
      vertex 32.371805004775524 27.921146728098392 1.9659258262890682
      vertex 32.6370760127902 27.47856877744198 1.9659258262890682
    endloop
  endfacet
  facet normal 0.3073742154355166 0.22796425343660978 0.9238795326450792
    outer loop
      vertex 32.57258149236441 28.055301271378994 1.8660254037844386
      vertex 32.25109136104584 28.48878053575754 1.8660254037844386
      vertex 32.371805004775524 27.921146728098392 1.9659258262890682
    endloop
  endfacet
  facet normal 0.2835497216566654 0.25699449473448854 0.923879529497538
    outer loop
      vertex 32.25109136104584 28.48878053575754 1.8660254037844386
      vertex 31.88866090774536 28.88866090774536 1.8660254037844386
      vertex 31.717914551496506 28.717914551496506 1.9659258262890682
    endloop
  endfacet
  facet normal 0.2835497184340259 0.2569944857099467 0.9238795329969511
    outer loop
      vertex 32.25109136104584 28.48878053575754 1.8660254037844386
      vertex 31.717914551496506 28.717914551496506 1.9659258262890682
      vertex 32.064431108534336 28.335592448711395 1.9659258262890682
    endloop
  endfacet
  facet normal 0.30737421172678225 0.22796425288885164 0.9238795340141306
    outer loop
      vertex 32.25109136104584 28.48878053575754 1.8660254037844386
      vertex 32.064431108534336 28.335592448711395 1.9659258262890682
      vertex 32.371805004775524 27.921146728098392 1.9659258262890682
    endloop
  endfacet
  facet normal 0.10483962149825417 0.07775436287263252 0.9914448612093231
    outer loop
      vertex 32.064431108534336 28.335592448711395 1.9659258262890682
      vertex 32.052012004313966 28.039289223955848 1.9904767454537458
      vertex 32.196631548871494 27.804099562635855 1.9936288763283696
    endloop
  endfacet
  facet normal 0.10483962155228446 0.0777543628857204 0.9914448612025832
    outer loop
      vertex 32.371805004775524 27.921146728098392 1.9659258262890682
      vertex 32.064431108534336 28.335592448711395 1.9659258262890682
      vertex 32.196631548871494 27.804099562635855 1.9936288763283696
    endloop
  endfacet
  facet normal 0.11195605155029892 0.06710387312349671 0.9914448611663145
    outer loop
      vertex 32.371805004775524 27.921146728098392 1.9659258262890682
      vertex 32.196631548871494 27.804099562635855 1.9936288763283696
      vertex 32.23996713099342 27.731798511630522 1.9936288762147503
    endloop
  endfacet
  facet normal 0.11195605155019768 0.06710387312327973 0.9914448611663407
    outer loop
      vertex 32.6370760127902 27.47856877744198 1.9659258262890682
      vertex 32.23996713099342 27.731798511630522 1.9936288762147503
      vertex 32.24454653434569 27.72239377134045 1.9937483004873897
    endloop
  endfacet
  facet normal 0.11799428069280994 0.055807139302326184 0.991444861263942
    outer loop
      vertex 32.85768945515156 27.012120850384235 1.9659258262890682
      vertex 32.6370760127902 27.47856877744198 1.9659258262890682
      vertex 32.61828348785639 26.912955589592457 2
    endloop
  endfacet
  facet normal 0.11799427892187457 0.05580713937362082 0.9914448614706922
    outer loop
      vertex 32.61828348785639 26.912955589592457 2
      vertex 32.6370760127902 27.47856877744198 1.9659258262890682
      vertex 32.449593845780385 27.269619860539763 2
    endloop
  endfacet
  facet normal 0.11195605057900632 0.06710387153499497 0.9914448613835094
    outer loop
      vertex 32.6370760127902 27.47856877744198 1.9659258262890682
      vertex 32.39789790812051 27.407455397102687 1.9977474841051894
      vertex 32.41595413416195 27.36037668677237 1.9988949609023259
    endloop
  endfacet
  facet normal 0.11799427892187779 0.05580713937361788 0.991444861470692
    outer loop
      vertex 32.6370760127902 27.47856877744198 1.9659258262890682
      vertex 32.41595413416195 27.36037668677237 1.9988949609023259
      vertex 32.449593845780385 27.269619860539763 2
    endloop
  endfacet
  facet normal 0.11195605057900625 0.06710387153499522 0.9914448613835094
    outer loop
      vertex 32.6370760127902 27.47856877744198 1.9659258262890682
      vertex 32.24454653434569 27.72239377134045 1.9937483004873897
      vertex 32.39789790812051 27.407455397102687 1.9977474841051894
    endloop
  endfacet
  facet normal 0.11195605155032322 0.06710387312347955 0.9914448611663129
    outer loop
      vertex 32.371805004775524 27.921146728098392 1.9659258262890682
      vertex 32.23996713099342 27.731798511630522 1.9936288762147503
      vertex 32.6370760127902 27.47856877744198 1.9659258262890682
    endloop
  endfacet
  facet normal 0.09671353039767874 0.0876560335628609 0.9914448612091568
    outer loop
      vertex 32.064431108534336 28.335592448711395 1.9659258262890682
      vertex 31.836212315203397 28.327619293374482 1.9888930544919323
      vertex 31.92010415034241 28.21714637591083 1.990476745400605
    endloop
  endfacet
  facet normal 0.10483962147617294 0.07775436287374425 0.9914448612115707
    outer loop
      vertex 32.064431108534336 28.335592448711395 1.9659258262890682
      vertex 31.92010415034241 28.21714637591083 1.990476745400605
      vertex 32.052012004313966 28.039289223955848 1.9904767454537458
    endloop
  endfacet
  facet normal 0.8032075314806162 0.595699304492472 0
    outer loop
      vertex 27.58650165908567 25.05553060386667 0.010000000000000018
      vertex 27.68588222928335 24.921531416921802 0
      vertex 27.58650165908567 25.05553060386667 0
    endloop
  endfacet
  facet normal 0.8577286100003059 0.5141027441931653 0
    outer loop
      vertex 27.5007338506078 25.198625547395807 0.010000000000000018
      vertex 27.58650165908567 25.05553060386667 0
      vertex 27.5007338506078 25.198625547395807 0
    endloop
  endfacet
  facet normal 0.8577286100003059 0.5141027441931653 0
    outer loop
      vertex 27.58650165908567 25.05553060386667 0.010000000000000018
      vertex 27.58650165908567 25.05553060386667 0
      vertex 27.5007338506078 25.198625547395807 0.010000000000000018
    endloop
  endfacet
  facet normal 0.9700312531945352 0.24298017990329884 0
    outer loop
      vertex 27.332665023314505 25.668346452572578 0.010000000000000018
      vertex 27.373201429255246 25.506516048667415 0
      vertex 27.332665023314505 25.668346452572578 0
    endloop
  endfacet
  facet normal 0.9039892931234325 0.42755509343030496 0
    outer loop
      vertex 27.429404794730814 25.349438164979347 0.010000000000000018
      vertex 27.5007338506078 25.198625547395807 0
      vertex 27.429404794730814 25.349438164979347 0
    endloop
  endfacet
  facet normal 0.9039892931234325 0.42755509343030496 0
    outer loop
      vertex 27.5007338506078 25.198625547395807 0.010000000000000018
      vertex 27.5007338506078 25.198625547395807 0
      vertex 27.429404794730814 25.349438164979347 0.010000000000000018
    endloop
  endfacet
  facet normal 0.9415440651830207 0.3368898533922202 0
    outer loop
      vertex 27.429404794730814 25.349438164979347 0.010000000000000018
      vertex 27.429404794730814 25.349438164979347 0
      vertex 27.373201429255246 25.506516048667415 0.010000000000000018
    endloop
  endfacet
  facet normal 0.9415440651830207 0.3368898533922202 0
    outer loop
      vertex 27.373201429255246 25.506516048667415 0.010000000000000018
      vertex 27.429404794730814 25.349438164979347 0
      vertex 27.373201429255246 25.506516048667415 0
    endloop
  endfacet
  facet normal 0.9700312531945352 0.24298017990329884 0
    outer loop
      vertex 27.373201429255246 25.506516048667415 0.010000000000000018
      vertex 27.373201429255246 25.506516048667415 0
      vertex 27.332665023314505 25.668346452572578 0.010000000000000018
    endloop
  endfacet
  facet normal 0.9891765099647883 0.14673047445531218 0
    outer loop
      vertex 27.30818596465727 25.833370861439747 0.010000000000000018
      vertex 27.332665023314505 25.668346452572578 0
      vertex 27.30818596465727 25.833370861439747 0
    endloop
  endfacet
  facet normal 0.9891765099647883 0.14673047445531218 0
    outer loop
      vertex 27.332665023314505 25.668346452572578 0.010000000000000018
      vertex 27.332665023314505 25.668346452572578 0
      vertex 27.30818596465727 25.833370861439747 0.010000000000000018
    endloop
  endfacet
  facet normal 0.9987954562051703 0.049067674327460356 0
    outer loop
      vertex 27.30818596465727 25.833370861439747 0.010000000000000018
      vertex 27.30818596465727 25.833370861439747 0
      vertex 27.299999999999997 26 0.010000000000000018
    endloop
  endfacet
  facet normal 0.9987954562051703 0.049067674327460356 0
    outer loop
      vertex 27.299999999999997 26 0.010000000000000018
      vertex 27.30818596465727 25.833370861439747 0
      vertex 27.299999999999997 26 0
    endloop
  endfacet
  facet normal 0.9987954562051703 -0.049067674327460356 0
    outer loop
      vertex 27.30818596465727 26.166629138560253 0.010000000000000018
      vertex 27.299999999999997 26 0
      vertex 27.30818596465727 26.166629138560253 0
    endloop
  endfacet
  facet normal 0.9987954562051703 -0.049067674327460356 0
    outer loop
      vertex 27.299999999999997 26 0.010000000000000018
      vertex 27.299999999999997 26 0
      vertex 27.30818596465727 26.166629138560253 0.010000000000000018
    endloop
  endfacet
  facet normal 0.9891765099647883 -0.14673047445531218 0
    outer loop
      vertex 27.332665023314505 26.331653547427422 0.010000000000000018
      vertex 27.30818596465727 26.166629138560253 0
      vertex 27.332665023314505 26.331653547427422 0
    endloop
  endfacet
  facet normal 0.9891765099647883 -0.14673047445531218 0
    outer loop
      vertex 27.30818596465727 26.166629138560253 0.010000000000000018
      vertex 27.30818596465727 26.166629138560253 0
      vertex 27.332665023314505 26.331653547427422 0.010000000000000018
    endloop
  endfacet
  facet normal 0.9700312531945352 -0.24298017990329884 0
    outer loop
      vertex 27.332665023314505 26.331653547427422 0.010000000000000018
      vertex 27.332665023314505 26.331653547427422 0
      vertex 27.373201429255246 26.493483951332585 0.010000000000000018
    endloop
  endfacet
  facet normal 0.9700312531945352 -0.24298017990329884 0
    outer loop
      vertex 27.373201429255246 26.493483951332585 0.010000000000000018
      vertex 27.332665023314505 26.331653547427422 0
      vertex 27.373201429255246 26.493483951332585 0
    endloop
  endfacet
  facet normal 0.9415440651830207 -0.3368898533922202 0
    outer loop
      vertex 27.429404794730814 26.650561835020653 0.010000000000000018
      vertex 27.373201429255246 26.493483951332585 0
      vertex 27.429404794730814 26.650561835020653 0
    endloop
  endfacet
  facet normal 0.9415440651830207 -0.3368898533922202 0
    outer loop
      vertex 27.373201429255246 26.493483951332585 0.010000000000000018
      vertex 27.373201429255246 26.493483951332585 0
      vertex 27.429404794730814 26.650561835020653 0.010000000000000018
    endloop
  endfacet
  facet normal 0.9039892931234325 -0.42755509343030496 0
    outer loop
      vertex 27.5007338506078 26.801374452604193 0.010000000000000018
      vertex 27.429404794730814 26.650561835020653 0
      vertex 27.5007338506078 26.801374452604193 0
    endloop
  endfacet
  facet normal 0.9039892931234325 -0.42755509343030496 0
    outer loop
      vertex 27.429404794730814 26.650561835020653 0.010000000000000018
      vertex 27.429404794730814 26.650561835020653 0
      vertex 27.5007338506078 26.801374452604193 0.010000000000000018
    endloop
  endfacet
  facet normal 0.8577286100003059 -0.5141027441931653 0
    outer loop
      vertex 27.5007338506078 26.801374452604193 0.010000000000000018
      vertex 27.5007338506078 26.801374452604193 0
      vertex 27.58650165908567 26.94446939613333 0.010000000000000018
    endloop
  endfacet
  facet normal 0.8577286100003059 -0.5141027441931653 0
    outer loop
      vertex 27.58650165908567 26.94446939613333 0.010000000000000018
      vertex 27.5007338506078 26.801374452604193 0
      vertex 27.58650165908567 26.94446939613333 0
    endloop
  endfacet
  facet normal 0.8032075314806162 -0.595699304492472 0
    outer loop
      vertex 27.58650165908567 26.94446939613333 0.010000000000000018
      vertex 27.58650165908567 26.94446939613333 0
      vertex 27.68588222928335 27.078468583078198 0.010000000000000018
    endloop
  endfacet
  facet normal 0.5956993044924516 0.8032075314806313 0
    outer loop
      vertex 27.921531416921795 24.68588222928335 0.010000000000000018
      vertex 28.05553060386667 24.58650165908567 0
      vertex 27.921531416921795 24.68588222928335 0
    endloop
  endfacet
  facet normal 0.5956993044924516 0.8032075314806313 0
    outer loop
      vertex 28.05553060386667 24.58650165908567 0.010000000000000018
      vertex 28.05553060386667 24.58650165908567 0
      vertex 27.921531416921795 24.68588222928335 0.010000000000000018
    endloop
  endfacet
  facet normal 0.5141027441931653 0.8577286100003059 0
    outer loop
      vertex 28.05553060386667 24.58650165908567 0.010000000000000018
      vertex 28.198625547395807 24.5007338506078 0
      vertex 28.05553060386667 24.58650165908567 0
    endloop
  endfacet
  facet normal 0.5141027441931653 0.8577286100003059 2.230165255955683e-16
    outer loop
      vertex 28.05553060386667 24.58650165908567 0.010000000000000018
      vertex 28.198625547395807 24.5007338506078 0.010000000000000018
      vertex 28.198625547395807 24.5007338506078 0
    endloop
  endfacet
  facet normal 0.7409511253549746 0.6715589548470013 0
    outer loop
      vertex 27.68588222928335 24.921531416921802 0.010000000000000018
      vertex 27.797918471982868 24.797918471982868 0
      vertex 27.68588222928335 24.921531416921802 0
    endloop
  endfacet
  facet normal 0.6715589548470224 0.7409511253549554 0
    outer loop
      vertex 27.797918471982868 24.797918471982868 0.010000000000000018
      vertex 27.921531416921795 24.68588222928335 0
      vertex 27.797918471982868 24.797918471982868 0
    endloop
  endfacet
  facet normal 0.6715589548470224 0.7409511253549554 -2.9657705966311914e-16
    outer loop
      vertex 27.797918471982868 24.797918471982868 0.010000000000000018
      vertex 27.921531416921795 24.68588222928335 0.010000000000000018
      vertex 27.921531416921795 24.68588222928335 0
    endloop
  endfacet
  facet normal 0.7409511253549746 0.6715589548470013 0
    outer loop
      vertex 27.797918471982868 24.797918471982868 0.010000000000000018
      vertex 27.797918471982868 24.797918471982868 0
      vertex 27.68588222928335 24.921531416921802 0.010000000000000018
    endloop
  endfacet
  facet normal 0.8032075314806162 0.595699304492472 3.7329579251938743e-16
    outer loop
      vertex 27.58650165908567 25.05553060386667 0.010000000000000018
      vertex 27.68588222928335 24.921531416921802 0.010000000000000018
      vertex 27.68588222928335 24.921531416921802 0
    endloop
  endfacet
  facet normal 0.3368898533922337 0.9415440651830158 0
    outer loop
      vertex 28.349438164979347 24.429404794730814 0.010000000000000018
      vertex 28.506516048667407 24.373201429255246 0
      vertex 28.349438164979347 24.429404794730814 0
    endloop
  endfacet
  facet normal 0.42755509343030496 0.9039892931234325 -5.186410763400787e-16
    outer loop
      vertex 28.198625547395807 24.5007338506078 0.010000000000000018
      vertex 28.349438164979347 24.429404794730814 0.010000000000000018
      vertex 28.349438164979347 24.429404794730814 0
    endloop
  endfacet
  facet normal 0.42755509343030496 0.9039892931234325 0
    outer loop
      vertex 28.198625547395807 24.5007338506078 0.010000000000000018
      vertex 28.349438164979347 24.429404794730814 0
      vertex 28.198625547395807 24.5007338506078 0
    endloop
  endfacet
  facet normal 0.3368898533922337 0.9415440651830158 7.206016729610375e-18
    outer loop
      vertex 28.349438164979347 24.429404794730814 0.010000000000000018
      vertex 28.506516048667407 24.373201429255246 0.010000000000000018
      vertex 28.506516048667407 24.373201429255246 0
    endloop
  endfacet
  facet normal 0.2429801799032888 0.9700312531945378 0
    outer loop
      vertex 28.506516048667407 24.373201429255246 0.010000000000000018
      vertex 28.668346452572578 24.332665023314505 0
      vertex 28.506516048667407 24.373201429255246 0
    endloop
  endfacet
  facet normal 0.2429801799032888 0.9700312531945378 8.928257295706528e-17
    outer loop
      vertex 28.506516048667407 24.373201429255246 0.010000000000000018
      vertex 28.668346452572578 24.332665023314505 0.010000000000000018
      vertex 28.668346452572578 24.332665023314505 0
    endloop
  endfacet
  facet normal 0.14673047445531218 0.9891765099647883 0
    outer loop
      vertex 28.668346452572578 24.332665023314505 0.010000000000000018
      vertex 28.833370861439747 24.30818596465727 0
      vertex 28.668346452572578 24.332665023314505 0
    endloop
  endfacet
  facet normal 0.14673047445531218 0.9891765099647883 1.2551139922956263e-16
    outer loop
      vertex 28.668346452572578 24.332665023314505 0.010000000000000018
      vertex 28.833370861439747 24.30818596465727 0.010000000000000018
      vertex 28.833370861439747 24.30818596465727 0
    endloop
  endfacet
  facet normal 0.049067674327460356 0.9987954562051703 0
    outer loop
      vertex 28.833370861439747 24.30818596465727 0.010000000000000018
      vertex 29 24.299999999999997 0
      vertex 28.833370861439747 24.30818596465727 0
    endloop
  endfacet
  facet normal 0.049067674327460356 0.9987954562051703 -3.381840789919364e-17
    outer loop
      vertex 28.833370861439747 24.30818596465727 0.010000000000000018
      vertex 29 24.299999999999997 0.010000000000000018
      vertex 29 24.299999999999997 0
    endloop
  endfacet
  facet normal -0.049067674327460356 0.9987954562051703 0
    outer loop
      vertex 29 24.299999999999997 0.010000000000000018
      vertex 29.166629138560253 24.30818596465727 0
      vertex 29 24.299999999999997 0
    endloop
  endfacet
  facet normal -0.049067674327460356 0.9987954562051703 3.381840789919364e-17
    outer loop
      vertex 29 24.299999999999997 0.010000000000000018
      vertex 29.166629138560253 24.30818596465727 0.010000000000000018
      vertex 29.166629138560253 24.30818596465727 0
    endloop
  endfacet
  facet normal -0.14673047445531218 0.9891765099647883 0
    outer loop
      vertex 29.166629138560253 24.30818596465727 0.010000000000000018
      vertex 29.331653547427422 24.332665023314505 0
      vertex 29.166629138560253 24.30818596465727 0
    endloop
  endfacet
  facet normal -0.14673047445531218 0.9891765099647883 -1.2551139922956263e-16
    outer loop
      vertex 29.166629138560253 24.30818596465727 0.010000000000000018
      vertex 29.331653547427422 24.332665023314505 0.010000000000000018
      vertex 29.331653547427422 24.332665023314505 0
    endloop
  endfacet
  facet normal -0.2429801799032888 0.9700312531945378 0
    outer loop
      vertex 29.331653547427422 24.332665023314505 0.010000000000000018
      vertex 29.493483951332593 24.373201429255246 0
      vertex 29.331653547427422 24.332665023314505 0
    endloop
  endfacet
  facet normal -0.2429801799032888 0.9700312531945378 -8.928257295706528e-17
    outer loop
      vertex 29.331653547427422 24.332665023314505 0.010000000000000018
      vertex 29.493483951332593 24.373201429255246 0.010000000000000018
      vertex 29.493483951332593 24.373201429255246 0
    endloop
  endfacet
  facet normal -0.3368898533922337 0.9415440651830158 0
    outer loop
      vertex 29.493483951332593 24.373201429255246 0.010000000000000018
      vertex 29.650561835020653 24.429404794730814 0
      vertex 29.493483951332593 24.373201429255246 0
    endloop
  endfacet
  facet normal -0.3368898533922337 0.9415440651830158 -7.206016729610375e-18
    outer loop
      vertex 29.493483951332593 24.373201429255246 0.010000000000000018
      vertex 29.650561835020653 24.429404794730814 0.010000000000000018
      vertex 29.650561835020653 24.429404794730814 0
    endloop
  endfacet
  facet normal -0.42755509343030496 0.9039892931234325 0
    outer loop
      vertex 29.650561835020653 24.429404794730814 0.010000000000000018
      vertex 29.801374452604193 24.5007338506078 0
      vertex 29.650561835020653 24.429404794730814 0
    endloop
  endfacet
  facet normal 0.8032075314806162 -0.595699304492472 0
    outer loop
      vertex 27.68588222928335 27.078468583078198 0.010000000000000018
      vertex 27.58650165908567 26.94446939613333 0
      vertex 27.68588222928335 27.078468583078198 0
    endloop
  endfacet
  facet normal 0.7409511253549746 -0.6715589548470013 0
    outer loop
      vertex 27.68588222928335 27.078468583078198 0.010000000000000018
      vertex 27.68588222928335 27.078468583078198 0
      vertex 27.797918471982868 27.202081528017132 0.010000000000000018
    endloop
  endfacet
  facet normal 0.7409511253549746 -0.6715589548470013 0
    outer loop
      vertex 27.797918471982868 27.202081528017132 0.010000000000000018
      vertex 27.68588222928335 27.078468583078198 0
      vertex 27.797918471982868 27.202081528017132 0
    endloop
  endfacet
  facet normal 0.6715589548470224 -0.7409511253549554 0
    outer loop
      vertex 27.797918471982868 27.202081528017132 0.010000000000000018
      vertex 27.797918471982868 27.202081528017132 0
      vertex 27.921531416921795 27.31411777071665 0.010000000000000018
    endloop
  endfacet
  facet normal 0.6715589548470224 -0.7409511253549554 0
    outer loop
      vertex 27.921531416921795 27.31411777071665 0.010000000000000018
      vertex 27.797918471982868 27.202081528017132 0
      vertex 27.921531416921795 27.31411777071665 0
    endloop
  endfacet
  facet normal 0.5956993044924516 -0.8032075314806313 0
    outer loop
      vertex 27.921531416921795 27.31411777071665 0.010000000000000018
      vertex 27.921531416921795 27.31411777071665 0
      vertex 28.05553060386667 27.41349834091433 0.010000000000000018
    endloop
  endfacet
  facet normal 0.5956993044924516 -0.8032075314806313 0
    outer loop
      vertex 28.05553060386667 27.41349834091433 0.010000000000000018
      vertex 27.921531416921795 27.31411777071665 0
      vertex 28.05553060386667 27.41349834091433 0
    endloop
  endfacet
  facet normal 0.5141027441931653 -0.8577286100003059 0
    outer loop
      vertex 28.198625547395807 27.4992661493922 0.010000000000000018
      vertex 28.05553060386667 27.41349834091433 0
      vertex 28.198625547395807 27.4992661493922 0
    endloop
  endfacet
  facet normal 0.5141027441931653 -0.8577286100003059 0
    outer loop
      vertex 28.05553060386667 27.41349834091433 0.010000000000000018
      vertex 28.05553060386667 27.41349834091433 0
      vertex 28.198625547395807 27.4992661493922 0.010000000000000018
    endloop
  endfacet
  facet normal 0.42755509343030496 -0.9039892931234325 0
    outer loop
      vertex 28.198625547395807 27.4992661493922 0.010000000000000018
      vertex 28.198625547395807 27.4992661493922 0
      vertex 28.349438164979347 27.570595205269186 0.010000000000000018
    endloop
  endfacet
  facet normal 0.42755509343030496 -0.9039892931234325 0
    outer loop
      vertex 28.349438164979347 27.570595205269186 0.010000000000000018
      vertex 28.198625547395807 27.4992661493922 0
      vertex 28.349438164979347 27.570595205269186 0
    endloop
  endfacet
  facet normal 0.3368898533922337 -0.9415440651830158 0
    outer loop
      vertex 28.349438164979347 27.570595205269186 0.010000000000000018
      vertex 28.349438164979347 27.570595205269186 0
      vertex 28.506516048667407 27.626798570744754 0.010000000000000018
    endloop
  endfacet
  facet normal 0.3368898533922337 -0.9415440651830158 0
    outer loop
      vertex 28.506516048667407 27.626798570744754 0.010000000000000018
      vertex 28.349438164979347 27.570595205269186 0
      vertex 28.506516048667407 27.626798570744754 0
    endloop
  endfacet
  facet normal 0.2429801799032888 -0.9700312531945378 0
    outer loop
      vertex 28.668346452572578 27.667334976685495 0.010000000000000018
      vertex 28.506516048667407 27.626798570744754 0
      vertex 28.668346452572578 27.667334976685495 0
    endloop
  endfacet
  facet normal 0.2429801799032888 -0.9700312531945378 0
    outer loop
      vertex 28.506516048667407 27.626798570744754 0.010000000000000018
      vertex 28.506516048667407 27.626798570744754 0
      vertex 28.668346452572578 27.667334976685495 0.010000000000000018
    endloop
  endfacet
  facet normal 0.14673047445531218 -0.9891765099647883 0
    outer loop
      vertex 28.833370861439747 27.69181403534273 0.010000000000000018
      vertex 28.668346452572578 27.667334976685495 0
      vertex 28.833370861439747 27.69181403534273 0
    endloop
  endfacet
  facet normal 0.14673047445531218 -0.9891765099647883 0
    outer loop
      vertex 28.668346452572578 27.667334976685495 0.010000000000000018
      vertex 28.668346452572578 27.667334976685495 0
      vertex 28.833370861439747 27.69181403534273 0.010000000000000018
    endloop
  endfacet
  facet normal 0.049067674327460356 -0.9987954562051703 0
    outer loop
      vertex 29 27.700000000000003 0.010000000000000018
      vertex 28.833370861439747 27.69181403534273 0
      vertex 29 27.700000000000003 0
    endloop
  endfacet
  facet normal 0.049067674327460356 -0.9987954562051703 0
    outer loop
      vertex 28.833370861439747 27.69181403534273 0.010000000000000018
      vertex 28.833370861439747 27.69181403534273 0
      vertex 29 27.700000000000003 0.010000000000000018
    endloop
  endfacet
  facet normal -0.049067674327460356 -0.9987954562051703 0
    outer loop
      vertex 29 27.700000000000003 0.010000000000000018
      vertex 29 27.700000000000003 0
      vertex 29.166629138560253 27.69181403534273 0.010000000000000018
    endloop
  endfacet
  facet normal -0.049067674327460356 -0.9987954562051703 0
    outer loop
      vertex 29.166629138560253 27.69181403534273 0.010000000000000018
      vertex 29 27.700000000000003 0
      vertex 29.166629138560253 27.69181403534273 0
    endloop
  endfacet
  facet normal -0.3368898533922337 -0.9415440651830158 0
    outer loop
      vertex 29.650561835020653 27.570595205269186 0.010000000000000018
      vertex 29.493483951332593 27.626798570744754 0
      vertex 29.650561835020653 27.570595205269186 0
    endloop
  endfacet
  facet normal -0.3368898533922337 -0.9415440651830158 0
    outer loop
      vertex 29.493483951332593 27.626798570744754 0.010000000000000018
      vertex 29.493483951332593 27.626798570744754 0
      vertex 29.650561835020653 27.570595205269186 0.010000000000000018
    endloop
  endfacet
  facet normal -0.42755509343030496 -0.9039892931234325 0
    outer loop
      vertex 29.650561835020653 27.570595205269186 0.010000000000000018
      vertex 29.650561835020653 27.570595205269186 0
      vertex 29.801374452604193 27.4992661493922 0.010000000000000018
    endloop
  endfacet
  facet normal -0.14673047445531218 -0.9891765099647883 0
    outer loop
      vertex 29.331653547427422 27.667334976685495 0.010000000000000018
      vertex 29.166629138560253 27.69181403534273 0
      vertex 29.331653547427422 27.667334976685495 0
    endloop
  endfacet
  facet normal -0.14673047445531218 -0.9891765099647883 0
    outer loop
      vertex 29.166629138560253 27.69181403534273 0.010000000000000018
      vertex 29.166629138560253 27.69181403534273 0
      vertex 29.331653547427422 27.667334976685495 0.010000000000000018
    endloop
  endfacet
  facet normal -0.2429801799032888 -0.9700312531945378 0
    outer loop
      vertex 29.493483951332593 27.626798570744754 0.010000000000000018
      vertex 29.331653547427422 27.667334976685495 0
      vertex 29.493483951332593 27.626798570744754 0
    endloop
  endfacet
  facet normal -0.2429801799032888 -0.9700312531945378 0
    outer loop
      vertex 29.331653547427422 27.667334976685495 0.010000000000000018
      vertex 29.331653547427422 27.667334976685495 0
      vertex 29.493483951332593 27.626798570744754 0.010000000000000018
    endloop
  endfacet
  facet normal -0.5141027441931653 0.8577286100003059 0
    outer loop
      vertex 29.801374452604193 24.5007338506078 0.010000000000000018
      vertex 29.94446939613333 24.58650165908567 0
      vertex 29.801374452604193 24.5007338506078 0
    endloop
  endfacet
  facet normal -0.42755509343030496 0.9039892931234325 5.186410763400787e-16
    outer loop
      vertex 29.650561835020653 24.429404794730814 0.010000000000000018
      vertex 29.801374452604193 24.5007338506078 0.010000000000000018
      vertex 29.801374452604193 24.5007338506078 0
    endloop
  endfacet
  facet normal -0.5141027441931653 0.8577286100003059 -2.230165255955683e-16
    outer loop
      vertex 29.801374452604193 24.5007338506078 0.010000000000000018
      vertex 29.94446939613333 24.58650165908567 0.010000000000000018
      vertex 29.94446939613333 24.58650165908567 0
    endloop
  endfacet
  facet normal -0.5956993044924516 0.8032075314806313 0
    outer loop
      vertex 29.94446939613333 24.58650165908567 0.010000000000000018
      vertex 30.078468583078205 24.68588222928335 0
      vertex 29.94446939613333 24.58650165908567 0
    endloop
  endfacet
  facet normal -0.5956993044924516 0.8032075314806313 -3.079792946038094e-16
    outer loop
      vertex 29.94446939613333 24.58650165908567 0.010000000000000018
      vertex 30.078468583078205 24.68588222928335 0.010000000000000018
      vertex 30.078468583078205 24.68588222928335 0
    endloop
  endfacet
  facet normal -0.6715589548470224 0.7409511253549554 0
    outer loop
      vertex 30.078468583078205 24.68588222928335 0.010000000000000018
      vertex 30.202081528017132 24.797918471982868 0
      vertex 30.078468583078205 24.68588222928335 0
    endloop
  endfacet
  facet normal -0.6715589548470224 0.7409511253549554 2.9657705966311914e-16
    outer loop
      vertex 30.078468583078205 24.68588222928335 0.010000000000000018
      vertex 30.202081528017132 24.797918471982868 0.010000000000000018
      vertex 30.202081528017132 24.797918471982868 0
    endloop
  endfacet
  facet normal -0.7409511253549746 0.6715589548470013 0
    outer loop
      vertex 30.202081528017132 24.797918471982868 0.010000000000000018
      vertex 30.31411777071665 24.921531416921802 0
      vertex 30.202081528017132 24.797918471982868 0
    endloop
  endfacet
  facet normal -0.7409511253549746 0.6715589548470013 1.9306362838038488e-16
    outer loop
      vertex 30.202081528017132 24.797918471982868 0.010000000000000018
      vertex 30.31411777071665 24.921531416921802 0.010000000000000018
      vertex 30.31411777071665 24.921531416921802 0
    endloop
  endfacet
  facet normal -0.8032075314806162 0.595699304492472 0
    outer loop
      vertex 30.31411777071665 24.921531416921802 0.010000000000000018
      vertex 30.41349834091433 25.05553060386667 0
      vertex 30.31411777071665 24.921531416921802 0
    endloop
  endfacet
  facet normal -0.8032075314806162 0.595699304492472 -3.7329579251938743e-16
    outer loop
      vertex 30.31411777071665 24.921531416921802 0.010000000000000018
      vertex 30.41349834091433 25.05553060386667 0.010000000000000018
      vertex 30.41349834091433 25.05553060386667 0
    endloop
  endfacet
  facet normal -0.8577286100003059 0.5141027441931653 0
    outer loop
      vertex 30.41349834091433 25.05553060386667 0.010000000000000018
      vertex 30.4992661493922 25.198625547395807 0
      vertex 30.41349834091433 25.05553060386667 0
    endloop
  endfacet
  facet normal -0.8577286100003059 0.5141027441931653 -2.230165255955683e-16
    outer loop
      vertex 30.41349834091433 25.05553060386667 0.010000000000000018
      vertex 30.4992661493922 25.198625547395807 0.010000000000000018
      vertex 30.4992661493922 25.198625547395807 0
    endloop
  endfacet
  facet normal -0.9039892931234325 0.42755509343030496 0
    outer loop
      vertex 30.4992661493922 25.198625547395807 0.010000000000000018
      vertex 30.570595205269186 25.349438164979347 0
      vertex 30.4992661493922 25.198625547395807 0
    endloop
  endfacet
  facet normal -0.9039892931234325 0.42755509343030496 5.186410763400787e-16
    outer loop
      vertex 30.4992661493922 25.198625547395807 0.010000000000000018
      vertex 30.570595205269186 25.349438164979347 0.010000000000000018
      vertex 30.570595205269186 25.349438164979347 0
    endloop
  endfacet
  facet normal -0.9415440651830207 0.3368898533922202 0
    outer loop
      vertex 30.570595205269186 25.349438164979347 0.010000000000000018
      vertex 30.626798570744754 25.506516048667415 0
      vertex 30.570595205269186 25.349438164979347 0
    endloop
  endfacet
  facet normal -0.9415440651830207 0.3368898533922202 2.100996016915857e-16
    outer loop
      vertex 30.570595205269186 25.349438164979347 0.010000000000000018
      vertex 30.626798570744754 25.506516048667415 0.010000000000000018
      vertex 30.626798570744754 25.506516048667415 0
    endloop
  endfacet
  facet normal -0.9700312531945352 0.24298017990329884 0
    outer loop
      vertex 30.626798570744754 25.506516048667415 0.010000000000000018
      vertex 30.667334976685495 25.668346452572578 0
      vertex 30.626798570744754 25.506516048667415 0
    endloop
  endfacet
  facet normal -0.9700312531945352 0.24298017990329884 -1.2787916963185547e-16
    outer loop
      vertex 30.626798570744754 25.506516048667415 0.010000000000000018
      vertex 30.667334976685495 25.668346452572578 0.010000000000000018
      vertex 30.667334976685495 25.668346452572578 0
    endloop
  endfacet
  facet normal -0.9891765099647883 0.14673047445531218 0
    outer loop
      vertex 30.667334976685495 25.668346452572578 0.010000000000000018
      vertex 30.69181403534273 25.833370861439747 0
      vertex 30.667334976685495 25.668346452572578 0
    endloop
  endfacet
  facet normal -0.9891765099647883 0.14673047445531218 -1.2551139922956263e-16
    outer loop
      vertex 30.667334976685495 25.668346452572578 0.010000000000000018
      vertex 30.69181403534273 25.833370861439747 0.010000000000000018
      vertex 30.69181403534273 25.833370861439747 0
    endloop
  endfacet
  facet normal -0.9987954562051703 0.049067674327460356 0
    outer loop
      vertex 30.69181403534273 25.833370861439747 0.010000000000000018
      vertex 30.700000000000003 26 0
      vertex 30.69181403534273 25.833370861439747 0
    endloop
  endfacet
  facet normal -0.9987954562051703 0.049067674327460356 3.381840789919364e-17
    outer loop
      vertex 30.69181403534273 25.833370861439747 0.010000000000000018
      vertex 30.700000000000003 26 0.010000000000000018
      vertex 30.700000000000003 26 0
    endloop
  endfacet
  facet normal -0.9987954562051703 -0.049067674327460356 0
    outer loop
      vertex 30.700000000000003 26 0.010000000000000018
      vertex 30.69181403534273 26.166629138560253 0
      vertex 30.700000000000003 26 0
    endloop
  endfacet
  facet normal -0.9987954562051703 -0.049067674327460356 -3.381840789919364e-17
    outer loop
      vertex 30.700000000000003 26 0.010000000000000018
      vertex 30.69181403534273 26.166629138560253 0.010000000000000018
      vertex 30.69181403534273 26.166629138560253 0
    endloop
  endfacet
  facet normal -0.7409511253549746 -0.6715589548470013 0
    outer loop
      vertex 30.31411777071665 27.078468583078198 0.010000000000000018
      vertex 30.202081528017132 27.202081528017132 0
      vertex 30.31411777071665 27.078468583078198 0
    endloop
  endfacet
  facet normal -0.9891765099647883 -0.14673047445531218 1.2551139922956263e-16
    outer loop
      vertex 30.69181403534273 26.166629138560253 0.010000000000000018
      vertex 30.667334976685495 26.331653547427422 0.010000000000000018
      vertex 30.667334976685495 26.331653547427422 0
    endloop
  endfacet
  facet normal -0.9700312531945352 -0.24298017990329884 0
    outer loop
      vertex 30.667334976685495 26.331653547427422 0.010000000000000018
      vertex 30.626798570744754 26.493483951332585 0
      vertex 30.667334976685495 26.331653547427422 0
    endloop
  endfacet
  facet normal -0.9891765099647883 -0.14673047445531218 0
    outer loop
      vertex 30.69181403534273 26.166629138560253 0.010000000000000018
      vertex 30.667334976685495 26.331653547427422 0
      vertex 30.69181403534273 26.166629138560253 0
    endloop
  endfacet
  facet normal -0.9700312531945352 -0.24298017990329884 0
    outer loop
      vertex 30.626798570744754 26.493483951332585 0.010000000000000018
      vertex 30.626798570744754 26.493483951332585 0
      vertex 30.667334976685495 26.331653547427422 0.010000000000000018
    endloop
  endfacet
  facet normal -0.9415440651830207 -0.3368898533922202 0
    outer loop
      vertex 30.626798570744754 26.493483951332585 0.010000000000000018
      vertex 30.570595205269186 26.650561835020653 0
      vertex 30.626798570744754 26.493483951332585 0
    endloop
  endfacet
  facet normal -0.9415440651830207 -0.3368898533922202 -2.100996016915857e-16
    outer loop
      vertex 30.626798570744754 26.493483951332585 0.010000000000000018
      vertex 30.570595205269186 26.650561835020653 0.010000000000000018
      vertex 30.570595205269186 26.650561835020653 0
    endloop
  endfacet
  facet normal -0.9039892931234325 -0.42755509343030496 0
    outer loop
      vertex 30.570595205269186 26.650561835020653 0.010000000000000018
      vertex 30.4992661493922 26.801374452604193 0
      vertex 30.570595205269186 26.650561835020653 0
    endloop
  endfacet
  facet normal -0.9039892931234325 -0.42755509343030496 -5.186410763400787e-16
    outer loop
      vertex 30.570595205269186 26.650561835020653 0.010000000000000018
      vertex 30.4992661493922 26.801374452604193 0.010000000000000018
      vertex 30.4992661493922 26.801374452604193 0
    endloop
  endfacet
  facet normal -0.8577286100003059 -0.5141027441931653 0
    outer loop
      vertex 30.4992661493922 26.801374452604193 0.010000000000000018
      vertex 30.41349834091433 26.94446939613333 0
      vertex 30.4992661493922 26.801374452604193 0
    endloop
  endfacet
  facet normal -0.8032075314806162 -0.595699304492472 0
    outer loop
      vertex 30.41349834091433 26.94446939613333 0.010000000000000018
      vertex 30.31411777071665 27.078468583078198 0
      vertex 30.41349834091433 26.94446939613333 0
    endloop
  endfacet
  facet normal -0.8032075314806162 -0.595699304492472 0
    outer loop
      vertex 30.31411777071665 27.078468583078198 0.010000000000000018
      vertex 30.31411777071665 27.078468583078198 0
      vertex 30.41349834091433 26.94446939613333 0.010000000000000018
    endloop
  endfacet
  facet normal -0.8577286100003059 -0.5141027441931653 2.230165255955683e-16
    outer loop
      vertex 30.4992661493922 26.801374452604193 0.010000000000000018
      vertex 30.41349834091433 26.94446939613333 0.010000000000000018
      vertex 30.41349834091433 26.94446939613333 0
    endloop
  endfacet
  facet normal -0.5141027441931653 -0.8577286100003059 0
    outer loop
      vertex 29.801374452604193 27.4992661493922 0.010000000000000018
      vertex 29.801374452604193 27.4992661493922 0
      vertex 29.94446939613333 27.41349834091433 0.010000000000000018
    endloop
  endfacet
  facet normal -0.42755509343030496 -0.9039892931234325 0
    outer loop
      vertex 29.801374452604193 27.4992661493922 0.010000000000000018
      vertex 29.650561835020653 27.570595205269186 0
      vertex 29.801374452604193 27.4992661493922 0
    endloop
  endfacet
  facet normal -0.5141027441931653 -0.8577286100003059 0
    outer loop
      vertex 29.94446939613333 27.41349834091433 0.010000000000000018
      vertex 29.801374452604193 27.4992661493922 0
      vertex 29.94446939613333 27.41349834091433 0
    endloop
  endfacet
  facet normal -0.5956993044924516 -0.8032075314806313 3.079792946038094e-16
    outer loop
      vertex 30.078468583078205 27.31411777071665 0.010000000000000018
      vertex 29.94446939613333 27.41349834091433 0.010000000000000018
      vertex 29.94446939613333 27.41349834091433 0
    endloop
  endfacet
  facet normal -0.5956993044924516 -0.8032075314806313 0
    outer loop
      vertex 30.078468583078205 27.31411777071665 0.010000000000000018
      vertex 29.94446939613333 27.41349834091433 0
      vertex 30.078468583078205 27.31411777071665 0
    endloop
  endfacet
  facet normal -0.6715589548470224 -0.7409511253549554 0
    outer loop
      vertex 30.078468583078205 27.31411777071665 0.010000000000000018
      vertex 30.078468583078205 27.31411777071665 0
      vertex 30.202081528017132 27.202081528017132 0.010000000000000018
    endloop
  endfacet
  facet normal -0.6715589548470224 -0.7409511253549554 0
    outer loop
      vertex 30.202081528017132 27.202081528017132 0.010000000000000018
      vertex 30.078468583078205 27.31411777071665 0
      vertex 30.202081528017132 27.202081528017132 0
    endloop
  endfacet
  facet normal -0.7409511253549746 -0.6715589548470013 -1.9306362838038488e-16
    outer loop
      vertex 30.31411777071665 27.078468583078198 0.010000000000000018
      vertex 30.202081528017132 27.202081528017132 0.010000000000000018
      vertex 30.202081528017132 27.202081528017132 0
    endloop
  endfacet
  facet normal 0.6715589548470342 0.7409511253549448 -4.622311899889746e-16
    outer loop
      vertex 27.797918471982868 -27.202081528017132 0.010000000000000018
      vertex 27.921531416921795 -27.314117770716653 0.010000000000000018
      vertex 27.921531416921795 -27.314117770716653 0
    endloop
  endfacet
  facet normal 0.6715589548470342 0.7409511253549448 0
    outer loop
      vertex 27.797918471982868 -27.202081528017132 0.010000000000000018
      vertex 27.921531416921795 -27.314117770716653 0
      vertex 27.797918471982868 -27.202081528017132 0
    endloop
  endfacet
  facet normal 0.7409511253549746 0.6715589548470013 0
    outer loop
      vertex 27.797918471982868 -27.202081528017132 0.010000000000000018
      vertex 27.797918471982868 -27.202081528017132 0
      vertex 27.68588222928335 -27.078468583078198 0.010000000000000018
    endloop
  endfacet
  facet normal 0.5956993044924241 0.8032075314806517 0
    outer loop
      vertex 28.05553060386667 -27.413498340914327 0.010000000000000018
      vertex 28.05553060386667 -27.413498340914327 0
      vertex 27.921531416921795 -27.314117770716653 0.010000000000000018
    endloop
  endfacet
  facet normal 0.5141027441931966 0.857728610000287 0
    outer loop
      vertex 28.05553060386667 -27.413498340914327 0.010000000000000018
      vertex 28.198625547395807 -27.499266149392202 0
      vertex 28.05553060386667 -27.413498340914327 0
    endloop
  endfacet
  facet normal 0.5141027441931966 0.857728610000287 1.0147396658724488e-16
    outer loop
      vertex 28.05553060386667 -27.413498340914327 0.010000000000000018
      vertex 28.198625547395807 -27.499266149392202 0.010000000000000018
      vertex 28.198625547395807 -27.499266149392202 0
    endloop
  endfacet
  facet normal 0.5956993044924241 0.8032075314806517 0
    outer loop
      vertex 27.921531416921795 -27.314117770716653 0.010000000000000018
      vertex 28.05553060386667 -27.413498340914327 0
      vertex 27.921531416921795 -27.314117770716653 0
    endloop
  endfacet
  facet normal 0.24298017990326876 0.9700312531945428 0
    outer loop
      vertex 28.506516048667407 -27.626798570744754 0.010000000000000018
      vertex 28.668346452572578 -27.667334976685492 0
      vertex 28.506516048667407 -27.626798570744754 0
    endloop
  endfacet
  facet normal 0.24298017990326876 0.9700312531945428 1.5109691680774582e-17
    outer loop
      vertex 28.506516048667407 -27.626798570744754 0.010000000000000018
      vertex 28.668346452572578 -27.667334976685492 0.010000000000000018
      vertex 28.668346452572578 -27.667334976685492 0
    endloop
  endfacet
  facet normal 0.4275550934302875 0.9039892931234407 0
    outer loop
      vertex 28.198625547395807 -27.499266149392202 0.010000000000000018
      vertex 28.349438164979347 -27.570595205269186 0
      vertex 28.198625547395807 -27.499266149392202 0
    endloop
  endfacet
  facet normal 0.3368898533922337 0.9415440651830158 0
    outer loop
      vertex 28.349438164979347 -27.570595205269186 0.010000000000000018
      vertex 28.506516048667407 -27.626798570744754 0
      vertex 28.349438164979347 -27.570595205269186 0
    endloop
  endfacet
  facet normal 0.4275550934302875 0.9039892931234407 3.800090409814948e-16
    outer loop
      vertex 28.198625547395807 -27.499266149392202 0.010000000000000018
      vertex 28.349438164979347 -27.570595205269186 0.010000000000000018
      vertex 28.349438164979347 -27.570595205269186 0
    endloop
  endfacet
  facet normal 0.3368898533922337 0.9415440651830158 7.206016729610375e-18
    outer loop
      vertex 28.349438164979347 -27.570595205269186 0.010000000000000018
      vertex 28.506516048667407 -27.626798570744754 0.010000000000000018
      vertex 28.506516048667407 -27.626798570744754 0
    endloop
  endfacet
  facet normal 0.1467304744553538 0.9891765099647821 0
    outer loop
      vertex 28.668346452572578 -27.667334976685492 0.010000000000000018
      vertex 28.833370861439747 -27.691814035342734 0
      vertex 28.668346452572578 -27.667334976685492 0
    endloop
  endfacet
  facet normal 0.1467304744553538 0.9891765099647821 1.879223959007931e-16
    outer loop
      vertex 28.668346452572578 -27.667334976685492 0.010000000000000018
      vertex 28.833370861439747 -27.691814035342734 0.010000000000000018
      vertex 28.833370861439747 -27.691814035342734 0
    endloop
  endfacet
  facet normal 0.04906767432741787 0.9987954562051724 0
    outer loop
      vertex 28.833370861439747 -27.691814035342734 0.010000000000000018
      vertex 29 -27.7 0
      vertex 28.833370861439747 -27.691814035342734 0
    endloop
  endfacet
  facet normal 0.04906767432741787 0.9987954562051724 -2.0351206043490386e-17
    outer loop
      vertex 28.833370861439747 -27.691814035342734 0.010000000000000018
      vertex 29 -27.7 0.010000000000000018
      vertex 29 -27.7 0
    endloop
  endfacet
  facet normal -0.04906767432741787 0.9987954562051724 0
    outer loop
      vertex 29 -27.7 0.010000000000000018
      vertex 29.166629138560253 -27.691814035342734 0
      vertex 29 -27.7 0
    endloop
  endfacet
  facet normal -0.04906767432741787 0.9987954562051724 2.0351206043490386e-17
    outer loop
      vertex 29 -27.7 0.010000000000000018
      vertex 29.166629138560253 -27.691814035342734 0.010000000000000018
      vertex 29.166629138560253 -27.691814035342734 0
    endloop
  endfacet
  facet normal -0.1467304744553538 0.9891765099647821 0
    outer loop
      vertex 29.166629138560253 -27.691814035342734 0.010000000000000018
      vertex 29.331653547427422 -27.667334976685492 0
      vertex 29.166629138560253 -27.691814035342734 0
    endloop
  endfacet
  facet normal -0.1467304744553538 0.9891765099647821 -1.879223959007931e-16
    outer loop
      vertex 29.166629138560253 -27.691814035342734 0.010000000000000018
      vertex 29.331653547427422 -27.667334976685492 0.010000000000000018
      vertex 29.331653547427422 -27.667334976685492 0
    endloop
  endfacet
  facet normal -0.24298017990326876 0.9700312531945428 0
    outer loop
      vertex 29.331653547427422 -27.667334976685492 0.010000000000000018
      vertex 29.493483951332593 -27.626798570744754 0
      vertex 29.331653547427422 -27.667334976685492 0
    endloop
  endfacet
  facet normal -0.24298017990326876 0.9700312531945428 -1.5109691680774582e-17
    outer loop
      vertex 29.331653547427422 -27.667334976685492 0.010000000000000018
      vertex 29.493483951332593 -27.626798570744754 0.010000000000000018
      vertex 29.493483951332593 -27.626798570744754 0
    endloop
  endfacet
  facet normal -0.3368898533922337 0.9415440651830158 0
    outer loop
      vertex 29.493483951332593 -27.626798570744754 0.010000000000000018
      vertex 29.650561835020653 -27.570595205269186 0
      vertex 29.493483951332593 -27.626798570744754 0
    endloop
  endfacet
  facet normal -0.3368898533922337 0.9415440651830158 -7.206016729610375e-18
    outer loop
      vertex 29.493483951332593 -27.626798570744754 0.010000000000000018
      vertex 29.650561835020653 -27.570595205269186 0.010000000000000018
      vertex 29.650561835020653 -27.570595205269186 0
    endloop
  endfacet
  facet normal -0.4275550934302875 0.9039892931234407 0
    outer loop
      vertex 29.650561835020653 -27.570595205269186 0.010000000000000018
      vertex 29.801374452604193 -27.499266149392202 0
      vertex 29.650561835020653 -27.570595205269186 0
    endloop
  endfacet
  facet normal 0.8032075314806237 0.5956993044924618 0
    outer loop
      vertex 27.58650165908567 -26.944469396133325 0.010000000000000018
      vertex 27.68588222928335 -27.078468583078198 0
      vertex 27.58650165908567 -26.944469396133325 0
    endloop
  endfacet
  facet normal 0.8577286100002947 0.514102744193184 0
    outer loop
      vertex 27.58650165908567 -26.944469396133325 0.010000000000000018
      vertex 27.58650165908567 -26.944469396133325 0
      vertex 27.5007338506078 -26.801374452604197 0.010000000000000018
    endloop
  endfacet
  facet normal 0.9039892931234365 0.42755509343029674 0
    outer loop
      vertex 27.429404794730814 -26.650561835020653 0.010000000000000018
      vertex 27.5007338506078 -26.801374452604197 0
      vertex 27.429404794730814 -26.650561835020653 0
    endloop
  endfacet
  facet normal 0.9039892931234365 0.42755509343029674 0
    outer loop
      vertex 27.5007338506078 -26.801374452604197 0.010000000000000018
      vertex 27.5007338506078 -26.801374452604197 0
      vertex 27.429404794730814 -26.650561835020653 0.010000000000000018
    endloop
  endfacet
  facet normal 0.8577286100002947 0.514102744193184 0
    outer loop
      vertex 27.5007338506078 -26.801374452604197 0.010000000000000018
      vertex 27.58650165908567 -26.944469396133325 0
      vertex 27.5007338506078 -26.801374452604197 0
    endloop
  endfacet
  facet normal 0.9700312531945364 0.24298017990329382 0
    outer loop
      vertex 27.332665023314505 -26.33165354742742 0.010000000000000018
      vertex 27.373201429255246 -26.493483951332585 0
      vertex 27.332665023314505 -26.33165354742742 0
    endloop
  endfacet
  facet normal 0.9891765099647879 0.14673047445531526 0
    outer loop
      vertex 27.30818596465727 -26.166629138560253 0.010000000000000018
      vertex 27.332665023314505 -26.33165354742742 0
      vertex 27.30818596465727 -26.166629138560253 0
    endloop
  endfacet
  facet normal 0.9891765099647879 0.14673047445531526 0
    outer loop
      vertex 27.332665023314505 -26.33165354742742 0.010000000000000018
      vertex 27.332665023314505 -26.33165354742742 0
      vertex 27.30818596465727 -26.166629138560253 0.010000000000000018
    endloop
  endfacet
  facet normal 0.9415440651830207 0.3368898533922202 0
    outer loop
      vertex 27.373201429255246 -26.493483951332585 0.010000000000000018
      vertex 27.429404794730814 -26.650561835020653 0
      vertex 27.373201429255246 -26.493483951332585 0
    endloop
  endfacet
  facet normal 0.9415440651830207 0.3368898533922202 0
    outer loop
      vertex 27.429404794730814 -26.650561835020653 0.010000000000000018
      vertex 27.429404794730814 -26.650561835020653 0
      vertex 27.373201429255246 -26.493483951332585 0.010000000000000018
    endloop
  endfacet
  facet normal 0.9700312531945364 0.24298017990329382 0
    outer loop
      vertex 27.373201429255246 -26.493483951332585 0.010000000000000018
      vertex 27.373201429255246 -26.493483951332585 0
      vertex 27.332665023314505 -26.33165354742742 0.010000000000000018
    endloop
  endfacet
  facet normal 0.9987954562051703 0.049067674327460356 0
    outer loop
      vertex 27.299999999999997 -26 0.010000000000000018
      vertex 27.30818596465727 -26.166629138560253 0
      vertex 27.299999999999997 -26 0
    endloop
  endfacet
  facet normal 0.9987954562051703 0.049067674327460356 0
    outer loop
      vertex 27.30818596465727 -26.166629138560253 0.010000000000000018
      vertex 27.30818596465727 -26.166629138560253 0
      vertex 27.299999999999997 -26 0.010000000000000018
    endloop
  endfacet
  facet normal 0.9987954562051703 -0.049067674327460356 0
    outer loop
      vertex 27.299999999999997 -26 0.010000000000000018
      vertex 27.299999999999997 -26 0
      vertex 27.30818596465727 -25.833370861439747 0.010000000000000018
    endloop
  endfacet
  facet normal 0.9987954562051703 -0.049067674327460356 0
    outer loop
      vertex 27.30818596465727 -25.833370861439747 0.010000000000000018
      vertex 27.299999999999997 -26 0
      vertex 27.30818596465727 -25.833370861439747 0
    endloop
  endfacet
  facet normal 0.9891765099647879 -0.14673047445531526 0
    outer loop
      vertex 27.332665023314505 -25.66834645257258 0.010000000000000018
      vertex 27.30818596465727 -25.833370861439747 0
      vertex 27.332665023314505 -25.66834645257258 0
    endloop
  endfacet
  facet normal 0.9891765099647879 -0.14673047445531526 0
    outer loop
      vertex 27.30818596465727 -25.833370861439747 0.010000000000000018
      vertex 27.30818596465727 -25.833370861439747 0
      vertex 27.332665023314505 -25.66834645257258 0.010000000000000018
    endloop
  endfacet
  facet normal 0.9700312531945364 -0.24298017990329382 0
    outer loop
      vertex 27.332665023314505 -25.66834645257258 0.010000000000000018
      vertex 27.332665023314505 -25.66834645257258 0
      vertex 27.373201429255246 -25.506516048667415 0.010000000000000018
    endloop
  endfacet
  facet normal 0.9700312531945364 -0.24298017990329382 0
    outer loop
      vertex 27.373201429255246 -25.506516048667415 0.010000000000000018
      vertex 27.332665023314505 -25.66834645257258 0
      vertex 27.373201429255246 -25.506516048667415 0
    endloop
  endfacet
  facet normal 0.9415440651830207 -0.3368898533922202 0
    outer loop
      vertex 27.373201429255246 -25.506516048667415 0.010000000000000018
      vertex 27.373201429255246 -25.506516048667415 0
      vertex 27.429404794730814 -25.349438164979347 0.010000000000000018
    endloop
  endfacet
  facet normal 0.9415440651830207 -0.3368898533922202 0
    outer loop
      vertex 27.429404794730814 -25.349438164979347 0.010000000000000018
      vertex 27.373201429255246 -25.506516048667415 0
      vertex 27.429404794730814 -25.349438164979347 0
    endloop
  endfacet
  facet normal 0.9039892931234365 -0.42755509343029674 0
    outer loop
      vertex 27.5007338506078 -25.198625547395803 0.010000000000000018
      vertex 27.429404794730814 -25.349438164979347 0
      vertex 27.5007338506078 -25.198625547395803 0
    endloop
  endfacet
  facet normal 0.9039892931234365 -0.42755509343029674 0
    outer loop
      vertex 27.429404794730814 -25.349438164979347 0.010000000000000018
      vertex 27.429404794730814 -25.349438164979347 0
      vertex 27.5007338506078 -25.198625547395803 0.010000000000000018
    endloop
  endfacet
  facet normal 0.8577286100002947 -0.514102744193184 0
    outer loop
      vertex 27.58650165908567 -25.055530603866675 0.010000000000000018
      vertex 27.5007338506078 -25.198625547395803 0
      vertex 27.58650165908567 -25.055530603866675 0
    endloop
  endfacet
  facet normal 0.8577286100002947 -0.514102744193184 0
    outer loop
      vertex 27.5007338506078 -25.198625547395803 0.010000000000000018
      vertex 27.5007338506078 -25.198625547395803 0
      vertex 27.58650165908567 -25.055530603866675 0.010000000000000018
    endloop
  endfacet
  facet normal 0.8032075314806237 -0.5956993044924618 0
    outer loop
      vertex 27.58650165908567 -25.055530603866675 0.010000000000000018
      vertex 27.58650165908567 -25.055530603866675 0
      vertex 27.68588222928335 -24.921531416921802 0.010000000000000018
    endloop
  endfacet
  facet normal 0.7409511253549746 0.6715589548470013 0
    outer loop
      vertex 27.68588222928335 -27.078468583078198 0.010000000000000018
      vertex 27.797918471982868 -27.202081528017132 0
      vertex 27.68588222928335 -27.078468583078198 0
    endloop
  endfacet
  facet normal 0.8032075314806237 0.5956993044924618 -1.7926970091818891e-16
    outer loop
      vertex 27.58650165908567 -26.944469396133325 0.010000000000000018
      vertex 27.68588222928335 -27.078468583078198 0.010000000000000018
      vertex 27.68588222928335 -27.078468583078198 0
    endloop
  endfacet
  facet normal 0.8032075314806237 -0.5956993044924618 0
    outer loop
      vertex 27.68588222928335 -24.921531416921802 0.010000000000000018
      vertex 27.58650165908567 -25.055530603866675 0
      vertex 27.68588222928335 -24.921531416921802 0
    endloop
  endfacet
  facet normal 0.7409511253549746 -0.6715589548470013 0
    outer loop
      vertex 27.68588222928335 -24.921531416921802 0.010000000000000018
      vertex 27.68588222928335 -24.921531416921802 0
      vertex 27.797918471982868 -24.797918471982868 0.010000000000000018
    endloop
  endfacet
  facet normal 0.7409511253549746 -0.6715589548470013 0
    outer loop
      vertex 27.797918471982868 -24.797918471982868 0.010000000000000018
      vertex 27.68588222928335 -24.921531416921802 0
      vertex 27.797918471982868 -24.797918471982868 0
    endloop
  endfacet
  facet normal 0.6715589548470342 -0.7409511253549448 0
    outer loop
      vertex 27.921531416921795 -24.685882229283347 0.010000000000000018
      vertex 27.797918471982868 -24.797918471982868 0
      vertex 27.921531416921795 -24.685882229283347 0
    endloop
  endfacet
  facet normal 0.6715589548470342 -0.7409511253549448 0
    outer loop
      vertex 27.797918471982868 -24.797918471982868 0.010000000000000018
      vertex 27.797918471982868 -24.797918471982868 0
      vertex 27.921531416921795 -24.685882229283347 0.010000000000000018
    endloop
  endfacet
  facet normal 0.5956993044924241 -0.8032075314806517 0
    outer loop
      vertex 28.05553060386667 -24.586501659085673 0.010000000000000018
      vertex 27.921531416921795 -24.685882229283347 0
      vertex 28.05553060386667 -24.586501659085673 0
    endloop
  endfacet
  facet normal 0.5956993044924241 -0.8032075314806517 0
    outer loop
      vertex 27.921531416921795 -24.685882229283347 0.010000000000000018
      vertex 27.921531416921795 -24.685882229283347 0
      vertex 28.05553060386667 -24.586501659085673 0.010000000000000018
    endloop
  endfacet
  facet normal 0.5141027441931966 -0.857728610000287 0
    outer loop
      vertex 28.198625547395807 -24.500733850607798 0.010000000000000018
      vertex 28.05553060386667 -24.586501659085673 0
      vertex 28.198625547395807 -24.500733850607798 0
    endloop
  endfacet
  facet normal 0.5141027441931966 -0.857728610000287 0
    outer loop
      vertex 28.05553060386667 -24.586501659085673 0.010000000000000018
      vertex 28.05553060386667 -24.586501659085673 0
      vertex 28.198625547395807 -24.500733850607798 0.010000000000000018
    endloop
  endfacet
  facet normal 0.4275550934302875 -0.9039892931234407 0
    outer loop
      vertex 28.198625547395807 -24.500733850607798 0.010000000000000018
      vertex 28.198625547395807 -24.500733850607798 0
      vertex 28.349438164979347 -24.429404794730814 0.010000000000000018
    endloop
  endfacet
  facet normal 0.4275550934302875 -0.9039892931234407 0
    outer loop
      vertex 28.349438164979347 -24.429404794730814 0.010000000000000018
      vertex 28.198625547395807 -24.500733850607798 0
      vertex 28.349438164979347 -24.429404794730814 0
    endloop
  endfacet
  facet normal 0.3368898533922337 -0.9415440651830158 0
    outer loop
      vertex 28.349438164979347 -24.429404794730814 0.010000000000000018
      vertex 28.349438164979347 -24.429404794730814 0
      vertex 28.506516048667407 -24.373201429255246 0.010000000000000018
    endloop
  endfacet
  facet normal 0.3368898533922337 -0.9415440651830158 0
    outer loop
      vertex 28.506516048667407 -24.373201429255246 0.010000000000000018
      vertex 28.349438164979347 -24.429404794730814 0
      vertex 28.506516048667407 -24.373201429255246 0
    endloop
  endfacet
  facet normal 0.24298017990326876 -0.9700312531945428 0
    outer loop
      vertex 28.668346452572578 -24.332665023314508 0.010000000000000018
      vertex 28.506516048667407 -24.373201429255246 0
      vertex 28.668346452572578 -24.332665023314508 0
    endloop
  endfacet
  facet normal 0.24298017990326876 -0.9700312531945428 0
    outer loop
      vertex 28.506516048667407 -24.373201429255246 0.010000000000000018
      vertex 28.506516048667407 -24.373201429255246 0
      vertex 28.668346452572578 -24.332665023314508 0.010000000000000018
    endloop
  endfacet
  facet normal 0.1467304744553538 -0.9891765099647821 0
    outer loop
      vertex 28.833370861439747 -24.308185964657266 0.010000000000000018
      vertex 28.668346452572578 -24.332665023314508 0
      vertex 28.833370861439747 -24.308185964657266 0
    endloop
  endfacet
  facet normal 0.1467304744553538 -0.9891765099647821 0
    outer loop
      vertex 28.668346452572578 -24.332665023314508 0.010000000000000018
      vertex 28.668346452572578 -24.332665023314508 0
      vertex 28.833370861439747 -24.308185964657266 0.010000000000000018
    endloop
  endfacet
  facet normal 0.04906767432741787 -0.9987954562051724 0
    outer loop
      vertex 29 -24.3 0.010000000000000018
      vertex 28.833370861439747 -24.308185964657266 0
      vertex 29 -24.3 0
    endloop
  endfacet
  facet normal 0.04906767432741787 -0.9987954562051724 0
    outer loop
      vertex 28.833370861439747 -24.308185964657266 0.010000000000000018
      vertex 28.833370861439747 -24.308185964657266 0
      vertex 29 -24.3 0.010000000000000018
    endloop
  endfacet
  facet normal -0.04906767432741787 -0.9987954562051724 0
    outer loop
      vertex 29 -24.3 0.010000000000000018
      vertex 29 -24.3 0
      vertex 29.166629138560253 -24.308185964657266 0.010000000000000018
    endloop
  endfacet
  facet normal -0.04906767432741787 -0.9987954562051724 0
    outer loop
      vertex 29.166629138560253 -24.308185964657266 0.010000000000000018
      vertex 29 -24.3 0
      vertex 29.166629138560253 -24.308185964657266 0
    endloop
  endfacet
  facet normal -0.1467304744553538 -0.9891765099647821 0
    outer loop
      vertex 29.331653547427422 -24.332665023314508 0.010000000000000018
      vertex 29.166629138560253 -24.308185964657266 0
      vertex 29.331653547427422 -24.332665023314508 0
    endloop
  endfacet
  facet normal -0.1467304744553538 -0.9891765099647821 0
    outer loop
      vertex 29.166629138560253 -24.308185964657266 0.010000000000000018
      vertex 29.166629138560253 -24.308185964657266 0
      vertex 29.331653547427422 -24.332665023314508 0.010000000000000018
    endloop
  endfacet
  facet normal -0.24298017990326876 -0.9700312531945428 0
    outer loop
      vertex 29.493483951332593 -24.373201429255246 0.010000000000000018
      vertex 29.331653547427422 -24.332665023314508 0
      vertex 29.493483951332593 -24.373201429255246 0
    endloop
  endfacet
  facet normal -0.24298017990326876 -0.9700312531945428 0
    outer loop
      vertex 29.331653547427422 -24.332665023314508 0.010000000000000018
      vertex 29.331653547427422 -24.332665023314508 0
      vertex 29.493483951332593 -24.373201429255246 0.010000000000000018
    endloop
  endfacet
  facet normal -0.3368898533922337 -0.9415440651830158 0
    outer loop
      vertex 29.650561835020653 -24.429404794730814 0.010000000000000018
      vertex 29.493483951332593 -24.373201429255246 0
      vertex 29.650561835020653 -24.429404794730814 0
    endloop
  endfacet
  facet normal -0.3368898533922337 -0.9415440651830158 0
    outer loop
      vertex 29.493483951332593 -24.373201429255246 0.010000000000000018
      vertex 29.493483951332593 -24.373201429255246 0
      vertex 29.650561835020653 -24.429404794730814 0.010000000000000018
    endloop
  endfacet
  facet normal -0.4275550934302875 -0.9039892931234407 0
    outer loop
      vertex 29.650561835020653 -24.429404794730814 0.010000000000000018
      vertex 29.650561835020653 -24.429404794730814 0
      vertex 29.801374452604193 -24.500733850607798 0.010000000000000018
    endloop
  endfacet
  facet normal -0.4275550934302875 0.9039892931234407 -3.800090409814948e-16
    outer loop
      vertex 29.650561835020653 -27.570595205269186 0.010000000000000018
      vertex 29.801374452604193 -27.499266149392202 0.010000000000000018
      vertex 29.801374452604193 -27.499266149392202 0
    endloop
  endfacet
  facet normal -0.5141027441931966 0.857728610000287 0
    outer loop
      vertex 29.801374452604193 -27.499266149392202 0.010000000000000018
      vertex 29.94446939613333 -27.413498340914327 0
      vertex 29.801374452604193 -27.499266149392202 0
    endloop
  endfacet
  facet normal -0.5956993044924241 0.8032075314806517 0
    outer loop
      vertex 29.94446939613333 -27.413498340914327 0.010000000000000018
      vertex 30.078468583078205 -27.314117770716653 0
      vertex 29.94446939613333 -27.413498340914327 0
    endloop
  endfacet
  facet normal -0.5141027441931966 0.857728610000287 -1.0147396658724488e-16
    outer loop
      vertex 29.801374452604193 -27.499266149392202 0.010000000000000018
      vertex 29.94446939613333 -27.413498340914327 0.010000000000000018
      vertex 29.94446939613333 -27.413498340914327 0
    endloop
  endfacet
  facet normal -0.6715589548470342 0.7409511253549448 0
    outer loop
      vertex 30.078468583078205 -27.314117770716653 0.010000000000000018
      vertex 30.202081528017132 -27.202081528017132 0
      vertex 30.078468583078205 -27.314117770716653 0
    endloop
  endfacet
  facet normal -0.5956993044924241 0.8032075314806517 -1.631016571712996e-16
    outer loop
      vertex 29.94446939613333 -27.413498340914327 0.010000000000000018
      vertex 30.078468583078205 -27.314117770716653 0.010000000000000018
      vertex 30.078468583078205 -27.314117770716653 0
    endloop
  endfacet
  facet normal -0.7409511253549746 0.6715589548470013 0
    outer loop
      vertex 30.202081528017132 -27.202081528017132 0.010000000000000018
      vertex 30.31411777071665 -27.078468583078198 0
      vertex 30.202081528017132 -27.202081528017132 0
    endloop
  endfacet
  facet normal -0.6715589548470342 0.7409511253549448 4.622311899889746e-16
    outer loop
      vertex 30.078468583078205 -27.314117770716653 0.010000000000000018
      vertex 30.202081528017132 -27.202081528017132 0.010000000000000018
      vertex 30.202081528017132 -27.202081528017132 0
    endloop
  endfacet
  facet normal -0.7409511253549746 0.6715589548470013 1.9306362838038488e-16
    outer loop
      vertex 30.202081528017132 -27.202081528017132 0.010000000000000018
      vertex 30.31411777071665 -27.078468583078198 0.010000000000000018
      vertex 30.31411777071665 -27.078468583078198 0
    endloop
  endfacet
  facet normal -0.8032075314806237 0.5956993044924618 0
    outer loop
      vertex 30.31411777071665 -27.078468583078198 0.010000000000000018
      vertex 30.41349834091433 -26.944469396133325 0
      vertex 30.31411777071665 -27.078468583078198 0
    endloop
  endfacet
  facet normal -0.8032075314806237 0.5956993044924618 1.7926970091818891e-16
    outer loop
      vertex 30.31411777071665 -27.078468583078198 0.010000000000000018
      vertex 30.41349834091433 -26.944469396133325 0.010000000000000018
      vertex 30.41349834091433 -26.944469396133325 0
    endloop
  endfacet
  facet normal -0.8577286100002947 0.514102744193184 0
    outer loop
      vertex 30.41349834091433 -26.944469396133325 0.010000000000000018
      vertex 30.4992661493922 -26.801374452604197 0
      vertex 30.41349834091433 -26.944469396133325 0
    endloop
  endfacet
  facet normal -0.8577286100002947 0.514102744193184 4.997132673919477e-16
    outer loop
      vertex 30.41349834091433 -26.944469396133325 0.010000000000000018
      vertex 30.4992661493922 -26.801374452604197 0.010000000000000018
      vertex 30.4992661493922 -26.801374452604197 0
    endloop
  endfacet
  facet normal -0.9039892931234365 0.42755509343029674 0
    outer loop
      vertex 30.4992661493922 -26.801374452604197 0.010000000000000018
      vertex 30.570595205269186 -26.650561835020653 0
      vertex 30.4992661493922 -26.801374452604197 0
    endloop
  endfacet
  facet normal -0.9039892931234365 0.42755509343029674 -4.360059136555121e-16
    outer loop
      vertex 30.4992661493922 -26.801374452604197 0.010000000000000018
      vertex 30.570595205269186 -26.650561835020653 0.010000000000000018
      vertex 30.570595205269186 -26.650561835020653 0
    endloop
  endfacet
  facet normal -0.9415440651830207 0.3368898533922202 0
    outer loop
      vertex 30.570595205269186 -26.650561835020653 0.010000000000000018
      vertex 30.626798570744754 -26.493483951332585 0
      vertex 30.570595205269186 -26.650561835020653 0
    endloop
  endfacet
  facet normal -0.9415440651830207 0.3368898533922202 2.100996016915857e-16
    outer loop
      vertex 30.570595205269186 -26.650561835020653 0.010000000000000018
      vertex 30.626798570744754 -26.493483951332585 0.010000000000000018
      vertex 30.626798570744754 -26.493483951332585 0
    endloop
  endfacet
  facet normal -0.9700312531945364 0.24298017990329382 0
    outer loop
      vertex 30.626798570744754 -26.493483951332585 0.010000000000000018
      vertex 30.667334976685495 -26.33165354742742 0
      vertex 30.626798570744754 -26.493483951332585 0
    endloop
  endfacet
  facet normal -0.9700312531945364 0.24298017990329382 -1.0858087129445998e-16
    outer loop
      vertex 30.626798570744754 -26.493483951332585 0.010000000000000018
      vertex 30.667334976685495 -26.33165354742742 0.010000000000000018
      vertex 30.667334976685495 -26.33165354742742 0
    endloop
  endfacet
  facet normal -0.9891765099647879 0.14673047445531526 0
    outer loop
      vertex 30.667334976685495 -26.33165354742742 0.010000000000000018
      vertex 30.69181403534273 -26.166629138560253 0
      vertex 30.667334976685495 -26.33165354742742 0
    endloop
  endfacet
  facet normal -0.9891765099647879 0.14673047445531526 2.5598392380202346e-16
    outer loop
      vertex 30.667334976685495 -26.33165354742742 0.010000000000000018
      vertex 30.69181403534273 -26.166629138560253 0.010000000000000018
      vertex 30.69181403534273 -26.166629138560253 0
    endloop
  endfacet
  facet normal -0.9987954562051703 0.049067674327460356 0
    outer loop
      vertex 30.69181403534273 -26.166629138560253 0.010000000000000018
      vertex 30.700000000000003 -26 0
      vertex 30.69181403534273 -26.166629138560253 0
    endloop
  endfacet
  facet normal -0.9987954562051703 0.049067674327460356 3.381840789919364e-17
    outer loop
      vertex 30.69181403534273 -26.166629138560253 0.010000000000000018
      vertex 30.700000000000003 -26 0.010000000000000018
      vertex 30.700000000000003 -26 0
    endloop
  endfacet
  facet normal -0.9987954562051703 -0.049067674327460356 0
    outer loop
      vertex 30.700000000000003 -26 0.010000000000000018
      vertex 30.69181403534273 -25.833370861439747 0
      vertex 30.700000000000003 -26 0
    endloop
  endfacet
  facet normal -0.9891765099647879 -0.14673047445531526 -2.5598392380202346e-16
    outer loop
      vertex 30.69181403534273 -25.833370861439747 0.010000000000000018
      vertex 30.667334976685495 -25.66834645257258 0.010000000000000018
      vertex 30.667334976685495 -25.66834645257258 0
    endloop
  endfacet
  facet normal -0.9987954562051703 -0.049067674327460356 -3.381840789919364e-17
    outer loop
      vertex 30.700000000000003 -26 0.010000000000000018
      vertex 30.69181403534273 -25.833370861439747 0.010000000000000018
      vertex 30.69181403534273 -25.833370861439747 0
    endloop
  endfacet
  facet normal -0.9891765099647879 -0.14673047445531526 0
    outer loop
      vertex 30.69181403534273 -25.833370861439747 0.010000000000000018
      vertex 30.667334976685495 -25.66834645257258 0
      vertex 30.69181403534273 -25.833370861439747 0
    endloop
  endfacet
  facet normal -0.9039892931234365 -0.42755509343029674 0
    outer loop
      vertex 30.570595205269186 -25.349438164979347 0.010000000000000018
      vertex 30.4992661493922 -25.198625547395803 0
      vertex 30.570595205269186 -25.349438164979347 0
    endloop
  endfacet
  facet normal -0.9039892931234365 -0.42755509343029674 4.360059136555121e-16
    outer loop
      vertex 30.570595205269186 -25.349438164979347 0.010000000000000018
      vertex 30.4992661493922 -25.198625547395803 0.010000000000000018
      vertex 30.4992661493922 -25.198625547395803 0
    endloop
  endfacet
  facet normal -0.9700312531945364 -0.24298017990329382 0
    outer loop
      vertex 30.667334976685495 -25.66834645257258 0.010000000000000018
      vertex 30.626798570744754 -25.506516048667415 0
      vertex 30.667334976685495 -25.66834645257258 0
    endloop
  endfacet
  facet normal -0.9700312531945364 -0.24298017990329382 0
    outer loop
      vertex 30.626798570744754 -25.506516048667415 0.010000000000000018
      vertex 30.626798570744754 -25.506516048667415 0
      vertex 30.667334976685495 -25.66834645257258 0.010000000000000018
    endloop
  endfacet
  facet normal -0.9415440651830207 -0.3368898533922202 0
    outer loop
      vertex 30.626798570744754 -25.506516048667415 0.010000000000000018
      vertex 30.570595205269186 -25.349438164979347 0
      vertex 30.626798570744754 -25.506516048667415 0
    endloop
  endfacet
  facet normal -0.9415440651830207 -0.3368898533922202 -2.100996016915857e-16
    outer loop
      vertex 30.626798570744754 -25.506516048667415 0.010000000000000018
      vertex 30.570595205269186 -25.349438164979347 0.010000000000000018
      vertex 30.570595205269186 -25.349438164979347 0
    endloop
  endfacet
  facet normal -0.6715589548470342 -0.7409511253549448 0
    outer loop
      vertex 30.078468583078205 -24.685882229283347 0.010000000000000018
      vertex 30.078468583078205 -24.685882229283347 0
      vertex 30.202081528017132 -24.797918471982868 0.010000000000000018
    endloop
  endfacet
  facet normal -0.7409511253549746 -0.6715589548470013 0
    outer loop
      vertex 30.31411777071665 -24.921531416921802 0.010000000000000018
      vertex 30.202081528017132 -24.797918471982868 0
      vertex 30.31411777071665 -24.921531416921802 0
    endloop
  endfacet
  facet normal -0.7409511253549746 -0.6715589548470013 -1.9306362838038488e-16
    outer loop
      vertex 30.31411777071665 -24.921531416921802 0.010000000000000018
      vertex 30.202081528017132 -24.797918471982868 0.010000000000000018
      vertex 30.202081528017132 -24.797918471982868 0
    endloop
  endfacet
  facet normal -0.6715589548470342 -0.7409511253549448 0
    outer loop
      vertex 30.202081528017132 -24.797918471982868 0.010000000000000018
      vertex 30.078468583078205 -24.685882229283347 0
      vertex 30.202081528017132 -24.797918471982868 0
    endloop
  endfacet
  facet normal -0.4275550934302875 -0.9039892931234407 0
    outer loop
      vertex 29.801374452604193 -24.500733850607798 0.010000000000000018
      vertex 29.650561835020653 -24.429404794730814 0
      vertex 29.801374452604193 -24.500733850607798 0
    endloop
  endfacet
  facet normal -0.5141027441931966 -0.857728610000287 0
    outer loop
      vertex 29.801374452604193 -24.500733850607798 0.010000000000000018
      vertex 29.801374452604193 -24.500733850607798 0
      vertex 29.94446939613333 -24.586501659085673 0.010000000000000018
    endloop
  endfacet
  facet normal -0.5956993044924241 -0.8032075314806517 1.631016571712996e-16
    outer loop
      vertex 30.078468583078205 -24.685882229283347 0.010000000000000018
      vertex 29.94446939613333 -24.586501659085673 0.010000000000000018
      vertex 29.94446939613333 -24.586501659085673 0
    endloop
  endfacet
  facet normal -0.5141027441931966 -0.857728610000287 0
    outer loop
      vertex 29.94446939613333 -24.586501659085673 0.010000000000000018
      vertex 29.801374452604193 -24.500733850607798 0
      vertex 29.94446939613333 -24.586501659085673 0
    endloop
  endfacet
  facet normal -0.5956993044924241 -0.8032075314806517 0
    outer loop
      vertex 30.078468583078205 -24.685882229283347 0.010000000000000018
      vertex 29.94446939613333 -24.586501659085673 0
      vertex 30.078468583078205 -24.685882229283347 0
    endloop
  endfacet
  facet normal -0.8032075314806237 -0.5956993044924618 0
    outer loop
      vertex 30.41349834091433 -25.055530603866675 0.010000000000000018
      vertex 30.31411777071665 -24.921531416921802 0
      vertex 30.41349834091433 -25.055530603866675 0
    endloop
  endfacet
  facet normal -0.8032075314806237 -0.5956993044924618 0
    outer loop
      vertex 30.31411777071665 -24.921531416921802 0.010000000000000018
      vertex 30.31411777071665 -24.921531416921802 0
      vertex 30.41349834091433 -25.055530603866675 0.010000000000000018
    endloop
  endfacet
  facet normal -0.8577286100002947 -0.514102744193184 0
    outer loop
      vertex 30.4992661493922 -25.198625547395803 0.010000000000000018
      vertex 30.41349834091433 -25.055530603866675 0
      vertex 30.4992661493922 -25.198625547395803 0
    endloop
  endfacet
  facet normal -0.8577286100002947 -0.514102744193184 -4.997132673919477e-16
    outer loop
      vertex 30.4992661493922 -25.198625547395803 0.010000000000000018
      vertex 30.41349834091433 -25.055530603866675 0.010000000000000018
      vertex 30.41349834091433 -25.055530603866675 0
    endloop
  endfacet
  facet normal 0.671558954847013 0.740951125354964 0
    outer loop
      vertex -30.202081528017132 -27.202081528017132 0.010000000000000018
      vertex -30.078468583078198 -27.314117770716653 0
      vertex -30.202081528017132 -27.202081528017132 0
    endloop
  endfacet
  facet normal 0.740951125354964 0.671558954847013 0
    outer loop
      vertex -30.202081528017132 -27.202081528017132 0.010000000000000018
      vertex -30.202081528017132 -27.202081528017132 0
      vertex -30.314117770716653 -27.078468583078198 0.010000000000000018
    endloop
  endfacet
  facet normal 0.5956993044924344 0.8032075314806443 0
    outer loop
      vertex -30.078468583078198 -27.314117770716653 0.010000000000000018
      vertex -29.944469396133325 -27.413498340914327 0
      vertex -30.078468583078198 -27.314117770716653 0
    endloop
  endfacet
  facet normal 0.671558954847013 0.740951125354964 -3.587177587213679e-16
    outer loop
      vertex -30.202081528017132 -27.202081528017132 0.010000000000000018
      vertex -30.078468583078198 -27.314117770716653 0.010000000000000018
      vertex -30.078468583078198 -27.314117770716653 0
    endloop
  endfacet
  facet normal 0.5141027441932153 0.8577286100002759 0
    outer loop
      vertex -29.944469396133325 -27.413498340914327 0.010000000000000018
      vertex -29.801374452604197 -27.499266149392202 0
      vertex -29.944469396133325 -27.413498340914327 0
    endloop
  endfacet
  facet normal 0.5956993044924344 0.8032075314806443 0
    outer loop
      vertex -29.944469396133325 -27.413498340914327 0.010000000000000018
      vertex -29.944469396133325 -27.413498340914327 0
      vertex -30.078468583078198 -27.314117770716653 0.010000000000000018
    endloop
  endfacet
  facet normal 0.4275550934302793 0.9039892931234447 0
    outer loop
      vertex -29.801374452604197 -27.499266149392202 0.010000000000000018
      vertex -29.650561835020653 -27.570595205269186 0
      vertex -29.801374452604197 -27.499266149392202 0
    endloop
  endfacet
  facet normal 0.5141027441932153 0.8577286100002759 4.185586625896017e-16
    outer loop
      vertex -29.944469396133325 -27.413498340914327 0.010000000000000018
      vertex -29.801374452604197 -27.499266149392202 0.010000000000000018
      vertex -29.801374452604197 -27.499266149392202 0
    endloop
  endfacet
  facet normal 0.8577286100002759 0.5141027441932153 0
    outer loop
      vertex -30.413498340914327 -26.944469396133325 0.010000000000000018
      vertex -30.413498340914327 -26.944469396133325 0
      vertex -30.499266149392202 -26.801374452604197 0.010000000000000018
    endloop
  endfacet
  facet normal 0.8032075314806443 0.5956993044924344 -3.241473383658449e-16
    outer loop
      vertex -30.413498340914327 -26.944469396133325 0.010000000000000018
      vertex -30.314117770716653 -27.078468583078198 0.010000000000000018
      vertex -30.314117770716653 -27.078468583078198 0
    endloop
  endfacet
  facet normal 0.8032075314806443 0.5956993044924344 0
    outer loop
      vertex -30.413498340914327 -26.944469396133325 0.010000000000000018
      vertex -30.314117770716653 -27.078468583078198 0
      vertex -30.413498340914327 -26.944469396133325 0
    endloop
  endfacet
  facet normal 0.8577286100002759 0.5141027441932153 0
    outer loop
      vertex -30.499266149392202 -26.801374452604197 0.010000000000000018
      vertex -30.413498340914327 -26.944469396133325 0
      vertex -30.499266149392202 -26.801374452604197 0
    endloop
  endfacet
  facet normal 0.9039892931234447 0.4275550934302793 0
    outer loop
      vertex -30.570595205269186 -26.650561835020653 0.010000000000000018
      vertex -30.499266149392202 -26.801374452604197 0
      vertex -30.570595205269186 -26.650561835020653 0
    endloop
  endfacet
  facet normal 0.9039892931234447 0.4275550934302793 0
    outer loop
      vertex -30.499266149392202 -26.801374452604197 0.010000000000000018
      vertex -30.499266149392202 -26.801374452604197 0
      vertex -30.570595205269186 -26.650561835020653 0.010000000000000018
    endloop
  endfacet
  facet normal 0.9415440651830207 0.3368898533922202 0
    outer loop
      vertex -30.626798570744754 -26.493483951332585 0.010000000000000018
      vertex -30.570595205269186 -26.650561835020653 0
      vertex -30.626798570744754 -26.493483951332585 0
    endloop
  endfacet
  facet normal 0.9415440651830207 0.3368898533922202 0
    outer loop
      vertex -30.570595205269186 -26.650561835020653 0.010000000000000018
      vertex -30.570595205269186 -26.650561835020653 0
      vertex -30.626798570744754 -26.493483951332585 0.010000000000000018
    endloop
  endfacet
  facet normal 0.9700312531945415 0.24298017990327378 3.440799001060219e-17
    outer loop
      vertex -30.667334976685492 -26.33165354742742 0.010000000000000018
      vertex -30.626798570744754 -26.493483951332585 0.010000000000000018
      vertex -30.626798570744754 -26.493483951332585 0
    endloop
  endfacet
  facet normal 0.9891765099647817 0.14673047445535692 0
    outer loop
      vertex -30.691814035342734 -26.166629138560253 0.010000000000000018
      vertex -30.667334976685492 -26.33165354742742 0
      vertex -30.691814035342734 -26.166629138560253 0
    endloop
  endfacet
  facet normal 0.9700312531945415 0.24298017990327378 0
    outer loop
      vertex -30.667334976685492 -26.33165354742742 0.010000000000000018
      vertex -30.626798570744754 -26.493483951332585 0
      vertex -30.667334976685492 -26.33165354742742 0
    endloop
  endfacet
  facet normal 0.9891765099647817 0.14673047445535692 0
    outer loop
      vertex -30.667334976685492 -26.33165354742742 0.010000000000000018
      vertex -30.667334976685492 -26.33165354742742 0
      vertex -30.691814035342734 -26.166629138560253 0.010000000000000018
    endloop
  endfacet
  facet normal 0.740951125354964 0.671558954847013 0
    outer loop
      vertex -30.314117770716653 -27.078468583078198 0.010000000000000018
      vertex -30.202081528017132 -27.202081528017132 0
      vertex -30.314117770716653 -27.078468583078198 0
    endloop
  endfacet
  facet normal 0.9987954562051724 0.04906767432741787 0
    outer loop
      vertex -30.7 -26 0.010000000000000018
      vertex -30.691814035342734 -26.166629138560253 0
      vertex -30.7 -26 0
    endloop
  endfacet
  facet normal 0.9987954562051724 0.04906767432741787 0
    outer loop
      vertex -30.691814035342734 -26.166629138560253 0.010000000000000018
      vertex -30.691814035342734 -26.166629138560253 0
      vertex -30.7 -26 0.010000000000000018
    endloop
  endfacet
  facet normal 0.9987954562051724 -0.04906767432741787 0
    outer loop
      vertex -30.7 -26 0.010000000000000018
      vertex -30.7 -26 0
      vertex -30.691814035342734 -25.833370861439747 0.010000000000000018
    endloop
  endfacet
  facet normal 0.9987954562051724 -0.04906767432741787 0
    outer loop
      vertex -30.691814035342734 -25.833370861439747 0.010000000000000018
      vertex -30.7 -26 0
      vertex -30.691814035342734 -25.833370861439747 0
    endloop
  endfacet
  facet normal 0.9891765099647817 -0.14673047445535692 0
    outer loop
      vertex -30.691814035342734 -25.833370861439747 0.010000000000000018
      vertex -30.691814035342734 -25.833370861439747 0
      vertex -30.667334976685492 -25.66834645257258 0.010000000000000018
    endloop
  endfacet
  facet normal 0.9891765099647817 -0.14673047445535692 0
    outer loop
      vertex -30.667334976685492 -25.66834645257258 0.010000000000000018
      vertex -30.691814035342734 -25.833370861439747 0
      vertex -30.667334976685492 -25.66834645257258 0
    endloop
  endfacet
  facet normal 0.9700312531945415 -0.24298017990327378 0
    outer loop
      vertex -30.626798570744754 -25.506516048667415 0.010000000000000018
      vertex -30.667334976685492 -25.66834645257258 0
      vertex -30.626798570744754 -25.506516048667415 0
    endloop
  endfacet
  facet normal 0.9700312531945415 -0.24298017990327378 0
    outer loop
      vertex -30.667334976685492 -25.66834645257258 0.010000000000000018
      vertex -30.667334976685492 -25.66834645257258 0
      vertex -30.626798570744754 -25.506516048667415 0.010000000000000018
    endloop
  endfacet
  facet normal 0.9415440651830207 -0.3368898533922202 0
    outer loop
      vertex -30.626798570744754 -25.506516048667415 0.010000000000000018
      vertex -30.626798570744754 -25.506516048667415 0
      vertex -30.570595205269186 -25.349438164979347 0.010000000000000018
    endloop
  endfacet
  facet normal 0.9415440651830207 -0.3368898533922202 0
    outer loop
      vertex -30.570595205269186 -25.349438164979347 0.010000000000000018
      vertex -30.626798570744754 -25.506516048667415 0
      vertex -30.570595205269186 -25.349438164979347 0
    endloop
  endfacet
  facet normal 0.9039892931234447 -0.4275550934302793 0
    outer loop
      vertex -30.499266149392202 -25.198625547395803 0.010000000000000018
      vertex -30.570595205269186 -25.349438164979347 0
      vertex -30.499266149392202 -25.198625547395803 0
    endloop
  endfacet
  facet normal 0.9039892931234447 -0.4275550934302793 0
    outer loop
      vertex -30.570595205269186 -25.349438164979347 0.010000000000000018
      vertex -30.570595205269186 -25.349438164979347 0
      vertex -30.499266149392202 -25.198625547395803 0.010000000000000018
    endloop
  endfacet
  facet normal 0.8577286100002759 -0.5141027441932153 0
    outer loop
      vertex -30.413498340914327 -25.055530603866675 0.010000000000000018
      vertex -30.499266149392202 -25.198625547395803 0
      vertex -30.413498340914327 -25.055530603866675 0
    endloop
  endfacet
  facet normal 0.8577286100002759 -0.5141027441932153 0
    outer loop
      vertex -30.499266149392202 -25.198625547395803 0.010000000000000018
      vertex -30.499266149392202 -25.198625547395803 0
      vertex -30.413498340914327 -25.055530603866675 0.010000000000000018
    endloop
  endfacet
  facet normal 0.8032075314806443 -0.5956993044924344 0
    outer loop
      vertex -30.314117770716653 -24.921531416921802 0.010000000000000018
      vertex -30.413498340914327 -25.055530603866675 0
      vertex -30.314117770716653 -24.921531416921802 0
    endloop
  endfacet
  facet normal 0.8032075314806443 -0.5956993044924344 0
    outer loop
      vertex -30.413498340914327 -25.055530603866675 0.010000000000000018
      vertex -30.413498340914327 -25.055530603866675 0
      vertex -30.314117770716653 -24.921531416921802 0.010000000000000018
    endloop
  endfacet
  facet normal 0.740951125354964 -0.671558954847013 0
    outer loop
      vertex -30.202081528017132 -24.797918471982868 0.010000000000000018
      vertex -30.314117770716653 -24.921531416921802 0
      vertex -30.202081528017132 -24.797918471982868 0
    endloop
  endfacet
  facet normal 0.740951125354964 -0.671558954847013 0
    outer loop
      vertex -30.314117770716653 -24.921531416921802 0.010000000000000018
      vertex -30.314117770716653 -24.921531416921802 0
      vertex -30.202081528017132 -24.797918471982868 0.010000000000000018
    endloop
  endfacet
  facet normal 0.671558954847013 -0.740951125354964 0
    outer loop
      vertex -30.202081528017132 -24.797918471982868 0.010000000000000018
      vertex -30.202081528017132 -24.797918471982868 0
      vertex -30.078468583078198 -24.685882229283347 0.010000000000000018
    endloop
  endfacet
  facet normal 0.671558954847013 -0.740951125354964 0
    outer loop
      vertex -30.078468583078198 -24.685882229283347 0.010000000000000018
      vertex -30.202081528017132 -24.797918471982868 0
      vertex -30.078468583078198 -24.685882229283347 0
    endloop
  endfacet
  facet normal 0.5956993044924344 -0.8032075314806443 0
    outer loop
      vertex -30.078468583078198 -24.685882229283347 0.010000000000000018
      vertex -30.078468583078198 -24.685882229283347 0
      vertex -29.944469396133325 -24.586501659085673 0.010000000000000018
    endloop
  endfacet
  facet normal 0.5956993044924344 -0.8032075314806443 0
    outer loop
      vertex -29.944469396133325 -24.586501659085673 0.010000000000000018
      vertex -30.078468583078198 -24.685882229283347 0
      vertex -29.944469396133325 -24.586501659085673 0
    endloop
  endfacet
  facet normal 0.5141027441932153 -0.8577286100002759 0
    outer loop
      vertex -29.944469396133325 -24.586501659085673 0.010000000000000018
      vertex -29.944469396133325 -24.586501659085673 0
      vertex -29.801374452604197 -24.500733850607798 0.010000000000000018
    endloop
  endfacet
  facet normal 0.5141027441932153 -0.8577286100002759 0
    outer loop
      vertex -29.801374452604197 -24.500733850607798 0.010000000000000018
      vertex -29.944469396133325 -24.586501659085673 0
      vertex -29.801374452604197 -24.500733850607798 0
    endloop
  endfacet
  facet normal 0.4275550934302793 -0.9039892931234447 0
    outer loop
      vertex -29.801374452604197 -24.500733850607798 0.010000000000000018
      vertex -29.801374452604197 -24.500733850607798 0
      vertex -29.650561835020653 -24.429404794730814 0.010000000000000018
    endloop
  endfacet
  facet normal 0.24298017990327378 0.9700312531945415 0
    outer loop
      vertex -29.493483951332585 -27.626798570744754 0.010000000000000018
      vertex -29.33165354742742 -27.667334976685492 0
      vertex -29.493483951332585 -27.626798570744754 0
    endloop
  endfacet
  facet normal 0.24298017990327378 0.9700312531945415 3.440799001060219e-17
    outer loop
      vertex -29.493483951332585 -27.626798570744754 0.010000000000000018
      vertex -29.33165354742742 -27.667334976685492 0.010000000000000018
      vertex -29.33165354742742 -27.667334976685492 0
    endloop
  endfacet
  facet normal 0.14673047445535692 0.9891765099647817 0
    outer loop
      vertex -29.33165354742742 -27.667334976685492 0.010000000000000018
      vertex -29.166629138560253 -27.691814035342734 0
      vertex -29.33165354742742 -27.667334976685492 0
    endloop
  endfacet
  facet normal 0.14673047445535692 0.9891765099647817 -1.93572927115658e-16
    outer loop
      vertex -29.33165354742742 -27.667334976685492 0.010000000000000018
      vertex -29.166629138560253 -27.691814035342734 0.010000000000000018
      vertex -29.166629138560253 -27.691814035342734 0
    endloop
  endfacet
  facet normal 0.4275550934302793 0.9039892931234447 2.948415420250451e-16
    outer loop
      vertex -29.801374452604197 -27.499266149392202 0.010000000000000018
      vertex -29.650561835020653 -27.570595205269186 0.010000000000000018
      vertex -29.650561835020653 -27.570595205269186 0
    endloop
  endfacet
  facet normal 0.3368898533922202 0.9415440651830207 0
    outer loop
      vertex -29.650561835020653 -27.570595205269186 0.010000000000000018
      vertex -29.493483951332585 -27.626798570744754 0
      vertex -29.650561835020653 -27.570595205269186 0
    endloop
  endfacet
  facet normal 0.3368898533922202 0.9415440651830207 -2.100996016915857e-16
    outer loop
      vertex -29.650561835020653 -27.570595205269186 0.010000000000000018
      vertex -29.493483951332585 -27.626798570744754 0.010000000000000018
      vertex -29.493483951332585 -27.626798570744754 0
    endloop
  endfacet
  facet normal 0.04906767432741787 0.9987954562051724 0
    outer loop
      vertex -29.166629138560253 -27.691814035342734 0.010000000000000018
      vertex -29 -27.7 0
      vertex -29.166629138560253 -27.691814035342734 0
    endloop
  endfacet
  facet normal 0.04906767432741787 0.9987954562051724 -2.0351206043490386e-17
    outer loop
      vertex -29.166629138560253 -27.691814035342734 0.010000000000000018
      vertex -29 -27.7 0.010000000000000018
      vertex -29 -27.7 0
    endloop
  endfacet
  facet normal -0.04906767432741787 0.9987954562051724 0
    outer loop
      vertex -29 -27.7 0.010000000000000018
      vertex -28.833370861439747 -27.691814035342734 0
      vertex -29 -27.7 0
    endloop
  endfacet
  facet normal -0.04906767432741787 0.9987954562051724 2.0351206043490386e-17
    outer loop
      vertex -29 -27.7 0.010000000000000018
      vertex -28.833370861439747 -27.691814035342734 0.010000000000000018
      vertex -28.833370861439747 -27.691814035342734 0
    endloop
  endfacet
  facet normal -0.14673047445535692 0.9891765099647817 0
    outer loop
      vertex -28.833370861439747 -27.691814035342734 0.010000000000000018
      vertex -28.66834645257258 -27.667334976685492 0
      vertex -28.833370861439747 -27.691814035342734 0
    endloop
  endfacet
  facet normal -0.14673047445535692 0.9891765099647817 1.93572927115658e-16
    outer loop
      vertex -28.833370861439747 -27.691814035342734 0.010000000000000018
      vertex -28.66834645257258 -27.667334976685492 0.010000000000000018
      vertex -28.66834645257258 -27.667334976685492 0
    endloop
  endfacet
  facet normal -0.24298017990327378 0.9700312531945415 0
    outer loop
      vertex -28.66834645257258 -27.667334976685492 0.010000000000000018
      vertex -28.506516048667415 -27.626798570744754 0
      vertex -28.66834645257258 -27.667334976685492 0
    endloop
  endfacet
  facet normal -0.24298017990327378 0.9700312531945415 -3.440799001060219e-17
    outer loop
      vertex -28.66834645257258 -27.667334976685492 0.010000000000000018
      vertex -28.506516048667415 -27.626798570744754 0.010000000000000018
      vertex -28.506516048667415 -27.626798570744754 0
    endloop
  endfacet
  facet normal -0.3368898533922202 0.9415440651830207 0
    outer loop
      vertex -28.506516048667415 -27.626798570744754 0.010000000000000018
      vertex -28.349438164979347 -27.570595205269186 0
      vertex -28.506516048667415 -27.626798570744754 0
    endloop
  endfacet
  facet normal -0.4275550934302793 0.9039892931234447 0
    outer loop
      vertex -28.349438164979347 -27.570595205269186 0.010000000000000018
      vertex -28.198625547395803 -27.499266149392202 0
      vertex -28.349438164979347 -27.570595205269186 0
    endloop
  endfacet
  facet normal -0.3368898533922202 0.9415440651830207 2.100996016915857e-16
    outer loop
      vertex -28.506516048667415 -27.626798570744754 0.010000000000000018
      vertex -28.349438164979347 -27.570595205269186 0.010000000000000018
      vertex -28.349438164979347 -27.570595205269186 0
    endloop
  endfacet
  facet normal -0.4275550934302793 0.9039892931234447 -2.948415420250451e-16
    outer loop
      vertex -28.349438164979347 -27.570595205269186 0.010000000000000018
      vertex -28.198625547395803 -27.499266149392202 0.010000000000000018
      vertex -28.198625547395803 -27.499266149392202 0
    endloop
  endfacet
  facet normal -0.5141027441932153 0.8577286100002759 0
    outer loop
      vertex -28.198625547395803 -27.499266149392202 0.010000000000000018
      vertex -28.055530603866675 -27.413498340914327 0
      vertex -28.198625547395803 -27.499266149392202 0
    endloop
  endfacet
  facet normal -0.5141027441932153 0.8577286100002759 -4.185586625896017e-16
    outer loop
      vertex -28.198625547395803 -27.499266149392202 0.010000000000000018
      vertex -28.055530603866675 -27.413498340914327 0.010000000000000018
      vertex -28.055530603866675 -27.413498340914327 0
    endloop
  endfacet
  facet normal -0.5956993044924344 0.8032075314806443 0
    outer loop
      vertex -28.055530603866675 -27.413498340914327 0.010000000000000018
      vertex -27.921531416921802 -27.314117770716653 0
      vertex -28.055530603866675 -27.413498340914327 0
    endloop
  endfacet
  facet normal -0.5956993044924344 0.8032075314806443 3.241473383658449e-16
    outer loop
      vertex -28.055530603866675 -27.413498340914327 0.010000000000000018
      vertex -27.921531416921802 -27.314117770716653 0.010000000000000018
      vertex -27.921531416921802 -27.314117770716653 0
    endloop
  endfacet
  facet normal -0.671558954847013 0.740951125354964 0
    outer loop
      vertex -27.921531416921802 -27.314117770716653 0.010000000000000018
      vertex -27.797918471982868 -27.202081528017132 0
      vertex -27.921531416921802 -27.314117770716653 0
    endloop
  endfacet
  facet normal -0.740951125354964 0.671558954847013 0
    outer loop
      vertex -27.797918471982868 -27.202081528017132 0.010000000000000018
      vertex -27.685882229283347 -27.078468583078198 0
      vertex -27.797918471982868 -27.202081528017132 0
    endloop
  endfacet
  facet normal -0.671558954847013 0.740951125354964 3.587177587213679e-16
    outer loop
      vertex -27.921531416921802 -27.314117770716653 0.010000000000000018
      vertex -27.797918471982868 -27.202081528017132 0.010000000000000018
      vertex -27.797918471982868 -27.202081528017132 0
    endloop
  endfacet
  facet normal -0.8032075314806443 0.5956993044924344 0
    outer loop
      vertex -27.685882229283347 -27.078468583078198 0.010000000000000018
      vertex -27.586501659085673 -26.944469396133325 0
      vertex -27.685882229283347 -27.078468583078198 0
    endloop
  endfacet
  facet normal -0.740951125354964 0.671558954847013 3.587177587213679e-16
    outer loop
      vertex -27.797918471982868 -27.202081528017132 0.010000000000000018
      vertex -27.685882229283347 -27.078468583078198 0.010000000000000018
      vertex -27.685882229283347 -27.078468583078198 0
    endloop
  endfacet
  facet normal 0.4275550934302793 -0.9039892931234447 0
    outer loop
      vertex -29.650561835020653 -24.429404794730814 0.010000000000000018
      vertex -29.801374452604197 -24.500733850607798 0
      vertex -29.650561835020653 -24.429404794730814 0
    endloop
  endfacet
  facet normal 0.3368898533922202 -0.9415440651830207 0
    outer loop
      vertex -29.493483951332585 -24.373201429255246 0.010000000000000018
      vertex -29.650561835020653 -24.429404794730814 0
      vertex -29.493483951332585 -24.373201429255246 0
    endloop
  endfacet
  facet normal 0.3368898533922202 -0.9415440651830207 0
    outer loop
      vertex -29.650561835020653 -24.429404794730814 0.010000000000000018
      vertex -29.650561835020653 -24.429404794730814 0
      vertex -29.493483951332585 -24.373201429255246 0.010000000000000018
    endloop
  endfacet
  facet normal 0.24298017990327378 -0.9700312531945415 0
    outer loop
      vertex -29.33165354742742 -24.332665023314508 0.010000000000000018
      vertex -29.493483951332585 -24.373201429255246 0
      vertex -29.33165354742742 -24.332665023314508 0
    endloop
  endfacet
  facet normal 0.24298017990327378 -0.9700312531945415 0
    outer loop
      vertex -29.493483951332585 -24.373201429255246 0.010000000000000018
      vertex -29.493483951332585 -24.373201429255246 0
      vertex -29.33165354742742 -24.332665023314508 0.010000000000000018
    endloop
  endfacet
  facet normal 0.14673047445535692 -0.9891765099647817 0
    outer loop
      vertex -29.166629138560253 -24.308185964657266 0.010000000000000018
      vertex -29.33165354742742 -24.332665023314508 0
      vertex -29.166629138560253 -24.308185964657266 0
    endloop
  endfacet
  facet normal 0.14673047445535692 -0.9891765099647817 0
    outer loop
      vertex -29.33165354742742 -24.332665023314508 0.010000000000000018
      vertex -29.33165354742742 -24.332665023314508 0
      vertex -29.166629138560253 -24.308185964657266 0.010000000000000018
    endloop
  endfacet
  facet normal 0.04906767432741787 -0.9987954562051724 0
    outer loop
      vertex -29.166629138560253 -24.308185964657266 0.010000000000000018
      vertex -29.166629138560253 -24.308185964657266 0
      vertex -29 -24.3 0.010000000000000018
    endloop
  endfacet
  facet normal 0.04906767432741787 -0.9987954562051724 0
    outer loop
      vertex -29 -24.3 0.010000000000000018
      vertex -29.166629138560253 -24.308185964657266 0
      vertex -29 -24.3 0
    endloop
  endfacet
  facet normal -0.04906767432741787 -0.9987954562051724 0
    outer loop
      vertex -28.833370861439747 -24.308185964657266 0.010000000000000018
      vertex -29 -24.3 0
      vertex -28.833370861439747 -24.308185964657266 0
    endloop
  endfacet
  facet normal -0.04906767432741787 -0.9987954562051724 0
    outer loop
      vertex -29 -24.3 0.010000000000000018
      vertex -29 -24.3 0
      vertex -28.833370861439747 -24.308185964657266 0.010000000000000018
    endloop
  endfacet
  facet normal -0.14673047445535692 -0.9891765099647817 0
    outer loop
      vertex -28.66834645257258 -24.332665023314508 0.010000000000000018
      vertex -28.833370861439747 -24.308185964657266 0
      vertex -28.66834645257258 -24.332665023314508 0
    endloop
  endfacet
  facet normal -0.14673047445535692 -0.9891765099647817 0
    outer loop
      vertex -28.833370861439747 -24.308185964657266 0.010000000000000018
      vertex -28.833370861439747 -24.308185964657266 0
      vertex -28.66834645257258 -24.332665023314508 0.010000000000000018
    endloop
  endfacet
  facet normal -0.24298017990327378 -0.9700312531945415 0
    outer loop
      vertex -28.506516048667415 -24.373201429255246 0.010000000000000018
      vertex -28.66834645257258 -24.332665023314508 0
      vertex -28.506516048667415 -24.373201429255246 0
    endloop
  endfacet
  facet normal -0.24298017990327378 -0.9700312531945415 0
    outer loop
      vertex -28.66834645257258 -24.332665023314508 0.010000000000000018
      vertex -28.66834645257258 -24.332665023314508 0
      vertex -28.506516048667415 -24.373201429255246 0.010000000000000018
    endloop
  endfacet
  facet normal -0.3368898533922202 -0.9415440651830207 0
    outer loop
      vertex -28.506516048667415 -24.373201429255246 0.010000000000000018
      vertex -28.506516048667415 -24.373201429255246 0
      vertex -28.349438164979347 -24.429404794730814 0.010000000000000018
    endloop
  endfacet
  facet normal -0.4275550934302793 -0.9039892931234447 0
    outer loop
      vertex -28.198625547395803 -24.500733850607798 0.010000000000000018
      vertex -28.349438164979347 -24.429404794730814 0
      vertex -28.198625547395803 -24.500733850607798 0
    endloop
  endfacet
  facet normal -0.3368898533922202 -0.9415440651830207 0
    outer loop
      vertex -28.349438164979347 -24.429404794730814 0.010000000000000018
      vertex -28.506516048667415 -24.373201429255246 0
      vertex -28.349438164979347 -24.429404794730814 0
    endloop
  endfacet
  facet normal -0.4275550934302793 -0.9039892931234447 0
    outer loop
      vertex -28.349438164979347 -24.429404794730814 0.010000000000000018
      vertex -28.349438164979347 -24.429404794730814 0
      vertex -28.198625547395803 -24.500733850607798 0.010000000000000018
    endloop
  endfacet
  facet normal -0.8032075314806443 -0.5956993044924344 0
    outer loop
      vertex -27.685882229283347 -24.921531416921802 0.010000000000000018
      vertex -27.685882229283347 -24.921531416921802 0
      vertex -27.586501659085673 -25.055530603866675 0.010000000000000018
    endloop
  endfacet
  facet normal -0.740951125354964 -0.671558954847013 -3.587177587213679e-16
    outer loop
      vertex -27.685882229283347 -24.921531416921802 0.010000000000000018
      vertex -27.797918471982868 -24.797918471982868 0.010000000000000018
      vertex -27.797918471982868 -24.797918471982868 0
    endloop
  endfacet
  facet normal -0.671558954847013 -0.740951125354964 0
    outer loop
      vertex -27.797918471982868 -24.797918471982868 0.010000000000000018
      vertex -27.921531416921802 -24.685882229283347 0
      vertex -27.797918471982868 -24.797918471982868 0
    endloop
  endfacet
  facet normal -0.671558954847013 -0.740951125354964 0
    outer loop
      vertex -27.921531416921802 -24.685882229283347 0.010000000000000018
      vertex -27.921531416921802 -24.685882229283347 0
      vertex -27.797918471982868 -24.797918471982868 0.010000000000000018
    endloop
  endfacet
  facet normal -0.740951125354964 -0.671558954847013 0
    outer loop
      vertex -27.685882229283347 -24.921531416921802 0.010000000000000018
      vertex -27.797918471982868 -24.797918471982868 0
      vertex -27.685882229283347 -24.921531416921802 0
    endloop
  endfacet
  facet normal -0.5141027441932153 -0.8577286100002759 0
    outer loop
      vertex -28.055530603866675 -24.586501659085673 0.010000000000000018
      vertex -28.198625547395803 -24.500733850607798 0
      vertex -28.055530603866675 -24.586501659085673 0
    endloop
  endfacet
  facet normal -0.5141027441932153 -0.8577286100002759 0
    outer loop
      vertex -28.198625547395803 -24.500733850607798 0.010000000000000018
      vertex -28.198625547395803 -24.500733850607798 0
      vertex -28.055530603866675 -24.586501659085673 0.010000000000000018
    endloop
  endfacet
  facet normal -0.5956993044924344 -0.8032075314806443 0
    outer loop
      vertex -27.921531416921802 -24.685882229283347 0.010000000000000018
      vertex -28.055530603866675 -24.586501659085673 0
      vertex -27.921531416921802 -24.685882229283347 0
    endloop
  endfacet
  facet normal -0.5956993044924344 -0.8032075314806443 -3.241473383658449e-16
    outer loop
      vertex -27.921531416921802 -24.685882229283347 0.010000000000000018
      vertex -28.055530603866675 -24.586501659085673 0.010000000000000018
      vertex -28.055530603866675 -24.586501659085673 0
    endloop
  endfacet
  facet normal -0.8577286100002759 0.5141027441932153 0
    outer loop
      vertex -27.586501659085673 -26.944469396133325 0.010000000000000018
      vertex -27.500733850607798 -26.801374452604197 0
      vertex -27.586501659085673 -26.944469396133325 0
    endloop
  endfacet
  facet normal -0.8032075314806443 0.5956993044924344 3.241473383658449e-16
    outer loop
      vertex -27.685882229283347 -27.078468583078198 0.010000000000000018
      vertex -27.586501659085673 -26.944469396133325 0.010000000000000018
      vertex -27.586501659085673 -26.944469396133325 0
    endloop
  endfacet
  facet normal -0.8577286100002759 0.5141027441932153 -4.185586625896017e-16
    outer loop
      vertex -27.586501659085673 -26.944469396133325 0.010000000000000018
      vertex -27.500733850607798 -26.801374452604197 0.010000000000000018
      vertex -27.500733850607798 -26.801374452604197 0
    endloop
  endfacet
  facet normal -0.9039892931234447 0.4275550934302793 0
    outer loop
      vertex -27.500733850607798 -26.801374452604197 0.010000000000000018
      vertex -27.429404794730814 -26.650561835020653 0
      vertex -27.500733850607798 -26.801374452604197 0
    endloop
  endfacet
  facet normal -0.9039892931234447 0.4275550934302793 -2.948415420250451e-16
    outer loop
      vertex -27.500733850607798 -26.801374452604197 0.010000000000000018
      vertex -27.429404794730814 -26.650561835020653 0.010000000000000018
      vertex -27.429404794730814 -26.650561835020653 0
    endloop
  endfacet
  facet normal -0.9415440651830207 0.3368898533922202 0
    outer loop
      vertex -27.429404794730814 -26.650561835020653 0.010000000000000018
      vertex -27.373201429255246 -26.493483951332585 0
      vertex -27.429404794730814 -26.650561835020653 0
    endloop
  endfacet
  facet normal -0.9415440651830207 0.3368898533922202 2.100996016915857e-16
    outer loop
      vertex -27.429404794730814 -26.650561835020653 0.010000000000000018
      vertex -27.373201429255246 -26.493483951332585 0.010000000000000018
      vertex -27.373201429255246 -26.493483951332585 0
    endloop
  endfacet
  facet normal -0.9700312531945415 0.24298017990327378 0
    outer loop
      vertex -27.373201429255246 -26.493483951332585 0.010000000000000018
      vertex -27.332665023314508 -26.33165354742742 0
      vertex -27.373201429255246 -26.493483951332585 0
    endloop
  endfacet
  facet normal -0.9700312531945415 0.24298017990327378 -3.440799001060219e-17
    outer loop
      vertex -27.373201429255246 -26.493483951332585 0.010000000000000018
      vertex -27.332665023314508 -26.33165354742742 0.010000000000000018
      vertex -27.332665023314508 -26.33165354742742 0
    endloop
  endfacet
  facet normal -0.9891765099647817 0.14673047445535692 0
    outer loop
      vertex -27.332665023314508 -26.33165354742742 0.010000000000000018
      vertex -27.308185964657266 -26.166629138560253 0
      vertex -27.332665023314508 -26.33165354742742 0
    endloop
  endfacet
  facet normal -0.9891765099647817 0.14673047445535692 1.93572927115658e-16
    outer loop
      vertex -27.332665023314508 -26.33165354742742 0.010000000000000018
      vertex -27.308185964657266 -26.166629138560253 0.010000000000000018
      vertex -27.308185964657266 -26.166629138560253 0
    endloop
  endfacet
  facet normal -0.9987954562051724 0.04906767432741787 0
    outer loop
      vertex -27.308185964657266 -26.166629138560253 0.010000000000000018
      vertex -27.3 -26 0
      vertex -27.308185964657266 -26.166629138560253 0
    endloop
  endfacet
  facet normal -0.9987954562051724 0.04906767432741787 2.0351206043490386e-17
    outer loop
      vertex -27.308185964657266 -26.166629138560253 0.010000000000000018
      vertex -27.3 -26 0.010000000000000018
      vertex -27.3 -26 0
    endloop
  endfacet
  facet normal -0.9987954562051724 -0.04906767432741787 0
    outer loop
      vertex -27.3 -26 0.010000000000000018
      vertex -27.308185964657266 -25.833370861439747 0
      vertex -27.3 -26 0
    endloop
  endfacet
  facet normal -0.9987954562051724 -0.04906767432741787 -2.0351206043490386e-17
    outer loop
      vertex -27.3 -26 0.010000000000000018
      vertex -27.308185964657266 -25.833370861439747 0.010000000000000018
      vertex -27.308185964657266 -25.833370861439747 0
    endloop
  endfacet
  facet normal -0.9891765099647817 -0.14673047445535692 0
    outer loop
      vertex -27.308185964657266 -25.833370861439747 0.010000000000000018
      vertex -27.332665023314508 -25.66834645257258 0
      vertex -27.308185964657266 -25.833370861439747 0
    endloop
  endfacet
  facet normal -0.9891765099647817 -0.14673047445535692 -1.93572927115658e-16
    outer loop
      vertex -27.308185964657266 -25.833370861439747 0.010000000000000018
      vertex -27.332665023314508 -25.66834645257258 0.010000000000000018
      vertex -27.332665023314508 -25.66834645257258 0
    endloop
  endfacet
  facet normal -0.9700312531945415 -0.24298017990327378 3.440799001060219e-17
    outer loop
      vertex -27.332665023314508 -25.66834645257258 0.010000000000000018
      vertex -27.373201429255246 -25.506516048667415 0.010000000000000018
      vertex -27.373201429255246 -25.506516048667415 0
    endloop
  endfacet
  facet normal -0.9415440651830207 -0.3368898533922202 0
    outer loop
      vertex -27.373201429255246 -25.506516048667415 0.010000000000000018
      vertex -27.429404794730814 -25.349438164979347 0
      vertex -27.373201429255246 -25.506516048667415 0
    endloop
  endfacet
  facet normal -0.9415440651830207 -0.3368898533922202 -2.100996016915857e-16
    outer loop
      vertex -27.373201429255246 -25.506516048667415 0.010000000000000018
      vertex -27.429404794730814 -25.349438164979347 0.010000000000000018
      vertex -27.429404794730814 -25.349438164979347 0
    endloop
  endfacet
  facet normal -0.9039892931234447 -0.4275550934302793 0
    outer loop
      vertex -27.429404794730814 -25.349438164979347 0.010000000000000018
      vertex -27.500733850607798 -25.198625547395803 0
      vertex -27.429404794730814 -25.349438164979347 0
    endloop
  endfacet
  facet normal -0.9039892931234447 -0.4275550934302793 2.948415420250451e-16
    outer loop
      vertex -27.429404794730814 -25.349438164979347 0.010000000000000018
      vertex -27.500733850607798 -25.198625547395803 0.010000000000000018
      vertex -27.500733850607798 -25.198625547395803 0
    endloop
  endfacet
  facet normal -0.9700312531945415 -0.24298017990327378 0
    outer loop
      vertex -27.332665023314508 -25.66834645257258 0.010000000000000018
      vertex -27.373201429255246 -25.506516048667415 0
      vertex -27.332665023314508 -25.66834645257258 0
    endloop
  endfacet
  facet normal -0.8577286100002759 -0.5141027441932153 0
    outer loop
      vertex -27.500733850607798 -25.198625547395803 0.010000000000000018
      vertex -27.586501659085673 -25.055530603866675 0
      vertex -27.500733850607798 -25.198625547395803 0
    endloop
  endfacet
  facet normal -0.8577286100002759 -0.5141027441932153 4.185586625896017e-16
    outer loop
      vertex -27.500733850607798 -25.198625547395803 0.010000000000000018
      vertex -27.586501659085673 -25.055530603866675 0.010000000000000018
      vertex -27.586501659085673 -25.055530603866675 0
    endloop
  endfacet
  facet normal -0.8032075314806443 -0.5956993044924344 0
    outer loop
      vertex -27.586501659085673 -25.055530603866675 0.010000000000000018
      vertex -27.685882229283347 -24.921531416921802 0
      vertex -27.586501659085673 -25.055530603866675 0
    endloop
  endfacet
  facet normal 0.857728610000287 0.5141027441931966 0
    outer loop
      vertex -30.499266149392202 25.198625547395807 0.010000000000000018
      vertex -30.413498340914327 25.05553060386667 0
      vertex -30.499266149392202 25.198625547395807 0
    endloop
  endfacet
  facet normal 0.857728610000287 0.5141027441931966 0
    outer loop
      vertex -30.413498340914327 25.05553060386667 0.010000000000000018
      vertex -30.413498340914327 25.05553060386667 0
      vertex -30.499266149392202 25.198625547395807 0.010000000000000018
    endloop
  endfacet
  facet normal 0.8032075314806366 0.5956993044924445 0
    outer loop
      vertex -30.413498340914327 25.05553060386667 0.010000000000000018
      vertex -30.314117770716653 24.921531416921802 0
      vertex -30.413498340914327 25.05553060386667 0
    endloop
  endfacet
  facet normal 0.8032075314806366 0.5956993044924445 2.284181550566117e-16
    outer loop
      vertex -30.413498340914327 25.05553060386667 0.010000000000000018
      vertex -30.314117770716653 24.921531416921802 0.010000000000000018
      vertex -30.314117770716653 24.921531416921802 0
    endloop
  endfacet
  facet normal 0.5956993044924618 0.8032075314806237 0
    outer loop
      vertex -30.078468583078198 24.68588222928335 0.010000000000000018
      vertex -29.944469396133325 24.58650165908567 0
      vertex -30.078468583078198 24.68588222928335 0
    endloop
  endfacet
  facet normal 0.514102744193184 0.8577286100002947 0
    outer loop
      vertex -29.944469396133325 24.58650165908567 0.010000000000000018
      vertex -29.801374452604197 24.5007338506078 0
      vertex -29.944469396133325 24.58650165908567 0
    endloop
  endfacet
  facet normal 0.5956993044924618 0.8032075314806237 0
    outer loop
      vertex -29.944469396133325 24.58650165908567 0.010000000000000018
      vertex -29.944469396133325 24.58650165908567 0
      vertex -30.078468583078198 24.68588222928335 0.010000000000000018
    endloop
  endfacet
  facet normal 0.42755509343029674 0.9039892931234365 0
    outer loop
      vertex -29.801374452604197 24.5007338506078 0.010000000000000018
      vertex -29.650561835020653 24.429404794730814 0
      vertex -29.801374452604197 24.5007338506078 0
    endloop
  endfacet
  facet normal 0.514102744193184 0.8577286100002947 -4.997132673919477e-16
    outer loop
      vertex -29.944469396133325 24.58650165908567 0.010000000000000018
      vertex -29.801374452604197 24.5007338506078 0.010000000000000018
      vertex -29.801374452604197 24.5007338506078 0
    endloop
  endfacet
  facet normal 0.6715589548470013 0.7409511253549746 0
    outer loop
      vertex -30.202081528017132 24.797918471982868 0.010000000000000018
      vertex -30.078468583078198 24.68588222928335 0
      vertex -30.202081528017132 24.797918471982868 0
    endloop
  endfacet
  facet normal 0.740951125354964 0.671558954847013 0
    outer loop
      vertex -30.314117770716653 24.921531416921802 0.010000000000000018
      vertex -30.202081528017132 24.797918471982868 0
      vertex -30.314117770716653 24.921531416921802 0
    endloop
  endfacet
  facet normal 0.740951125354964 0.671558954847013 0
    outer loop
      vertex -30.202081528017132 24.797918471982868 0.010000000000000018
      vertex -30.202081528017132 24.797918471982868 0
      vertex -30.314117770716653 24.921531416921802 0.010000000000000018
    endloop
  endfacet
  facet normal 0.6715589548470013 0.7409511253549746 -1.9306362838038488e-16
    outer loop
      vertex -30.202081528017132 24.797918471982868 0.010000000000000018
      vertex -30.078468583078198 24.68588222928335 0.010000000000000018
      vertex -30.078468583078198 24.68588222928335 0
    endloop
  endfacet
  facet normal 0.9415440651830207 0.3368898533922202 0
    outer loop
      vertex -30.570595205269186 25.349438164979347 0.010000000000000018
      vertex -30.570595205269186 25.349438164979347 0
      vertex -30.626798570744754 25.506516048667415 0.010000000000000018
    endloop
  endfacet
  facet normal 0.9415440651830207 0.3368898533922202 0
    outer loop
      vertex -30.626798570744754 25.506516048667415 0.010000000000000018
      vertex -30.570595205269186 25.349438164979347 0
      vertex -30.626798570744754 25.506516048667415 0
    endloop
  endfacet
  facet normal 0.9700312531945402 0.2429801799032788 0
    outer loop
      vertex -30.667334976685492 25.668346452572578 0.010000000000000018
      vertex -30.626798570744754 25.506516048667415 0
      vertex -30.667334976685492 25.668346452572578 0
    endloop
  endfacet
  facet normal 0.9700312531945402 0.2429801799032788 5.37062883404306e-17
    outer loop
      vertex -30.667334976685492 25.668346452572578 0.010000000000000018
      vertex -30.626798570744754 25.506516048667415 0.010000000000000018
      vertex -30.626798570744754 25.506516048667415 0
    endloop
  endfacet
  facet normal 0.9039892931234407 0.4275550934302875 0
    outer loop
      vertex -30.570595205269186 25.349438164979347 0.010000000000000018
      vertex -30.499266149392202 25.198625547395807 0
      vertex -30.570595205269186 25.349438164979347 0
    endloop
  endfacet
  facet normal 0.9039892931234407 0.4275550934302875 0
    outer loop
      vertex -30.499266149392202 25.198625547395807 0.010000000000000018
      vertex -30.499266149392202 25.198625547395807 0
      vertex -30.570595205269186 25.349438164979347 0.010000000000000018
    endloop
  endfacet
  facet normal 0.9891765099647821 0.1467304744553538 0
    outer loop
      vertex -30.691814035342734 25.833370861439747 0.010000000000000018
      vertex -30.667334976685492 25.668346452572578 0
      vertex -30.691814035342734 25.833370861439747 0
    endloop
  endfacet
  facet normal 0.9987954562051724 0.04906767432741787 0
    outer loop
      vertex -30.691814035342734 25.833370861439747 0.010000000000000018
      vertex -30.691814035342734 25.833370861439747 0
      vertex -30.7 26 0.010000000000000018
    endloop
  endfacet
  facet normal 0.9891765099647821 0.1467304744553538 0
    outer loop
      vertex -30.667334976685492 25.668346452572578 0.010000000000000018
      vertex -30.667334976685492 25.668346452572578 0
      vertex -30.691814035342734 25.833370861439747 0.010000000000000018
    endloop
  endfacet
  facet normal 0.9987954562051724 0.04906767432741787 0
    outer loop
      vertex -30.7 26 0.010000000000000018
      vertex -30.691814035342734 25.833370861439747 0
      vertex -30.7 26 0
    endloop
  endfacet
  facet normal 0.9987954562051724 -0.04906767432741787 0
    outer loop
      vertex -30.691814035342734 26.166629138560253 0.010000000000000018
      vertex -30.7 26 0
      vertex -30.691814035342734 26.166629138560253 0
    endloop
  endfacet
  facet normal 0.9987954562051724 -0.04906767432741787 0
    outer loop
      vertex -30.7 26 0.010000000000000018
      vertex -30.7 26 0
      vertex -30.691814035342734 26.166629138560253 0.010000000000000018
    endloop
  endfacet
  facet normal 0.9891765099647821 -0.1467304744553538 0
    outer loop
      vertex -30.691814035342734 26.166629138560253 0.010000000000000018
      vertex -30.691814035342734 26.166629138560253 0
      vertex -30.667334976685492 26.331653547427422 0.010000000000000018
    endloop
  endfacet
  facet normal 0.9891765099647821 -0.1467304744553538 0
    outer loop
      vertex -30.667334976685492 26.331653547427422 0.010000000000000018
      vertex -30.691814035342734 26.166629138560253 0
      vertex -30.667334976685492 26.331653547427422 0
    endloop
  endfacet
  facet normal 0.9700312531945402 -0.2429801799032788 0
    outer loop
      vertex -30.667334976685492 26.331653547427422 0.010000000000000018
      vertex -30.667334976685492 26.331653547427422 0
      vertex -30.626798570744754 26.493483951332585 0.010000000000000018
    endloop
  endfacet
  facet normal 0.9700312531945402 -0.2429801799032788 0
    outer loop
      vertex -30.626798570744754 26.493483951332585 0.010000000000000018
      vertex -30.667334976685492 26.331653547427422 0
      vertex -30.626798570744754 26.493483951332585 0
    endloop
  endfacet
  facet normal 0.9415440651830207 -0.3368898533922202 0
    outer loop
      vertex -30.570595205269186 26.650561835020653 0.010000000000000018
      vertex -30.626798570744754 26.493483951332585 0
      vertex -30.570595205269186 26.650561835020653 0
    endloop
  endfacet
  facet normal 0.9415440651830207 -0.3368898533922202 0
    outer loop
      vertex -30.626798570744754 26.493483951332585 0.010000000000000018
      vertex -30.626798570744754 26.493483951332585 0
      vertex -30.570595205269186 26.650561835020653 0.010000000000000018
    endloop
  endfacet
  facet normal 0.9039892931234407 -0.4275550934302875 0
    outer loop
      vertex -30.499266149392202 26.801374452604193 0.010000000000000018
      vertex -30.570595205269186 26.650561835020653 0
      vertex -30.499266149392202 26.801374452604193 0
    endloop
  endfacet
  facet normal 0.9039892931234407 -0.4275550934302875 0
    outer loop
      vertex -30.570595205269186 26.650561835020653 0.010000000000000018
      vertex -30.570595205269186 26.650561835020653 0
      vertex -30.499266149392202 26.801374452604193 0.010000000000000018
    endloop
  endfacet
  facet normal 0.857728610000287 -0.5141027441931966 0
    outer loop
      vertex -30.499266149392202 26.801374452604193 0.010000000000000018
      vertex -30.499266149392202 26.801374452604193 0
      vertex -30.413498340914327 26.94446939613333 0.010000000000000018
    endloop
  endfacet
  facet normal 0.857728610000287 -0.5141027441931966 0
    outer loop
      vertex -30.413498340914327 26.94446939613333 0.010000000000000018
      vertex -30.499266149392202 26.801374452604193 0
      vertex -30.413498340914327 26.94446939613333 0
    endloop
  endfacet
  facet normal 0.8032075314806366 -0.5956993044924445 0
    outer loop
      vertex -30.413498340914327 26.94446939613333 0.010000000000000018
      vertex -30.413498340914327 26.94446939613333 0
      vertex -30.314117770716653 27.078468583078198 0.010000000000000018
    endloop
  endfacet
  facet normal 0.8032075314806366 -0.5956993044924445 0
    outer loop
      vertex -30.314117770716653 27.078468583078198 0.010000000000000018
      vertex -30.413498340914327 26.94446939613333 0
      vertex -30.314117770716653 27.078468583078198 0
    endloop
  endfacet
  facet normal 0.740951125354964 -0.671558954847013 0
    outer loop
      vertex -30.314117770716653 27.078468583078198 0.010000000000000018
      vertex -30.314117770716653 27.078468583078198 0
      vertex -30.202081528017132 27.202081528017132 0.010000000000000018
    endloop
  endfacet
  facet normal 0.740951125354964 -0.671558954847013 0
    outer loop
      vertex -30.202081528017132 27.202081528017132 0.010000000000000018
      vertex -30.314117770716653 27.078468583078198 0
      vertex -30.202081528017132 27.202081528017132 0
    endloop
  endfacet
  facet normal 0.6715589548470013 -0.7409511253549746 0
    outer loop
      vertex -30.202081528017132 27.202081528017132 0.010000000000000018
      vertex -30.202081528017132 27.202081528017132 0
      vertex -30.078468583078198 27.31411777071665 0.010000000000000018
    endloop
  endfacet
  facet normal 0.6715589548470013 -0.7409511253549746 0
    outer loop
      vertex -30.078468583078198 27.31411777071665 0.010000000000000018
      vertex -30.202081528017132 27.202081528017132 0
      vertex -30.078468583078198 27.31411777071665 0
    endloop
  endfacet
  facet normal 0.5956993044924618 -0.8032075314806237 0
    outer loop
      vertex -30.078468583078198 27.31411777071665 0.010000000000000018
      vertex -30.078468583078198 27.31411777071665 0
      vertex -29.944469396133325 27.41349834091433 0.010000000000000018
    endloop
  endfacet
  facet normal 0.5956993044924618 -0.8032075314806237 0
    outer loop
      vertex -29.944469396133325 27.41349834091433 0.010000000000000018
      vertex -30.078468583078198 27.31411777071665 0
      vertex -29.944469396133325 27.41349834091433 0
    endloop
  endfacet
  facet normal 0.514102744193184 -0.8577286100002947 0
    outer loop
      vertex -29.944469396133325 27.41349834091433 0.010000000000000018
      vertex -29.944469396133325 27.41349834091433 0
      vertex -29.801374452604197 27.4992661493922 0.010000000000000018
    endloop
  endfacet
  facet normal 0.514102744193184 -0.8577286100002947 0
    outer loop
      vertex -29.801374452604197 27.4992661493922 0.010000000000000018
      vertex -29.944469396133325 27.41349834091433 0
      vertex -29.801374452604197 27.4992661493922 0
    endloop
  endfacet
  facet normal 0.42755509343029674 -0.9039892931234365 0
    outer loop
      vertex -29.801374452604197 27.4992661493922 0.010000000000000018
      vertex -29.801374452604197 27.4992661493922 0
      vertex -29.650561835020653 27.570595205269186 0.010000000000000018
    endloop
  endfacet
  facet normal 0.42755509343029674 0.9039892931234365 4.360059136555121e-16
    outer loop
      vertex -29.801374452604197 24.5007338506078 0.010000000000000018
      vertex -29.650561835020653 24.429404794730814 0.010000000000000018
      vertex -29.650561835020653 24.429404794730814 0
    endloop
  endfacet
  facet normal 0.3368898533922202 0.9415440651830207 0
    outer loop
      vertex -29.650561835020653 24.429404794730814 0.010000000000000018
      vertex -29.493483951332585 24.373201429255246 0
      vertex -29.650561835020653 24.429404794730814 0
    endloop
  endfacet
  facet normal 0.3368898533922202 0.9415440651830207 -2.100996016915857e-16
    outer loop
      vertex -29.650561835020653 24.429404794730814 0.010000000000000018
      vertex -29.493483951332585 24.373201429255246 0.010000000000000018
      vertex -29.493483951332585 24.373201429255246 0
    endloop
  endfacet
  facet normal 0.24298017990329382 0.9700312531945364 0
    outer loop
      vertex -29.493483951332585 24.373201429255246 0.010000000000000018
      vertex -29.33165354742742 24.332665023314505 0
      vertex -29.493483951332585 24.373201429255246 0
    endloop
  endfacet
  facet normal 0.24298017990329382 0.9700312531945364 1.0858087129445998e-16
    outer loop
      vertex -29.493483951332585 24.373201429255246 0.010000000000000018
      vertex -29.33165354742742 24.332665023314505 0.010000000000000018
      vertex -29.33165354742742 24.332665023314505 0
    endloop
  endfacet
  facet normal 0.14673047445531526 0.9891765099647879 0
    outer loop
      vertex -29.33165354742742 24.332665023314505 0.010000000000000018
      vertex -29.166629138560253 24.30818596465727 0
      vertex -29.33165354742742 24.332665023314505 0
    endloop
  endfacet
  facet normal 0.14673047445531526 0.9891765099647879 -2.5598392380202346e-16
    outer loop
      vertex -29.33165354742742 24.332665023314505 0.010000000000000018
      vertex -29.166629138560253 24.30818596465727 0.010000000000000018
      vertex -29.166629138560253 24.30818596465727 0
    endloop
  endfacet
  facet normal 0.049067674327460356 0.9987954562051703 0
    outer loop
      vertex -29.166629138560253 24.30818596465727 0.010000000000000018
      vertex -29 24.299999999999997 0
      vertex -29.166629138560253 24.30818596465727 0
    endloop
  endfacet
  facet normal 0.049067674327460356 0.9987954562051703 -3.381840789919364e-17
    outer loop
      vertex -29.166629138560253 24.30818596465727 0.010000000000000018
      vertex -29 24.299999999999997 0.010000000000000018
      vertex -29 24.299999999999997 0
    endloop
  endfacet
  facet normal -0.049067674327460356 0.9987954562051703 0
    outer loop
      vertex -29 24.299999999999997 0.010000000000000018
      vertex -28.833370861439747 24.30818596465727 0
      vertex -29 24.299999999999997 0
    endloop
  endfacet
  facet normal -0.049067674327460356 0.9987954562051703 3.381840789919364e-17
    outer loop
      vertex -29 24.299999999999997 0.010000000000000018
      vertex -28.833370861439747 24.30818596465727 0.010000000000000018
      vertex -28.833370861439747 24.30818596465727 0
    endloop
  endfacet
  facet normal -0.14673047445531526 0.9891765099647879 0
    outer loop
      vertex -28.833370861439747 24.30818596465727 0.010000000000000018
      vertex -28.66834645257258 24.332665023314505 0
      vertex -28.833370861439747 24.30818596465727 0
    endloop
  endfacet
  facet normal -0.14673047445531526 0.9891765099647879 2.5598392380202346e-16
    outer loop
      vertex -28.833370861439747 24.30818596465727 0.010000000000000018
      vertex -28.66834645257258 24.332665023314505 0.010000000000000018
      vertex -28.66834645257258 24.332665023314505 0
    endloop
  endfacet
  facet normal -0.24298017990329382 0.9700312531945364 0
    outer loop
      vertex -28.66834645257258 24.332665023314505 0.010000000000000018
      vertex -28.506516048667415 24.373201429255246 0
      vertex -28.66834645257258 24.332665023314505 0
    endloop
  endfacet
  facet normal -0.24298017990329382 0.9700312531945364 -1.0858087129445998e-16
    outer loop
      vertex -28.66834645257258 24.332665023314505 0.010000000000000018
      vertex -28.506516048667415 24.373201429255246 0.010000000000000018
      vertex -28.506516048667415 24.373201429255246 0
    endloop
  endfacet
  facet normal -0.3368898533922202 0.9415440651830207 0
    outer loop
      vertex -28.506516048667415 24.373201429255246 0.010000000000000018
      vertex -28.349438164979347 24.429404794730814 0
      vertex -28.506516048667415 24.373201429255246 0
    endloop
  endfacet
  facet normal -0.42755509343029674 0.9039892931234365 0
    outer loop
      vertex -28.349438164979347 24.429404794730814 0.010000000000000018
      vertex -28.198625547395803 24.5007338506078 0
      vertex -28.349438164979347 24.429404794730814 0
    endloop
  endfacet
  facet normal -0.3368898533922202 0.9415440651830207 2.100996016915857e-16
    outer loop
      vertex -28.506516048667415 24.373201429255246 0.010000000000000018
      vertex -28.349438164979347 24.429404794730814 0.010000000000000018
      vertex -28.349438164979347 24.429404794730814 0
    endloop
  endfacet
  facet normal -0.42755509343029674 0.9039892931234365 -4.360059136555121e-16
    outer loop
      vertex -28.349438164979347 24.429404794730814 0.010000000000000018
      vertex -28.198625547395803 24.5007338506078 0.010000000000000018
      vertex -28.198625547395803 24.5007338506078 0
    endloop
  endfacet
  facet normal -0.514102744193184 0.8577286100002947 0
    outer loop
      vertex -28.198625547395803 24.5007338506078 0.010000000000000018
      vertex -28.055530603866675 24.58650165908567 0
      vertex -28.198625547395803 24.5007338506078 0
    endloop
  endfacet
  facet normal -0.514102744193184 0.8577286100002947 4.997132673919477e-16
    outer loop
      vertex -28.198625547395803 24.5007338506078 0.010000000000000018
      vertex -28.055530603866675 24.58650165908567 0.010000000000000018
      vertex -28.055530603866675 24.58650165908567 0
    endloop
  endfacet
  facet normal -0.5956993044924618 0.8032075314806237 0
    outer loop
      vertex -28.055530603866675 24.58650165908567 0.010000000000000018
      vertex -27.921531416921802 24.68588222928335 0
      vertex -28.055530603866675 24.58650165908567 0
    endloop
  endfacet
  facet normal -0.5956993044924618 0.8032075314806237 1.7926970091818891e-16
    outer loop
      vertex -28.055530603866675 24.58650165908567 0.010000000000000018
      vertex -27.921531416921802 24.68588222928335 0.010000000000000018
      vertex -27.921531416921802 24.68588222928335 0
    endloop
  endfacet
  facet normal -0.6715589548470013 0.7409511253549746 0
    outer loop
      vertex -27.921531416921802 24.68588222928335 0.010000000000000018
      vertex -27.797918471982868 24.797918471982868 0
      vertex -27.921531416921802 24.68588222928335 0
    endloop
  endfacet
  facet normal -0.6715589548470013 0.7409511253549746 1.9306362838038488e-16
    outer loop
      vertex -27.921531416921802 24.68588222928335 0.010000000000000018
      vertex -27.797918471982868 24.797918471982868 0.010000000000000018
      vertex -27.797918471982868 24.797918471982868 0
    endloop
  endfacet
  facet normal -0.740951125354964 0.671558954847013 0
    outer loop
      vertex -27.797918471982868 24.797918471982868 0.010000000000000018
      vertex -27.685882229283347 24.921531416921802 0
      vertex -27.797918471982868 24.797918471982868 0
    endloop
  endfacet
  facet normal -0.740951125354964 0.671558954847013 3.587177587213679e-16
    outer loop
      vertex -27.797918471982868 24.797918471982868 0.010000000000000018
      vertex -27.685882229283347 24.921531416921802 0.010000000000000018
      vertex -27.685882229283347 24.921531416921802 0
    endloop
  endfacet
  facet normal -0.8032075314806366 0.5956993044924445 0
    outer loop
      vertex -27.685882229283347 24.921531416921802 0.010000000000000018
      vertex -27.586501659085673 25.05553060386667 0
      vertex -27.685882229283347 24.921531416921802 0
    endloop
  endfacet
  facet normal -0.740951125354964 -0.671558954847013 0
    outer loop
      vertex -27.685882229283347 27.078468583078198 0.010000000000000018
      vertex -27.797918471982868 27.202081528017132 0
      vertex -27.685882229283347 27.078468583078198 0
    endloop
  endfacet
  facet normal -0.8032075314806366 -0.5956993044924445 0
    outer loop
      vertex -27.685882229283347 27.078468583078198 0.010000000000000018
      vertex -27.685882229283347 27.078468583078198 0
      vertex -27.586501659085673 26.94446939613333 0.010000000000000018
    endloop
  endfacet
  facet normal -0.8032075314806366 0.5956993044924445 -2.284181550566117e-16
    outer loop
      vertex -27.685882229283347 24.921531416921802 0.010000000000000018
      vertex -27.586501659085673 25.05553060386667 0.010000000000000018
      vertex -27.586501659085673 25.05553060386667 0
    endloop
  endfacet
  facet normal -0.857728610000287 0.5141027441931966 0
    outer loop
      vertex -27.586501659085673 25.05553060386667 0.010000000000000018
      vertex -27.500733850607798 25.198625547395807 0
      vertex -27.586501659085673 25.05553060386667 0
    endloop
  endfacet
  facet normal -0.857728610000287 0.5141027441931966 -1.0147396658724488e-16
    outer loop
      vertex -27.586501659085673 25.05553060386667 0.010000000000000018
      vertex -27.500733850607798 25.198625547395807 0.010000000000000018
      vertex -27.500733850607798 25.198625547395807 0
    endloop
  endfacet
  facet normal -0.9039892931234407 0.4275550934302875 0
    outer loop
      vertex -27.500733850607798 25.198625547395807 0.010000000000000018
      vertex -27.429404794730814 25.349438164979347 0
      vertex -27.500733850607798 25.198625547395807 0
    endloop
  endfacet
  facet normal -0.9039892931234407 0.4275550934302875 -3.800090409814948e-16
    outer loop
      vertex -27.500733850607798 25.198625547395807 0.010000000000000018
      vertex -27.429404794730814 25.349438164979347 0.010000000000000018
      vertex -27.429404794730814 25.349438164979347 0
    endloop
  endfacet
  facet normal -0.9415440651830207 0.3368898533922202 0
    outer loop
      vertex -27.429404794730814 25.349438164979347 0.010000000000000018
      vertex -27.373201429255246 25.506516048667415 0
      vertex -27.429404794730814 25.349438164979347 0
    endloop
  endfacet
  facet normal -0.9415440651830207 0.3368898533922202 2.100996016915857e-16
    outer loop
      vertex -27.429404794730814 25.349438164979347 0.010000000000000018
      vertex -27.373201429255246 25.506516048667415 0.010000000000000018
      vertex -27.373201429255246 25.506516048667415 0
    endloop
  endfacet
  facet normal -0.9700312531945402 0.2429801799032788 0
    outer loop
      vertex -27.373201429255246 25.506516048667415 0.010000000000000018
      vertex -27.332665023314508 25.668346452572578 0
      vertex -27.373201429255246 25.506516048667415 0
    endloop
  endfacet
  facet normal -0.9700312531945402 0.2429801799032788 -5.37062883404306e-17
    outer loop
      vertex -27.373201429255246 25.506516048667415 0.010000000000000018
      vertex -27.332665023314508 25.668346452572578 0.010000000000000018
      vertex -27.332665023314508 25.668346452572578 0
    endloop
  endfacet
  facet normal -0.9891765099647821 0.1467304744553538 0
    outer loop
      vertex -27.332665023314508 25.668346452572578 0.010000000000000018
      vertex -27.308185964657266 25.833370861439747 0
      vertex -27.332665023314508 25.668346452572578 0
    endloop
  endfacet
  facet normal -0.9891765099647821 0.1467304744553538 -1.879223959007931e-16
    outer loop
      vertex -27.332665023314508 25.668346452572578 0.010000000000000018
      vertex -27.308185964657266 25.833370861439747 0.010000000000000018
      vertex -27.308185964657266 25.833370861439747 0
    endloop
  endfacet
  facet normal -0.9987954562051724 0.04906767432741787 0
    outer loop
      vertex -27.308185964657266 25.833370861439747 0.010000000000000018
      vertex -27.3 26 0
      vertex -27.308185964657266 25.833370861439747 0
    endloop
  endfacet
  facet normal -0.9987954562051724 0.04906767432741787 2.0351206043490386e-17
    outer loop
      vertex -27.308185964657266 25.833370861439747 0.010000000000000018
      vertex -27.3 26 0.010000000000000018
      vertex -27.3 26 0
    endloop
  endfacet
  facet normal -0.9987954562051724 -0.04906767432741787 0
    outer loop
      vertex -27.3 26 0.010000000000000018
      vertex -27.308185964657266 26.166629138560253 0
      vertex -27.3 26 0
    endloop
  endfacet
  facet normal -0.9987954562051724 -0.04906767432741787 -2.0351206043490386e-17
    outer loop
      vertex -27.3 26 0.010000000000000018
      vertex -27.308185964657266 26.166629138560253 0.010000000000000018
      vertex -27.308185964657266 26.166629138560253 0
    endloop
  endfacet
  facet normal -0.9700312531945402 -0.2429801799032788 5.37062883404306e-17
    outer loop
      vertex -27.332665023314508 26.331653547427422 0.010000000000000018
      vertex -27.373201429255246 26.493483951332585 0.010000000000000018
      vertex -27.373201429255246 26.493483951332585 0
    endloop
  endfacet
  facet normal -0.9415440651830207 -0.3368898533922202 0
    outer loop
      vertex -27.373201429255246 26.493483951332585 0.010000000000000018
      vertex -27.429404794730814 26.650561835020653 0
      vertex -27.373201429255246 26.493483951332585 0
    endloop
  endfacet
  facet normal -0.9415440651830207 -0.3368898533922202 -2.100996016915857e-16
    outer loop
      vertex -27.373201429255246 26.493483951332585 0.010000000000000018
      vertex -27.429404794730814 26.650561835020653 0.010000000000000018
      vertex -27.429404794730814 26.650561835020653 0
    endloop
  endfacet
  facet normal -0.9891765099647821 -0.1467304744553538 0
    outer loop
      vertex -27.308185964657266 26.166629138560253 0.010000000000000018
      vertex -27.332665023314508 26.331653547427422 0
      vertex -27.308185964657266 26.166629138560253 0
    endloop
  endfacet
  facet normal -0.9891765099647821 -0.1467304744553538 1.879223959007931e-16
    outer loop
      vertex -27.308185964657266 26.166629138560253 0.010000000000000018
      vertex -27.332665023314508 26.331653547427422 0.010000000000000018
      vertex -27.332665023314508 26.331653547427422 0
    endloop
  endfacet
  facet normal -0.9700312531945402 -0.2429801799032788 0
    outer loop
      vertex -27.332665023314508 26.331653547427422 0.010000000000000018
      vertex -27.373201429255246 26.493483951332585 0
      vertex -27.332665023314508 26.331653547427422 0
    endloop
  endfacet
  facet normal -0.857728610000287 -0.5141027441931966 0
    outer loop
      vertex -27.500733850607798 26.801374452604193 0.010000000000000018
      vertex -27.586501659085673 26.94446939613333 0
      vertex -27.500733850607798 26.801374452604193 0
    endloop
  endfacet
  facet normal -0.9039892931234407 -0.4275550934302875 0
    outer loop
      vertex -27.429404794730814 26.650561835020653 0.010000000000000018
      vertex -27.500733850607798 26.801374452604193 0
      vertex -27.429404794730814 26.650561835020653 0
    endloop
  endfacet
  facet normal -0.9039892931234407 -0.4275550934302875 3.800090409814948e-16
    outer loop
      vertex -27.429404794730814 26.650561835020653 0.010000000000000018
      vertex -27.500733850607798 26.801374452604193 0.010000000000000018
      vertex -27.500733850607798 26.801374452604193 0
    endloop
  endfacet
  facet normal -0.8032075314806366 -0.5956993044924445 0
    outer loop
      vertex -27.586501659085673 26.94446939613333 0.010000000000000018
      vertex -27.685882229283347 27.078468583078198 0
      vertex -27.586501659085673 26.94446939613333 0
    endloop
  endfacet
  facet normal -0.857728610000287 -0.5141027441931966 1.0147396658724488e-16
    outer loop
      vertex -27.500733850607798 26.801374452604193 0.010000000000000018
      vertex -27.586501659085673 26.94446939613333 0.010000000000000018
      vertex -27.586501659085673 26.94446939613333 0
    endloop
  endfacet
  facet normal 0.42755509343029674 -0.9039892931234365 0
    outer loop
      vertex -29.650561835020653 27.570595205269186 0.010000000000000018
      vertex -29.801374452604197 27.4992661493922 0
      vertex -29.650561835020653 27.570595205269186 0
    endloop
  endfacet
  facet normal 0.3368898533922202 -0.9415440651830207 0
    outer loop
      vertex -29.493483951332585 27.626798570744754 0.010000000000000018
      vertex -29.650561835020653 27.570595205269186 0
      vertex -29.493483951332585 27.626798570744754 0
    endloop
  endfacet
  facet normal 0.3368898533922202 -0.9415440651830207 0
    outer loop
      vertex -29.650561835020653 27.570595205269186 0.010000000000000018
      vertex -29.650561835020653 27.570595205269186 0
      vertex -29.493483951332585 27.626798570744754 0.010000000000000018
    endloop
  endfacet
  facet normal 0.24298017990329382 -0.9700312531945364 0
    outer loop
      vertex -29.33165354742742 27.667334976685495 0.010000000000000018
      vertex -29.493483951332585 27.626798570744754 0
      vertex -29.33165354742742 27.667334976685495 0
    endloop
  endfacet
  facet normal 0.24298017990329382 -0.9700312531945364 0
    outer loop
      vertex -29.493483951332585 27.626798570744754 0.010000000000000018
      vertex -29.493483951332585 27.626798570744754 0
      vertex -29.33165354742742 27.667334976685495 0.010000000000000018
    endloop
  endfacet
  facet normal 0.14673047445531526 -0.9891765099647879 0
    outer loop
      vertex -29.166629138560253 27.69181403534273 0.010000000000000018
      vertex -29.33165354742742 27.667334976685495 0
      vertex -29.166629138560253 27.69181403534273 0
    endloop
  endfacet
  facet normal 0.14673047445531526 -0.9891765099647879 0
    outer loop
      vertex -29.33165354742742 27.667334976685495 0.010000000000000018
      vertex -29.33165354742742 27.667334976685495 0
      vertex -29.166629138560253 27.69181403534273 0.010000000000000018
    endloop
  endfacet
  facet normal 0.049067674327460356 -0.9987954562051703 0
    outer loop
      vertex -29.166629138560253 27.69181403534273 0.010000000000000018
      vertex -29.166629138560253 27.69181403534273 0
      vertex -29 27.700000000000003 0.010000000000000018
    endloop
  endfacet
  facet normal 0.049067674327460356 -0.9987954562051703 0
    outer loop
      vertex -29 27.700000000000003 0.010000000000000018
      vertex -29.166629138560253 27.69181403534273 0
      vertex -29 27.700000000000003 0
    endloop
  endfacet
  facet normal -0.049067674327460356 -0.9987954562051703 0
    outer loop
      vertex -28.833370861439747 27.69181403534273 0.010000000000000018
      vertex -29 27.700000000000003 0
      vertex -28.833370861439747 27.69181403534273 0
    endloop
  endfacet
  facet normal -0.049067674327460356 -0.9987954562051703 0
    outer loop
      vertex -29 27.700000000000003 0.010000000000000018
      vertex -29 27.700000000000003 0
      vertex -28.833370861439747 27.69181403534273 0.010000000000000018
    endloop
  endfacet
  facet normal -0.14673047445531526 -0.9891765099647879 0
    outer loop
      vertex -28.66834645257258 27.667334976685495 0.010000000000000018
      vertex -28.833370861439747 27.69181403534273 0
      vertex -28.66834645257258 27.667334976685495 0
    endloop
  endfacet
  facet normal -0.14673047445531526 -0.9891765099647879 0
    outer loop
      vertex -28.833370861439747 27.69181403534273 0.010000000000000018
      vertex -28.833370861439747 27.69181403534273 0
      vertex -28.66834645257258 27.667334976685495 0.010000000000000018
    endloop
  endfacet
  facet normal -0.3368898533922202 -0.9415440651830207 0
    outer loop
      vertex -28.506516048667415 27.626798570744754 0.010000000000000018
      vertex -28.506516048667415 27.626798570744754 0
      vertex -28.349438164979347 27.570595205269186 0.010000000000000018
    endloop
  endfacet
  facet normal -0.3368898533922202 -0.9415440651830207 0
    outer loop
      vertex -28.349438164979347 27.570595205269186 0.010000000000000018
      vertex -28.506516048667415 27.626798570744754 0
      vertex -28.349438164979347 27.570595205269186 0
    endloop
  endfacet
  facet normal -0.42755509343029674 -0.9039892931234365 0
    outer loop
      vertex -28.349438164979347 27.570595205269186 0.010000000000000018
      vertex -28.349438164979347 27.570595205269186 0
      vertex -28.198625547395803 27.4992661493922 0.010000000000000018
    endloop
  endfacet
  facet normal -0.42755509343029674 -0.9039892931234365 0
    outer loop
      vertex -28.198625547395803 27.4992661493922 0.010000000000000018
      vertex -28.349438164979347 27.570595205269186 0
      vertex -28.198625547395803 27.4992661493922 0
    endloop
  endfacet
  facet normal -0.24298017990329382 -0.9700312531945364 0
    outer loop
      vertex -28.506516048667415 27.626798570744754 0.010000000000000018
      vertex -28.66834645257258 27.667334976685495 0
      vertex -28.506516048667415 27.626798570744754 0
    endloop
  endfacet
  facet normal -0.24298017990329382 -0.9700312531945364 0
    outer loop
      vertex -28.66834645257258 27.667334976685495 0.010000000000000018
      vertex -28.66834645257258 27.667334976685495 0
      vertex -28.506516048667415 27.626798570744754 0.010000000000000018
    endloop
  endfacet
  facet normal -0.5956993044924618 -0.8032075314806237 0
    outer loop
      vertex -27.921531416921802 27.31411777071665 0.010000000000000018
      vertex -28.055530603866675 27.41349834091433 0
      vertex -27.921531416921802 27.31411777071665 0
    endloop
  endfacet
  facet normal -0.514102744193184 -0.8577286100002947 0
    outer loop
      vertex -28.055530603866675 27.41349834091433 0.010000000000000018
      vertex -28.198625547395803 27.4992661493922 0
      vertex -28.055530603866675 27.41349834091433 0
    endloop
  endfacet
  facet normal -0.514102744193184 -0.8577286100002947 0
    outer loop
      vertex -28.198625547395803 27.4992661493922 0.010000000000000018
      vertex -28.198625547395803 27.4992661493922 0
      vertex -28.055530603866675 27.41349834091433 0.010000000000000018
    endloop
  endfacet
  facet normal -0.5956993044924618 -0.8032075314806237 -1.7926970091818891e-16
    outer loop
      vertex -27.921531416921802 27.31411777071665 0.010000000000000018
      vertex -28.055530603866675 27.41349834091433 0.010000000000000018
      vertex -28.055530603866675 27.41349834091433 0
    endloop
  endfacet
  facet normal -0.6715589548470013 -0.7409511253549746 0
    outer loop
      vertex -27.797918471982868 27.202081528017132 0.010000000000000018
      vertex -27.921531416921802 27.31411777071665 0
      vertex -27.797918471982868 27.202081528017132 0
    endloop
  endfacet
  facet normal -0.740951125354964 -0.671558954847013 -3.587177587213679e-16
    outer loop
      vertex -27.685882229283347 27.078468583078198 0.010000000000000018
      vertex -27.797918471982868 27.202081528017132 0.010000000000000018
      vertex -27.797918471982868 27.202081528017132 0
    endloop
  endfacet
  facet normal -0.6715589548470013 -0.7409511253549746 0
    outer loop
      vertex -27.921531416921802 27.31411777071665 0.010000000000000018
      vertex -27.921531416921802 27.31411777071665 0
      vertex -27.797918471982868 27.202081528017132 0.010000000000000018
    endloop
  endfacet
  facet normal 0.4225252654185092 0.5697093699213808 0.7049139195013826
    outer loop
      vertex 28.05553060386667 24.58650165908567 0.010000000000000018
      vertex 27.921531416921795 24.68588222928335 0.010000000000000018
      vertex 26.66536959056792 23.155244615162104 2
    endloop
  endfacet
  facet normal 0.5697093699213727 0.42252526541852564 0.7049139195013792
    outer loop
      vertex 27.58650165908567 25.05553060386667 0.010000000000000018
      vertex 25.940109093431886 23.955446261867664 2
      vertex 27.68588222928335 24.921531416921802 0.010000000000000018
    endloop
  endfacet
  facet normal 0.6083807818211397 0.3646494075189118 0.7049139195013853
    outer loop
      vertex 27.58650165908567 25.05553060386667 0.010000000000000018
      vertex 27.5007338506078 25.198625547395807 0.010000000000000018
      vertex 25.754441993838412 24.265213103332385 2
    endloop
  endfacet
  facet normal 0.6411931542171356 0.3032617764873759 0.7049139195013824
    outer loop
      vertex 27.5007338506078 25.198625547395807 0.010000000000000018
      vertex 27.429404794730814 25.349438164979347 0.010000000000000018
      vertex 25.600031392046773 24.591686890942995 2
    endloop
  endfacet
  facet normal 0.5255513453545093 0.4763319740362415 0.7049139195013832
    outer loop
      vertex 27.797918471982868 24.797918471982868 0.010000000000000018
      vertex 27.68588222928335 24.921531416921802 0.010000000000000018
      vertex 26.155244615162104 23.66536959056792 2
    endloop
  endfacet
  facet normal 0.47633197403625716 0.5255513453544963 0.7049139195013824
    outer loop
      vertex 27.797918471982868 24.797918471982868 0.010000000000000018
      vertex 26.3977766863498 23.397776686349808 2
      vertex 27.921531416921795 24.68588222928335 0.010000000000000018
    endloop
  endfacet
  facet normal 0.6678304860262247 0.2389535687684427 0.7049139195013824
    outer loop
      vertex 27.429404794730814 25.349438164979347 0.010000000000000018
      vertex 27.373201429255246 25.506516048667415 0.010000000000000018
      vertex 25.47836434656162 24.931723503656087 2
    endloop
  endfacet
  facet normal 0.6880362451815903 0.17234410755700266 0.7049139195013806
    outer loop
      vertex 27.373201429255246 25.506516048667415 0.010000000000000018
      vertex 27.332665023314505 25.668346452572578 0.010000000000000018
      vertex 25.39061257754095 25.28204820300831 2
    endloop
  endfacet
  facet normal 0.701615839176998 0.1040748783768304 0.7049139195013849
    outer loop
      vertex 27.332665023314505 25.668346452572578 0.010000000000000018
      vertex 27.30818596465727 25.833370861439747 0.010000000000000018
      vertex 25.337621182490423 25.639287170637928 2
    endloop
  endfacet
  facet normal 0.7084384890988885 0.034803351224899574 0.7049139195013816
    outer loop
      vertex 27.30818596465727 25.833370861439747 0.010000000000000018
      vertex 27.299999999999997 26 0.010000000000000018
      vertex 25.319900497512435 26 2
    endloop
  endfacet
  facet normal 0.7084384890988855 -0.03480335122489942 0.7049139195013846
    outer loop
      vertex 27.299999999999997 26 0.010000000000000018
      vertex 27.30818596465727 26.166629138560253 0.010000000000000018
      vertex 25.337621182490423 26.360712829362072 2
    endloop
  endfacet
  facet normal 0.7016158391770024 -0.10407487837683105 0.7049139195013804
    outer loop
      vertex 27.30818596465727 26.166629138560253 0.010000000000000018
      vertex 27.332665023314505 26.331653547427422 0.010000000000000018
      vertex 25.39061257754095 26.71795179699169 2
    endloop
  endfacet
  facet normal 0.6880362451815879 -0.17234410755700208 0.704913919501383
    outer loop
      vertex 27.332665023314505 26.331653547427422 0.010000000000000018
      vertex 27.373201429255246 26.493483951332585 0.010000000000000018
      vertex 25.47836434656162 27.068276496343913 2
    endloop
  endfacet
  facet normal 0.6678304860262245 -0.23895356876844262 0.7049139195013828
    outer loop
      vertex 27.373201429255246 26.493483951332585 0.010000000000000018
      vertex 27.429404794730814 26.650561835020653 0.010000000000000018
      vertex 25.600031392046773 27.408313109057005 2
    endloop
  endfacet
  facet normal 0.6411931542171337 -0.303261776487375 0.7049139195013845
    outer loop
      vertex 27.429404794730814 26.650561835020653 0.010000000000000018
      vertex 27.5007338506078 26.801374452604193 0.010000000000000018
      vertex 25.754441993838412 27.734786896667615 2
    endloop
  endfacet
  facet normal 0.36464940751891445 0.6083807818211442 0.7049139195013798
    outer loop
      vertex 28.05553060386667 24.58650165908567 0.010000000000000018
      vertex 26.955446261867664 22.94010909343188 2
      vertex 28.198625547395807 24.5007338506078 0.010000000000000018
    endloop
  endfacet
  facet normal 0.3032617764873755 0.6411931542171346 0.7049139195013834
    outer loop
      vertex 28.198625547395807 24.5007338506078 0.010000000000000018
      vertex 27.265213103332385 22.75444199383842 2
      vertex 28.349438164979347 24.429404794730814 0.010000000000000018
    endloop
  endfacet
  facet normal 0.2389535687684521 0.6678304860262207 0.704913919501383
    outer loop
      vertex 28.349438164979347 24.429404794730814 0.010000000000000018
      vertex 27.591686890942995 22.600031392046773 2
      vertex 28.506516048667407 24.373201429255246 0.010000000000000018
    endloop
  endfacet
  facet normal 0.17234410755699506 0.6880362451815901 0.7049139195013826
    outer loop
      vertex 28.506516048667407 24.373201429255246 0.010000000000000018
      vertex 27.931723503656087 22.47836434656162 2
      vertex 28.668346452572578 24.332665023314505 0.010000000000000018
    endloop
  endfacet
  facet normal 0.10407487837683108 0.7016158391770025 0.7049139195013802
    outer loop
      vertex 28.668346452572578 24.332665023314505 0.010000000000000018
      vertex 28.282048203008316 22.39061257754095 2
      vertex 28.833370861439747 24.30818596465727 0.010000000000000018
    endloop
  endfacet
  facet normal 0.03480335122489942 0.7084384890988854 0.7049139195013847
    outer loop
      vertex 28.833370861439747 24.30818596465727 0.010000000000000018
      vertex 28.639287170637928 22.337621182490423 2
      vertex 29 24.299999999999997 0.010000000000000018
    endloop
  endfacet
  facet normal -0.034803351224899574 0.7084384890988885 0.7049139195013815
    outer loop
      vertex 29 24.299999999999997 0.010000000000000018
      vertex 29 22.319900497512435 2
      vertex 29.166629138560253 24.30818596465727 0.010000000000000018
    endloop
  endfacet
  facet normal -0.1040748783768304 0.701615839176998 0.7049139195013849
    outer loop
      vertex 29.166629138560253 24.30818596465727 0.010000000000000018
      vertex 29.360712829362072 22.337621182490423 2
      vertex 29.331653547427422 24.332665023314505 0.010000000000000018
    endloop
  endfacet
  facet normal -0.17234410755699556 0.6880362451815921 0.7049139195013805
    outer loop
      vertex 29.331653547427422 24.332665023314505 0.010000000000000018
      vertex 29.717951796991684 22.39061257754095 2
      vertex 29.493483951332593 24.373201429255246 0.010000000000000018
    endloop
  endfacet
  facet normal -0.23895356876845253 0.667830486026222 0.7049139195013818
    outer loop
      vertex 29.493483951332593 24.373201429255246 0.010000000000000018
      vertex 30.068276496343913 22.47836434656162 2
      vertex 29.650561835020653 24.429404794730814 0.010000000000000018
    endloop
  endfacet
  facet normal 0.6083807818211452 -0.364649407518915 0.7049139195013788
    outer loop
      vertex 27.5007338506078 26.801374452604193 0.010000000000000018
      vertex 27.58650165908567 26.94446939613333 0.010000000000000018
      vertex 25.940109093431886 28.044553738132336 2
    endloop
  endfacet
  facet normal 0.5697093699213691 -0.4225252654185229 0.7049139195013837
    outer loop
      vertex 27.58650165908567 26.94446939613333 0.010000000000000018
      vertex 27.68588222928335 27.078468583078198 0.010000000000000018
      vertex 26.155244615162104 28.33463040943208 2
    endloop
  endfacet
  facet normal 0.5255513453545103 -0.4763319740362424 0.7049139195013819
    outer loop
      vertex 27.68588222928335 27.078468583078198 0.010000000000000018
      vertex 27.797918471982868 27.202081528017132 0.010000000000000018
      vertex 26.3977766863498 28.602223313650192 2
    endloop
  endfacet
  facet normal 0.47633197403625743 -0.5255513453544967 0.7049139195013818
    outer loop
      vertex 27.797918471982868 27.202081528017132 0.010000000000000018
      vertex 27.921531416921795 27.31411777071665 0.010000000000000018
      vertex 26.66536959056792 28.844755384837896 2
    endloop
  endfacet
  facet normal 0.4225252654185104 -0.5697093699213823 0.7049139195013806
    outer loop
      vertex 27.921531416921795 27.31411777071665 0.010000000000000018
      vertex 28.05553060386667 27.41349834091433 0.010000000000000018
      vertex 26.955446261867664 29.05989090656812 2
    endloop
  endfacet
  facet normal 0.36464940751891234 -0.6083807818211406 0.7049139195013842
    outer loop
      vertex 28.05553060386667 27.41349834091433 0.010000000000000018
      vertex 28.198625547395807 27.4992661493922 0.010000000000000018
      vertex 27.265213103332385 29.24555800616158 2
    endloop
  endfacet
  facet normal 0.3032617764873759 -0.6411931542171356 0.7049139195013824
    outer loop
      vertex 28.198625547395807 27.4992661493922 0.010000000000000018
      vertex 28.349438164979347 27.570595205269186 0.010000000000000018
      vertex 27.591686890942995 29.399968607953227 2
    endloop
  endfacet
  facet normal 0.23895356876845253 -0.667830486026222 0.7049139195013818
    outer loop
      vertex 28.349438164979347 27.570595205269186 0.010000000000000018
      vertex 28.506516048667407 27.626798570744754 0.010000000000000018
      vertex 27.931723503656087 29.52163565343838 2
    endloop
  endfacet
  facet normal 0.17234410755699558 -0.6880362451815922 0.7049139195013805
    outer loop
      vertex 28.506516048667407 27.626798570744754 0.010000000000000018
      vertex 28.668346452572578 27.667334976685495 0.010000000000000018
      vertex 28.282048203008316 29.60938742245905 2
    endloop
  endfacet
  facet normal 0.1040748783768304 -0.701615839176998 0.7049139195013848
    outer loop
      vertex 28.668346452572578 27.667334976685495 0.010000000000000018
      vertex 28.833370861439747 27.69181403534273 0.010000000000000018
      vertex 28.639287170637928 29.662378817509577 2
    endloop
  endfacet
  facet normal 0.034803351224899574 -0.7084384890988885 0.7049139195013815
    outer loop
      vertex 28.833370861439747 27.69181403534273 0.010000000000000018
      vertex 29 27.700000000000003 0.010000000000000018
      vertex 29 29.680099502487565 2
    endloop
  endfacet
  facet normal -0.03480335122489942 -0.7084384890988854 0.7049139195013847
    outer loop
      vertex 29 27.700000000000003 0.010000000000000018
      vertex 29.166629138560253 27.69181403534273 0.010000000000000018
      vertex 29.360712829362072 29.662378817509577 2
    endloop
  endfacet
  facet normal -0.10407487837683108 -0.7016158391770025 0.7049139195013803
    outer loop
      vertex 29.166629138560253 27.69181403534273 0.010000000000000018
      vertex 29.331653547427422 27.667334976685495 0.010000000000000018
      vertex 29.717951796991684 29.60938742245905 2
    endloop
  endfacet
  facet normal -0.17234410755699506 -0.6880362451815901 0.7049139195013826
    outer loop
      vertex 29.331653547427422 27.667334976685495 0.010000000000000018
      vertex 29.493483951332593 27.626798570744754 0.010000000000000018
      vertex 30.068276496343913 29.52163565343838 2
    endloop
  endfacet
  facet normal -0.3032617764873759 0.6411931542171356 0.7049139195013824
    outer loop
      vertex 29.650561835020653 24.429404794730814 0.010000000000000018
      vertex 30.408313109057005 22.600031392046773 2
      vertex 29.801374452604193 24.5007338506078 0.010000000000000018
    endloop
  endfacet
  facet normal -0.36464940751891234 0.6083807818211406 0.7049139195013842
    outer loop
      vertex 29.801374452604193 24.5007338506078 0.010000000000000018
      vertex 30.734786896667615 22.75444199383842 2
      vertex 29.94446939613333 24.58650165908567 0.010000000000000018
    endloop
  endfacet
  facet normal -0.4225252654185103 0.5697093699213823 0.7049139195013806
    outer loop
      vertex 29.94446939613333 24.58650165908567 0.010000000000000018
      vertex 31.044553738132336 22.94010909343188 2
      vertex 30.078468583078205 24.68588222928335 0.010000000000000018
    endloop
  endfacet
  facet normal -0.47633197403625743 0.5255513453544967 0.7049139195013818
    outer loop
      vertex 30.078468583078205 24.68588222928335 0.010000000000000018
      vertex 31.33463040943208 23.155244615162104 2
      vertex 30.202081528017132 24.797918471982868 0.010000000000000018
    endloop
  endfacet
  facet normal -0.5255513453545103 0.4763319740362424 0.7049139195013819
    outer loop
      vertex 30.202081528017132 24.797918471982868 0.010000000000000018
      vertex 31.6022233136502 23.397776686349808 2
      vertex 30.31411777071665 24.921531416921802 0.010000000000000018
    endloop
  endfacet
  facet normal -0.5697093699213691 0.4225252654185229 0.7049139195013837
    outer loop
      vertex 30.31411777071665 24.921531416921802 0.010000000000000018
      vertex 31.844755384837896 23.66536959056792 2
      vertex 30.41349834091433 25.05553060386667 0.010000000000000018
    endloop
  endfacet
  facet normal -0.6083807818211434 0.36464940751891395 0.7049139195013809
    outer loop
      vertex 30.41349834091433 25.05553060386667 0.010000000000000018
      vertex 32.05989090656813 23.955446261867664 2
      vertex 30.4992661493922 25.198625547395807 0.010000000000000018
    endloop
  endfacet
  facet normal -0.6411931542171337 0.303261776487375 0.7049139195013845
    outer loop
      vertex 30.4992661493922 25.198625547395807 0.010000000000000018
      vertex 32.24555800616159 24.265213103332385 2
      vertex 30.570595205269186 25.349438164979347 0.010000000000000018
    endloop
  endfacet
  facet normal -0.6678304860262245 0.23895356876844262 0.7049139195013828
    outer loop
      vertex 30.570595205269186 25.349438164979347 0.010000000000000018
      vertex 32.39996860795323 24.591686890942995 2
      vertex 30.626798570744754 25.506516048667415 0.010000000000000018
    endloop
  endfacet
  facet normal -0.6880362451815879 0.17234410755700208 0.704913919501383
    outer loop
      vertex 30.626798570744754 25.506516048667415 0.010000000000000018
      vertex 32.52163565343838 24.931723503656087 2
      vertex 30.667334976685495 25.668346452572578 0.010000000000000018
    endloop
  endfacet
  facet normal -0.7016158391770024 0.10407487837683105 0.7049139195013804
    outer loop
      vertex 30.667334976685495 25.668346452572578 0.010000000000000018
      vertex 32.60938742245905 25.28204820300831 2
      vertex 30.69181403534273 25.833370861439747 0.010000000000000018
    endloop
  endfacet
  facet normal -0.7084384890988854 0.03480335122489942 0.7049139195013847
    outer loop
      vertex 30.69181403534273 25.833370861439747 0.010000000000000018
      vertex 32.66237881750958 25.639287170637928 2
      vertex 30.700000000000003 26 0.010000000000000018
    endloop
  endfacet
  facet normal -0.7084384890988885 -0.034803351224899574 0.7049139195013815
    outer loop
      vertex 30.700000000000003 26 0.010000000000000018
      vertex 32.680099502487565 26 2
      vertex 30.69181403534273 26.166629138560253 0.010000000000000018
    endloop
  endfacet
  facet normal -0.701615839176998 -0.1040748783768304 0.7049139195013848
    outer loop
      vertex 30.69181403534273 26.166629138560253 0.010000000000000018
      vertex 32.66237881750958 26.360712829362072 2
      vertex 30.667334976685495 26.331653547427422 0.010000000000000018
    endloop
  endfacet
  facet normal -0.6880362451815903 -0.17234410755700266 0.7049139195013806
    outer loop
      vertex 30.626798570744754 26.493483951332585 0.010000000000000018
      vertex 30.667334976685495 26.331653547427422 0.010000000000000018
      vertex 32.60938742245905 26.71795179699169 2
    endloop
  endfacet
  facet normal -0.6411931542171352 -0.30326177648737573 0.7049139195013828
    outer loop
      vertex 30.570595205269186 26.650561835020653 0.010000000000000018
      vertex 32.24454653434569 27.72239377134045 1.9937483004873897
      vertex 30.4992661493922 26.801374452604193 0.010000000000000018
    endloop
  endfacet
  facet normal -0.6678304860262256 -0.23895356876844298 0.7049139195013816
    outer loop
      vertex 30.626798570744754 26.493483951332585 0.010000000000000018
      vertex 32.41595413416195 27.36037668677237 1.9988949609023259
      vertex 30.570595205269186 26.650561835020653 0.010000000000000018
    endloop
  endfacet
  facet normal -0.3646494075189124 -0.6083807818211409 0.704913919501384
    outer loop
      vertex 29.801374452604193 27.4992661493922 0.010000000000000018
      vertex 29.94446939613333 27.41349834091433 0.010000000000000018
      vertex 30.804099562635855 29.19663154887151 1.9936288763283696
    endloop
  endfacet
  facet normal -0.5255513453545099 -0.47633197403624195 0.7049139195013825
    outer loop
      vertex 30.31411777071665 27.078468583078198 0.010000000000000018
      vertex 31.7073604264653 28.46978544482154 1.988893054608454
      vertex 30.202081528017132 27.202081528017132 0.010000000000000018
    endloop
  endfacet
  facet normal -0.4225252654185097 -0.5697093699213814 0.7049139195013817
    outer loop
      vertex 30.078468583078205 27.31411777071665 0.010000000000000018
      vertex 31.21714637591083 28.92010415034241 1.990476745400605
      vertex 29.94446939613333 27.41349834091433 0.010000000000000018
    endloop
  endfacet
  facet normal -0.4763319740362572 -0.5255513453544964 0.704913919501382
    outer loop
      vertex 30.078468583078205 27.31411777071665 0.010000000000000018
      vertex 30.202081528017132 27.202081528017132 0.010000000000000018
      vertex 31.46978544482154 28.7073604264653 1.988893054608454
    endloop
  endfacet
  facet normal -0.3032617764873752 -0.6411931542171341 0.7049139195013842
    outer loop
      vertex 29.650561835020653 27.570595205269186 0.010000000000000018
      vertex 29.801374452604193 27.4992661493922 0.010000000000000018
      vertex 30.72239377134045 29.244546534345695 1.9937483004873895
    endloop
  endfacet
  facet normal -0.23895356876845225 -0.6678304860262212 0.7049139195013827
    outer loop
      vertex 29.493483951332593 27.626798570744754 0.010000000000000018
      vertex 29.650561835020653 27.570595205269186 0.010000000000000018
      vertex 30.26961986053975 29.4495938457804 2
    endloop
  endfacet
  facet normal -0.6083807818211426 -0.3646494075189135 0.7049139195013817
    outer loop
      vertex 30.4992661493922 26.801374452604193 0.010000000000000018
      vertex 32.196631548871494 27.804099562635855 1.9936288763283696
      vertex 30.41349834091433 26.94446939613333 0.010000000000000018
    endloop
  endfacet
  facet normal -0.5697093699213703 -0.42252526541852387 0.7049139195013824
    outer loop
      vertex 30.31411777071665 27.078468583078198 0.010000000000000018
      vertex 30.41349834091433 26.94446939613333 0.010000000000000018
      vertex 31.92010415034241 28.21714637591083 1.990476745400605
    endloop
  endfacet
  facet normal 0.23895356876843993 0.6678304860262262 0.7049139195013822
    outer loop
      vertex 28.506516048667407 24.373201429255246 0.010000000000000018
      vertex 27.591686890942995 22.600031392046773 2
      vertex 27.931723503656087 22.47836434656162 2
    endloop
  endfacet
  facet normal 0.17234410755697308 0.6880362451815972 0.704913919501381
    outer loop
      vertex 28.668346452572578 24.332665023314505 0.010000000000000018
      vertex 27.931723503656087 22.47836434656162 2
      vertex 28.282048203008316 22.39061257754095 2
    endloop
  endfacet
  facet normal 0.10407487837688077 0.7016158391769918 0.7049139195013836
    outer loop
      vertex 28.833370861439747 24.30818596465727 0.010000000000000018
      vertex 28.282048203008316 22.39061257754095 2
      vertex 28.639287170637928 22.337621182490423 2
    endloop
  endfacet
  facet normal 0.034803351224865525 0.7084384890988894 0.7049139195013823
    outer loop
      vertex 29 24.299999999999997 0.010000000000000018
      vertex 28.639287170637928 22.337621182490423 2
      vertex 29 22.319900497512435 2
    endloop
  endfacet
  facet normal -0.03480335122486515 0.708438489098888 0.7049139195013837
    outer loop
      vertex 29.166629138560253 24.30818596465727 0.010000000000000018
      vertex 29 22.319900497512435 2
      vertex 29.360712829362072 22.337621182490423 2
    endloop
  endfacet
  facet normal -0.1040748783768811 0.7016158391769939 0.7049139195013815
    outer loop
      vertex 29.331653547427422 24.332665023314505 0.010000000000000018
      vertex 29.360712829362072 22.337621182490423 2
      vertex 29.717951796991684 22.39061257754095 2
    endloop
  endfacet
  facet normal -0.1723441075569729 0.6880362451815965 0.7049139195013819
    outer loop
      vertex 29.493483951332593 24.373201429255246 0.010000000000000018
      vertex 29.717951796991684 22.39061257754095 2
      vertex 30.068276496343913 22.47836434656162 2
    endloop
  endfacet
  facet normal -0.23895356876843976 0.6678304860262255 0.7049139195013826
    outer loop
      vertex 29.650561835020653 24.429404794730814 0.010000000000000018
      vertex 30.068276496343913 22.47836434656162 2
      vertex 30.408313109057005 22.600031392046773 2
    endloop
  endfacet
  facet normal 0.6411931542171443 0.30326177648735386 0.704913919501384
    outer loop
      vertex 27.5007338506078 25.198625547395807 0.010000000000000018
      vertex 25.600031392046773 24.591686890942995 2
      vertex 25.754441993838412 24.265213103332385 2
    endloop
  endfacet
  facet normal 0.6083807818211076 0.36464940751897457 0.7049139195013804
    outer loop
      vertex 27.58650165908567 25.05553060386667 0.010000000000000018
      vertex 25.754441993838412 24.265213103332385 2
      vertex 25.940109093431886 23.955446261867664 2
    endloop
  endfacet
  facet normal 0.6678304860262256 0.23895356876843957 0.7049139195013826
    outer loop
      vertex 27.429404794730814 25.349438164979347 0.010000000000000018
      vertex 25.47836434656162 24.931723503656087 2
      vertex 25.600031392046773 24.591686890942995 2
    endloop
  endfacet
  facet normal 0.5255513453545004 0.47633197403625266 0.7049139195013823
    outer loop
      vertex 27.797918471982868 24.797918471982868 0.010000000000000018
      vertex 26.155244615162104 23.66536959056792 2
      vertex 26.3977766863498 23.397776686349808 2
    endloop
  endfacet
  facet normal 0.5697093699214002 0.42252526541848323 0.7049139195013824
    outer loop
      vertex 27.68588222928335 24.921531416921802 0.010000000000000018
      vertex 25.940109093431886 23.955446261867664 2
      vertex 26.155244615162104 23.66536959056792 2
    endloop
  endfacet
  facet normal 0.47633197403625327 0.5255513453545003 0.7049139195013819
    outer loop
      vertex 27.921531416921795 24.68588222928335 0.010000000000000018
      vertex 26.3977766863498 23.397776686349808 2
      vertex 26.66536959056792 23.155244615162104 2
    endloop
  endfacet
  facet normal 0.4225252654184929 0.5697093699213948 0.704913919501381
    outer loop
      vertex 28.05553060386667 24.58650165908567 0.010000000000000018
      vertex 26.66536959056792 23.155244615162104 2
      vertex 26.955446261867664 22.94010909343188 2
    endloop
  endfacet
  facet normal 0.3646494075189525 0.6083807818211179 0.7049139195013829
    outer loop
      vertex 28.198625547395807 24.5007338506078 0.010000000000000018
      vertex 26.955446261867664 22.94010909343188 2
      vertex 27.265213103332385 22.75444199383842 2
    endloop
  endfacet
  facet normal 0.7016158391769941 0.10407487837687882 0.7049139195013816
    outer loop
      vertex 27.332665023314505 25.668346452572578 0.010000000000000018
      vertex 25.337621182490423 25.639287170637928 2
      vertex 25.39061257754095 25.28204820300831 2
    endloop
  endfacet
  facet normal 0.7084384890988881 0.034803351224865366 0.7049139195013838
    outer loop
      vertex 27.30818596465727 25.833370861439747 0.010000000000000018
      vertex 25.319900497512435 26 2
      vertex 25.337621182490423 25.639287170637928 2
    endloop
  endfacet
  facet normal 0.7084384890988894 -0.03480335122486513 0.7049139195013823
    outer loop
      vertex 27.299999999999997 26 0.010000000000000018
      vertex 25.337621182490423 26.360712829362072 2
      vertex 25.319900497512435 26 2
    endloop
  endfacet
  facet normal 0.688036245181595 0.17234410755697616 0.7049139195013824
    outer loop
      vertex 27.373201429255246 25.506516048667415 0.010000000000000018
      vertex 25.39061257754095 25.28204820300831 2
      vertex 25.47836434656162 24.931723503656087 2
    endloop
  endfacet
  facet normal 0.701615839176992 -0.10407487837687855 0.7049139195013836
    outer loop
      vertex 27.30818596465727 26.166629138560253 0.010000000000000018
      vertex 25.39061257754095 26.71795179699169 2
      vertex 25.337621182490423 26.360712829362072 2
    endloop
  endfacet
  facet normal 0.6880362451815961 -0.1723441075569765 0.7049139195013813
    outer loop
      vertex 27.332665023314505 26.331653547427422 0.010000000000000018
      vertex 25.47836434656162 27.068276496343913 2
      vertex 25.39061257754095 26.71795179699169 2
    endloop
  endfacet
  facet normal 0.6678304860262259 -0.23895356876843968 0.7049139195013826
    outer loop
      vertex 27.373201429255246 26.493483951332585 0.010000000000000018
      vertex 25.600031392046773 27.408313109057005 2
      vertex 25.47836434656162 27.068276496343913 2
    endloop
  endfacet
  facet normal 0.3032617764873657 0.6411931542171402 0.7049139195013827
    outer loop
      vertex 28.349438164979347 24.429404794730814 0.010000000000000018
      vertex 27.265213103332385 22.75444199383842 2
      vertex 27.591686890942995 22.600031392046773 2
    endloop
  endfacet
  facet normal 0.6411931542171452 -0.30326177648735414 0.704913919501383
    outer loop
      vertex 27.429404794730814 26.650561835020653 0.010000000000000018
      vertex 25.754441993838412 27.734786896667615 2
      vertex 25.600031392046773 27.408313109057005 2
    endloop
  endfacet
  facet normal 0.6083807818211051 -0.3646494075189729 0.7049139195013837
    outer loop
      vertex 27.5007338506078 26.801374452604193 0.010000000000000018
      vertex 25.940109093431886 28.044553738132336 2
      vertex 25.754441993838412 27.734786896667615 2
    endloop
  endfacet
  facet normal 0.5697093699214018 -0.4225252654184844 0.7049139195013804
    outer loop
      vertex 27.58650165908567 26.94446939613333 0.010000000000000018
      vertex 26.155244615162104 28.33463040943208 2
      vertex 25.940109093431886 28.044553738132336 2
    endloop
  endfacet
  facet normal 0.5255513453545001 -0.476331974036252 0.7049139195013828
    outer loop
      vertex 27.68588222928335 27.078468583078198 0.010000000000000018
      vertex 26.3977766863498 28.602223313650192 2
      vertex 26.155244615162104 28.33463040943208 2
    endloop
  endfacet
  facet normal 0.47633197403625355 -0.5255513453545 0.7049139195013822
    outer loop
      vertex 27.797918471982868 27.202081528017132 0.010000000000000018
      vertex 26.66536959056792 28.844755384837896 2
      vertex 26.3977766863498 28.602223313650192 2
    endloop
  endfacet
  facet normal 0.42252526541849245 -0.5697093699213939 0.7049139195013818
    outer loop
      vertex 27.921531416921795 27.31411777071665 0.010000000000000018
      vertex 26.955446261867664 29.05989090656812 2
      vertex 26.66536959056792 28.844755384837896 2
    endloop
  endfacet
  facet normal 0.3646494075189537 -0.6083807818211194 0.704913919501381
    outer loop
      vertex 28.05553060386667 27.41349834091433 0.010000000000000018
      vertex 27.265213103332385 29.24555800616158 2
      vertex 26.955446261867664 29.05989090656812 2
    endloop
  endfacet
  facet normal 0.30326177648736574 -0.6411931542171396 0.704913919501383
    outer loop
      vertex 28.198625547395807 27.4992661493922 0.010000000000000018
      vertex 27.591686890942995 29.399968607953227 2
      vertex 27.265213103332385 29.24555800616158 2
    endloop
  endfacet
  facet normal 0.23895356876843976 -0.6678304860262255 0.7049139195013826
    outer loop
      vertex 28.349438164979347 27.570595205269186 0.010000000000000018
      vertex 27.931723503656087 29.52163565343838 2
      vertex 27.591686890942995 29.399968607953227 2
    endloop
  endfacet
  facet normal 0.1723441075569729 -0.6880362451815965 0.7049139195013819
    outer loop
      vertex 28.506516048667407 27.626798570744754 0.010000000000000018
      vertex 28.282048203008316 29.60938742245905 2
      vertex 27.931723503656087 29.52163565343838 2
    endloop
  endfacet
  facet normal 0.1040748783768811 -0.7016158391769939 0.7049139195013815
    outer loop
      vertex 28.668346452572578 27.667334976685495 0.010000000000000018
      vertex 28.639287170637928 29.662378817509577 2
      vertex 28.282048203008316 29.60938742245905 2
    endloop
  endfacet
  facet normal 0.03480335122486515 -0.708438489098888 0.7049139195013837
    outer loop
      vertex 28.833370861439747 27.69181403534273 0.010000000000000018
      vertex 29 29.680099502487565 2
      vertex 28.639287170637928 29.662378817509577 2
    endloop
  endfacet
  facet normal -0.034803351224865525 -0.7084384890988894 0.7049139195013823
    outer loop
      vertex 29 27.700000000000003 0.010000000000000018
      vertex 29.360712829362072 29.662378817509577 2
      vertex 29 29.680099502487565 2
    endloop
  endfacet
  facet normal -0.10407487837688077 -0.7016158391769918 0.7049139195013836
    outer loop
      vertex 29.166629138560253 27.69181403534273 0.010000000000000018
      vertex 29.717951796991684 29.60938742245905 2
      vertex 29.360712829362072 29.662378817509577 2
    endloop
  endfacet
  facet normal -0.17234410755697308 -0.6880362451815972 0.704913919501381
    outer loop
      vertex 29.331653547427422 27.667334976685495 0.010000000000000018
      vertex 30.068276496343913 29.52163565343838 2
      vertex 29.717951796991684 29.60938742245905 2
    endloop
  endfacet
  facet normal -0.30326177648736574 0.6411931542171396 0.704913919501383
    outer loop
      vertex 29.801374452604193 24.5007338506078 0.010000000000000018
      vertex 30.408313109057005 22.600031392046773 2
      vertex 30.734786896667615 22.75444199383842 2
    endloop
  endfacet
  facet normal -0.3646494075189537 0.6083807818211194 0.704913919501381
    outer loop
      vertex 29.94446939613333 24.58650165908567 0.010000000000000018
      vertex 30.734786896667615 22.75444199383842 2
      vertex 31.044553738132336 22.94010909343188 2
    endloop
  endfacet
  facet normal -0.42252526541849245 0.5697093699213939 0.7049139195013818
    outer loop
      vertex 30.078468583078205 24.68588222928335 0.010000000000000018
      vertex 31.044553738132336 22.94010909343188 2
      vertex 31.33463040943208 23.155244615162104 2
    endloop
  endfacet
  facet normal -0.47633197403625355 0.5255513453545 0.7049139195013822
    outer loop
      vertex 30.202081528017132 24.797918471982868 0.010000000000000018
      vertex 31.33463040943208 23.155244615162104 2
      vertex 31.6022233136502 23.397776686349808 2
    endloop
  endfacet
  facet normal -0.5255513453545001 0.476331974036252 0.7049139195013828
    outer loop
      vertex 30.31411777071665 24.921531416921802 0.010000000000000018
      vertex 31.6022233136502 23.397776686349808 2
      vertex 31.844755384837896 23.66536959056792 2
    endloop
  endfacet
  facet normal -0.5697093699213873 0.4225252654185016 0.7049139195013817
    outer loop
      vertex 30.41349834091433 25.05553060386667 0.010000000000000018
      vertex 31.844755384837896 23.66536959056792 2
      vertex 32.05989090656813 23.955446261867664 2
    endloop
  endfacet
  facet normal -0.6083807818211168 0.36464940751895186 0.7049139195013842
    outer loop
      vertex 30.4992661493922 25.198625547395807 0.010000000000000018
      vertex 32.05989090656813 23.955446261867664 2
      vertex 32.24555800616159 24.265213103332385 2
    endloop
  endfacet
  facet normal -0.6411931542171452 0.30326177648735414 0.704913919501383
    outer loop
      vertex 30.570595205269186 25.349438164979347 0.010000000000000018
      vertex 32.24555800616159 24.265213103332385 2
      vertex 32.39996860795323 24.591686890942995 2
    endloop
  endfacet
  facet normal -0.6678304860262259 0.23895356876843968 0.7049139195013826
    outer loop
      vertex 30.626798570744754 25.506516048667415 0.010000000000000018
      vertex 32.39996860795323 24.591686890942995 2
      vertex 32.52163565343838 24.931723503656087 2
    endloop
  endfacet
  facet normal -0.667830486026218 -0.23895356876846355 0.7049139195013819
    outer loop
      vertex 30.626798570744754 26.493483951332585 0.010000000000000018
      vertex 32.52163565343838 27.068276496343913 2
      vertex 32.449593845780385 27.269619860539763 2
    endloop
  endfacet
  facet normal -0.6678304860262315 -0.23895356876842908 0.7049139195013808
    outer loop
      vertex 30.626798570744754 26.493483951332585 0.010000000000000018
      vertex 32.449593845780385 27.269619860539763 2
      vertex 32.41595413416195 27.36037668677237 1.9988949609023259
    endloop
  endfacet
  facet normal -0.6880362451815961 0.1723441075569765 0.7049139195013813
    outer loop
      vertex 30.667334976685495 25.668346452572578 0.010000000000000018
      vertex 32.52163565343838 24.931723503656087 2
      vertex 32.60938742245905 25.28204820300831 2
    endloop
  endfacet
  facet normal -0.701615839176992 0.10407487837687855 0.7049139195013836
    outer loop
      vertex 30.69181403534273 25.833370861439747 0.010000000000000018
      vertex 32.60938742245905 25.28204820300831 2
      vertex 32.66237881750958 25.639287170637928 2
    endloop
  endfacet
  facet normal -0.7084384890988894 0.03480335122486513 0.7049139195013823
    outer loop
      vertex 30.700000000000003 26 0.010000000000000018
      vertex 32.66237881750958 25.639287170637928 2
      vertex 32.680099502487565 26 2
    endloop
  endfacet
  facet normal -0.7084384890988881 -0.034803351224865366 0.7049139195013838
    outer loop
      vertex 30.69181403534273 26.166629138560253 0.010000000000000018
      vertex 32.680099502487565 26 2
      vertex 32.66237881750958 26.360712829362072 2
    endloop
  endfacet
  facet normal -0.7016158391769941 -0.10407487837687882 0.7049139195013816
    outer loop
      vertex 30.667334976685495 26.331653547427422 0.010000000000000018
      vertex 32.66237881750958 26.360712829362072 2
      vertex 32.60938742245905 26.71795179699169 2
    endloop
  endfacet
  facet normal -0.688036245181595 -0.17234410755697616 0.7049139195013824
    outer loop
      vertex 30.626798570744754 26.493483951332585 0.010000000000000018
      vertex 32.60938742245905 26.71795179699169 2
      vertex 32.52163565343838 27.068276496343913 2
    endloop
  endfacet
  facet normal -0.2389535687684366 -0.6678304860262273 0.7049139195013824
    outer loop
      vertex 29.493483951332593 27.626798570744754 0.010000000000000018
      vertex 30.26961986053975 29.4495938457804 2
      vertex 30.068276496343913 29.52163565343838 2
    endloop
  endfacet
  facet normal -0.23895356876840407 -0.6678304860262393 0.7049139195013817
    outer loop
      vertex 29.650561835020653 27.570595205269186 0.010000000000000018
      vertex 30.407455397102694 29.39789790812052 1.997747484105189
      vertex 30.360376686772383 29.41595413416195 1.9988949609023257
    endloop
  endfacet
  facet normal -0.3032617764873619 -0.6411931542171415 0.7049139195013832
    outer loop
      vertex 29.650561835020653 27.570595205269186 0.010000000000000018
      vertex 30.72239377134045 29.244546534345695 1.9937483004873895
      vertex 30.407455397102694 29.39789790812052 1.997747484105189
    endloop
  endfacet
  facet normal -0.23895356876845375 -0.6678304860262209 0.7049139195013824
    outer loop
      vertex 29.650561835020653 27.570595205269186 0.010000000000000018
      vertex 30.360376686772383 29.41595413416195 1.9988949609023257
      vertex 30.26961986053975 29.4495938457804 2
    endloop
  endfacet
  facet normal -0.3646494075189568 -0.608380781821117 0.7049139195013816
    outer loop
      vertex 29.94446939613333 27.41349834091433 0.010000000000000018
      vertex 31.039289223955848 29.052012004313966 1.990476745453746
      vertex 30.804099562635855 29.19663154887151 1.9936288763283696
    endloop
  endfacet
  facet normal -0.422525265418501 -0.5697093699213885 0.7049139195013813
    outer loop
      vertex 29.94446939613333 27.41349834091433 0.010000000000000018
      vertex 31.21714637591083 28.92010415034241 1.990476745400605
      vertex 31.039289223955848 29.052012004313966 1.990476745453746
    endloop
  endfacet
  facet normal -0.36464940751894775 -0.60838078182112 0.7049139195013836
    outer loop
      vertex 29.801374452604193 27.4992661493922 0.010000000000000018
      vertex 30.804099562635855 29.19663154887151 1.9936288763283696
      vertex 30.731798511630515 29.23996713099342 1.99362887621475
    endloop
  endfacet
  facet normal -0.3032617764873358 -0.6411931542171561 0.7049139195013812
    outer loop
      vertex 29.801374452604193 27.4992661493922 0.010000000000000018
      vertex 30.731798511630515 29.23996713099342 1.99362887621475
      vertex 30.72239377134045 29.244546534345695 1.9937483004873895
    endloop
  endfacet
  facet normal -0.5255513453544973 -0.47633197403625643 0.7049139195013823
    outer loop
      vertex 30.202081528017132 27.202081528017132 0.010000000000000018
      vertex 31.7073604264653 28.46978544482154 1.988893054608454
      vertex 31.594408590829346 28.594408590829346 1.9888930545655712
    endloop
  endfacet
  facet normal -0.525551345354501 -0.4763319740362514 0.7049139195013828
    outer loop
      vertex 30.31411777071665 27.078468583078198 0.010000000000000018
      vertex 31.836212315203397 28.327619293374482 1.9888930544919323
      vertex 31.7073604264653 28.46978544482154 1.988893054608454
    endloop
  endfacet
  facet normal -0.608380781821134 -0.36464940751892944 0.7049139195013809
    outer loop
      vertex 30.41349834091433 26.94446939613333 0.010000000000000018
      vertex 32.196631548871494 27.804099562635855 1.9936288763283696
      vertex 32.052012004313966 28.039289223955848 1.9904767454537458
    endloop
  endfacet
  facet normal -0.6411931542171457 -0.3032617764873566 0.7049139195013815
    outer loop
      vertex 30.570595205269186 26.650561835020653 0.010000000000000018
      vertex 32.39789790812051 27.407455397102687 1.9977474841051894
      vertex 32.24454653434569 27.72239377134045 1.9937483004873897
    endloop
  endfacet
  facet normal -0.6678304860262176 -0.23895356876846438 0.7049139195013818
    outer loop
      vertex 30.570595205269186 26.650561835020653 0.010000000000000018
      vertex 32.41595413416195 27.36037668677237 1.9988949609023259
      vertex 32.39789790812051 27.407455397102687 1.9977474841051894
    endloop
  endfacet
  facet normal -0.6411931542174469 -0.3032617764867599 0.7049139195013642
    outer loop
      vertex 30.4992661493922 26.801374452604193 0.010000000000000018
      vertex 32.24454653434569 27.72239377134045 1.9937483004873897
      vertex 32.23996713099342 27.731798511630522 1.9936288762147503
    endloop
  endfacet
  facet normal -0.6083807818210547 -0.3646494075190619 0.7049139195013809
    outer loop
      vertex 30.4992661493922 26.801374452604193 0.010000000000000018
      vertex 32.23996713099342 27.731798511630522 1.9936288762147503
      vertex 32.196631548871494 27.804099562635855 1.9936288763283696
    endloop
  endfacet
  facet normal -0.569709369921388 -0.4225252654185016 0.7049139195013814
    outer loop
      vertex 30.41349834091433 26.94446939613333 0.010000000000000018
      vertex 32.052012004313966 28.039289223955848 1.9904767454537458
      vertex 31.92010415034241 28.21714637591083 1.990476745400605
    endloop
  endfacet
  facet normal -0.5697093699213918 -0.4225252654184946 0.7049139195013825
    outer loop
      vertex 30.31411777071665 27.078468583078198 0.010000000000000018
      vertex 31.92010415034241 28.21714637591083 1.990476745400605
      vertex 31.836212315203397 28.327619293374482 1.9888930544919323
    endloop
  endfacet
  facet normal -0.47633197403625144 -0.5255513453545023 0.7049139195013819
    outer loop
      vertex 30.078468583078205 27.31411777071665 0.010000000000000018
      vertex 31.46978544482154 28.7073604264653 1.988893054608454
      vertex 31.327619293374482 28.836212315203397 1.9888930544919325
    endloop
  endfacet
  facet normal -0.4225252654184962 -0.5697093699213912 0.7049139195013818
    outer loop
      vertex 30.078468583078205 27.31411777071665 0.010000000000000018
      vertex 31.327619293374482 28.836212315203397 1.9888930544919325
      vertex 31.21714637591083 28.92010415034241 1.990476745400605
    endloop
  endfacet
  facet normal -0.47633197403625643 -0.5255513453544973 0.7049139195013823
    outer loop
      vertex 30.202081528017132 27.202081528017132 0.010000000000000018
      vertex 31.594408590829346 28.594408590829346 1.9888930545655712
      vertex 31.46978544482154 28.7073604264653 1.988893054608454
    endloop
  endfacet
  facet normal 0.6083807818211323 0.3646494075189254 0.7049139195013845
    outer loop
      vertex 27.58650165908567 -26.944469396133325 0.010000000000000018
      vertex 27.5007338506078 -26.801374452604197 0.010000000000000018
      vertex 25.754441993838412 -27.734786896667615 2
    endloop
  endfacet
  facet normal 0.5697093699213777 0.4225252654185181 0.7049139195013797
    outer loop
      vertex 27.58650165908567 -26.944469396133325 0.010000000000000018
      vertex 25.940109093431886 -28.044553738132336 2
      vertex 27.68588222928335 -27.078468583078198 0.010000000000000018
    endloop
  endfacet
  facet normal 0.42252526541849067 0.5697093699213965 0.7049139195013809
    outer loop
      vertex 28.05553060386667 -27.413498340914327 0.010000000000000018
      vertex 27.921531416921795 -27.314117770716653 0.010000000000000018
      vertex 26.66536959056792 -28.844755384837892 2
    endloop
  endfacet
  facet normal 0.47633197403626526 0.5255513453544887 0.7049139195013826
    outer loop
      vertex 27.797918471982868 -27.202081528017132 0.010000000000000018
      vertex 26.3977766863498 -28.602223313650192 2
      vertex 27.921531416921795 -27.314117770716653 0.010000000000000018
    endloop
  endfacet
  facet normal 0.525551345354509 0.4763319740362412 0.7049139195013836
    outer loop
      vertex 27.797918471982868 -27.202081528017132 0.010000000000000018
      vertex 27.68588222928335 -27.078468583078198 0.010000000000000018
      vertex 26.155244615162104 -28.334630409432084 2
    endloop
  endfacet
  facet normal 0.3032617764873635 0.6411931542171414 0.7049139195013826
    outer loop
      vertex 28.198625547395807 -27.499266149392202 0.010000000000000018
      vertex 27.265213103332385 -29.24555800616158 2
      vertex 28.349438164979347 -27.570595205269186 0.010000000000000018
    endloop
  endfacet
  facet normal 0.2389535687684521 0.6678304860262207 0.704913919501383
    outer loop
      vertex 28.349438164979347 -27.570595205269186 0.010000000000000018
      vertex 27.591686890942995 -29.399968607953227 2
      vertex 28.506516048667407 -27.626798570744754 0.010000000000000018
    endloop
  endfacet
  facet normal 0.17234410755698076 0.6880362451815935 0.7049139195013828
    outer loop
      vertex 28.506516048667407 -27.626798570744754 0.010000000000000018
      vertex 27.931723503656087 -29.521635653438384 2
      vertex 28.668346452572578 -27.667334976685492 0.010000000000000018
    endloop
  endfacet
  facet normal 0.10407487837686033 0.7016158391769961 0.7049139195013823
    outer loop
      vertex 28.668346452572578 -27.667334976685492 0.010000000000000018
      vertex 28.282048203008316 -29.609387422459054 2
      vertex 28.833370861439747 -27.691814035342734 0.010000000000000018
    endloop
  endfacet
  facet normal 0.3646494075189361 0.60838078182113 0.704913919501381
    outer loop
      vertex 28.05553060386667 -27.413498340914327 0.010000000000000018
      vertex 26.955446261867664 -29.05989090656812 2
      vertex 28.198625547395807 -27.499266149392202 0.010000000000000018
    endloop
  endfacet
  facet normal 0.034803351224869376 0.708438489098889 0.7049139195013826
    outer loop
      vertex 28.833370861439747 -27.691814035342734 0.010000000000000018
      vertex 28.639287170637928 -29.662378817509573 2
      vertex 29 -27.7 0.010000000000000018
    endloop
  endfacet
  facet normal -0.0348033512248694 0.7084384890988893 0.7049139195013823
    outer loop
      vertex 29 -27.7 0.010000000000000018
      vertex 29 -29.68009950248756 2
      vertex 29.166629138560253 -27.691814035342734 0.010000000000000018
    endloop
  endfacet
  facet normal -0.10407487837686023 0.7016158391769954 0.7049139195013828
    outer loop
      vertex 29.166629138560253 -27.691814035342734 0.010000000000000018
      vertex 29.360712829362072 -29.662378817509573 2
      vertex 29.331653547427422 -27.667334976685492 0.010000000000000018
    endloop
  endfacet
  facet normal -0.1723441075569811 0.6880362451815949 0.7049139195013815
    outer loop
      vertex 29.331653547427422 -27.667334976685492 0.010000000000000018
      vertex 29.717951796991684 -29.60938742245905 2
      vertex 29.493483951332593 -27.626798570744754 0.010000000000000018
    endloop
  endfacet
  facet normal -0.23895356876845233 0.6678304860262214 0.7049139195013824
    outer loop
      vertex 29.493483951332593 -27.626798570744754 0.010000000000000018
      vertex 30.068276496343913 -29.521635653438384 2
      vertex 29.650561835020653 -27.570595205269186 0.010000000000000018
    endloop
  endfacet
  facet normal 0.6678304860262249 0.23895356876844276 0.7049139195013823
    outer loop
      vertex 27.429404794730814 -26.650561835020653 0.010000000000000018
      vertex 27.373201429255246 -26.493483951332585 0.010000000000000018
      vertex 25.47836434656162 -27.06827649634391 2
    endloop
  endfacet
  facet normal 0.6411931542171384 0.3032617764873701 0.7049139195013822
    outer loop
      vertex 27.5007338506078 -26.801374452604197 0.010000000000000018
      vertex 27.429404794730814 -26.650561835020653 0.010000000000000018
      vertex 25.600031392046773 -27.408313109057 2
    endloop
  endfacet
  facet normal 0.688036245181591 0.17234410755699903 0.7049139195013808
    outer loop
      vertex 27.373201429255246 -26.493483951332585 0.010000000000000018
      vertex 27.332665023314505 -26.33165354742742 0.010000000000000018
      vertex 25.39061257754095 -26.71795179699169 2
    endloop
  endfacet
  facet normal 0.7016158391769978 0.10407487837683262 0.7049139195013847
    outer loop
      vertex 27.332665023314505 -26.33165354742742 0.010000000000000018
      vertex 27.30818596465727 -26.166629138560253 0.010000000000000018
      vertex 25.337621182490423 -26.36071282936207 2
    endloop
  endfacet
  facet normal 0.7084384890988885 0.034803351224899574 0.7049139195013816
    outer loop
      vertex 27.30818596465727 -26.166629138560253 0.010000000000000018
      vertex 27.299999999999997 -26 0.010000000000000018
      vertex 25.319900497512435 -26 2
    endloop
  endfacet
  facet normal 0.7084384890988855 -0.03480335122489942 0.7049139195013846
    outer loop
      vertex 27.299999999999997 -26 0.010000000000000018
      vertex 27.30818596465727 -25.833370861439747 0.010000000000000018
      vertex 25.337621182490423 -25.63928717063793 2
    endloop
  endfacet
  facet normal 0.7016158391770019 -0.10407487837683321 0.7049139195013805
    outer loop
      vertex 27.30818596465727 -25.833370861439747 0.010000000000000018
      vertex 27.332665023314505 -25.66834645257258 0.010000000000000018
      vertex 25.39061257754095 -25.28204820300831 2
    endloop
  endfacet
  facet normal 0.6880362451815891 -0.17234410755699855 0.7049139195013828
    outer loop
      vertex 27.332665023314505 -25.66834645257258 0.010000000000000018
      vertex 27.373201429255246 -25.506516048667415 0.010000000000000018
      vertex 25.47836434656162 -24.93172350365609 2
    endloop
  endfacet
  facet normal 0.6678304860262247 -0.2389535687684427 0.7049139195013826
    outer loop
      vertex 27.373201429255246 -25.506516048667415 0.010000000000000018
      vertex 27.429404794730814 -25.349438164979347 0.010000000000000018
      vertex 25.600031392046773 -24.591686890943 2
    endloop
  endfacet
  facet normal 0.6411931542171369 -0.30326177648736935 0.7049139195013842
    outer loop
      vertex 27.429404794730814 -25.349438164979347 0.010000000000000018
      vertex 27.5007338506078 -25.198625547395803 0.010000000000000018
      vertex 25.754441993838412 -24.265213103332385 2
    endloop
  endfacet
  facet normal 0.6083807818211366 -0.36464940751892794 0.7049139195013795
    outer loop
      vertex 27.5007338506078 -25.198625547395803 0.010000000000000018
      vertex 27.58650165908567 -25.055530603866675 0.010000000000000018
      vertex 25.940109093431886 -23.955446261867664 2
    endloop
  endfacet
  facet normal 0.5697093699213743 -0.4225252654185156 0.7049139195013839
    outer loop
      vertex 27.58650165908567 -25.055530603866675 0.010000000000000018
      vertex 27.68588222928335 -24.921531416921802 0.010000000000000018
      vertex 26.155244615162104 -23.665369590567916 2
    endloop
  endfacet
  facet normal 0.5255513453545103 -0.4763319740362424 0.7049139195013819
    outer loop
      vertex 27.68588222928335 -24.921531416921802 0.010000000000000018
      vertex 27.797918471982868 -24.797918471982868 0.010000000000000018
      vertex 26.3977766863498 -23.397776686349808 2
    endloop
  endfacet
  facet normal 0.47633197403626654 -0.5255513453544901 0.7049139195013806
    outer loop
      vertex 27.797918471982868 -24.797918471982868 0.010000000000000018
      vertex 27.921531416921795 -24.685882229283347 0.010000000000000018
      vertex 26.66536959056792 -23.155244615162108 2
    endloop
  endfacet
  facet normal 0.4225252654184902 -0.5697093699213959 0.7049139195013817
    outer loop
      vertex 27.921531416921795 -24.685882229283347 0.010000000000000018
      vertex 28.05553060386667 -24.586501659085673 0.010000000000000018
      vertex 26.955446261867664 -22.94010909343188 2
    endloop
  endfacet
  facet normal 0.3646494075189351 -0.6083807818211283 0.7049139195013829
    outer loop
      vertex 28.05553060386667 -24.586501659085673 0.010000000000000018
      vertex 28.198625547395807 -24.500733850607798 0.010000000000000018
      vertex 27.265213103332385 -22.75444199383842 2
    endloop
  endfacet
  facet normal 0.3032617764873634 -0.6411931542171412 0.7049139195013828
    outer loop
      vertex 28.198625547395807 -24.500733850607798 0.010000000000000018
      vertex 28.349438164979347 -24.429404794730814 0.010000000000000018
      vertex 27.591686890942995 -22.600031392046773 2
    endloop
  endfacet
  facet normal 0.23895356876845233 -0.6678304860262214 0.7049139195013824
    outer loop
      vertex 28.349438164979347 -24.429404794730814 0.010000000000000018
      vertex 28.506516048667407 -24.373201429255246 0.010000000000000018
      vertex 27.931723503656087 -22.478364346561616 2
    endloop
  endfacet
  facet normal 0.17234410755698096 -0.6880362451815942 0.7049139195013819
    outer loop
      vertex 28.506516048667407 -24.373201429255246 0.010000000000000018
      vertex 28.668346452572578 -24.332665023314508 0.010000000000000018
      vertex 28.282048203008316 -22.390612577540946 2
    endloop
  endfacet
  facet normal 0.10407487837686025 -0.7016158391769955 0.7049139195013828
    outer loop
      vertex 28.668346452572578 -24.332665023314508 0.010000000000000018
      vertex 28.833370861439747 -24.308185964657266 0.010000000000000018
      vertex 28.639287170637928 -22.337621182490427 2
    endloop
  endfacet
  facet normal 0.0348033512248694 -0.7084384890988893 0.7049139195013823
    outer loop
      vertex 28.833370861439747 -24.308185964657266 0.010000000000000018
      vertex 29 -24.3 0.010000000000000018
      vertex 29 -22.31990049751244 2
    endloop
  endfacet
  facet normal -0.034803351224869376 -0.708438489098889 0.7049139195013827
    outer loop
      vertex 29 -24.3 0.010000000000000018
      vertex 29.166629138560253 -24.308185964657266 0.010000000000000018
      vertex 29.360712829362072 -22.337621182490427 2
    endloop
  endfacet
  facet normal -0.10407487837686033 -0.7016158391769961 0.7049139195013823
    outer loop
      vertex 29.166629138560253 -24.308185964657266 0.010000000000000018
      vertex 29.331653547427422 -24.332665023314508 0.010000000000000018
      vertex 29.717951796991684 -22.390612577540946 2
    endloop
  endfacet
  facet normal -0.17234410755698076 -0.6880362451815935 0.7049139195013828
    outer loop
      vertex 29.331653547427422 -24.332665023314508 0.010000000000000018
      vertex 29.493483951332593 -24.373201429255246 0.010000000000000018
      vertex 30.068276496343913 -22.478364346561616 2
    endloop
  endfacet
  facet normal -0.3032617764873633 0.6411931542171407 0.704913919501383
    outer loop
      vertex 29.650561835020653 -27.570595205269186 0.010000000000000018
      vertex 30.407455397102694 -29.39789790812052 1.997747484105189
      vertex 29.801374452604193 -27.499266149392202 0.010000000000000018
    endloop
  endfacet
  facet normal -0.36464940751893504 0.6083807818211282 0.704913919501383
    outer loop
      vertex 29.801374452604193 -27.499266149392202 0.010000000000000018
      vertex 30.731798511630515 -29.239967130993417 1.99362887621475
      vertex 29.94446939613333 -27.413498340914327 0.010000000000000018
    endloop
  endfacet
  facet normal -0.4225252654184902 0.569709369921396 0.7049139195013816
    outer loop
      vertex 29.94446939613333 -27.413498340914327 0.010000000000000018
      vertex 31.039289223955848 -29.052012004313962 1.990476745453746
      vertex 30.078468583078205 -27.314117770716653 0.010000000000000018
    endloop
  endfacet
  facet normal -0.4763319740362663 0.5255513453544899 0.7049139195013809
    outer loop
      vertex 30.078468583078205 -27.314117770716653 0.010000000000000018
      vertex 31.327619293374482 -28.836212315203397 1.9888930544919325
      vertex 30.202081528017132 -27.202081528017132 0.010000000000000018
    endloop
  endfacet
  facet normal -0.5255513453545105 0.4763319740362425 0.7049139195013817
    outer loop
      vertex 30.202081528017132 -27.202081528017132 0.010000000000000018
      vertex 31.594408590829346 -28.594408590829346 1.9888930545655712
      vertex 30.31411777071665 -27.078468583078198 0.010000000000000018
    endloop
  endfacet
  facet normal -0.5697093699213751 0.4225252654185162 0.704913919501383
    outer loop
      vertex 30.31411777071665 -27.078468583078198 0.010000000000000018
      vertex 31.836212315203397 -28.32761929337448 1.9888930544919323
      vertex 30.41349834091433 -26.944469396133325 0.010000000000000018
    endloop
  endfacet
  facet normal -0.6083807818211349 0.3646494075189269 0.7049139195013815
    outer loop
      vertex 30.41349834091433 -26.944469396133325 0.010000000000000018
      vertex 32.052012004313966 -28.03928922395585 1.9904767454537458
      vertex 30.4992661493922 -26.801374452604197 0.010000000000000018
    endloop
  endfacet
  facet normal -0.6411931542171366 0.3032617764873693 0.7049139195013843
    outer loop
      vertex 30.4992661493922 -26.801374452604197 0.010000000000000018
      vertex 32.23996713099342 -27.731798511630522 1.9936288762147503
      vertex 30.570595205269186 -26.650561835020653 0.010000000000000018
    endloop
  endfacet
  facet normal -0.6678304860262257 0.23895356876844306 0.7049139195013814
    outer loop
      vertex 30.570595205269186 -26.650561835020653 0.010000000000000018
      vertex 32.39789790812051 -27.407455397102687 1.9977474841051894
      vertex 30.626798570744754 -26.493483951332585 0.010000000000000018
    endloop
  endfacet
  facet normal -0.6880362451815891 0.17234410755699855 0.7049139195013828
    outer loop
      vertex 30.626798570744754 -26.493483951332585 0.010000000000000018
      vertex 32.52163565343838 -27.06827649634391 2
      vertex 30.667334976685495 -26.33165354742742 0.010000000000000018
    endloop
  endfacet
  facet normal -0.7016158391770019 0.10407487837683321 0.7049139195013805
    outer loop
      vertex 30.667334976685495 -26.33165354742742 0.010000000000000018
      vertex 32.60938742245905 -26.71795179699169 2
      vertex 30.69181403534273 -26.166629138560253 0.010000000000000018
    endloop
  endfacet
  facet normal -0.7084384890988855 0.03480335122489942 0.7049139195013846
    outer loop
      vertex 30.69181403534273 -26.166629138560253 0.010000000000000018
      vertex 32.66237881750958 -26.36071282936207 2
      vertex 30.700000000000003 -26 0.010000000000000018
    endloop
  endfacet
  facet normal -0.7016158391769978 -0.10407487837683262 0.7049139195013847
    outer loop
      vertex 30.69181403534273 -25.833370861439747 0.010000000000000018
      vertex 32.66237881750958 -25.63928717063793 2
      vertex 30.667334976685495 -25.66834645257258 0.010000000000000018
    endloop
  endfacet
  facet normal -0.688036245181591 -0.17234410755699903 0.7049139195013808
    outer loop
      vertex 30.626798570744754 -25.506516048667415 0.010000000000000018
      vertex 30.667334976685495 -25.66834645257258 0.010000000000000018
      vertex 32.60938742245905 -25.28204820300831 2
    endloop
  endfacet
  facet normal -0.667830486026225 -0.2389535687684428 0.7049139195013822
    outer loop
      vertex 30.626798570744754 -25.506516048667415 0.010000000000000018
      vertex 32.52163565343838 -24.93172350365609 2
      vertex 30.570595205269186 -25.349438164979347 0.010000000000000018
    endloop
  endfacet
  facet normal -0.7084384890988885 -0.034803351224899574 0.7049139195013815
    outer loop
      vertex 30.700000000000003 -26 0.010000000000000018
      vertex 32.680099502487565 -26 2
      vertex 30.69181403534273 -25.833370861439747 0.010000000000000018
    endloop
  endfacet
  facet normal -0.525551345354509 -0.4763319740362412 0.7049139195013836
    outer loop
      vertex 30.31411777071665 -24.921531416921802 0.010000000000000018
      vertex 31.844755384837896 -23.665369590567916 2
      vertex 30.202081528017132 -24.797918471982868 0.010000000000000018
    endloop
  endfacet
  facet normal -0.47633197403626526 -0.5255513453544887 0.7049139195013826
    outer loop
      vertex 30.078468583078205 -24.685882229283347 0.010000000000000018
      vertex 30.202081528017132 -24.797918471982868 0.010000000000000018
      vertex 31.6022233136502 -23.397776686349808 2
    endloop
  endfacet
  facet normal -0.2389535687684521 -0.6678304860262207 0.704913919501383
    outer loop
      vertex 29.493483951332593 -24.373201429255246 0.010000000000000018
      vertex 29.650561835020653 -24.429404794730814 0.010000000000000018
      vertex 30.408313109057005 -22.600031392046773 2
    endloop
  endfacet
  facet normal -0.3646494075189361 -0.60838078182113 0.704913919501381
    outer loop
      vertex 29.801374452604193 -24.500733850607798 0.010000000000000018
      vertex 29.94446939613333 -24.586501659085673 0.010000000000000018
      vertex 31.044553738132336 -22.94010909343188 2
    endloop
  endfacet
  facet normal -0.3032617764873636 -0.6411931542171414 0.7049139195013825
    outer loop
      vertex 29.650561835020653 -24.429404794730814 0.010000000000000018
      vertex 29.801374452604193 -24.500733850607798 0.010000000000000018
      vertex 30.734786896667615 -22.75444199383842 2
    endloop
  endfacet
  facet normal -0.42252526541849067 -0.5697093699213965 0.7049139195013809
    outer loop
      vertex 30.078468583078205 -24.685882229283347 0.010000000000000018
      vertex 31.33463040943208 -23.155244615162108 2
      vertex 29.94446939613333 -24.586501659085673 0.010000000000000018
    endloop
  endfacet
  facet normal -0.6083807818211324 -0.36464940751892544 0.7049139195013845
    outer loop
      vertex 30.4992661493922 -25.198625547395803 0.010000000000000018
      vertex 32.24555800616159 -24.265213103332385 2
      vertex 30.41349834091433 -25.055530603866675 0.010000000000000018
    endloop
  endfacet
  facet normal -0.6411931542171384 -0.3032617764873701 0.7049139195013823
    outer loop
      vertex 30.570595205269186 -25.349438164979347 0.010000000000000018
      vertex 32.39996860795323 -24.591686890943 2
      vertex 30.4992661493922 -25.198625547395803 0.010000000000000018
    endloop
  endfacet
  facet normal -0.5697093699213761 -0.42252526541851687 0.7049139195013818
    outer loop
      vertex 30.31411777071665 -24.921531416921802 0.010000000000000018
      vertex 30.41349834091433 -25.055530603866675 0.010000000000000018
      vertex 32.05989090656813 -23.955446261867664 2
    endloop
  endfacet
  facet normal 0.641193154217146 0.30326177648735136 0.7049139195013837
    outer loop
      vertex 27.5007338506078 -26.801374452604197 0.010000000000000018
      vertex 25.600031392046773 -27.408313109057 2
      vertex 25.754441993838412 -27.734786896667615 2
    endloop
  endfacet
  facet normal 0.6083807818211073 0.3646494075189744 0.7049139195013807
    outer loop
      vertex 27.58650165908567 -26.944469396133325 0.010000000000000018
      vertex 25.754441993838412 -27.734786896667615 2
      vertex 25.940109093431886 -28.044553738132336 2
    endloop
  endfacet
  facet normal 0.4763319740362503 0.5255513453545043 0.704913919501381
    outer loop
      vertex 27.921531416921795 -27.314117770716653 0.010000000000000018
      vertex 26.3977766863498 -28.602223313650192 2
      vertex 26.66536959056792 -28.844755384837892 2
    endloop
  endfacet
  facet normal 0.36464940751895275 0.6083807818211183 0.7049139195013825
    outer loop
      vertex 28.198625547395807 -27.499266149392202 0.010000000000000018
      vertex 26.955446261867664 -29.05989090656812 2
      vertex 27.265213103332385 -29.24555800616158 2
    endloop
  endfacet
  facet normal 0.4225252654184972 0.5697093699213912 0.7049139195013814
    outer loop
      vertex 28.05553060386667 -27.413498340914327 0.010000000000000018
      vertex 26.66536959056792 -28.844755384837892 2
      vertex 26.955446261867664 -29.05989090656812 2
    endloop
  endfacet
  facet normal 0.5255513453544971 0.476331974036256 0.7049139195013824
    outer loop
      vertex 27.797918471982868 -27.202081528017132 0.010000000000000018
      vertex 26.155244615162104 -28.334630409432084 2
      vertex 26.3977766863498 -28.602223313650192 2
    endloop
  endfacet
  facet normal 0.5697093699214024 0.42252526541847973 0.7049139195013827
    outer loop
      vertex 27.68588222928335 -27.078468583078198 0.010000000000000018
      vertex 25.940109093431886 -28.044553738132336 2
      vertex 26.155244615162104 -28.334630409432084 2
    endloop
  endfacet
  facet normal 0.3032617764873657 0.6411931542171402 0.7049139195013827
    outer loop
      vertex 28.349438164979347 -27.570595205269186 0.010000000000000018
      vertex 27.265213103332385 -29.24555800616158 2
      vertex 27.591686890942995 -29.399968607953227 2
    endloop
  endfacet
  facet normal 0.23895356876844598 0.6678304860262235 0.7049139195013825
    outer loop
      vertex 28.506516048667407 -27.626798570744754 0.010000000000000018
      vertex 27.591686890942995 -29.399968607953227 2
      vertex 27.931723503656087 -29.521635653438384 2
    endloop
  endfacet
  facet normal 0.17234410755697283 0.688036245181596 0.7049139195013824
    outer loop
      vertex 28.668346452572578 -27.667334976685492 0.010000000000000018
      vertex 27.931723503656087 -29.521635653438384 2
      vertex 28.282048203008316 -29.609387422459054 2
    endloop
  endfacet
  facet normal 0.10407487837686717 0.7016158391769947 0.7049139195013827
    outer loop
      vertex 28.833370861439747 -27.691814035342734 0.010000000000000018
      vertex 28.282048203008316 -29.609387422459054 2
      vertex 28.639287170637928 -29.662378817509573 2
    endloop
  endfacet
  facet normal 0.034803351224865525 0.7084384890988894 0.7049139195013823
    outer loop
      vertex 29 -27.7 0.010000000000000018
      vertex 28.639287170637928 -29.662378817509573 2
      vertex 29 -29.68009950248756 2
    endloop
  endfacet
  facet normal -0.03480335122486528 0.7084384890988892 0.7049139195013826
    outer loop
      vertex 29.166629138560253 -27.691814035342734 0.010000000000000018
      vertex 29 -29.68009950248756 2
      vertex 29.360712829362072 -29.662378817509573 2
    endloop
  endfacet
  facet normal -0.10407487837687415 0.7016158391769944 0.7049139195013818
    outer loop
      vertex 29.331653547427422 -27.667334976685492 0.010000000000000018
      vertex 29.360712829362072 -29.662378817509573 2
      vertex 29.717951796991684 -29.60938742245905 2
    endloop
  endfacet
  facet normal 0.7016158391769941 0.10407487837687779 0.7049139195013817
    outer loop
      vertex 27.332665023314505 -26.33165354742742 0.010000000000000018
      vertex 25.337621182490423 -26.36071282936207 2
      vertex 25.39061257754095 -26.71795179699169 2
    endloop
  endfacet
  facet normal 0.7084384890988881 0.034803351224865706 0.7049139195013838
    outer loop
      vertex 27.30818596465727 -26.166629138560253 0.010000000000000018
      vertex 25.319900497512435 -26 2
      vertex 25.337621182490423 -26.36071282936207 2
    endloop
  endfacet
  facet normal 0.6678304860262259 0.23895356876843968 0.7049139195013825
    outer loop
      vertex 27.429404794730814 -26.650561835020653 0.010000000000000018
      vertex 25.47836434656162 -27.06827649634391 2
      vertex 25.600031392046773 -27.408313109057 2
    endloop
  endfacet
  facet normal 0.6880362451815949 0.17234410755697788 0.7049139195013823
    outer loop
      vertex 27.373201429255246 -26.493483951332585 0.010000000000000018
      vertex 25.39061257754095 -26.71795179699169 2
      vertex 25.47836434656162 -27.06827649634391 2
    endloop
  endfacet
  facet normal 0.7084384890988894 -0.03480335122486548 0.7049139195013824
    outer loop
      vertex 27.299999999999997 -26 0.010000000000000018
      vertex 25.337621182490423 -25.63928717063793 2
      vertex 25.319900497512435 -26 2
    endloop
  endfacet
  facet normal 0.7016158391769922 -0.10407487837687754 0.7049139195013836
    outer loop
      vertex 27.30818596465727 -25.833370861439747 0.010000000000000018
      vertex 25.39061257754095 -25.28204820300831 2
      vertex 25.337621182490423 -25.63928717063793 2
    endloop
  endfacet
  facet normal 0.6880362451815957 -0.1723441075569781 0.7049139195013813
    outer loop
      vertex 27.332665023314505 -25.66834645257258 0.010000000000000018
      vertex 25.47836434656162 -24.93172350365609 2
      vertex 25.39061257754095 -25.28204820300831 2
    endloop
  endfacet
  facet normal 0.6678304860262259 -0.2389535687684398 0.7049139195013823
    outer loop
      vertex 27.373201429255246 -25.506516048667415 0.010000000000000018
      vertex 25.600031392046773 -24.591686890943 2
      vertex 25.47836434656162 -24.93172350365609 2
    endloop
  endfacet
  facet normal 0.6411931542171467 -0.30326177648735153 0.7049139195013828
    outer loop
      vertex 27.429404794730814 -25.349438164979347 0.010000000000000018
      vertex 25.754441993838412 -24.265213103332385 2
      vertex 25.600031392046773 -24.591686890943 2
    endloop
  endfacet
  facet normal 0.6083807818211053 -0.36464940751897307 0.7049139195013834
    outer loop
      vertex 27.5007338506078 -25.198625547395803 0.010000000000000018
      vertex 25.940109093431886 -23.955446261867664 2
      vertex 25.754441993838412 -24.265213103332385 2
    endloop
  endfacet
  facet normal 0.569709369921404 -0.42252526541848084 0.7049139195013809
    outer loop
      vertex 27.58650165908567 -25.055530603866675 0.010000000000000018
      vertex 26.155244615162104 -23.665369590567916 2
      vertex 25.940109093431886 -23.955446261867664 2
    endloop
  endfacet
  facet normal 0.5255513453544968 -0.4763319740362553 0.7049139195013833
    outer loop
      vertex 27.68588222928335 -24.921531416921802 0.010000000000000018
      vertex 26.3977766863498 -23.397776686349808 2
      vertex 26.155244615162104 -23.665369590567916 2
    endloop
  endfacet
  facet normal 0.47633197403624966 -0.5255513453545034 0.7049139195013819
    outer loop
      vertex 27.797918471982868 -24.797918471982868 0.010000000000000018
      vertex 26.66536959056792 -23.155244615162108 2
      vertex 26.3977766863498 -23.397776686349808 2
    endloop
  endfacet
  facet normal 0.4225252654184972 -0.5697093699213914 0.7049139195013812
    outer loop
      vertex 27.921531416921795 -24.685882229283347 0.010000000000000018
      vertex 26.955446261867664 -22.94010909343188 2
      vertex 26.66536959056792 -23.155244615162108 2
    endloop
  endfacet
  facet normal 0.36464940751895336 -0.6083807818211189 0.7049139195013817
    outer loop
      vertex 28.05553060386667 -24.586501659085673 0.010000000000000018
      vertex 27.265213103332385 -22.75444199383842 2
      vertex 26.955446261867664 -22.94010909343188 2
    endloop
  endfacet
  facet normal 0.303261776487366 -0.6411931542171402 0.7049139195013826
    outer loop
      vertex 28.198625547395807 -24.500733850607798 0.010000000000000018
      vertex 27.591686890942995 -22.600031392046773 2
      vertex 27.265213103332385 -22.75444199383842 2
    endloop
  endfacet
  facet normal -0.1723441075569662 0.6880362451815977 0.7049139195013825
    outer loop
      vertex 29.493483951332593 -27.626798570744754 0.010000000000000018
      vertex 29.717951796991684 -29.60938742245905 2
      vertex 30.068276496343913 -29.521635653438384 2
    endloop
  endfacet
  facet normal -0.23895356876845764 0.6678304860262201 0.7049139195013819
    outer loop
      vertex 29.650561835020653 -27.570595205269186 0.010000000000000018
      vertex 30.068276496343913 -29.521635653438384 2
      vertex 30.26961986053975 -29.449593845780395 2
    endloop
  endfacet
  facet normal -0.23895356876844676 0.6678304860262227 0.7049139195013828
    outer loop
      vertex 29.650561835020653 -27.570595205269186 0.010000000000000018
      vertex 30.360376686772383 -29.415954134161954 1.9988949609023257
      vertex 30.407455397102694 -29.39789790812052 1.997747484105189
    endloop
  endfacet
  facet normal -0.23895356876840643 0.6678304860262373 0.7049139195013828
    outer loop
      vertex 29.650561835020653 -27.570595205269186 0.010000000000000018
      vertex 30.26961986053975 -29.449593845780395 2
      vertex 30.360376686772383 -29.415954134161954 1.9988949609023257
    endloop
  endfacet
  facet normal -0.3032617764873617 0.6411931542171415 0.7049139195013832
    outer loop
      vertex 30.72239377134045 -29.244546534345695 1.9937483004873895
      vertex 29.801374452604193 -27.499266149392202 0.010000000000000018
      vertex 30.407455397102694 -29.39789790812052 1.997747484105189
    endloop
  endfacet
  facet normal -0.30326177648752073 0.6411931542170616 0.7049139195013875
    outer loop
      vertex 29.801374452604193 -27.499266149392202 0.010000000000000018
      vertex 30.72239377134045 -29.244546534345695 1.9937483004873895
      vertex 30.731798511630515 -29.239967130993417 1.99362887621475
    endloop
  endfacet
  facet normal -0.3646494075189485 0.6083807818211214 0.7049139195013819
    outer loop
      vertex 29.94446939613333 -27.413498340914327 0.010000000000000018
      vertex 30.731798511630515 -29.239967130993417 1.99362887621475
      vertex 30.804099562635855 -29.196631548871505 1.9936288763283696
    endloop
  endfacet
  facet normal -0.3646494075189569 0.6083807818211168 0.7049139195013817
    outer loop
      vertex 29.94446939613333 -27.413498340914327 0.010000000000000018
      vertex 30.804099562635855 -29.196631548871505 1.9936288763283696
      vertex 31.039289223955848 -29.052012004313962 1.990476745453746
    endloop
  endfacet
  facet normal -0.42252526541849467 0.5697093699213932 0.7049139195013814
    outer loop
      vertex 30.078468583078205 -27.314117770716653 0.010000000000000018
      vertex 31.039289223955848 -29.052012004313962 1.990476745453746
      vertex 31.327619293374482 -28.836212315203397 1.9888930544919325
    endloop
  endfacet
  facet normal -0.4763319740362532 0.5255513453545003 0.7049139195013822
    outer loop
      vertex 30.202081528017132 -27.202081528017132 0.010000000000000018
      vertex 31.327619293374482 -28.836212315203397 1.9888930544919325
      vertex 31.594408590829346 -28.594408590829346 1.9888930545655712
    endloop
  endfacet
  facet normal -0.5255513453545027 0.47633197403625005 0.7049139195013824
    outer loop
      vertex 30.31411777071665 -27.078468583078198 0.010000000000000018
      vertex 31.594408590829346 -28.594408590829346 1.9888930545655712
      vertex 31.836212315203397 -28.32761929337448 1.9888930544919323
    endloop
  endfacet
  facet normal -0.5697093699213843 0.4225252654185054 0.704913919501382
    outer loop
      vertex 30.41349834091433 -26.944469396133325 0.010000000000000018
      vertex 31.836212315203397 -28.32761929337448 1.9888930544919323
      vertex 32.052012004313966 -28.03928922395585 1.9904767454537458
    endloop
  endfacet
  facet normal -0.6083807818211358 0.36464940751892544 0.7049139195013816
    outer loop
      vertex 30.4992661493922 -26.801374452604197 0.010000000000000018
      vertex 32.052012004313966 -28.03928922395585 1.9904767454537458
      vertex 32.196631548871494 -27.804099562635855 1.9936288763283696
    endloop
  endfacet
  facet normal -0.6083807818210549 0.3646494075190614 0.7049139195013809
    outer loop
      vertex 30.4992661493922 -26.801374452604197 0.010000000000000018
      vertex 32.196631548871494 -27.804099562635855 1.9936288763283696
      vertex 32.23996713099342 -27.731798511630522 1.9936288762147503
    endloop
  endfacet
  facet normal -0.6411931542175215 0.30326177648667796 0.7049139195013315
    outer loop
      vertex 32.24454653434569 -27.722393771340446 1.9937483004873897
      vertex 30.570595205269186 -26.650561835020653 0.010000000000000018
      vertex 32.23996713099342 -27.731798511630522 1.9936288762147503
    endloop
  endfacet
  facet normal -0.6411931542171446 0.30326177648735914 0.7049139195013815
    outer loop
      vertex 30.570595205269186 -26.650561835020653 0.010000000000000018
      vertex 32.24454653434569 -27.722393771340446 1.9937483004873897
      vertex 32.39789790812051 -27.407455397102687 1.9977474841051894
    endloop
  endfacet
  facet normal -0.6678304860262108 0.23895356876847848 0.7049139195013836
    outer loop
      vertex 30.626798570744754 -26.493483951332585 0.010000000000000018
      vertex 32.39789790812051 -27.407455397102687 1.9977474841051894
      vertex 32.41595413416195 -27.360376686772373 1.9988949609023259
    endloop
  endfacet
  facet normal -0.6678304860262342 0.2389535687684216 0.7049139195013808
    outer loop
      vertex 30.626798570744754 -26.493483951332585 0.010000000000000018
      vertex 32.41595413416195 -27.360376686772373 1.9988949609023259
      vertex 32.449593845780385 -27.269619860539763 2
    endloop
  endfacet
  facet normal -0.6678304860262192 0.23895356876845983 0.7049139195013818
    outer loop
      vertex 30.626798570744754 -26.493483951332585 0.010000000000000018
      vertex 32.449593845780385 -27.269619860539763 2
      vertex 32.52163565343838 -27.06827649634391 2
    endloop
  endfacet
  facet normal -0.3032617764873657 -0.6411931542171402 0.7049139195013827
    outer loop
      vertex 29.650561835020653 -24.429404794730814 0.010000000000000018
      vertex 30.734786896667615 -22.75444199383842 2
      vertex 30.408313109057005 -22.600031392046773 2
    endloop
  endfacet
  facet normal -0.36464940751895275 -0.6083807818211183 0.7049139195013825
    outer loop
      vertex 29.801374452604193 -24.500733850607798 0.010000000000000018
      vertex 31.044553738132336 -22.94010909343188 2
      vertex 30.734786896667615 -22.75444199383842 2
    endloop
  endfacet
  facet normal -0.4225252654184972 -0.5697093699213912 0.7049139195013814
    outer loop
      vertex 29.94446939613333 -24.586501659085673 0.010000000000000018
      vertex 31.33463040943208 -23.155244615162108 2
      vertex 31.044553738132336 -22.94010909343188 2
    endloop
  endfacet
  facet normal -0.6678304860262259 -0.23895356876843968 0.7049139195013825
    outer loop
      vertex 30.570595205269186 -25.349438164979347 0.010000000000000018
      vertex 32.52163565343838 -24.93172350365609 2
      vertex 32.39996860795323 -24.591686890943 2
    endloop
  endfacet
  facet normal -0.6083807818211183 -0.3646494075189531 0.7049139195013824
    outer loop
      vertex 30.41349834091433 -25.055530603866675 0.010000000000000018
      vertex 32.24555800616159 -24.265213103332385 2
      vertex 32.05989090656813 -23.955446261867664 2
    endloop
  endfacet
  facet normal -0.641193154217146 -0.30326177648735136 0.7049139195013837
    outer loop
      vertex 30.4992661493922 -25.198625547395803 0.010000000000000018
      vertex 32.39996860795323 -24.591686890943 2
      vertex 32.24555800616159 -24.265213103332385 2
    endloop
  endfacet
  facet normal -0.4763319740362503 -0.5255513453545043 0.704913919501381
    outer loop
      vertex 30.078468583078205 -24.685882229283347 0.010000000000000018
      vertex 31.6022233136502 -23.397776686349808 2
      vertex 31.33463040943208 -23.155244615162108 2
    endloop
  endfacet
  facet normal -0.5255513453544971 -0.476331974036256 0.7049139195013824
    outer loop
      vertex 30.202081528017132 -24.797918471982868 0.010000000000000018
      vertex 31.844755384837896 -23.665369590567916 2
      vertex 31.6022233136502 -23.397776686349808 2
    endloop
  endfacet
  facet normal -0.5697093699213887 -0.42252526541849716 0.7049139195013833
    outer loop
      vertex 30.31411777071665 -24.921531416921802 0.010000000000000018
      vertex 32.05989090656813 -23.955446261867664 2
      vertex 31.844755384837896 -23.665369590567916 2
    endloop
  endfacet
  facet normal -0.6880362451815957 0.1723441075569781 0.7049139195013813
    outer loop
      vertex 30.667334976685495 -26.33165354742742 0.010000000000000018
      vertex 32.52163565343838 -27.06827649634391 2
      vertex 32.60938742245905 -26.71795179699169 2
    endloop
  endfacet
  facet normal -0.7016158391769922 0.10407487837687754 0.7049139195013836
    outer loop
      vertex 30.69181403534273 -26.166629138560253 0.010000000000000018
      vertex 32.60938742245905 -26.71795179699169 2
      vertex 32.66237881750958 -26.36071282936207 2
    endloop
  endfacet
  facet normal -0.7084384890988894 0.03480335122486548 0.7049139195013824
    outer loop
      vertex 30.700000000000003 -26 0.010000000000000018
      vertex 32.66237881750958 -26.36071282936207 2
      vertex 32.680099502487565 -26 2
    endloop
  endfacet
  facet normal -0.7084384890988881 -0.034803351224865706 0.7049139195013838
    outer loop
      vertex 30.69181403534273 -25.833370861439747 0.010000000000000018
      vertex 32.680099502487565 -26 2
      vertex 32.66237881750958 -25.63928717063793 2
    endloop
  endfacet
  facet normal -0.7016158391769941 -0.10407487837687779 0.7049139195013817
    outer loop
      vertex 30.667334976685495 -25.66834645257258 0.010000000000000018
      vertex 32.66237881750958 -25.63928717063793 2
      vertex 32.60938742245905 -25.28204820300831 2
    endloop
  endfacet
  facet normal -0.6880362451815949 -0.17234410755697788 0.7049139195013823
    outer loop
      vertex 30.626798570744754 -25.506516048667415 0.010000000000000018
      vertex 32.60938742245905 -25.28204820300831 2
      vertex 32.52163565343838 -24.93172350365609 2
    endloop
  endfacet
  facet normal 0.2389535687684459 -0.6678304860262232 0.7049139195013828
    outer loop
      vertex 28.349438164979347 -24.429404794730814 0.010000000000000018
      vertex 27.931723503656087 -22.478364346561616 2
      vertex 27.591686890942995 -22.600031392046773 2
    endloop
  endfacet
  facet normal 0.17234410755697271 -0.6880362451815958 0.7049139195013826
    outer loop
      vertex 28.506516048667407 -24.373201429255246 0.010000000000000018
      vertex 28.282048203008316 -22.390612577540946 2
      vertex 27.931723503656087 -22.478364346561616 2
    endloop
  endfacet
  facet normal 0.10407487837686724 -0.701615839176995 0.7049139195013824
    outer loop
      vertex 28.668346452572578 -24.332665023314508 0.010000000000000018
      vertex 28.639287170637928 -22.337621182490427 2
      vertex 28.282048203008316 -22.390612577540946 2
    endloop
  endfacet
  facet normal 0.03480335122486528 -0.7084384890988892 0.7049139195013826
    outer loop
      vertex 28.833370861439747 -24.308185964657266 0.010000000000000018
      vertex 29 -22.31990049751244 2
      vertex 28.639287170637928 -22.337621182490427 2
    endloop
  endfacet
  facet normal -0.034803351224865525 -0.7084384890988894 0.7049139195013823
    outer loop
      vertex 29 -24.3 0.010000000000000018
      vertex 29.360712829362072 -22.337621182490427 2
      vertex 29 -22.31990049751244 2
    endloop
  endfacet
  facet normal -0.10407487837686717 -0.7016158391769947 0.7049139195013827
    outer loop
      vertex 29.166629138560253 -24.308185964657266 0.010000000000000018
      vertex 29.717951796991684 -22.390612577540946 2
      vertex 29.360712829362072 -22.337621182490427 2
    endloop
  endfacet
  facet normal -0.17234410755697283 -0.688036245181596 0.7049139195013824
    outer loop
      vertex 29.331653547427422 -24.332665023314508 0.010000000000000018
      vertex 30.068276496343913 -22.478364346561616 2
      vertex 29.717951796991684 -22.390612577540946 2
    endloop
  endfacet
  facet normal -0.23895356876844598 -0.6678304860262235 0.7049139195013825
    outer loop
      vertex 29.493483951332593 -24.373201429255246 0.010000000000000018
      vertex 30.408313109057005 -22.600031392046773 2
      vertex 30.068276496343913 -22.478364346561616 2
    endloop
  endfacet
  facet normal -0.4225252654177779 0.5697093699204445 0.7049139195025775
    outer loop
      vertex 31.21714637591083 -28.920104150342414 1.990476745400605
      vertex 31.327619293374482 -28.836212315203397 1.9888930544919325
      vertex 31.039289223955848 -29.052012004313962 1.990476745453746
    endloop
  endfacet
  facet normal -0.47632920419290714 0.5255482893033055 0.7049180695962622
    outer loop
      vertex 31.46978544482154 -28.7073604264653 1.988893054608454
      vertex 31.594408590829346 -28.594408590829346 1.9888930545655712
      vertex 31.327619293374482 -28.836212315203397 1.9888930544919325
    endloop
  endfacet
  facet normal -0.5255529627005741 0.47633343991328186 0.7049117231377477
    outer loop
      vertex 31.7073604264653 -28.469785444821536 1.988893054608454
      vertex 31.836212315203397 -28.32761929337448 1.9888930544919323
      vertex 31.594408590829346 -28.594408590829346 1.9888930545655712
    endloop
  endfacet
  facet normal -0.5697093699221231 0.42252526541906327 0.7049139195004506
    outer loop
      vertex 31.92010415034241 -28.217146375910826 1.990476745400605
      vertex 32.052012004313966 -28.03928922395585 1.9904767454537458
      vertex 31.836212315203397 -28.32761929337448 1.9888930544919323
    endloop
  endfacet
  facet normal 0.5697093699213901 0.4225252654184971 0.7049139195013823
    outer loop
      vertex -30.413498340914327 -26.944469396133325 0.010000000000000018
      vertex -31.920104150342414 -28.217146375910826 1.990476745400605
      vertex -30.314117770716653 -27.078468583078198 0.010000000000000018
    endloop
  endfacet
  facet normal 0.6083807818211213 0.36464940751894903 0.7049139195013818
    outer loop
      vertex -30.413498340914327 -26.944469396133325 0.010000000000000018
      vertex -30.499266149392202 -26.801374452604197 0.010000000000000018
      vertex -32.1966315488715 -27.804099562635855 1.9936288763283696
    endloop
  endfacet
  facet normal 0.3032617764873575 0.6411931542171438 0.7049139195013829
    outer loop
      vertex -29.801374452604197 -27.499266149392202 0.010000000000000018
      vertex -30.72239377134045 -29.244546534345695 1.9937483004873895
      vertex -29.650561835020653 -27.570595205269186 0.010000000000000018
    endloop
  endfacet
  facet normal 0.23895356876844273 0.6678304860262249 0.7049139195013824
    outer loop
      vertex -29.650561835020653 -27.570595205269186 0.010000000000000018
      vertex -30.269619860539752 -29.449593845780395 2
      vertex -29.493483951332585 -27.626798570744754 0.010000000000000018
    endloop
  endfacet
  facet normal 0.47633197403625066 0.5255513453545029 0.7049139195013819
    outer loop
      vertex -30.202081528017132 -27.202081528017132 0.010000000000000018
      vertex -31.469785444821536 -28.7073604264653 1.988893054608454
      vertex -30.078468583078198 -27.314117770716653 0.010000000000000018
    endloop
  endfacet
  facet normal 0.4225252654184971 0.5697093699213901 0.7049139195013823
    outer loop
      vertex -29.944469396133325 -27.413498340914327 0.010000000000000018
      vertex -30.078468583078198 -27.314117770716653 0.010000000000000018
      vertex -31.217146375910826 -28.920104150342414 1.990476745400605
    endloop
  endfacet
  facet normal 0.5255513453545029 0.47633197403625066 0.7049139195013819
    outer loop
      vertex -30.202081528017132 -27.202081528017132 0.010000000000000018
      vertex -30.314117770716653 -27.078468583078198 0.010000000000000018
      vertex -31.7073604264653 -28.469785444821536 1.988893054608454
    endloop
  endfacet
  facet normal 0.36464940751894875 0.6083807818211209 0.7049139195013824
    outer loop
      vertex -29.944469396133325 -27.413498340914327 0.010000000000000018
      vertex -30.804099562635855 -29.196631548871505 1.9936288763283696
      vertex -29.801374452604197 -27.499266149392202 0.010000000000000018
    endloop
  endfacet
  facet normal 0.6411931542171442 0.30326177648735775 0.7049139195013825
    outer loop
      vertex -30.499266149392202 -26.801374452604197 0.010000000000000018
      vertex -30.570595205269186 -26.650561835020653 0.010000000000000018
      vertex -32.244546534345695 -27.722393771340446 1.9937483004873897
    endloop
  endfacet
  facet normal 0.6678304860262253 0.2389535687684429 0.7049139195013818
    outer loop
      vertex -30.570595205269186 -26.650561835020653 0.010000000000000018
      vertex -30.626798570744754 -26.493483951332585 0.010000000000000018
      vertex -32.41595413416195 -27.360376686772373 1.9988949609023259
    endloop
  endfacet
  facet normal 0.6880362451815936 0.17234410755698457 0.7049139195013818
    outer loop
      vertex -30.667334976685492 -26.33165354742742 0.010000000000000018
      vertex -32.60938742245905 -26.71795179699169 2
      vertex -30.626798570744754 -26.493483951332585 0.010000000000000018
    endloop
  endfacet
  facet normal 0.7016158391769948 0.10407487837686236 0.7049139195013833
    outer loop
      vertex -30.667334976685492 -26.33165354742742 0.010000000000000018
      vertex -30.691814035342734 -26.166629138560253 0.010000000000000018
      vertex -32.66237881750958 -26.36071282936207 2
    endloop
  endfacet
  facet normal 0.7084384890988887 0.03480335122486937 0.7049139195013829
    outer loop
      vertex -30.691814035342734 -26.166629138560253 0.010000000000000018
      vertex -30.7 -26 0.010000000000000018
      vertex -32.680099502487565 -26 2
    endloop
  endfacet
  facet normal 0.7084384890988883 -0.03480335122486935 0.7049139195013833
    outer loop
      vertex -30.7 -26 0.010000000000000018
      vertex -30.691814035342734 -25.833370861439747 0.010000000000000018
      vertex -32.66237881750958 -25.63928717063793 2
    endloop
  endfacet
  facet normal 0.7016158391769962 -0.10407487837686258 0.7049139195013819
    outer loop
      vertex -30.691814035342734 -25.833370861439747 0.010000000000000018
      vertex -30.667334976685492 -25.66834645257258 0.010000000000000018
      vertex -32.60938742245905 -25.28204820300831 2
    endloop
  endfacet
  facet normal 0.688036245181593 -0.17234410755698443 0.7049139195013825
    outer loop
      vertex -30.667334976685492 -25.66834645257258 0.010000000000000018
      vertex -30.626798570744754 -25.506516048667415 0.010000000000000018
      vertex -32.52163565343838 -24.93172350365609 2
    endloop
  endfacet
  facet normal 0.6678304860262247 -0.2389535687684427 0.7049139195013826
    outer loop
      vertex -30.626798570744754 -25.506516048667415 0.010000000000000018
      vertex -30.570595205269186 -25.349438164979347 0.010000000000000018
      vertex -32.39996860795323 -24.591686890943 2
    endloop
  endfacet
  facet normal 0.6411931542171444 -0.30326177648735786 0.704913919501382
    outer loop
      vertex -30.570595205269186 -25.349438164979347 0.010000000000000018
      vertex -30.499266149392202 -25.198625547395803 0.010000000000000018
      vertex -32.24555800616158 -24.265213103332385 2
    endloop
  endfacet
  facet normal 0.6083807818211205 -0.3646494075189485 0.7049139195013829
    outer loop
      vertex -30.499266149392202 -25.198625547395803 0.010000000000000018
      vertex -30.413498340914327 -25.055530603866675 0.010000000000000018
      vertex -32.05989090656813 -23.955446261867664 2
    endloop
  endfacet
  facet normal 0.5697093699213901 -0.4225252654184971 0.7049139195013823
    outer loop
      vertex -30.413498340914327 -25.055530603866675 0.010000000000000018
      vertex -30.314117770716653 -24.921531416921802 0.010000000000000018
      vertex -31.844755384837892 -23.665369590567916 2
    endloop
  endfacet
  facet normal 0.5255513453545033 -0.4763319740362511 0.7049139195013813
    outer loop
      vertex -30.314117770716653 -24.921531416921802 0.010000000000000018
      vertex -30.202081528017132 -24.797918471982868 0.010000000000000018
      vertex -31.602223313650192 -23.397776686349808 2
    endloop
  endfacet
  facet normal 0.4763319740362504 -0.5255513453545024 0.7049139195013824
    outer loop
      vertex -30.202081528017132 -24.797918471982868 0.010000000000000018
      vertex -30.078468583078198 -24.685882229283347 0.010000000000000018
      vertex -31.334630409432084 -23.155244615162108 2
    endloop
  endfacet
  facet normal 0.4225252654184974 -0.5697093699213904 0.7049139195013818
    outer loop
      vertex -30.078468583078198 -24.685882229283347 0.010000000000000018
      vertex -29.944469396133325 -24.586501659085673 0.010000000000000018
      vertex -31.044553738132336 -22.94010909343188 2
    endloop
  endfacet
  facet normal 0.36464940751894875 -0.608380781821121 0.7049139195013823
    outer loop
      vertex -29.944469396133325 -24.586501659085673 0.010000000000000018
      vertex -29.801374452604197 -24.500733850607798 0.010000000000000018
      vertex -30.734786896667615 -22.75444199383842 2
    endloop
  endfacet
  facet normal 0.30326177648735764 -0.641193154217144 0.7049139195013826
    outer loop
      vertex -29.801374452604197 -24.500733850607798 0.010000000000000018
      vertex -29.650561835020653 -24.429404794730814 0.010000000000000018
      vertex -30.408313109057 -22.600031392046773 2
    endloop
  endfacet
  facet normal 0.17234410755698443 0.6880362451815931 0.7049139195013823
    outer loop
      vertex -29.493483951332585 -27.626798570744754 0.010000000000000018
      vertex -30.068276496343906 -29.52163565343838 2
      vertex -29.33165354742742 -27.667334976685492 0.010000000000000018
    endloop
  endfacet
  facet normal 0.10407487837686248 0.7016158391769955 0.7049139195013825
    outer loop
      vertex -29.33165354742742 -27.667334976685492 0.010000000000000018
      vertex -29.71795179699169 -29.609387422459054 2
      vertex -29.166629138560253 -27.691814035342734 0.010000000000000018
    endloop
  endfacet
  facet normal 0.034803351224869376 0.708438489098889 0.7049139195013826
    outer loop
      vertex -29.166629138560253 -27.691814035342734 0.010000000000000018
      vertex -29.36071282936207 -29.662378817509573 2
      vertex -29 -27.7 0.010000000000000018
    endloop
  endfacet
  facet normal -0.0348033512248694 0.7084384890988893 0.7049139195013823
    outer loop
      vertex -29 -27.7 0.010000000000000018
      vertex -29 -29.68009950248756 2
      vertex -28.833370861439747 -27.691814035342734 0.010000000000000018
    endloop
  endfacet
  facet normal -0.10407487837686245 0.7016158391769954 0.7049139195013827
    outer loop
      vertex -28.833370861439747 -27.691814035342734 0.010000000000000018
      vertex -28.63928717063793 -29.662378817509573 2
      vertex -28.66834645257258 -27.667334976685492 0.010000000000000018
    endloop
  endfacet
  facet normal -0.17234410755698443 0.688036245181593 0.7049139195013825
    outer loop
      vertex -28.66834645257258 -27.667334976685492 0.010000000000000018
      vertex -28.28204820300831 -29.609387422459054 2
      vertex -28.506516048667415 -27.626798570744754 0.010000000000000018
    endloop
  endfacet
  facet normal -0.2389535687684426 0.6678304860262244 0.7049139195013828
    outer loop
      vertex -28.506516048667415 -27.626798570744754 0.010000000000000018
      vertex -27.93172350365609 -29.521635653438384 2
      vertex -28.349438164979347 -27.570595205269186 0.010000000000000018
    endloop
  endfacet
  facet normal -0.30326177648735764 0.641193154217144 0.7049139195013826
    outer loop
      vertex -28.349438164979347 -27.570595205269186 0.010000000000000018
      vertex -27.591686890943 -29.399968607953227 2
      vertex -28.198625547395803 -27.499266149392202 0.010000000000000018
    endloop
  endfacet
  facet normal -0.3646494075189488 0.608380781821121 0.7049139195013822
    outer loop
      vertex -28.198625547395803 -27.499266149392202 0.010000000000000018
      vertex -27.265213103332385 -29.24555800616158 2
      vertex -28.055530603866675 -27.413498340914327 0.010000000000000018
    endloop
  endfacet
  facet normal -0.4225252654184974 0.5697093699213904 0.7049139195013818
    outer loop
      vertex -28.055530603866675 -27.413498340914327 0.010000000000000018
      vertex -26.955446261867664 -29.05989090656812 2
      vertex -27.921531416921802 -27.314117770716653 0.010000000000000018
    endloop
  endfacet
  facet normal -0.4763319740362504 0.5255513453545024 0.7049139195013824
    outer loop
      vertex -27.921531416921802 -27.314117770716653 0.010000000000000018
      vertex -26.665369590567916 -28.844755384837892 2
      vertex -27.797918471982868 -27.202081528017132 0.010000000000000018
    endloop
  endfacet
  facet normal -0.5255513453545033 0.4763319740362511 0.7049139195013813
    outer loop
      vertex -27.797918471982868 -27.202081528017132 0.010000000000000018
      vertex -26.397776686349808 -28.602223313650192 2
      vertex -27.685882229283347 -27.078468583078198 0.010000000000000018
    endloop
  endfacet
  facet normal -0.5697093699213901 0.4225252654184971 0.7049139195013823
    outer loop
      vertex -27.685882229283347 -27.078468583078198 0.010000000000000018
      vertex -26.155244615162108 -28.334630409432084 2
      vertex -27.586501659085673 -26.944469396133325 0.010000000000000018
    endloop
  endfacet
  facet normal -0.6083807818211214 0.364649407518949 0.7049139195013818
    outer loop
      vertex -27.586501659085673 -26.944469396133325 0.010000000000000018
      vertex -25.94010909343188 -28.044553738132336 2
      vertex -27.500733850607798 -26.801374452604197 0.010000000000000018
    endloop
  endfacet
  facet normal 0.2389535687684426 -0.6678304860262244 0.7049139195013828
    outer loop
      vertex -29.650561835020653 -24.429404794730814 0.010000000000000018
      vertex -29.493483951332585 -24.373201429255246 0.010000000000000018
      vertex -30.06827649634391 -22.478364346561616 2
    endloop
  endfacet
  facet normal 0.17234410755698443 -0.688036245181593 0.7049139195013825
    outer loop
      vertex -29.493483951332585 -24.373201429255246 0.010000000000000018
      vertex -29.33165354742742 -24.332665023314508 0.010000000000000018
      vertex -29.71795179699169 -22.390612577540946 2
    endloop
  endfacet
  facet normal 0.10407487837686245 -0.7016158391769954 0.7049139195013826
    outer loop
      vertex -29.33165354742742 -24.332665023314508 0.010000000000000018
      vertex -29.166629138560253 -24.308185964657266 0.010000000000000018
      vertex -29.36071282936207 -22.337621182490427 2
    endloop
  endfacet
  facet normal 0.0348033512248694 -0.7084384890988893 0.7049139195013823
    outer loop
      vertex -29.166629138560253 -24.308185964657266 0.010000000000000018
      vertex -29 -24.3 0.010000000000000018
      vertex -29 -22.31990049751244 2
    endloop
  endfacet
  facet normal -0.034803351224869376 -0.708438489098889 0.7049139195013826
    outer loop
      vertex -29 -24.3 0.010000000000000018
      vertex -28.833370861439747 -24.308185964657266 0.010000000000000018
      vertex -28.63928717063793 -22.337621182490427 2
    endloop
  endfacet
  facet normal -0.10407487837686248 -0.7016158391769955 0.7049139195013825
    outer loop
      vertex -28.833370861439747 -24.308185964657266 0.010000000000000018
      vertex -28.66834645257258 -24.332665023314508 0.010000000000000018
      vertex -28.28204820300831 -22.390612577540946 2
    endloop
  endfacet
  facet normal -0.17234410755698443 -0.688036245181593 0.7049139195013825
    outer loop
      vertex -28.66834645257258 -24.332665023314508 0.010000000000000018
      vertex -28.506516048667415 -24.373201429255246 0.010000000000000018
      vertex -27.93172350365609 -22.47836434656162 2
    endloop
  endfacet
  facet normal -0.2389535687684427 -0.6678304860262247 0.7049139195013826
    outer loop
      vertex -28.506516048667415 -24.373201429255246 0.010000000000000018
      vertex -28.349438164979347 -24.429404794730814 0.010000000000000018
      vertex -27.591686890943 -22.600031392046773 2
    endloop
  endfacet
  facet normal -0.30326177648735786 -0.6411931542171444 0.704913919501382
    outer loop
      vertex -28.349438164979347 -24.429404794730814 0.010000000000000018
      vertex -28.198625547395803 -24.500733850607798 0.010000000000000018
      vertex -27.265213103332385 -22.75444199383842 2
    endloop
  endfacet
  facet normal -0.364649407518949 -0.6083807818211214 0.7049139195013818
    outer loop
      vertex -28.198625547395803 -24.500733850607798 0.010000000000000018
      vertex -28.055530603866675 -24.586501659085673 0.010000000000000018
      vertex -26.955446261867664 -22.94010909343188 2
    endloop
  endfacet
  facet normal -0.6411931542171444 0.30326177648735786 0.704913919501382
    outer loop
      vertex -27.500733850607798 -26.801374452604197 0.010000000000000018
      vertex -25.75444199383842 -27.734786896667615 2
      vertex -27.429404794730814 -26.650561835020653 0.010000000000000018
    endloop
  endfacet
  facet normal -0.6678304860262247 0.2389535687684427 0.7049139195013826
    outer loop
      vertex -27.429404794730814 -26.650561835020653 0.010000000000000018
      vertex -25.600031392046773 -27.408313109057 2
      vertex -27.373201429255246 -26.493483951332585 0.010000000000000018
    endloop
  endfacet
  facet normal -0.6880362451815925 0.1723441075569843 0.704913919501383
    outer loop
      vertex -27.373201429255246 -26.493483951332585 0.010000000000000018
      vertex -25.478364346561616 -27.06827649634391 2
      vertex -27.332665023314508 -26.33165354742742 0.010000000000000018
    endloop
  endfacet
  facet normal -0.7016158391769955 0.10407487837686248 0.7049139195013825
    outer loop
      vertex -27.332665023314508 -26.33165354742742 0.010000000000000018
      vertex -25.390612577540946 -26.71795179699169 2
      vertex -27.308185964657266 -26.166629138560253 0.010000000000000018
    endloop
  endfacet
  facet normal -0.708438489098889 0.034803351224869376 0.7049139195013826
    outer loop
      vertex -27.308185964657266 -26.166629138560253 0.010000000000000018
      vertex -25.337621182490427 -26.36071282936207 2
      vertex -27.3 -26 0.010000000000000018
    endloop
  endfacet
  facet normal -0.7084384890988893 -0.0348033512248694 0.7049139195013823
    outer loop
      vertex -27.3 -26 0.010000000000000018
      vertex -25.31990049751244 -26 2
      vertex -27.308185964657266 -25.833370861439747 0.010000000000000018
    endloop
  endfacet
  facet normal -0.7016158391769954 -0.10407487837686245 0.7049139195013826
    outer loop
      vertex -27.308185964657266 -25.833370861439747 0.010000000000000018
      vertex -25.337621182490427 -25.63928717063793 2
      vertex -27.332665023314508 -25.66834645257258 0.010000000000000018
    endloop
  endfacet
  facet normal -0.688036245181593 -0.17234410755698443 0.7049139195013825
    outer loop
      vertex -27.332665023314508 -25.66834645257258 0.010000000000000018
      vertex -25.390612577540946 -25.28204820300831 2
      vertex -27.373201429255246 -25.506516048667415 0.010000000000000018
    endloop
  endfacet
  facet normal -0.6678304860262244 -0.2389535687684426 0.7049139195013828
    outer loop
      vertex -27.373201429255246 -25.506516048667415 0.010000000000000018
      vertex -25.478364346561616 -24.93172350365609 2
      vertex -27.429404794730814 -25.349438164979347 0.010000000000000018
    endloop
  endfacet
  facet normal -0.4763319740362511 -0.5255513453545033 0.7049139195013813
    outer loop
      vertex -27.921531416921802 -24.685882229283347 0.010000000000000018
      vertex -27.797918471982868 -24.797918471982868 0.010000000000000018
      vertex -26.397776686349808 -23.397776686349808 2
    endloop
  endfacet
  facet normal -0.5255513453545024 -0.4763319740362504 0.7049139195013824
    outer loop
      vertex -27.685882229283347 -24.921531416921802 0.010000000000000018
      vertex -26.155244615162108 -23.665369590567916 2
      vertex -27.797918471982868 -24.797918471982868 0.010000000000000018
    endloop
  endfacet
  facet normal -0.641193154217144 -0.30326177648735764 0.7049139195013826
    outer loop
      vertex -27.429404794730814 -25.349438164979347 0.010000000000000018
      vertex -25.600031392046773 -24.591686890943 2
      vertex -27.500733850607798 -25.198625547395803 0.010000000000000018
    endloop
  endfacet
  facet normal -0.608380781821121 -0.3646494075189488 0.7049139195013822
    outer loop
      vertex -27.500733850607798 -25.198625547395803 0.010000000000000018
      vertex -25.75444199383842 -24.265213103332385 2
      vertex -27.586501659085673 -25.055530603866675 0.010000000000000018
    endloop
  endfacet
  facet normal -0.5697093699213904 -0.4225252654184974 0.7049139195013818
    outer loop
      vertex -27.685882229283347 -24.921531416921802 0.010000000000000018
      vertex -27.586501659085673 -25.055530603866675 0.010000000000000018
      vertex -25.94010909343188 -23.955446261867664 2
    endloop
  endfacet
  facet normal -0.4225252654184971 -0.5697093699213901 0.7049139195013823
    outer loop
      vertex -27.921531416921802 -24.685882229283347 0.010000000000000018
      vertex -26.665369590567916 -23.155244615162108 2
      vertex -28.055530603866675 -24.586501659085673 0.010000000000000018
    endloop
  endfacet
  facet normal 0.476331974036249 0.525551345354504 0.7049139195013822
    outer loop
      vertex -30.202081528017132 -27.202081528017132 0.010000000000000018
      vertex -31.594408590829346 -28.594408590829346 1.9888930545655712
      vertex -31.469785444821536 -28.7073604264653 1.988893054608454
    endloop
  endfacet
  facet normal 0.4225252654185078 0.5697093699213825 0.704913919501382
    outer loop
      vertex -30.078468583078198 -27.314117770716653 0.010000000000000018
      vertex -31.32761929337448 -28.836212315203397 1.9888930544919325
      vertex -31.217146375910826 -28.920104150342414 1.990476745400605
    endloop
  endfacet
  facet normal 0.4763319740362512 0.5255513453545024 0.7049139195013818
    outer loop
      vertex -30.078468583078198 -27.314117770716653 0.010000000000000018
      vertex -31.469785444821536 -28.7073604264653 1.988893054608454
      vertex -31.32761929337448 -28.836212315203397 1.9888930544919325
    endloop
  endfacet
  facet normal 0.5697093699213832 0.42252526541850666 0.704913919501382
    outer loop
      vertex -30.314117770716653 -27.078468583078198 0.010000000000000018
      vertex -31.920104150342414 -28.217146375910826 1.990476745400605
      vertex -31.836212315203397 -28.32761929337448 1.9888930544919323
    endloop
  endfacet
  facet normal 0.5697093699213843 0.4225252654185045 0.7049139195013826
    outer loop
      vertex -30.413498340914327 -26.944469396133325 0.010000000000000018
      vertex -32.052012004313966 -28.03928922395585 1.9904767454537458
      vertex -31.920104150342414 -28.217146375910826 1.990476745400605
    endloop
  endfacet
  facet normal 0.608380781821107 0.36464940751897307 0.7049139195013816
    outer loop
      vertex -30.499266149392202 -26.801374452604197 0.010000000000000018
      vertex -32.23996713099341 -27.731798511630522 1.9936288762147503
      vertex -32.1966315488715 -27.804099562635855 1.9936288763283696
    endloop
  endfacet
  facet normal 0.6411931542171017 0.3032617764874488 0.7049139195013818
    outer loop
      vertex -30.499266149392202 -26.801374452604197 0.010000000000000018
      vertex -32.244546534345695 -27.722393771340446 1.9937483004873897
      vertex -32.23996713099341 -27.731798511630522 1.9936288762147503
    endloop
  endfacet
  facet normal 0.6678304860262444 0.23895356876839188 0.7049139195013812
    outer loop
      vertex -30.570595205269186 -26.650561835020653 0.010000000000000018
      vertex -32.41595413416195 -27.360376686772373 1.9988949609023259
      vertex -32.39789790812052 -27.407455397102687 1.9977474841051894
    endloop
  endfacet
  facet normal 0.6411931542171436 0.3032617764873586 0.7049139195013825
    outer loop
      vertex -30.570595205269186 -26.650561835020653 0.010000000000000018
      vertex -32.39789790812052 -27.407455397102687 1.9977474841051894
      vertex -32.244546534345695 -27.722393771340446 1.9937483004873897
    endloop
  endfacet
  facet normal 0.6083807818211269 0.36464940751893843 0.7049139195013826
    outer loop
      vertex -30.413498340914327 -26.944469396133325 0.010000000000000018
      vertex -32.1966315488715 -27.804099562635855 1.9936288763283696
      vertex -32.052012004313966 -28.03928922395585 1.9904767454537458
    endloop
  endfacet
  facet normal 0.5255513453545017 0.4763319740362518 0.704913919501382
    outer loop
      vertex -30.314117770716653 -27.078468583078198 0.010000000000000018
      vertex -31.836212315203397 -28.32761929337448 1.9888930544919323
      vertex -31.7073604264653 -28.469785444821536 1.988893054608454
    endloop
  endfacet
  facet normal 0.525551345354504 0.476331974036249 0.7049139195013822
    outer loop
      vertex -30.202081528017132 -27.202081528017132 0.010000000000000018
      vertex -31.7073604264653 -28.469785444821536 1.988893054608454
      vertex -31.594408590829346 -28.594408590829346 1.9888930545655712
    endloop
  endfacet
  facet normal 0.36464940751896124 0.6083807818211132 0.7049139195013825
    outer loop
      vertex -29.801374452604197 -27.499266149392202 0.010000000000000018
      vertex -30.804099562635855 -29.196631548871505 1.9936288763283696
      vertex -30.73179851163052 -29.239967130993417 1.99362887621475
    endloop
  endfacet
  facet normal 0.3032617764874359 0.6411931542171034 0.7049139195013857
    outer loop
      vertex -29.801374452604197 -27.499266149392202 0.010000000000000018
      vertex -30.73179851163052 -29.239967130993417 1.99362887621475
      vertex -30.72239377134045 -29.244546534345695 1.9937483004873895
    endloop
  endfacet
  facet normal 0.4225252654184966 0.5697093699213907 0.7049139195013822
    outer loop
      vertex -29.944469396133325 -27.413498340914327 0.010000000000000018
      vertex -31.217146375910826 -28.920104150342414 1.990476745400605
      vertex -31.03928922395585 -29.052012004313962 1.990476745453746
    endloop
  endfacet
  facet normal 0.36464940751895264 0.6083807818211188 0.7049139195013823
    outer loop
      vertex -29.944469396133325 -27.413498340914327 0.010000000000000018
      vertex -31.03928922395585 -29.052012004313962 1.990476745453746
      vertex -30.804099562635855 -29.196631548871505 1.9936288763283696
    endloop
  endfacet
  facet normal 0.3032617764873592 0.641193154217143 0.7049139195013828
    outer loop
      vertex -29.650561835020653 -27.570595205269186 0.010000000000000018
      vertex -30.72239377134045 -29.244546534345695 1.9937483004873895
      vertex -30.40745539710269 -29.39789790812052 1.997747484105189
    endloop
  endfacet
  facet normal 0.23895356876843254 0.6678304860262282 0.7049139195013828
    outer loop
      vertex -29.650561835020653 -27.570595205269186 0.010000000000000018
      vertex -30.40745539710269 -29.39789790812052 1.997747484105189
      vertex -30.360376686772376 -29.415954134161954 1.9988949609023257
    endloop
  endfacet
  facet normal 0.23895356876843224 0.6678304860262285 0.7049139195013826
    outer loop
      vertex -29.650561835020653 -27.570595205269186 0.010000000000000018
      vertex -30.360376686772376 -29.415954134161954 1.9988949609023257
      vertex -30.269619860539752 -29.449593845780395 2
    endloop
  endfacet
  facet normal 0.23895356876843585 0.6678304860262274 0.7049139195013823
    outer loop
      vertex -29.493483951332585 -27.626798570744754 0.010000000000000018
      vertex -30.269619860539752 -29.449593845780395 2
      vertex -30.068276496343906 -29.52163565343838 2
    endloop
  endfacet
  facet normal 0.6880362451815949 0.17234410755697788 0.7049139195013823
    outer loop
      vertex -30.626798570744754 -26.493483951332585 0.010000000000000018
      vertex -32.60938742245905 -26.71795179699169 2
      vertex -32.52163565343838 -27.06827649634391 2
    endloop
  endfacet
  facet normal 0.7016158391769934 0.10407487837687775 0.7049139195013823
    outer loop
      vertex -30.667334976685492 -26.33165354742742 0.010000000000000018
      vertex -32.66237881750958 -26.36071282936207 2
      vertex -32.60938742245905 -26.71795179699169 2
    endloop
  endfacet
  facet normal 0.7084384890988886 0.034803351224865706 0.7049139195013832
    outer loop
      vertex -30.691814035342734 -26.166629138560253 0.010000000000000018
      vertex -32.680099502487565 -26 2
      vertex -32.66237881750958 -26.36071282936207 2
    endloop
  endfacet
  facet normal 0.7084384890988888 -0.034803351224865414 0.704913919501383
    outer loop
      vertex -30.7 -26 0.010000000000000018
      vertex -32.66237881750958 -25.63928717063793 2
      vertex -32.680099502487565 -26 2
    endloop
  endfacet
  facet normal 0.7016158391769929 -0.10407487837687766 0.7049139195013829
    outer loop
      vertex -30.691814035342734 -25.833370861439747 0.010000000000000018
      vertex -32.60938742245905 -25.28204820300831 2
      vertex -32.66237881750958 -25.63928717063793 2
    endloop
  endfacet
  facet normal 0.6880362451815951 -0.17234410755697793 0.704913919501382
    outer loop
      vertex -30.667334976685492 -25.66834645257258 0.010000000000000018
      vertex -32.52163565343838 -24.93172350365609 2
      vertex -32.60938742245905 -25.28204820300831 2
    endloop
  endfacet
  facet normal 0.6678304860262156 0.23895356876846635 0.7049139195013829
    outer loop
      vertex -30.626798570744754 -26.493483951332585 0.010000000000000018
      vertex -32.44959384578039 -27.269619860539763 2
      vertex -32.41595413416195 -27.360376686772373 1.9988949609023259
    endloop
  endfacet
  facet normal 0.6678304860262263 0.23895356876843876 0.7049139195013824
    outer loop
      vertex -30.626798570744754 -26.493483951332585 0.010000000000000018
      vertex -32.52163565343838 -27.06827649634391 2
      vertex -32.44959384578039 -27.269619860539763 2
    endloop
  endfacet
  facet normal 0.6678304860262259 -0.2389535687684398 0.7049139195013823
    outer loop
      vertex -30.626798570744754 -25.506516048667415 0.010000000000000018
      vertex -32.39996860795323 -24.591686890943 2
      vertex -32.52163565343838 -24.93172350365609 2
    endloop
  endfacet
  facet normal 0.6411931542171415 -0.3032617764873631 0.7049139195013824
    outer loop
      vertex -30.570595205269186 -25.349438164979347 0.010000000000000018
      vertex -32.24555800616158 -24.265213103332385 2
      vertex -32.39996860795323 -24.591686890943 2
    endloop
  endfacet
  facet normal 0.6083807818211245 -0.3646494075189426 0.7049139195013826
    outer loop
      vertex -30.499266149392202 -25.198625547395803 0.010000000000000018
      vertex -32.05989090656813 -23.955446261867664 2
      vertex -32.24555800616158 -24.265213103332385 2
    endloop
  endfacet
  facet normal 0.5697093699213858 -0.42252526541850227 0.7049139195013828
    outer loop
      vertex -30.413498340914327 -25.055530603866675 0.010000000000000018
      vertex -31.844755384837892 -23.665369590567916 2
      vertex -32.05989090656813 -23.955446261867664 2
    endloop
  endfacet
  facet normal 0.5255513453544941 -0.47633197403626004 0.7049139195013818
    outer loop
      vertex -30.314117770716653 -24.921531416921802 0.010000000000000018
      vertex -31.602223313650192 -23.397776686349808 2
      vertex -31.844755384837892 -23.665369590567916 2
    endloop
  endfacet
  facet normal 0.47633197403626043 -0.5255513453544944 0.7049139195013816
    outer loop
      vertex -30.202081528017132 -24.797918471982868 0.010000000000000018
      vertex -31.334630409432084 -23.155244615162108 2
      vertex -31.602223313650192 -23.397776686349808 2
    endloop
  endfacet
  facet normal 0.4225252654184932 -0.569709369921393 0.7049139195013822
    outer loop
      vertex -30.078468583078198 -24.685882229283347 0.010000000000000018
      vertex -31.044553738132336 -22.94010909343188 2
      vertex -31.334630409432084 -23.155244615162108 2
    endloop
  endfacet
  facet normal 0.3646494075189533 -0.6083807818211188 0.7049139195013818
    outer loop
      vertex -29.944469396133325 -24.586501659085673 0.010000000000000018
      vertex -30.734786896667615 -22.75444199383842 2
      vertex -31.044553738132336 -22.94010909343188 2
    endloop
  endfacet
  facet normal 0.30326177648736347 -0.6411931542171417 0.7049139195013822
    outer loop
      vertex -29.801374452604197 -24.500733850607798 0.010000000000000018
      vertex -30.408313109057 -22.600031392046773 2
      vertex -30.734786896667615 -22.75444199383842 2
    endloop
  endfacet
  facet normal 0.17234410755698593 0.6880362451815925 0.7049139195013824
    outer loop
      vertex -29.33165354742742 -27.667334976685492 0.010000000000000018
      vertex -30.068276496343906 -29.52163565343838 2
      vertex -29.71795179699169 -29.609387422459054 2
    endloop
  endfacet
  facet normal 0.10407487837686415 0.7016158391769953 0.7049139195013826
    outer loop
      vertex -29.166629138560253 -27.691814035342734 0.010000000000000018
      vertex -29.71795179699169 -29.609387422459054 2
      vertex -29.36071282936207 -29.662378817509573 2
    endloop
  endfacet
  facet normal 0.034803351224865865 0.7084384890988894 0.7049139195013824
    outer loop
      vertex -29 -27.7 0.010000000000000018
      vertex -29.36071282936207 -29.662378817509573 2
      vertex -29 -29.68009950248756 2
    endloop
  endfacet
  facet normal -0.03480335122486562 0.7084384890988893 0.7049139195013825
    outer loop
      vertex -28.833370861439747 -27.691814035342734 0.010000000000000018
      vertex -29 -29.68009950248756 2
      vertex -28.63928717063793 -29.662378817509573 2
    endloop
  endfacet
  facet normal -0.10407487837686416 0.7016158391769952 0.7049139195013825
    outer loop
      vertex -28.66834645257258 -27.667334976685492 0.010000000000000018
      vertex -28.63928717063793 -29.662378817509573 2
      vertex -28.28204820300831 -29.609387422459054 2
    endloop
  endfacet
  facet normal -0.17234410755697757 0.6880362451815942 0.704913919501383
    outer loop
      vertex -28.506516048667415 -27.626798570744754 0.010000000000000018
      vertex -28.28204820300831 -29.609387422459054 2
      vertex -27.93172350365609 -29.521635653438384 2
    endloop
  endfacet
  facet normal -0.23895356876844595 0.6678304860262234 0.7049139195013825
    outer loop
      vertex -28.349438164979347 -27.570595205269186 0.010000000000000018
      vertex -27.93172350365609 -29.521635653438384 2
      vertex -27.591686890943 -29.399968607953227 2
    endloop
  endfacet
  facet normal -0.30326177648736347 0.6411931542171417 0.7049139195013822
    outer loop
      vertex -28.198625547395803 -27.499266149392202 0.010000000000000018
      vertex -27.591686890943 -29.399968607953227 2
      vertex -27.265213103332385 -29.24555800616158 2
    endloop
  endfacet
  facet normal -0.3646494075189533 0.6083807818211188 0.7049139195013818
    outer loop
      vertex -28.055530603866675 -27.413498340914327 0.010000000000000018
      vertex -27.265213103332385 -29.24555800616158 2
      vertex -26.955446261867664 -29.05989090656812 2
    endloop
  endfacet
  facet normal -0.4225252654184932 0.569709369921393 0.7049139195013822
    outer loop
      vertex -27.921531416921802 -27.314117770716653 0.010000000000000018
      vertex -26.955446261867664 -29.05989090656812 2
      vertex -26.665369590567916 -28.844755384837892 2
    endloop
  endfacet
  facet normal -0.47633197403626043 0.5255513453544944 0.7049139195013816
    outer loop
      vertex -27.797918471982868 -27.202081528017132 0.010000000000000018
      vertex -26.665369590567916 -28.844755384837892 2
      vertex -26.397776686349808 -28.602223313650192 2
    endloop
  endfacet
  facet normal -0.5255513453544941 0.47633197403626004 0.7049139195013818
    outer loop
      vertex -27.685882229283347 -27.078468583078198 0.010000000000000018
      vertex -26.397776686349808 -28.602223313650192 2
      vertex -26.155244615162108 -28.334630409432084 2
    endloop
  endfacet
  facet normal -0.569709369921393 0.42252526541849367 0.7049139195013822
    outer loop
      vertex -27.586501659085673 -26.944469396133325 0.010000000000000018
      vertex -26.155244615162108 -28.334630409432084 2
      vertex -25.94010909343188 -28.044553738132336 2
    endloop
  endfacet
  facet normal -0.6083807818211185 0.36464940751895303 0.7049139195013822
    outer loop
      vertex -27.500733850607798 -26.801374452604197 0.010000000000000018
      vertex -25.94010909343188 -28.044553738132336 2
      vertex -25.75444199383842 -27.734786896667615 2
    endloop
  endfacet
  facet normal -0.6411931542171415 0.3032617764873631 0.7049139195013824
    outer loop
      vertex -27.429404794730814 -26.650561835020653 0.010000000000000018
      vertex -25.75444199383842 -27.734786896667615 2
      vertex -25.600031392046773 -27.408313109057 2
    endloop
  endfacet
  facet normal -0.3032617764873631 -0.6411931542171415 0.7049139195013824
    outer loop
      vertex -28.349438164979347 -24.429404794730814 0.010000000000000018
      vertex -27.265213103332385 -22.75444199383842 2
      vertex -27.591686890943 -22.600031392046773 2
    endloop
  endfacet
  facet normal -0.6678304860262233 0.2389535687684458 0.7049139195013828
    outer loop
      vertex -27.373201429255246 -26.493483951332585 0.010000000000000018
      vertex -25.600031392046773 -27.408313109057 2
      vertex -25.478364346561616 -27.06827649634391 2
    endloop
  endfacet
  facet normal -0.6880362451815947 0.17234410755697777 0.7049139195013826
    outer loop
      vertex -27.332665023314508 -26.33165354742742 0.010000000000000018
      vertex -25.478364346561616 -27.06827649634391 2
      vertex -25.390612577540946 -26.71795179699169 2
    endloop
  endfacet
  facet normal -0.7016158391769952 0.10407487837686402 0.7049139195013826
    outer loop
      vertex -27.308185964657266 -26.166629138560253 0.010000000000000018
      vertex -25.390612577540946 -26.71795179699169 2
      vertex -25.337621182490427 -26.36071282936207 2
    endloop
  endfacet
  facet normal -0.6880362451815943 -0.17234410755697774 0.7049139195013829
    outer loop
      vertex -27.373201429255246 -25.506516048667415 0.010000000000000018
      vertex -25.390612577540946 -25.28204820300831 2
      vertex -25.478364346561616 -24.93172350365609 2
    endloop
  endfacet
  facet normal -0.7084384890988894 0.03480335122486548 0.7049139195013824
    outer loop
      vertex -27.3 -26 0.010000000000000018
      vertex -25.337621182490427 -26.36071282936207 2
      vertex -25.31990049751244 -26 2
    endloop
  endfacet
  facet normal -0.7084384890988893 -0.0348033512248657 0.7049139195013825
    outer loop
      vertex -27.308185964657266 -25.833370861439747 0.010000000000000018
      vertex -25.31990049751244 -26 2
      vertex -25.337621182490427 -25.63928717063793 2
    endloop
  endfacet
  facet normal -0.7016158391769953 -0.10407487837686402 0.7049139195013827
    outer loop
      vertex -27.332665023314508 -25.66834645257258 0.010000000000000018
      vertex -25.337621182490427 -25.63928717063793 2
      vertex -25.390612577540946 -25.28204820300831 2
    endloop
  endfacet
  facet normal -0.3646494075189529 -0.6083807818211187 0.704913919501382
    outer loop
      vertex -28.198625547395803 -24.500733850607798 0.010000000000000018
      vertex -26.955446261867664 -22.94010909343188 2
      vertex -27.265213103332385 -22.75444199383842 2
    endloop
  endfacet
  facet normal -0.4225252654184935 -0.5697093699213932 0.704913919501382
    outer loop
      vertex -28.055530603866675 -24.586501659085673 0.010000000000000018
      vertex -26.665369590567916 -23.155244615162108 2
      vertex -26.955446261867664 -22.94010909343188 2
    endloop
  endfacet
  facet normal -0.47633197403626004 -0.5255513453544941 0.704913919501382
    outer loop
      vertex -27.921531416921802 -24.685882229283347 0.010000000000000018
      vertex -26.397776686349808 -23.397776686349808 2
      vertex -26.665369590567916 -23.155244615162108 2
    endloop
  endfacet
  facet normal -0.5697093699213931 -0.4225252654184933 0.7049139195013823
    outer loop
      vertex -27.685882229283347 -24.921531416921802 0.010000000000000018
      vertex -25.94010909343188 -23.955446261867664 2
      vertex -26.155244615162108 -23.665369590567916 2
    endloop
  endfacet
  facet normal -0.5255513453544944 -0.4763319740362605 0.7049139195013816
    outer loop
      vertex -27.797918471982868 -24.797918471982868 0.010000000000000018
      vertex -26.155244615162108 -23.665369590567916 2
      vertex -26.397776686349808 -23.397776686349808 2
    endloop
  endfacet
  facet normal -0.6678304860262235 -0.23895356876844584 0.7049139195013826
    outer loop
      vertex -27.429404794730814 -25.349438164979347 0.010000000000000018
      vertex -25.478364346561616 -24.93172350365609 2
      vertex -25.600031392046773 -24.591686890943 2
    endloop
  endfacet
  facet normal -0.6083807818211188 -0.36464940751895336 0.7049139195013818
    outer loop
      vertex -27.586501659085673 -25.055530603866675 0.010000000000000018
      vertex -25.75444199383842 -24.265213103332385 2
      vertex -25.94010909343188 -23.955446261867664 2
    endloop
  endfacet
  facet normal -0.6411931542171417 -0.3032617764873633 0.7049139195013822
    outer loop
      vertex -27.500733850607798 -25.198625547395803 0.010000000000000018
      vertex -25.600031392046773 -24.591686890943 2
      vertex -25.75444199383842 -24.265213103332385 2
    endloop
  endfacet
  facet normal 0.23895356876844595 -0.6678304860262234 0.7049139195013825
    outer loop
      vertex -29.650561835020653 -24.429404794730814 0.010000000000000018
      vertex -30.06827649634391 -22.478364346561616 2
      vertex -30.408313109057 -22.600031392046773 2
    endloop
  endfacet
  facet normal 0.17234410755697757 -0.6880362451815942 0.704913919501383
    outer loop
      vertex -29.493483951332585 -24.373201429255246 0.010000000000000018
      vertex -29.71795179699169 -22.390612577540946 2
      vertex -30.06827649634391 -22.478364346561616 2
    endloop
  endfacet
  facet normal 0.10407487837686416 -0.7016158391769952 0.7049139195013825
    outer loop
      vertex -29.33165354742742 -24.332665023314508 0.010000000000000018
      vertex -29.36071282936207 -22.337621182490427 2
      vertex -29.71795179699169 -22.390612577540946 2
    endloop
  endfacet
  facet normal 0.03480335122486562 -0.7084384890988893 0.7049139195013825
    outer loop
      vertex -29.166629138560253 -24.308185964657266 0.010000000000000018
      vertex -29 -22.31990049751244 2
      vertex -29.36071282936207 -22.337621182490427 2
    endloop
  endfacet
  facet normal -0.034803351224865865 -0.7084384890988894 0.7049139195013824
    outer loop
      vertex -29 -24.3 0.010000000000000018
      vertex -28.63928717063793 -22.337621182490427 2
      vertex -29 -22.31990049751244 2
    endloop
  endfacet
  facet normal -0.10407487837686415 -0.7016158391769953 0.7049139195013826
    outer loop
      vertex -28.833370861439747 -24.308185964657266 0.010000000000000018
      vertex -28.28204820300831 -22.390612577540946 2
      vertex -28.63928717063793 -22.337621182490427 2
    endloop
  endfacet
  facet normal -0.17234410755698432 -0.688036245181593 0.7049139195013825
    outer loop
      vertex -28.66834645257258 -24.332665023314508 0.010000000000000018
      vertex -27.93172350365609 -22.47836434656162 2
      vertex -28.28204820300831 -22.390612577540946 2
    endloop
  endfacet
  facet normal -0.23895356876843987 -0.6678304860262261 0.7049139195013823
    outer loop
      vertex -28.506516048667415 -24.373201429255246 0.010000000000000018
      vertex -27.591686890943 -22.600031392046773 2
      vertex -27.93172350365609 -22.47836434656162 2
    endloop
  endfacet
  facet normal 0.5697093699213847 0.4225252654185043 0.7049139195013824
    outer loop
      vertex -30.413498340914327 25.05553060386667 0.010000000000000018
      vertex -32.05989090656813 23.955446261867664 2
      vertex -30.314117770716653 24.921531416921802 0.010000000000000018
    endloop
  endfacet
  facet normal 0.6411931542171412 0.3032617764873634 0.7049139195013826
    outer loop
      vertex -30.499266149392202 25.198625547395807 0.010000000000000018
      vertex -30.570595205269186 25.349438164979347 0.010000000000000018
      vertex -32.39996860795323 24.591686890942995 2
    endloop
  endfacet
  facet normal 0.6083807818211283 0.3646494075189351 0.7049139195013829
    outer loop
      vertex -30.413498340914327 25.05553060386667 0.010000000000000018
      vertex -30.499266149392202 25.198625547395807 0.010000000000000018
      vertex -32.24555800616158 24.265213103332385 2
    endloop
  endfacet
  facet normal 0.4225252654185156 0.5697093699213743 0.7049139195013839
    outer loop
      vertex -29.944469396133325 24.58650165908567 0.010000000000000018
      vertex -30.078468583078198 24.68588222928335 0.010000000000000018
      vertex -31.334630409432084 23.155244615162104 2
    endloop
  endfacet
  facet normal 0.30326177648736985 0.6411931542171379 0.7049139195013829
    outer loop
      vertex -29.801374452604197 24.5007338506078 0.010000000000000018
      vertex -30.734786896667615 22.75444199383842 2
      vertex -29.650561835020653 24.429404794730814 0.010000000000000018
    endloop
  endfacet
  facet normal 0.36464940751892744 0.6083807818211358 0.7049139195013806
    outer loop
      vertex -29.944469396133325 24.58650165908567 0.010000000000000018
      vertex -31.044553738132336 22.94010909343188 2
      vertex -29.801374452604197 24.5007338506078 0.010000000000000018
    endloop
  endfacet
  facet normal 0.2389535687684427 0.6678304860262247 0.7049139195013826
    outer loop
      vertex -29.650561835020653 24.429404794730814 0.010000000000000018
      vertex -30.408313109057 22.600031392046773 2
      vertex -29.493483951332585 24.373201429255246 0.010000000000000018
    endloop
  endfacet
  facet normal 0.476331974036243 0.525551345354511 0.7049139195013809
    outer loop
      vertex -30.202081528017132 24.797918471982868 0.010000000000000018
      vertex -31.602223313650192 23.397776686349808 2
      vertex -30.078468583078198 24.68588222928335 0.010000000000000018
    endloop
  endfacet
  facet normal 0.5255513453545028 0.4763319740362506 0.7049139195013819
    outer loop
      vertex -30.202081528017132 24.797918471982868 0.010000000000000018
      vertex -30.314117770716653 24.921531416921802 0.010000000000000018
      vertex -31.844755384837892 23.66536959056792 2
    endloop
  endfacet
  facet normal 0.7084384890988887 0.03480335122486937 0.7049139195013829
    outer loop
      vertex -30.691814035342734 25.833370861439747 0.010000000000000018
      vertex -30.7 26 0.010000000000000018
      vertex -32.680099502487565 26 2
    endloop
  endfacet
  facet normal 0.6678304860262247 0.2389535687684427 0.7049139195013824
    outer loop
      vertex -30.570595205269186 25.349438164979347 0.010000000000000018
      vertex -30.626798570744754 25.506516048667415 0.010000000000000018
      vertex -32.52163565343838 24.931723503656087 2
    endloop
  endfacet
  facet normal 0.6880362451815929 0.1723441075569882 0.7049139195013816
    outer loop
      vertex -30.667334976685492 25.668346452572578 0.010000000000000018
      vertex -32.60938742245905 25.28204820300831 2
      vertex -30.626798570744754 25.506516048667415 0.010000000000000018
    endloop
  endfacet
  facet normal 0.7016158391769949 0.10407487837686014 0.7049139195013835
    outer loop
      vertex -30.667334976685492 25.668346452572578 0.010000000000000018
      vertex -30.691814035342734 25.833370861439747 0.010000000000000018
      vertex -32.66237881750958 25.639287170637928 2
    endloop
  endfacet
  facet normal 0.7084384890988883 -0.03480335122486935 0.7049139195013833
    outer loop
      vertex -30.7 26 0.010000000000000018
      vertex -30.691814035342734 26.166629138560253 0.010000000000000018
      vertex -32.66237881750958 26.360712829362072 2
    endloop
  endfacet
  facet normal 0.7016158391769965 -0.10407487837686039 0.7049139195013817
    outer loop
      vertex -30.691814035342734 26.166629138560253 0.010000000000000018
      vertex -30.667334976685492 26.331653547427422 0.010000000000000018
      vertex -32.60938742245905 26.71795179699169 2
    endloop
  endfacet
  facet normal 0.6880362451815919 -0.17234410755698792 0.7049139195013827
    outer loop
      vertex -30.667334976685492 26.331653547427422 0.010000000000000018
      vertex -30.626798570744754 26.493483951332585 0.010000000000000018
      vertex -32.52163565343838 27.068276496343913 2
    endloop
  endfacet
  facet normal 0.6411931542171411 -0.30326177648736347 0.7049139195013827
    outer loop
      vertex -30.570595205269186 26.650561835020653 0.010000000000000018
      vertex -30.499266149392202 26.801374452604193 0.010000000000000018
      vertex -32.23996713099341 27.731798511630522 1.9936288762147503
    endloop
  endfacet
  facet normal 0.6678304860262246 -0.23895356876844268 0.7049139195013826
    outer loop
      vertex -30.626798570744754 26.493483951332585 0.010000000000000018
      vertex -30.570595205269186 26.650561835020653 0.010000000000000018
      vertex -32.39789790812052 27.407455397102687 1.9977474841051894
    endloop
  endfacet
  facet normal 0.6083807818211295 -0.36464940751893576 0.7049139195013817
    outer loop
      vertex -30.499266149392202 26.801374452604193 0.010000000000000018
      vertex -30.413498340914327 26.94446939613333 0.010000000000000018
      vertex -32.052012004313966 28.039289223955848 1.9904767454537458
    endloop
  endfacet
  facet normal 0.5697093699213847 -0.4225252654185042 0.7049139195013825
    outer loop
      vertex -30.413498340914327 26.94446939613333 0.010000000000000018
      vertex -30.314117770716653 27.078468583078198 0.010000000000000018
      vertex -31.836212315203397 28.327619293374482 1.9888930544919323
    endloop
  endfacet
  facet normal 0.5255513453545028 -0.4763319740362506 0.7049139195013819
    outer loop
      vertex -30.314117770716653 27.078468583078198 0.010000000000000018
      vertex -30.202081528017132 27.202081528017132 0.010000000000000018
      vertex -31.594408590829346 28.594408590829346 1.9888930545655712
    endloop
  endfacet
  facet normal 0.47633197403624195 -0.5255513453545098 0.7049139195013827
    outer loop
      vertex -30.202081528017132 27.202081528017132 0.010000000000000018
      vertex -30.078468583078198 27.31411777071665 0.010000000000000018
      vertex -31.32761929337448 28.836212315203397 1.9888930544919325
    endloop
  endfacet
  facet normal 0.42252526541851704 -0.5697093699213762 0.7049139195013816
    outer loop
      vertex -30.078468583078198 27.31411777071665 0.010000000000000018
      vertex -29.944469396133325 27.41349834091433 0.010000000000000018
      vertex -31.03928922395585 29.052012004313966 1.990476745453746
    endloop
  endfacet
  facet normal 0.36464940751892544 -0.6083807818211324 0.7049139195013845
    outer loop
      vertex -29.944469396133325 27.41349834091433 0.010000000000000018
      vertex -29.801374452604197 27.4992661493922 0.010000000000000018
      vertex -30.73179851163052 29.23996713099342 1.99362887621475
    endloop
  endfacet
  facet normal 0.30326177648736996 -0.6411931542171382 0.7049139195013826
    outer loop
      vertex -29.801374452604197 27.4992661493922 0.010000000000000018
      vertex -29.650561835020653 27.570595205269186 0.010000000000000018
      vertex -30.40745539710269 29.39789790812052 1.997747484105189
    endloop
  endfacet
  facet normal 0.17234410755699855 0.6880362451815891 0.7049139195013828
    outer loop
      vertex -29.493483951332585 24.373201429255246 0.010000000000000018
      vertex -30.06827649634391 22.47836434656162 2
      vertex -29.33165354742742 24.332665023314505 0.010000000000000018
    endloop
  endfacet
  facet normal 0.10407487837683321 0.7016158391770019 0.7049139195013805
    outer loop
      vertex -29.33165354742742 24.332665023314505 0.010000000000000018
      vertex -29.71795179699169 22.39061257754095 2
      vertex -29.166629138560253 24.30818596465727 0.010000000000000018
    endloop
  endfacet
  facet normal 0.03480335122489942 0.7084384890988854 0.7049139195013847
    outer loop
      vertex -29.166629138560253 24.30818596465727 0.010000000000000018
      vertex -29.36071282936207 22.337621182490423 2
      vertex -29 24.299999999999997 0.010000000000000018
    endloop
  endfacet
  facet normal -0.034803351224899574 0.7084384890988885 0.7049139195013815
    outer loop
      vertex -29 24.299999999999997 0.010000000000000018
      vertex -29 22.319900497512435 2
      vertex -28.833370861439747 24.30818596465727 0.010000000000000018
    endloop
  endfacet
  facet normal -0.10407487837683262 0.7016158391769978 0.7049139195013847
    outer loop
      vertex -28.833370861439747 24.30818596465727 0.010000000000000018
      vertex -28.63928717063793 22.337621182490423 2
      vertex -28.66834645257258 24.332665023314505 0.010000000000000018
    endloop
  endfacet
  facet normal -0.17234410755699903 0.688036245181591 0.7049139195013808
    outer loop
      vertex -28.66834645257258 24.332665023314505 0.010000000000000018
      vertex -28.28204820300831 22.39061257754095 2
      vertex -28.506516048667415 24.373201429255246 0.010000000000000018
    endloop
  endfacet
  facet normal -0.2389535687684428 0.667830486026225 0.7049139195013822
    outer loop
      vertex -28.506516048667415 24.373201429255246 0.010000000000000018
      vertex -27.93172350365609 22.47836434656162 2
      vertex -28.349438164979347 24.429404794730814 0.010000000000000018
    endloop
  endfacet
  facet normal -0.3032617764873701 0.6411931542171384 0.7049139195013823
    outer loop
      vertex -28.349438164979347 24.429404794730814 0.010000000000000018
      vertex -27.591686890943 22.600031392046773 2
      vertex -28.198625547395803 24.5007338506078 0.010000000000000018
    endloop
  endfacet
  facet normal -0.36464940751892594 0.6083807818211333 0.7049139195013834
    outer loop
      vertex -28.198625547395803 24.5007338506078 0.010000000000000018
      vertex -27.265213103332385 22.75444199383842 2
      vertex -28.055530603866675 24.58650165908567 0.010000000000000018
    endloop
  endfacet
  facet normal -0.4225252654185175 0.5697093699213769 0.7049139195013808
    outer loop
      vertex -28.055530603866675 24.58650165908567 0.010000000000000018
      vertex -26.955446261867664 22.94010909343188 2
      vertex -27.921531416921802 24.68588222928335 0.010000000000000018
    endloop
  endfacet
  facet normal -0.4763319740362412 0.525551345354509 0.7049139195013836
    outer loop
      vertex -27.921531416921802 24.68588222928335 0.010000000000000018
      vertex -26.665369590567916 23.155244615162104 2
      vertex -27.797918471982868 24.797918471982868 0.010000000000000018
    endloop
  endfacet
  facet normal -0.5255513453545033 0.4763319740362511 0.7049139195013813
    outer loop
      vertex -27.797918471982868 24.797918471982868 0.010000000000000018
      vertex -26.397776686349808 23.397776686349808 2
      vertex -27.685882229283347 24.921531416921802 0.010000000000000018
    endloop
  endfacet
  facet normal -0.5697093699213848 0.42252526541850444 0.7049139195013822
    outer loop
      vertex -27.685882229283347 24.921531416921802 0.010000000000000018
      vertex -26.155244615162108 23.66536959056792 2
      vertex -27.586501659085673 25.05553060386667 0.010000000000000018
    endloop
  endfacet
  facet normal -0.60838078182113 0.3646494075189361 0.704913919501381
    outer loop
      vertex -27.586501659085673 25.05553060386667 0.010000000000000018
      vertex -25.94010909343188 23.955446261867664 2
      vertex -27.500733850607798 25.198625547395807 0.010000000000000018
    endloop
  endfacet
  facet normal -0.6411931542171414 0.3032617764873635 0.7049139195013826
    outer loop
      vertex -27.500733850607798 25.198625547395807 0.010000000000000018
      vertex -25.75444199383842 24.265213103332385 2
      vertex -27.429404794730814 25.349438164979347 0.010000000000000018
    endloop
  endfacet
  facet normal -0.6678304860262245 0.23895356876844262 0.7049139195013828
    outer loop
      vertex -27.429404794730814 25.349438164979347 0.010000000000000018
      vertex -25.600031392046773 24.591686890942995 2
      vertex -27.373201429255246 25.506516048667415 0.010000000000000018
    endloop
  endfacet
  facet normal -0.6880362451815912 0.17234410755698779 0.7049139195013834
    outer loop
      vertex -27.373201429255246 25.506516048667415 0.010000000000000018
      vertex -25.478364346561616 24.931723503656087 2
      vertex -27.332665023314508 25.668346452572578 0.010000000000000018
    endloop
  endfacet
  facet normal -0.701615839176996 0.1040748783768603 0.7049139195013824
    outer loop
      vertex -27.332665023314508 25.668346452572578 0.010000000000000018
      vertex -25.390612577540946 25.28204820300831 2
      vertex -27.308185964657266 25.833370861439747 0.010000000000000018
    endloop
  endfacet
  facet normal -0.708438489098889 0.034803351224869376 0.7049139195013827
    outer loop
      vertex -27.308185964657266 25.833370861439747 0.010000000000000018
      vertex -25.337621182490427 25.639287170637928 2
      vertex -27.3 26 0.010000000000000018
    endloop
  endfacet
  facet normal -0.7084384890988893 -0.0348033512248694 0.7049139195013823
    outer loop
      vertex -27.3 26 0.010000000000000018
      vertex -25.31990049751244 26 2
      vertex -27.308185964657266 26.166629138560253 0.010000000000000018
    endloop
  endfacet
  facet normal -0.7016158391769955 -0.10407487837686025 0.7049139195013828
    outer loop
      vertex -27.308185964657266 26.166629138560253 0.010000000000000018
      vertex -25.337621182490427 26.360712829362072 2
      vertex -27.332665023314508 26.331653547427422 0.010000000000000018
    endloop
  endfacet
  facet normal -0.6880362451815923 -0.17234410755698806 0.7049139195013823
    outer loop
      vertex -27.332665023314508 26.331653547427422 0.010000000000000018
      vertex -25.390612577540946 26.71795179699169 2
      vertex -27.373201429255246 26.493483951332585 0.010000000000000018
    endloop
  endfacet
  facet normal -0.6411931542171412 -0.3032617764873634 0.7049139195013826
    outer loop
      vertex -27.429404794730814 26.650561835020653 0.010000000000000018
      vertex -25.600031392046773 27.408313109057005 2
      vertex -27.500733850607798 26.801374452604193 0.010000000000000018
    endloop
  endfacet
  facet normal -0.6678304860262243 -0.23895356876844254 0.7049139195013832
    outer loop
      vertex -27.373201429255246 26.493483951332585 0.010000000000000018
      vertex -25.478364346561616 27.068276496343913 2
      vertex -27.429404794730814 26.650561835020653 0.010000000000000018
    endloop
  endfacet
  facet normal 0.2389535687684428 -0.667830486026225 0.7049139195013822
    outer loop
      vertex -29.650561835020653 27.570595205269186 0.010000000000000018
      vertex -29.493483951332585 27.626798570744754 0.010000000000000018
      vertex -30.06827649634391 29.52163565343838 2
    endloop
  endfacet
  facet normal 0.17234410755699903 -0.688036245181591 0.7049139195013808
    outer loop
      vertex -29.493483951332585 27.626798570744754 0.010000000000000018
      vertex -29.33165354742742 27.667334976685495 0.010000000000000018
      vertex -29.71795179699169 29.60938742245905 2
    endloop
  endfacet
  facet normal 0.10407487837683262 -0.7016158391769978 0.7049139195013847
    outer loop
      vertex -29.33165354742742 27.667334976685495 0.010000000000000018
      vertex -29.166629138560253 27.69181403534273 0.010000000000000018
      vertex -29.36071282936207 29.662378817509577 2
    endloop
  endfacet
  facet normal 0.034803351224899574 -0.7084384890988885 0.7049139195013815
    outer loop
      vertex -29.166629138560253 27.69181403534273 0.010000000000000018
      vertex -29 27.700000000000003 0.010000000000000018
      vertex -29 29.680099502487565 2
    endloop
  endfacet
  facet normal -0.03480335122489942 -0.7084384890988855 0.7049139195013846
    outer loop
      vertex -29 27.700000000000003 0.010000000000000018
      vertex -28.833370861439747 27.69181403534273 0.010000000000000018
      vertex -28.63928717063793 29.662378817509577 2
    endloop
  endfacet
  facet normal -0.36464940751892744 -0.6083807818211358 0.7049139195013806
    outer loop
      vertex -28.198625547395803 27.4992661493922 0.010000000000000018
      vertex -28.055530603866675 27.41349834091433 0.010000000000000018
      vertex -26.955446261867664 29.05989090656812 2
    endloop
  endfacet
  facet normal -0.10407487837683321 -0.7016158391770019 0.7049139195013805
    outer loop
      vertex -28.833370861439747 27.69181403534273 0.010000000000000018
      vertex -28.66834645257258 27.667334976685495 0.010000000000000018
      vertex -28.28204820300831 29.60938742245905 2
    endloop
  endfacet
  facet normal -0.17234410755699855 -0.6880362451815891 0.7049139195013828
    outer loop
      vertex -28.66834645257258 27.667334976685495 0.010000000000000018
      vertex -28.506516048667415 27.626798570744754 0.010000000000000018
      vertex -27.93172350365609 29.52163565343838 2
    endloop
  endfacet
  facet normal -0.2389535687684427 -0.6678304860262247 0.7049139195013826
    outer loop
      vertex -28.506516048667415 27.626798570744754 0.010000000000000018
      vertex -28.349438164979347 27.570595205269186 0.010000000000000018
      vertex -27.591686890943 29.399968607953227 2
    endloop
  endfacet
  facet normal -0.30326177648736985 -0.6411931542171379 0.7049139195013829
    outer loop
      vertex -28.349438164979347 27.570595205269186 0.010000000000000018
      vertex -28.198625547395803 27.4992661493922 0.010000000000000018
      vertex -27.265213103332385 29.24555800616158 2
    endloop
  endfacet
  facet normal -0.5255513453545028 -0.4763319740362506 0.7049139195013819
    outer loop
      vertex -27.685882229283347 27.078468583078198 0.010000000000000018
      vertex -26.155244615162108 28.33463040943208 2
      vertex -27.797918471982868 27.202081528017132 0.010000000000000018
    endloop
  endfacet
  facet normal -0.476331974036243 -0.525551345354511 0.7049139195013809
    outer loop
      vertex -27.921531416921802 27.31411777071665 0.010000000000000018
      vertex -27.797918471982868 27.202081528017132 0.010000000000000018
      vertex -26.397776686349808 28.602223313650192 2
    endloop
  endfacet
  facet normal -0.4225252654185156 -0.5697093699213743 0.7049139195013839
    outer loop
      vertex -27.921531416921802 27.31411777071665 0.010000000000000018
      vertex -26.665369590567916 28.844755384837896 2
      vertex -28.055530603866675 27.41349834091433 0.010000000000000018
    endloop
  endfacet
  facet normal -0.5697093699213855 -0.422525265418505 0.7049139195013813
    outer loop
      vertex -27.685882229283347 27.078468583078198 0.010000000000000018
      vertex -27.586501659085673 26.94446939613333 0.010000000000000018
      vertex -25.94010909343188 28.044553738132336 2
    endloop
  endfacet
  facet normal -0.6083807818211283 -0.3646494075189351 0.7049139195013829
    outer loop
      vertex -27.500733850607798 26.801374452604193 0.010000000000000018
      vertex -25.75444199383842 27.734786896667615 2
      vertex -27.586501659085673 26.94446939613333 0.010000000000000018
    endloop
  endfacet
  facet normal 0.23895356876843987 0.6678304860262261 0.7049139195013823
    outer loop
      vertex -29.493483951332585 24.373201429255246 0.010000000000000018
      vertex -30.408313109057 22.600031392046773 2
      vertex -30.06827649634391 22.47836434656162 2
    endloop
  endfacet
  facet normal 0.1723441075569779 0.6880362451815956 0.7049139195013813
    outer loop
      vertex -29.33165354742742 24.332665023314505 0.010000000000000018
      vertex -30.06827649634391 22.47836434656162 2
      vertex -29.71795179699169 22.39061257754095 2
    endloop
  endfacet
  facet normal 0.10407487837687772 0.7016158391769922 0.7049139195013834
    outer loop
      vertex -29.166629138560253 24.30818596465727 0.010000000000000018
      vertex -29.71795179699169 22.39061257754095 2
      vertex -29.36071282936207 22.337621182490423 2
    endloop
  endfacet
  facet normal 0.034803351224865865 0.7084384890988894 0.7049139195013824
    outer loop
      vertex -29 24.299999999999997 0.010000000000000018
      vertex -29.36071282936207 22.337621182490423 2
      vertex -29 22.319900497512435 2
    endloop
  endfacet
  facet normal -0.0348033512248655 0.7084384890988881 0.7049139195013838
    outer loop
      vertex -28.833370861439747 24.30818596465727 0.010000000000000018
      vertex -29 22.319900497512435 2
      vertex -28.63928717063793 22.337621182490423 2
    endloop
  endfacet
  facet normal -0.10407487837687802 0.7016158391769941 0.7049139195013817
    outer loop
      vertex -28.66834645257258 24.332665023314505 0.010000000000000018
      vertex -28.63928717063793 22.337621182490423 2
      vertex -28.28204820300831 22.39061257754095 2
    endloop
  endfacet
  facet normal -0.1723441075569778 0.6880362451815948 0.7049139195013824
    outer loop
      vertex -28.506516048667415 24.373201429255246 0.010000000000000018
      vertex -28.28204820300831 22.39061257754095 2
      vertex -27.93172350365609 22.47836434656162 2
    endloop
  endfacet
  facet normal -0.23895356876843987 0.6678304860262259 0.7049139195013825
    outer loop
      vertex -28.349438164979347 24.429404794730814 0.010000000000000018
      vertex -27.93172350365609 22.47836434656162 2
      vertex -27.591686890943 22.600031392046773 2
    endloop
  endfacet
  facet normal 0.688036245181595 0.17234410755697616 0.7049139195013824
    outer loop
      vertex -30.626798570744754 25.506516048667415 0.010000000000000018
      vertex -32.60938742245905 25.28204820300831 2
      vertex -32.52163565343838 24.931723503656087 2
    endloop
  endfacet
  facet normal 0.7016158391769935 0.10407487837687876 0.7049139195013822
    outer loop
      vertex -30.667334976685492 25.668346452572578 0.010000000000000018
      vertex -32.66237881750958 25.639287170637928 2
      vertex -32.60938742245905 25.28204820300831 2
    endloop
  endfacet
  facet normal 0.7084384890988887 0.03480335122486536 0.7049139195013832
    outer loop
      vertex -30.691814035342734 25.833370861439747 0.010000000000000018
      vertex -32.680099502487565 26 2
      vertex -32.66237881750958 25.639287170637928 2
    endloop
  endfacet
  facet normal 0.7084384890988887 -0.03480335122486507 0.704913919501383
    outer loop
      vertex -30.7 26 0.010000000000000018
      vertex -32.66237881750958 26.360712829362072 2
      vertex -32.680099502487565 26 2
    endloop
  endfacet
  facet normal 0.7016158391769927 -0.10407487837687866 0.704913919501383
    outer loop
      vertex -30.691814035342734 26.166629138560253 0.010000000000000018
      vertex -32.60938742245905 26.71795179699169 2
      vertex -32.66237881750958 26.360712829362072 2
    endloop
  endfacet
  facet normal 0.6880362451815956 -0.1723441075569763 0.7049139195013818
    outer loop
      vertex -30.667334976685492 26.331653547427422 0.010000000000000018
      vertex -32.52163565343838 27.068276496343913 2
      vertex -32.60938742245905 26.71795179699169 2
    endloop
  endfacet
  facet normal 0.5697093699213838 0.42252526541850566 0.7049139195013823
    outer loop
      vertex -30.314117770716653 24.921531416921802 0.010000000000000018
      vertex -32.05989090656813 23.955446261867664 2
      vertex -31.844755384837892 23.66536959056792 2
    endloop
  endfacet
  facet normal 0.5255513453544978 0.4763319740362571 0.7049139195013815
    outer loop
      vertex -30.202081528017132 24.797918471982868 0.010000000000000018
      vertex -31.844755384837892 23.66536959056792 2
      vertex -31.602223313650192 23.397776686349808 2
    endloop
  endfacet
  facet normal 0.4763319740362631 0.5255513453544902 0.7049139195013828
    outer loop
      vertex -30.078468583078198 24.68588222928335 0.010000000000000018
      vertex -31.602223313650192 23.397776686349808 2
      vertex -31.334630409432084 23.155244615162104 2
    endloop
  endfacet
  facet normal 0.6411931542171402 0.3032617764873658 0.7049139195013824
    outer loop
      vertex -30.499266149392202 25.198625547395807 0.010000000000000018
      vertex -32.39996860795323 24.591686890942995 2
      vertex -32.24555800616158 24.265213103332385 2
    endloop
  endfacet
  facet normal 0.6083807818211246 0.36464940751894287 0.7049139195013824
    outer loop
      vertex -30.413498340914327 25.05553060386667 0.010000000000000018
      vertex -32.24555800616158 24.265213103332385 2
      vertex -32.05989090656813 23.955446261867664 2
    endloop
  endfacet
  facet normal 0.6678304860262256 0.23895356876843957 0.7049139195013826
    outer loop
      vertex -30.570595205269186 25.349438164979347 0.010000000000000018
      vertex -32.52163565343838 24.931723503656087 2
      vertex -32.39996860795323 24.591686890942995 2
    endloop
  endfacet
  facet normal 0.42252526541848917 0.5697093699213968 0.7049139195013816
    outer loop
      vertex -29.944469396133325 24.58650165908567 0.010000000000000018
      vertex -31.334630409432084 23.155244615162104 2
      vertex -31.044553738132336 22.94010909343188 2
    endloop
  endfacet
  facet normal 0.3646494075189526 0.6083807818211181 0.7049139195013826
    outer loop
      vertex -29.801374452604197 24.5007338506078 0.010000000000000018
      vertex -31.044553738132336 22.94010909343188 2
      vertex -30.734786896667615 22.75444199383842 2
    endloop
  endfacet
  facet normal 0.3032617764873631 0.6411931542171415 0.7049139195013824
    outer loop
      vertex -29.650561835020653 24.429404794730814 0.010000000000000018
      vertex -30.734786896667615 22.75444199383842 2
      vertex -30.408313109057 22.600031392046773 2
    endloop
  endfacet
  facet normal 0.6678304860262533 -0.23895356876837598 0.704913919501378
    outer loop
      vertex -30.626798570744754 26.493483951332585 0.010000000000000018
      vertex -32.39789790812052 27.407455397102687 1.9977474841051894
      vertex -32.41595413416195 27.36037668677237 1.9988949609023259
    endloop
  endfacet
  facet normal 0.6678304860262251 -0.23895356876844231 0.7049139195013825
    outer loop
      vertex -30.626798570744754 26.493483951332585 0.010000000000000018
      vertex -32.44959384578039 27.269619860539763 2
      vertex -32.52163565343838 27.068276496343913 2
    endloop
  endfacet
  facet normal 0.6678304860262122 -0.238953568768475 0.7049139195013834
    outer loop
      vertex -30.626798570744754 26.493483951332585 0.010000000000000018
      vertex -32.41595413416195 27.36037668677237 1.9988949609023259
      vertex -32.44959384578039 27.269619860539763 2
    endloop
  endfacet
  facet normal 0.6411931542171447 -0.3032617764873561 0.7049139195013826
    outer loop
      vertex -30.570595205269186 26.650561835020653 0.010000000000000018
      vertex -32.244546534345695 27.72239377134045 1.9937483004873897
      vertex -32.39789790812052 27.407455397102687 1.9977474841051894
    endloop
  endfacet
  facet normal 0.6411931542170484 -0.30326177648753017 0.7049139195013954
    outer loop
      vertex -32.244546534345695 27.72239377134045 1.9937483004873897
      vertex -30.570595205269186 26.650561835020653 0.010000000000000018
      vertex -32.23996713099341 27.731798511630522 1.9936288762147503
    endloop
  endfacet
  facet normal 0.6083807818211064 -0.3646494075189725 0.7049139195013825
    outer loop
      vertex -30.499266149392202 26.801374452604193 0.010000000000000018
      vertex -32.1966315488715 27.804099562635855 1.9936288763283696
      vertex -32.23996713099341 27.731798511630522 1.9936288762147503
    endloop
  endfacet
  facet normal 0.6083807818211248 -0.3646494075189425 0.7049139195013823
    outer loop
      vertex -30.499266149392202 26.801374452604193 0.010000000000000018
      vertex -32.052012004313966 28.039289223955848 1.9904767454537458
      vertex -32.1966315488715 27.804099562635855 1.9936288763283696
    endloop
  endfacet
  facet normal 0.5697093699213891 -0.4225252654184987 0.704913919501382
    outer loop
      vertex -30.413498340914327 26.94446939613333 0.010000000000000018
      vertex -31.836212315203397 28.327619293374482 1.9888930544919323
      vertex -32.052012004313966 28.039289223955848 1.9904767454537458
    endloop
  endfacet
  facet normal 0.5255513453544995 -0.47633197403625366 0.7049139195013823
    outer loop
      vertex -30.314117770716653 27.078468583078198 0.010000000000000018
      vertex -31.594408590829346 28.594408590829346 1.9888930545655712
      vertex -31.836212315203397 28.327619293374482 1.9888930544919323
    endloop
  endfacet
  facet normal 0.4763319740362497 -0.5255513453545035 0.7049139195013819
    outer loop
      vertex -30.202081528017132 27.202081528017132 0.010000000000000018
      vertex -31.32761929337448 28.836212315203397 1.9888930544919325
      vertex -31.594408590829346 28.594408590829346 1.9888930545655712
    endloop
  endfacet
  facet normal 0.42252526541850505 -0.5697093699213839 0.7049139195013827
    outer loop
      vertex -30.078468583078198 27.31411777071665 0.010000000000000018
      vertex -31.03928922395585 29.052012004313966 1.990476745453746
      vertex -31.32761929337448 28.836212315203397 1.9888930544919325
    endloop
  endfacet
  facet normal 0.3646494075189526 -0.6083807818211187 0.7049139195013823
    outer loop
      vertex -29.944469396133325 27.41349834091433 0.010000000000000018
      vertex -30.804099562635855 29.19663154887151 1.9936288763283696
      vertex -31.03928922395585 29.052012004313966 1.990476745453746
    endloop
  endfacet
  facet normal 0.36464940751896197 -0.6083807818211137 0.7049139195013817
    outer loop
      vertex -29.944469396133325 27.41349834091433 0.010000000000000018
      vertex -30.73179851163052 29.23996713099342 1.99362887621475
      vertex -30.804099562635855 29.19663154887151 1.9936288763283696
    endloop
  endfacet
  facet normal 0.303261776487231 -0.6411931542172018 0.7049139195013845
    outer loop
      vertex -29.801374452604197 27.4992661493922 0.010000000000000018
      vertex -30.72239377134045 29.244546534345695 1.9937483004873895
      vertex -30.73179851163052 29.23996713099342 1.99362887621475
    endloop
  endfacet
  facet normal 0.3032617764873588 -0.6411931542171425 0.7049139195013834
    outer loop
      vertex -30.72239377134045 29.244546534345695 1.9937483004873895
      vertex -29.801374452604197 27.4992661493922 0.010000000000000018
      vertex -30.40745539710269 29.39789790812052 1.997747484105189
    endloop
  endfacet
  facet normal 0.2389535687683875 -0.6678304860262456 0.7049139195013814
    outer loop
      vertex -29.650561835020653 27.570595205269186 0.010000000000000018
      vertex -30.360376686772376 29.41595413416195 1.9988949609023257
      vertex -30.40745539710269 29.39789790812052 1.997747484105189
    endloop
  endfacet
  facet normal 0.23895356876847765 -0.6678304860262119 0.7049139195013826
    outer loop
      vertex -29.650561835020653 27.570595205269186 0.010000000000000018
      vertex -30.269619860539752 29.4495938457804 2
      vertex -30.360376686772376 29.41595413416195 1.9988949609023257
    endloop
  endfacet
  facet normal 0.23895356876842877 -0.667830486026229 0.7049139195013833
    outer loop
      vertex -29.650561835020653 27.570595205269186 0.010000000000000018
      vertex -30.06827649634391 29.52163565343838 2
      vertex -30.269619860539752 29.4495938457804 2
    endloop
  endfacet
  facet normal 0.1723441075569778 -0.6880362451815948 0.7049139195013824
    outer loop
      vertex -29.493483951332585 27.626798570744754 0.010000000000000018
      vertex -29.71795179699169 29.60938742245905 2
      vertex -30.06827649634391 29.52163565343838 2
    endloop
  endfacet
  facet normal -0.30326177648736313 0.6411931542171412 0.7049139195013827
    outer loop
      vertex -28.198625547395803 24.5007338506078 0.010000000000000018
      vertex -27.591686890943 22.600031392046773 2
      vertex -27.265213103332385 22.75444199383842 2
    endloop
  endfacet
  facet normal -0.36464940751895353 0.6083807818211192 0.7049139195013812
    outer loop
      vertex -28.055530603866675 24.58650165908567 0.010000000000000018
      vertex -27.265213103332385 22.75444199383842 2
      vertex -26.955446261867664 22.94010909343188 2
    endloop
  endfacet
  facet normal -0.42252526541848845 0.5697093699213954 0.7049139195013829
    outer loop
      vertex -27.921531416921802 24.68588222928335 0.010000000000000018
      vertex -26.955446261867664 22.94010909343188 2
      vertex -26.665369590567916 23.155244615162104 2
    endloop
  endfacet
  facet normal -0.4763319740362642 0.5255513453544908 0.7049139195013816
    outer loop
      vertex -27.797918471982868 24.797918471982868 0.010000000000000018
      vertex -26.665369590567916 23.155244615162104 2
      vertex -26.397776686349808 23.397776686349808 2
    endloop
  endfacet
  facet normal -0.5255513453544977 0.47633197403625693 0.7049139195013817
    outer loop
      vertex -27.685882229283347 24.921531416921802 0.010000000000000018
      vertex -26.397776686349808 23.397776686349808 2
      vertex -26.155244615162108 23.66536959056792 2
    endloop
  endfacet
  facet normal -0.569709369921391 0.4225252654184973 0.7049139195013814
    outer loop
      vertex -27.586501659085673 25.05553060386667 0.010000000000000018
      vertex -26.155244615162108 23.66536959056792 2
      vertex -25.94010909343188 23.955446261867664 2
    endloop
  endfacet
  facet normal -0.6083807818211181 0.3646494075189528 0.7049139195013824
    outer loop
      vertex -27.500733850607798 25.198625547395807 0.010000000000000018
      vertex -25.94010909343188 23.955446261867664 2
      vertex -25.75444199383842 24.265213103332385 2
    endloop
  endfacet
  facet normal -0.6411931542171402 0.30326177648736574 0.7049139195013827
    outer loop
      vertex -27.429404794730814 25.349438164979347 0.010000000000000018
      vertex -25.75444199383842 24.265213103332385 2
      vertex -25.600031392046773 24.591686890942995 2
    endloop
  endfacet
  facet normal -0.6678304860262232 0.23895356876844573 0.7049139195013828
    outer loop
      vertex -27.373201429255246 25.506516048667415 0.010000000000000018
      vertex -25.600031392046773 24.591686890942995 2
      vertex -25.478364346561616 24.931723503656087 2
    endloop
  endfacet
  facet normal -0.688036245181595 0.17234410755697613 0.7049139195013825
    outer loop
      vertex -27.332665023314508 25.668346452572578 0.010000000000000018
      vertex -25.478364346561616 24.931723503656087 2
      vertex -25.390612577540946 25.28204820300831 2
    endloop
  endfacet
  facet normal -0.7016158391769951 0.10407487837686505 0.7049139195013828
    outer loop
      vertex -27.308185964657266 25.833370861439747 0.010000000000000018
      vertex -25.390612577540946 25.28204820300831 2
      vertex -25.337621182490427 25.639287170637928 2
    endloop
  endfacet
  facet normal -0.7084384890988894 0.03480335122486513 0.7049139195013823
    outer loop
      vertex -27.3 26 0.010000000000000018
      vertex -25.337621182490427 25.639287170637928 2
      vertex -25.31990049751244 26 2
    endloop
  endfacet
  facet normal -0.6880362451815943 -0.17234410755697605 0.7049139195013829
    outer loop
      vertex -27.373201429255246 26.493483951332585 0.010000000000000018
      vertex -25.390612577540946 26.71795179699169 2
      vertex -25.478364346561616 27.068276496343913 2
    endloop
  endfacet
  facet normal -0.6678304860262233 -0.23895356876844576 0.7049139195013828
    outer loop
      vertex -27.429404794730814 26.650561835020653 0.010000000000000018
      vertex -25.478364346561616 27.068276496343913 2
      vertex -25.600031392046773 27.408313109057005 2
    endloop
  endfacet
  facet normal -0.7084384890988893 -0.03480335122486536 0.7049139195013825
    outer loop
      vertex -27.308185964657266 26.166629138560253 0.010000000000000018
      vertex -25.31990049751244 26 2
      vertex -25.337621182490427 26.360712829362072 2
    endloop
  endfacet
  facet normal -0.7016158391769952 -0.10407487837686502 0.7049139195013825
    outer loop
      vertex -27.332665023314508 26.331653547427422 0.010000000000000018
      vertex -25.337621182490427 26.360712829362072 2
      vertex -25.390612577540946 26.71795179699169 2
    endloop
  endfacet
  facet normal 0.10407487837687802 -0.7016158391769941 0.7049139195013817
    outer loop
      vertex -29.33165354742742 27.667334976685495 0.010000000000000018
      vertex -29.36071282936207 29.662378817509577 2
      vertex -29.71795179699169 29.60938742245905 2
    endloop
  endfacet
  facet normal 0.0348033512248655 -0.7084384890988881 0.7049139195013838
    outer loop
      vertex -29.166629138560253 27.69181403534273 0.010000000000000018
      vertex -29 29.680099502487565 2
      vertex -29.36071282936207 29.662378817509577 2
    endloop
  endfacet
  facet normal -0.034803351224865865 -0.7084384890988894 0.7049139195013824
    outer loop
      vertex -29 27.700000000000003 0.010000000000000018
      vertex -28.63928717063793 29.662378817509577 2
      vertex -29 29.680099502487565 2
    endloop
  endfacet
  facet normal -0.10407487837687772 -0.7016158391769922 0.7049139195013834
    outer loop
      vertex -28.833370861439747 27.69181403534273 0.010000000000000018
      vertex -28.28204820300831 29.60938742245905 2
      vertex -28.63928717063793 29.662378817509577 2
    endloop
  endfacet
  facet normal -0.1723441075569779 -0.6880362451815956 0.7049139195013813
    outer loop
      vertex -28.66834645257258 27.667334976685495 0.010000000000000018
      vertex -27.93172350365609 29.52163565343838 2
      vertex -28.28204820300831 29.60938742245905 2
    endloop
  endfacet
  facet normal -0.23895356876843987 -0.6678304860262261 0.7049139195013823
    outer loop
      vertex -28.506516048667415 27.626798570744754 0.010000000000000018
      vertex -27.591686890943 29.399968607953227 2
      vertex -27.93172350365609 29.52163565343838 2
    endloop
  endfacet
  facet normal -0.3032617764873631 -0.6411931542171415 0.7049139195013824
    outer loop
      vertex -28.349438164979347 27.570595205269186 0.010000000000000018
      vertex -27.265213103332385 29.24555800616158 2
      vertex -27.591686890943 29.399968607953227 2
    endloop
  endfacet
  facet normal -0.5697093699213908 -0.4225252654184968 0.704913919501382
    outer loop
      vertex -27.685882229283347 27.078468583078198 0.010000000000000018
      vertex -25.94010909343188 28.044553738132336 2
      vertex -26.155244615162108 28.33463040943208 2
    endloop
  endfacet
  facet normal -0.5255513453544978 -0.4763319740362571 0.7049139195013815
    outer loop
      vertex -27.797918471982868 27.202081528017132 0.010000000000000018
      vertex -26.155244615162108 28.33463040943208 2
      vertex -26.397776686349808 28.602223313650192 2
    endloop
  endfacet
  facet normal -0.42252526541848917 -0.5697093699213968 0.7049139195013816
    outer loop
      vertex -28.055530603866675 27.41349834091433 0.010000000000000018
      vertex -26.665369590567916 28.844755384837896 2
      vertex -26.955446261867664 29.05989090656812 2
    endloop
  endfacet
  facet normal -0.3646494075189526 -0.6083807818211181 0.7049139195013826
    outer loop
      vertex -28.198625547395803 27.4992661493922 0.010000000000000018
      vertex -26.955446261867664 29.05989090656812 2
      vertex -27.265213103332385 29.24555800616158 2
    endloop
  endfacet
  facet normal -0.4763319740362631 -0.5255513453544902 0.7049139195013828
    outer loop
      vertex -27.921531416921802 27.31411777071665 0.010000000000000018
      vertex -26.397776686349808 28.602223313650192 2
      vertex -26.665369590567916 28.844755384837896 2
    endloop
  endfacet
  facet normal -0.608380781821119 -0.3646494075189535 0.7049139195013814
    outer loop
      vertex -27.586501659085673 26.94446939613333 0.010000000000000018
      vertex -25.75444199383842 27.734786896667615 2
      vertex -25.94010909343188 28.044553738132336 2
    endloop
  endfacet
  facet normal -0.6411931542171402 -0.3032617764873658 0.7049139195013824
    outer loop
      vertex -27.500733850607798 26.801374452604193 0.010000000000000018
      vertex -25.600031392046773 27.408313109057005 2
      vertex -25.75444199383842 27.734786896667615 2
    endloop
  endfacet
  facet normal 0.5697093699208248 -0.42252526541807217 0.7049139195020939
    outer loop
      vertex -31.920104150342414 28.21714637591083 1.990476745400605
      vertex -32.052012004313966 28.039289223955848 1.9904767454537458
      vertex -31.836212315203397 28.327619293374482 1.9888930544919323
    endloop
  endfacet
  facet normal 0.5255486398025144 -0.47632952186687305 0.7049175936233987
    outer loop
      vertex -31.7073604264653 28.46978544482154 1.988893054608454
      vertex -31.836212315203397 28.327619293374482 1.9888930544919323
      vertex -31.594408590829346 28.594408590829346 1.9888930545655712
    endloop
  endfacet
  facet normal 0.4763331222419941 -0.5255526122043201 0.7049121991144777
    outer loop
      vertex -31.469785444821536 28.7073604264653 1.988893054608454
      vertex -31.594408590829346 28.594408590829346 1.9888930545655712
      vertex -31.32761929337448 28.836212315203397 1.9888930544919325
    endloop
  endfacet
  facet normal 0.42252526541901486 -0.5697093699220589 0.7049139195005314
    outer loop
      vertex -31.217146375910826 28.92010415034241 1.990476745400605
      vertex -31.32761929337448 28.836212315203397 1.9888930544919325
      vertex -31.03928922395585 29.052012004313966 1.990476745453746
    endloop
  endfacet
endsolid OpenSCAD_Model
