solid OpenSCAD_Model
  facet normal 0 0 -1
    outer loop
      vertex 2.3431457505076194 2.3431457505076194 0
      vertex 1.3482431015796381 3.5554381358431826 0
      vertex 0.9446298852131596 4.228826105392018 0
    endloop
  endfacet
  facet normal 0 0 -1
    outer loop
      vertex 2.3431457505076194 2.3431457505076194 0
      vertex 1.815916373098104 2.924853726690836 0
      vertex 1.3482431015796381 3.5554381358431826 0
    endloop
  endfacet
  facet normal 0 0 -1
    outer loop
      vertex 0.6089637399097061 4.938532541079281 0
      vertex 0.3444773141423294 5.677722581964302 0
      vertex 0.9446298852131596 4.228826105392018 0
    endloop
  endfacet
  facet normal 0 0 -1
    outer loop
      vertex 2.3431457505076194 2.3431457505076194 0
      vertex 0.9446298852131596 4.228826105392018 0
      vertex 0.15371775677415656 6.4392774238709745 0
    endloop
  endfacet
  facet normal 0 0 -1
    outer loop
      vertex 0.9446298852131596 4.228826105392018 0
      vertex 0.3444773141423294 5.677722581964302 0
      vertex 0.15371775677415656 6.4392774238709745 0
    endloop
  endfacet
  facet normal 0 0 -1
    outer loop
      vertex 2.3431457505076194 2.3431457505076194 0
      vertex 0.15371775677415656 6.4392774238709745 0
      vertex 0 8 0
    endloop
  endfacet
  facet normal 0 0 -1
    outer loop
      vertex 2.924853726690836 1.815916373098104 0
      vertex 4.228826105392018 0.9446298852131596 0
      vertex 3.5554381358431826 1.3482431015796381 0
    endloop
  endfacet
  facet normal 0 0 -1
    outer loop
      vertex 2.924853726690836 1.815916373098104 0
      vertex 5.677722581964302 0.3444773141423294 0
      vertex 4.228826105392018 0.9446298852131596 0
    endloop
  endfacet
  facet normal 0 0 -1
    outer loop
      vertex 4.228826105392018 0.9446298852131596 0
      vertex 5.677722581964302 0.3444773141423294 0
      vertex 4.938532541079281 0.6089637399097061 0
    endloop
  endfacet
  facet normal 0 0 -1
    outer loop
      vertex 2.3431457505076194 2.3431457505076194 0
      vertex 8 0 0
      vertex 2.924853726690836 1.815916373098104 0
    endloop
  endfacet
  facet normal 0 0 -1
    outer loop
      vertex 2.924853726690836 1.815916373098104 0
      vertex 8 0 0
      vertex 5.677722581964302 0.3444773141423294 0
    endloop
  endfacet
  facet normal 0 0 -1
    outer loop
      vertex 5.677722581964302 0.3444773141423294 0
      vertex 7.215862877363515 0.03852218662242457 0
      vertex 6.4392774238709745 0.15371775677415656 0
    endloop
  endfacet
  facet normal 0 0 -1
    outer loop
      vertex 5.677722581964302 0.3444773141423294 0
      vertex 8 0 0
      vertex 7.215862877363515 0.03852218662242457 0
    endloop
  endfacet
  facet normal 0 0 -1
    outer loop
      vertex 2.3431457505076194 2.3431457505076194 0
      vertex 6.586501659085673 7.055530603866677 0
      vertex 6.685882229283347 6.921531416921803 0
    endloop
  endfacet
  facet normal 0 0 -1
    outer loop
      vertex 2.3431457505076194 2.3431457505076194 0
      vertex 6.500733850607796 7.198625547395804 0
      vertex 6.586501659085673 7.055530603866677 0
    endloop
  endfacet
  facet normal 0 0 -1
    outer loop
      vertex 2.3431457505076194 2.3431457505076194 0
      vertex 6.429404794730813 7.349438164979348 0
      vertex 6.500733850607796 7.198625547395804 0
    endloop
  endfacet
  facet normal 0 0 -1
    outer loop
      vertex 2.3431457505076194 2.3431457505076194 0
      vertex 6.373201429255245 7.5065160486674145 0
      vertex 6.429404794730813 7.349438164979348 0
    endloop
  endfacet
  facet normal 0 0 -1
    outer loop
      vertex 2.3431457505076194 2.3431457505076194 0
      vertex 6.332665023314508 7.668346452572582 0
      vertex 6.373201429255245 7.5065160486674145 0
    endloop
  endfacet
  facet normal 0 0 -1
    outer loop
      vertex 2.3431457505076194 2.3431457505076194 0
      vertex 6.308185964657265 7.833370861439747 0
      vertex 6.332665023314508 7.668346452572582 0
    endloop
  endfacet
  facet normal 0 0 -1
    outer loop
      vertex 2.3431457505076194 2.3431457505076194 0
      vertex 6.3 8 0
      vertex 6.308185964657265 7.833370861439747 0
    endloop
  endfacet
  facet normal 0 0 -1
    outer loop
      vertex 2.3431457505076194 2.3431457505076194 0
      vertex 6.921531416921803 6.685882229283347 0
      vertex 7.055530603866677 6.586501659085673 0
    endloop
  endfacet
  facet normal 0 0 -1
    outer loop
      vertex 2.3431457505076194 2.3431457505076194 0
      vertex 7.055530603866677 6.586501659085673 0
      vertex 7.198625547395804 6.500733850607796 0
    endloop
  endfacet
  facet normal 0 0 -1
    outer loop
      vertex 2.3431457505076194 2.3431457505076194 0
      vertex 7.198625547395804 6.500733850607796 0
      vertex 7.349438164979348 6.429404794730813 0
    endloop
  endfacet
  facet normal 0 0 -1
    outer loop
      vertex 2.3431457505076194 2.3431457505076194 0
      vertex 7.349438164979348 6.429404794730813 0
      vertex 7.5065160486674145 6.373201429255245 0
    endloop
  endfacet
  facet normal 0 0 -1
    outer loop
      vertex 2.3431457505076194 2.3431457505076194 0
      vertex 7.5065160486674145 6.373201429255245 0
      vertex 7.668346452572582 6.332665023314508 0
    endloop
  endfacet
  facet normal 0 0 -1
    outer loop
      vertex 2.3431457505076194 2.3431457505076194 0
      vertex 7.668346452572582 6.332665023314508 0
      vertex 7.833370861439747 6.308185964657265 0
    endloop
  endfacet
  facet normal 0 0 -1
    outer loop
      vertex 2.3431457505076194 2.3431457505076194 0
      vertex 7.833370861439747 6.308185964657265 0
      vertex 8 6.3 0
    endloop
  endfacet
  facet normal 0 0 -1
    outer loop
      vertex 2.3431457505076194 2.3431457505076194 0
      vertex 6.685882229283347 6.921531416921803 0
      vertex 6.797918471982869 6.797918471982869 0
    endloop
  endfacet
  facet normal 0 0 -1
    outer loop
      vertex 2.3431457505076194 2.3431457505076194 0
      vertex 6.797918471982869 6.797918471982869 0
      vertex 6.921531416921803 6.685882229283347 0
    endloop
  endfacet
  facet normal 0 0 -1
    outer loop
      vertex 0.15371775677415656 6.4392774238709745 0
      vertex 0.03852218662242457 7.215862877363515 0
      vertex 0 8 0
    endloop
  endfacet
  facet normal -0.8032075314806452 -0.5956993044924329 -9.775851352581181e-18
    outer loop
      vertex 1.815916373098104 2.924853726690836 0
      vertex 1.3482431015796381 3.5554381358431826 2
      vertex 1.3482431015796381 3.5554381358431826 0
    endloop
  endfacet
  facet normal -0.5956993044924329 -0.8032075314806452 -9.775851352581181e-18
    outer loop
      vertex 2.924853726690836 1.815916373098104 0
      vertex 3.5554381358431826 1.3482431015796381 0
      vertex 3.5554381358431826 1.3482431015796381 2
    endloop
  endfacet
  facet normal -0.7409511253549594 -0.671558954847018 -3.1506416941298064e-11
    outer loop
      vertex 2.3431457505076194 2.3431457505076194 0
      vertex 2.343145750463009 2.343145750463009 2
      vertex 1.815916373098104 2.924853726690836 0
    endloop
  endfacet
  facet normal -0.671558954847018 -0.7409511253549594 -3.1506416941298064e-11
    outer loop
      vertex 2.3431457505076194 2.3431457505076194 0
      vertex 2.924853726690836 1.815916373098104 0
      vertex 2.343145750463009 2.343145750463009 2
    endloop
  endfacet
  facet normal -0.9039892931234436 -0.42755509343028186 0
    outer loop
      vertex 0.6089637399097061 4.938532541079281 0
      vertex 0.9446298852131596 4.228826105392018 0
      vertex 0.6089637399097061 4.938532541079281 2
    endloop
  endfacet
  facet normal -0.8577286100002717 -0.5141027441932223 0
    outer loop
      vertex 0.9446298852131596 4.228826105392018 0
      vertex 1.3482431015796381 3.5554381358431826 0
      vertex 0.9446298852131596 4.228826105392018 2
    endloop
  endfacet
  facet normal -0.941544065183021 -0.33688985339221933 -1.7921969832872956e-9
    outer loop
      vertex 0.6089637399097061 4.938532541079281 0
      vertex 0.3444773107767105 5.677722580730915 2
      vertex 0.3444773141423294 5.677722581964302 0
    endloop
  endfacet
  facet normal -0.970031253194544 -0.24298017990326415 -1.7822220213932255e-9
    outer loop
      vertex 0.3444773141423294 5.677722581964302 0
      vertex 0.3444773107767105 5.677722580730915 2
      vertex 0.15371775677415656 6.4392774238709745 0
    endloop
  endfacet
  facet normal -0.9891765099647807 -0.14673047445536253 -1.3266355972753017e-9
    outer loop
      vertex 0.15371775677415656 6.4392774238709745 0
      vertex 0.038522183895111084 7.21586287766695 2
      vertex 0.03852218662242457 7.215862877363515 0
    endloop
  endfacet
  facet normal -0.5141027441932223 -0.8577286100002717 0
    outer loop
      vertex 3.5554381358431826 1.3482431015796381 0
      vertex 4.228826105392018 0.9446298852131596 0
      vertex 3.5554381358431826 1.3482431015796381 2
    endloop
  endfacet
  facet normal -0.42755509343028186 -0.9039892931234436 0
    outer loop
      vertex 4.228826105392018 0.9446298852131596 0
      vertex 4.938532541079281 0.6089637399097061 0
      vertex 4.228826105392018 0.9446298852131596 2
    endloop
  endfacet
  facet normal -0.33688985339221933 -0.941544065183021 -1.7921969832872956e-9
    outer loop
      vertex 4.938532541079281 0.6089637399097061 0
      vertex 5.677722581964302 0.3444773141423294 0
      vertex 5.677722580730915 0.3444773107767105 2
    endloop
  endfacet
  facet normal -0.24298017990326415 -0.970031253194544 -1.7822220213932255e-9
    outer loop
      vertex 5.677722581964302 0.3444773141423294 0
      vertex 6.4392774238709745 0.15371775677415656 0
      vertex 5.677722580730915 0.3444773107767105 2
    endloop
  endfacet
  facet normal -0.14673047445536253 -0.9891765099647807 -1.3266355972753017e-9
    outer loop
      vertex 6.4392774238709745 0.15371775677415656 0
      vertex 7.215862877363515 0.03852218662242457 0
      vertex 7.21586287766695 0.038522183895111084 2
    endloop
  endfacet
  facet normal -0.9987954562051724 -0.04906767432741755 -1.3545697216917411e-9
    outer loop
      vertex 0.03852218662242457 7.215862877363515 0
      vertex 0.038522183895111084 7.21586287766695 2
      vertex 0 8 0
    endloop
  endfacet
  facet normal -0.04906767432741755 -0.9987954562051724 -1.3545697216917411e-9
    outer loop
      vertex 7.215862877363515 0.03852218662242457 0
      vertex 8 0 0
      vertex 7.21586287766695 0.038522183895111084 2
    endloop
  endfacet
  facet normal -0.8032075314806452 -0.5956993044924329 0
    outer loop
      vertex 1.815916373098104 2.924853726690836 0
      vertex 1.815916373098104 2.924853726690836 2
      vertex 1.3482431015796381 3.5554381358431826 2
    endloop
  endfacet
  facet normal -0.5956993044924329 -0.8032075314806452 0
    outer loop
      vertex 2.924853726690836 1.815916373098104 0
      vertex 3.5554381358431826 1.3482431015796381 2
      vertex 2.924853726690836 1.815916373098104 2
    endloop
  endfacet
  facet normal -0.7409511254088604 -0.6715589547875472 0
    outer loop
      vertex 1.815916373098104 2.924853726690836 0
      vertex 2.343145750463009 2.343145750463009 2
      vertex 1.815916373098104 2.924853726690836 2
    endloop
  endfacet
  facet normal -0.6715589547875472 -0.7409511254088604 0
    outer loop
      vertex 2.924853726690836 1.815916373098104 0
      vertex 2.924853726690836 1.815916373098104 2
      vertex 2.343145750463009 2.343145750463009 2
    endloop
  endfacet
  facet normal -0.9039892931234436 -0.42755509343028186 0
    outer loop
      vertex 0.9446298852131596 4.228826105392018 0
      vertex 0.9446298852131596 4.228826105392018 2
      vertex 0.6089637399097061 4.938532541079281 2
    endloop
  endfacet
  facet normal -0.9415440636449081 -0.33688985769095686 0
    outer loop
      vertex 0.6089637399097061 4.938532541079281 0
      vertex 0.6089637399097061 4.938532541079281 2
      vertex 0.3444773107767105 5.677722580730915 2
    endloop
  endfacet
  facet normal -0.8577286100002717 -0.5141027441932223 0
    outer loop
      vertex 1.3482431015796381 3.5554381358431826 0
      vertex 1.3482431015796381 3.5554381358431826 2
      vertex 0.9446298852131596 4.228826105392018 2
    endloop
  endfacet
  facet normal -0.9700312542623906 -0.24298017564018182 -5.708555841776965e-11
    outer loop
      vertex 0.15371775677415656 6.4392774238709745 0
      vertex 0.3444773107767105 5.677722580730915 2
      vertex 0.1537177562713623 6.439277425408363 2
    endloop
  endfacet
  facet normal -0.989176509519683 -0.14673047745596915 -1.358852285371601e-10
    outer loop
      vertex 0.15371775677415656 6.4392774238709745 0
      vertex 0.1537177562713623 6.439277425408363 2
      vertex 0.038522183895111084 7.21586287766695 2
    endloop
  endfacet
  facet normal -0.5141027441932223 -0.8577286100002717 0
    outer loop
      vertex 4.228826105392018 0.9446298852131596 0
      vertex 4.228826105392018 0.9446298852131596 2
      vertex 3.5554381358431826 1.3482431015796381 2
    endloop
  endfacet
  facet normal -0.42755509343028186 -0.9039892931234436 0
    outer loop
      vertex 4.938532541079281 0.6089637399097061 0
      vertex 4.938532541079281 0.6089637399097061 2
      vertex 4.228826105392018 0.9446298852131596 2
    endloop
  endfacet
  facet normal -0.33688985769095686 -0.9415440636449081 0
    outer loop
      vertex 4.938532541079281 0.6089637399097061 0
      vertex 5.677722580730915 0.3444773107767105 2
      vertex 4.938532541079281 0.6089637399097061 2
    endloop
  endfacet
  facet normal -0.24298017564018182 -0.9700312542623906 -5.708555841776965e-11
    outer loop
      vertex 6.4392774238709745 0.15371775677415656 0
      vertex 6.439277425408363 0.1537177562713623 2
      vertex 5.677722580730915 0.3444773107767105 2
    endloop
  endfacet
  facet normal -0.14673047745596915 -0.989176509519683 -1.358852285371601e-10
    outer loop
      vertex 6.4392774238709745 0.15371775677415656 0
      vertex 7.21586287766695 0.038522183895111084 2
      vertex 6.439277425408363 0.1537177562713623 2
    endloop
  endfacet
  facet normal -0.9987954563744936 -0.04906767088080504 0
    outer loop
      vertex 0 8 0
      vertex 0.038522183895111084 7.21586287766695 2
      vertex 0 8 2
    endloop
  endfacet
  facet normal -0.04906767088080504 -0.9987954563744936 0
    outer loop
      vertex 8 0 0
      vertex 8 0 2
      vertex 7.21586287766695 0.038522183895111084 2
    endloop
  endfacet
  facet normal -0.7963359809229327 -0.5906030152675695 0.13052618068558383
    outer loop
      vertex 1.815916373098104 2.924853726690836 2
      vertex 1.4049747064709663 3.593344993889332 2.5176380902050397
      vertex 1.3482431015796381 3.5554381358431826 2
    endloop
  endfacet
  facet normal -0.5906030152675695 -0.7963359809229327 0.13052618068558383
    outer loop
      vertex 2.924853726690836 1.815916373098104 2
      vertex 3.5554381358431826 1.3482431015796381 2
      vertex 3.593344993889332 1.4049747064709663 2.5176380902050397
    endloop
  endfacet
  facet normal -0.734612186382629 -0.665813675347464 0.13052618640883984
    outer loop
      vertex 2.343145750463009 2.343145750463009 2
      vertex 1.8686592802405357 2.968138724565506 2.5176380902050397
      vertex 1.815916373098104 2.924853726690836 2
    endloop
  endfacet
  facet normal -0.665813675347464 -0.734612186382629 0.13052618640883984
    outer loop
      vertex 2.343145750463009 2.343145750463009 2
      vertex 2.924853726690836 1.815916373098104 2
      vertex 2.968138724565506 1.8686592802405357 2.5176380902050397
    endloop
  endfacet
  facet normal -0.896255540124376 -0.42389730067627907 0.130526186168628
    outer loop
      vertex 0.6089637399097061 4.938532541079281 2
      vertex 0.9446298852131596 4.228826105392018 2
      vertex 1.0048038586974144 4.260989718139172 2.5176380902050397
    endloop
  endfacet
  facet normal -0.8503906243710144 -0.5097045248673561 0.13052617864481844
    outer loop
      vertex 0.9446298852131596 4.228826105392018 2
      vertex 1.3482431015796381 3.5554381358431826 2
      vertex 1.0048038586974144 4.260989718139172 2.5176380902050397
    endloop
  endfacet
  facet normal -0.961732503585088 -0.24090144684839837 0.13052618302205488
    outer loop
      vertex 0.3444773107767105 5.677722580730915 2
      vertex 0.4097698703408241 5.697528801858425 2.5176380902050397
      vertex 0.1537177562713623 6.439277425408363 2
    endloop
  endfacet
  facet normal -0.9334890261191483 -0.3340077191373523 0.1305261723631998
    outer loop
      vertex 0.6089637399097061 4.938532541079281 2
      vertex 0.4097698703408241 5.697528801858425 2.5176380902050397
      vertex 0.3444773107767105 5.677722580730915 2
    endloop
  endfacet
  facet normal -0.980713968593256 -0.14547517806432847 0.1305261827114306
    outer loop
      vertex 0.1537177562713623 6.439277425408363 2
      vertex 0.10642416775226593 7.222550615668297 2.5176380902050397
      vertex 0.038522183895111084 7.21586287766695 2
    endloop
  endfacet
  facet normal -0.5097045248673561 -0.8503906243710144 0.13052617864481839
    outer loop
      vertex 3.5554381358431826 1.3482431015796381 2
      vertex 4.228826105392018 0.9446298852131596 2
      vertex 4.260989718139172 1.0048038586974144 2.5176380902050397
    endloop
  endfacet
  facet normal -0.42389730067627907 -0.896255540124376 0.130526186168628
    outer loop
      vertex 4.228826105392018 0.9446298852131596 2
      vertex 4.938532541079281 0.6089637399097061 2
      vertex 4.260989718139172 1.0048038586974144 2.5176380902050397
    endloop
  endfacet
  facet normal -0.3340077191373523 -0.9334890261191483 0.1305261723631998
    outer loop
      vertex 4.938532541079281 0.6089637399097061 2
      vertex 5.677722580730915 0.3444773107767105 2
      vertex 5.697528801858425 0.4097698703408241 2.5176380902050397
    endloop
  endfacet
  facet normal -0.24090144684839837 -0.961732503585088 0.13052618302205488
    outer loop
      vertex 5.677722580730915 0.3444773107767105 2
      vertex 6.439277425408363 0.1537177562713623 2
      vertex 5.697528801858425 0.4097698703408241 2.5176380902050397
    endloop
  endfacet
  facet normal -0.14547517806432847 -0.980713968593256 0.1305261827114306
    outer loop
      vertex 6.439277425408363 0.1537177562713623 2
      vertex 7.21586287766695 0.038522183895111084 2
      vertex 7.222550615668297 0.10642416775226593 2.5176380902050397
    endloop
  endfacet
  facet normal -0.9902506234641587 -0.04864789018767123 0.1305261870627241
    outer loop
      vertex 0.038522183895111084 7.21586287766695 2
      vertex 0.10642416775226593 7.222550615668297 2.5176380902050397
      vertex 0 8 2
    endloop
  endfacet
  facet normal -0.04864789018767123 -0.9902506234641587 0.1305261870627241
    outer loop
      vertex 7.21586287766695 0.038522183895111084 2
      vertex 8 0 2
      vertex 7.222550615668297 0.10642416775226593 2.5176380902050397
    endloop
  endfacet
  facet normal -0.79633597892636 -0.5906030170893719 0.13052618462334267
    outer loop
      vertex 1.815916373098104 2.924853726690836 2
      vertex 1.8686592802405357 2.968138724565506 2.5176380902050397
      vertex 1.4049747064709663 3.593344993889332 2.5176380902050397
    endloop
  endfacet
  facet normal -0.5906030170893719 -0.79633597892636 0.13052618462334267
    outer loop
      vertex 2.924853726690836 1.815916373098104 2
      vertex 3.593344993889332 1.4049747064709663 2.5176380902050397
      vertex 2.968138724565506 1.8686592802405357 2.5176380902050397
    endloop
  endfacet
  facet normal -0.7346121852730042 -0.6658136761761916 0.13052618842656388
    outer loop
      vertex 2.343145750463009 2.343145750463009 2
      vertex 2.391392022371292 2.391392022371292 2.5176380902050397
      vertex 1.8686592802405357 2.968138724565506 2.5176380902050397
    endloop
  endfacet
  facet normal -0.6658136761761916 -0.7346121852730042 0.13052618842656388
    outer loop
      vertex 2.343145750463009 2.343145750463009 2
      vertex 2.968138724565506 1.8686592802405357 2.5176380902050397
      vertex 2.391392022371292 2.391392022371292 2.5176380902050397
    endloop
  endfacet
  facet normal -0.8962555406047306 -0.4238972987854808 0.13052618901084617
    outer loop
      vertex 0.6089637399097061 4.938532541079281 2
      vertex 1.0048038586974144 4.260989718139172 2.5176380902050397
      vertex 0.6720005124807358 4.964643277227879 2.5176380902050397
    endloop
  endfacet
  facet normal -0.9334890232555227 -0.3340077239515066 0.1305261805240014
    outer loop
      vertex 0.6089637399097061 4.938532541079281 2
      vertex 0.6720005124807358 4.964643277227879 2.5176380902050397
      vertex 0.4097698703408241 5.697528801858425 2.5176380902050397
    endloop
  endfacet
  facet normal -0.8503906242490403 -0.5097045250028428 0.13052617891041626
    outer loop
      vertex 1.3482431015796381 3.5554381358431826 2
      vertex 1.4049747064709663 3.593344993889332 2.5176380902050397
      vertex 1.0048038586974144 4.260989718139172 2.5176380902050397
    endloop
  endfacet
  facet normal -0.9617325038277463 -0.24090144222492205 0.13052618976728955
    outer loop
      vertex 0.1537177562713623 6.439277425408363 2
      vertex 0.4097698703408241 5.697528801858425 2.5176380902050397
      vertex 0.2206372544169426 6.4525885581970215 2.5176380902050397
    endloop
  endfacet
  facet normal -0.9807139676868559 -0.14547518062454204 0.1305261866682753
    outer loop
      vertex 0.1537177562713623 6.439277425408363 2
      vertex 0.2206372544169426 6.4525885581970215 2.5176380902050397
      vertex 0.10642416775226593 7.222550615668297 2.5176380902050397
    endloop
  endfacet
  facet normal -0.5097045250028428 -0.8503906242490403 0.13052617891041626
    outer loop
      vertex 3.5554381358431826 1.3482431015796381 2
      vertex 4.260989718139172 1.0048038586974144 2.5176380902050397
      vertex 3.593344993889332 1.4049747064709663 2.5176380902050397
    endloop
  endfacet
  facet normal -0.4238972987854808 -0.8962555406047306 0.13052618901084617
    outer loop
      vertex 4.938532541079281 0.6089637399097061 2
      vertex 4.964643277227879 0.6720005124807358 2.5176380902050397
      vertex 4.260989718139172 1.0048038586974144 2.5176380902050397
    endloop
  endfacet
  facet normal -0.3340077239515066 -0.9334890232555227 0.1305261805240014
    outer loop
      vertex 4.938532541079281 0.6089637399097061 2
      vertex 5.697528801858425 0.4097698703408241 2.5176380902050397
      vertex 4.964643277227879 0.6720005124807358 2.5176380902050397
    endloop
  endfacet
  facet normal -0.24090144222492205 -0.9617325038277463 0.13052618976728955
    outer loop
      vertex 6.439277425408363 0.1537177562713623 2
      vertex 6.4525885581970215 0.2206372544169426 2.5176380902050397
      vertex 5.697528801858425 0.4097698703408241 2.5176380902050397
    endloop
  endfacet
  facet normal -0.14547518062454204 -0.9807139676868559 0.1305261866682753
    outer loop
      vertex 6.439277425408363 0.1537177562713623 2
      vertex 7.222550615668297 0.10642416775226593 2.5176380902050397
      vertex 6.4525885581970215 0.2206372544169426 2.5176380902050397
    endloop
  endfacet
  facet normal -0.9902506226534474 -0.048647884593299835 0.13052619529832613
    outer loop
      vertex 0 8 2
      vertex 0.10642416775226593 7.222550615668297 2.5176380902050397
      vertex 0.06814834475517273 8.00167303532362 2.5176380902050397
    endloop
  endfacet
  facet normal -0.048647884124754875 -0.990250622585548 0.13052619598808188
    outer loop
      vertex 8 0 2
      vertex 8.0016730427742 0.06814834475517273 2.5176380902050397
      vertex 7.222550615668297 0.10642416775226593 2.5176380902050397
    endloop
  endfacet
  facet normal -0.684549581657527 -0.6204395769978815 0.38268342209611667
    outer loop
      vertex 2.391392022371292 2.391392022371292 2.5176380902050397
      vertex 2.5328429341316223 2.5328429341316223 3
      vertex 1.8686592802405357 2.968138724565506 2.5176380902050397
    endloop
  endfacet
  facet normal -0.6204395769978815 -0.684549581657527 0.38268342209611667
    outer loop
      vertex 2.391392022371292 2.391392022371292 2.5176380902050397
      vertex 2.968138724565506 1.8686592802405357 2.5176380902050397
      vertex 2.5328429341316223 2.5328429341316223 3
    endloop
  endfacet
  facet normal -0.7420669962699997 -0.5503543962315908 0.3826834352247053
    outer loop
      vertex 1.8686592802405357 2.968138724565506 2.5176380902050397
      vertex 2.0232937186956406 3.095043860375881 3
      vertex 1.4049747064709663 3.593344993889332 2.5176380902050397
    endloop
  endfacet
  facet normal -0.5503543962315908 -0.7420669962699997 0.3826834352247053
    outer loop
      vertex 2.968138724565506 1.8686592802405357 2.5176380902050397
      vertex 3.593344993889332 1.4049747064709663 2.5176380902050397
      vertex 3.095043860375881 2.0232937186956406 3
    endloop
  endfacet
  facet normal -0.7420669969210583 -0.5503543910550067 0.38268344140690874
    outer loop
      vertex 1.4049747064709663 3.593344993889332 2.5176380902050397
      vertex 2.0232937186956406 3.095043860375881 3
      vertex 1.571303367614746 3.704482302069664 3
    endloop
  endfacet
  facet normal -0.5503543910550067 -0.7420669969210583 0.38268344140690874
    outer loop
      vertex 3.593344993889332 1.4049747064709663 2.5176380902050397
      vertex 3.704482302069664 1.571303367614746 3
      vertex 3.095043860375881 2.0232937186956406 3
    endloop
  endfacet
  facet normal -0.684549582530504 -0.6204395731534232 0.3826834267674921
    outer loop
      vertex 1.8686592802405357 2.968138724565506 2.5176380902050397
      vertex 2.5328429341316223 2.5328429341316223 3
      vertex 2.0232937186956406 3.095043860375881 3
    endloop
  endfacet
  facet normal -0.6204395731534232 -0.684549582530504 0.3826834267674921
    outer loop
      vertex 2.968138724565506 1.8686592802405357 2.5176380902050397
      vertex 3.095043860375881 2.0232937186956406 3
      vertex 2.5328429341316223 2.5328429341316223 3
    endloop
  endfacet
  facet normal -0.8351772089279783 -0.3950093994765075 0.3826834253171685
    outer loop
      vertex 0.6720005124807358 4.964643277227879 2.5176380902050397
      vertex 1.0048038586974144 4.260989718139172 2.5176380902050397
      vertex 0.8568150550127029 5.041195921599865 3
    endloop
  endfacet
  facet normal -0.8698732876907604 -0.31124564907526997 0.3826834322175204
    outer loop
      vertex 0.6720005124807358 4.964643277227879 2.5176380902050397
      vertex 0.8568150550127029 5.041195921599865 3
      vertex 0.4097698703408241 5.697528801858425 2.5176380902050397
    endloop
  endfacet
  facet normal -0.7924379065894707 -0.47496900277930015 0.3826834339227853
    outer loop
      vertex 1.0048038586974144 4.260989718139172 2.5176380902050397
      vertex 1.4049747064709663 3.593344993889332 2.5176380902050397
      vertex 1.1812249794602394 4.355288773775101 3
    endloop
  endfacet
  facet normal -0.8961920242854526 -0.22448440736022596 0.3826834285140533
    outer loop
      vertex 0.4097698703408241 5.697528801858425 2.5176380902050397
      vertex 0.41683531552553177 6.491614751517773 3
      vertex 0.2206372544169426 6.4525885581970215 2.5176380902050397
    endloop
  endfacet
  facet normal -0.9138799306487179 -0.13556128734848039 0.38268343278735956
    outer loop
      vertex 0.2206372544169426 6.4525885581970215 2.5176380902050397
      vertex 0.41683531552553177 6.491614751517773 3
      vertex 0.10642416775226593 7.222550615668297 2.5176380902050397
    endloop
  endfacet
  facet normal -0.7924379060023305 -0.4749690031137705 0.38268343472347055
    outer loop
      vertex 1.4049747064709663 3.593344993889332 2.5176380902050397
      vertex 1.571303367614746 3.704482302069664 3
      vertex 1.1812249794602394 4.355288773775101 3
    endloop
  endfacet
  facet normal -0.835177203137775 -0.3950094035752054 0.38268343372312835
    outer loop
      vertex 1.0048038586974144 4.260989718139172 2.5176380902050397
      vertex 1.1812249794602394 4.355288773775101 3
      vertex 0.8568150550127029 5.041195921599865 3
    endloop
  endfacet
  facet normal -0.8698732863462962 -0.3112456412152421 0.38268344166635615
    outer loop
      vertex 0.4097698703408241 5.697528801858425 2.5176380902050397
      vertex 0.8568150550127029 5.041195921599865 3
      vertex 0.6011979281902313 5.755597926676273 3
    endloop
  endfacet
  facet normal -0.896192021877032 -0.22448440990202922 0.382683432663207
    outer loop
      vertex 0.4097698703408241 5.697528801858425 2.5176380902050397
      vertex 0.6011979281902313 5.755597926676273 3
      vertex 0.41683531552553177 6.491614751517773 3
    endloop
  endfacet
  facet normal -0.9138799293948452 -0.1355612840746127 0.38268343694144225
    outer loop
      vertex 0.10642416775226593 7.222550615668297 2.5176380902050397
      vertex 0.41683531552553177 6.491614751517773 3
      vertex 0.305502712726593 7.242158181965351 3
    endloop
  endfacet
  facet normal -0.47496900277930015 -0.7924379065894707 0.3826834339227853
    outer loop
      vertex 3.593344993889332 1.4049747064709663 2.5176380902050397
      vertex 4.260989718139172 1.0048038586974144 2.5176380902050397
      vertex 4.355288773775101 1.1812249794602394 3
    endloop
  endfacet
  facet normal -0.3950093994765075 -0.8351772089279783 0.3826834253171685
    outer loop
      vertex 4.260989718139172 1.0048038586974144 2.5176380902050397
      vertex 4.964643277227879 0.6720005124807358 2.5176380902050397
      vertex 5.041195921599865 0.8568150550127029 3
    endloop
  endfacet
  facet normal -0.31124564907526997 -0.8698732876907604 0.3826834322175204
    outer loop
      vertex 4.964643277227879 0.6720005124807358 2.5176380902050397
      vertex 5.697528801858425 0.4097698703408241 2.5176380902050397
      vertex 5.041195921599865 0.8568150550127029 3
    endloop
  endfacet
  facet normal -0.22448440736022596 -0.8961920242854526 0.3826834285140533
    outer loop
      vertex 5.697528801858425 0.4097698703408241 2.5176380902050397
      vertex 6.4525885581970215 0.2206372544169426 2.5176380902050397
      vertex 6.491614751517773 0.41683531552553177 3
    endloop
  endfacet
  facet normal -0.13556128734848039 -0.9138799306487179 0.38268343278735956
    outer loop
      vertex 6.4525885581970215 0.2206372544169426 2.5176380902050397
      vertex 7.222550615668297 0.10642416775226593 2.5176380902050397
      vertex 6.491614751517773 0.41683531552553177 3
    endloop
  endfacet
  facet normal -0.4749690031137705 -0.7924379060023305 0.38268343472347055
    outer loop
      vertex 3.593344993889332 1.4049747064709663 2.5176380902050397
      vertex 4.355288773775101 1.1812249794602394 3
      vertex 3.704482302069664 1.571303367614746 3
    endloop
  endfacet
  facet normal -0.3950094035752054 -0.835177203137775 0.38268343372312835
    outer loop
      vertex 4.260989718139172 1.0048038586974144 2.5176380902050397
      vertex 5.041195921599865 0.8568150550127029 3
      vertex 4.355288773775101 1.1812249794602394 3
    endloop
  endfacet
  facet normal -0.3112456412152421 -0.8698732863462962 0.38268344166635615
    outer loop
      vertex 5.697528801858425 0.4097698703408241 2.5176380902050397
      vertex 5.755597926676273 0.6011979281902313 3
      vertex 5.041195921599865 0.8568150550127029 3
    endloop
  endfacet
  facet normal -0.22448440990202922 -0.896192021877032 0.382683432663207
    outer loop
      vertex 5.697528801858425 0.4097698703408241 2.5176380902050397
      vertex 6.491614751517773 0.41683531552553177 3
      vertex 5.755597926676273 0.6011979281902313 3
    endloop
  endfacet
  facet normal -0.1355612840746127 -0.9138799293948452 0.38268343694144225
    outer loop
      vertex 7.222550615668297 0.10642416775226593 2.5176380902050397
      vertex 7.242158181965351 0.305502712726593 3
      vertex 6.491614751517773 0.41683531552553177 3
    endloop
  endfacet
  facet normal -0.9227666815294916 -0.04533261176781821 0.3826834276126393
    outer loop
      vertex 0.10642416775226593 7.222550615668297 2.5176380902050397
      vertex 0.2679491937160492 8.006577730178833 3
      vertex 0.06814834475517273 8.00167303532362 2.5176380902050397
    endloop
  endfacet
  facet normal -0.9227666803128856 -0.04533261368369492 0.3826834303192937
    outer loop
      vertex 0.10642416775226593 7.222550615668297 2.5176380902050397
      vertex 0.305502712726593 7.242158181965351 3
      vertex 0.2679491937160492 8.006577730178833 3
    endloop
  endfacet
  facet normal -0.04533261134742676 -0.9227666817964454 0.38268342701873137
    outer loop
      vertex 7.222550615668297 0.10642416775226593 2.5176380902050397
      vertex 8.0016730427742 0.06814834475517273 2.5176380902050397
      vertex 8.006577730178833 0.2679491937160492 3
    endloop
  endfacet
  facet normal -0.04533261368369492 -0.9227666803128856 0.3826834303192937
    outer loop
      vertex 7.222550615668297 0.10642416775226593 2.5176380902050397
      vertex 8.006577730178833 0.2679491937160492 3
      vertex 7.242158181965351 0.305502712726593 3
    endloop
  endfacet
  facet normal -0.6372273808496288 -0.4726000328894593 0.6087614261830361
    outer loop
      vertex 2.0232937186956406 3.095043860375881 3
      vertex 2.2692814990878105 3.2969208881258965 3.4142135623730923
      vertex 1.571303367614746 3.704482302069664 3
    endloop
  endfacet
  facet normal -0.5878360493168839 -0.5327835365469821 0.6087614329998317
    outer loop
      vertex 2.5328429341316223 2.5328429341316223 3
      vertex 2.2692814990878105 3.2969208881258965 3.4142135623730923
      vertex 2.0232937186956406 3.095043860375881 3
    endloop
  endfacet
  facet normal -0.5327835365469821 -0.5878360493168839 0.6087614329998317
    outer loop
      vertex 2.5328429341316223 2.5328429341316223 3
      vertex 3.095043860375881 2.0232937186956406 3
      vertex 3.2969208881258965 2.2692814990878105 3.4142135623730923
    endloop
  endfacet
  facet normal -0.4726000328894593 -0.6372273808496288 0.6087614261830361
    outer loop
      vertex 3.095043860375881 2.0232937186956406 3
      vertex 3.704482302069664 1.571303367614746 3
      vertex 3.2969208881258965 2.2692814990878105 3.4142135623730923
    endloop
  endfacet
  facet normal -0.5878360480090383 -0.5327835367053431 0.6087614341241255
    outer loop
      vertex 2.5328429341316223 2.5328429341316223 3
      vertex 2.7578588500618935 2.7578588500618935 3.4142135623730923
      vertex 2.2692814990878105 3.2969208881258965 3.4142135623730923
    endloop
  endfacet
  facet normal -0.5327835367053431 -0.5878360480090383 0.6087614341241255
    outer loop
      vertex 2.5328429341316223 2.5328429341316223 3
      vertex 3.2969208881258965 2.2692814990878105 3.4142135623730923
      vertex 2.7578588500618935 2.7578588500618935 3.4142135623730923
    endloop
  endfacet
  facet normal -0.6804818573961157 -0.4078651298685976 0.6087614291263896
    outer loop
      vertex 1.1812249794602394 4.355288773775101 3
      vertex 1.571303367614746 3.704482302069664 3
      vertex 1.4618704169988632 4.505296967923641 3.4142135623730923
    endloop
  endfacet
  facet normal -0.7171829294912753 -0.3392022676963965 0.6087614206205373
    outer loop
      vertex 0.8568150550127029 5.041195921599865 3
      vertex 1.1812249794602394 4.355288773775101 3
      vertex 1.4618704169988632 4.505296967923641 3.4142135623730923
    endloop
  endfacet
  facet normal -0.7469771262981076 -0.26727269166329803 0.608761431989968
    outer loop
      vertex 0.8568150550127029 5.041195921599865 3
      vertex 0.9057160094380379 5.847972497344017 3.4142135623730923
      vertex 0.6011979281902313 5.755597926676273 3
    endloop
  endfacet
  facet normal -0.7695775363709111 -0.19276913307512777 0.6087614285142765
    outer loop
      vertex 0.6011979281902313 5.755597926676273 3
      vertex 0.7289413511753082 6.553696505725384 3.4142135623730923
      vertex 0.41683531552553177 6.491614751517773 3
    endloop
  endfacet
  facet normal -0.7847664919938354 -0.11640911451448456 0.6087614237955975
    outer loop
      vertex 0.41683531552553177 6.491614751517773 3
      vertex 0.6221909523010254 7.273349203169346 3.4142135623730923
      vertex 0.305502712726593 7.242158181965351 3
    endloop
  endfacet
  facet normal -0.6804818449911039 -0.40786513393614116 0.6087614402676609
    outer loop
      vertex 1.571303367614746 3.704482302069664 3
      vertex 1.835894137620926 3.8812761083245277 3.4142135623730923
      vertex 1.4618704169988632 4.505296967923641 3.4142135623730923
    endloop
  endfacet
  facet normal -0.7171829262171118 -0.3392022559664448 0.6087614310137718
    outer loop
      vertex 0.8568150550127029 5.041195921599865 3
      vertex 1.4618704169988632 4.505296967923641 3.4142135623730923
      vertex 1.1508125215768814 5.162973642349243 3.4142135623730923
    endloop
  endfacet
  facet normal -0.7695775353095536 -0.1927691338191011 0.6087614296204272
    outer loop
      vertex 0.6011979281902313 5.755597926676273 3
      vertex 0.9057160094380379 5.847972497344017 3.4142135623730923
      vertex 0.7289413511753082 6.553696505725384 3.4142135623730923
    endloop
  endfacet
  facet normal -0.7847664881633893 -0.11640911780384913 0.6087614281045001
    outer loop
      vertex 0.41683531552553177 6.491614751517773 3
      vertex 0.7289413511753082 6.553696505725384 3.4142135623730923
      vertex 0.6221909523010254 7.273349203169346 3.4142135623730923
    endloop
  endfacet
  facet normal -0.7469771254386561 -0.26727269214765453 0.6087614328318995
    outer loop
      vertex 0.8568150550127029 5.041195921599865 3
      vertex 1.1508125215768814 5.162973642349243 3.4142135623730923
      vertex 0.9057160094380379 5.847972497344017 3.4142135623730923
    endloop
  endfacet
  facet normal -0.6372273804300871 -0.47260002736892975 0.6087614309079511
    outer loop
      vertex 1.571303367614746 3.704482302069664 3
      vertex 2.2692814990878105 3.2969208881258965 3.4142135623730923
      vertex 1.835894137620926 3.8812761083245277 3.4142135623730923
    endloop
  endfacet
  facet normal -0.4078651298685976 -0.6804818573961157 0.6087614291263896
    outer loop
      vertex 3.704482302069664 1.571303367614746 3
      vertex 4.355288773775101 1.1812249794602394 3
      vertex 4.505296967923641 1.4618704169988632 3.4142135623730923
    endloop
  endfacet
  facet normal -0.3392022676963965 -0.7171829294912753 0.6087614206205373
    outer loop
      vertex 4.355288773775101 1.1812249794602394 3
      vertex 5.041195921599865 0.8568150550127029 3
      vertex 4.505296967923641 1.4618704169988632 3.4142135623730923
    endloop
  endfacet
  facet normal -0.26727269166329803 -0.7469771262981076 0.608761431989968
    outer loop
      vertex 5.041195921599865 0.8568150550127029 3
      vertex 5.755597926676273 0.6011979281902313 3
      vertex 5.847972497344017 0.9057160094380379 3.4142135623730923
    endloop
  endfacet
  facet normal -0.19276913307512777 -0.7695775363709111 0.6087614285142765
    outer loop
      vertex 5.755597926676273 0.6011979281902313 3
      vertex 6.491614751517773 0.41683531552553177 3
      vertex 6.553696505725384 0.7289413511753082 3.4142135623730923
    endloop
  endfacet
  facet normal -0.11640911451448456 -0.7847664919938354 0.6087614237955975
    outer loop
      vertex 6.491614751517773 0.41683531552553177 3
      vertex 7.242158181965351 0.305502712726593 3
      vertex 7.273349203169346 0.6221909523010254 3.4142135623730923
    endloop
  endfacet
  facet normal -0.40786513393614116 -0.6804818449911039 0.6087614402676609
    outer loop
      vertex 3.704482302069664 1.571303367614746 3
      vertex 4.505296967923641 1.4618704169988632 3.4142135623730923
      vertex 3.8812761083245277 1.835894137620926 3.4142135623730923
    endloop
  endfacet
  facet normal -0.3392022559664448 -0.7171829262171118 0.6087614310137718
    outer loop
      vertex 5.041195921599865 0.8568150550127029 3
      vertex 5.162973642349243 1.1508125215768814 3.4142135623730923
      vertex 4.505296967923641 1.4618704169988632 3.4142135623730923
    endloop
  endfacet
  facet normal -0.47260002736892975 -0.6372273804300871 0.6087614309079511
    outer loop
      vertex 3.704482302069664 1.571303367614746 3
      vertex 3.8812761083245277 1.835894137620926 3.4142135623730923
      vertex 3.2969208881258965 2.2692814990878105 3.4142135623730923
    endloop
  endfacet
  facet normal -0.1927691338191011 -0.7695775353095536 0.6087614296204272
    outer loop
      vertex 5.755597926676273 0.6011979281902313 3
      vertex 6.553696505725384 0.7289413511753082 3.4142135623730923
      vertex 5.847972497344017 0.9057160094380379 3.4142135623730923
    endloop
  endfacet
  facet normal -0.26727269214765453 -0.7469771254386561 0.6087614328318995
    outer loop
      vertex 5.041195921599865 0.8568150550127029 3
      vertex 5.847972497344017 0.9057160094380379 3.4142135623730923
      vertex 5.162973642349243 1.1508125215768814 3.4142135623730923
    endloop
  endfacet
  facet normal -0.11640911780384913 -0.7847664881633893 0.6087614281045001
    outer loop
      vertex 6.491614751517773 0.41683531552553177 3
      vertex 7.273349203169346 0.6221909523010254 3.4142135623730923
      vertex 6.553696505725384 0.7289413511753082 3.4142135623730923
    endloop
  endfacet
  facet normal -0.792397711451704 -0.03892799783895971 0.6087614293550075
    outer loop
      vertex 0.305502712726593 7.242158181965351 3
      vertex 0.6221909523010254 7.273349203169346 3.4142135623730923
      vertex 0.2679491937160492 8.006577730178833 3
    endloop
  endfacet
  facet normal -0.7923977106162798 -0.03892799678288375 0.6087614305099743
    outer loop
      vertex 0.2679491937160492 8.006577730178833 3
      vertex 0.6221909523010254 7.273349203169346 3.4142135623730923
      vertex 0.5857864394783974 8.01438020914793 3.4142135623730923
    endloop
  endfacet
  facet normal -0.03892799783895971 -0.792397711451704 0.6087614293550075
    outer loop
      vertex 7.242158181965351 0.305502712726593 3
      vertex 8.006577730178833 0.2679491937160492 3
      vertex 7.273349203169346 0.6221909523010254 3.4142135623730923
    endloop
  endfacet
  facet normal -0.03892799678288375 -0.7923977106162798 0.6087614305099743
    outer loop
      vertex 8.006577730178833 0.2679491937160492 3
      vertex 8.01438020914793 0.5857864394783974 3.4142135623730923
      vertex 7.273349203169346 0.6221909523010254 3.4142135623730923
    endloop
  endfacet
  facet normal 0 0 -1
    outer loop
      vertex 2.3431457505076194 2.3431457505076194 0
      vertex 9.314117770716653 215.9215314169218 0
      vertex 6.3 8 0
    endloop
  endfacet
  facet normal 0 0 -1
    outer loop
      vertex 2.3431457505076194 2.3431457505076194 0
      vertex 0 8 0
      vertex 2.3431457505076194 222.65685424949237 0
    endloop
  endfacet
  facet normal 0 0 -1
    outer loop
      vertex 6.3 8 0
      vertex 9.314117770716653 215.9215314169218 0
      vertex 6.308185964657265 8.166629138560253 0
    endloop
  endfacet
  facet normal 0 0 -1
    outer loop
      vertex 6.308185964657265 8.166629138560253 0
      vertex 9.314117770716653 215.9215314169218 0
      vertex 6.332665023314508 8.331653547427418 0
    endloop
  endfacet
  facet normal 0 0 -1
    outer loop
      vertex 6.332665023314508 8.331653547427418 0
      vertex 9.314117770716653 215.9215314169218 0
      vertex 6.373201429255245 8.493483951332585 0
    endloop
  endfacet
  facet normal 0 0 -1
    outer loop
      vertex 6.373201429255245 8.493483951332585 0
      vertex 9.314117770716653 215.9215314169218 0
      vertex 6.429404794730813 8.650561835020653 0
    endloop
  endfacet
  facet normal 0 0 -1
    outer loop
      vertex 6.429404794730813 8.650561835020653 0
      vertex 9.314117770716653 215.9215314169218 0
      vertex 6.500733850607796 8.801374452604197 0
    endloop
  endfacet
  facet normal 0 0 -1
    outer loop
      vertex 6.500733850607796 8.801374452604197 0
      vertex 9.314117770716653 215.9215314169218 0
      vertex 6.586501659085673 8.944469396133323 0
    endloop
  endfacet
  facet normal 0 0 -1
    outer loop
      vertex 6.586501659085673 8.944469396133323 0
      vertex 9.314117770716653 215.9215314169218 0
      vertex 6.685882229283347 9.078468583078198 0
    endloop
  endfacet
  facet normal 0 0 -1
    outer loop
      vertex 6.797918471982869 9.20208152801713 0
      vertex 9.314117770716653 215.9215314169218 0
      vertex 6.921531416921803 9.314117770716653 0
    endloop
  endfacet
  facet normal 0 0 -1
    outer loop
      vertex 6.685882229283347 9.078468583078198 0
      vertex 9.314117770716653 215.9215314169218 0
      vertex 6.797918471982869 9.20208152801713 0
    endloop
  endfacet
  facet normal 0 0 -1
    outer loop
      vertex 6.921531416921803 9.314117770716653 0
      vertex 9.314117770716653 215.9215314169218 0
      vertex 7.055530603866677 9.413498340914327 0
    endloop
  endfacet
  facet normal 0 0 -1
    outer loop
      vertex 7.055530603866677 9.413498340914327 0
      vertex 9.314117770716653 215.9215314169218 0
      vertex 7.198625547395804 9.499266149392204 0
    endloop
  endfacet
  facet normal 0 0 -1
    outer loop
      vertex 7.349438164979348 9.570595205269187 0
      vertex 9.314117770716653 215.9215314169218 0
      vertex 7.5065160486674145 9.626798570744755 0
    endloop
  endfacet
  facet normal 0 0 -1
    outer loop
      vertex 7.198625547395804 9.499266149392204 0
      vertex 9.314117770716653 215.9215314169218 0
      vertex 7.349438164979348 9.570595205269187 0
    endloop
  endfacet
  facet normal 0 0 -1
    outer loop
      vertex 7.668346452572582 9.667334976685492 0
      vertex 9.314117770716653 215.9215314169218 0
      vertex 7.833370861439747 9.691814035342734 0
    endloop
  endfacet
  facet normal 0 0 -1
    outer loop
      vertex 7.5065160486674145 9.626798570744755 0
      vertex 9.314117770716653 215.9215314169218 0
      vertex 7.668346452572582 9.667334976685492 0
    endloop
  endfacet
  facet normal -1 0 0
    outer loop
      vertex 0 8 0
      vertex 0 8 2
      vertex 0 217 2
    endloop
  endfacet
  facet normal -0.9914448620347796 0 0.13052618719949255
    outer loop
      vertex 0 8 2
      vertex 0.06814834475517273 8.00167303532362 2.5176380902050397
      vertex 0 217 2
    endloop
  endfacet
  facet normal -0.9238795298353729 0 0.38268343882531725
    outer loop
      vertex 0.06814834475517273 8.00167303532362 2.5176380902050397
      vertex 0.2679491937160492 8.006577730178833 3
      vertex 0.06814834475517273 216.9983269572258 2.5176380902050397
    endloop
  endfacet
  facet normal -0.7933533397671423 9.010191325537555e-20 0.6087614296917319
    outer loop
      vertex 0.2679491937160492 8.006577730178833 3
      vertex 0.5857864394783974 8.01438020914793 3.4142135623730923
      vertex 0.5857864394783974 216.9856197834015 3.4142135623730923
    endloop
  endfacet
  facet normal 0 0 -1
    outer loop
      vertex 2.3431457505076194 2.3431457505076194 0
      vertex 225 0 0
      vertex 8 0 0
    endloop
  endfacet
  facet normal 0 0 -1
    outer loop
      vertex 2.3431457505076194 2.3431457505076194 0
      vertex 8 6.3 0
      vertex 225 0 0
    endloop
  endfacet
  facet normal 0 0 -1
    outer loop
      vertex 9.20208152801713 6.797918471982869 0
      vertex 215.9215314169218 6.685882229283347 0
      vertex 9.078468583078198 6.685882229283347 0
    endloop
  endfacet
  facet normal 0 0 -1
    outer loop
      vertex 9.413498340914327 7.055530603866677 0
      vertex 215.68588222928335 6.921531416921803 0
      vertex 9.314117770716653 6.921531416921803 0
    endloop
  endfacet
  facet normal 0 0 -1
    outer loop
      vertex 9.314117770716653 6.921531416921803 0
      vertex 215.79791847198288 6.797918471982869 0
      vertex 9.20208152801713 6.797918471982869 0
    endloop
  endfacet
  facet normal 0 0 -1
    outer loop
      vertex 225 0 0
      vertex 8 6.3 0
      vertex 8.166629138560253 6.308185964657265 0
    endloop
  endfacet
  facet normal 0 0 -1
    outer loop
      vertex 225 0 0
      vertex 8.166629138560253 6.308185964657265 0
      vertex 8.331653547427418 6.332665023314508 0
    endloop
  endfacet
  facet normal 0 0 -1
    outer loop
      vertex 225 0 0
      vertex 8.331653547427418 6.332665023314508 0
      vertex 8.493483951332585 6.373201429255245 0
    endloop
  endfacet
  facet normal 0 0 -1
    outer loop
      vertex 225 0 0
      vertex 8.493483951332585 6.373201429255245 0
      vertex 8.650561835020653 6.429404794730813 0
    endloop
  endfacet
  facet normal 0 0 -1
    outer loop
      vertex 225 0 0
      vertex 8.650561835020653 6.429404794730813 0
      vertex 8.801374452604197 6.500733850607796 0
    endloop
  endfacet
  facet normal 0 0 -1
    outer loop
      vertex 225 0 0
      vertex 8.801374452604197 6.500733850607796 0
      vertex 8.944469396133323 6.586501659085673 0
    endloop
  endfacet
  facet normal 0 0 -1
    outer loop
      vertex 225 0 0
      vertex 8.944469396133323 6.586501659085673 0
      vertex 9.078468583078198 6.685882229283347 0
    endloop
  endfacet
  facet normal 0 0 -1
    outer loop
      vertex 9.570595205269187 7.349438164979348 0
      vertex 215.5007338506078 7.198625547395804 0
      vertex 9.499266149392204 7.198625547395804 0
    endloop
  endfacet
  facet normal 0 0 -1
    outer loop
      vertex 9.499266149392204 7.198625547395804 0
      vertex 215.58650165908568 7.055530603866677 0
      vertex 9.413498340914327 7.055530603866677 0
    endloop
  endfacet
  facet normal 0 0 -1
    outer loop
      vertex 9.626798570744755 7.5065160486674145 0
      vertex 215.4294047947308 7.349438164979348 0
      vertex 9.570595205269187 7.349438164979348 0
    endloop
  endfacet
  facet normal 0 0 -1
    outer loop
      vertex 9.667334976685492 7.668346452572582 0
      vertex 215.37320142925523 7.5065160486674145 0
      vertex 9.626798570744755 7.5065160486674145 0
    endloop
  endfacet
  facet normal 0 0 -1
    outer loop
      vertex 9.667334976685492 8.331653547427418 0
      vertex 215.30818596465727 8.166629138560253 0
      vertex 9.691814035342734 8.166629138560253 0
    endloop
  endfacet
  facet normal 0 0 -1
    outer loop
      vertex 9.626798570744755 8.493483951332585 0
      vertex 215.33266502331452 8.331653547427418 0
      vertex 9.667334976685492 8.331653547427418 0
    endloop
  endfacet
  facet normal 0 0 -1
    outer loop
      vertex 9.570595205269187 8.650561835020653 0
      vertex 215.37320142925523 8.493483951332585 0
      vertex 9.626798570744755 8.493483951332585 0
    endloop
  endfacet
  facet normal 0 0 -1
    outer loop
      vertex 9.7 8 0
      vertex 215.30818596465727 7.833370861439747 0
      vertex 9.691814035342734 7.833370861439747 0
    endloop
  endfacet
  facet normal 0 0 -1
    outer loop
      vertex 9.691814035342734 7.833370861439747 0
      vertex 215.33266502331452 7.668346452572582 0
      vertex 9.667334976685492 7.668346452572582 0
    endloop
  endfacet
  facet normal 0 0 -1
    outer loop
      vertex 9.691814035342734 8.166629138560253 0
      vertex 215.3 8 0
      vertex 9.7 8 0
    endloop
  endfacet
  facet normal 0 -1 0
    outer loop
      vertex 8 0 0
      vertex 225 0 1.9899999999999949
      vertex 8 0 2
    endloop
  endfacet
  facet normal 2.3146393031453647e-21 -0.9914448620347796 0.13052618719949255
    outer loop
      vertex 8 0 2
      vertex 224.93185165524483 0.06814834475517273 2.5176380902050397
      vertex 8.0016730427742 0.06814834475517273 2.5176380902050397
    endloop
  endfacet
  facet normal -3.8192064654000305e-20 -0.9238795298353728 0.38268343882531725
    outer loop
      vertex 8.0016730427742 0.06814834475517273 2.5176380902050397
      vertex 224.73205080628395 0.2679491937160492 3
      vertex 8.006577730178833 0.2679491937160492 3
    endloop
  endfacet
  facet normal 0 -0.7933533397671424 0.6087614296917317
    outer loop
      vertex 8.006577730178833 0.2679491937160492 3
      vertex 224.73205080628395 0.2679491937160492 3
      vertex 8.01438020914793 0.5857864394783974 3.4142135623730923
    endloop
  endfacet
  facet normal 0 0 -1
    outer loop
      vertex 7.833370861439747 9.691814035342734 0
      vertex 215.3 217 0
      vertex 8 9.7 0
    endloop
  endfacet
  facet normal 0 0 -1
    outer loop
      vertex 8.166629138560253 9.691814035342734 0
      vertex 215.33266502331452 216.6683464525726 0
      vertex 8.331653547427418 9.667334976685492 0
    endloop
  endfacet
  facet normal 0 0 -1
    outer loop
      vertex 8 9.7 0
      vertex 215.30818596465727 216.83337086143976 0
      vertex 8.166629138560253 9.691814035342734 0
    endloop
  endfacet
  facet normal 0 0 -1
    outer loop
      vertex 8.944469396133323 9.413498340914327 0
      vertex 215.68588222928335 215.9215314169218 0
      vertex 9.078468583078198 9.314117770716653 0
    endloop
  endfacet
  facet normal 0 0 -1
    outer loop
      vertex 9.20208152801713 9.20208152801713 0
      vertex 215.9215314169218 215.68588222928335 0
      vertex 9.314117770716653 9.078468583078198 0
    endloop
  endfacet
  facet normal 0 0 -1
    outer loop
      vertex 9.20208152801713 9.20208152801713 0
      vertex 9.078468583078198 9.314117770716653 0
      vertex 215.79791847198288 215.79791847198288 0
    endloop
  endfacet
  facet normal 0 0 -1
    outer loop
      vertex 8.493483951332585 9.626798570744755 0
      vertex 215.4294047947308 216.34943816497935 0
      vertex 8.650561835020653 9.570595205269187 0
    endloop
  endfacet
  facet normal 0 0 -1
    outer loop
      vertex 8.331653547427418 9.667334976685492 0
      vertex 215.37320142925523 216.5065160486674 0
      vertex 8.493483951332585 9.626798570744755 0
    endloop
  endfacet
  facet normal 0 0 -1
    outer loop
      vertex 8.801374452604197 9.499266149392204 0
      vertex 215.58650165908568 216.05553060386669 0
      vertex 8.944469396133323 9.413498340914327 0
    endloop
  endfacet
  facet normal 0 0 -1
    outer loop
      vertex 8.650561835020653 9.570595205269187 0
      vertex 215.5007338506078 216.1986255473958 0
      vertex 8.801374452604197 9.499266149392204 0
    endloop
  endfacet
  facet normal 0 0 -1
    outer loop
      vertex 9.413498340914327 8.944469396133323 0
      vertex 216.1986255473958 215.5007338506078 0
      vertex 9.499266149392204 8.801374452604197 0
    endloop
  endfacet
  facet normal 0 0 -1
    outer loop
      vertex 9.499266149392204 8.801374452604197 0
      vertex 216.34943816497935 215.4294047947308 0
      vertex 9.570595205269187 8.650561835020653 0
    endloop
  endfacet
  facet normal 0 0 -1
    outer loop
      vertex 9.314117770716653 9.078468583078198 0
      vertex 216.05553060386669 215.58650165908568 0
      vertex 9.413498340914327 8.944469396133323 0
    endloop
  endfacet
  facet normal -0.4510624653868813 -0.4088191875911615 0.7933533413154641
    outer loop
      vertex 2.2692814990878105 3.2969208881258965 3.4142135623730923
      vertex 2.7578588500618935 2.7578588500618935 3.4142135623730923
      vertex 3.051105298101902 3.051105298101902 3.732050807568882
    endloop
  endfacet
  facet normal -0.4088191875911615 -0.4510624653868813 0.7933533413154641
    outer loop
      vertex 3.2969208881258965 2.2692814990878105 3.4142135623730923
      vertex 3.051105298101902 3.051105298101902 3.732050807568882
      vertex 2.7578588500618935 2.7578588500618935 3.4142135623730923
    endloop
  endfacet
  facet normal -0.4510624651513245 -0.40881918482724466 0.7933533428736512
    outer loop
      vertex 2.2692814990878105 3.2969208881258965 3.4142135623730923
      vertex 3.051105298101902 3.051105298101902 3.732050807568882
      vertex 2.5898590609431267 3.560012102127075 3.732050807568882
    endloop
  endfacet
  facet normal -0.40881918482724466 -0.4510624651513245 0.7933533428736512
    outer loop
      vertex 3.2969208881258965 2.2692814990878105 3.4142135623730923
      vertex 3.560012102127075 2.5898590609431267 3.732050807568882
      vertex 3.051105298101902 3.051105298101902 3.732050807568882
    endloop
  endfacet
  facet normal -0.5503138168956291 -0.2602790464702067 0.7933533392520158
    outer loop
      vertex 1.1508125215768814 5.162973642349243 3.4142135623730923
      vertex 1.4618704169988632 4.505296967923641 3.4142135623730923
      vertex 1.5339574739336967 5.321677461266518 3.732050807568882
    endloop
  endfacet
  facet normal -0.6021725041662463 -0.08932385752070089 0.7933533410175907
    outer loop
      vertex 0.7289413511753082 6.553696505725384 3.4142135623730923
      vertex 1.1356858611106873 6.634603001177311 3.732050807568882
      vertex 0.6221909523010254 7.273349203169346 3.4142135623730923
    endloop
  endfacet
  facet normal -0.5731757098863415 -0.20508555059835798 0.7933533402791324
    outer loop
      vertex 1.1508125215768814 5.162973642349243 3.4142135623730923
      vertex 1.5339574739336967 5.321677461266518 3.732050807568882
      vertex 0.9057160094380379 5.847972497344017 3.4142135623730923
    endloop
  endfacet
  facet normal -0.5905176132165606 -0.14791695908702834 0.7933533397518806
    outer loop
      vertex 0.7289413511753082 6.553696505725384 3.4142135623730923
      vertex 0.9057160094380379 5.847972497344017 3.4142135623730923
      vertex 1.1356858611106873 6.634603001177311 3.732050807568882
    endloop
  endfacet
  facet normal -0.48896176974847 -0.3626387579415075 0.793353338029837
    outer loop
      vertex 2.2692814990878105 3.2969208881258965 3.4142135623730923
      vertex 2.1807154715061188 4.111678369343281 3.732050807568882
      vertex 1.835894137620926 3.8812761083245277 3.4142135623730923
    endloop
  endfacet
  facet normal -0.5221520933777304 -0.3129659300511224 0.7933533374282167
    outer loop
      vertex 1.4618704169988632 4.505296967923641 3.4142135623730923
      vertex 1.835894137620926 3.8812761083245277 3.4142135623730923
      vertex 2.1807154715061188 4.111678369343281 3.732050807568882
    endloop
  endfacet
  facet normal -0.5503138089211302 -0.260279049004264 0.79335334395221
    outer loop
      vertex 1.4618704169988632 4.505296967923641 3.4142135623730923
      vertex 1.8276147320866585 4.700791358947754 3.732050807568882
      vertex 1.5339574739336967 5.321677461266518 3.732050807568882
    endloop
  endfacet
  facet normal -0.573175709470428 -0.20508554979499485 0.7933533407872915
    outer loop
      vertex 0.9057160094380379 5.847972497344017 3.4142135623730923
      vertex 1.5339574739336967 5.321677461266518 3.732050807568882
      vertex 1.3025717064738274 5.968357354402542 3.732050807568882
    endloop
  endfacet
  facet normal -0.5905176113309517 -0.1479169601270259 0.7933533409614955
    outer loop
      vertex 0.9057160094380379 5.847972497344017 3.4142135623730923
      vertex 1.3025717064738274 5.968357354402542 3.732050807568882
      vertex 1.1356858611106873 6.634603001177311 3.732050807568882
    endloop
  endfacet
  facet normal -0.4889617620366373 -0.3626387588036253 0.7933533423887449
    outer loop
      vertex 2.2692814990878105 3.2969208881258965 3.4142135623730923
      vertex 2.5898590609431267 3.560012102127075 3.732050807568882
      vertex 2.1807154715061188 4.111678369343281 3.732050807568882
    endloop
  endfacet
  facet normal -0.5221520907454199 -0.3129659209439794 0.7933533427533241
    outer loop
      vertex 1.4618704169988632 4.505296967923641 3.4142135623730923
      vertex 2.1807154715061188 4.111678369343281 3.732050807568882
      vertex 1.8276147320866585 4.700791358947754 3.732050807568882
    endloop
  endfacet
  facet normal -0.2602790464702067 -0.5503138168956291 0.7933533392520158
    outer loop
      vertex 4.505296967923641 1.4618704169988632 3.4142135623730923
      vertex 5.162973642349243 1.1508125215768814 3.4142135623730923
      vertex 5.321677461266518 1.5339574739336967 3.732050807568882
    endloop
  endfacet
  facet normal -0.3626387579415075 -0.48896176974847 0.793353338029837
    outer loop
      vertex 3.2969208881258965 2.2692814990878105 3.4142135623730923
      vertex 3.8812761083245277 1.835894137620926 3.4142135623730923
      vertex 4.111678369343281 2.1807154715061188 3.732050807568882
    endloop
  endfacet
  facet normal -0.3129659300511224 -0.5221520933777304 0.7933533374282167
    outer loop
      vertex 4.505296967923641 1.4618704169988632 3.4142135623730923
      vertex 4.111678369343281 2.1807154715061188 3.732050807568882
      vertex 3.8812761083245277 1.835894137620926 3.4142135623730923
    endloop
  endfacet
  facet normal -0.20508555059835798 -0.5731757098863415 0.7933533402791324
    outer loop
      vertex 5.162973642349243 1.1508125215768814 3.4142135623730923
      vertex 5.847972497344017 0.9057160094380379 3.4142135623730923
      vertex 5.321677461266518 1.5339574739336967 3.732050807568882
    endloop
  endfacet
  facet normal -0.08932385752070089 -0.6021725041662463 0.7933533410175907
    outer loop
      vertex 6.553696505725384 0.7289413511753082 3.4142135623730923
      vertex 7.273349203169346 0.6221909523010254 3.4142135623730923
      vertex 6.634603001177311 1.1356858611106873 3.732050807568882
    endloop
  endfacet
  facet normal -0.14791695908702834 -0.5905176132165606 0.7933533397518806
    outer loop
      vertex 5.847972497344017 0.9057160094380379 3.4142135623730923
      vertex 6.553696505725384 0.7289413511753082 3.4142135623730923
      vertex 6.634603001177311 1.1356858611106873 3.732050807568882
    endloop
  endfacet
  facet normal -0.260279049004264 -0.5503138089211302 0.79335334395221
    outer loop
      vertex 4.505296967923641 1.4618704169988632 3.4142135623730923
      vertex 5.321677461266518 1.5339574739336967 3.732050807568882
      vertex 4.700791358947754 1.8276147320866585 3.732050807568882
    endloop
  endfacet
  facet normal -0.3626387588036253 -0.4889617620366373 0.7933533423887449
    outer loop
      vertex 3.2969208881258965 2.2692814990878105 3.4142135623730923
      vertex 4.111678369343281 2.1807154715061188 3.732050807568882
      vertex 3.560012102127075 2.5898590609431267 3.732050807568882
    endloop
  endfacet
  facet normal -0.3129659209439794 -0.5221520907454199 0.7933533427533241
    outer loop
      vertex 4.505296967923641 1.4618704169988632 3.4142135623730923
      vertex 4.700791358947754 1.8276147320866585 3.732050807568882
      vertex 4.111678369343281 2.1807154715061188 3.732050807568882
    endloop
  endfacet
  facet normal -0.20508554979499485 -0.573175709470428 0.7933533407872915
    outer loop
      vertex 5.847972497344017 0.9057160094380379 3.4142135623730923
      vertex 5.968357354402542 1.3025717064738274 3.732050807568882
      vertex 5.321677461266518 1.5339574739336967 3.732050807568882
    endloop
  endfacet
  facet normal -0.1479169601270259 -0.5905176113309517 0.7933533409614955
    outer loop
      vertex 5.847972497344017 0.9057160094380379 3.4142135623730923
      vertex 6.634603001177311 1.1356858611106873 3.732050807568882
      vertex 5.968357354402542 1.3025717064738274 3.732050807568882
    endloop
  endfacet
  facet normal -0.28354972131601197 -0.2569944849822848 0.923879532314848
    outer loop
      vertex 3.051105298101902 3.051105298101902 3.732050807568882
      vertex 2.9631795287132263 3.866388313472271 3.931851652578132
      vertex 2.5898590609431267 3.560012102127075 3.732050807568882
    endloop
  endfacet
  facet normal -0.2569944849822848 -0.28354972131601197 0.923879532314848
    outer loop
      vertex 3.051105298101902 3.051105298101902 3.732050807568882
      vertex 3.560012102127075 2.5898590609431267 3.732050807568882
      vertex 3.866388313472271 2.9631795287132263 3.931851652578132
    endloop
  endfacet
  facet normal -0.28354972127302136 -0.25699448498097144 0.9238795323284076
    outer loop
      vertex 3.051105298101902 3.051105298101902 3.732050807568882
      vertex 3.392598018050194 3.392598018050194 3.931851652578132
      vertex 2.9631795287132263 3.866388313472271 3.931851652578132
    endloop
  endfacet
  facet normal -0.25699448498097144 -0.28354972127302136 0.9238795323284076
    outer loop
      vertex 3.051105298101902 3.051105298101902 3.732050807568882
      vertex 3.866388313472271 2.9631795287132263 3.931851652578132
      vertex 3.392598018050194 3.392598018050194 3.931851652578132
    endloop
  endfacet
  facet normal -0.36031331926528304 -0.12892216812232613 0.9238795303104581
    outer loop
      vertex 1.3025717064738274 5.968357354402542 3.732050807568882
      vertex 1.5339574739336967 5.321677461266518 3.732050807568882
      vertex 1.764719970524311 6.108548417687416 3.931851652578132
    endloop
  endfacet
  facet normal -0.3785414615149009 -0.05615132302484748 0.9238795326430399
    outer loop
      vertex 1.1356858611106873 6.634603001177311 3.732050807568882
      vertex 1.609349861741066 6.728820696473122 3.931851652578132
      vertex 1.0349070951342583 7.313998237252235 3.732050807568882
    endloop
  endfacet
  facet normal -0.37121488987736917 -0.09298448854182567 0.9238795324196482
    outer loop
      vertex 1.3025717064738274 5.968357354402542 3.732050807568882
      vertex 1.764719970524311 6.108548417687416 3.931851652578132
      vertex 1.1356858611106873 6.634603001177311 3.732050807568882
    endloop
  endfacet
  facet normal -0.307374216148143 -0.22796425587129618 0.9238795318072378
    outer loop
      vertex 2.1807154715061188 4.111678369343281 3.732050807568882
      vertex 2.5898590609431267 3.560012102127075 3.732050807568882
      vertex 2.5822684541344643 4.379987441003323 3.931851652578132
    endloop
  endfacet
  facet normal -0.32823852687043054 -0.19673860293204332 0.9238795330530261
    outer loop
      vertex 2.1807154715061188 4.111678369343281 3.732050807568882
      vertex 2.5822684541344643 4.379987441003323 3.931851652578132
      vertex 1.8276147320866585 4.700791358947754 3.732050807568882
    endloop
  endfacet
  facet normal -0.3459417229248943 -0.16361825052202647 0.9238795335084911
    outer loop
      vertex 1.5339574739336967 5.321677461266518 3.732050807568882
      vertex 1.8276147320866585 4.700791358947754 3.732050807568882
      vertex 2.2535329908132553 4.928449429571629 3.931851652578132
    endloop
  endfacet
  facet normal -0.3712148859887443 -0.09298448309013849 0.9238795345307869
    outer loop
      vertex 1.1356858611106873 6.634603001177311 3.732050807568882
      vertex 1.764719970524311 6.108548417687416 3.931851652578132
      vertex 1.609349861741066 6.728820696473122 3.931851652578132
    endloop
  endfacet
  facet normal -0.34594172255372024 -0.1636182496980435 0.9238795337934019
    outer loop
      vertex 1.5339574739336967 5.321677461266518 3.732050807568882
      vertex 2.2535329908132553 4.928449429571629 3.931851652578132
      vertex 1.9801391959190369 5.506492041051388 3.931851652578132
    endloop
  endfacet
  facet normal -0.32823852596053693 -0.19673860023221898 0.9238795339512188
    outer loop
      vertex 1.8276147320866585 4.700791358947754 3.732050807568882
      vertex 2.5822684541344643 4.379987441003323 3.931851652578132
      vertex 2.2535329908132553 4.928449429571629 3.931851652578132
    endloop
  endfacet
  facet normal -0.30737421603500714 -0.22796425587895974 0.923879531842987
    outer loop
      vertex 2.5898590609431267 3.560012102127075 3.732050807568882
      vertex 2.9631795287132263 3.866388313472271 3.931851652578132
      vertex 2.5822684541344643 4.379987441003323 3.931851652578132
    endloop
  endfacet
  facet normal -0.36031331311507514 -0.12892217045245385 0.9238795323838852
    outer loop
      vertex 1.5339574739336967 5.321677461266518 3.732050807568882
      vertex 1.9801391959190369 5.506492041051388 3.931851652578132
      vertex 1.764719970524311 6.108548417687416 3.931851652578132
    endloop
  endfacet
  facet normal -0.22796425587129618 -0.307374216148143 0.9238795318072378
    outer loop
      vertex 3.560012102127075 2.5898590609431267 3.732050807568882
      vertex 4.111678369343281 2.1807154715061188 3.732050807568882
      vertex 4.379987441003323 2.5822684541344643 3.931851652578132
    endloop
  endfacet
  facet normal -0.19673860293204332 -0.32823852687043054 0.9238795330530261
    outer loop
      vertex 4.111678369343281 2.1807154715061188 3.732050807568882
      vertex 4.700791358947754 1.8276147320866585 3.732050807568882
      vertex 4.379987441003323 2.5822684541344643 3.931851652578132
    endloop
  endfacet
  facet normal -0.16361825052202647 -0.3459417229248943 0.9238795335084911
    outer loop
      vertex 4.700791358947754 1.8276147320866585 3.732050807568882
      vertex 5.321677461266518 1.5339574739336967 3.732050807568882
      vertex 4.928449429571629 2.2535329908132553 3.931851652578132
    endloop
  endfacet
  facet normal -0.12892216812232613 -0.36031331926528304 0.9238795303104581
    outer loop
      vertex 5.321677461266518 1.5339574739336967 3.732050807568882
      vertex 5.968357354402542 1.3025717064738274 3.732050807568882
      vertex 6.108548417687416 1.764719970524311 3.931851652578132
    endloop
  endfacet
  facet normal -0.09298448854182567 -0.37121488987736917 0.9238795324196482
    outer loop
      vertex 5.968357354402542 1.3025717064738274 3.732050807568882
      vertex 6.634603001177311 1.1356858611106873 3.732050807568882
      vertex 6.108548417687416 1.764719970524311 3.931851652578132
    endloop
  endfacet
  facet normal -0.05615132302484748 -0.3785414615149009 0.9238795326430399
    outer loop
      vertex 6.634603001177311 1.1356858611106873 3.732050807568882
      vertex 7.313998237252235 1.0349070951342583 3.732050807568882
      vertex 6.728820696473122 1.609349861741066 3.931851652578132
    endloop
  endfacet
  facet normal -0.22796425587895974 -0.30737421603500714 0.923879531842987
    outer loop
      vertex 3.560012102127075 2.5898590609431267 3.732050807568882
      vertex 4.379987441003323 2.5822684541344643 3.931851652578132
      vertex 3.866388313472271 2.9631795287132263 3.931851652578132
    endloop
  endfacet
  facet normal -0.19673860023221898 -0.32823852596053693 0.9238795339512188
    outer loop
      vertex 4.700791358947754 1.8276147320866585 3.732050807568882
      vertex 4.928449429571629 2.2535329908132553 3.931851652578132
      vertex 4.379987441003323 2.5822684541344643 3.931851652578132
    endloop
  endfacet
  facet normal -0.1636182496980435 -0.34594172255372024 0.9238795337934019
    outer loop
      vertex 5.321677461266518 1.5339574739336967 3.732050807568882
      vertex 5.506492041051388 1.9801391959190369 3.931851652578132
      vertex 4.928449429571629 2.2535329908132553 3.931851652578132
    endloop
  endfacet
  facet normal -0.09298448309013849 -0.3712148859887443 0.9238795345307869
    outer loop
      vertex 6.634603001177311 1.1356858611106873 3.732050807568882
      vertex 6.728820696473122 1.609349861741066 3.931851652578132
      vertex 6.108548417687416 1.764719970524311 3.931851652578132
    endloop
  endfacet
  facet normal -0.12892217045245385 -0.36031331311507514 0.9238795323838852
    outer loop
      vertex 5.321677461266518 1.5339574739336967 3.732050807568882
      vertex 6.108548417687416 1.764719970524311 3.931851652578132
      vertex 5.506492041051388 1.9801391959190369 3.931851652578132
    endloop
  endfacet
  facet normal -0.6080281501991734 -0.029870502599569096 0.7933533397168128
    outer loop
      vertex 0.6221909523010254 7.273349203169346 3.4142135623730923
      vertex 1.0349070951342583 7.313998237252235 3.732050807568882
      vertex 0.5857864394783974 8.01438020914793 3.4142135623730923
    endloop
  endfacet
  facet normal -0.6080281490319488 -0.029870501425059006 0.7933533406555983
    outer loop
      vertex 0.5857864394783974 8.01438020914793 3.4142135623730923
      vertex 1.0349070951342583 7.313998237252235 3.732050807568882
      vertex 1 8.024548627436161 3.732050807568882
    endloop
  endfacet
  facet normal -0.6021725023085599 -0.08932385519539092 0.7933533426894224
    outer loop
      vertex 0.6221909523010254 7.273349203169346 3.4142135623730923
      vertex 1.1356858611106873 6.634603001177311 3.732050807568882
      vertex 1.0349070951342583 7.313998237252235 3.732050807568882
    endloop
  endfacet
  facet normal -0.3822224713155608 -0.01877738208715914 0.9238795334584365
    outer loop
      vertex 1.0349070951342583 7.313998237252235 3.732050807568882
      vertex 1.482361912727356 8.036389954388142 3.931851652578132
      vertex 1 8.024548627436161 3.732050807568882
    endloop
  endfacet
  facet normal -0.3785414611690334 -0.056151322628718595 0.9238795328088283
    outer loop
      vertex 1.609349861741066 6.728820696473122 3.931851652578132
      vertex 1.5155252367258072 7.361334927380085 3.931851652578132
      vertex 1.0349070951342583 7.313998237252235 3.732050807568882
    endloop
  endfacet
  facet normal -0.38222246849354263 -0.018777384146474778 0.9238795345840921
    outer loop
      vertex 1.0349070951342583 7.313998237252235 3.732050807568882
      vertex 1.5155252367258072 7.361334927380085 3.931851652578132
      vertex 1.482361912727356 8.036389954388142 3.931851652578132
    endloop
  endfacet
  facet normal -0.029870502599569096 -0.6080281501991734 0.7933533397168128
    outer loop
      vertex 7.273349203169346 0.6221909523010254 3.4142135623730923
      vertex 8.01438020914793 0.5857864394783974 3.4142135623730923
      vertex 7.313998237252235 1.0349070951342583 3.732050807568882
    endloop
  endfacet
  facet normal -0.029870501095770937 -0.6080281487047033 0.7933533409187981
    outer loop
      vertex 8.01438020914793 0.5857864394783974 3.4142135623730923
      vertex 8.024548634886742 1 3.732050807568882
      vertex 7.313998237252235 1.0349070951342583 3.732050807568882
    endloop
  endfacet
  facet normal -0.08932385519539092 -0.6021725023085599 0.7933533426894224
    outer loop
      vertex 7.273349203169346 0.6221909523010254 3.4142135623730923
      vertex 7.313998237252235 1.0349070951342583 3.732050807568882
      vertex 6.634603001177311 1.1356858611106873 3.732050807568882
    endloop
  endfacet
  facet normal -0.018777381902685252 -0.3822224715683577 0.9238795333576
    outer loop
      vertex 7.313998237252235 1.0349070951342583 3.732050807568882
      vertex 8.024548634886742 1 3.732050807568882
      vertex 8.036389954388142 1.482361912727356 3.931851652578132
    endloop
  endfacet
  facet normal -0.056151322628718595 -0.3785414611690334 0.9238795328088283
    outer loop
      vertex 6.728820696473122 1.609349861741066 3.931851652578132
      vertex 7.313998237252235 1.0349070951342583 3.732050807568882
      vertex 7.361334927380085 1.5155252367258072 3.931851652578132
    endloop
  endfacet
  facet normal -0.018777384146474778 -0.38222246849354263 0.9238795345840921
    outer loop
      vertex 7.313998237252235 1.0349070951342583 3.732050807568882
      vertex 8.036389954388142 1.482361912727356 3.931851652578132
      vertex 7.361334927380085 1.5155252367258072 3.931851652578132
    endloop
  endfacet
  facet normal -0.11195605176437558 -0.06710387468135663 0.9914448610366999
    outer loop
      vertex 2.5822684541344643 4.379987441003323 3.931851652578132
      vertex 2.7105995938181877 5.17275658249855 4
      vertex 2.2535329908132553 4.928449429571629 3.931851652578132
    endloop
  endfacet
  facet normal -0.1179942818024574 -0.05580713919205804 0.9914448611380868
    outer loop
      vertex 2.2535329908132553 4.928449429571629 3.931851652578132
      vertex 2.7105995938181877 5.17275658249855 4
      vertex 1.9801391959190369 5.506492041051388 3.931851652578132
    endloop
  endfacet
  facet normal -0.10483962104757594 -0.0777543624414509 0.9914448612907952
    outer loop
      vertex 2.5822684541344643 4.379987441003323 3.931851652578132
      vertex 2.9631795287132263 3.866388313472271 3.931851652578132
      vertex 3.0131878182291985 4.6679186299443245 4
    endloop
  endfacet
  facet normal -0.09671352977510501 -0.08765603317702785 0.9914448613039999
    outer loop
      vertex 3.392598018050194 3.392598018050194 3.931851652578132
      vertex 3.759064845740795 3.759064845740795 4
      vertex 2.9631795287132263 3.866388313472271 3.931851652578132
    endloop
  endfacet
  facet normal -0.0967135296867493 -0.087656032477032 0.9914448613745073
    outer loop
      vertex 2.9631795287132263 3.866388313472271 3.931851652578132
      vertex 3.759064845740795 3.759064845740795 4
      vertex 3.363801747560501 4.195170477032661 4
    endloop
  endfacet
  facet normal -0.1048396203705359 -0.07775436248945905 0.9914448613586233
    outer loop
      vertex 2.9631795287132263 3.866388313472271 3.931851652578132
      vertex 3.363801747560501 4.195170477032661 4
      vertex 3.0131878182291985 4.6679186299443245 4
    endloop
  endfacet
  facet normal -0.11195605121677316 -0.067103874774773 0.9914448610922136
    outer loop
      vertex 2.5822684541344643 4.379987441003323 3.931851652578132
      vertex 3.0131878182291985 4.6679186299443245 4
      vertex 2.7105995938181877 5.17275658249855 4
    endloop
  endfacet
  facet normal 0 0 1
    outer loop
      vertex 3.363801747560501 4.195170477032661 4
      vertex 3.759064845740795 3.759064845740795 4
      vertex 3.0131878182291985 4.6679186299443245 4
    endloop
  endfacet
  facet normal 0 0 1
    outer loop
      vertex 3.0131878182291985 4.6679186299443245 4
      vertex 3.759064845740795 3.759064845740795 4
      vertex 2.7105995938181877 5.17275658249855 4
    endloop
  endfacet
  facet normal 0 0 1
    outer loop
      vertex 3.4269171357154846 4.944363720715046 4
      vertex 3.149433046579361 5.407317943871021 4
      vertex 3.759064845740795 3.759064845740795 4
    endloop
  endfacet
  facet normal 0 0 1
    outer loop
      vertex 2.9186625704169273 5.895241118967533 4
      vertex 3.759064845740795 3.759064845740795 4
      vertex 3.149433046579361 5.407317943871021 4
    endloop
  endfacet
  facet normal -0.122896160270719 -0.04397295116684608 0.9914448614806533
    outer loop
      vertex 1.9801391959190369 5.506492041051388 3.931851652578132
      vertex 2.4589512050151825 5.704822406172752 4
      vertex 1.764719970524311 6.108548417687416 3.931851652578132
    endloop
  endfacet
  facet normal -0.12289615949339117 -0.04397294980371418 0.9914448616374664
    outer loop
      vertex 1.764719970524311 6.108548417687416 3.931851652578132
      vertex 2.4589512050151825 5.704822406172752 4
      vertex 2.260666109621525 6.258992113173008 4
    endloop
  endfacet
  facet normal -0.11799428118771545 -0.055807137815788735 0.9914448612887172
    outer loop
      vertex 1.9801391959190369 5.506492041051388 3.931851652578132
      vertex 2.7105995938181877 5.17275658249855 4
      vertex 2.4589512050151825 5.704822406172752 4
    endloop
  endfacet
  facet normal -0.12661448729925248 -0.03171527623922085 0.9914448612298201
    outer loop
      vertex 1.609349861741066 6.728820696473122 3.931851652578132
      vertex 1.764719970524311 6.108548417687416 3.931851652578132
      vertex 2.1176539584994316 6.829928636550903 4
    endloop
  endfacet
  facet normal -0.12661448581011825 -0.031715276983493475 0.9914448613961846
    outer loop
      vertex 1.764719970524311 6.108548417687416 3.931851652578132
      vertex 2.260666109621525 6.258992113173008 4
      vertex 2.1176539584994316 6.829928636550903 4
    endloop
  endfacet
  facet normal -0.12911344341537273 -0.019152171661090848 0.9914448613261806
    outer loop
      vertex 1.609349861741066 6.728820696473122 3.931851652578132
      vertex 2.1176539584994316 6.829928636550903 4
      vertex 2.031292013823986 7.412133529782295 4
    endloop
  endfacet
  facet normal 0 0 1
    outer loop
      vertex 2.7105995938181877 5.17275658249855 4
      vertex 2.260666109621525 6.258992113173008 4
      vertex 2.4589512050151825 5.704822406172752 4
    endloop
  endfacet
  facet normal 0 0 1
    outer loop
      vertex 2.1176539584994316 6.829928636550903 4
      vertex 2.260666109621525 6.258992113173008 4
      vertex 2.031292013823986 7.412133529782295 4
    endloop
  endfacet
  facet normal 0 0 1
    outer loop
      vertex 2.7105995938181877 5.17275658249855 4
      vertex 2.031292013823986 7.412133529782295 4
      vertex 2.260666109621525 6.258992113173008 4
    endloop
  endfacet
  facet normal 0 0 1
    outer loop
      vertex 3.759064845740795 3.759064845740795 4
      vertex 2 8.049097269773483 4
      vertex 2.031292013823986 7.412133529782295 4
    endloop
  endfacet
  facet normal 0 0 1
    outer loop
      vertex 2.9186625704169273 5.895241118967533 4
      vertex 2.7368281558156013 6.4034342765808105 4
      vertex 2 8.049097269773483 4
    endloop
  endfacet
  facet normal 0 0 1
    outer loop
      vertex 2.7105995938181877 5.17275658249855 4
      vertex 3.759064845740795 3.759064845740795 4
      vertex 2.031292013823986 7.412133529782295 4
    endloop
  endfacet
  facet normal 0 0 1
    outer loop
      vertex 2.9186625704169273 5.895241118967533 4
      vertex 2 8.049097269773483 4
      vertex 3.759064845740795 3.759064845740795 4
    endloop
  endfacet
  facet normal -0.08765603317702785 -0.09671352977510501 0.9914448613039999
    outer loop
      vertex 3.392598018050194 3.392598018050194 3.931851652578132
      vertex 3.866388313472271 2.9631795287132263 3.931851652578132
      vertex 3.759064845740795 3.759064845740795 4
    endloop
  endfacet
  facet normal -0.0777543624414509 -0.10483962104757594 0.9914448612907952
    outer loop
      vertex 4.379987441003323 2.5822684541344643 3.931851652578132
      vertex 4.6679186299443245 3.0131878182291985 4
      vertex 3.866388313472271 2.9631795287132263 3.931851652578132
    endloop
  endfacet
  facet normal -0.087656032477032 -0.0967135296867493 0.9914448613745073
    outer loop
      vertex 3.866388313472271 2.9631795287132263 3.931851652578132
      vertex 4.195170477032661 3.363801747560501 4
      vertex 3.759064845740795 3.759064845740795 4
    endloop
  endfacet
  facet normal -0.07775436248945905 -0.1048396203705359 0.9914448613586233
    outer loop
      vertex 3.866388313472271 2.9631795287132263 3.931851652578132
      vertex 4.6679186299443245 3.0131878182291985 4
      vertex 4.195170477032661 3.363801747560501 4
    endloop
  endfacet
  facet normal -0.06710387468135663 -0.11195605176437558 0.9914448610366999
    outer loop
      vertex 4.379987441003323 2.5822684541344643 3.931851652578132
      vertex 4.928449429571629 2.2535329908132553 3.931851652578132
      vertex 5.17275658249855 2.7105995938181877 4
    endloop
  endfacet
  facet normal -0.05580713919205804 -0.1179942818024574 0.9914448611380868
    outer loop
      vertex 4.928449429571629 2.2535329908132553 3.931851652578132
      vertex 5.506492041051388 1.9801391959190369 3.931851652578132
      vertex 5.17275658249855 2.7105995938181877 4
    endloop
  endfacet
  facet normal -0.067103874774773 -0.11195605121677316 0.9914448610922136
    outer loop
      vertex 4.379987441003323 2.5822684541344643 3.931851652578132
      vertex 5.17275658249855 2.7105995938181877 4
      vertex 4.6679186299443245 3.0131878182291985 4
    endloop
  endfacet
  facet normal 0 0 1
    outer loop
      vertex 4.195170477032661 3.363801747560501 4
      vertex 4.6679186299443245 3.0131878182291985 4
      vertex 3.759064845740795 3.759064845740795 4
    endloop
  endfacet
  facet normal 0 0 1
    outer loop
      vertex 4.6679186299443245 3.0131878182291985 4
      vertex 5.17275658249855 2.7105995938181877 4
      vertex 3.759064845740795 3.759064845740795 4
    endloop
  endfacet
  facet normal 0 0 1
    outer loop
      vertex 4.944363720715046 3.4269171357154846 4
      vertex 3.759064845740795 3.759064845740795 4
      vertex 5.407317943871021 3.149433046579361 4
    endloop
  endfacet
  facet normal 0 0 1
    outer loop
      vertex 5.17275658249855 2.7105995938181877 4
      vertex 6.829928636550903 2.1176539584994316 4
      vertex 3.759064845740795 3.759064845740795 4
    endloop
  endfacet
  facet normal 0 0 1
    outer loop
      vertex 5.407317943871021 3.149433046579361 4
      vertex 3.759064845740795 3.759064845740795 4
      vertex 5.895241118967533 2.9186625704169273 4
    endloop
  endfacet
  facet normal -0.04397295116684608 -0.122896160270719 0.9914448614806533
    outer loop
      vertex 5.506492041051388 1.9801391959190369 3.931851652578132
      vertex 6.108548417687416 1.764719970524311 3.931851652578132
      vertex 5.704822406172752 2.4589512050151825 4
    endloop
  endfacet
  facet normal -0.055807137815788735 -0.11799428118771545 0.9914448612887172
    outer loop
      vertex 5.506492041051388 1.9801391959190369 3.931851652578132
      vertex 5.704822406172752 2.4589512050151825 4
      vertex 5.17275658249855 2.7105995938181877 4
    endloop
  endfacet
  facet normal -0.04397294980371418 -0.12289615949339117 0.9914448616374664
    outer loop
      vertex 6.108548417687416 1.764719970524311 3.931851652578132
      vertex 6.258992113173008 2.260666109621525 4
      vertex 5.704822406172752 2.4589512050151825 4
    endloop
  endfacet
  facet normal -0.03171527623922085 -0.12661448729925248 0.9914448612298201
    outer loop
      vertex 6.728820696473122 1.609349861741066 3.931851652578132
      vertex 6.829928636550903 2.1176539584994316 4
      vertex 6.108548417687416 1.764719970524311 3.931851652578132
    endloop
  endfacet
  facet normal -0.031715276983493475 -0.12661448581011825 0.9914448613961846
    outer loop
      vertex 6.108548417687416 1.764719970524311 3.931851652578132
      vertex 6.829928636550903 2.1176539584994316 4
      vertex 6.258992113173008 2.260666109621525 4
    endloop
  endfacet
  facet normal -0.019152171661090848 -0.12911344341537273 0.9914448613261806
    outer loop
      vertex 6.728820696473122 1.609349861741066 3.931851652578132
      vertex 7.412133529782295 2.031292013823986 4
      vertex 6.829928636550903 2.1176539584994316 4
    endloop
  endfacet
  facet normal 0 0 1
    outer loop
      vertex 5.17275658249855 2.7105995938181877 4
      vertex 5.704822406172752 2.4589512050151825 4
      vertex 6.258992113173008 2.260666109621525 4
    endloop
  endfacet
  facet normal 0 0 1
    outer loop
      vertex 5.17275658249855 2.7105995938181877 4
      vertex 6.258992113173008 2.260666109621525 4
      vertex 6.829928636550903 2.1176539584994316 4
    endloop
  endfacet
  facet normal 0 0 1
    outer loop
      vertex 5.895241118967533 2.9186625704169273 4
      vertex 3.759064845740795 3.759064845740795 4
      vertex 8.049097277224064 2 4
    endloop
  endfacet
  facet normal 0 0 1
    outer loop
      vertex 6.829928636550903 2.1176539584994316 4
      vertex 8.049097277224064 2 4
      vertex 3.759064845740795 3.759064845740795 4
    endloop
  endfacet
  facet normal 0 0 1
    outer loop
      vertex 5.895241118967533 2.9186625704169273 4
      vertex 8.049097277224064 2 4
      vertex 6.4034342765808105 2.7368281558156013 4
    endloop
  endfacet
  facet normal 0 0 1
    outer loop
      vertex 3.759064845740795 3.759064845740795 4
      vertex 4.110912702977657 4.110912702977657 4
      vertex 3.7484425082802773 4.510836936533451 4
    endloop
  endfacet
  facet normal 0 0 1
    outer loop
      vertex 3.759064845740795 3.759064845740795 4
      vertex 4.510836936533451 3.7484425082802773 4
      vertex 4.110912702977657 4.110912702977657 4
    endloop
  endfacet
  facet normal 0 0 1
    outer loop
      vertex 3.4269171357154846 4.944363720715046 4
      vertex 3.759064845740795 3.759064845740795 4
      vertex 3.7484425082802773 4.510836936533451 4
    endloop
  endfacet
  facet normal 0 0 1
    outer loop
      vertex 4.944363720715046 3.4269171357154846 4
      vertex 4.510836936533451 3.7484425082802773 4
      vertex 3.759064845740795 3.759064845740795 4
    endloop
  endfacet
  facet normal -0.12911344487016796 -0.019152170745631258 0.9914448611544106
    outer loop
      vertex 1.609349861741066 6.728820696473122 3.931851652578132
      vertex 2.031292013823986 7.412133529782295 4
      vertex 1.5155252367258072 7.361334927380085 3.931851652578132
    endloop
  endfacet
  facet normal -0.13036896961600886 -0.00640461622496494 0.991444861125555
    outer loop
      vertex 1.5155252367258072 7.361334927380085 3.931851652578132
      vertex 2.031292013823986 7.412133529782295 4
      vertex 1.482361912727356 8.036389954388142 3.931851652578132
    endloop
  endfacet
  facet normal -0.1303689683075489 -0.006404615054783281 0.9914448613051687
    outer loop
      vertex 1.482361912727356 8.036389954388142 3.931851652578132
      vertex 2.031292013823986 7.412133529782295 4
      vertex 2 8.049097269773483 4
    endloop
  endfacet
  facet normal 0 0 1
    outer loop
      vertex 2.6056809574365616 6.927003227174282 4
      vertex 2 8.049097269773483 4
      vertex 2.7368281558156013 6.4034342765808105 4
    endloop
  endfacet
  facet normal 0 0 1
    outer loop
      vertex 2.6056809574365616 6.927003227174282 4
      vertex 2.526484005153179 7.460905730724335 4
      vertex 2 8.049097269773483 4
    endloop
  endfacet
  facet normal 0 0 1
    outer loop
      vertex 2.526484005153179 7.460905730724335 4
      vertex 2.5 8 4
      vertex 2 8.049097269773483 4
    endloop
  endfacet
  facet normal -0.019152170745631258 -0.12911344487016796 0.9914448611544106
    outer loop
      vertex 6.728820696473122 1.609349861741066 3.931851652578132
      vertex 7.361334927380085 1.5155252367258072 3.931851652578132
      vertex 7.412133529782295 2.031292013823986 4
    endloop
  endfacet
  facet normal -0.00640461622496494 -0.13036896961600886 0.991444861125555
    outer loop
      vertex 7.361334927380085 1.5155252367258072 3.931851652578132
      vertex 8.036389954388142 1.482361912727356 3.931851652578132
      vertex 7.412133529782295 2.031292013823986 4
    endloop
  endfacet
  facet normal -0.006404614975513911 -0.13036896821891245 0.9914448613173361
    outer loop
      vertex 8.036389954388142 1.482361912727356 3.931851652578132
      vertex 8.049097277224064 2 4
      vertex 7.412133529782295 2.031292013823986 4
    endloop
  endfacet
  facet normal 0 0 1
    outer loop
      vertex 6.829928636550903 2.1176539584994316 4
      vertex 7.412133529782295 2.031292013823986 4
      vertex 8.049097277224064 2 4
    endloop
  endfacet
  facet normal 0 0 1
    outer loop
      vertex 6.927003227174282 2.6056809574365616 4
      vertex 6.4034342765808105 2.7368281558156013 4
      vertex 8.049097277224064 2 4
    endloop
  endfacet
  facet normal 0 0 1
    outer loop
      vertex 6.927003227174282 2.6056809574365616 4
      vertex 8.049097277224064 2 4
      vertex 7.460905730724335 2.526484005153179 4
    endloop
  endfacet
  facet normal 0 0 1
    outer loop
      vertex 7.460905730724335 2.526484005153179 4
      vertex 8.049097277224064 2 4
      vertex 8 2.5 4
    endloop
  endfacet
  facet normal 0 0 1
    outer loop
      vertex 14.033546976745129 18.999735802412033 4
      vertex 8.719892994225681 11.619146479975498 4
      vertex 9.07116490109271 11.531157447823771 4
    endloop
  endfacet
  facet normal 0 0 1
    outer loop
      vertex 14.033546976745129 18.999735802412033 4
      vertex 9.07116490109271 11.531157447823771 4
      vertex 9.412120904403913 11.40916143912249 4
    endloop
  endfacet
  facet normal 0 0 1
    outer loop
      vertex 15.085811838507652 17.58092088252306 4
      vertex 9.412120904403913 11.40916143912249 4
      vertex 9.7394774114619 11.254333342125244 4
    endloop
  endfacet
  facet normal 0 0 1
    outer loop
      vertex 15.085811838507652 17.58092088252306 4
      vertex 10.05008180015243 11.068164236043765 4
      vertex 10.340942780418782 10.852447031140006 4
    endloop
  endfacet
  facet normal 0 0 1
    outer loop
      vertex 15.085811838507652 17.58092088252306 4
      vertex 9.7394774114619 11.254333342125244 4
      vertex 10.05008180015243 11.068164236043765 4
    endloop
  endfacet
  facet normal 0 0 1
    outer loop
      vertex 16.272077940404415 16.272077940404415 4
      vertex 10.852447031140006 10.340942780418782 4
      vertex 11.068164236043765 10.05008180015243 4
    endloop
  endfacet
  facet normal 0 0 1
    outer loop
      vertex 17.58092088252306 15.085811838507652 4
      vertex 11.531157447823773 9.07116490109271 4
      vertex 11.619146479975498 8.719892994225681 4
    endloop
  endfacet
  facet normal 0 0 1
    outer loop
      vertex 17.58092088252306 15.085811838507652 4
      vertex 11.40916143912249 9.412120904403915 4
      vertex 11.531157447823773 9.07116490109271 4
    endloop
  endfacet
  facet normal 0 0 1
    outer loop
      vertex 17.58092088252306 15.085811838507652 4
      vertex 11.254333342125244 9.7394774114619 4
      vertex 11.40916143912249 9.412120904403915 4
    endloop
  endfacet
  facet normal 0 0 1
    outer loop
      vertex 17.58092088252306 15.085811838507652 4
      vertex 11.068164236043765 10.05008180015243 4
      vertex 11.254333342125244 9.7394774114619 4
    endloop
  endfacet
  facet normal 0 0 1
    outer loop
      vertex 16.272077940404415 16.272077940404415 4
      vertex 10.340942780418782 10.852447031140006 4
      vertex 10.609259202020207 10.609259202020207 4
    endloop
  endfacet
  facet normal 0 0 1
    outer loop
      vertex 16.272077940404415 16.272077940404415 4
      vertex 10.609259202020207 10.609259202020207 4
      vertex 10.852447031140006 10.340942780418782 4
    endloop
  endfacet
  facet normal 0 0 1
    outer loop
      vertex 11 29 4
      vertex 4.59083856087751 9.412120904403913 4
      vertex 4.7456666578747555 9.7394774114619 4
    endloop
  endfacet
  facet normal 0 0 1
    outer loop
      vertex 11 29 4
      vertex 4.7456666578747555 9.7394774114619 4
      vertex 4.931835763956234 10.05008180015243 4
    endloop
  endfacet
  facet normal 0 0 1
    outer loop
      vertex 11 29 4
      vertex 4.931835763956234 10.05008180015243 4
      vertex 5.147552968859994 10.340942780418782 4
    endloop
  endfacet
  facet normal 0 0 1
    outer loop
      vertex 11.77507396042347 23.774875812232494 4
      vertex 6.9288350989072915 11.531157447823773 4
      vertex 7.280107005774318 11.619146479975498 4
    endloop
  endfacet
  facet normal 0 0 1
    outer loop
      vertex 11 29 4
      vertex 5.147552968859994 10.340942780418782 4
      vertex 5.390740797979793 10.609259202020207 4
    endloop
  endfacet
  facet normal 0 0 1
    outer loop
      vertex 11 29 4
      vertex 5.390740797979793 10.609259202020207 4
      vertex 5.659057219581219 10.852447031140006 4
    endloop
  endfacet
  facet normal 0 0 1
    outer loop
      vertex 11 29 4
      vertex 5.659057219581219 10.852447031140006 4
      vertex 5.949918199847571 11.068164236043765 4
    endloop
  endfacet
  facet normal 0 0 1
    outer loop
      vertex 11 29 4
      vertex 5.949918199847571 11.068164236043765 4
      vertex 6.2605225885381 11.254333342125244 4
    endloop
  endfacet
  facet normal 0 0 1
    outer loop
      vertex 11.345864951610565 25.488374203443527 4
      vertex 6.2605225885381 11.254333342125244 4
      vertex 6.587879095596086 11.409161439122489 4
    endloop
  endfacet
  facet normal 0 0 1
    outer loop
      vertex 11.345864951610565 25.488374203443527 4
      vertex 6.587879095596086 11.409161439122489 4
      vertex 6.9288350989072915 11.531157447823773 4
    endloop
  endfacet
  facet normal 0 0 1
    outer loop
      vertex 13.125417239964008 20.51485873758793 4
      vertex 7.638311875709278 11.672281153098352 4
      vertex 8 11.690049751243775 4
    endloop
  endfacet
  facet normal 0 0 1
    outer loop
      vertex 12.370168417692184 22.11169821768999 4
      vertex 7.280107005774318 11.619146479975498 4
      vertex 7.638311875709278 11.672281153098352 4
    endloop
  endfacet
  facet normal 0 0 1
    outer loop
      vertex 13.125417239964008 20.51485873758793 4
      vertex 8 11.690049751243775 4
      vertex 8.36168812429072 11.672281153098345 4
    endloop
  endfacet
  facet normal 0 0 1
    outer loop
      vertex 14.033546976745129 18.999735802412033 4
      vertex 8.36168812429072 11.672281153098345 4
      vertex 8.719892994225681 11.619146479975498 4
    endloop
  endfacet
  facet normal 0 0 1
    outer loop
      vertex 11.77507396042347 23.774875812232494 4
      vertex 7.280107005774318 11.619146479975498 4
      vertex 12.370168417692184 22.11169821768999 4
    endloop
  endfacet
  facet normal 0 0 1
    outer loop
      vertex 11.77507396042347 23.774875812232494 4
      vertex 11.345864951610565 25.488374203443527 4
      vertex 6.9288350989072915 11.531157447823773 4
    endloop
  endfacet
  facet normal 0 0 1
    outer loop
      vertex 14.033546976745129 18.999735802412033 4
      vertex 13.125417239964008 20.51485873758793 4
      vertex 8.36168812429072 11.672281153098345 4
    endloop
  endfacet
  facet normal 0 0 1
    outer loop
      vertex 16.272077940404415 16.272077940404415 4
      vertex 15.085811838507652 17.58092088252306 4
      vertex 10.340942780418782 10.852447031140006 4
    endloop
  endfacet
  facet normal 0 0 1
    outer loop
      vertex 14.033546976745129 18.999735802412033 4
      vertex 9.412120904403913 11.40916143912249 4
      vertex 15.085811838507652 17.58092088252306 4
    endloop
  endfacet
  facet normal 0 0 1
    outer loop
      vertex 13.125417239964008 20.51485873758793 4
      vertex 12.370168417692184 22.11169821768999 4
      vertex 7.638311875709278 11.672281153098352 4
    endloop
  endfacet
  facet normal 0 0 1
    outer loop
      vertex 11.345864951610565 25.488374203443527 4
      vertex 11.08667492121458 27.235691472887993 4
      vertex 6.2605225885381 11.254333342125244 4
    endloop
  endfacet
  facet normal 0 0 1
    outer loop
      vertex 11.08667492121458 27.235691472887993 4
      vertex 11 29 4
      vertex 6.2605225885381 11.254333342125244 4
    endloop
  endfacet
  facet normal 0 0 1
    outer loop
      vertex 25.488374203443527 11.345864951610565 4
      vertex 11.068164236043762 5.949918199847573 4
      vertex 10.852447031140006 5.659057219581219 4
    endloop
  endfacet
  facet normal 0 0 1
    outer loop
      vertex 22.11169821768999 12.370168417692184 4
      vertex 11.531157447823773 6.9288350989072915 4
      vertex 11.40916143912249 6.587879095596086 4
    endloop
  endfacet
  facet normal 0 0 1
    outer loop
      vertex 23.774875812232494 11.77507396042347 4
      vertex 11.40916143912249 6.587879095596086 4
      vertex 11.254333342125244 6.2605225885381 4
    endloop
  endfacet
  facet normal 0 0 1
    outer loop
      vertex 20.51485873758793 13.125417239964008 4
      vertex 11.672281153098345 7.638311875709278 4
      vertex 11.619146479975498 7.280107005774318 4
    endloop
  endfacet
  facet normal 0 0 1
    outer loop
      vertex 20.51485873758793 13.125417239964008 4
      vertex 11.690049751243777 8 4
      vertex 11.672281153098345 7.638311875709278 4
    endloop
  endfacet
  facet normal 0 0 1
    outer loop
      vertex 18.999735802412033 14.033546976745129 4
      vertex 11.672281153098345 8.36168812429072 4
      vertex 11.690049751243777 8 4
    endloop
  endfacet
  facet normal 0 0 1
    outer loop
      vertex 18.999735802412033 14.033546976745129 4
      vertex 11.619146479975498 8.719892994225681 4
      vertex 11.672281153098345 8.36168812429072 4
    endloop
  endfacet
  facet normal 0 0 1
    outer loop
      vertex 22.11169821768999 12.370168417692184 4
      vertex 11.619146479975498 7.280107005774318 4
      vertex 11.531157447823773 6.9288350989072915 4
    endloop
  endfacet
  facet normal 0 0 1
    outer loop
      vertex 25.488374203443527 11.345864951610565 4
      vertex 11.254333342125244 6.2605225885381 4
      vertex 11.068164236043762 5.949918199847573 4
    endloop
  endfacet
  facet normal 0 0 1
    outer loop
      vertex 16.272077940404415 16.272077940404415 4
      vertex 11.068164236043765 10.05008180015243 4
      vertex 17.58092088252306 15.085811838507652 4
    endloop
  endfacet
  facet normal 0 0 1
    outer loop
      vertex 18.999735802412033 14.033546976745129 4
      vertex 11.690049751243777 8 4
      vertex 20.51485873758793 13.125417239964008 4
    endloop
  endfacet
  facet normal 0 0 1
    outer loop
      vertex 18.999735802412033 14.033546976745129 4
      vertex 17.58092088252306 15.085811838507652 4
      vertex 11.619146479975498 8.719892994225681 4
    endloop
  endfacet
  facet normal 0 0 1
    outer loop
      vertex 22.11169821768999 12.370168417692184 4
      vertex 11.40916143912249 6.587879095596086 4
      vertex 23.774875812232494 11.77507396042347 4
    endloop
  endfacet
  facet normal 0 0 1
    outer loop
      vertex 23.774875812232494 11.77507396042347 4
      vertex 11.254333342125244 6.2605225885381 4
      vertex 25.488374203443527 11.345864951610565 4
    endloop
  endfacet
  facet normal 0 0 1
    outer loop
      vertex 20.51485873758793 13.125417239964008 4
      vertex 11.619146479975498 7.280107005774318 4
      vertex 22.11169821768999 12.370168417692184 4
    endloop
  endfacet
  facet normal 0 0 1
    outer loop
      vertex 25.488374203443527 11.345864951610565 4
      vertex 10.852447031140006 5.659057219581219 4
      vertex 27.235691472887993 11.08667492121458 4
    endloop
  endfacet
  facet normal 0 0 1
    outer loop
      vertex 27.235691472887993 11.08667492121458 4
      vertex 10.852447031140006 5.659057219581219 4
      vertex 29 11 4
    endloop
  endfacet
  facet normal -0.608761430721417 0 0.7933533389770371
    outer loop
      vertex 0.5857864394783974 8.01438020914793 3.4142135623730923
      vertex 1 8.024548627436161 3.732050807568882
      vertex 0.5857864394783974 216.9856197834015 3.4142135623730923
    endloop
  endfacet
  facet normal -0.3826834303793445 -7.68745895656612e-21 0.9238795333338095
    outer loop
      vertex 1 8.024548627436161 3.732050807568882
      vertex 1.482361912727356 8.036389954388142 3.931851652578132
      vertex 1.482361912727356 216.96361003816128 3.931851652578132
    endloop
  endfacet
  facet normal 0 0 1
    outer loop
      vertex 11 196 4
      vertex 4.5 9.158244134228797 4
      vertex 4.59083856087751 9.412120904403913 4
    endloop
  endfacet
  facet normal -0.1305261929468879 0 0.9914448612781207
    outer loop
      vertex 1.482361912727356 8.036389954388142 3.931851652578132
      vertex 2 8.049097269773483 4
      vertex 1.482361912727356 216.96361003816128 3.931851652578132
    endloop
  endfacet
  facet normal 0 0 1
    outer loop
      vertex 2 8.049097269773483 4
      vertex 2.5 8 4
      vertex 2.5 217 4
    endloop
  endfacet
  facet normal 0 0 1
    outer loop
      vertex 11 29 4
      vertex 11 196 4
      vertex 4.59083856087751 9.412120904403913 4
    endloop
  endfacet
  facet normal 1.2055903456327257e-19 -0.6087614307214169 0.793353338977037
    outer loop
      vertex 8.01438020914793 0.5857864394783974 3.4142135623730923
      vertex 224 1 3.732050807568882
      vertex 8.024548634886742 1 3.732050807568882
    endloop
  endfacet
  facet normal 0 -0.3826834303793445 0.9238795333338095
    outer loop
      vertex 8.024548634886742 1 3.732050807568882
      vertex 224 1 3.732050807568882
      vertex 8.036389954388142 1.482361912727356 3.931851652578132
    endloop
  endfacet
  facet normal 1.1049546382007368e-20 -0.1305261929468879 0.9914448612781206
    outer loop
      vertex 8.036389954388142 1.482361912727356 3.931851652578132
      vertex 223 2 4
      vertex 8.049097277224064 2 4
    endloop
  endfacet
  facet normal 0 0 1
    outer loop
      vertex 8.049097277224064 2 4
      vertex 223 2 4
      vertex 8 2.5 4
    endloop
  endfacet
  facet normal 0 0 1
    outer loop
      vertex 9.158244134228799 4.5 4
      vertex 215.5878790955961 4.59083856087751 4
      vertex 9.412120904403913 4.59083856087751 4
    endloop
  endfacet
  facet normal 0 0 1
    outer loop
      vertex 9.412120904403913 4.59083856087751 4
      vertex 215.5878790955961 4.59083856087751 4
      vertex 9.7394774114619 4.745666657874756 4
    endloop
  endfacet
  facet normal 0 0 1
    outer loop
      vertex 215.5878790955961 4.59083856087751 4
      vertex 10.05008180015243 4.931835763956234 4
      vertex 9.7394774114619 4.745666657874756 4
    endloop
  endfacet
  facet normal 0 0 1
    outer loop
      vertex 215.5878790955961 4.59083856087751 4
      vertex 10.340942780418782 5.147552968859994 4
      vertex 10.05008180015243 4.931835763956234 4
    endloop
  endfacet
  facet normal 0 0 1
    outer loop
      vertex 215.5878790955961 4.59083856087751 4
      vertex 10.609259202020207 5.390740797979793 4
      vertex 10.340942780418782 5.147552968859994 4
    endloop
  endfacet
  facet normal 0 0 1
    outer loop
      vertex 215.5878790955961 4.59083856087751 4
      vertex 10.852447031140006 5.659057219581219 4
      vertex 10.609259202020207 5.390740797979793 4
    endloop
  endfacet
  facet normal 0 0 1
    outer loop
      vertex 29 11 4
      vertex 10.852447031140006 5.659057219581219 4
      vertex 215.5878790955961 4.59083856087751 4
    endloop
  endfacet
  facet normal 0 0 1
    outer loop
      vertex 19.484100736677647 17.40484319627285 4
      vertex 211 196 4
      vertex 18.39339828491211 18.39339828491211 4
    endloop
  endfacet
  facet normal 0 0 1
    outer loop
      vertex 19.484100736677647 17.40484319627285 4
      vertex 20.66644650697708 16.527955815196037 4
      vertex 211 196 4
    endloop
  endfacet
  facet normal 0 0 1
    outer loop
      vertex 17.40484319627285 19.484100736677647 4
      vertex 18.39339828491211 18.39339828491211 4
      vertex 206.6066017150879 206.6066017150879 4
    endloop
  endfacet
  facet normal 0 0 1
    outer loop
      vertex 16.527955815196037 20.66644650697708 4
      vertex 17.40484319627285 19.484100736677647 4
      vertex 206.6066017150879 206.6066017150879 4
    endloop
  endfacet
  facet normal 0 0 1
    outer loop
      vertex 16.527955815196037 20.66644650697708 4
      vertex 206.6066017150879 206.6066017150879 4
      vertex 15.771181032061577 21.92904894798994 4
    endloop
  endfacet
  facet normal 0 0 1
    outer loop
      vertex 15.771181032061577 21.92904894798994 4
      vertex 206.6066017150879 206.6066017150879 4
      vertex 15.14180701225996 23.25974851101637 4
    endloop
  endfacet
  facet normal 0 0 1
    outer loop
      vertex 15.14180701225996 23.25974851101637 4
      vertex 206.6066017150879 206.6066017150879 4
      vertex 14.645894967019558 24.64572983980179 4
    endloop
  endfacet
  facet normal 0 0 1
    outer loop
      vertex 14.645894967019558 24.64572983980179 4
      vertex 206.6066017150879 206.6066017150879 4
      vertex 14.288220793008804 26.073645167052746 4
    endloop
  endfacet
  facet normal 0 0 1
    outer loop
      vertex 14.288220793008804 26.073645167052746 4
      vertex 206.6066017150879 206.6066017150879 4
      vertex 14.072229102253914 27.529742896556854 4
    endloop
  endfacet
  facet normal 0 0 1
    outer loop
      vertex 14.072229102253914 27.529742896556854 4
      vertex 206.6066017150879 206.6066017150879 4
      vertex 14 29 4
    endloop
  endfacet
  facet normal 0 0 1
    outer loop
      vertex 20.66644650697708 16.527955815196037 4
      vertex 21.92904894798994 15.771181032061577 4
      vertex 211 196 4
    endloop
  endfacet
  facet normal 0 0 1
    outer loop
      vertex 21.92904894798994 15.771181032061577 4
      vertex 23.25974851101637 15.14180701225996 4
      vertex 211 196 4
    endloop
  endfacet
  facet normal 0 0 1
    outer loop
      vertex 23.25974851101637 15.14180701225996 4
      vertex 24.64572983980179 14.645894967019558 4
      vertex 211 196 4
    endloop
  endfacet
  facet normal 0 0 1
    outer loop
      vertex 24.64572983980179 14.645894967019558 4
      vertex 26.073645167052746 14.288220793008804 4
      vertex 211 196 4
    endloop
  endfacet
  facet normal 0 0 1
    outer loop
      vertex 26.073645167052746 14.288220793008804 4
      vertex 27.529742896556854 14.072229102253914 4
      vertex 211 196 4
    endloop
  endfacet
  facet normal 0 0 1
    outer loop
      vertex 27.529742896556854 14.072229102253914 4
      vertex 29 14 4
      vertex 211 196 4
    endloop
  endfacet
  facet normal 0 0 -1
    outer loop
      vertex 2.3431457505076194 2.3431457505076194 0
      vertex 6.586501659085673 216.05553060386669 0
      vertex 6.685882229283347 215.9215314169218 0
    endloop
  endfacet
  facet normal 0 0 -1
    outer loop
      vertex 2.3431457505076194 2.3431457505076194 0
      vertex 6.429404794730813 216.34943816497935 0
      vertex 6.500733850607796 216.1986255473958 0
    endloop
  endfacet
  facet normal 0 0 -1
    outer loop
      vertex 2.3431457505076194 2.3431457505076194 0
      vertex 6.500733850607796 216.1986255473958 0
      vertex 6.586501659085673 216.05553060386669 0
    endloop
  endfacet
  facet normal 0 0 -1
    outer loop
      vertex 2.3431457505076194 2.3431457505076194 0
      vertex 6.332665023314508 216.6683464525726 0
      vertex 6.373201429255245 216.5065160486674 0
    endloop
  endfacet
  facet normal 0 0 -1
    outer loop
      vertex 2.3431457505076194 2.3431457505076194 0
      vertex 6.373201429255245 216.5065160486674 0
      vertex 6.429404794730813 216.34943816497935 0
    endloop
  endfacet
  facet normal 0 0 -1
    outer loop
      vertex 2.3431457505076194 2.3431457505076194 0
      vertex 6.3 217 0
      vertex 6.308185964657265 216.83337086143976 0
    endloop
  endfacet
  facet normal 0 0 -1
    outer loop
      vertex 2.3431457505076194 2.3431457505076194 0
      vertex 6.308185964657265 216.83337086143976 0
      vertex 6.332665023314508 216.6683464525726 0
    endloop
  endfacet
  facet normal 0 0 -1
    outer loop
      vertex 2.3431457505076194 2.3431457505076194 0
      vertex 2.3431457505076194 222.65685424949237 0
      vertex 6.3 217 0
    endloop
  endfacet
  facet normal 0 0 -1
    outer loop
      vertex 2.3431457505076194 2.3431457505076194 0
      vertex 6.921531416921803 215.68588222928335 0
      vertex 7.055530603866677 215.58650165908568 0
    endloop
  endfacet
  facet normal 0 0 -1
    outer loop
      vertex 2.3431457505076194 2.3431457505076194 0
      vertex 7.055530603866677 215.58650165908568 0
      vertex 7.198625547395804 215.5007338506078 0
    endloop
  endfacet
  facet normal 0 0 -1
    outer loop
      vertex 2.3431457505076194 2.3431457505076194 0
      vertex 7.198625547395804 215.5007338506078 0
      vertex 7.349438164979348 215.4294047947308 0
    endloop
  endfacet
  facet normal 0 0 -1
    outer loop
      vertex 2.3431457505076194 2.3431457505076194 0
      vertex 6.685882229283347 215.9215314169218 0
      vertex 6.797918471982869 215.79791847198288 0
    endloop
  endfacet
  facet normal 0 0 -1
    outer loop
      vertex 2.3431457505076194 2.3431457505076194 0
      vertex 6.797918471982869 215.79791847198288 0
      vertex 6.921531416921803 215.68588222928335 0
    endloop
  endfacet
  facet normal 0 0 -1
    outer loop
      vertex 2.3431457505076194 2.3431457505076194 0
      vertex 7.5065160486674145 215.37320142925523 0
      vertex 7.668346452572582 215.33266502331452 0
    endloop
  endfacet
  facet normal 0 0 -1
    outer loop
      vertex 2.3431457505076194 2.3431457505076194 0
      vertex 7.349438164979348 215.4294047947308 0
      vertex 7.5065160486674145 215.37320142925523 0
    endloop
  endfacet
  facet normal 0 0 -1
    outer loop
      vertex 2.3431457505076194 2.3431457505076194 0
      vertex 7.668346452572582 215.33266502331452 0
      vertex 7.833370861439747 215.30818596465727 0
    endloop
  endfacet
  facet normal 0 0 -1
    outer loop
      vertex 2.3431457505076194 2.3431457505076194 0
      vertex 7.833370861439747 215.30818596465727 0
      vertex 8 215.3 0
    endloop
  endfacet
  facet normal 0 0 -1
    outer loop
      vertex 2.3431457505076194 2.3431457505076194 0
      vertex 8 215.3 0
      vertex 8.166629138560253 215.30818596465727 0
    endloop
  endfacet
  facet normal 0 0 -1
    outer loop
      vertex 2.3431457505076194 2.3431457505076194 0
      vertex 8.166629138560253 215.30818596465727 0
      vertex 8.331653547427418 215.33266502331452 0
    endloop
  endfacet
  facet normal 0 0 -1
    outer loop
      vertex 2.3431457505076194 2.3431457505076194 0
      vertex 8.331653547427418 215.33266502331452 0
      vertex 8.493483951332585 215.37320142925523 0
    endloop
  endfacet
  facet normal 0 0 -1
    outer loop
      vertex 2.3431457505076194 2.3431457505076194 0
      vertex 8.493483951332585 215.37320142925523 0
      vertex 8.650561835020653 215.4294047947308 0
    endloop
  endfacet
  facet normal 0 0 -1
    outer loop
      vertex 2.3431457505076194 2.3431457505076194 0
      vertex 8.650561835020653 215.4294047947308 0
      vertex 8.801374452604197 215.5007338506078 0
    endloop
  endfacet
  facet normal 0 0 -1
    outer loop
      vertex 2.3431457505076194 2.3431457505076194 0
      vertex 8.801374452604197 215.5007338506078 0
      vertex 8.944469396133323 215.58650165908568 0
    endloop
  endfacet
  facet normal 0 0 -1
    outer loop
      vertex 2.3431457505076194 2.3431457505076194 0
      vertex 8.944469396133323 215.58650165908568 0
      vertex 9.078468583078198 215.68588222928335 0
    endloop
  endfacet
  facet normal 0 0 -1
    outer loop
      vertex 2.3431457505076194 2.3431457505076194 0
      vertex 9.078468583078198 215.68588222928335 0
      vertex 9.20208152801713 215.79791847198288 0
    endloop
  endfacet
  facet normal 0 0 -1
    outer loop
      vertex 2.3431457505076194 2.3431457505076194 0
      vertex 9.20208152801713 215.79791847198288 0
      vertex 9.314117770716653 215.9215314169218 0
    endloop
  endfacet
  facet normal 0 0 -1
    outer loop
      vertex 0 8 0
      vertex 0 217 0
      vertex 0.3444773141423294 219.3222774180357 0
    endloop
  endfacet
  facet normal 0 0 -1
    outer loop
      vertex 0 8 0
      vertex 0.3444773141423294 219.3222774180357 0
      vertex 2.3431457505076194 222.65685424949237 0
    endloop
  endfacet
  facet normal 0 0 -1
    outer loop
      vertex 7.833370861439747 9.691814035342734 0
      vertex 9.499266149392204 216.1986255473958 0
      vertex 9.570595205269187 216.34943816497935 0
    endloop
  endfacet
  facet normal 0 0 -1
    outer loop
      vertex 7.833370861439747 9.691814035342734 0
      vertex 9.413498340914327 216.05553060386669 0
      vertex 9.499266149392204 216.1986255473958 0
    endloop
  endfacet
  facet normal 0 0 -1
    outer loop
      vertex 7.833370861439747 9.691814035342734 0
      vertex 9.314117770716653 215.9215314169218 0
      vertex 9.413498340914327 216.05553060386669 0
    endloop
  endfacet
  facet normal 0 0 -1
    outer loop
      vertex 7.833370861439747 9.691814035342734 0
      vertex 9.626798570744755 216.5065160486674 0
      vertex 9.667334976685492 216.6683464525726 0
    endloop
  endfacet
  facet normal 0 0 -1
    outer loop
      vertex 7.833370861439747 9.691814035342734 0
      vertex 9.570595205269187 216.34943816497935 0
      vertex 9.626798570744755 216.5065160486674 0
    endloop
  endfacet
  facet normal 0 0 -1
    outer loop
      vertex 7.833370861439747 9.691814035342734 0
      vertex 9.691814035342734 216.83337086143976 0
      vertex 9.7 217 0
    endloop
  endfacet
  facet normal 0 0 -1
    outer loop
      vertex 7.833370861439747 9.691814035342734 0
      vertex 9.667334976685492 216.6683464525726 0
      vertex 9.691814035342734 216.83337086143976 0
    endloop
  endfacet
  facet normal -1 0 0
    outer loop
      vertex 0 8 0
      vertex 0 217 2
      vertex 0 217 0
    endloop
  endfacet
  facet normal -0.9914448620347796 0 0.13052618719949255
    outer loop
      vertex 0.06814834475517273 8.00167303532362 2.5176380902050397
      vertex 0.06814834475517273 216.9983269572258 2.5176380902050397
      vertex 0 217 2
    endloop
  endfacet
  facet normal -0.9238795298353728 0 0.3826834388253173
    outer loop
      vertex 0.2679491937160492 8.006577730178833 3
      vertex 0.2679491937160492 216.9934222623706 3
      vertex 0.06814834475517273 216.9983269572258 2.5176380902050397
    endloop
  endfacet
  facet normal -0.7933533397671424 0 0.6087614296917316
    outer loop
      vertex 0.2679491937160492 8.006577730178833 3
      vertex 0.5857864394783974 216.9856197834015 3.4142135623730923
      vertex 0.2679491937160492 216.9934222623706 3
    endloop
  endfacet
  facet normal 0 0 -1
    outer loop
      vertex 0 217 0
      vertex 0.03852218662242457 217.78413712263648 0
      vertex 0.3444773141423294 219.3222774180357 0
    endloop
  endfacet
  facet normal 0 0 -1
    outer loop
      vertex 0.03852218662242457 217.78413712263648 0
      vertex 0.15371775677415656 218.56072257612902 0
      vertex 0.3444773141423294 219.3222774180357 0
    endloop
  endfacet
  facet normal 0 0 -1
    outer loop
      vertex 0.3444773141423294 219.3222774180357 0
      vertex 0.6089637399097061 220.06146745892073 0
      vertex 0.9446298852131596 220.77117389460798 0
    endloop
  endfacet
  facet normal 0 0 -1
    outer loop
      vertex 0.3444773141423294 219.3222774180357 0
      vertex 0.9446298852131596 220.77117389460798 0
      vertex 1.3482431015796381 221.4445618641568 0
    endloop
  endfacet
  facet normal 0 0 -1
    outer loop
      vertex 0.3444773141423294 219.3222774180357 0
      vertex 1.3482431015796381 221.4445618641568 0
      vertex 2.3431457505076194 222.65685424949237 0
    endloop
  endfacet
  facet normal 0 0 -1
    outer loop
      vertex 1.3482431015796381 221.4445618641568 0
      vertex 1.815916373098104 222.07514627330917 0
      vertex 2.3431457505076194 222.65685424949237 0
    endloop
  endfacet
  facet normal 0 0 -1
    outer loop
      vertex 2.3431457505076194 222.65685424949237 0
      vertex 2.924853726690836 223.1840836269019 0
      vertex 3.5554381358431826 223.65175689842036 0
    endloop
  endfacet
  facet normal 0 0 -1
    outer loop
      vertex 2.3431457505076194 222.65685424949237 0
      vertex 3.5554381358431826 223.65175689842036 0
      vertex 4.228826105392018 224.05537011478685 0
    endloop
  endfacet
  facet normal 0 0 -1
    outer loop
      vertex 2.3431457505076194 222.65685424949237 0
      vertex 6.308185964657265 217.16662913856024 0
      vertex 6.3 217 0
    endloop
  endfacet
  facet normal 0 0 -1
    outer loop
      vertex 2.3431457505076194 222.65685424949237 0
      vertex 6.332665023314508 217.3316535474274 0
      vertex 6.308185964657265 217.16662913856024 0
    endloop
  endfacet
  facet normal 0 0 -1
    outer loop
      vertex 2.3431457505076194 222.65685424949237 0
      vertex 6.373201429255245 217.4934839513326 0
      vertex 6.332665023314508 217.3316535474274 0
    endloop
  endfacet
  facet normal 0 0 -1
    outer loop
      vertex 2.3431457505076194 222.65685424949237 0
      vertex 6.429404794730813 217.65056183502065 0
      vertex 6.373201429255245 217.4934839513326 0
    endloop
  endfacet
  facet normal 0 0 -1
    outer loop
      vertex 2.3431457505076194 222.65685424949237 0
      vertex 6.500733850607796 217.8013744526042 0
      vertex 6.429404794730813 217.65056183502065 0
    endloop
  endfacet
  facet normal 0 0 -1
    outer loop
      vertex 2.3431457505076194 222.65685424949237 0
      vertex 6.586501659085673 217.94446939613331 0
      vertex 6.500733850607796 217.8013744526042 0
    endloop
  endfacet
  facet normal 0 0 -1
    outer loop
      vertex 2.3431457505076194 222.65685424949237 0
      vertex 6.685882229283347 218.0784685830782 0
      vertex 6.586501659085673 217.94446939613331 0
    endloop
  endfacet
  facet normal 0 0 -1
    outer loop
      vertex 2.3431457505076194 222.65685424949237 0
      vertex 6.797918471982869 218.20208152801712 0
      vertex 6.685882229283347 218.0784685830782 0
    endloop
  endfacet
  facet normal 0 0 -1
    outer loop
      vertex 2.3431457505076194 222.65685424949237 0
      vertex 6.921531416921803 218.31411777071665 0
      vertex 6.797918471982869 218.20208152801712 0
    endloop
  endfacet
  facet normal 0 0 -1
    outer loop
      vertex 2.3431457505076194 222.65685424949237 0
      vertex 7.055530603866677 218.41349834091432 0
      vertex 6.921531416921803 218.31411777071665 0
    endloop
  endfacet
  facet normal 0 0 -1
    outer loop
      vertex 2.3431457505076194 222.65685424949237 0
      vertex 7.198625547395804 218.4992661493922 0
      vertex 7.055530603866677 218.41349834091432 0
    endloop
  endfacet
  facet normal 0 0 -1
    outer loop
      vertex 2.3431457505076194 222.65685424949237 0
      vertex 7.349438164979348 218.5705952052692 0
      vertex 7.198625547395804 218.4992661493922 0
    endloop
  endfacet
  facet normal 0 0 -1
    outer loop
      vertex 2.3431457505076194 222.65685424949237 0
      vertex 7.5065160486674145 218.62679857074477 0
      vertex 7.349438164979348 218.5705952052692 0
    endloop
  endfacet
  facet normal 0 0 -1
    outer loop
      vertex 2.3431457505076194 222.65685424949237 0
      vertex 7.668346452572582 218.66733497668548 0
      vertex 7.5065160486674145 218.62679857074477 0
    endloop
  endfacet
  facet normal 0 0 -1
    outer loop
      vertex 2.3431457505076194 222.65685424949237 0
      vertex 7.833370861439747 218.69181403534273 0
      vertex 7.668346452572582 218.66733497668548 0
    endloop
  endfacet
  facet normal 0 0 -1
    outer loop
      vertex 2.3431457505076194 222.65685424949237 0
      vertex 8 218.7 0
      vertex 7.833370861439747 218.69181403534273 0
    endloop
  endfacet
  facet normal 0 0 -1
    outer loop
      vertex 2.3431457505076194 222.65685424949237 0
      vertex 4.228826105392018 224.05537011478685 0
      vertex 5.677722581964302 224.65552268585768 0
    endloop
  endfacet
  facet normal 0 0 -1
    outer loop
      vertex 4.228826105392018 224.05537011478685 0
      vertex 4.938532541079281 224.3910362600903 0
      vertex 5.677722581964302 224.65552268585768 0
    endloop
  endfacet
  facet normal 0 0 -1
    outer loop
      vertex 2.3431457505076194 222.65685424949237 0
      vertex 5.677722581964302 224.65552268585768 0
      vertex 8 225 0
    endloop
  endfacet
  facet normal 0 0 -1
    outer loop
      vertex 5.677722581964302 224.65552268585768 0
      vertex 6.4392774238709745 224.84628224322586 0
      vertex 7.215862877363515 224.96147781337757 0
    endloop
  endfacet
  facet normal 0 0 -1
    outer loop
      vertex 5.677722581964302 224.65552268585768 0
      vertex 7.215862877363515 224.96147781337757 0
      vertex 8 225 0
    endloop
  endfacet
  facet normal -0.9987954562051724 0.04906767432741788 -1.3613767355542428e-9
    outer loop
      vertex 0 217 0
      vertex 0.038522183895111084 217.78413712233305 1.9899999999999949
      vertex 0.03852218662242457 217.78413712263648 0
    endloop
  endfacet
  facet normal -0.989176509964781 0.14673047445536191 -1.3333025040355893e-9
    outer loop
      vertex 0.03852218662242457 217.78413712263648 0
      vertex 0.038522183895111084 217.78413712233305 1.9899999999999949
      vertex 0.15371775677415656 218.56072257612902 0
    endloop
  endfacet
  facet normal -0.970031253194544 0.24298017990326415 -1.7822222404233487e-9
    outer loop
      vertex 0.15371775677415656 218.56072257612902 0
      vertex 0.3444773107767105 219.32227741926908 2
      vertex 0.3444773141423294 219.3222774180357 0
    endloop
  endfacet
  facet normal -0.9415440651830231 0.3368898533922136 -1.792197283863555e-9
    outer loop
      vertex 0.3444773141423294 219.3222774180357 0
      vertex 0.3444773107767105 219.32227741926908 2
      vertex 0.6089637399097061 220.06146745892073 0
    endloop
  endfacet
  facet normal -0.903989293123441 0.4275550934302871 0
    outer loop
      vertex 0.6089637399097061 220.06146745892073 0
      vertex 0.6089637399097061 220.06146745892073 2
      vertex 0.9446298852131596 220.77117389460798 0
    endloop
  endfacet
  facet normal -0.8577286100002688 0.5141027441932273 1.2129853425668885e-18
    outer loop
      vertex 0.9446298852131596 220.77117389460798 0
      vertex 1.3482431015796381 221.4445618641568 2
      vertex 1.3482431015796381 221.4445618641568 0
    endloop
  endfacet
  facet normal -0.8032075314806525 0.5956993044924233 0
    outer loop
      vertex 1.3482431015796381 221.4445618641568 0
      vertex 1.3482431015796381 221.4445618641568 2
      vertex 1.815916373098104 222.07514627330917 0
    endloop
  endfacet
  facet normal -0.7409511253549477 0.671558954847031 -3.151031131487265e-11
    outer loop
      vertex 1.815916373098104 222.07514627330917 0
      vertex 2.343145750463009 222.656854249537 2
      vertex 2.3431457505076194 222.65685424949237 0
    endloop
  endfacet
  facet normal -0.6715589548470254 0.7409511253549527 -3.1510694570495434e-11
    outer loop
      vertex 2.3431457505076194 222.65685424949237 0
      vertex 2.343145750463009 222.656854249537 2
      vertex 2.924853726690836 223.1840836269019 0
    endloop
  endfacet
  facet normal -0.5956993044924315 0.8032075314806463 0
    outer loop
      vertex 2.924853726690836 223.1840836269019 0
      vertex 2.924853726690836 223.1840836269019 2
      vertex 3.5554381358431826 223.65175689842036 0
    endloop
  endfacet
  facet normal -0.5141027441932373 0.8577286100002627 -1.5974217675863383e-17
    outer loop
      vertex 3.5554381358431826 223.65175689842036 0
      vertex 4.228826105392018 224.05537011478685 2
      vertex 4.228826105392018 224.05537011478685 0
    endloop
  endfacet
  facet normal -0.4275550934302625 0.9039892931234528 -3.1906897194656375e-18
    outer loop
      vertex 4.228826105392018 224.05537011478685 0
      vertex 4.938532541079281 224.3910362600903 2
      vertex 4.938532541079281 224.3910362600903 0
    endloop
  endfacet
  facet normal -0.3368898533922313 0.9415440651830167 -1.7921944841900955e-9
    outer loop
      vertex 4.938532541079281 224.3910362600903 0
      vertex 5.677722580730915 224.6555226892233 2
      vertex 5.677722581964302 224.65552268585768 0
    endloop
  endfacet
  facet normal -0.24298017990327478 0.9700312531945412 -1.7822194367107507e-9
    outer loop
      vertex 5.677722581964302 224.65552268585768 0
      vertex 5.677722580730915 224.6555226892233 2
      vertex 6.4392774238709745 224.84628224322586 0
    endloop
  endfacet
  facet normal -0.14673047445533818 0.9891765099647843 -1.326638236932707e-9
    outer loop
      vertex 6.4392774238709745 224.84628224322586 0
      vertex 7.21586287766695 224.9614778161049 2
      vertex 7.215862877363515 224.96147781337757 0
    endloop
  endfacet
  facet normal -0.04906767432742433 0.9987954562051721 -1.3545723830174495e-9
    outer loop
      vertex 7.215862877363515 224.96147781337757 0
      vertex 7.21586287766695 224.9614778161049 2
      vertex 8 225 0
    endloop
  endfacet
  facet normal -0.9987954563744936 0.04906767088080504 0
    outer loop
      vertex 0 217 0
      vertex 0 217 2
      vertex 0.038522183895111084 217.78413712233305 1.9899999999999949
    endloop
  endfacet
  facet normal -0.989176509519429 0.14673047745768125 -1.3588535885862374e-10
    outer loop
      vertex 0.15371775677415656 218.56072257612902 0
      vertex 0.038522183895111084 217.78413712233305 1.9899999999999949
      vertex 0.1537177562713623 218.56072257459164 2
    endloop
  endfacet
  facet normal -0.9700312542623906 0.24298017564018182 -5.708577422751806e-11
    outer loop
      vertex 0.15371775677415656 218.56072257612902 0
      vertex 0.1537177562713623 218.56072257459164 2
      vertex 0.3444773107767105 219.32227741926908 2
    endloop
  endfacet
  facet normal -0.94154406364491 0.33688985769095187 0
    outer loop
      vertex 0.6089637399097061 220.06146745892073 0
      vertex 0.3444773107767105 219.32227741926908 2
      vertex 0.6089637399097061 220.06146745892073 2
    endloop
  endfacet
  facet normal -0.903989293123441 0.4275550934302871 0
    outer loop
      vertex 0.9446298852131596 220.77117389460798 0
      vertex 0.6089637399097061 220.06146745892073 2
      vertex 0.9446298852131596 220.77117389460798 2
    endloop
  endfacet
  facet normal -0.8577286100002688 0.5141027441932273 0
    outer loop
      vertex 0.9446298852131596 220.77117389460798 0
      vertex 0.9446298852131596 220.77117389460798 2
      vertex 1.3482431015796381 221.4445618641568 2
    endloop
  endfacet
  facet normal -0.8032075314806525 0.5956993044924233 0
    outer loop
      vertex 1.815916373098104 222.07514627330917 0
      vertex 1.3482431015796381 221.4445618641568 2
      vertex 1.815916373098104 222.07514627330917 2
    endloop
  endfacet
  facet normal -0.7409511254088554 0.6715589547875529 0
    outer loop
      vertex 1.815916373098104 222.07514627330917 0
      vertex 1.815916373098104 222.07514627330917 2
      vertex 2.343145750463009 222.656854249537 2
    endloop
  endfacet
  facet normal -0.6715589547875467 0.7409511254088611 0
    outer loop
      vertex 2.924853726690836 223.1840836269019 0
      vertex 2.343145750463009 222.656854249537 2
      vertex 2.924853726690836 223.1840836269019 2
    endloop
  endfacet
  facet normal -0.5956993044924315 0.8032075314806463 0
    outer loop
      vertex 3.5554381358431826 223.65175689842036 0
      vertex 2.924853726690836 223.1840836269019 2
      vertex 3.5554381358431826 223.65175689842036 2
    endloop
  endfacet
  facet normal -0.5141027441932373 0.8577286100002627 0
    outer loop
      vertex 3.5554381358431826 223.65175689842036 0
      vertex 3.5554381358431826 223.65175689842036 2
      vertex 4.228826105392018 224.05537011478685 2
    endloop
  endfacet
  facet normal -0.4275550934302625 0.9039892931234528 0
    outer loop
      vertex 4.228826105392018 224.05537011478685 0
      vertex 4.228826105392018 224.05537011478685 2
      vertex 4.938532541079281 224.3910362600903 2
    endloop
  endfacet
  facet normal -0.3368898576909629 0.941544063644906 0
    outer loop
      vertex 4.938532541079281 224.3910362600903 0
      vertex 4.938532541079281 224.3910362600903 2
      vertex 5.677722580730915 224.6555226892233 2
    endloop
  endfacet
  facet normal -0.24298017564018182 0.9700312542623906 -5.707866593115789e-11
    outer loop
      vertex 6.4392774238709745 224.84628224322586 0
      vertex 5.677722580730915 224.6555226892233 2
      vertex 6.439277425408363 224.84628224372864 2
    endloop
  endfacet
  facet normal -0.14673047745596915 0.989176509519683 -1.3587820001532786e-10
    outer loop
      vertex 6.4392774238709745 224.84628224322586 0
      vertex 6.439277425408363 224.84628224372864 2
      vertex 7.21586287766695 224.9614778161049 2
    endloop
  endfacet
  facet normal -0.04906767088080504 0.9987954563744935 0
    outer loop
      vertex 8 225 0
      vertex 7.21586287766695 224.9614778161049 2
      vertex 8 225 1.9899999999999949
    endloop
  endfacet
  facet normal -0.9987954563744936 0.04906767088080505 0
    outer loop
      vertex 0 217 2
      vertex 0.038522183895111084 217.78413712233305 2
      vertex 0.038522183895111084 217.78413712233305 1.9899999999999949
    endloop
  endfacet
  facet normal -0.990250623373654 0.04864789018322502 0.13052618775100389
    outer loop
      vertex 0 217 2
      vertex 0.10642416775226593 217.77744937688112 2.5176380902050397
      vertex 0.038522183895111084 217.78413712233305 2
    endloop
  endfacet
  facet normal -0.989176509519683 0.14673047745596915 0
    outer loop
      vertex 0.038522183895111084 217.78413712233305 1.9899999999999949
      vertex 0.038522183895111084 217.78413712233305 2
      vertex 0.1537177562713623 218.56072257459164 2
    endloop
  endfacet
  facet normal -0.9807139683252202 0.1454751780245691 0.1305261847696417
    outer loop
      vertex 0.038522183895111084 217.78413712233305 2
      vertex 0.10642416775226593 217.77744937688112 2.5176380902050397
      vertex 0.1537177562713623 218.56072257459164 2
    endloop
  endfacet
  facet normal -0.9617325031498215 0.24090144673936978 0.13052618643037542
    outer loop
      vertex 0.1537177562713623 218.56072257459164 2
      vertex 0.4097698703408241 219.302471190691 2.5176380902050397
      vertex 0.3444773107767105 219.32227741926908 2
    endloop
  endfacet
  facet normal -0.9334890255333799 0.3340077189277554 0.13052617708880604
    outer loop
      vertex 0.3444773107767105 219.32227741926908 2
      vertex 0.4097698703408241 219.302471190691 2.5176380902050397
      vertex 0.6089637399097061 220.06146745892073 2
    endloop
  endfacet
  facet normal -0.8962555394106102 0.4238973003386994 0.1305261921660109
    outer loop
      vertex 0.6089637399097061 220.06146745892073 2
      vertex 1.0048038586974144 220.73901027441025 2.5176380902050397
      vertex 0.9446298852131596 220.77117389460798 2
    endloop
  endfacet
  facet normal -0.8503906235566849 0.5097045243792725 0.13052618585621892
    outer loop
      vertex 0.9446298852131596 220.77117389460798 2
      vertex 1.0048038586974144 220.73901027441025 2.5176380902050397
      vertex 1.3482431015796381 221.4445618641568 2
    endloop
  endfacet
  facet normal -0.7963359800393451 0.5906030146122413 0.13052618904154234
    outer loop
      vertex 1.3482431015796381 221.4445618641568 2
      vertex 1.4049747064709663 221.4066549986601 2.5176380902050397
      vertex 1.815916373098104 222.07514627330917 2
    endloop
  endfacet
  facet normal -0.7346121854637141 0.6658136745146183 0.1305261958289124
    outer loop
      vertex 1.815916373098104 222.07514627330917 2
      vertex 1.8686592802405357 222.0318612679839 2.5176380902050397
      vertex 2.343145750463009 222.656854249537 2
    endloop
  endfacet
  facet normal -0.6658136744285548 0.7346121853687702 0.13052619680227467
    outer loop
      vertex 2.343145750463009 222.656854249537 2
      vertex 2.968138724565506 223.13134071230888 2.5176380902050397
      vertex 2.924853726690836 223.1840836269019 2
    endloop
  endfacet
  facet normal -0.5906030143839728 0.7963359797315434 0.13052619195229623
    outer loop
      vertex 2.924853726690836 223.1840836269019 2
      vertex 3.593344993889332 223.59502528607845 2.5176380902050397
      vertex 3.5554381358431826 223.65175689842036 2
    endloop
  endfacet
  facet normal -0.5097045240530431 0.8503906230123817 0.1305261906763318
    outer loop
      vertex 3.5554381358431826 223.65175689842036 2
      vertex 4.260989718139172 223.995196133852 2.5176380902050397
      vertex 4.228826105392018 224.05537011478685 2
    endloop
  endfacet
  facet normal -0.4238972999624955 0.8962555386152572 0.13052619884904823
    outer loop
      vertex 4.228826105392018 224.05537011478685 2
      vertex 4.260989718139172 223.995196133852 2.5176380902050397
      vertex 4.938532541079281 224.3910362600903 2
    endloop
  endfacet
  facet normal -0.33400771855158806 0.9334890244820282 0.13052618557038415
    outer loop
      vertex 4.938532541079281 224.3910362600903 2
      vertex 5.697528801858425 224.5902301222086 2.5176380902050397
      vertex 5.677722580730915 224.6555226892233 2
    endloop
  endfacet
  facet normal -0.24090144641313185 0.9617325018474067 0.13052619662883344
    outer loop
      vertex 5.677722580730915 224.6555226892233 2
      vertex 5.697528801858425 224.5902301222086 2.5176380902050397
      vertex 6.439277425408363 224.84628224372864 2
    endloop
  endfacet
  facet normal -0.14547517779629268 0.9807139667863055 0.13052619658676262
    outer loop
      vertex 6.439277425408363 224.84628224372864 2
      vertex 7.222550615668297 224.89357582479715 2.5176380902050397
      vertex 7.21586287766695 224.9614778161049 2
    endloop
  endfacet
  facet normal -0.04906767088080505 0.9987954563744936 0
    outer loop
      vertex 7.21586287766695 224.9614778161049 2
      vertex 8 225 2
      vertex 8 225 1.9899999999999949
    endloop
  endfacet
  facet normal -0.04864789013013786 0.99025062229304 0.1305261959689823
    outer loop
      vertex 7.21586287766695 224.9614778161049 2
      vertex 8.0016730427742 224.93185165524483 2.5176380902050397
      vertex 8 225 2
    endloop
  endfacet
  facet normal -0.9902506225629428 0.048647884588853635 0.13052619598660586
    outer loop
      vertex 0 217 2
      vertex 0.06814834475517273 216.9983269572258 2.5176380902050397
      vertex 0.10642416775226593 217.77744937688112 2.5176380902050397
    endloop
  endfacet
  facet normal -0.9807139674188201 0.14547518058478268 0.13052618872648647
    outer loop
      vertex 0.1537177562713623 218.56072257459164 2
      vertex 0.10642416775226593 217.77744937688112 2.5176380902050397
      vertex 0.2206372544169426 218.5474114343524 2.5176380902050397
    endloop
  endfacet
  facet normal -0.9617325033924798 0.24090144211589343 0.13052619317561
    outer loop
      vertex 0.1537177562713623 218.56072257459164 2
      vertex 0.2206372544169426 218.5474114343524 2.5176380902050397
      vertex 0.4097698703408241 219.302471190691 2.5176380902050397
    endloop
  endfacet
  facet normal -0.9334890226697516 0.3340077237419143 0.13052618524961554
    outer loop
      vertex 0.6089637399097061 220.06146745892073 2
      vertex 0.4097698703408241 219.302471190691 2.5176380902050397
      vertex 0.6720005124807358 220.03535671532154 2.5176380902050397
    endloop
  endfacet
  facet normal -0.8962555398909663 0.4238972984478955 0.13052619500823764
    outer loop
      vertex 0.6089637399097061 220.06146745892073 2
      vertex 0.6720005124807358 220.03535671532154 2.5176380902050397
      vertex 1.0048038586974144 220.73901027441025 2.5176380902050397
    endloop
  endfacet
  facet normal -0.8503906234347147 0.5097045245147549 0.13052618612180816
    outer loop
      vertex 1.3482431015796381 221.4445618641568 2
      vertex 1.0048038586974144 220.73901027441025 2.5176380902050397
      vertex 1.4049747064709663 221.4066549986601 2.5176380902050397
    endloop
  endfacet
  facet normal -0.7963359780427633 0.5906030164340521 0.13052619297931903
    outer loop
      vertex 1.815916373098104 222.07514627330917 2
      vertex 1.4049747064709663 221.4066549986601 2.5176380902050397
      vertex 1.8686592802405357 222.0318612679839 2.5176380902050397
    endloop
  endfacet
  facet normal -0.7346121843540954 0.6658136753433412 0.1305261978466253
    outer loop
      vertex 2.343145750463009 222.656854249537 2
      vertex 1.8686592802405357 222.0318612679839 2.5176380902050397
      vertex 2.391392022371292 222.60860797017813 2.5176380902050397
    endloop
  endfacet
  facet normal -0.6658136752572829 0.7346121842591447 0.13052619882
    outer loop
      vertex 2.343145750463009 222.656854249537 2
      vertex 2.391392022371292 222.60860797017813 2.5176380902050397
      vertex 2.968138724565506 223.13134071230888 2.5176380902050397
    endloop
  endfacet
  facet normal -0.5906030162057765 0.7963359777349693 0.1305261958900577
    outer loop
      vertex 2.924853726690836 223.1840836269019 2
      vertex 2.968138724565506 223.13134071230888 2.5176380902050397
      vertex 3.593344993889332 223.59502528607845 2.5176380902050397
    endloop
  endfacet
  facet normal -0.5097045241885166 0.8503906228904192 0.13052619094190393
    outer loop
      vertex 3.5554381358431826 223.65175689842036 2
      vertex 3.593344993889332 223.59502528607845 2.5176380902050397
      vertex 4.260989718139172 223.995196133852 2.5176380902050397
    endloop
  endfacet
  facet normal -0.4238972980717182 0.8962555390956063 0.13052620169123483
    outer loop
      vertex 4.938532541079281 224.3910362600903 2
      vertex 4.260989718139172 223.995196133852 2.5176380902050397
      vertex 4.964643277227879 224.32799948006868 2.5176380902050397
    endloop
  endfacet
  facet normal -0.33400772336573686 0.9334890216184061 0.1305261937311763
    outer loop
      vertex 4.938532541079281 224.3910362600903 2
      vertex 4.964643277227879 224.32799948006868 2.5176380902050397
      vertex 5.697528801858425 224.5902301222086 2.5176380902050397
    endloop
  endfacet
  facet normal -0.24090144178965553 0.961732502090065 0.13052620337406812
    outer loop
      vertex 6.439277425408363 224.84628224372864 2
      vertex 5.697528801858425 224.5902301222086 2.5176380902050397
      vertex 6.4525885581970215 224.77936273813248 2.5176380902050397
    endloop
  endfacet
  facet normal -0.1454751803565062 0.9807139658799053 0.1305262005436073
    outer loop
      vertex 6.439277425408363 224.84628224372864 2
      vertex 6.4525885581970215 224.77936273813248 2.5176380902050397
      vertex 7.222550615668297 224.89357582479715 2.5176380902050397
    endloop
  endfacet
  facet normal -0.0486478935385205 0.9902506214499447 0.13052620109488802
    outer loop
      vertex 7.21586287766695 224.9614778161049 2
      vertex 7.222550615668297 224.89357582479715 2.5176380902050397
      vertex 8.0016730427742 224.93185165524483 2.5176380902050397
    endloop
  endfacet
  facet normal -0.9227666815294916 0.04533261176781821 0.3826834276126393
    outer loop
      vertex 0.06814834475517273 216.9983269572258 2.5176380902050397
      vertex 0.2679491937160492 216.9934222623706 3
      vertex 0.10642416775226593 217.77744937688112 2.5176380902050397
    endloop
  endfacet
  facet normal -0.9227666803128856 0.04533261368369489 0.3826834303192937
    outer loop
      vertex 0.10642416775226593 217.77744937688112 2.5176380902050397
      vertex 0.2679491937160492 216.9934222623706 3
      vertex 0.305502712726593 217.75784181058407 3
    endloop
  endfacet
  facet normal -0.9138799306487179 0.13556128734848039 0.38268343278735956
    outer loop
      vertex 0.10642416775226593 217.77744937688112 2.5176380902050397
      vertex 0.41683531552553177 218.50838524103165 3
      vertex 0.2206372544169426 218.5474114343524 2.5176380902050397
    endloop
  endfacet
  facet normal -0.8961920242854526 0.22448440736022596 0.3826834285140533
    outer loop
      vertex 0.2206372544169426 218.5474114343524 2.5176380902050397
      vertex 0.41683531552553177 218.50838524103165 3
      vertex 0.4097698703408241 219.302471190691 2.5176380902050397
    endloop
  endfacet
  facet normal -0.8698732876907604 0.31124564907526997 0.3826834322175204
    outer loop
      vertex 0.4097698703408241 219.302471190691 2.5176380902050397
      vertex 0.8568150550127029 219.95880407094955 3
      vertex 0.6720005124807358 220.03535671532154 2.5176380902050397
    endloop
  endfacet
  facet normal -0.8351772089279783 0.3950093994765075 0.3826834253171685
    outer loop
      vertex 0.6720005124807358 220.03535671532154 2.5176380902050397
      vertex 0.8568150550127029 219.95880407094955 3
      vertex 1.0048038586974144 220.73901027441025 2.5176380902050397
    endloop
  endfacet
  facet normal -0.7924379065894707 0.47496900277930015 0.3826834339227853
    outer loop
      vertex 1.0048038586974144 220.73901027441025 2.5176380902050397
      vertex 1.1812249794602394 220.64471121877432 3
      vertex 1.4049747064709663 221.4066549986601 2.5176380902050397
    endloop
  endfacet
  facet normal -0.9138799293948452 0.13556128407461265 0.3826834369414422
    outer loop
      vertex 0.10642416775226593 217.77744937688112 2.5176380902050397
      vertex 0.305502712726593 217.75784181058407 3
      vertex 0.41683531552553177 218.50838524103165 3
    endloop
  endfacet
  facet normal -0.896192021877032 0.22448440990202922 0.382683432663207
    outer loop
      vertex 0.4097698703408241 219.302471190691 2.5176380902050397
      vertex 0.41683531552553177 218.50838524103165 3
      vertex 0.6011979281902313 219.24440206587315 3
    endloop
  endfacet
  facet normal -0.8698732863462962 0.31124564121524206 0.3826834416663561
    outer loop
      vertex 0.4097698703408241 219.302471190691 2.5176380902050397
      vertex 0.6011979281902313 219.24440206587315 3
      vertex 0.8568150550127029 219.95880407094955 3
    endloop
  endfacet
  facet normal -0.835177203137775 0.3950094035752054 0.38268343372312835
    outer loop
      vertex 1.0048038586974144 220.73901027441025 2.5176380902050397
      vertex 0.8568150550127029 219.95880407094955 3
      vertex 1.1812249794602394 220.64471121877432 3
    endloop
  endfacet
  facet normal -0.7924379060023304 0.4749690031137705 0.38268343472347055
    outer loop
      vertex 1.4049747064709663 221.4066549986601 2.5176380902050397
      vertex 1.1812249794602394 220.64471121877432 3
      vertex 1.571303367614746 221.29551769047976 3
    endloop
  endfacet
  facet normal -0.7420669962699997 0.5503543962315908 0.3826834352247053
    outer loop
      vertex 1.4049747064709663 221.4066549986601 2.5176380902050397
      vertex 2.0232937186956406 221.90495613217354 3
      vertex 1.8686592802405357 222.0318612679839 2.5176380902050397
    endloop
  endfacet
  facet normal -0.684549581657527 0.6204395769978815 0.38268342209611667
    outer loop
      vertex 1.8686592802405357 222.0318612679839 2.5176380902050397
      vertex 2.5328429341316223 222.4671570584178 3
      vertex 2.391392022371292 222.60860797017813 2.5176380902050397
    endloop
  endfacet
  facet normal -0.6204395769978815 0.684549581657527 0.38268342209611667
    outer loop
      vertex 2.391392022371292 222.60860797017813 2.5176380902050397
      vertex 2.5328429341316223 222.4671570584178 3
      vertex 2.968138724565506 223.13134071230888 2.5176380902050397
    endloop
  endfacet
  facet normal -0.5503543962315908 0.7420669962699997 0.3826834352247053
    outer loop
      vertex 2.968138724565506 223.13134071230888 2.5176380902050397
      vertex 3.095043860375881 222.97670627385378 3
      vertex 3.593344993889332 223.59502528607845 2.5176380902050397
    endloop
  endfacet
  facet normal -0.742066996921058 0.5503543910550068 0.38268344140690874
    outer loop
      vertex 1.4049747064709663 221.4066549986601 2.5176380902050397
      vertex 1.571303367614746 221.29551769047976 3
      vertex 2.0232937186956406 221.90495613217354 3
    endloop
  endfacet
  facet normal -0.684549582530504 0.6204395731534232 0.3826834267674921
    outer loop
      vertex 1.8686592802405357 222.0318612679839 2.5176380902050397
      vertex 2.0232937186956406 221.90495613217354 3
      vertex 2.5328429341316223 222.4671570584178 3
    endloop
  endfacet
  facet normal -0.6204395731534232 0.684549582530504 0.3826834267674921
    outer loop
      vertex 2.968138724565506 223.13134071230888 2.5176380902050397
      vertex 2.5328429341316223 222.4671570584178 3
      vertex 3.095043860375881 222.97670627385378 3
    endloop
  endfacet
  facet normal -0.5503543910550068 0.742066996921058 0.38268344140690874
    outer loop
      vertex 3.593344993889332 223.59502528607845 2.5176380902050397
      vertex 3.095043860375881 222.97670627385378 3
      vertex 3.704482302069664 223.42869662493467 3
    endloop
  endfacet
  facet normal -0.47496900277930015 0.7924379065894707 0.3826834339227853
    outer loop
      vertex 3.593344993889332 223.59502528607845 2.5176380902050397
      vertex 4.355288773775101 223.81877501308918 3
      vertex 4.260989718139172 223.995196133852 2.5176380902050397
    endloop
  endfacet
  facet normal -0.3950093994765075 0.8351772089279783 0.3826834253171685
    outer loop
      vertex 4.260989718139172 223.995196133852 2.5176380902050397
      vertex 5.041195921599865 224.14318493753672 3
      vertex 4.964643277227879 224.32799948006868 2.5176380902050397
    endloop
  endfacet
  facet normal -0.31124564907526997 0.8698732876907604 0.3826834322175204
    outer loop
      vertex 4.964643277227879 224.32799948006868 2.5176380902050397
      vertex 5.041195921599865 224.14318493753672 3
      vertex 5.697528801858425 224.5902301222086 2.5176380902050397
    endloop
  endfacet
  facet normal -0.22448440736022596 0.8961920242854526 0.3826834285140533
    outer loop
      vertex 5.697528801858425 224.5902301222086 2.5176380902050397
      vertex 6.491614751517773 224.5831646770239 3
      vertex 6.4525885581970215 224.77936273813248 2.5176380902050397
    endloop
  endfacet
  facet normal -0.13556128734848039 0.9138799306487179 0.38268343278735956
    outer loop
      vertex 6.4525885581970215 224.77936273813248 2.5176380902050397
      vertex 6.491614751517773 224.5831646770239 3
      vertex 7.222550615668297 224.89357582479715 2.5176380902050397
    endloop
  endfacet
  facet normal -0.4749690031137705 0.7924379060023304 0.38268343472347055
    outer loop
      vertex 3.593344993889332 223.59502528607845 2.5176380902050397
      vertex 3.704482302069664 223.42869662493467 3
      vertex 4.355288773775101 223.81877501308918 3
    endloop
  endfacet
  facet normal -0.3950094035752054 0.835177203137775 0.38268343372312835
    outer loop
      vertex 4.260989718139172 223.995196133852 2.5176380902050397
      vertex 4.355288773775101 223.81877501308918 3
      vertex 5.041195921599865 224.14318493753672 3
    endloop
  endfacet
  facet normal -0.31124564121524206 0.8698732863462962 0.3826834416663561
    outer loop
      vertex 5.697528801858425 224.5902301222086 2.5176380902050397
      vertex 5.041195921599865 224.14318493753672 3
      vertex 5.755597926676273 224.3988020643592 3
    endloop
  endfacet
  facet normal -0.22448440990202922 0.896192021877032 0.382683432663207
    outer loop
      vertex 5.697528801858425 224.5902301222086 2.5176380902050397
      vertex 5.755597926676273 224.3988020643592 3
      vertex 6.491614751517773 224.5831646770239 3
    endloop
  endfacet
  facet normal -0.13556128407461265 0.9138799293948452 0.3826834369414422
    outer loop
      vertex 7.222550615668297 224.89357582479715 2.5176380902050397
      vertex 6.491614751517773 224.5831646770239 3
      vertex 7.242158181965351 224.69449727982283 3
    endloop
  endfacet
  facet normal -0.045332620151955806 0.9227666813956313 0.38268342694223373
    outer loop
      vertex 7.222550615668297 224.89357582479715 2.5176380902050397
      vertex 8.006577730178833 224.73205080628395 3
      vertex 8.0016730427742 224.93185165524483 2.5176380902050397
    endloop
  endfacet
  facet normal -0.04533262265281477 0.9227666798075542 0.38268343047532166
    outer loop
      vertex 7.222550615668297 224.89357582479715 2.5176380902050397
      vertex 7.242158181965351 224.69449727982283 3
      vertex 8.006577730178833 224.73205080628395 3
    endloop
  endfacet
  facet normal -0.792397711451704 0.03892799783895971 0.6087614293550075
    outer loop
      vertex 0.2679491937160492 216.9934222623706 3
      vertex 0.6221909523010254 217.72665078938007 3.4142135623730923
      vertex 0.305502712726593 217.75784181058407 3
    endloop
  endfacet
  facet normal -0.7923977106162798 0.038927996782883785 0.6087614305099743
    outer loop
      vertex 0.2679491937160492 216.9934222623706 3
      vertex 0.5857864394783974 216.9856197834015 3.4142135623730923
      vertex 0.6221909523010254 217.72665078938007 3.4142135623730923
    endloop
  endfacet
  facet normal -0.7847664919938354 0.11640911451448456 0.6087614237955975
    outer loop
      vertex 0.305502712726593 217.75784181058407 3
      vertex 0.6221909523010254 217.72665078938007 3.4142135623730923
      vertex 0.41683531552553177 218.50838524103165 3
    endloop
  endfacet
  facet normal -0.7695775363709111 0.19276913307512777 0.6087614285142765
    outer loop
      vertex 0.41683531552553177 218.50838524103165 3
      vertex 0.7289413511753082 218.44630348682404 3.4142135623730923
      vertex 0.6011979281902313 219.24440206587315 3
    endloop
  endfacet
  facet normal -0.7469771262981076 0.26727269166329803 0.608761431989968
    outer loop
      vertex 0.6011979281902313 219.24440206587315 3
      vertex 0.9057160094380379 219.1520274952054 3.4142135623730923
      vertex 0.8568150550127029 219.95880407094955 3
    endloop
  endfacet
  facet normal -0.7171829294912753 0.3392022676963965 0.6087614206205373
    outer loop
      vertex 0.8568150550127029 219.95880407094955 3
      vertex 1.4618704169988632 220.49470302462578 3.4142135623730923
      vertex 1.1812249794602394 220.64471121877432 3
    endloop
  endfacet
  facet normal -0.6804818573961157 0.4078651298685976 0.6087614291263896
    outer loop
      vertex 1.1812249794602394 220.64471121877432 3
      vertex 1.4618704169988632 220.49470302462578 3.4142135623730923
      vertex 1.571303367614746 221.29551769047976 3
    endloop
  endfacet
  facet normal -0.7847664881633893 0.11640911780384912 0.6087614281045001
    outer loop
      vertex 0.41683531552553177 218.50838524103165 3
      vertex 0.6221909523010254 217.72665078938007 3.4142135623730923
      vertex 0.7289413511753082 218.44630348682404 3.4142135623730923
    endloop
  endfacet
  facet normal -0.7695775353095536 0.1927691338191011 0.6087614296204272
    outer loop
      vertex 0.6011979281902313 219.24440206587315 3
      vertex 0.7289413511753082 218.44630348682404 3.4142135623730923
      vertex 0.9057160094380379 219.1520274952054 3.4142135623730923
    endloop
  endfacet
  facet normal -0.7469771254386561 0.26727269214765453 0.6087614328318995
    outer loop
      vertex 0.8568150550127029 219.95880407094955 3
      vertex 0.9057160094380379 219.1520274952054 3.4142135623730923
      vertex 1.1508125215768814 219.83702635020018 3.4142135623730923
    endloop
  endfacet
  facet normal -0.7171829262171118 0.33920225596644493 0.6087614310137718
    outer loop
      vertex 0.8568150550127029 219.95880407094955 3
      vertex 1.1508125215768814 219.83702635020018 3.4142135623730923
      vertex 1.4618704169988632 220.49470302462578 3.4142135623730923
    endloop
  endfacet
  facet normal -0.6804818449911038 0.40786513393614116 0.6087614402676609
    outer loop
      vertex 1.571303367614746 221.29551769047976 3
      vertex 1.4618704169988632 220.49470302462578 3.4142135623730923
      vertex 1.835894137620926 221.1187238842249 3.4142135623730923
    endloop
  endfacet
  facet normal -0.6372273804300871 0.4726000273689298 0.6087614309079511
    outer loop
      vertex 1.571303367614746 221.29551769047976 3
      vertex 1.835894137620926 221.1187238842249 3.4142135623730923
      vertex 2.2692814990878105 221.70307910442352 3.4142135623730923
    endloop
  endfacet
  facet normal -0.6372273808496288 0.4726000328894593 0.6087614261830361
    outer loop
      vertex 1.571303367614746 221.29551769047976 3
      vertex 2.2692814990878105 221.70307910442352 3.4142135623730923
      vertex 2.0232937186956406 221.90495613217354 3
    endloop
  endfacet
  facet normal -0.5878360493168839 0.5327835365469821 0.6087614329998317
    outer loop
      vertex 2.0232937186956406 221.90495613217354 3
      vertex 2.2692814990878105 221.70307910442352 3.4142135623730923
      vertex 2.5328429341316223 222.4671570584178 3
    endloop
  endfacet
  facet normal -0.5327835365469821 0.5878360493168839 0.6087614329998317
    outer loop
      vertex 2.5328429341316223 222.4671570584178 3
      vertex 3.2969208881258965 222.7307184934616 3.4142135623730923
      vertex 3.095043860375881 222.97670627385378 3
    endloop
  endfacet
  facet normal -0.4726000328894593 0.6372273808496288 0.6087614261830361
    outer loop
      vertex 3.095043860375881 222.97670627385378 3
      vertex 3.2969208881258965 222.7307184934616 3.4142135623730923
      vertex 3.704482302069664 223.42869662493467 3
    endloop
  endfacet
  facet normal -0.5878360480090382 0.5327835367053431 0.6087614341241255
    outer loop
      vertex 2.5328429341316223 222.4671570584178 3
      vertex 2.2692814990878105 221.70307910442352 3.4142135623730923
      vertex 2.7578588500618935 222.24214114248753 3.4142135623730923
    endloop
  endfacet
  facet normal -0.5327835367053431 0.5878360480090382 0.6087614341241255
    outer loop
      vertex 2.5328429341316223 222.4671570584178 3
      vertex 2.7578588500618935 222.24214114248753 3.4142135623730923
      vertex 3.2969208881258965 222.7307184934616 3.4142135623730923
    endloop
  endfacet
  facet normal -0.4078651298685976 0.6804818573961157 0.6087614291263896
    outer loop
      vertex 3.704482302069664 223.42869662493467 3
      vertex 4.505296967923641 223.53812957555056 3.4142135623730923
      vertex 4.355288773775101 223.81877501308918 3
    endloop
  endfacet
  facet normal -0.3392022676963965 0.7171829294912753 0.6087614206205373
    outer loop
      vertex 4.355288773775101 223.81877501308918 3
      vertex 4.505296967923641 223.53812957555056 3.4142135623730923
      vertex 5.041195921599865 224.14318493753672 3
    endloop
  endfacet
  facet normal -0.26727269166329803 0.7469771262981076 0.608761431989968
    outer loop
      vertex 5.041195921599865 224.14318493753672 3
      vertex 5.847972497344017 224.09428398311138 3.4142135623730923
      vertex 5.755597926676273 224.3988020643592 3
    endloop
  endfacet
  facet normal -0.19276913307512777 0.7695775363709111 0.6087614285142765
    outer loop
      vertex 5.755597926676273 224.3988020643592 3
      vertex 6.553696505725384 224.2710586413741 3.4142135623730923
      vertex 6.491614751517773 224.5831646770239 3
    endloop
  endfacet
  facet normal -0.11640911451448456 0.7847664919938354 0.6087614237955975
    outer loop
      vertex 6.491614751517773 224.5831646770239 3
      vertex 7.273349203169346 224.3778090402484 3.4142135623730923
      vertex 7.242158181965351 224.69449727982283 3
    endloop
  endfacet
  facet normal -0.4726000273689298 0.6372273804300871 0.6087614309079511
    outer loop
      vertex 3.704482302069664 223.42869662493467 3
      vertex 3.2969208881258965 222.7307184934616 3.4142135623730923
      vertex 3.8812761083245277 223.1641058549285 3.4142135623730923
    endloop
  endfacet
  facet normal -0.40786513393614116 0.6804818449911038 0.6087614402676609
    outer loop
      vertex 3.704482302069664 223.42869662493467 3
      vertex 3.8812761083245277 223.1641058549285 3.4142135623730923
      vertex 4.505296967923641 223.53812957555056 3.4142135623730923
    endloop
  endfacet
  facet normal -0.33920225596644493 0.7171829262171118 0.6087614310137718
    outer loop
      vertex 5.041195921599865 224.14318493753672 3
      vertex 4.505296967923641 223.53812957555056 3.4142135623730923
      vertex 5.162973642349243 223.84918747097254 3.4142135623730923
    endloop
  endfacet
  facet normal -0.26727269214765453 0.7469771254386561 0.6087614328318995
    outer loop
      vertex 5.041195921599865 224.14318493753672 3
      vertex 5.162973642349243 223.84918747097254 3.4142135623730923
      vertex 5.847972497344017 224.09428398311138 3.4142135623730923
    endloop
  endfacet
  facet normal -0.1927691338191011 0.7695775353095536 0.6087614296204272
    outer loop
      vertex 5.755597926676273 224.3988020643592 3
      vertex 5.847972497344017 224.09428398311138 3.4142135623730923
      vertex 6.553696505725384 224.2710586413741 3.4142135623730923
    endloop
  endfacet
  facet normal -0.11640911780384912 0.7847664881633893 0.6087614281045001
    outer loop
      vertex 6.491614751517773 224.5831646770239 3
      vertex 6.553696505725384 224.2710586413741 3.4142135623730923
      vertex 7.273349203169346 224.3778090402484 3.4142135623730923
    endloop
  endfacet
  facet normal -0.038928005536749646 0.7923977109329268 0.6087614295380321
    outer loop
      vertex 7.242158181965351 224.69449727982283 3
      vertex 7.273349203169346 224.3778090402484 3.4142135623730923
      vertex 8.006577730178833 224.73205080628395 3
    endloop
  endfacet
  facet normal -0.0389280047342933 0.7923977102981321 0.6087614304156305
    outer loop
      vertex 8.006577730178833 224.73205080628395 3
      vertex 7.273349203169346 224.3778090402484 3.4142135623730923
      vertex 8.01438020914793 224.4142135605216 3.4142135623730923
    endloop
  endfacet
  facet normal 0 0 -1
    outer loop
      vertex 7.833370861439747 9.691814035342734 0
      vertex 9.7 217 0
      vertex 215.30818596465727 217.16662913856024 0
    endloop
  endfacet
  facet normal 0 0 -1
    outer loop
      vertex 2.3431457505076194 222.65685424949237 0
      vertex 215.30818596465727 217.16662913856024 0
      vertex 8 218.7 0
    endloop
  endfacet
  facet normal 0 0 -1
    outer loop
      vertex 8 218.7 0
      vertex 215.30818596465727 217.16662913856024 0
      vertex 8.166629138560253 218.69181403534273 0
    endloop
  endfacet
  facet normal 0 0 -1
    outer loop
      vertex 8.166629138560253 218.69181403534273 0
      vertex 215.30818596465727 217.16662913856024 0
      vertex 8.331653547427418 218.66733497668548 0
    endloop
  endfacet
  facet normal 0 0 -1
    outer loop
      vertex 8.944469396133323 218.41349834091432 0
      vertex 215.30818596465727 217.16662913856024 0
      vertex 9.078468583078198 218.31411777071665 0
    endloop
  endfacet
  facet normal 0 0 -1
    outer loop
      vertex 9.667334976685492 217.3316535474274 0
      vertex 215.30818596465727 217.16662913856024 0
      vertex 9.691814035342734 217.16662913856024 0
    endloop
  endfacet
  facet normal 0 0 -1
    outer loop
      vertex 9.570595205269187 217.65056183502065 0
      vertex 215.30818596465727 217.16662913856024 0
      vertex 9.626798570744755 217.4934839513326 0
    endloop
  endfacet
  facet normal 0 0 -1
    outer loop
      vertex 9.626798570744755 217.4934839513326 0
      vertex 215.30818596465727 217.16662913856024 0
      vertex 9.667334976685492 217.3316535474274 0
    endloop
  endfacet
  facet normal 0 0 -1
    outer loop
      vertex 9.078468583078198 218.31411777071665 0
      vertex 215.30818596465727 217.16662913856024 0
      vertex 9.20208152801713 218.20208152801712 0
    endloop
  endfacet
  facet normal 0 0 -1
    outer loop
      vertex 9.20208152801713 218.20208152801712 0
      vertex 215.30818596465727 217.16662913856024 0
      vertex 9.314117770716653 218.0784685830782 0
    endloop
  endfacet
  facet normal 0 0 -1
    outer loop
      vertex 9.314117770716653 218.0784685830782 0
      vertex 215.30818596465727 217.16662913856024 0
      vertex 9.413498340914327 217.94446939613331 0
    endloop
  endfacet
  facet normal 0 0 -1
    outer loop
      vertex 9.413498340914327 217.94446939613331 0
      vertex 215.30818596465727 217.16662913856024 0
      vertex 9.499266149392204 217.8013744526042 0
    endloop
  endfacet
  facet normal 0 0 -1
    outer loop
      vertex 9.499266149392204 217.8013744526042 0
      vertex 215.30818596465727 217.16662913856024 0
      vertex 9.570595205269187 217.65056183502065 0
    endloop
  endfacet
  facet normal 0 0 -1
    outer loop
      vertex 9.691814035342734 217.16662913856024 0
      vertex 215.30818596465727 217.16662913856024 0
      vertex 9.7 217 0
    endloop
  endfacet
  facet normal 0 0 -1
    outer loop
      vertex 8.331653547427418 218.66733497668548 0
      vertex 215.30818596465727 217.16662913856024 0
      vertex 8.493483951332585 218.62679857074477 0
    endloop
  endfacet
  facet normal 0 0 -1
    outer loop
      vertex 8.493483951332585 218.62679857074477 0
      vertex 215.30818596465727 217.16662913856024 0
      vertex 8.650561835020653 218.5705952052692 0
    endloop
  endfacet
  facet normal 0 0 -1
    outer loop
      vertex 8.650561835020653 218.5705952052692 0
      vertex 215.30818596465727 217.16662913856024 0
      vertex 8.801374452604197 218.4992661493922 0
    endloop
  endfacet
  facet normal 0 0 -1
    outer loop
      vertex 8.801374452604197 218.4992661493922 0
      vertex 215.30818596465727 217.16662913856024 0
      vertex 8.944469396133323 218.41349834091432 0
    endloop
  endfacet
  facet normal 0 0 -1
    outer loop
      vertex 2.3431457505076194 222.65685424949237 0
      vertex 8 225 0
      vertex 225 225 0
    endloop
  endfacet
  facet normal 0 1 0
    outer loop
      vertex 8 225 0
      vertex 8 225 1.9899999999999949
      vertex 225 225 0
    endloop
  endfacet
  facet normal 0 1 0
    outer loop
      vertex 8 225 1.9899999999999949
      vertex 8 225 2
      vertex 225 225 2
    endloop
  endfacet
  facet normal 0 0.9914448620347796 0.13052618719949255
    outer loop
      vertex 8 225 2
      vertex 8.0016730427742 224.93185165524483 2.5176380902050397
      vertex 225 225 2
    endloop
  endfacet
  facet normal 0 0.9238795298353729 0.3826834388253173
    outer loop
      vertex 8.0016730427742 224.93185165524483 2.5176380902050397
      vertex 8.006577730178833 224.73205080628395 3
      vertex 224.93185165524483 224.93185165524483 2.5176380902050397
    endloop
  endfacet
  facet normal -8.700888632578133e-20 0.7933533397671423 0.6087614296917317
    outer loop
      vertex 8.006577730178833 224.73205080628395 3
      vertex 8.01438020914793 224.4142135605216 3.4142135623730923
      vertex 224.4142135605216 224.4142135605216 3.4142135623730923
    endloop
  endfacet
  facet normal 0 0 1
    outer loop
      vertex 11 196 4
      vertex 5.147552968859995 214.65905721958123 4
      vertex 4.5 9.158244134228797 4
    endloop
  endfacet
  facet normal -0.608761430721417 0 0.793353338977037
    outer loop
      vertex 1 8.024548627436161 3.732050807568882
      vertex 1 216.97545136511326 3.732050807568882
      vertex 0.5857864394783974 216.9856197834015 3.4142135623730923
    endloop
  endfacet
  facet normal -0.3826834303793445 0 0.9238795333338093
    outer loop
      vertex 1 8.024548627436161 3.732050807568882
      vertex 1.482361912727356 216.96361003816128 3.931851652578132
      vertex 1 216.97545136511326 3.732050807568882
    endloop
  endfacet
  facet normal -0.13052619294688786 0 0.9914448612781205
    outer loop
      vertex 2 8.049097269773483 4
      vertex 2 216.95090272277594 4
      vertex 1.482361912727356 216.96361003816128 3.931851652578132
    endloop
  endfacet
  facet normal 0 0 1
    outer loop
      vertex 2 8.049097269773483 4
      vertex 2.5 217 4
      vertex 2 216.95090272277594 4
    endloop
  endfacet
  facet normal 0 0 1
    outer loop
      vertex 4.5 9.158244134228797 4
      vertex 4.7456666578747555 215.26052258853812 4
      vertex 4.59083856087751 215.5878790955961 4
    endloop
  endfacet
  facet normal 0 0 1
    outer loop
      vertex 4.5 9.158244134228797 4
      vertex 4.931835763956234 214.94991819984756 4
      vertex 4.7456666578747555 215.26052258853812 4
    endloop
  endfacet
  facet normal 0 0 1
    outer loop
      vertex 4.5 9.158244134228797 4
      vertex 5.147552968859995 214.65905721958123 4
      vertex 4.931835763956234 214.94991819984756 4
    endloop
  endfacet
  facet normal 0 0 1
    outer loop
      vertex 4.5 9.158244134228797 4
      vertex 4.59083856087751 215.5878790955961 4
      vertex 4.5 215.8417558657712 4
    endloop
  endfacet
  facet normal 0 0 1
    outer loop
      vertex 11 196 4
      vertex 11.08667492121458 197.764308527112 4
      vertex 5.659057219581218 214.14755296885997 4
    endloop
  endfacet
  facet normal 0 0 1
    outer loop
      vertex 11.08667492121458 197.764308527112 4
      vertex 11.345864951610565 199.51162579655647 4
      vertex 5.659057219581218 214.14755296885997 4
    endloop
  endfacet
  facet normal 0 0 1
    outer loop
      vertex 11.345864951610565 199.51162579655647 4
      vertex 11.77507396042347 201.2251241877675 4
      vertex 6.2605225885381 213.74566665787475 4
    endloop
  endfacet
  facet normal 0 0 1
    outer loop
      vertex 11.77507396042347 201.2251241877675 4
      vertex 12.370168417692184 202.88830178231 4
      vertex 6.587879095596086 213.5908385608775 4
    endloop
  endfacet
  facet normal 0 0 1
    outer loop
      vertex 11 196 4
      vertex 5.659057219581218 214.14755296885997 4
      vertex 5.3907407979797926 214.3907407979798 4
    endloop
  endfacet
  facet normal 0 0 1
    outer loop
      vertex 11 196 4
      vertex 5.3907407979797926 214.3907407979798 4
      vertex 5.147552968859995 214.65905721958123 4
    endloop
  endfacet
  facet normal 0 0 1
    outer loop
      vertex 11.345864951610565 199.51162579655647 4
      vertex 6.2605225885381 213.74566665787475 4
      vertex 5.949918199847568 213.93183576395623 4
    endloop
  endfacet
  facet normal 0 0 1
    outer loop
      vertex 11.345864951610565 199.51162579655647 4
      vertex 5.949918199847568 213.93183576395623 4
      vertex 5.659057219581218 214.14755296885997 4
    endloop
  endfacet
  facet normal 0 0 1
    outer loop
      vertex 11.77507396042347 201.2251241877675 4
      vertex 6.587879095596086 213.5908385608775 4
      vertex 6.2605225885381 213.74566665787475 4
    endloop
  endfacet
  facet normal 0 0 1
    outer loop
      vertex 12.370168417692184 202.88830178231 4
      vertex 6.9288350989072915 213.46884255217623 4
      vertex 6.587879095596086 213.5908385608775 4
    endloop
  endfacet
  facet normal 0 0 1
    outer loop
      vertex 12.370168417692184 202.88830178231 4
      vertex 7.280107005774318 213.3808535200245 4
      vertex 6.9288350989072915 213.46884255217623 4
    endloop
  endfacet
  facet normal 0 0 1
    outer loop
      vertex 13.125417239964008 204.48514126241207 4
      vertex 7.638311875709278 213.32771884690166 4
      vertex 7.280107005774318 213.3808535200245 4
    endloop
  endfacet
  facet normal 0 0 1
    outer loop
      vertex 13.125417239964008 204.48514126241207 4
      vertex 8 213.30995024875622 4
      vertex 7.638311875709278 213.32771884690166 4
    endloop
  endfacet
  facet normal 0 0 1
    outer loop
      vertex 14.033546976745129 206.00026419758797 4
      vertex 8.36168812429072 213.32771884690166 4
      vertex 8 213.30995024875622 4
    endloop
  endfacet
  facet normal 0 0 1
    outer loop
      vertex 14.033546976745129 206.00026419758797 4
      vertex 8.719892994225681 213.3808535200245 4
      vertex 8.36168812429072 213.32771884690166 4
    endloop
  endfacet
  facet normal 0 0 1
    outer loop
      vertex 12.370168417692184 202.88830178231 4
      vertex 13.125417239964008 204.48514126241207 4
      vertex 7.280107005774318 213.3808535200245 4
    endloop
  endfacet
  facet normal 0 0 1
    outer loop
      vertex 13.125417239964008 204.48514126241207 4
      vertex 14.033546976745129 206.00026419758797 4
      vertex 8 213.30995024875622 4
    endloop
  endfacet
  facet normal 0 0 1
    outer loop
      vertex 14.033546976745129 206.00026419758797 4
      vertex 15.085811838507652 207.41907911747694 4
      vertex 9.07116490109271 213.46884255217623 4
    endloop
  endfacet
  facet normal 0 0 1
    outer loop
      vertex 15.085811838507652 207.41907911747694 4
      vertex 16.272077940404415 208.72792205959558 4
      vertex 10.340942780418782 214.14755296886 4
    endloop
  endfacet
  facet normal -0.6080281501991734 0.029870502599569096 0.7933533397168128
    outer loop
      vertex 0.5857864394783974 216.9856197834015 3.4142135623730923
      vertex 1.0349070951342583 217.68600175529718 3.732050807568882
      vertex 0.6221909523010254 217.72665078938007 3.4142135623730923
    endloop
  endfacet
  facet normal -0.6080281490319488 0.02987050142505907 0.7933533406555983
    outer loop
      vertex 0.5857864394783974 216.9856197834015 3.4142135623730923
      vertex 1 216.97545136511326 3.732050807568882
      vertex 1.0349070951342583 217.68600175529718 3.732050807568882
    endloop
  endfacet
  facet normal -0.6021725023085599 0.08932385519539097 0.7933533426894224
    outer loop
      vertex 0.6221909523010254 217.72665078938007 3.4142135623730923
      vertex 1.0349070951342583 217.68600175529718 3.732050807568882
      vertex 1.1356858611106873 218.3653969913721 3.732050807568882
    endloop
  endfacet
  facet normal -0.3822224713155608 0.01877738208715914 0.9238795334584365
    outer loop
      vertex 1 216.97545136511326 3.732050807568882
      vertex 1.482361912727356 216.96361003816128 3.931851652578132
      vertex 1.0349070951342583 217.68600175529718 3.732050807568882
    endloop
  endfacet
  facet normal -0.38222246849354263 0.018777384146474778 0.9238795345840921
    outer loop
      vertex 1.0349070951342583 217.68600175529718 3.732050807568882
      vertex 1.482361912727356 216.96361003816128 3.931851652578132
      vertex 1.5155252367258072 217.63866506516933 3.931851652578132
    endloop
  endfacet
  facet normal -0.3785414611690334 0.056151322628718574 0.9238795328088283
    outer loop
      vertex 1.0349070951342583 217.68600175529718 3.732050807568882
      vertex 1.5155252367258072 217.63866506516933 3.931851652578132
      vertex 1.609349861741066 218.2711792960763 3.931851652578132
    endloop
  endfacet
  facet normal -0.6021725041662463 0.08932385752070089 0.7933533410175907
    outer loop
      vertex 0.6221909523010254 217.72665078938007 3.4142135623730923
      vertex 1.1356858611106873 218.3653969913721 3.732050807568882
      vertex 0.7289413511753082 218.44630348682404 3.4142135623730923
    endloop
  endfacet
  facet normal -0.5905176132165606 0.14791695908702834 0.7933533397518806
    outer loop
      vertex 0.7289413511753082 218.44630348682404 3.4142135623730923
      vertex 1.1356858611106873 218.3653969913721 3.732050807568882
      vertex 0.9057160094380379 219.1520274952054 3.4142135623730923
    endloop
  endfacet
  facet normal -0.5731757098863415 0.20508555059835798 0.7933533402791324
    outer loop
      vertex 0.9057160094380379 219.1520274952054 3.4142135623730923
      vertex 1.5339574739336967 219.6783225312829 3.732050807568882
      vertex 1.1508125215768814 219.83702635020018 3.4142135623730923
    endloop
  endfacet
  facet normal -0.5503138168956291 0.2602790464702067 0.7933533392520158
    outer loop
      vertex 1.1508125215768814 219.83702635020018 3.4142135623730923
      vertex 1.5339574739336967 219.6783225312829 3.732050807568882
      vertex 1.4618704169988632 220.49470302462578 3.4142135623730923
    endloop
  endfacet
  facet normal -0.5221520933777304 0.3129659300511224 0.7933533374282167
    outer loop
      vertex 1.4618704169988632 220.49470302462578 3.4142135623730923
      vertex 2.1807154715061188 220.88832162320614 3.732050807568882
      vertex 1.835894137620926 221.1187238842249 3.4142135623730923
    endloop
  endfacet
  facet normal -0.48896176974847 0.3626387579415075 0.793353338029837
    outer loop
      vertex 1.835894137620926 221.1187238842249 3.4142135623730923
      vertex 2.1807154715061188 220.88832162320614 3.732050807568882
      vertex 2.2692814990878105 221.70307910442352 3.4142135623730923
    endloop
  endfacet
  facet normal -0.5905176113309518 0.14791696012702596 0.7933533409614955
    outer loop
      vertex 0.9057160094380379 219.1520274952054 3.4142135623730923
      vertex 1.1356858611106873 218.3653969913721 3.732050807568882
      vertex 1.3025717064738274 219.03164263814688 3.732050807568882
    endloop
  endfacet
  facet normal -0.573175709470428 0.2050855497949949 0.7933533407872915
    outer loop
      vertex 0.9057160094380379 219.1520274952054 3.4142135623730923
      vertex 1.3025717064738274 219.03164263814688 3.732050807568882
      vertex 1.5339574739336967 219.6783225312829 3.732050807568882
    endloop
  endfacet
  facet normal -0.5503138089211302 0.260279049004264 0.79335334395221
    outer loop
      vertex 1.4618704169988632 220.49470302462578 3.4142135623730923
      vertex 1.5339574739336967 219.6783225312829 3.732050807568882
      vertex 1.8276147320866585 220.29920863360167 3.732050807568882
    endloop
  endfacet
  facet normal -0.5221520907454199 0.3129659209439794 0.7933533427533243
    outer loop
      vertex 1.4618704169988632 220.49470302462578 3.4142135623730923
      vertex 1.8276147320866585 220.29920863360167 3.732050807568882
      vertex 2.1807154715061188 220.88832162320614 3.732050807568882
    endloop
  endfacet
  facet normal -0.4889617620366373 0.3626387588036253 0.7933533423887449
    outer loop
      vertex 2.2692814990878105 221.70307910442352 3.4142135623730923
      vertex 2.1807154715061188 220.88832162320614 3.732050807568882
      vertex 2.5898590609431267 221.43998789042234 3.732050807568882
    endloop
  endfacet
  facet normal -0.4510624653868813 0.4088191875911615 0.7933533413154641
    outer loop
      vertex 2.2692814990878105 221.70307910442352 3.4142135623730923
      vertex 3.051105298101902 221.94889469444752 3.732050807568882
      vertex 2.7578588500618935 222.24214114248753 3.4142135623730923
    endloop
  endfacet
  facet normal -0.4088191875911615 0.4510624653868813 0.7933533413154641
    outer loop
      vertex 2.7578588500618935 222.24214114248753 3.4142135623730923
      vertex 3.051105298101902 221.94889469444752 3.732050807568882
      vertex 3.2969208881258965 222.7307184934616 3.4142135623730923
    endloop
  endfacet
  facet normal -0.45106246515132453 0.40881918482724466 0.7933533428736512
    outer loop
      vertex 2.2692814990878105 221.70307910442352 3.4142135623730923
      vertex 2.5898590609431267 221.43998789042234 3.732050807568882
      vertex 3.051105298101902 221.94889469444752 3.732050807568882
    endloop
  endfacet
  facet normal -0.40881918482724466 0.45106246515132453 0.7933533428736512
    outer loop
      vertex 3.2969208881258965 222.7307184934616 3.4142135623730923
      vertex 3.051105298101902 221.94889469444752 3.732050807568882
      vertex 3.560012102127075 222.4101409316063 3.732050807568882
    endloop
  endfacet
  facet normal -0.3626387579415075 0.48896176974847 0.793353338029837
    outer loop
      vertex 3.2969208881258965 222.7307184934616 3.4142135623730923
      vertex 4.111678369343281 222.8192845210433 3.732050807568882
      vertex 3.8812761083245277 223.1641058549285 3.4142135623730923
    endloop
  endfacet
  facet normal -0.3129659300511224 0.5221520933777304 0.7933533374282167
    outer loop
      vertex 3.8812761083245277 223.1641058549285 3.4142135623730923
      vertex 4.111678369343281 222.8192845210433 3.732050807568882
      vertex 4.505296967923641 223.53812957555056 3.4142135623730923
    endloop
  endfacet
  facet normal -0.2602790464702067 0.5503138168956291 0.7933533392520158
    outer loop
      vertex 4.505296967923641 223.53812957555056 3.4142135623730923
      vertex 5.321677461266518 223.46604251861572 3.732050807568882
      vertex 5.162973642349243 223.84918747097254 3.4142135623730923
    endloop
  endfacet
  facet normal -0.20508555059835798 0.5731757098863415 0.7933533402791324
    outer loop
      vertex 5.162973642349243 223.84918747097254 3.4142135623730923
      vertex 5.321677461266518 223.46604251861572 3.732050807568882
      vertex 5.847972497344017 224.09428398311138 3.4142135623730923
    endloop
  endfacet
  facet normal -0.14791695908702834 0.5905176132165606 0.7933533397518806
    outer loop
      vertex 5.847972497344017 224.09428398311138 3.4142135623730923
      vertex 6.634603001177311 223.86431413143873 3.732050807568882
      vertex 6.553696505725384 224.2710586413741 3.4142135623730923
    endloop
  endfacet
  facet normal -0.08932385752070089 0.6021725041662463 0.7933533410175907
    outer loop
      vertex 6.553696505725384 224.2710586413741 3.4142135623730923
      vertex 6.634603001177311 223.86431413143873 3.732050807568882
      vertex 7.273349203169346 224.3778090402484 3.4142135623730923
    endloop
  endfacet
  facet normal -0.3626387588036253 0.4889617620366373 0.7933533423887449
    outer loop
      vertex 3.2969208881258965 222.7307184934616 3.4142135623730923
      vertex 3.560012102127075 222.4101409316063 3.732050807568882
      vertex 4.111678369343281 222.8192845210433 3.732050807568882
    endloop
  endfacet
  facet normal -0.3129659209439794 0.5221520907454199 0.7933533427533243
    outer loop
      vertex 4.505296967923641 223.53812957555056 3.4142135623730923
      vertex 4.111678369343281 222.8192845210433 3.732050807568882
      vertex 4.700791358947754 223.17238526046276 3.732050807568882
    endloop
  endfacet
  facet normal -0.260279049004264 0.5503138089211302 0.79335334395221
    outer loop
      vertex 4.505296967923641 223.53812957555056 3.4142135623730923
      vertex 4.700791358947754 223.17238526046276 3.732050807568882
      vertex 5.321677461266518 223.46604251861572 3.732050807568882
    endloop
  endfacet
  facet normal -0.2050855497949949 0.573175709470428 0.7933533407872915
    outer loop
      vertex 5.847972497344017 224.09428398311138 3.4142135623730923
      vertex 5.321677461266518 223.46604251861572 3.732050807568882
      vertex 5.968357354402542 223.6974282860756 3.732050807568882
    endloop
  endfacet
  facet normal -0.14791696012702596 0.5905176113309518 0.7933533409614955
    outer loop
      vertex 5.847972497344017 224.09428398311138 3.4142135623730923
      vertex 5.968357354402542 223.6974282860756 3.732050807568882
      vertex 6.634603001177311 223.86431413143873 3.732050807568882
    endloop
  endfacet
  facet normal -0.3785414615149009 0.05615132302484748 0.9238795326430399
    outer loop
      vertex 1.0349070951342583 217.68600175529718 3.732050807568882
      vertex 1.609349861741066 218.2711792960763 3.931851652578132
      vertex 1.1356858611106873 218.3653969913721 3.732050807568882
    endloop
  endfacet
  facet normal -0.37121488987736917 0.09298448854182567 0.9238795324196482
    outer loop
      vertex 1.1356858611106873 218.3653969913721 3.732050807568882
      vertex 1.764719970524311 218.891451574862 3.931851652578132
      vertex 1.3025717064738274 219.03164263814688 3.732050807568882
    endloop
  endfacet
  facet normal -0.36031331926528304 0.12892216812232613 0.9238795303104581
    outer loop
      vertex 1.3025717064738274 219.03164263814688 3.732050807568882
      vertex 1.764719970524311 218.891451574862 3.931851652578132
      vertex 1.5339574739336967 219.6783225312829 3.732050807568882
    endloop
  endfacet
  facet normal -0.3459417229248943 0.16361825052202647 0.9238795335084911
    outer loop
      vertex 1.5339574739336967 219.6783225312829 3.732050807568882
      vertex 2.2535329908132553 220.0715505629778 3.931851652578132
      vertex 1.8276147320866585 220.29920863360167 3.732050807568882
    endloop
  endfacet
  facet normal -0.32823852687043054 0.19673860293204332 0.9238795330530261
    outer loop
      vertex 1.8276147320866585 220.29920863360167 3.732050807568882
      vertex 2.5822684541344643 220.6200125515461 3.931851652578132
      vertex 2.1807154715061188 220.88832162320614 3.732050807568882
    endloop
  endfacet
  facet normal -0.307374216148143 0.22796425587129618 0.9238795318072378
    outer loop
      vertex 2.1807154715061188 220.88832162320614 3.732050807568882
      vertex 2.5822684541344643 220.6200125515461 3.931851652578132
      vertex 2.5898590609431267 221.43998789042234 3.732050807568882
    endloop
  endfacet
  facet normal -0.37121488598874425 0.09298448309013853 0.9238795345307869
    outer loop
      vertex 1.1356858611106873 218.3653969913721 3.732050807568882
      vertex 1.609349861741066 218.2711792960763 3.931851652578132
      vertex 1.764719970524311 218.891451574862 3.931851652578132
    endloop
  endfacet
  facet normal -0.36031331311507514 0.12892217045245383 0.9238795323838852
    outer loop
      vertex 1.5339574739336967 219.6783225312829 3.732050807568882
      vertex 1.764719970524311 218.891451574862 3.931851652578132
      vertex 1.9801391959190369 219.49350795149803 3.931851652578132
    endloop
  endfacet
  facet normal -0.34594172255372024 0.1636182496980435 0.9238795337934019
    outer loop
      vertex 1.5339574739336967 219.6783225312829 3.732050807568882
      vertex 1.9801391959190369 219.49350795149803 3.931851652578132
      vertex 2.2535329908132553 220.0715505629778 3.931851652578132
    endloop
  endfacet
  facet normal -0.32823852596053693 0.19673860023221895 0.9238795339512188
    outer loop
      vertex 1.8276147320866585 220.29920863360167 3.732050807568882
      vertex 2.2535329908132553 220.0715505629778 3.931851652578132
      vertex 2.5822684541344643 220.6200125515461 3.931851652578132
    endloop
  endfacet
  facet normal -0.30737421603500714 0.22796425587895974 0.923879531842987
    outer loop
      vertex 2.5898590609431267 221.43998789042234 3.732050807568882
      vertex 2.5822684541344643 220.6200125515461 3.931851652578132
      vertex 2.9631795287132263 221.13361167907715 3.931851652578132
    endloop
  endfacet
  facet normal -0.28354972131601197 0.2569944849822848 0.923879532314848
    outer loop
      vertex 2.5898590609431267 221.43998789042234 3.732050807568882
      vertex 2.9631795287132263 221.13361167907715 3.931851652578132
      vertex 3.051105298101902 221.94889469444752 3.732050807568882
    endloop
  endfacet
  facet normal -0.2569944849822848 0.28354972131601197 0.923879532314848
    outer loop
      vertex 3.051105298101902 221.94889469444752 3.732050807568882
      vertex 3.866388313472271 222.0368204638362 3.931851652578132
      vertex 3.560012102127075 222.4101409316063 3.732050807568882
    endloop
  endfacet
  facet normal -0.28354972127302136 0.2569944849809714 0.9238795323284076
    outer loop
      vertex 2.9631795287132263 221.13361167907715 3.931851652578132
      vertex 3.392598018050194 221.60740197449923 3.931851652578132
      vertex 3.051105298101902 221.94889469444752 3.732050807568882
    endloop
  endfacet
  facet normal -0.2569944849809714 0.28354972127302136 0.9238795323284076
    outer loop
      vertex 3.051105298101902 221.94889469444752 3.732050807568882
      vertex 3.392598018050194 221.60740197449923 3.931851652578132
      vertex 3.866388313472271 222.0368204638362 3.931851652578132
    endloop
  endfacet
  facet normal -0.22796425587129618 0.307374216148143 0.9238795318072378
    outer loop
      vertex 3.560012102127075 222.4101409316063 3.732050807568882
      vertex 4.379987441003323 222.41773153841496 3.931851652578132
      vertex 4.111678369343281 222.8192845210433 3.732050807568882
    endloop
  endfacet
  facet normal -0.19673860293204332 0.32823852687043054 0.9238795330530261
    outer loop
      vertex 4.111678369343281 222.8192845210433 3.732050807568882
      vertex 4.379987441003323 222.41773153841496 3.931851652578132
      vertex 4.700791358947754 223.17238526046276 3.732050807568882
    endloop
  endfacet
  facet normal -0.16361825052202647 0.3459417229248943 0.9238795335084911
    outer loop
      vertex 4.700791358947754 223.17238526046276 3.732050807568882
      vertex 4.928449429571629 222.74646700173616 3.931851652578132
      vertex 5.321677461266518 223.46604251861572 3.732050807568882
    endloop
  endfacet
  facet normal -0.12892216812232613 0.36031331926528304 0.9238795303104581
    outer loop
      vertex 5.321677461266518 223.46604251861572 3.732050807568882
      vertex 6.108548417687416 223.2352800220251 3.931851652578132
      vertex 5.968357354402542 223.6974282860756 3.732050807568882
    endloop
  endfacet
  facet normal -0.09298448854182567 0.37121488987736917 0.9238795324196482
    outer loop
      vertex 5.968357354402542 223.6974282860756 3.732050807568882
      vertex 6.108548417687416 223.2352800220251 3.931851652578132
      vertex 6.634603001177311 223.86431413143873 3.732050807568882
    endloop
  endfacet
  facet normal -0.05615132302484748 0.3785414615149009 0.9238795326430399
    outer loop
      vertex 6.634603001177311 223.86431413143873 3.732050807568882
      vertex 6.728820696473122 223.39065013080835 3.931851652578132
      vertex 7.313998237252235 223.96509289741516 3.732050807568882
    endloop
  endfacet
  facet normal -0.22796425587895974 0.30737421603500714 0.923879531842987
    outer loop
      vertex 3.560012102127075 222.4101409316063 3.732050807568882
      vertex 3.866388313472271 222.0368204638362 3.931851652578132
      vertex 4.379987441003323 222.41773153841496 3.931851652578132
    endloop
  endfacet
  facet normal -0.19673860023221895 0.32823852596053693 0.9238795339512188
    outer loop
      vertex 4.700791358947754 223.17238526046276 3.732050807568882
      vertex 4.379987441003323 222.41773153841496 3.931851652578132
      vertex 4.928449429571629 222.74646700173616 3.931851652578132
    endloop
  endfacet
  facet normal -0.1636182496980435 0.34594172255372024 0.9238795337934019
    outer loop
      vertex 5.321677461266518 223.46604251861572 3.732050807568882
      vertex 4.928449429571629 222.74646700173616 3.931851652578132
      vertex 5.506492041051388 223.01986079663038 3.931851652578132
    endloop
  endfacet
  facet normal -0.12892217045245383 0.36031331311507514 0.9238795323838852
    outer loop
      vertex 5.321677461266518 223.46604251861572 3.732050807568882
      vertex 5.506492041051388 223.01986079663038 3.931851652578132
      vertex 6.108548417687416 223.2352800220251 3.931851652578132
    endloop
  endfacet
  facet normal -0.09298448309013853 0.37121488598874425 0.9238795345307869
    outer loop
      vertex 6.634603001177311 223.86431413143873 3.732050807568882
      vertex 6.108548417687416 223.2352800220251 3.931851652578132
      vertex 6.728820696473122 223.39065013080835 3.931851652578132
    endloop
  endfacet
  facet normal -0.02987050868891049 0.6080281497109934 0.7933533398616858
    outer loop
      vertex 7.273349203169346 224.3778090402484 3.4142135623730923
      vertex 7.313998237252235 223.96509289741516 3.732050807568882
      vertex 8.01438020914793 224.4142135605216 3.4142135623730923
    endloop
  endfacet
  facet normal -0.08932385519539097 0.6021725023085599 0.7933533426894224
    outer loop
      vertex 7.273349203169346 224.3778090402484 3.4142135623730923
      vertex 6.634603001177311 223.86431413143873 3.732050807568882
      vertex 7.313998237252235 223.96509289741516 3.732050807568882
    endloop
  endfacet
  facet normal -0.02987050746081724 0.608028148490518 0.7933533408433004
    outer loop
      vertex 8.01438020914793 224.4142135605216 3.4142135623730923
      vertex 7.313998237252235 223.96509289741516 3.732050807568882
      vertex 8.024548634886742 224 3.732050807568882
    endloop
  endfacet
  facet normal -0.018777385905001373 0.38222247145571525 0.9238795333228568
    outer loop
      vertex 7.313998237252235 223.96509289741516 3.732050807568882
      vertex 8.036389954388142 223.51763808727264 3.931851652578132
      vertex 8.024548634886742 224 3.732050807568882
    endloop
  endfacet
  facet normal -0.056151322628718595 0.3785414611690334 0.9238795328088283
    outer loop
      vertex 6.728820696473122 223.39065013080835 3.931851652578132
      vertex 7.361334927380085 223.4844747558236 3.931851652578132
      vertex 7.313998237252235 223.96509289741516 3.732050807568882
    endloop
  endfacet
  facet normal -0.01877738834623694 0.38222246811032656 0.9238795346572761
    outer loop
      vertex 7.313998237252235 223.96509289741516 3.732050807568882
      vertex 7.361334927380085 223.4844747558236 3.931851652578132
      vertex 8.036389954388142 223.51763808727264 3.931851652578132
    endloop
  endfacet
  facet normal -0.13036896961600886 0.00640461622496494 0.991444861125555
    outer loop
      vertex 1.482361912727356 216.96361003816128 3.931851652578132
      vertex 2.031292013823986 217.58786646276712 4
      vertex 1.5155252367258072 217.63866506516933 3.931851652578132
    endloop
  endfacet
  facet normal -0.12911344487016796 0.019152170745631258 0.9914448611544106
    outer loop
      vertex 1.5155252367258072 217.63866506516933 3.931851652578132
      vertex 2.031292013823986 217.58786646276712 4
      vertex 1.609349861741066 218.2711792960763 3.931851652578132
    endloop
  endfacet
  facet normal -0.13036896830754893 0.006404615054783276 0.9914448613051687
    outer loop
      vertex 1.482361912727356 216.96361003816128 3.931851652578132
      vertex 2 216.95090272277594 4
      vertex 2.031292013823986 217.58786646276712 4
    endloop
  endfacet
  facet normal 0 0 1
    outer loop
      vertex 2 216.95090272277594 4
      vertex 2.1176539584994316 218.17007135599852 4
      vertex 2.031292013823986 217.58786646276712 4
    endloop
  endfacet
  facet normal 0 0 1
    outer loop
      vertex 2 216.95090272277594 4
      vertex 2.5 217 4
      vertex 2.526484005153179 217.53909426927567 4
    endloop
  endfacet
  facet normal 0 0 1
    outer loop
      vertex 2 216.95090272277594 4
      vertex 2.526484005153179 217.53909426927567 4
      vertex 2.6056809574365616 218.07299677282572 4
    endloop
  endfacet
  facet normal 0 0 1
    outer loop
      vertex 2 216.95090272277594 4
      vertex 2.6056809574365616 218.07299677282572 4
      vertex 2.7368281558156013 218.5965657234192 4
    endloop
  endfacet
  facet normal -0.12661448729925248 0.03171527623922085 0.9914448612298201
    outer loop
      vertex 1.609349861741066 218.2711792960763 3.931851652578132
      vertex 2.1176539584994316 218.17007135599852 4
      vertex 1.764719970524311 218.891451574862 3.931851652578132
    endloop
  endfacet
  facet normal -0.1291134434153727 0.019152171661090844 0.9914448613261806
    outer loop
      vertex 1.609349861741066 218.2711792960763 3.931851652578132
      vertex 2.031292013823986 217.58786646276712 4
      vertex 2.1176539584994316 218.17007135599852 4
    endloop
  endfacet
  facet normal -0.12661448581011825 0.03171527698349348 0.9914448613961846
    outer loop
      vertex 1.764719970524311 218.891451574862 3.931851652578132
      vertex 2.1176539584994316 218.17007135599852 4
      vertex 2.260666109621525 218.7410078793764 4
    endloop
  endfacet
  facet normal -0.122896160270719 0.04397295116684608 0.9914448614806533
    outer loop
      vertex 1.764719970524311 218.891451574862 3.931851652578132
      vertex 2.4589512050151825 219.29517758637667 4
      vertex 1.9801391959190369 219.49350795149803 3.931851652578132
    endloop
  endfacet
  facet normal -0.12289615949339117 0.043972949803714204 0.9914448616374664
    outer loop
      vertex 1.764719970524311 218.891451574862 3.931851652578132
      vertex 2.260666109621525 218.7410078793764 4
      vertex 2.4589512050151825 219.29517758637667 4
    endloop
  endfacet
  facet normal -0.11799428118771545 0.055807137815788735 0.9914448612887172
    outer loop
      vertex 1.9801391959190369 219.49350795149803 3.931851652578132
      vertex 2.4589512050151825 219.29517758637667 4
      vertex 2.7105995938181877 219.82724341005087 4
    endloop
  endfacet
  facet normal 0 0 1
    outer loop
      vertex 2 216.95090272277594 4
      vertex 2.4589512050151825 219.29517758637667 4
      vertex 2.1176539584994316 218.17007135599852 4
    endloop
  endfacet
  facet normal 0 0 1
    outer loop
      vertex 2 216.95090272277594 4
      vertex 2.7368281558156013 218.5965657234192 4
      vertex 2.9186625704169273 219.10475888103247 4
    endloop
  endfacet
  facet normal 0 0 1
    outer loop
      vertex 2.1176539584994316 218.17007135599852 4
      vertex 2.4589512050151825 219.29517758637667 4
      vertex 2.260666109621525 218.7410078793764 4
    endloop
  endfacet
  facet normal 0 0 1
    outer loop
      vertex 2 216.95090272277594 4
      vertex 3.759064845740795 221.24093514680862 4
      vertex 2.4589512050151825 219.29517758637667 4
    endloop
  endfacet
  facet normal 0 0 1
    outer loop
      vertex 2 216.95090272277594 4
      vertex 2.9186625704169273 219.10475888103247 4
      vertex 3.759064845740795 221.24093514680862 4
    endloop
  endfacet
  facet normal -0.1179942818024574 0.05580713919205804 0.9914448611380868
    outer loop
      vertex 1.9801391959190369 219.49350795149803 3.931851652578132
      vertex 2.7105995938181877 219.82724341005087 4
      vertex 2.2535329908132553 220.0715505629778 3.931851652578132
    endloop
  endfacet
  facet normal -0.11195605176437558 0.06710387468135663 0.9914448610366999
    outer loop
      vertex 2.2535329908132553 220.0715505629778 3.931851652578132
      vertex 2.7105995938181877 219.82724341005087 4
      vertex 2.5822684541344643 220.6200125515461 3.931851652578132
    endloop
  endfacet
  facet normal -0.11195605121677316 0.067103874774773 0.9914448610922136
    outer loop
      vertex 2.5822684541344643 220.6200125515461 3.931851652578132
      vertex 2.7105995938181877 219.82724341005087 4
      vertex 3.0131878182291985 220.3320813626051 4
    endloop
  endfacet
  facet normal -0.10483962104757594 0.0777543624414509 0.9914448612907952
    outer loop
      vertex 2.5822684541344643 220.6200125515461 3.931851652578132
      vertex 3.0131878182291985 220.3320813626051 4
      vertex 2.9631795287132263 221.13361167907715 3.931851652578132
    endloop
  endfacet
  facet normal -0.09671352977510501 0.08765603317702785 0.9914448613039999
    outer loop
      vertex 2.9631795287132263 221.13361167907715 3.931851652578132
      vertex 3.759064845740795 221.24093514680862 4
      vertex 3.392598018050194 221.60740197449923 3.931851652578132
    endloop
  endfacet
  facet normal -0.10483962037053587 0.07775436248945905 0.9914448613586233
    outer loop
      vertex 2.9631795287132263 221.13361167907715 3.931851652578132
      vertex 3.0131878182291985 220.3320813626051 4
      vertex 3.363801747560501 220.80482951551676 4
    endloop
  endfacet
  facet normal -0.0967135296867493 0.08765603247703199 0.9914448613745073
    outer loop
      vertex 2.9631795287132263 221.13361167907715 3.931851652578132
      vertex 3.363801747560501 220.80482951551676 4
      vertex 3.759064845740795 221.24093514680862 4
    endloop
  endfacet
  facet normal 0 0 1
    outer loop
      vertex 2.4589512050151825 219.29517758637667 4
      vertex 3.0131878182291985 220.3320813626051 4
      vertex 2.7105995938181877 219.82724341005087 4
    endloop
  endfacet
  facet normal 0 0 1
    outer loop
      vertex 2.9186625704169273 219.10475888103247 4
      vertex 3.149433046579361 219.59268205612898 4
      vertex 3.759064845740795 221.24093514680862 4
    endloop
  endfacet
  facet normal 0 0 1
    outer loop
      vertex 2.4589512050151825 219.29517758637667 4
      vertex 3.759064845740795 221.24093514680862 4
      vertex 3.0131878182291985 220.3320813626051 4
    endloop
  endfacet
  facet normal 0 0 1
    outer loop
      vertex 3.149433046579361 219.59268205612898 4
      vertex 3.4269171357154846 220.05563627928495 4
      vertex 3.759064845740795 221.24093514680862 4
    endloop
  endfacet
  facet normal 0 0 1
    outer loop
      vertex 3.0131878182291985 220.3320813626051 4
      vertex 3.759064845740795 221.24093514680862 4
      vertex 3.363801747560501 220.80482951551676 4
    endloop
  endfacet
  facet normal 0 0 1
    outer loop
      vertex 3.4269171357154846 220.05563627928495 4
      vertex 3.7484425082802773 220.48916306346655 4
      vertex 3.759064845740795 221.24093514680862 4
    endloop
  endfacet
  facet normal 0 0 1
    outer loop
      vertex 3.7484425082802773 220.48916306346655 4
      vertex 4.110912702977657 220.88908729702234 4
      vertex 3.759064845740795 221.24093514680862 4
    endloop
  endfacet
  facet normal 0 0 1
    outer loop
      vertex 3.759064845740795 221.24093514680862 4
      vertex 4.110912702977657 220.88908729702234 4
      vertex 4.510836936533451 221.25155749171972 4
    endloop
  endfacet
  facet normal 0 0 1
    outer loop
      vertex 3.759064845740795 221.24093514680862 4
      vertex 4.510836936533451 221.25155749171972 4
      vertex 4.944363720715046 221.57308286428452 4
    endloop
  endfacet
  facet normal -0.08765603317702785 0.09671352977510501 0.9914448613039999
    outer loop
      vertex 3.392598018050194 221.60740197449923 3.931851652578132
      vertex 3.759064845740795 221.24093514680862 4
      vertex 3.866388313472271 222.0368204638362 3.931851652578132
    endloop
  endfacet
  facet normal -0.0777543624414509 0.10483962104757594 0.9914448612907952
    outer loop
      vertex 3.866388313472271 222.0368204638362 3.931851652578132
      vertex 4.6679186299443245 221.98681217432022 4
      vertex 4.379987441003323 222.41773153841496 3.931851652578132
    endloop
  endfacet
  facet normal -0.08765603247703199 0.0967135296867493 0.9914448613745073
    outer loop
      vertex 3.866388313472271 222.0368204638362 3.931851652578132
      vertex 3.759064845740795 221.24093514680862 4
      vertex 4.195170477032661 221.63619824498892 4
    endloop
  endfacet
  facet normal -0.07775436248945905 0.10483962037053587 0.9914448613586233
    outer loop
      vertex 3.866388313472271 222.0368204638362 3.931851652578132
      vertex 4.195170477032661 221.63619824498892 4
      vertex 4.6679186299443245 221.98681217432022 4
    endloop
  endfacet
  facet normal -0.067103874774773 0.11195605121677316 0.9914448610922136
    outer loop
      vertex 4.379987441003323 222.41773153841496 3.931851652578132
      vertex 4.6679186299443245 221.98681217432022 4
      vertex 5.17275658249855 222.28940039873123 4
    endloop
  endfacet
  facet normal -0.06710387468135663 0.11195605176437558 0.9914448610366999
    outer loop
      vertex 4.379987441003323 222.41773153841496 3.931851652578132
      vertex 5.17275658249855 222.28940039873123 4
      vertex 4.928449429571629 222.74646700173616 3.931851652578132
    endloop
  endfacet
  facet normal -0.05580713919205804 0.1179942818024574 0.9914448611380868
    outer loop
      vertex 4.928449429571629 222.74646700173616 3.931851652578132
      vertex 5.17275658249855 222.28940039873123 4
      vertex 5.506492041051388 223.01986079663038 3.931851652578132
    endloop
  endfacet
  facet normal 0 0 1
    outer loop
      vertex 3.759064845740795 221.24093514680862 4
      vertex 4.944363720715046 221.57308286428452 4
      vertex 5.407317943871021 221.85056695342064 4
    endloop
  endfacet
  facet normal 0 0 1
    outer loop
      vertex 4.195170477032661 221.63619824498892 4
      vertex 5.17275658249855 222.28940039873123 4
      vertex 4.6679186299443245 221.98681217432022 4
    endloop
  endfacet
  facet normal 0 0 1
    outer loop
      vertex 3.759064845740795 221.24093514680862 4
      vertex 5.407317943871021 221.85056695342064 4
      vertex 5.895241118967533 222.08133742958307 4
    endloop
  endfacet
  facet normal 0 0 1
    outer loop
      vertex 4.195170477032661 221.63619824498892 4
      vertex 5.704822406172752 222.54104878753424 4
      vertex 5.17275658249855 222.28940039873123 4
    endloop
  endfacet
  facet normal -0.04397295116684608 0.122896160270719 0.9914448614806533
    outer loop
      vertex 5.506492041051388 223.01986079663038 3.931851652578132
      vertex 5.704822406172752 222.54104878753424 4
      vertex 6.108548417687416 223.2352800220251 3.931851652578132
    endloop
  endfacet
  facet normal -0.055807137815788735 0.11799428118771545 0.9914448612887172
    outer loop
      vertex 5.506492041051388 223.01986079663038 3.931851652578132
      vertex 5.17275658249855 222.28940039873123 4
      vertex 5.704822406172752 222.54104878753424 4
    endloop
  endfacet
  facet normal -0.043972949803714204 0.12289615949339117 0.9914448616374664
    outer loop
      vertex 6.108548417687416 223.2352800220251 3.931851652578132
      vertex 5.704822406172752 222.54104878753424 4
      vertex 6.258992113173008 222.7393338829279 4
    endloop
  endfacet
  facet normal -0.03171527623922085 0.12661448729925248 0.9914448612298201
    outer loop
      vertex 6.108548417687416 223.2352800220251 3.931851652578132
      vertex 6.829928636550903 222.88234603405 4
      vertex 6.728820696473122 223.39065013080835 3.931851652578132
    endloop
  endfacet
  facet normal -0.03171527698349348 0.12661448581011825 0.9914448613961846
    outer loop
      vertex 6.108548417687416 223.2352800220251 3.931851652578132
      vertex 6.258992113173008 222.7393338829279 4
      vertex 6.829928636550903 222.88234603405 4
    endloop
  endfacet
  facet normal -0.019152171661090844 0.1291134434153727 0.9914448613261806
    outer loop
      vertex 6.728820696473122 223.39065013080835 3.931851652578132
      vertex 6.829928636550903 222.88234603405 4
      vertex 7.412133529782295 222.96870797872543 4
    endloop
  endfacet
  facet normal 0 0 1
    outer loop
      vertex 3.759064845740795 221.24093514680862 4
      vertex 8.049097277224064 223 4
      vertex 4.195170477032661 221.63619824498892 4
    endloop
  endfacet
  facet normal 0 0 1
    outer loop
      vertex 3.759064845740795 221.24093514680862 4
      vertex 5.895241118967533 222.08133742958307 4
      vertex 8.049097277224064 223 4
    endloop
  endfacet
  facet normal 0 0 1
    outer loop
      vertex 4.195170477032661 221.63619824498892 4
      vertex 7.412133529782295 222.96870797872543 4
      vertex 5.704822406172752 222.54104878753424 4
    endloop
  endfacet
  facet normal 0 0 1
    outer loop
      vertex 4.195170477032661 221.63619824498892 4
      vertex 8.049097277224064 223 4
      vertex 7.412133529782295 222.96870797872543 4
    endloop
  endfacet
  facet normal 0 0 1
    outer loop
      vertex 5.704822406172752 222.54104878753424 4
      vertex 7.412133529782295 222.96870797872543 4
      vertex 6.258992113173008 222.7393338829279 4
    endloop
  endfacet
  facet normal 0 0 1
    outer loop
      vertex 5.895241118967533 222.08133742958307 4
      vertex 6.4034342765808105 222.2631718441844 4
      vertex 8.049097277224064 223 4
    endloop
  endfacet
  facet normal 0 0 1
    outer loop
      vertex 6.258992113173008 222.7393338829279 4
      vertex 7.412133529782295 222.96870797872543 4
      vertex 6.829928636550903 222.88234603405 4
    endloop
  endfacet
  facet normal 0 0 1
    outer loop
      vertex 14.033546976745129 206.00026419758797 4
      vertex 9.07116490109271 213.46884255217623 4
      vertex 8.719892994225681 213.3808535200245 4
    endloop
  endfacet
  facet normal 0 0 1
    outer loop
      vertex 15.085811838507652 207.41907911747694 4
      vertex 9.412120904403913 213.5908385608775 4
      vertex 9.07116490109271 213.46884255217623 4
    endloop
  endfacet
  facet normal 0 0 1
    outer loop
      vertex 15.085811838507652 207.41907911747694 4
      vertex 9.7394774114619 213.74566665787475 4
      vertex 9.412120904403913 213.5908385608775 4
    endloop
  endfacet
  facet normal 0 0 1
    outer loop
      vertex 15.085811838507652 207.41907911747694 4
      vertex 10.05008180015243 213.93183576395623 4
      vertex 9.7394774114619 213.74566665787475 4
    endloop
  endfacet
  facet normal 0 0 1
    outer loop
      vertex 15.085811838507652 207.41907911747694 4
      vertex 10.340942780418782 214.14755296886 4
      vertex 10.05008180015243 213.93183576395623 4
    endloop
  endfacet
  facet normal 0 0 1
    outer loop
      vertex 16.272077940404415 208.72792205959558 4
      vertex 10.609259202020207 214.3907407979798 4
      vertex 10.340942780418782 214.14755296886 4
    endloop
  endfacet
  facet normal 0 0 1
    outer loop
      vertex 16.272077940404415 208.72792205959558 4
      vertex 10.852447031140006 214.65905721958123 4
      vertex 10.609259202020207 214.3907407979798 4
    endloop
  endfacet
  facet normal 0 0 1
    outer loop
      vertex 17.58092088252306 209.91418816149235 4
      vertex 11.068164236043765 214.94991819984756 4
      vertex 10.852447031140006 214.65905721958123 4
    endloop
  endfacet
  facet normal 0 0 1
    outer loop
      vertex 17.58092088252306 209.91418816149235 4
      vertex 11.254333342125244 215.26052258853812 4
      vertex 11.068164236043765 214.94991819984756 4
    endloop
  endfacet
  facet normal 0 0 1
    outer loop
      vertex 17.58092088252306 209.91418816149235 4
      vertex 11.40916143912249 215.5878790955961 4
      vertex 11.254333342125244 215.26052258853812 4
    endloop
  endfacet
  facet normal 0 0 1
    outer loop
      vertex 18.999735802412033 210.96645302325487 4
      vertex 11.531157447823773 215.92883509890729 4
      vertex 11.40916143912249 215.5878790955961 4
    endloop
  endfacet
  facet normal 0 0 1
    outer loop
      vertex 18.999735802412033 210.96645302325487 4
      vertex 11.619146479975498 216.28010700577434 4
      vertex 11.531157447823773 215.92883509890729 4
    endloop
  endfacet
  facet normal -0.006404616498574826 0.13036896818088634 0.9914448613124974
    outer loop
      vertex 8.036389954388142 223.51763808727264 3.931851652578132
      vertex 7.412133529782295 222.96870797872543 4
      vertex 8.049097277224064 223 4
    endloop
  endfacet
  facet normal 0 0 1
    outer loop
      vertex 6.4034342765808105 222.2631718441844 4
      vertex 6.927003227174282 222.39431904256344 4
      vertex 8.049097277224064 223 4
    endloop
  endfacet
  facet normal 0 0 1
    outer loop
      vertex 6.927003227174282 222.39431904256344 4
      vertex 7.460905730724335 222.47351599484682 4
      vertex 8.049097277224064 223 4
    endloop
  endfacet
  facet normal 0 0 1
    outer loop
      vertex 7.460905730724335 222.47351599484682 4
      vertex 8 222.5 4
      vertex 8.049097277224064 223 4
    endloop
  endfacet
  facet normal -0.019152170745631258 0.12911344487016796 0.9914448611544106
    outer loop
      vertex 6.728820696473122 223.39065013080835 3.931851652578132
      vertex 7.412133529782295 222.96870797872543 4
      vertex 7.361334927380085 223.4844747558236 3.931851652578132
    endloop
  endfacet
  facet normal -0.006404617656977333 0.13036896947617516 0.9914448611346917
    outer loop
      vertex 7.361334927380085 223.4844747558236 3.931851652578132
      vertex 7.412133529782295 222.96870797872543 4
      vertex 8.036389954388142 223.51763808727264 3.931851652578132
    endloop
  endfacet
  facet normal 0 0 1
    outer loop
      vertex 16.272077940404415 208.72792205959558 4
      vertex 17.58092088252306 209.91418816149235 4
      vertex 10.852447031140006 214.65905721958123 4
    endloop
  endfacet
  facet normal 0 0 1
    outer loop
      vertex 17.58092088252306 209.91418816149235 4
      vertex 18.999735802412033 210.96645302325487 4
      vertex 11.40916143912249 215.5878790955961 4
    endloop
  endfacet
  facet normal 0 0 1
    outer loop
      vertex 18.999735802412033 210.96645302325487 4
      vertex 20.51485873758793 211.874582760036 4
      vertex 11.672281153098345 216.63831187570926 4
    endloop
  endfacet
  facet normal 0 0 1
    outer loop
      vertex 18.999735802412033 210.96645302325487 4
      vertex 11.672281153098345 216.63831187570926 4
      vertex 11.619146479975498 216.28010700577434 4
    endloop
  endfacet
  facet normal 0 0 1
    outer loop
      vertex 20.51485873758793 211.874582760036 4
      vertex 11.690049751243775 217 4
      vertex 11.672281153098345 216.63831187570926 4
    endloop
  endfacet
  facet normal 0 0 1
    outer loop
      vertex 20.51485873758793 211.874582760036 4
      vertex 11.672281153098345 217.36168812429074 4
      vertex 11.690049751243775 217 4
    endloop
  endfacet
  facet normal 0 0 1
    outer loop
      vertex 22.11169821768999 212.62983158230782 4
      vertex 11.619146479975498 217.71989299422566 4
      vertex 11.672281153098345 217.36168812429074 4
    endloop
  endfacet
  facet normal 0 0 1
    outer loop
      vertex 23.774875812232494 213.22492603957653 4
      vertex 11.531157447823771 218.07116490109271 4
      vertex 11.619146479975498 217.71989299422566 4
    endloop
  endfacet
  facet normal 0 0 1
    outer loop
      vertex 25.488374203443527 213.65413504838943 4
      vertex 11.409161439122489 218.4121209044039 4
      vertex 11.531157447823771 218.07116490109271 4
    endloop
  endfacet
  facet normal 0 0 1
    outer loop
      vertex 25.488374203443527 213.65413504838943 4
      vertex 11.254333342125244 218.7394774114619 4
      vertex 11.409161439122489 218.4121209044039 4
    endloop
  endfacet
  facet normal 0 0 1
    outer loop
      vertex 29 214 4
      vertex 10.340942780418782 219.85244703114 4
      vertex 10.609259202020207 219.6092592020202 4
    endloop
  endfacet
  facet normal 0 0 1
    outer loop
      vertex 29 214 4
      vertex 11.068164236043765 219.05008180015244 4
      vertex 11.254333342125244 218.7394774114619 4
    endloop
  endfacet
  facet normal 0 0 1
    outer loop
      vertex 29 214 4
      vertex 10.852447031140006 219.34094278041877 4
      vertex 11.068164236043765 219.05008180015244 4
    endloop
  endfacet
  facet normal 0 0 1
    outer loop
      vertex 29 214 4
      vertex 10.609259202020207 219.6092592020202 4
      vertex 10.852447031140006 219.34094278041877 4
    endloop
  endfacet
  facet normal 0 0 1
    outer loop
      vertex 20.51485873758793 211.874582760036 4
      vertex 22.11169821768999 212.62983158230782 4
      vertex 11.672281153098345 217.36168812429074 4
    endloop
  endfacet
  facet normal 0 0 1
    outer loop
      vertex 22.11169821768999 212.62983158230782 4
      vertex 23.774875812232494 213.22492603957653 4
      vertex 11.619146479975498 217.71989299422566 4
    endloop
  endfacet
  facet normal 0 0 1
    outer loop
      vertex 23.774875812232494 213.22492603957653 4
      vertex 25.488374203443527 213.65413504838943 4
      vertex 11.531157447823771 218.07116490109271 4
    endloop
  endfacet
  facet normal 0 0 1
    outer loop
      vertex 29 214 4
      vertex 9.412120904403913 220.4091614391225 4
      vertex 9.7394774114619 220.25433334212525 4
    endloop
  endfacet
  facet normal 0 0 1
    outer loop
      vertex 29 214 4
      vertex 9.7394774114619 220.25433334212525 4
      vertex 10.05008180015243 220.06816423604377 4
    endloop
  endfacet
  facet normal 0 0 1
    outer loop
      vertex 29 214 4
      vertex 10.05008180015243 220.06816423604377 4
      vertex 10.340942780418782 219.85244703114 4
    endloop
  endfacet
  facet normal 0 0 1
    outer loop
      vertex 25.488374203443527 213.65413504838943 4
      vertex 27.235691472887993 213.91332507878542 4
      vertex 11.254333342125244 218.7394774114619 4
    endloop
  endfacet
  facet normal 0 0 1
    outer loop
      vertex 27.235691472887993 213.91332507878542 4
      vertex 29 214 4
      vertex 11.254333342125244 218.7394774114619 4
    endloop
  endfacet
  facet normal 0 0 1
    outer loop
      vertex 104.5 220.5 4
      vertex 9.158244134228775 220.5 4
      vertex 9.412120904403913 220.4091614391225 4
    endloop
  endfacet
  facet normal 0 0 1
    outer loop
      vertex 8 222.5 4
      vertex 104.5 222.5 4
      vertex 8.049097277224064 223 4
    endloop
  endfacet
  facet normal 0 0 1
    outer loop
      vertex 14 29 4
      vertex 196 211 4
      vertex 14 196 4
    endloop
  endfacet
  facet normal 0 0 1
    outer loop
      vertex 14 196 4
      vertex 196 211 4
      vertex 14.072229102253914 197.47025710344315 4
    endloop
  endfacet
  facet normal 0 0 1
    outer loop
      vertex 14.072229102253914 197.47025710344315 4
      vertex 196 211 4
      vertex 14.288220793008804 198.92635483294725 4
    endloop
  endfacet
  facet normal 0 0 1
    outer loop
      vertex 14.288220793008804 198.92635483294725 4
      vertex 196 211 4
      vertex 14.645894967019558 200.3542701601982 4
    endloop
  endfacet
  facet normal 0 0 1
    outer loop
      vertex 14.645894967019558 200.3542701601982 4
      vertex 196 211 4
      vertex 15.14180701225996 201.74025148898363 4
    endloop
  endfacet
  facet normal 0 0 1
    outer loop
      vertex 15.14180701225996 201.74025148898363 4
      vertex 196 211 4
      vertex 15.771181032061577 203.07095105201006 4
    endloop
  endfacet
  facet normal 0 0 1
    outer loop
      vertex 15.771181032061577 203.07095105201006 4
      vertex 196 211 4
      vertex 16.527955815196037 204.33355349302292 4
    endloop
  endfacet
  facet normal 0 0 1
    outer loop
      vertex 16.527955815196037 204.33355349302292 4
      vertex 196 211 4
      vertex 17.40484319627285 205.51589926332235 4
    endloop
  endfacet
  facet normal 0 0 1
    outer loop
      vertex 17.40484319627285 205.51589926332235 4
      vertex 196 211 4
      vertex 18.39339828491211 206.6066017150879 4
    endloop
  endfacet
  facet normal 0 0 1
    outer loop
      vertex 18.39339828491211 206.6066017150879 4
      vertex 196 211 4
      vertex 19.484100736677647 207.59515680372715 4
    endloop
  endfacet
  facet normal 0 0 1
    outer loop
      vertex 19.484100736677647 207.59515680372715 4
      vertex 196 211 4
      vertex 20.66644650697708 208.47204418480396 4
    endloop
  endfacet
  facet normal 0 0 1
    outer loop
      vertex 20.66644650697708 208.47204418480396 4
      vertex 196 211 4
      vertex 21.92904894798994 209.22881896793842 4
    endloop
  endfacet
  facet normal 0 0 1
    outer loop
      vertex 21.92904894798994 209.22881896793842 4
      vertex 196 211 4
      vertex 23.25974851101637 209.85819298774004 4
    endloop
  endfacet
  facet normal 0 0 1
    outer loop
      vertex 23.25974851101637 209.85819298774004 4
      vertex 196 211 4
      vertex 24.64572983980179 210.35410503298044 4
    endloop
  endfacet
  facet normal 0 0 1
    outer loop
      vertex 24.64572983980179 210.35410503298044 4
      vertex 196 211 4
      vertex 26.073645167052746 210.7117792069912 4
    endloop
  endfacet
  facet normal 0 0 1
    outer loop
      vertex 26.073645167052746 210.7117792069912 4
      vertex 196 211 4
      vertex 27.529742896556854 210.9277708977461 4
    endloop
  endfacet
  facet normal -1.2055903456327257e-19 0.608761430721417 0.793353338977037
    outer loop
      vertex 8.01438020914793 224.4142135605216 3.4142135623730923
      vertex 8.024548634886742 224 3.732050807568882
      vertex 224 224 3.732050807568882
    endloop
  endfacet
  facet normal 0 0.3826834303793445 0.9238795333338095
    outer loop
      vertex 8.024548634886742 224 3.732050807568882
      vertex 8.036389954388142 223.51763808727264 3.931851652578132
      vertex 224 224 3.732050807568882
    endloop
  endfacet
  facet normal 0 0 1
    outer loop
      vertex 29 214 4
      vertex 196 214 4
      vertex 9.412120904403913 220.4091614391225 4
    endloop
  endfacet
  facet normal 0 0 1
    outer loop
      vertex 27.529742896556854 210.9277708977461 4
      vertex 196 211 4
      vertex 29 211 4
    endloop
  endfacet
  facet normal 0 0 1
    outer loop
      vertex 8.049097277224064 223 4
      vertex 104.5 222.5 4
      vertex 120.5 222.5 4
    endloop
  endfacet
  facet normal -1.1049546382007366e-20 0.13052619294688786 0.9914448612781206
    outer loop
      vertex 8.036389954388142 223.51763808727264 3.931851652578132
      vertex 8.049097277224064 223 4
      vertex 223 223 4
    endloop
  endfacet
  facet normal 0 0 1
    outer loop
      vertex 104.5 220.5 4
      vertex 9.412120904403913 220.4091614391225 4
      vertex 196 214 4
    endloop
  endfacet
  facet normal 0 0 1
    outer loop
      vertex 104.5 220.5 4
      vertex 120.5 222.5 4
      vertex 104.5 222.5 4
    endloop
  endfacet
  facet normal 0 0 -1
    outer loop
      vertex 9.078468583078198 6.685882229283347 0
      vertex 216.1986255473958 6.500733850607796 0
      vertex 216.34943816497935 6.429404794730813 0
    endloop
  endfacet
  facet normal 0 0 -1
    outer loop
      vertex 9.078468583078198 6.685882229283347 0
      vertex 216.05553060386669 6.586501659085673 0
      vertex 216.1986255473958 6.500733850607796 0
    endloop
  endfacet
  facet normal 0 0 -1
    outer loop
      vertex 9.20208152801713 6.797918471982869 0
      vertex 215.79791847198288 6.797918471982869 0
      vertex 215.9215314169218 6.685882229283347 0
    endloop
  endfacet
  facet normal 0 0 -1
    outer loop
      vertex 9.413498340914327 7.055530603866677 0
      vertex 215.58650165908568 7.055530603866677 0
      vertex 215.68588222928335 6.921531416921803 0
    endloop
  endfacet
  facet normal 0 0 -1
    outer loop
      vertex 9.314117770716653 6.921531416921803 0
      vertex 215.68588222928335 6.921531416921803 0
      vertex 215.79791847198288 6.797918471982869 0
    endloop
  endfacet
  facet normal 0 0 -1
    outer loop
      vertex 9.078468583078198 6.685882229283347 0
      vertex 215.9215314169218 6.685882229283347 0
      vertex 216.05553060386669 6.586501659085673 0
    endloop
  endfacet
  facet normal 0 0 -1
    outer loop
      vertex 9.078468583078198 6.685882229283347 0
      vertex 216.5065160486674 6.373201429255245 0
      vertex 216.6683464525726 6.332665023314508 0
    endloop
  endfacet
  facet normal 0 0 -1
    outer loop
      vertex 9.078468583078198 6.685882229283347 0
      vertex 216.34943816497935 6.429404794730813 0
      vertex 216.5065160486674 6.373201429255245 0
    endloop
  endfacet
  facet normal 0 0 -1
    outer loop
      vertex 9.078468583078198 6.685882229283347 0
      vertex 216.83337086143976 6.308185964657265 0
      vertex 217 6.3 0
    endloop
  endfacet
  facet normal 0 0 -1
    outer loop
      vertex 9.078468583078198 6.685882229283347 0
      vertex 216.6683464525726 6.332665023314508 0
      vertex 216.83337086143976 6.308185964657265 0
    endloop
  endfacet
  facet normal 0 0 -1
    outer loop
      vertex 9.691814035342734 8.166629138560253 0
      vertex 215.30818596465727 8.166629138560253 0
      vertex 215.3 8 0
    endloop
  endfacet
  facet normal 0 0 -1
    outer loop
      vertex 9.7 8 0
      vertex 215.3 8 0
      vertex 215.30818596465727 7.833370861439747 0
    endloop
  endfacet
  facet normal 0 0 -1
    outer loop
      vertex 9.667334976685492 8.331653547427418 0
      vertex 215.33266502331452 8.331653547427418 0
      vertex 215.30818596465727 8.166629138560253 0
    endloop
  endfacet
  facet normal 0 0 -1
    outer loop
      vertex 9.499266149392204 7.198625547395804 0
      vertex 215.5007338506078 7.198625547395804 0
      vertex 215.58650165908568 7.055530603866677 0
    endloop
  endfacet
  facet normal 0 0 -1
    outer loop
      vertex 9.626798570744755 7.5065160486674145 0
      vertex 215.37320142925523 7.5065160486674145 0
      vertex 215.4294047947308 7.349438164979348 0
    endloop
  endfacet
  facet normal 0 0 -1
    outer loop
      vertex 9.570595205269187 7.349438164979348 0
      vertex 215.4294047947308 7.349438164979348 0
      vertex 215.5007338506078 7.198625547395804 0
    endloop
  endfacet
  facet normal 0 0 -1
    outer loop
      vertex 9.667334976685492 7.668346452572582 0
      vertex 215.33266502331452 7.668346452572582 0
      vertex 215.37320142925523 7.5065160486674145 0
    endloop
  endfacet
  facet normal 0 0 -1
    outer loop
      vertex 9.691814035342734 7.833370861439747 0
      vertex 215.30818596465727 7.833370861439747 0
      vertex 215.33266502331452 7.668346452572582 0
    endloop
  endfacet
  facet normal 0 0 -1
    outer loop
      vertex 9.626798570744755 8.493483951332585 0
      vertex 215.37320142925523 8.493483951332585 0
      vertex 215.33266502331452 8.331653547427418 0
    endloop
  endfacet
  facet normal 0 0 -1
    outer loop
      vertex 9.570595205269187 8.650561835020653 0
      vertex 215.4294047947308 8.650561835020653 0
      vertex 215.37320142925523 8.493483951332585 0
    endloop
  endfacet
  facet normal 0 0 -1
    outer loop
      vertex 225 0 0
      vertex 9.078468583078198 6.685882229283347 0
      vertex 217 6.3 0
    endloop
  endfacet
  facet normal 0 -1 0
    outer loop
      vertex 8 0 0
      vertex 225 0 0
      vertex 225 0 1.9899999999999949
    endloop
  endfacet
  facet normal 0 -1 0
    outer loop
      vertex 8 0 2
      vertex 225 0 1.9899999999999949
      vertex 225 0 2
    endloop
  endfacet
  facet normal 0 -0.9914448620347796 0.13052618719949255
    outer loop
      vertex 8 0 2
      vertex 225 0 2
      vertex 224.93185165524483 0.06814834475517273 2.5176380902050397
    endloop
  endfacet
  facet normal 0 -0.9238795298353729 0.3826834388253173
    outer loop
      vertex 8.0016730427742 0.06814834475517273 2.5176380902050397
      vertex 224.93185165524483 0.06814834475517273 2.5176380902050397
      vertex 224.73205080628395 0.2679491937160492 3
    endloop
  endfacet
  facet normal 0 -0.7933533397671423 0.6087614296917317
    outer loop
      vertex 8.01438020914793 0.5857864394783974 3.4142135623730923
      vertex 224.73205080628395 0.2679491937160492 3
      vertex 224.4142135605216 0.5857864394783974 3.4142135623730923
    endloop
  endfacet
  facet normal 0 0 -1
    outer loop
      vertex 9.570595205269187 8.650561835020653 0
      vertex 216.34943816497935 215.4294047947308 0
      vertex 215.4294047947308 8.650561835020653 0
    endloop
  endfacet
  facet normal 0 0 -1
    outer loop
      vertex 225 0 0
      vertex 217 6.3 0
      vertex 217.16662913856024 6.308185964657265 0
    endloop
  endfacet
  facet normal 0 0 -1
    outer loop
      vertex 225 0 0
      vertex 217.3316535474274 6.332665023314508 0
      vertex 217.4934839513326 6.373201429255245 0
    endloop
  endfacet
  facet normal 0 0 -1
    outer loop
      vertex 225 0 0
      vertex 217.16662913856024 6.308185964657265 0
      vertex 217.3316535474274 6.332665023314508 0
    endloop
  endfacet
  facet normal 0 0 -1
    outer loop
      vertex 225 0 0
      vertex 217.65056183502065 6.429404794730813 0
      vertex 217.8013744526042 6.500733850607796 0
    endloop
  endfacet
  facet normal 0 0 -1
    outer loop
      vertex 225 0 0
      vertex 217.4934839513326 6.373201429255245 0
      vertex 217.65056183502065 6.429404794730813 0
    endloop
  endfacet
  facet normal 0 0 -1
    outer loop
      vertex 225 0 0
      vertex 217.8013744526042 6.500733850607796 0
      vertex 217.94446939613331 6.586501659085673 0
    endloop
  endfacet
  facet normal 0 0 -1
    outer loop
      vertex 225 0 0
      vertex 217.94446939613331 6.586501659085673 0
      vertex 218.0784685830782 6.685882229283347 0
    endloop
  endfacet
  facet normal 0 0 -1
    outer loop
      vertex 225 0 0
      vertex 218.20208152801712 6.797918471982869 0
      vertex 218.31411777071665 6.921531416921803 0
    endloop
  endfacet
  facet normal 0 0 -1
    outer loop
      vertex 225 0 0
      vertex 218.0784685830782 6.685882229283347 0
      vertex 218.20208152801712 6.797918471982869 0
    endloop
  endfacet
  facet normal 0 0 -1
    outer loop
      vertex 225 0 0
      vertex 218.31411777071665 6.921531416921803 0
      vertex 218.41349834091432 7.055530603866677 0
    endloop
  endfacet
  facet normal 0 0 -1
    outer loop
      vertex 225 0 0
      vertex 218.41349834091432 7.055530603866677 0
      vertex 218.4992661493922 7.198625547395804 0
    endloop
  endfacet
  facet normal 0 0 -1
    outer loop
      vertex 225 0 0
      vertex 218.5705952052692 7.349438164979348 0
      vertex 218.62679857074477 7.5065160486674145 0
    endloop
  endfacet
  facet normal 0 0 -1
    outer loop
      vertex 225 0 0
      vertex 218.4992661493922 7.198625547395804 0
      vertex 218.5705952052692 7.349438164979348 0
    endloop
  endfacet
  facet normal 0 0 -1
    outer loop
      vertex 225 0 0
      vertex 218.66733497668548 7.668346452572582 0
      vertex 218.69181403534273 7.833370861439747 0
    endloop
  endfacet
  facet normal 0 0 -1
    outer loop
      vertex 225 0 0
      vertex 218.62679857074477 7.5065160486674145 0
      vertex 218.66733497668548 7.668346452572582 0
    endloop
  endfacet
  facet normal 0 0 -1
    outer loop
      vertex 225 0 0
      vertex 218.7 8 0
      vertex 218.69181403534273 8.166629138560253 0
    endloop
  endfacet
  facet normal 0 0 -1
    outer loop
      vertex 225 0 0
      vertex 218.69181403534273 7.833370861439747 0
      vertex 218.7 8 0
    endloop
  endfacet
  facet normal 0 0 -1
    outer loop
      vertex 225 0 0
      vertex 218.66733497668548 8.331653547427418 0
      vertex 218.62679857074477 8.493483951332585 0
    endloop
  endfacet
  facet normal 0 0 -1
    outer loop
      vertex 225 0 0
      vertex 218.69181403534273 8.166629138560253 0
      vertex 218.66733497668548 8.331653547427418 0
    endloop
  endfacet
  facet normal 0 0 -1
    outer loop
      vertex 225 0 0
      vertex 218.4992661493922 8.801374452604197 0
      vertex 218.41349834091432 8.944469396133323 0
    endloop
  endfacet
  facet normal 0 0 -1
    outer loop
      vertex 225 0 0
      vertex 218.5705952052692 8.650561835020653 0
      vertex 218.4992661493922 8.801374452604197 0
    endloop
  endfacet
  facet normal 0 0 -1
    outer loop
      vertex 225 0 0
      vertex 218.62679857074477 8.493483951332585 0
      vertex 218.5705952052692 8.650561835020653 0
    endloop
  endfacet
  facet normal 0 0 -1
    outer loop
      vertex 215.4294047947308 8.650561835020653 0
      vertex 216.34943816497935 215.4294047947308 0
      vertex 215.5007338506078 8.801374452604197 0
    endloop
  endfacet
  facet normal 0 0 -1
    outer loop
      vertex 215.5007338506078 8.801374452604197 0
      vertex 216.34943816497935 215.4294047947308 0
      vertex 215.58650165908568 8.944469396133323 0
    endloop
  endfacet
  facet normal 0 0 -1
    outer loop
      vertex 215.58650165908568 8.944469396133323 0
      vertex 216.34943816497935 215.4294047947308 0
      vertex 215.68588222928335 9.078468583078198 0
    endloop
  endfacet
  facet normal 0 0 -1
    outer loop
      vertex 215.68588222928335 9.078468583078198 0
      vertex 216.34943816497935 215.4294047947308 0
      vertex 215.79791847198288 9.20208152801713 0
    endloop
  endfacet
  facet normal 0 0 -1
    outer loop
      vertex 215.79791847198288 9.20208152801713 0
      vertex 216.34943816497935 215.4294047947308 0
      vertex 215.9215314169218 9.314117770716653 0
    endloop
  endfacet
  facet normal 0 0 -1
    outer loop
      vertex 215.9215314169218 9.314117770716653 0
      vertex 216.34943816497935 215.4294047947308 0
      vertex 216.05553060386669 9.413498340914327 0
    endloop
  endfacet
  facet normal 0 0 -1
    outer loop
      vertex 216.05553060386669 9.413498340914327 0
      vertex 216.34943816497935 215.4294047947308 0
      vertex 216.1986255473958 9.499266149392204 0
    endloop
  endfacet
  facet normal 0 0 -1
    outer loop
      vertex 216.1986255473958 9.499266149392204 0
      vertex 216.34943816497935 215.4294047947308 0
      vertex 216.34943816497935 9.570595205269187 0
    endloop
  endfacet
  facet normal 0 0 -1
    outer loop
      vertex 216.34943816497935 9.570595205269187 0
      vertex 216.5065160486674 215.37320142925523 0
      vertex 216.5065160486674 9.626798570744755 0
    endloop
  endfacet
  facet normal 0 0 -1
    outer loop
      vertex 216.5065160486674 9.626798570744755 0
      vertex 216.6683464525726 215.33266502331452 0
      vertex 216.6683464525726 9.667334976685492 0
    endloop
  endfacet
  facet normal 0 0 -1
    outer loop
      vertex 216.6683464525726 9.667334976685492 0
      vertex 216.83337086143976 215.30818596465727 0
      vertex 216.83337086143976 9.691814035342734 0
    endloop
  endfacet
  facet normal 0 0 -1
    outer loop
      vertex 216.83337086143976 9.691814035342734 0
      vertex 217 215.3 0
      vertex 217 9.7 0
    endloop
  endfacet
  facet normal 0 0 -1
    outer loop
      vertex 217.3316535474274 9.667334976685492 0
      vertex 217.4934839513326 215.37320142925523 0
      vertex 217.4934839513326 9.626798570744755 0
    endloop
  endfacet
  facet normal 0 0 -1
    outer loop
      vertex 217.4934839513326 9.626798570744755 0
      vertex 217.65056183502065 215.4294047947308 0
      vertex 217.65056183502065 9.570595205269187 0
    endloop
  endfacet
  facet normal 0 0 -1
    outer loop
      vertex 217.65056183502065 9.570595205269187 0
      vertex 217.8013744526042 215.5007338506078 0
      vertex 217.8013744526042 9.499266149392204 0
    endloop
  endfacet
  facet normal 0 0 -1
    outer loop
      vertex 217.8013744526042 9.499266149392204 0
      vertex 217.94446939613331 215.58650165908568 0
      vertex 217.94446939613331 9.413498340914327 0
    endloop
  endfacet
  facet normal 0 0 -1
    outer loop
      vertex 217 9.7 0
      vertex 217.16662913856024 215.30818596465727 0
      vertex 217.16662913856024 9.691814035342734 0
    endloop
  endfacet
  facet normal 0 0 -1
    outer loop
      vertex 217.16662913856024 9.691814035342734 0
      vertex 217.3316535474274 215.33266502331452 0
      vertex 217.3316535474274 9.667334976685492 0
    endloop
  endfacet
  facet normal 0 0 -1
    outer loop
      vertex 225 0 0
      vertex 218.41349834091432 8.944469396133323 0
      vertex 218.31411777071665 215.9215314169218 0
    endloop
  endfacet
  facet normal 0 0 -1
    outer loop
      vertex 217.94446939613331 9.413498340914327 0
      vertex 218.0784685830782 215.68588222928335 0
      vertex 218.0784685830782 9.314117770716653 0
    endloop
  endfacet
  facet normal 0 0 -1
    outer loop
      vertex 218.0784685830782 9.314117770716653 0
      vertex 218.20208152801712 215.79791847198288 0
      vertex 218.20208152801712 9.20208152801713 0
    endloop
  endfacet
  facet normal 0 0 -1
    outer loop
      vertex 218.31411777071665 9.078468583078198 0
      vertex 218.31411777071665 215.9215314169218 0
      vertex 218.41349834091432 8.944469396133323 0
    endloop
  endfacet
  facet normal 0 0 -1
    outer loop
      vertex 218.20208152801712 9.20208152801713 0
      vertex 218.31411777071665 215.9215314169218 0
      vertex 218.31411777071665 9.078468583078198 0
    endloop
  endfacet
  facet normal 1 0 0
    outer loop
      vertex 225 0 0
      vertex 225 225 0
      vertex 225 0 1.9899999999999949
    endloop
  endfacet
  facet normal 1 0 0
    outer loop
      vertex 225 0 1.9899999999999949
      vertex 225 225 2
      vertex 225 0 2
    endloop
  endfacet
  facet normal 0.9914448620347796 0 0.13052618719949255
    outer loop
      vertex 225 0 2
      vertex 225 225 2
      vertex 224.93185165524483 0.06814834475517273 2.5176380902050397
    endloop
  endfacet
  facet normal 0.9238795298353728 3.687535432359739e-20 0.38268343882531725
    outer loop
      vertex 224.93185165524483 0.06814834475517273 2.5176380902050397
      vertex 224.73205080628395 224.73205080628395 3
      vertex 224.73205080628395 0.2679491937160492 3
    endloop
  endfacet
  facet normal 0.7933533397671425 -8.41211670169375e-20 0.6087614296917316
    outer loop
      vertex 224.73205080628395 0.2679491937160492 3
      vertex 224.4142135605216 224.4142135605216 3.4142135623730923
      vertex 224.4142135605216 0.5857864394783974 3.4142135623730923
    endloop
  endfacet
  facet normal 0 -0.608761430721417 0.7933533389770371
    outer loop
      vertex 8.01438020914793 0.5857864394783974 3.4142135623730923
      vertex 224.4142135605216 0.5857864394783974 3.4142135623730923
      vertex 224 1 3.732050807568882
    endloop
  endfacet
  facet normal 0 -0.3826834303793445 0.9238795333338093
    outer loop
      vertex 8.036389954388142 1.482361912727356 3.931851652578132
      vertex 224 1 3.732050807568882
      vertex 223.51763808727264 1.482361912727356 3.931851652578132
    endloop
  endfacet
  facet normal 0 0 1
    outer loop
      vertex 9.158244134228799 4.5 4
      vertex 215.8417558657712 4.5 4
      vertex 215.5878790955961 4.59083856087751 4
    endloop
  endfacet
  facet normal 0 0 1
    outer loop
      vertex 29 14 4
      vertex 196 14 4
      vertex 197.47025710344315 14.072229102253914 4
    endloop
  endfacet
  facet normal 0 0 1
    outer loop
      vertex 29 11 4
      vertex 215.26052258853812 4.7456666578747555 4
      vertex 196 11 4
    endloop
  endfacet
  facet normal 0 0 1
    outer loop
      vertex 8 2.5 4
      vertex 223 2 4
      vertex 222.5 2.5 4
    endloop
  endfacet
  facet normal 0 -0.1305261929468879 0.9914448612781205
    outer loop
      vertex 8.036389954388142 1.482361912727356 3.931851652578132
      vertex 223.51763808727264 1.482361912727356 3.931851652578132
      vertex 223 2 4
    endloop
  endfacet
  facet normal 0 0 1
    outer loop
      vertex 29 11 4
      vertex 215.5878790955961 4.59083856087751 4
      vertex 215.26052258853812 4.7456666578747555 4
    endloop
  endfacet
  facet normal 0 0 1
    outer loop
      vertex 29 14 4
      vertex 197.47025710344315 14.072229102253914 4
      vertex 198.92635483294725 14.288220793008804 4
    endloop
  endfacet
  facet normal 0 0 1
    outer loop
      vertex 29 14 4
      vertex 198.92635483294725 14.288220793008804 4
      vertex 200.3542701601982 14.645894967019558 4
    endloop
  endfacet
  facet normal 0 0 1
    outer loop
      vertex 29 14 4
      vertex 200.3542701601982 14.645894967019558 4
      vertex 201.74025148898363 15.14180701225996 4
    endloop
  endfacet
  facet normal 0 0 1
    outer loop
      vertex 29 14 4
      vertex 201.74025148898363 15.14180701225996 4
      vertex 203.07095105201006 15.771181032061577 4
    endloop
  endfacet
  facet normal 0 0 1
    outer loop
      vertex 29 14 4
      vertex 203.07095105201006 15.771181032061577 4
      vertex 204.33355349302292 16.527955815196037 4
    endloop
  endfacet
  facet normal 0 0 1
    outer loop
      vertex 29 14 4
      vertex 204.33355349302292 16.527955815196037 4
      vertex 205.51589926332235 17.40484319627285 4
    endloop
  endfacet
  facet normal 0 0 1
    outer loop
      vertex 29 14 4
      vertex 205.51589926332235 17.40484319627285 4
      vertex 206.6066017150879 18.39339828491211 4
    endloop
  endfacet
  facet normal 0 0 1
    outer loop
      vertex 29 14 4
      vertex 206.6066017150879 18.39339828491211 4
      vertex 207.59515680372715 19.484100736677647 4
    endloop
  endfacet
  facet normal 0 0 1
    outer loop
      vertex 29 14 4
      vertex 207.59515680372715 19.484100736677647 4
      vertex 208.47204418480396 20.66644650697708 4
    endloop
  endfacet
  facet normal 0 0 1
    outer loop
      vertex 29 14 4
      vertex 208.47204418480396 20.66644650697708 4
      vertex 209.22881896793842 21.92904894798994 4
    endloop
  endfacet
  facet normal 0 0 1
    outer loop
      vertex 29 14 4
      vertex 209.22881896793842 21.92904894798994 4
      vertex 209.85819298774004 23.25974851101637 4
    endloop
  endfacet
  facet normal 0 0 1
    outer loop
      vertex 29 14 4
      vertex 209.85819298774004 23.25974851101637 4
      vertex 210.35410503298044 24.64572983980179 4
    endloop
  endfacet
  facet normal 0 0 1
    outer loop
      vertex 29 14 4
      vertex 210.35410503298044 24.64572983980179 4
      vertex 210.7117792069912 26.073645167052746 4
    endloop
  endfacet
  facet normal 0 0 1
    outer loop
      vertex 29 14 4
      vertex 210.7117792069912 26.073645167052746 4
      vertex 210.9277708977461 27.529742896556854 4
    endloop
  endfacet
  facet normal 0 0 1
    outer loop
      vertex 29 14 4
      vertex 210.9277708977461 27.529742896556854 4
      vertex 211 29 4
    endloop
  endfacet
  facet normal 0 0 1
    outer loop
      vertex 29 14 4
      vertex 211 29 4
      vertex 211 196 4
    endloop
  endfacet
  facet normal 0 0 1
    outer loop
      vertex 196 11 4
      vertex 213.5908385608775 6.587879095596086 4
      vertex 197.764308527112 11.08667492121458 4
    endloop
  endfacet
  facet normal 0 0 1
    outer loop
      vertex 197.764308527112 11.08667492121458 4
      vertex 213.5908385608775 6.587879095596086 4
      vertex 199.51162579655647 11.345864951610565 4
    endloop
  endfacet
  facet normal 0 0 1
    outer loop
      vertex 196 11 4
      vertex 215.26052258853812 4.7456666578747555 4
      vertex 214.94991819984756 4.931835763956234 4
    endloop
  endfacet
  facet normal 0 0 1
    outer loop
      vertex 196 11 4
      vertex 214.94991819984756 4.931835763956234 4
      vertex 214.65905721958123 5.147552968859994 4
    endloop
  endfacet
  facet normal 0 0 1
    outer loop
      vertex 199.51162579655647 11.345864951610565 4
      vertex 213.46884255217623 6.9288350989072915 4
      vertex 201.2251241877675 11.77507396042347 4
    endloop
  endfacet
  facet normal 0 0 1
    outer loop
      vertex 201.2251241877675 11.77507396042347 4
      vertex 213.3808535200245 7.280107005774318 4
      vertex 202.88830178231 12.370168417692184 4
    endloop
  endfacet
  facet normal 0 0 1
    outer loop
      vertex 202.88830178231 12.370168417692184 4
      vertex 213.30995024875622 8 4
      vertex 204.48514126241207 13.125417239964008 4
    endloop
  endfacet
  facet normal 0 0 1
    outer loop
      vertex 196 11 4
      vertex 214.3907407979798 5.3907407979797926 4
      vertex 214.14755296885997 5.659057219581219 4
    endloop
  endfacet
  facet normal 0 0 1
    outer loop
      vertex 196 11 4
      vertex 214.14755296885997 5.659057219581219 4
      vertex 213.93183576395623 5.949918199847571 4
    endloop
  endfacet
  facet normal 0 0 1
    outer loop
      vertex 196 11 4
      vertex 213.93183576395623 5.949918199847571 4
      vertex 213.74566665787475 6.2605225885381 4
    endloop
  endfacet
  facet normal 0 0 1
    outer loop
      vertex 196 11 4
      vertex 213.74566665787475 6.2605225885381 4
      vertex 213.5908385608775 6.587879095596086 4
    endloop
  endfacet
  facet normal 0 0 1
    outer loop
      vertex 196 11 4
      vertex 214.65905721958123 5.147552968859994 4
      vertex 214.3907407979798 5.3907407979797926 4
    endloop
  endfacet
  facet normal 0 0 1
    outer loop
      vertex 199.51162579655647 11.345864951610565 4
      vertex 213.5908385608775 6.587879095596086 4
      vertex 213.46884255217623 6.9288350989072915 4
    endloop
  endfacet
  facet normal 0 0 1
    outer loop
      vertex 201.2251241877675 11.77507396042347 4
      vertex 213.46884255217623 6.9288350989072915 4
      vertex 213.3808535200245 7.280107005774318 4
    endloop
  endfacet
  facet normal 0 0 1
    outer loop
      vertex 202.88830178231 12.370168417692184 4
      vertex 213.3808535200245 7.280107005774318 4
      vertex 213.32771884690166 7.638311875709278 4
    endloop
  endfacet
  facet normal 0 0 1
    outer loop
      vertex 202.88830178231 12.370168417692184 4
      vertex 213.32771884690166 7.638311875709278 4
      vertex 213.30995024875622 8 4
    endloop
  endfacet
  facet normal 0 0 1
    outer loop
      vertex 204.48514126241207 13.125417239964008 4
      vertex 213.30995024875622 8 4
      vertex 213.32771884690166 8.36168812429072 4
    endloop
  endfacet
  facet normal 0 0 1
    outer loop
      vertex 204.48514126241207 13.125417239964008 4
      vertex 213.32771884690166 8.36168812429072 4
      vertex 213.3808535200245 8.719892994225681 4
    endloop
  endfacet
  facet normal 0 0 1
    outer loop
      vertex 204.48514126241207 13.125417239964008 4
      vertex 213.3808535200245 8.719892994225681 4
      vertex 206.00026419758797 14.033546976745129 4
    endloop
  endfacet
  facet normal 0 0 1
    outer loop
      vertex 206.00026419758797 14.033546976745129 4
      vertex 213.5908385608775 9.412120904403913 4
      vertex 207.41907911747694 15.085811838507652 4
    endloop
  endfacet
  facet normal 0 0 1
    outer loop
      vertex 207.41907911747694 15.085811838507652 4
      vertex 214.14755296886 10.340942780418782 4
      vertex 208.72792205959558 16.272077940404415 4
    endloop
  endfacet
  facet normal 0 0 1
    outer loop
      vertex 206.00026419758797 14.033546976745129 4
      vertex 213.3808535200245 8.719892994225681 4
      vertex 213.46884255217623 9.07116490109271 4
    endloop
  endfacet
  facet normal 0 0 1
    outer loop
      vertex 206.00026419758797 14.033546976745129 4
      vertex 213.46884255217623 9.07116490109271 4
      vertex 213.5908385608775 9.412120904403913 4
    endloop
  endfacet
  facet normal 0 0 1
    outer loop
      vertex 207.41907911747694 15.085811838507652 4
      vertex 213.5908385608775 9.412120904403913 4
      vertex 213.74566665787475 9.7394774114619 4
    endloop
  endfacet
  facet normal 0 0 1
    outer loop
      vertex 207.41907911747694 15.085811838507652 4
      vertex 213.74566665787475 9.7394774114619 4
      vertex 213.93183576395623 10.05008180015243 4
    endloop
  endfacet
  facet normal 0 0 1
    outer loop
      vertex 207.41907911747694 15.085811838507652 4
      vertex 213.93183576395623 10.05008180015243 4
      vertex 214.14755296886 10.340942780418782 4
    endloop
  endfacet
  facet normal 0 0 1
    outer loop
      vertex 208.72792205959558 16.272077940404415 4
      vertex 214.14755296886 10.340942780418782 4
      vertex 214.3907407979798 10.609259202020207 4
    endloop
  endfacet
  facet normal 0 0 1
    outer loop
      vertex 208.72792205959558 16.272077940404415 4
      vertex 214.3907407979798 10.609259202020207 4
      vertex 214.65905721958123 10.852447031140006 4
    endloop
  endfacet
  facet normal 0 0 1
    outer loop
      vertex 209.91418816149235 17.58092088252306 4
      vertex 214.65905721958123 10.852447031140006 4
      vertex 214.94991819984756 11.068164236043765 4
    endloop
  endfacet
  facet normal 0 0 1
    outer loop
      vertex 209.91418816149235 17.58092088252306 4
      vertex 214.94991819984756 11.068164236043765 4
      vertex 215.2605225885381 11.254333342125244 4
    endloop
  endfacet
  facet normal 0 0 1
    outer loop
      vertex 209.91418816149235 17.58092088252306 4
      vertex 215.2605225885381 11.254333342125244 4
      vertex 215.5878790955961 11.40916143912249 4
    endloop
  endfacet
  facet normal 0 0 1
    outer loop
      vertex 209.91418816149235 17.58092088252306 4
      vertex 215.5878790955961 11.40916143912249 4
      vertex 215.92883509890729 11.531157447823773 4
    endloop
  endfacet
  facet normal 0 0 1
    outer loop
      vertex 210.96645302325487 18.999735802412033 4
      vertex 215.92883509890729 11.531157447823773 4
      vertex 216.28010700577434 11.619146479975498 4
    endloop
  endfacet
  facet normal 0 0 1
    outer loop
      vertex 220.5 4.5 4
      vertex 218.4121209044039 4.59083856087751 4
      vertex 218.1582441342288 4.5 4
    endloop
  endfacet
  facet normal 0 0 1
    outer loop
      vertex 220.5 4.5 4
      vertex 218.73947741146188 4.7456666578747555 4
      vertex 218.4121209044039 4.59083856087751 4
    endloop
  endfacet
  facet normal 0 0 1
    outer loop
      vertex 220.5 4.5 4
      vertex 219.05008180015244 4.931835763956234 4
      vertex 218.73947741146188 4.7456666578747555 4
    endloop
  endfacet
  facet normal 0 0 1
    outer loop
      vertex 220.5 4.5 4
      vertex 219.34094278041877 5.147552968859994 4
      vertex 219.05008180015244 4.931835763956234 4
    endloop
  endfacet
  facet normal 0 0 1
    outer loop
      vertex 220.5 4.5 4
      vertex 219.6092592020202 5.3907407979797926 4
      vertex 219.34094278041877 5.147552968859994 4
    endloop
  endfacet
  facet normal 0 0 1
    outer loop
      vertex 220.5 4.5 4
      vertex 219.85244703114003 5.659057219581218 4
      vertex 219.6092592020202 5.3907407979797926 4
    endloop
  endfacet
  facet normal 0 0 1
    outer loop
      vertex 220.5 4.5 4
      vertex 220.06816423604377 5.949918199847571 4
      vertex 219.85244703114003 5.659057219581218 4
    endloop
  endfacet
  facet normal 0 0 1
    outer loop
      vertex 220.5 4.5 4
      vertex 220.25433334212525 6.2605225885381 4
      vertex 220.06816423604377 5.949918199847571 4
    endloop
  endfacet
  facet normal 0 0 1
    outer loop
      vertex 220.5 4.5 4
      vertex 220.4091614391225 6.587879095596086 4
      vertex 220.25433334212525 6.2605225885381 4
    endloop
  endfacet
  facet normal 0 0 1
    outer loop
      vertex 220.5 4.5 4
      vertex 220.5 6.841755865771225 4
      vertex 220.4091614391225 6.587879095596086 4
    endloop
  endfacet
  facet normal 0 0 1
    outer loop
      vertex 208.72792205959558 16.272077940404415 4
      vertex 214.65905721958123 10.852447031140006 4
      vertex 209.91418816149235 17.58092088252306 4
    endloop
  endfacet
  facet normal 0 0 1
    outer loop
      vertex 209.91418816149235 17.58092088252306 4
      vertex 215.92883509890729 11.531157447823773 4
      vertex 210.96645302325487 18.999735802412033 4
    endloop
  endfacet
  facet normal 0 0 1
    outer loop
      vertex 210.96645302325487 18.999735802412033 4
      vertex 216.63831187570926 11.67228115309835 4
      vertex 211.874582760036 20.51485873758793 4
    endloop
  endfacet
  facet normal 0 0 1
    outer loop
      vertex 211.874582760036 20.51485873758793 4
      vertex 217.36168812429074 11.672281153098345 4
      vertex 212.62983158230782 22.11169821768999 4
    endloop
  endfacet
  facet normal 0 0 1
    outer loop
      vertex 210.96645302325487 18.999735802412033 4
      vertex 216.28010700577434 11.619146479975498 4
      vertex 216.63831187570926 11.67228115309835 4
    endloop
  endfacet
  facet normal 0 0 1
    outer loop
      vertex 211.874582760036 20.51485873758793 4
      vertex 216.63831187570926 11.67228115309835 4
      vertex 217 11.690049751243775 4
    endloop
  endfacet
  facet normal 0 0 1
    outer loop
      vertex 211.874582760036 20.51485873758793 4
      vertex 217 11.690049751243775 4
      vertex 217.36168812429074 11.672281153098345 4
    endloop
  endfacet
  facet normal 0 0 1
    outer loop
      vertex 212.62983158230782 22.11169821768999 4
      vertex 217.36168812429074 11.672281153098345 4
      vertex 217.71989299422566 11.619146479975498 4
    endloop
  endfacet
  facet normal 0 0 1
    outer loop
      vertex 212.62983158230782 22.11169821768999 4
      vertex 217.71989299422566 11.619146479975498 4
      vertex 218.07116490109271 11.531157447823773 4
    endloop
  endfacet
  facet normal 0 0 1
    outer loop
      vertex 213.22492603957653 23.774875812232494 4
      vertex 218.07116490109271 11.531157447823773 4
      vertex 218.4121209044039 11.40916143912249 4
    endloop
  endfacet
  facet normal 0 0 1
    outer loop
      vertex 213.65413504838943 25.488374203443527 4
      vertex 218.4121209044039 11.40916143912249 4
      vertex 218.7394774114619 11.254333342125244 4
    endloop
  endfacet
  facet normal 0 0 1
    outer loop
      vertex 212.62983158230782 22.11169821768999 4
      vertex 218.07116490109271 11.531157447823773 4
      vertex 213.22492603957653 23.774875812232494 4
    endloop
  endfacet
  facet normal 0 0 1
    outer loop
      vertex 213.22492603957653 23.774875812232494 4
      vertex 218.4121209044039 11.40916143912249 4
      vertex 213.65413504838943 25.488374203443527 4
    endloop
  endfacet
  facet normal 0 0 1
    outer loop
      vertex 213.65413504838943 25.488374203443527 4
      vertex 218.7394774114619 11.254333342125244 4
      vertex 213.91332507878542 27.235691472887993 4
    endloop
  endfacet
  facet normal 0 0 1
    outer loop
      vertex 213.91332507878542 27.235691472887993 4
      vertex 218.7394774114619 11.254333342125244 4
      vertex 214 29 4
    endloop
  endfacet
  facet normal 0.6087614307214171 -1.167613986813681e-19 0.7933533389770371
    outer loop
      vertex 224.4142135605216 0.5857864394783974 3.4142135623730923
      vertex 224 224 3.732050807568882
      vertex 224 1 3.732050807568882
    endloop
  endfacet
  facet normal 0.38268343037934444 7.233622769207483e-21 0.9238795333338095
    outer loop
      vertex 224 1 3.732050807568882
      vertex 223.51763808727264 223.51763808727264 3.931851652578132
      vertex 223.51763808727264 1.482361912727356 3.931851652578132
    endloop
  endfacet
  facet normal 0 0 1
    outer loop
      vertex 222.5 2.5 4
      vertex 223 2 4
      vertex 223 223 4
    endloop
  endfacet
  facet normal 0.1305261929468879 0 0.9914448612781207
    outer loop
      vertex 223.51763808727264 1.482361912727356 3.931851652578132
      vertex 223.51763808727264 223.51763808727264 3.931851652578132
      vertex 223 2 4
    endloop
  endfacet
  facet normal 0 0 1
    outer loop
      vertex 220.5 215.8417558657712 4
      vertex 218.7394774114619 11.254333342125244 4
      vertex 219.05008180015244 11.068164236043765 4
    endloop
  endfacet
  facet normal 0 0 1
    outer loop
      vertex 220.5 215.8417558657712 4
      vertex 219.05008180015244 11.068164236043765 4
      vertex 219.34094278041877 10.852447031140006 4
    endloop
  endfacet
  facet normal 0 0 1
    outer loop
      vertex 220.5 215.8417558657712 4
      vertex 220.4091614391225 9.412120904403913 4
      vertex 220.5 9.158244134228775 4
    endloop
  endfacet
  facet normal 0 0 1
    outer loop
      vertex 220.5 215.8417558657712 4
      vertex 219.34094278041877 10.852447031140006 4
      vertex 219.6092592020202 10.609259202020207 4
    endloop
  endfacet
  facet normal 0 0 1
    outer loop
      vertex 220.5 215.8417558657712 4
      vertex 219.85244703114 10.340942780418782 4
      vertex 220.06816423604377 10.05008180015243 4
    endloop
  endfacet
  facet normal 0 0 1
    outer loop
      vertex 220.5 215.8417558657712 4
      vertex 219.6092592020202 10.609259202020207 4
      vertex 219.85244703114 10.340942780418782 4
    endloop
  endfacet
  facet normal 0 0 1
    outer loop
      vertex 220.5 215.8417558657712 4
      vertex 220.06816423604377 10.05008180015243 4
      vertex 220.25433334212525 9.7394774114619 4
    endloop
  endfacet
  facet normal 0 0 1
    outer loop
      vertex 220.5 215.8417558657712 4
      vertex 220.25433334212525 9.7394774114619 4
      vertex 220.4091614391225 9.412120904403913 4
    endloop
  endfacet
  facet normal 0 0 1
    outer loop
      vertex 214 29 4
      vertex 218.7394774114619 11.254333342125244 4
      vertex 220.5 215.8417558657712 4
    endloop
  endfacet
  facet normal 0 0 -1
    outer loop
      vertex 8.944469396133323 9.413498340914327 0
      vertex 215.58650165908568 216.05553060386669 0
      vertex 215.68588222928335 215.9215314169218 0
    endloop
  endfacet
  facet normal 0 0 -1
    outer loop
      vertex 8.650561835020653 9.570595205269187 0
      vertex 215.4294047947308 216.34943816497935 0
      vertex 215.5007338506078 216.1986255473958 0
    endloop
  endfacet
  facet normal 0 0 -1
    outer loop
      vertex 8.493483951332585 9.626798570744755 0
      vertex 215.37320142925523 216.5065160486674 0
      vertex 215.4294047947308 216.34943816497935 0
    endloop
  endfacet
  facet normal 0 0 -1
    outer loop
      vertex 8.331653547427418 9.667334976685492 0
      vertex 215.33266502331452 216.6683464525726 0
      vertex 215.37320142925523 216.5065160486674 0
    endloop
  endfacet
  facet normal 0 0 -1
    outer loop
      vertex 8.801374452604197 9.499266149392204 0
      vertex 215.5007338506078 216.1986255473958 0
      vertex 215.58650165908568 216.05553060386669 0
    endloop
  endfacet
  facet normal 0 0 -1
    outer loop
      vertex 9.413498340914327 8.944469396133323 0
      vertex 216.05553060386669 215.58650165908568 0
      vertex 216.1986255473958 215.5007338506078 0
    endloop
  endfacet
  facet normal 0 0 -1
    outer loop
      vertex 9.499266149392204 8.801374452604197 0
      vertex 216.1986255473958 215.5007338506078 0
      vertex 216.34943816497935 215.4294047947308 0
    endloop
  endfacet
  facet normal 0 0 -1
    outer loop
      vertex 9.20208152801713 9.20208152801713 0
      vertex 215.79791847198288 215.79791847198288 0
      vertex 215.9215314169218 215.68588222928335 0
    endloop
  endfacet
  facet normal 0 0 -1
    outer loop
      vertex 9.078468583078198 9.314117770716653 0
      vertex 215.68588222928335 215.9215314169218 0
      vertex 215.79791847198288 215.79791847198288 0
    endloop
  endfacet
  facet normal 0 0 -1
    outer loop
      vertex 9.314117770716653 9.078468583078198 0
      vertex 215.9215314169218 215.68588222928335 0
      vertex 216.05553060386669 215.58650165908568 0
    endloop
  endfacet
  facet normal 0 0 -1
    outer loop
      vertex 8.166629138560253 9.691814035342734 0
      vertex 215.30818596465727 216.83337086143976 0
      vertex 215.33266502331452 216.6683464525726 0
    endloop
  endfacet
  facet normal 0 0 -1
    outer loop
      vertex 8 9.7 0
      vertex 215.3 217 0
      vertex 215.30818596465727 216.83337086143976 0
    endloop
  endfacet
  facet normal 0 0 -1
    outer loop
      vertex 7.833370861439747 9.691814035342734 0
      vertex 215.30818596465727 217.16662913856024 0
      vertex 215.3 217 0
    endloop
  endfacet
  facet normal 0 0 -1
    outer loop
      vertex 2.3431457505076194 222.65685424949237 0
      vertex 215.33266502331452 217.3316535474274 0
      vertex 215.30818596465727 217.16662913856024 0
    endloop
  endfacet
  facet normal 0 0 -1
    outer loop
      vertex 2.3431457505076194 222.65685424949237 0
      vertex 215.37320142925523 217.4934839513326 0
      vertex 215.33266502331452 217.3316535474274 0
    endloop
  endfacet
  facet normal 0 0 -1
    outer loop
      vertex 2.3431457505076194 222.65685424949237 0
      vertex 215.4294047947308 217.65056183502065 0
      vertex 215.37320142925523 217.4934839513326 0
    endloop
  endfacet
  facet normal 0 0 -1
    outer loop
      vertex 2.3431457505076194 222.65685424949237 0
      vertex 215.58650165908568 217.94446939613331 0
      vertex 215.5007338506078 217.8013744526042 0
    endloop
  endfacet
  facet normal 0 0 -1
    outer loop
      vertex 2.3431457505076194 222.65685424949237 0
      vertex 215.5007338506078 217.8013744526042 0
      vertex 215.4294047947308 217.65056183502065 0
    endloop
  endfacet
  facet normal 0 0 -1
    outer loop
      vertex 2.3431457505076194 222.65685424949237 0
      vertex 215.68588222928335 218.0784685830782 0
      vertex 215.58650165908568 217.94446939613331 0
    endloop
  endfacet
  facet normal 0 0 -1
    outer loop
      vertex 2.3431457505076194 222.65685424949237 0
      vertex 215.9215314169218 218.31411777071665 0
      vertex 215.79791847198288 218.20208152801712 0
    endloop
  endfacet
  facet normal 0 0 -1
    outer loop
      vertex 2.3431457505076194 222.65685424949237 0
      vertex 215.79791847198288 218.20208152801712 0
      vertex 215.68588222928335 218.0784685830782 0
    endloop
  endfacet
  facet normal 0 0 -1
    outer loop
      vertex 2.3431457505076194 222.65685424949237 0
      vertex 216.05553060386669 218.41349834091432 0
      vertex 215.9215314169218 218.31411777071665 0
    endloop
  endfacet
  facet normal 0 0 -1
    outer loop
      vertex 2.3431457505076194 222.65685424949237 0
      vertex 216.34943816497935 218.5705952052692 0
      vertex 216.1986255473958 218.4992661493922 0
    endloop
  endfacet
  facet normal 0 0 -1
    outer loop
      vertex 2.3431457505076194 222.65685424949237 0
      vertex 216.1986255473958 218.4992661493922 0
      vertex 216.05553060386669 218.41349834091432 0
    endloop
  endfacet
  facet normal 0 0 -1
    outer loop
      vertex 2.3431457505076194 222.65685424949237 0
      vertex 216.6683464525726 218.66733497668548 0
      vertex 216.5065160486674 218.62679857074477 0
    endloop
  endfacet
  facet normal 0 0 -1
    outer loop
      vertex 2.3431457505076194 222.65685424949237 0
      vertex 216.5065160486674 218.62679857074477 0
      vertex 216.34943816497935 218.5705952052692 0
    endloop
  endfacet
  facet normal 0 0 -1
    outer loop
      vertex 2.3431457505076194 222.65685424949237 0
      vertex 217 218.7 0
      vertex 216.83337086143976 218.69181403534273 0
    endloop
  endfacet
  facet normal 0 0 -1
    outer loop
      vertex 2.3431457505076194 222.65685424949237 0
      vertex 216.83337086143976 218.69181403534273 0
      vertex 216.6683464525726 218.66733497668548 0
    endloop
  endfacet
  facet normal 0 0 -1
    outer loop
      vertex 2.3431457505076194 222.65685424949237 0
      vertex 225 225 0
      vertex 217 218.7 0
    endloop
  endfacet
  facet normal 0 1 0
    outer loop
      vertex 8 225 1.9899999999999949
      vertex 225 225 2
      vertex 225 225 0
    endloop
  endfacet
  facet normal 0 0.9914448620347796 0.13052618719949252
    outer loop
      vertex 8.0016730427742 224.93185165524483 2.5176380902050397
      vertex 224.93185165524483 224.93185165524483 2.5176380902050397
      vertex 225 225 2
    endloop
  endfacet
  facet normal 0 0.9238795298353728 0.38268343882531725
    outer loop
      vertex 8.006577730178833 224.73205080628395 3
      vertex 224.73205080628395 224.73205080628395 3
      vertex 224.93185165524483 224.93185165524483 2.5176380902050397
    endloop
  endfacet
  facet normal 0 0.7933533397671424 0.6087614296917317
    outer loop
      vertex 8.006577730178833 224.73205080628395 3
      vertex 224.4142135605216 224.4142135605216 3.4142135623730923
      vertex 224.73205080628395 224.73205080628395 3
    endloop
  endfacet
  facet normal 0 0 -1
    outer loop
      vertex 216.6683464525726 9.667334976685492 0
      vertex 216.6683464525726 215.33266502331452 0
      vertex 216.83337086143976 215.30818596465727 0
    endloop
  endfacet
  facet normal 0 0 -1
    outer loop
      vertex 216.83337086143976 9.691814035342734 0
      vertex 216.83337086143976 215.30818596465727 0
      vertex 217 215.3 0
    endloop
  endfacet
  facet normal 0 0 -1
    outer loop
      vertex 217 9.7 0
      vertex 217 215.3 0
      vertex 217.16662913856024 215.30818596465727 0
    endloop
  endfacet
  facet normal 0 0 -1
    outer loop
      vertex 216.34943816497935 9.570595205269187 0
      vertex 216.34943816497935 215.4294047947308 0
      vertex 216.5065160486674 215.37320142925523 0
    endloop
  endfacet
  facet normal 0 0 -1
    outer loop
      vertex 216.5065160486674 9.626798570744755 0
      vertex 216.5065160486674 215.37320142925523 0
      vertex 216.6683464525726 215.33266502331452 0
    endloop
  endfacet
  facet normal 0 0 -1
    outer loop
      vertex 217.16662913856024 9.691814035342734 0
      vertex 217.16662913856024 215.30818596465727 0
      vertex 217.3316535474274 215.33266502331452 0
    endloop
  endfacet
  facet normal 0 0 -1
    outer loop
      vertex 217.3316535474274 9.667334976685492 0
      vertex 217.3316535474274 215.33266502331452 0
      vertex 217.4934839513326 215.37320142925523 0
    endloop
  endfacet
  facet normal 0 0 -1
    outer loop
      vertex 217.4934839513326 9.626798570744755 0
      vertex 217.4934839513326 215.37320142925523 0
      vertex 217.65056183502065 215.4294047947308 0
    endloop
  endfacet
  facet normal 0 0 -1
    outer loop
      vertex 217.65056183502065 9.570595205269187 0
      vertex 217.65056183502065 215.4294047947308 0
      vertex 217.8013744526042 215.5007338506078 0
    endloop
  endfacet
  facet normal 0 0 -1
    outer loop
      vertex 217.8013744526042 9.499266149392204 0
      vertex 217.8013744526042 215.5007338506078 0
      vertex 217.94446939613331 215.58650165908568 0
    endloop
  endfacet
  facet normal 0 0 -1
    outer loop
      vertex 225 0 0
      vertex 218.31411777071665 215.9215314169218 0
      vertex 218.41349834091432 216.05553060386669 0
    endloop
  endfacet
  facet normal 0 0 -1
    outer loop
      vertex 225 0 0
      vertex 218.41349834091432 216.05553060386669 0
      vertex 218.4992661493922 216.1986255473958 0
    endloop
  endfacet
  facet normal 0 0 -1
    outer loop
      vertex 217.94446939613331 9.413498340914327 0
      vertex 217.94446939613331 215.58650165908568 0
      vertex 218.0784685830782 215.68588222928335 0
    endloop
  endfacet
  facet normal 0 0 -1
    outer loop
      vertex 218.0784685830782 9.314117770716653 0
      vertex 218.0784685830782 215.68588222928335 0
      vertex 218.20208152801712 215.79791847198288 0
    endloop
  endfacet
  facet normal 0 0 -1
    outer loop
      vertex 218.20208152801712 9.20208152801713 0
      vertex 218.20208152801712 215.79791847198288 0
      vertex 218.31411777071665 215.9215314169218 0
    endloop
  endfacet
  facet normal 0 0 -1
    outer loop
      vertex 225 0 0
      vertex 218.5705952052692 216.34943816497935 0
      vertex 218.62679857074477 216.5065160486674 0
    endloop
  endfacet
  facet normal 0 0 -1
    outer loop
      vertex 225 0 0
      vertex 218.4992661493922 216.1986255473958 0
      vertex 218.5705952052692 216.34943816497935 0
    endloop
  endfacet
  facet normal 0 0 -1
    outer loop
      vertex 225 0 0
      vertex 218.66733497668548 216.6683464525726 0
      vertex 218.69181403534273 216.83337086143976 0
    endloop
  endfacet
  facet normal 0 0 -1
    outer loop
      vertex 225 0 0
      vertex 218.62679857074477 216.5065160486674 0
      vertex 218.66733497668548 216.6683464525726 0
    endloop
  endfacet
  facet normal 0 0 -1
    outer loop
      vertex 225 0 0
      vertex 218.69181403534273 216.83337086143976 0
      vertex 218.7 217 0
    endloop
  endfacet
  facet normal 0 0 -1
    outer loop
      vertex 225 0 0
      vertex 218.7 217 0
      vertex 225 225 0
    endloop
  endfacet
  facet normal 1 0 0
    outer loop
      vertex 225 0 1.9899999999999949
      vertex 225 225 0
      vertex 225 225 2
    endloop
  endfacet
  facet normal 0.9914448620347794 0 0.13052618719949252
    outer loop
      vertex 224.93185165524483 0.06814834475517273 2.5176380902050397
      vertex 225 225 2
      vertex 224.93185165524483 224.93185165524483 2.5176380902050397
    endloop
  endfacet
  facet normal 0.9238795298353728 0 0.3826834388253173
    outer loop
      vertex 224.93185165524483 0.06814834475517273 2.5176380902050397
      vertex 224.93185165524483 224.93185165524483 2.5176380902050397
      vertex 224.73205080628395 224.73205080628395 3
    endloop
  endfacet
  facet normal 0.7933533397671424 0 0.6087614296917317
    outer loop
      vertex 224.73205080628395 0.2679491937160492 3
      vertex 224.73205080628395 224.73205080628395 3
      vertex 224.4142135605216 224.4142135605216 3.4142135623730923
    endloop
  endfacet
  facet normal 0 0 -1
    outer loop
      vertex 225 225 0
      vertex 217.16662913856024 218.69181403534273 0
      vertex 217 218.7 0
    endloop
  endfacet
  facet normal 0 0 -1
    outer loop
      vertex 225 225 0
      vertex 218.7 217 0
      vertex 218.69181403534273 217.16662913856024 0
    endloop
  endfacet
  facet normal 0 0 -1
    outer loop
      vertex 225 225 0
      vertex 218.0784685830782 218.31411777071665 0
      vertex 217.94446939613331 218.41349834091432 0
    endloop
  endfacet
  facet normal 0 0 -1
    outer loop
      vertex 225 225 0
      vertex 218.41349834091432 217.94446939613331 0
      vertex 218.31411777071665 218.0784685830782 0
    endloop
  endfacet
  facet normal 0 0 -1
    outer loop
      vertex 225 225 0
      vertex 218.20208152801712 218.20208152801712 0
      vertex 218.0784685830782 218.31411777071665 0
    endloop
  endfacet
  facet normal 0 0 -1
    outer loop
      vertex 225 225 0
      vertex 218.31411777071665 218.0784685830782 0
      vertex 218.20208152801712 218.20208152801712 0
    endloop
  endfacet
  facet normal 0 0 -1
    outer loop
      vertex 225 225 0
      vertex 217.4934839513326 218.62679857074477 0
      vertex 217.3316535474274 218.66733497668548 0
    endloop
  endfacet
  facet normal 0 0 -1
    outer loop
      vertex 225 225 0
      vertex 217.3316535474274 218.66733497668548 0
      vertex 217.16662913856024 218.69181403534273 0
    endloop
  endfacet
  facet normal 0 0 -1
    outer loop
      vertex 225 225 0
      vertex 217.8013744526042 218.4992661493922 0
      vertex 217.65056183502065 218.5705952052692 0
    endloop
  endfacet
  facet normal 0 0 -1
    outer loop
      vertex 225 225 0
      vertex 217.65056183502065 218.5705952052692 0
      vertex 217.4934839513326 218.62679857074477 0
    endloop
  endfacet
  facet normal 0 0 -1
    outer loop
      vertex 225 225 0
      vertex 217.94446939613331 218.41349834091432 0
      vertex 217.8013744526042 218.4992661493922 0
    endloop
  endfacet
  facet normal 0 0 -1
    outer loop
      vertex 225 225 0
      vertex 218.66733497668548 217.3316535474274 0
      vertex 218.62679857074477 217.4934839513326 0
    endloop
  endfacet
  facet normal 0 0 -1
    outer loop
      vertex 225 225 0
      vertex 218.69181403534273 217.16662913856024 0
      vertex 218.66733497668548 217.3316535474274 0
    endloop
  endfacet
  facet normal 0 0 -1
    outer loop
      vertex 225 225 0
      vertex 218.5705952052692 217.65056183502065 0
      vertex 218.4992661493922 217.8013744526042 0
    endloop
  endfacet
  facet normal 0 0 -1
    outer loop
      vertex 225 225 0
      vertex 218.62679857074477 217.4934839513326 0
      vertex 218.5705952052692 217.65056183502065 0
    endloop
  endfacet
  facet normal 0 0 -1
    outer loop
      vertex 225 225 0
      vertex 218.4992661493922 217.8013744526042 0
      vertex 218.41349834091432 217.94446939613331 0
    endloop
  endfacet
  facet normal 0 0 1
    outer loop
      vertex 14 29 4
      vertex 197.47025710344315 210.9277708977461 4
      vertex 196 211 4
    endloop
  endfacet
  facet normal 0 0 1
    outer loop
      vertex 14 29 4
      vertex 198.92635483294725 210.7117792069912 4
      vertex 197.47025710344315 210.9277708977461 4
    endloop
  endfacet
  facet normal 0 0 1
    outer loop
      vertex 14 29 4
      vertex 200.3542701601982 210.35410503298044 4
      vertex 198.92635483294725 210.7117792069912 4
    endloop
  endfacet
  facet normal 0 0 1
    outer loop
      vertex 14 29 4
      vertex 201.74025148898363 209.85819298774004 4
      vertex 200.3542701601982 210.35410503298044 4
    endloop
  endfacet
  facet normal 0 0 1
    outer loop
      vertex 14 29 4
      vertex 203.07095105201006 209.22881896793842 4
      vertex 201.74025148898363 209.85819298774004 4
    endloop
  endfacet
  facet normal 0 0 1
    outer loop
      vertex 14 29 4
      vertex 204.33355349302292 208.47204418480396 4
      vertex 203.07095105201006 209.22881896793842 4
    endloop
  endfacet
  facet normal 0 0 1
    outer loop
      vertex 18.39339828491211 18.39339828491211 4
      vertex 211 196 4
      vertex 210.9277708977461 197.47025710344315 4
    endloop
  endfacet
  facet normal 0 0 1
    outer loop
      vertex 18.39339828491211 18.39339828491211 4
      vertex 210.9277708977461 197.47025710344315 4
      vertex 210.7117792069912 198.92635483294725 4
    endloop
  endfacet
  facet normal 0 0 1
    outer loop
      vertex 18.39339828491211 18.39339828491211 4
      vertex 210.7117792069912 198.92635483294725 4
      vertex 210.35410503298044 200.3542701601982 4
    endloop
  endfacet
  facet normal 0 0 1
    outer loop
      vertex 18.39339828491211 18.39339828491211 4
      vertex 210.35410503298044 200.3542701601982 4
      vertex 209.85819298774004 201.74025148898363 4
    endloop
  endfacet
  facet normal 0 0 1
    outer loop
      vertex 18.39339828491211 18.39339828491211 4
      vertex 209.85819298774004 201.74025148898363 4
      vertex 209.22881896793842 203.07095105201006 4
    endloop
  endfacet
  facet normal 0 0 1
    outer loop
      vertex 18.39339828491211 18.39339828491211 4
      vertex 209.22881896793842 203.07095105201006 4
      vertex 208.47204418480396 204.33355349302292 4
    endloop
  endfacet
  facet normal 0 0 1
    outer loop
      vertex 18.39339828491211 18.39339828491211 4
      vertex 208.47204418480396 204.33355349302292 4
      vertex 207.59515680372715 205.51589926332235 4
    endloop
  endfacet
  facet normal 0 0 1
    outer loop
      vertex 18.39339828491211 18.39339828491211 4
      vertex 207.59515680372715 205.51589926332235 4
      vertex 206.6066017150879 206.6066017150879 4
    endloop
  endfacet
  facet normal 0 0 1
    outer loop
      vertex 14 29 4
      vertex 205.51589926332235 207.59515680372715 4
      vertex 204.33355349302292 208.47204418480396 4
    endloop
  endfacet
  facet normal 0 0 1
    outer loop
      vertex 14 29 4
      vertex 206.6066017150879 206.6066017150879 4
      vertex 205.51589926332235 207.59515680372715 4
    endloop
  endfacet
  facet normal 0 0 1
    outer loop
      vertex 104.5 220.5 4
      vertex 120.5 220.5 4
      vertex 120.5 222.5 4
    endloop
  endfacet
  facet normal 0 0 1
    outer loop
      vertex 8.049097277224064 223 4
      vertex 120.5 222.5 4
      vertex 222.5 222.5 4
    endloop
  endfacet
  facet normal 0 0 1
    outer loop
      vertex 104.5 220.5 4
      vertex 196 214 4
      vertex 120.5 220.5 4
    endloop
  endfacet
  facet normal 0 0.608761430721417 0.7933533389770371
    outer loop
      vertex 8.01438020914793 224.4142135605216 3.4142135623730923
      vertex 224 224 3.732050807568882
      vertex 224.4142135605216 224.4142135605216 3.4142135623730923
    endloop
  endfacet
  facet normal 0 0.3826834303793445 0.9238795333338093
    outer loop
      vertex 8.036389954388142 223.51763808727264 3.931851652578132
      vertex 223.51763808727264 223.51763808727264 3.931851652578132
      vertex 224 224 3.732050807568882
    endloop
  endfacet
  facet normal 0 0 1
    outer loop
      vertex 8.049097277224064 223 4
      vertex 222.5 222.5 4
      vertex 223 223 4
    endloop
  endfacet
  facet normal 0 0.1305261929468879 0.9914448612781205
    outer loop
      vertex 8.036389954388142 223.51763808727264 3.931851652578132
      vertex 223 223 4
      vertex 223.51763808727264 223.51763808727264 3.931851652578132
    endloop
  endfacet
  facet normal 0.608761430721417 0 0.793353338977037
    outer loop
      vertex 224.4142135605216 0.5857864394783974 3.4142135623730923
      vertex 224.4142135605216 224.4142135605216 3.4142135623730923
      vertex 224 224 3.732050807568882
    endloop
  endfacet
  facet normal 0.3826834303793445 0 0.9238795333338095
    outer loop
      vertex 224 1 3.732050807568882
      vertex 224 224 3.732050807568882
      vertex 223.51763808727264 223.51763808727264 3.931851652578132
    endloop
  endfacet
  facet normal 0 0 1
    outer loop
      vertex 214 29 4
      vertex 220.25433334212525 215.26052258853812 4
      vertex 214 196 4
    endloop
  endfacet
  facet normal 0 0 1
    outer loop
      vertex 214 29 4
      vertex 220.4091614391225 215.5878790955961 4
      vertex 220.25433334212525 215.26052258853812 4
    endloop
  endfacet
  facet normal 0 0 1
    outer loop
      vertex 214 29 4
      vertex 220.5 215.8417558657712 4
      vertex 220.4091614391225 215.5878790955961 4
    endloop
  endfacet
  facet normal 0 0 1
    outer loop
      vertex 222.5 2.5 4
      vertex 223 223 4
      vertex 222.5 222.5 4
    endloop
  endfacet
  facet normal 0.1305261929468879 0 0.9914448612781207
    outer loop
      vertex 223 2 4
      vertex 223.51763808727264 223.51763808727264 3.931851652578132
      vertex 223 223 4
    endloop
  endfacet
  facet normal 0 0 1
    outer loop
      vertex 120.5 220.5 4
      vertex 196 214 4
      vertex 197.764308527112 213.91332507878542 4
    endloop
  endfacet
  facet normal 0 0 1
    outer loop
      vertex 120.5 220.5 4
      vertex 197.764308527112 213.91332507878542 4
      vertex 215.5878790955961 220.4091614391225 4
    endloop
  endfacet
  facet normal 0 0 1
    outer loop
      vertex 120.5 220.5 4
      vertex 215.5878790955961 220.4091614391225 4
      vertex 215.84175586577123 220.5 4
    endloop
  endfacet
  facet normal 0 0 1
    outer loop
      vertex 197.764308527112 213.91332507878542 4
      vertex 199.51162579655647 213.65413504838943 4
      vertex 213.74566665787475 218.7394774114619 4
    endloop
  endfacet
  facet normal 0 0 1
    outer loop
      vertex 202.88830178231 212.62983158230782 4
      vertex 204.48514126241207 211.874582760036 4
      vertex 213.32771884690166 217.36168812429074 4
    endloop
  endfacet
  facet normal 0 0 1
    outer loop
      vertex 199.51162579655647 213.65413504838943 4
      vertex 201.2251241877675 213.22492603957653 4
      vertex 213.5908385608775 218.4121209044039 4
    endloop
  endfacet
  facet normal 0 0 1
    outer loop
      vertex 201.2251241877675 213.22492603957653 4
      vertex 202.88830178231 212.62983158230782 4
      vertex 213.46884255217623 218.07116490109271 4
    endloop
  endfacet
  facet normal 0 0 1
    outer loop
      vertex 207.41907911747694 209.91418816149235 4
      vertex 213.46884255217623 215.92883509890729 4
      vertex 206.00026419758797 210.96645302325487 4
    endloop
  endfacet
  facet normal 0 0 1
    outer loop
      vertex 204.48514126241207 211.874582760036 4
      vertex 206.00026419758797 210.96645302325487 4
      vertex 213.3277188469017 216.63831187570926 4
    endloop
  endfacet
  facet normal 0 0 1
    outer loop
      vertex 207.41907911747694 209.91418816149235 4
      vertex 208.72792205959558 208.72792205959558 4
      vertex 213.93183576395623 214.94991819984756 4
    endloop
  endfacet
  facet normal 0 0 1
    outer loop
      vertex 199.51162579655647 213.65413504838943 4
      vertex 213.5908385608775 218.4121209044039 4
      vertex 213.74566665787475 218.7394774114619 4
    endloop
  endfacet
  facet normal 0 0 1
    outer loop
      vertex 197.764308527112 213.91332507878542 4
      vertex 213.74566665787475 218.7394774114619 4
      vertex 213.93183576395623 219.05008180015244 4
    endloop
  endfacet
  facet normal 0 0 1
    outer loop
      vertex 197.764308527112 213.91332507878542 4
      vertex 213.93183576395623 219.05008180015244 4
      vertex 214.14755296886 219.34094278041877 4
    endloop
  endfacet
  facet normal 0 0 1
    outer loop
      vertex 197.764308527112 213.91332507878542 4
      vertex 214.14755296886 219.34094278041877 4
      vertex 214.3907407979798 219.6092592020202 4
    endloop
  endfacet
  facet normal 0 0 1
    outer loop
      vertex 197.764308527112 213.91332507878542 4
      vertex 214.3907407979798 219.6092592020202 4
      vertex 214.65905721958123 219.85244703114 4
    endloop
  endfacet
  facet normal 0 0 1
    outer loop
      vertex 197.764308527112 213.91332507878542 4
      vertex 214.65905721958123 219.85244703114 4
      vertex 214.94991819984756 220.06816423604377 4
    endloop
  endfacet
  facet normal 0 0 1
    outer loop
      vertex 202.88830178231 212.62983158230782 4
      vertex 213.32771884690166 217.36168812429074 4
      vertex 213.3808535200245 217.71989299422566 4
    endloop
  endfacet
  facet normal 0 0 1
    outer loop
      vertex 202.88830178231 212.62983158230782 4
      vertex 213.3808535200245 217.71989299422566 4
      vertex 213.46884255217623 218.07116490109271 4
    endloop
  endfacet
  facet normal 0 0 1
    outer loop
      vertex 204.48514126241207 211.874582760036 4
      vertex 213.3277188469017 216.63831187570926 4
      vertex 213.30995024875622 217 4
    endloop
  endfacet
  facet normal 0 0 1
    outer loop
      vertex 206.00026419758797 210.96645302325487 4
      vertex 213.3808535200245 216.28010700577434 4
      vertex 213.3277188469017 216.63831187570926 4
    endloop
  endfacet
  facet normal 0 0 1
    outer loop
      vertex 204.48514126241207 211.874582760036 4
      vertex 213.30995024875622 217 4
      vertex 213.32771884690166 217.36168812429074 4
    endloop
  endfacet
  facet normal 0 0 1
    outer loop
      vertex 201.2251241877675 213.22492603957653 4
      vertex 213.46884255217623 218.07116490109271 4
      vertex 213.5908385608775 218.4121209044039 4
    endloop
  endfacet
  facet normal 0 0 1
    outer loop
      vertex 197.764308527112 213.91332507878542 4
      vertex 214.94991819984756 220.06816423604377 4
      vertex 215.26052258853812 220.25433334212525 4
    endloop
  endfacet
  facet normal 0 0 1
    outer loop
      vertex 197.764308527112 213.91332507878542 4
      vertex 215.26052258853812 220.25433334212525 4
      vertex 215.5878790955961 220.4091614391225 4
    endloop
  endfacet
  facet normal 0 0 1
    outer loop
      vertex 213.91332507878542 197.764308527112 4
      vertex 218.4121209044039 213.5908385608775 4
      vertex 213.65413504838943 199.51162579655647 4
    endloop
  endfacet
  facet normal 0 0 1
    outer loop
      vertex 214 196 4
      vertex 218.4121209044039 213.5908385608775 4
      vertex 213.91332507878542 197.764308527112 4
    endloop
  endfacet
  facet normal 0 0 1
    outer loop
      vertex 212.62983158230782 202.88830178231 4
      vertex 217 213.30995024875622 4
      vertex 211.874582760036 204.48514126241207 4
    endloop
  endfacet
  facet normal 0 0 1
    outer loop
      vertex 209.91418816149235 207.41907911747694 4
      vertex 210.96645302325487 206.00026419758797 4
      vertex 215.5878790955961 213.5908385608775 4
    endloop
  endfacet
  facet normal 0 0 1
    outer loop
      vertex 209.91418816149235 207.41907911747694 4
      vertex 214.65905721958123 214.14755296886 4
      vertex 208.72792205959558 208.72792205959558 4
    endloop
  endfacet
  facet normal 0 0 1
    outer loop
      vertex 211.874582760036 204.48514126241207 4
      vertex 216.28010700577434 213.3808535200245 4
      vertex 210.96645302325487 206.00026419758797 4
    endloop
  endfacet
  facet normal 0 0 1
    outer loop
      vertex 213.65413504838943 199.51162579655647 4
      vertex 218.07116490109271 213.46884255217623 4
      vertex 213.22492603957653 201.2251241877675 4
    endloop
  endfacet
  facet normal 0 0 1
    outer loop
      vertex 212.62983158230782 202.88830178231 4
      vertex 213.22492603957653 201.2251241877675 4
      vertex 217.71989299422566 213.3808535200245 4
    endloop
  endfacet
  facet normal 0 0 1
    outer loop
      vertex 211.874582760036 204.48514126241207 4
      vertex 216.63831187570926 213.3277188469017 4
      vertex 216.28010700577434 213.3808535200245 4
    endloop
  endfacet
  facet normal 0 0 1
    outer loop
      vertex 211.874582760036 204.48514126241207 4
      vertex 217 213.30995024875622 4
      vertex 216.63831187570926 213.3277188469017 4
    endloop
  endfacet
  facet normal 0 0 1
    outer loop
      vertex 212.62983158230782 202.88830178231 4
      vertex 217.36168812429074 213.32771884690166 4
      vertex 217 213.30995024875622 4
    endloop
  endfacet
  facet normal 0 0 1
    outer loop
      vertex 212.62983158230782 202.88830178231 4
      vertex 217.71989299422566 213.3808535200245 4
      vertex 217.36168812429074 213.32771884690166 4
    endloop
  endfacet
  facet normal 0 0 1
    outer loop
      vertex 214 196 4
      vertex 218.7394774114619 213.74566665787475 4
      vertex 218.4121209044039 213.5908385608775 4
    endloop
  endfacet
  facet normal 0 0 1
    outer loop
      vertex 213.65413504838943 199.51162579655647 4
      vertex 218.4121209044039 213.5908385608775 4
      vertex 218.07116490109271 213.46884255217623 4
    endloop
  endfacet
  facet normal 0 0 1
    outer loop
      vertex 214 196 4
      vertex 219.05008180015244 213.93183576395623 4
      vertex 218.7394774114619 213.74566665787475 4
    endloop
  endfacet
  facet normal 0 0 1
    outer loop
      vertex 214 196 4
      vertex 219.34094278041877 214.14755296885997 4
      vertex 219.05008180015244 213.93183576395623 4
    endloop
  endfacet
  facet normal 0 0 1
    outer loop
      vertex 214 196 4
      vertex 219.6092592020202 214.3907407979798 4
      vertex 219.34094278041877 214.14755296885997 4
    endloop
  endfacet
  facet normal 0 0 1
    outer loop
      vertex 214 196 4
      vertex 219.85244703114 214.65905721958123 4
      vertex 219.6092592020202 214.3907407979798 4
    endloop
  endfacet
  facet normal 0 0 1
    outer loop
      vertex 213.22492603957653 201.2251241877675 4
      vertex 218.07116490109271 213.46884255217623 4
      vertex 217.71989299422566 213.3808535200245 4
    endloop
  endfacet
  facet normal 0 0 1
    outer loop
      vertex 214 196 4
      vertex 220.25433334212525 215.26052258853812 4
      vertex 220.06816423604377 214.94991819984756 4
    endloop
  endfacet
  facet normal 0 0 1
    outer loop
      vertex 214 196 4
      vertex 220.06816423604377 214.94991819984756 4
      vertex 219.85244703114 214.65905721958123 4
    endloop
  endfacet
  facet normal 0 0 1
    outer loop
      vertex 208.72792205959558 208.72792205959558 4
      vertex 214.3907407979798 214.3907407979798 4
      vertex 214.14755296886 214.65905721958123 4
    endloop
  endfacet
  facet normal 0 0 1
    outer loop
      vertex 208.72792205959558 208.72792205959558 4
      vertex 214.65905721958123 214.14755296886 4
      vertex 214.3907407979798 214.3907407979798 4
    endloop
  endfacet
  facet normal 0 0 1
    outer loop
      vertex 207.41907911747694 209.91418816149235 4
      vertex 213.93183576395623 214.94991819984756 4
      vertex 213.74566665787475 215.26052258853812 4
    endloop
  endfacet
  facet normal 0 0 1
    outer loop
      vertex 206.00026419758797 210.96645302325487 4
      vertex 213.46884255217623 215.92883509890729 4
      vertex 213.3808535200245 216.28010700577434 4
    endloop
  endfacet
  facet normal 0 0 1
    outer loop
      vertex 207.41907911747694 209.91418816149235 4
      vertex 213.74566665787475 215.26052258853812 4
      vertex 213.5908385608775 215.5878790955961 4
    endloop
  endfacet
  facet normal 0 0 1
    outer loop
      vertex 207.41907911747694 209.91418816149235 4
      vertex 213.5908385608775 215.5878790955961 4
      vertex 213.46884255217623 215.92883509890729 4
    endloop
  endfacet
  facet normal 0 0 1
    outer loop
      vertex 208.72792205959558 208.72792205959558 4
      vertex 214.14755296886 214.65905721958123 4
      vertex 213.93183576395623 214.94991819984756 4
    endloop
  endfacet
  facet normal 0 0 1
    outer loop
      vertex 209.91418816149235 207.41907911747694 4
      vertex 215.26052258853812 213.74566665787475 4
      vertex 214.94991819984756 213.93183576395623 4
    endloop
  endfacet
  facet normal 0 0 1
    outer loop
      vertex 209.91418816149235 207.41907911747694 4
      vertex 214.94991819984756 213.93183576395623 4
      vertex 214.65905721958123 214.14755296886 4
    endloop
  endfacet
  facet normal 0 0 1
    outer loop
      vertex 209.91418816149235 207.41907911747694 4
      vertex 215.5878790955961 213.5908385608775 4
      vertex 215.26052258853812 213.74566665787475 4
    endloop
  endfacet
  facet normal 0 0 1
    outer loop
      vertex 210.96645302325487 206.00026419758797 4
      vertex 215.92883509890729 213.46884255217623 4
      vertex 215.5878790955961 213.5908385608775 4
    endloop
  endfacet
  facet normal 0 0 1
    outer loop
      vertex 210.96645302325487 206.00026419758797 4
      vertex 216.28010700577434 213.3808535200245 4
      vertex 215.92883509890729 213.46884255217623 4
    endloop
  endfacet
  facet normal 0 0 1
    outer loop
      vertex 220.5 220.5 4
      vertex 218.15824413422877 220.5 4
      vertex 218.4121209044039 220.4091614391225 4
    endloop
  endfacet
  facet normal 0 0 1
    outer loop
      vertex 220.5 220.5 4
      vertex 218.4121209044039 220.4091614391225 4
      vertex 218.7394774114619 220.25433334212525 4
    endloop
  endfacet
  facet normal 0 0 1
    outer loop
      vertex 220.5 220.5 4
      vertex 219.05008180015244 220.06816423604377 4
      vertex 219.34094278041877 219.85244703114 4
    endloop
  endfacet
  facet normal 0 0 1
    outer loop
      vertex 220.5 220.5 4
      vertex 218.7394774114619 220.25433334212525 4
      vertex 219.05008180015244 220.06816423604377 4
    endloop
  endfacet
  facet normal 0 0 1
    outer loop
      vertex 220.5 220.5 4
      vertex 219.85244703114 219.34094278041877 4
      vertex 220.06816423604377 219.05008180015244 4
    endloop
  endfacet
  facet normal 0 0 1
    outer loop
      vertex 220.5 220.5 4
      vertex 220.4091614391225 218.4121209044039 4
      vertex 220.5 218.1582441342288 4
    endloop
  endfacet
  facet normal 0 0 1
    outer loop
      vertex 220.5 220.5 4
      vertex 220.25433334212525 218.73947741146188 4
      vertex 220.4091614391225 218.4121209044039 4
    endloop
  endfacet
  facet normal 0 0 1
    outer loop
      vertex 220.5 220.5 4
      vertex 220.06816423604377 219.05008180015244 4
      vertex 220.25433334212525 218.73947741146188 4
    endloop
  endfacet
  facet normal 0 0 1
    outer loop
      vertex 220.5 220.5 4
      vertex 219.34094278041877 219.85244703114 4
      vertex 219.6092592020202 219.6092592020202 4
    endloop
  endfacet
  facet normal 0 0 1
    outer loop
      vertex 220.5 220.5 4
      vertex 219.6092592020202 219.6092592020202 4
      vertex 219.85244703114 219.34094278041877 4
    endloop
  endfacet
  facet normal -0.8577286105633851 -0.5141027432537245 0
    outer loop
      vertex 14.033546976745129 18.999735802412033 4
      vertex 13.125417239964008 20.51485873758793 7
      vertex 13.125417239964008 20.51485873758793 4
    endloop
  endfacet
  facet normal -0.9415440654740516 -0.33688985257884385 0
    outer loop
      vertex 11.77507396042347 23.774875812232494 4
      vertex 12.370168417692184 22.11169821768999 4
      vertex 11.77507396042347 23.774875812232494 7
    endloop
  endfacet
  facet normal -0.9039892941231769 -0.42755509131652325 1.0475168197933567e-17
    outer loop
      vertex 13.125417239964008 20.51485873758793 4
      vertex 12.370168417692184 22.11169821768999 7
      vertex 12.370168417692184 22.11169821768999 4
    endloop
  endfacet
  facet normal -0.9700312524599017 -0.24298018283612022 0
    outer loop
      vertex 11.77507396042347 23.774875812232494 4
      vertex 11.345864951610565 25.488374203443527 7
      vertex 11.345864951610565 25.488374203443527 4
    endloop
  endfacet
  facet normal -0.9891765101545754 -0.14673047317587162 0
    outer loop
      vertex 11.345864951610565 25.488374203443527 4
      vertex 11.08667492121458 27.235691472887993 7
      vertex 11.08667492121458 27.235691472887993 4
    endloop
  endfacet
  facet normal -0.5141027432537245 -0.8577286105633851 0
    outer loop
      vertex 18.999735802412033 14.033546976745129 4
      vertex 20.51485873758793 13.125417239964008 4
      vertex 18.999735802412033 14.033546976745129 7
    endloop
  endfacet
  facet normal -0.42755509131652325 -0.9039892941231769 0
    outer loop
      vertex 20.51485873758793 13.125417239964008 4
      vertex 22.11169821768999 12.370168417692184 4
      vertex 20.51485873758793 13.125417239964008 7
    endloop
  endfacet
  facet normal -0.33688985257884385 -0.9415440654740516 0
    outer loop
      vertex 22.11169821768999 12.370168417692184 4
      vertex 23.774875812232494 11.77507396042347 4
      vertex 22.11169821768999 12.370168417692184 7
    endloop
  endfacet
  facet normal -0.24298018283612022 -0.9700312524599017 0
    outer loop
      vertex 23.774875812232494 11.77507396042347 4
      vertex 25.488374203443527 11.345864951610565 4
      vertex 23.774875812232494 11.77507396042347 7
    endloop
  endfacet
  facet normal -0.14673047317587162 -0.9891765101545754 0
    outer loop
      vertex 25.488374203443527 11.345864951610565 4
      vertex 27.235691472887993 11.08667492121458 4
      vertex 25.488374203443527 11.345864951610565 7
    endloop
  endfacet
  facet normal -0.049067675036831966 -0.9987954561703211 0
    outer loop
      vertex 27.235691472887993 11.08667492121458 4
      vertex 29 11 4
      vertex 27.235691472887993 11.08667492121458 7
    endloop
  endfacet
  facet normal 0.049067675961057426 0.9987954561249168 0
    outer loop
      vertex 27.529742896556854 14.072229102253914 4
      vertex 27.529742896556854 14.072229102253914 7
      vertex 29 14 4
    endloop
  endfacet
  facet normal -0.7409511234910436 -0.6715589569035322 2.0950336386173393e-17
    outer loop
      vertex 16.272077940404415 16.272077940404415 4
      vertex 15.085811838507652 17.58092088252306 7
      vertex 15.085811838507652 17.58092088252306 4
    endloop
  endfacet
  facet normal -0.6715589569035322 -0.7409511234910436 0
    outer loop
      vertex 16.272077940404415 16.272077940404415 4
      vertex 17.58092088252306 15.085811838507652 4
      vertex 16.272077940404415 16.272077940404415 7
    endloop
  endfacet
  facet normal -0.8032075311101111 -0.5956993049920405 0
    outer loop
      vertex 14.033546976745129 18.999735802412033 4
      vertex 15.085811838507652 17.58092088252306 4
      vertex 14.033546976745129 18.999735802412033 7
    endloop
  endfacet
  facet normal 0.803207533219027 0.5956993021484964 0
    outer loop
      vertex 16.527955815196037 20.66644650697708 4
      vertex 16.527955815196037 20.66644650697708 7
      vertex 17.40484319627285 19.484100736677647 4
    endloop
  endfacet
  facet normal -0.5956993049920405 -0.8032075311101111 -1.0475168185438326e-17
    outer loop
      vertex 18.999735802412033 14.033546976745129 4
      vertex 17.58092088252306 15.085811838507652 7
      vertex 17.58092088252306 15.085811838507652 4
    endloop
  endfacet
  facet normal 0.5956993021484964 0.803207533219027 0
    outer loop
      vertex 19.484100736677647 17.40484319627285 4
      vertex 19.484100736677647 17.40484319627285 7
      vertex 20.66644650697708 16.527955815196037 4
    endloop
  endfacet
  facet normal 0.5141027459828816 0.8577286089275913 0
    outer loop
      vertex 20.66644650697708 16.527955815196037 4
      vertex 20.66644650697708 16.527955815196037 7
      vertex 21.92904894798994 15.771181032061577 4
    endloop
  endfacet
  facet normal 0.7409511222317788 0.671558958292917 0
    outer loop
      vertex 17.40484319627285 19.484100736677647 4
      vertex 17.40484319627285 19.484100736677647 7
      vertex 18.39339828491211 18.39339828491211 4
    endloop
  endfacet
  facet normal 0.671558958292917 0.7409511222317788 -2.514040362068133e-17
    outer loop
      vertex 19.484100736677647 17.40484319627285 4
      vertex 18.39339828491211 18.39339828491211 4
      vertex 18.39339828491211 18.39339828491211 7
    endloop
  endfacet
  facet normal 0.9039892933345085 0.42755509298402233 0
    outer loop
      vertex 15.771181032061577 21.92904894798994 4
      vertex 15.14180701225996 23.25974851101637 4
      vertex 15.14180701225996 23.25974851101637 7
    endloop
  endfacet
  facet normal 0.9415440660092079 0.3368898510831819 0
    outer loop
      vertex 15.14180701225996 23.25974851101637 4
      vertex 14.645894967019558 24.64572983980179 4
      vertex 14.645894967019558 24.64572983980179 7
    endloop
  endfacet
  facet normal 0.8577286089275913 0.5141027459828816 0
    outer loop
      vertex 16.527955815196037 20.66644650697708 4
      vertex 15.771181032061577 21.92904894798994 4
      vertex 15.771181032061577 21.92904894798994 7
    endloop
  endfacet
  facet normal 0.9700312525097057 0.24298018263729168 -1.2570201824870754e-17
    outer loop
      vertex 14.645894967019558 24.64572983980179 4
      vertex 14.288220793008804 26.073645167052746 4
      vertex 14.288220793008804 26.073645167052746 7
    endloop
  endfacet
  facet normal 0.9891765103496613 0.14673047186070962 0
    outer loop
      vertex 14.288220793008804 26.073645167052746 4
      vertex 14.072229102253914 27.529742896556854 4
      vertex 14.072229102253914 27.529742896556854 7
    endloop
  endfacet
  facet normal 0.42755509298402233 0.9039892933345085 0
    outer loop
      vertex 21.92904894798994 15.771181032061577 4
      vertex 21.92904894798994 15.771181032061577 7
      vertex 23.25974851101637 15.14180701225996 4
    endloop
  endfacet
  facet normal 0.3368898510831819 0.9415440660092079 0
    outer loop
      vertex 23.25974851101637 15.14180701225996 4
      vertex 23.25974851101637 15.14180701225996 7
      vertex 24.64572983980179 14.645894967019558 4
    endloop
  endfacet
  facet normal 0.24298018263729168 0.9700312525097057 0
    outer loop
      vertex 24.64572983980179 14.645894967019558 4
      vertex 24.64572983980179 14.645894967019558 7
      vertex 26.073645167052746 14.288220793008804 4
    endloop
  endfacet
  facet normal 0.14673047186070962 0.9891765103496613 0
    outer loop
      vertex 26.073645167052746 14.288220793008804 4
      vertex 26.073645167052746 14.288220793008804 7
      vertex 27.529742896556854 14.072229102253914 4
    endloop
  endfacet
  facet normal -0.9987954561703211 -0.049067675036831966 0
    outer loop
      vertex 11.08667492121458 27.235691472887993 4
      vertex 11 29 7
      vertex 11 29 4
    endloop
  endfacet
  facet normal 0.9987954561249168 0.049067675961057426 0
    outer loop
      vertex 14.072229102253914 27.529742896556854 4
      vertex 14 29 4
      vertex 14 29 7
    endloop
  endfacet
  facet normal -0.9039892941231769 -0.42755509131652325 0
    outer loop
      vertex 13.125417239964008 20.51485873758793 4
      vertex 13.125417239964008 20.51485873758793 7
      vertex 12.370168417692184 22.11169821768999 7
    endloop
  endfacet
  facet normal -0.8577286105633851 -0.5141027432537245 0
    outer loop
      vertex 14.033546976745129 18.999735802412033 4
      vertex 14.033546976745129 18.999735802412033 7
      vertex 13.125417239964008 20.51485873758793 7
    endloop
  endfacet
  facet normal -0.9415440654740516 -0.33688985257884385 0
    outer loop
      vertex 12.370168417692184 22.11169821768999 4
      vertex 12.370168417692184 22.11169821768999 7
      vertex 11.77507396042347 23.774875812232494 7
    endloop
  endfacet
  facet normal -0.9700312524599017 -0.24298018283612022 0
    outer loop
      vertex 11.77507396042347 23.774875812232494 4
      vertex 11.77507396042347 23.774875812232494 7
      vertex 11.345864951610565 25.488374203443527 7
    endloop
  endfacet
  facet normal -0.9891765101545754 -0.14673047317587162 0
    outer loop
      vertex 11.345864951610565 25.488374203443527 4
      vertex 11.345864951610565 25.488374203443527 7
      vertex 11.08667492121458 27.235691472887993 7
    endloop
  endfacet
  facet normal -0.9987954561703211 -0.049067675036831966 0
    outer loop
      vertex 11.08667492121458 27.235691472887993 4
      vertex 11.08667492121458 27.235691472887993 7
      vertex 11 29 7
    endloop
  endfacet
  facet normal 0.9987954561249168 0.049067675961057426 0
    outer loop
      vertex 14.072229102253914 27.529742896556854 4
      vertex 14 29 7
      vertex 14.072229102253914 27.529742896556854 7
    endloop
  endfacet
  facet normal -0.5141027432537245 -0.8577286105633851 0
    outer loop
      vertex 20.51485873758793 13.125417239964008 4
      vertex 20.51485873758793 13.125417239964008 7
      vertex 18.999735802412033 14.033546976745129 7
    endloop
  endfacet
  facet normal -0.42755509131652325 -0.9039892941231769 0
    outer loop
      vertex 22.11169821768999 12.370168417692184 4
      vertex 22.11169821768999 12.370168417692184 7
      vertex 20.51485873758793 13.125417239964008 7
    endloop
  endfacet
  facet normal -0.33688985257884385 -0.9415440654740516 0
    outer loop
      vertex 23.774875812232494 11.77507396042347 4
      vertex 23.774875812232494 11.77507396042347 7
      vertex 22.11169821768999 12.370168417692184 7
    endloop
  endfacet
  facet normal -0.24298018283612022 -0.9700312524599017 0
    outer loop
      vertex 25.488374203443527 11.345864951610565 4
      vertex 25.488374203443527 11.345864951610565 7
      vertex 23.774875812232494 11.77507396042347 7
    endloop
  endfacet
  facet normal -0.14673047317587162 -0.9891765101545754 0
    outer loop
      vertex 27.235691472887993 11.08667492121458 4
      vertex 27.235691472887993 11.08667492121458 7
      vertex 25.488374203443527 11.345864951610565 7
    endloop
  endfacet
  facet normal -0.6715589569035322 -0.7409511234910436 0
    outer loop
      vertex 17.58092088252306 15.085811838507652 4
      vertex 17.58092088252306 15.085811838507652 7
      vertex 16.272077940404415 16.272077940404415 7
    endloop
  endfacet
  facet normal -0.7409511234910436 -0.6715589569035322 0
    outer loop
      vertex 16.272077940404415 16.272077940404415 4
      vertex 16.272077940404415 16.272077940404415 7
      vertex 15.085811838507652 17.58092088252306 7
    endloop
  endfacet
  facet normal -0.8032075311101111 -0.5956993049920405 0
    outer loop
      vertex 15.085811838507652 17.58092088252306 4
      vertex 15.085811838507652 17.58092088252306 7
      vertex 14.033546976745129 18.999735802412033 7
    endloop
  endfacet
  facet normal 0.8577286089275913 0.5141027459828816 0
    outer loop
      vertex 16.527955815196037 20.66644650697708 4
      vertex 15.771181032061577 21.92904894798994 7
      vertex 16.527955815196037 20.66644650697708 7
    endloop
  endfacet
  facet normal 0.803207533219027 0.5956993021484964 0
    outer loop
      vertex 17.40484319627285 19.484100736677647 4
      vertex 16.527955815196037 20.66644650697708 7
      vertex 17.40484319627285 19.484100736677647 7
    endloop
  endfacet
  facet normal -0.5956993049920405 -0.8032075311101111 0
    outer loop
      vertex 18.999735802412033 14.033546976745129 4
      vertex 18.999735802412033 14.033546976745129 7
      vertex 17.58092088252306 15.085811838507652 7
    endloop
  endfacet
  facet normal 0.5956993021484964 0.803207533219027 0
    outer loop
      vertex 20.66644650697708 16.527955815196037 4
      vertex 19.484100736677647 17.40484319627285 7
      vertex 20.66644650697708 16.527955815196037 7
    endloop
  endfacet
  facet normal 0.7409511222317788 0.671558958292917 0
    outer loop
      vertex 18.39339828491211 18.39339828491211 4
      vertex 17.40484319627285 19.484100736677647 7
      vertex 18.39339828491211 18.39339828491211 7
    endloop
  endfacet
  facet normal 0.671558958292917 0.7409511222317788 0
    outer loop
      vertex 19.484100736677647 17.40484319627285 4
      vertex 18.39339828491211 18.39339828491211 7
      vertex 19.484100736677647 17.40484319627285 7
    endloop
  endfacet
  facet normal 0.9039892933345085 0.42755509298402233 0
    outer loop
      vertex 15.771181032061577 21.92904894798994 4
      vertex 15.14180701225996 23.25974851101637 7
      vertex 15.771181032061577 21.92904894798994 7
    endloop
  endfacet
  facet normal 0.9415440660092079 0.3368898510831819 0
    outer loop
      vertex 15.14180701225996 23.25974851101637 4
      vertex 14.645894967019558 24.64572983980179 7
      vertex 15.14180701225996 23.25974851101637 7
    endloop
  endfacet
  facet normal 0.9700312525097057 0.24298018263729168 0
    outer loop
      vertex 14.645894967019558 24.64572983980179 4
      vertex 14.288220793008804 26.073645167052746 7
      vertex 14.645894967019558 24.64572983980179 7
    endloop
  endfacet
  facet normal 0.9891765103496613 0.14673047186070962 0
    outer loop
      vertex 14.288220793008804 26.073645167052746 4
      vertex 14.072229102253914 27.529742896556854 7
      vertex 14.288220793008804 26.073645167052746 7
    endloop
  endfacet
  facet normal 0.42755509298402233 0.9039892933345085 0
    outer loop
      vertex 23.25974851101637 15.14180701225996 4
      vertex 21.92904894798994 15.771181032061577 7
      vertex 23.25974851101637 15.14180701225996 7
    endloop
  endfacet
  facet normal 0.5141027459828816 0.8577286089275913 0
    outer loop
      vertex 21.92904894798994 15.771181032061577 4
      vertex 20.66644650697708 16.527955815196037 7
      vertex 21.92904894798994 15.771181032061577 7
    endloop
  endfacet
  facet normal 0.3368898510831819 0.9415440660092079 0
    outer loop
      vertex 24.64572983980179 14.645894967019558 4
      vertex 23.25974851101637 15.14180701225996 7
      vertex 24.64572983980179 14.645894967019558 7
    endloop
  endfacet
  facet normal 0.24298018263729168 0.9700312525097057 0
    outer loop
      vertex 26.073645167052746 14.288220793008804 4
      vertex 24.64572983980179 14.645894967019558 7
      vertex 26.073645167052746 14.288220793008804 7
    endloop
  endfacet
  facet normal 0.14673047186070962 0.9891765103496613 0
    outer loop
      vertex 27.529742896556854 14.072229102253914 4
      vertex 26.073645167052746 14.288220793008804 7
      vertex 27.529742896556854 14.072229102253914 7
    endloop
  endfacet
  facet normal 0 0 1
    outer loop
      vertex 13.125417239964008 20.51485873758793 7
      vertex 15.771181032061577 21.92904894798994 7
      vertex 12.370168417692184 22.11169821768999 7
    endloop
  endfacet
  facet normal 0 0 1
    outer loop
      vertex 11.77507396042347 23.774875812232494 7
      vertex 12.370168417692184 22.11169821768999 7
      vertex 15.14180701225996 23.25974851101637 7
    endloop
  endfacet
  facet normal 0 0 1
    outer loop
      vertex 11.77507396042347 23.774875812232494 7
      vertex 15.14180701225996 23.25974851101637 7
      vertex 14.645894967019558 24.64572983980179 7
    endloop
  endfacet
  facet normal 0 0 1
    outer loop
      vertex 11.345864951610565 25.488374203443527 7
      vertex 14.288220793008804 26.073645167052746 7
      vertex 11.08667492121458 27.235691472887993 7
    endloop
  endfacet
  facet normal 0 0 1
    outer loop
      vertex 11.08667492121458 27.235691472887993 7
      vertex 14.072229102253914 27.529742896556854 7
      vertex 11 29 7
    endloop
  endfacet
  facet normal 0 0 1
    outer loop
      vertex 11.77507396042347 23.774875812232494 7
      vertex 14.645894967019558 24.64572983980179 7
      vertex 11.345864951610565 25.488374203443527 7
    endloop
  endfacet
  facet normal 0 0 1
    outer loop
      vertex 11.345864951610565 25.488374203443527 7
      vertex 14.645894967019558 24.64572983980179 7
      vertex 14.288220793008804 26.073645167052746 7
    endloop
  endfacet
  facet normal 0 0 1
    outer loop
      vertex 11.08667492121458 27.235691472887993 7
      vertex 14.288220793008804 26.073645167052746 7
      vertex 14.072229102253914 27.529742896556854 7
    endloop
  endfacet
  facet normal 0 0 1
    outer loop
      vertex 20.51485873758793 13.125417239964008 7
      vertex 22.11169821768999 12.370168417692184 7
      vertex 21.92904894798994 15.771181032061577 7
    endloop
  endfacet
  facet normal 0 0 1
    outer loop
      vertex 22.11169821768999 12.370168417692184 7
      vertex 23.774875812232494 11.77507396042347 7
      vertex 23.25974851101637 15.14180701225996 7
    endloop
  endfacet
  facet normal 0 0 1
    outer loop
      vertex 23.774875812232494 11.77507396042347 7
      vertex 24.64572983980179 14.645894967019558 7
      vertex 23.25974851101637 15.14180701225996 7
    endloop
  endfacet
  facet normal 0 0 1
    outer loop
      vertex 25.488374203443527 11.345864951610565 7
      vertex 27.235691472887993 11.08667492121458 7
      vertex 26.073645167052746 14.288220793008804 7
    endloop
  endfacet
  facet normal 0 0 1
    outer loop
      vertex 23.774875812232494 11.77507396042347 7
      vertex 25.488374203443527 11.345864951610565 7
      vertex 24.64572983980179 14.645894967019558 7
    endloop
  endfacet
  facet normal 0 0 1
    outer loop
      vertex 25.488374203443527 11.345864951610565 7
      vertex 26.073645167052746 14.288220793008804 7
      vertex 24.64572983980179 14.645894967019558 7
    endloop
  endfacet
  facet normal 0 0 1
    outer loop
      vertex 27.235691472887993 11.08667492121458 7
      vertex 29 11 7
      vertex 27.529742896556854 14.072229102253914 7
    endloop
  endfacet
  facet normal 0 0 1
    outer loop
      vertex 27.235691472887993 11.08667492121458 7
      vertex 27.529742896556854 14.072229102253914 7
      vertex 26.073645167052746 14.288220793008804 7
    endloop
  endfacet
  facet normal 0 0 1
    outer loop
      vertex 16.272077940404415 16.272077940404415 7
      vertex 17.58092088252306 15.085811838507652 7
      vertex 18.39339828491211 18.39339828491211 7
    endloop
  endfacet
  facet normal 0 0 1
    outer loop
      vertex 14.033546976745129 18.999735802412033 7
      vertex 15.085811838507652 17.58092088252306 7
      vertex 17.40484319627285 19.484100736677647 7
    endloop
  endfacet
  facet normal 0 0 1
    outer loop
      vertex 14.033546976745129 18.999735802412033 7
      vertex 16.527955815196037 20.66644650697708 7
      vertex 13.125417239964008 20.51485873758793 7
    endloop
  endfacet
  facet normal 0 0 1
    outer loop
      vertex 13.125417239964008 20.51485873758793 7
      vertex 16.527955815196037 20.66644650697708 7
      vertex 15.771181032061577 21.92904894798994 7
    endloop
  endfacet
  facet normal 0 0 1
    outer loop
      vertex 16.272077940404415 16.272077940404415 7
      vertex 17.40484319627285 19.484100736677647 7
      vertex 15.085811838507652 17.58092088252306 7
    endloop
  endfacet
  facet normal 0 0 1
    outer loop
      vertex 16.272077940404415 16.272077940404415 7
      vertex 18.39339828491211 18.39339828491211 7
      vertex 17.40484319627285 19.484100736677647 7
    endloop
  endfacet
  facet normal 0 0 1
    outer loop
      vertex 14.033546976745129 18.999735802412033 7
      vertex 17.40484319627285 19.484100736677647 7
      vertex 16.527955815196037 20.66644650697708 7
    endloop
  endfacet
  facet normal 0 0 1
    outer loop
      vertex 18.999735802412033 14.033546976745129 7
      vertex 19.484100736677647 17.40484319627285 7
      vertex 17.58092088252306 15.085811838507652 7
    endloop
  endfacet
  facet normal 0 0 1
    outer loop
      vertex 17.58092088252306 15.085811838507652 7
      vertex 19.484100736677647 17.40484319627285 7
      vertex 18.39339828491211 18.39339828491211 7
    endloop
  endfacet
  facet normal 0 0 1
    outer loop
      vertex 18.999735802412033 14.033546976745129 7
      vertex 20.51485873758793 13.125417239964008 7
      vertex 20.66644650697708 16.527955815196037 7
    endloop
  endfacet
  facet normal 0 0 1
    outer loop
      vertex 20.51485873758793 13.125417239964008 7
      vertex 21.92904894798994 15.771181032061577 7
      vertex 20.66644650697708 16.527955815196037 7
    endloop
  endfacet
  facet normal 0 0 1
    outer loop
      vertex 18.999735802412033 14.033546976745129 7
      vertex 20.66644650697708 16.527955815196037 7
      vertex 19.484100736677647 17.40484319627285 7
    endloop
  endfacet
  facet normal 0 0 1
    outer loop
      vertex 12.370168417692184 22.11169821768999 7
      vertex 15.771181032061577 21.92904894798994 7
      vertex 15.14180701225996 23.25974851101637 7
    endloop
  endfacet
  facet normal 0 0 1
    outer loop
      vertex 22.11169821768999 12.370168417692184 7
      vertex 23.25974851101637 15.14180701225996 7
      vertex 21.92904894798994 15.771181032061577 7
    endloop
  endfacet
  facet normal 0 0 1
    outer loop
      vertex 14.072229102253914 27.529742896556854 7
      vertex 14 29 7
      vertex 11 29 7
    endloop
  endfacet
  facet normal -0.049067675036831966 -0.9987954561703211 0
    outer loop
      vertex 29 11 4
      vertex 29 11 7
      vertex 27.235691472887993 11.08667492121458 7
    endloop
  endfacet
  facet normal 0.049067675961057426 0.9987954561249168 0
    outer loop
      vertex 29 14 4
      vertex 27.529742896556854 14.072229102253914 7
      vertex 29 14 7
    endloop
  endfacet
  facet normal 0 0 1
    outer loop
      vertex 27.529742896556854 14.072229102253914 7
      vertex 29 11 7
      vertex 29 14 7
    endloop
  endfacet
  facet normal -1 0 0
    outer loop
      vertex 11 29 4
      vertex 11 29 7
      vertex 11 196 7
    endloop
  endfacet
  facet normal 1 0 0
    outer loop
      vertex 14 29 4
      vertex 14 196 7
      vertex 14 29 7
    endloop
  endfacet
  facet normal 0 0 1
    outer loop
      vertex 11 29 7
      vertex 14 29 7
      vertex 11 196 7
    endloop
  endfacet
  facet normal 0 -1 0
    outer loop
      vertex 29 11 4
      vertex 196 11 4
      vertex 29 11 7
    endloop
  endfacet
  facet normal 0 1 0
    outer loop
      vertex 29 14 4
      vertex 29 14 7
      vertex 196 14 4
    endloop
  endfacet
  facet normal 0 0 1
    outer loop
      vertex 29 11 7
      vertex 196 14 7
      vertex 29 14 7
    endloop
  endfacet
  facet normal -1 0 0
    outer loop
      vertex 11 29 4
      vertex 11 196 7
      vertex 11 196 4
    endloop
  endfacet
  facet normal 1 0 0
    outer loop
      vertex 14 29 4
      vertex 14 196 4
      vertex 14 196 7
    endloop
  endfacet
  facet normal 0 0 1
    outer loop
      vertex 14 29 7
      vertex 14 196 7
      vertex 11 196 7
    endloop
  endfacet
  facet normal -0.9987954561703211 0.049067675036831966 0
    outer loop
      vertex 11 196 4
      vertex 11.08667492121458 197.764308527112 7
      vertex 11.08667492121458 197.764308527112 4
    endloop
  endfacet
  facet normal -0.9891765101545754 0.14673047317587162 0
    outer loop
      vertex 11.08667492121458 197.764308527112 4
      vertex 11.345864951610565 199.51162579655647 7
      vertex 11.345864951610565 199.51162579655647 4
    endloop
  endfacet
  facet normal 0.9987954561249168 -0.049067675961057426 0
    outer loop
      vertex 14 196 4
      vertex 14.072229102253914 197.47025710344315 4
      vertex 14.072229102253914 197.47025710344315 7
    endloop
  endfacet
  facet normal -0.9700312524599017 0.24298018283612022 0
    outer loop
      vertex 11.345864951610565 199.51162579655647 4
      vertex 11.77507396042347 201.2251241877675 7
      vertex 11.77507396042347 201.2251241877675 4
    endloop
  endfacet
  facet normal -0.9415440654740516 0.33688985257884385 0
    outer loop
      vertex 11.77507396042347 201.2251241877675 4
      vertex 12.370168417692184 202.88830178231 7
      vertex 12.370168417692184 202.88830178231 4
    endloop
  endfacet
  facet normal -0.9039892941231769 0.42755509131652325 -1.0475168197933567e-17
    outer loop
      vertex 12.370168417692184 202.88830178231 4
      vertex 13.125417239964008 204.48514126241207 7
      vertex 13.125417239964008 204.48514126241207 4
    endloop
  endfacet
  facet normal -0.8577286105633851 0.5141027432537245 0
    outer loop
      vertex 13.125417239964008 204.48514126241207 4
      vertex 14.033546976745129 206.00026419758797 7
      vertex 14.033546976745129 206.00026419758797 4
    endloop
  endfacet
  facet normal 0.9891765103496613 -0.14673047186070962 0
    outer loop
      vertex 14.072229102253914 197.47025710344315 4
      vertex 14.288220793008804 198.92635483294725 4
      vertex 14.288220793008804 198.92635483294725 7
    endloop
  endfacet
  facet normal 0.9700312525097057 -0.24298018263729168 1.2570201824870754e-17
    outer loop
      vertex 14.288220793008804 198.92635483294725 4
      vertex 14.645894967019558 200.3542701601982 4
      vertex 14.645894967019558 200.3542701601982 7
    endloop
  endfacet
  facet normal 0.9415440660092079 -0.3368898510831819 0
    outer loop
      vertex 14.645894967019558 200.3542701601982 4
      vertex 15.14180701225996 201.74025148898363 4
      vertex 15.14180701225996 201.74025148898363 7
    endloop
  endfacet
  facet normal 0.9039892933345085 -0.42755509298402233 0
    outer loop
      vertex 15.14180701225996 201.74025148898363 4
      vertex 15.771181032061577 203.07095105201006 4
      vertex 15.771181032061577 203.07095105201006 7
    endloop
  endfacet
  facet normal -0.8032075311101111 0.5956993049920405 1.0475168185438326e-17
    outer loop
      vertex 14.033546976745129 206.00026419758797 4
      vertex 15.085811838507652 207.41907911747694 7
      vertex 15.085811838507652 207.41907911747694 4
    endloop
  endfacet
  facet normal 0.8577286089275913 -0.5141027459828816 0
    outer loop
      vertex 15.771181032061577 203.07095105201006 4
      vertex 16.527955815196037 204.33355349302292 4
      vertex 16.527955815196037 204.33355349302292 7
    endloop
  endfacet
  facet normal 0.803207533219027 -0.5956993021484964 0
    outer loop
      vertex 16.527955815196037 204.33355349302292 4
      vertex 17.40484319627285 205.51589926332235 4
      vertex 17.40484319627285 205.51589926332235 7
    endloop
  endfacet
  facet normal -0.7409511234910436 0.6715589569035322 -2.0950336386173393e-17
    outer loop
      vertex 15.085811838507652 207.41907911747694 4
      vertex 16.272077940404415 208.72792205959558 7
      vertex 16.272077940404415 208.72792205959558 4
    endloop
  endfacet
  facet normal -0.6715589569035322 0.7409511234910436 -2.0950336386173393e-17
    outer loop
      vertex 16.272077940404415 208.72792205959558 4
      vertex 17.58092088252306 209.91418816149235 7
      vertex 17.58092088252306 209.91418816149235 4
    endloop
  endfacet
  facet normal 0.7409511222317788 -0.671558958292917 2.514040362068133e-17
    outer loop
      vertex 17.40484319627285 205.51589926332235 4
      vertex 18.39339828491211 206.6066017150879 4
      vertex 18.39339828491211 206.6066017150879 7
    endloop
  endfacet
  facet normal 0.671558958292917 -0.7409511222317788 2.514040362068133e-17
    outer loop
      vertex 18.39339828491211 206.6066017150879 4
      vertex 19.484100736677647 207.59515680372715 4
      vertex 19.484100736677647 207.59515680372715 7
    endloop
  endfacet
  facet normal -0.5956993049920405 0.8032075311101111 1.0475168185438326e-17
    outer loop
      vertex 17.58092088252306 209.91418816149235 4
      vertex 18.999735802412033 210.96645302325487 7
      vertex 18.999735802412033 210.96645302325487 4
    endloop
  endfacet
  facet normal 0.5956993021484964 -0.803207533219027 0
    outer loop
      vertex 19.484100736677647 207.59515680372715 4
      vertex 20.66644650697708 208.47204418480396 4
      vertex 20.66644650697708 208.47204418480396 7
    endloop
  endfacet
  facet normal 0.5141027459828816 -0.8577286089275913 0
    outer loop
      vertex 20.66644650697708 208.47204418480396 4
      vertex 21.92904894798994 209.22881896793842 4
      vertex 21.92904894798994 209.22881896793842 7
    endloop
  endfacet
  facet normal 0.42755509298402233 -0.9039892933345085 0
    outer loop
      vertex 21.92904894798994 209.22881896793842 4
      vertex 23.25974851101637 209.85819298774004 4
      vertex 23.25974851101637 209.85819298774004 7
    endloop
  endfacet
  facet normal 0.3368898510831819 -0.9415440660092079 0
    outer loop
      vertex 23.25974851101637 209.85819298774004 4
      vertex 24.64572983980179 210.35410503298044 4
      vertex 24.64572983980179 210.35410503298044 7
    endloop
  endfacet
  facet normal 0.24298018263729168 -0.9700312525097057 1.2570201824870754e-17
    outer loop
      vertex 24.64572983980179 210.35410503298044 4
      vertex 26.073645167052746 210.7117792069912 4
      vertex 26.073645167052746 210.7117792069912 7
    endloop
  endfacet
  facet normal 0.14673047186070962 -0.9891765103496613 0
    outer loop
      vertex 26.073645167052746 210.7117792069912 4
      vertex 27.529742896556854 210.9277708977461 4
      vertex 27.529742896556854 210.9277708977461 7
    endloop
  endfacet
  facet normal -0.5141027432537245 0.8577286105633851 0
    outer loop
      vertex 18.999735802412033 210.96645302325487 4
      vertex 20.51485873758793 211.874582760036 7
      vertex 20.51485873758793 211.874582760036 4
    endloop
  endfacet
  facet normal -0.42755509131652325 0.9039892941231769 -1.0475168197933567e-17
    outer loop
      vertex 20.51485873758793 211.874582760036 4
      vertex 22.11169821768999 212.62983158230782 7
      vertex 22.11169821768999 212.62983158230782 4
    endloop
  endfacet
  facet normal -0.33688985257884385 0.9415440654740516 0
    outer loop
      vertex 22.11169821768999 212.62983158230782 4
      vertex 23.774875812232494 213.22492603957653 7
      vertex 23.774875812232494 213.22492603957653 4
    endloop
  endfacet
  facet normal -0.24298018283612022 0.9700312524599017 0
    outer loop
      vertex 23.774875812232494 213.22492603957653 4
      vertex 25.488374203443527 213.65413504838943 7
      vertex 25.488374203443527 213.65413504838943 4
    endloop
  endfacet
  facet normal -0.14673047317587162 0.9891765101545754 0
    outer loop
      vertex 25.488374203443527 213.65413504838943 4
      vertex 27.235691472887993 213.91332507878542 7
      vertex 27.235691472887993 213.91332507878542 4
    endloop
  endfacet
  facet normal 0.049067675961057426 -0.9987954561249168 0
    outer loop
      vertex 27.529742896556854 210.9277708977461 4
      vertex 29 211 4
      vertex 29 211 7
    endloop
  endfacet
  facet normal -0.049067675036831966 0.9987954561703211 0
    outer loop
      vertex 27.235691472887993 213.91332507878542 4
      vertex 29 214 7
      vertex 29 214 4
    endloop
  endfacet
  facet normal -0.9987954561703211 0.049067675036831966 0
    outer loop
      vertex 11 196 4
      vertex 11 196 7
      vertex 11.08667492121458 197.764308527112 7
    endloop
  endfacet
  facet normal 0.9987954561249168 -0.049067675961057426 0
    outer loop
      vertex 14 196 4
      vertex 14.072229102253914 197.47025710344315 7
      vertex 14 196 7
    endloop
  endfacet
  facet normal 0 0 1
    outer loop
      vertex 11 196 7
      vertex 14 196 7
      vertex 11.08667492121458 197.764308527112 7
    endloop
  endfacet
  facet normal -0.9891765101545754 0.14673047317587162 0
    outer loop
      vertex 11.08667492121458 197.764308527112 4
      vertex 11.08667492121458 197.764308527112 7
      vertex 11.345864951610565 199.51162579655647 7
    endloop
  endfacet
  facet normal -0.9700312524599017 0.24298018283612022 0
    outer loop
      vertex 11.345864951610565 199.51162579655647 4
      vertex 11.345864951610565 199.51162579655647 7
      vertex 11.77507396042347 201.2251241877675 7
    endloop
  endfacet
  facet normal -0.9415440654740516 0.33688985257884385 0
    outer loop
      vertex 11.77507396042347 201.2251241877675 4
      vertex 11.77507396042347 201.2251241877675 7
      vertex 12.370168417692184 202.88830178231 7
    endloop
  endfacet
  facet normal -0.9039892941231769 0.42755509131652325 0
    outer loop
      vertex 12.370168417692184 202.88830178231 4
      vertex 12.370168417692184 202.88830178231 7
      vertex 13.125417239964008 204.48514126241207 7
    endloop
  endfacet
  facet normal -0.8577286105633851 0.5141027432537245 0
    outer loop
      vertex 13.125417239964008 204.48514126241207 4
      vertex 13.125417239964008 204.48514126241207 7
      vertex 14.033546976745129 206.00026419758797 7
    endloop
  endfacet
  facet normal 0.9891765103496613 -0.14673047186070962 0
    outer loop
      vertex 14.072229102253914 197.47025710344315 4
      vertex 14.288220793008804 198.92635483294725 7
      vertex 14.072229102253914 197.47025710344315 7
    endloop
  endfacet
  facet normal 0.9700312525097057 -0.24298018263729168 0
    outer loop
      vertex 14.288220793008804 198.92635483294725 4
      vertex 14.645894967019558 200.3542701601982 7
      vertex 14.288220793008804 198.92635483294725 7
    endloop
  endfacet
  facet normal 0.9415440660092079 -0.3368898510831819 0
    outer loop
      vertex 14.645894967019558 200.3542701601982 4
      vertex 15.14180701225996 201.74025148898363 7
      vertex 14.645894967019558 200.3542701601982 7
    endloop
  endfacet
  facet normal 0.9039892933345085 -0.42755509298402233 0
    outer loop
      vertex 15.14180701225996 201.74025148898363 4
      vertex 15.771181032061577 203.07095105201006 7
      vertex 15.14180701225996 201.74025148898363 7
    endloop
  endfacet
  facet normal 0.8577286089275913 -0.5141027459828816 0
    outer loop
      vertex 15.771181032061577 203.07095105201006 4
      vertex 16.527955815196037 204.33355349302292 7
      vertex 15.771181032061577 203.07095105201006 7
    endloop
  endfacet
  facet normal -0.8032075311101111 0.5956993049920405 0
    outer loop
      vertex 14.033546976745129 206.00026419758797 4
      vertex 14.033546976745129 206.00026419758797 7
      vertex 15.085811838507652 207.41907911747694 7
    endloop
  endfacet
  facet normal 0.803207533219027 -0.5956993021484964 0
    outer loop
      vertex 16.527955815196037 204.33355349302292 4
      vertex 17.40484319627285 205.51589926332235 7
      vertex 16.527955815196037 204.33355349302292 7
    endloop
  endfacet
  facet normal -0.7409511234910436 0.6715589569035322 0
    outer loop
      vertex 15.085811838507652 207.41907911747694 4
      vertex 15.085811838507652 207.41907911747694 7
      vertex 16.272077940404415 208.72792205959558 7
    endloop
  endfacet
  facet normal -0.6715589569035322 0.7409511234910436 0
    outer loop
      vertex 16.272077940404415 208.72792205959558 4
      vertex 16.272077940404415 208.72792205959558 7
      vertex 17.58092088252306 209.91418816149235 7
    endloop
  endfacet
  facet normal 0.7409511222317788 -0.671558958292917 0
    outer loop
      vertex 17.40484319627285 205.51589926332235 4
      vertex 18.39339828491211 206.6066017150879 7
      vertex 17.40484319627285 205.51589926332235 7
    endloop
  endfacet
  facet normal 0.671558958292917 -0.7409511222317788 0
    outer loop
      vertex 18.39339828491211 206.6066017150879 4
      vertex 19.484100736677647 207.59515680372715 7
      vertex 18.39339828491211 206.6066017150879 7
    endloop
  endfacet
  facet normal -0.5956993049920405 0.8032075311101111 0
    outer loop
      vertex 17.58092088252306 209.91418816149235 4
      vertex 17.58092088252306 209.91418816149235 7
      vertex 18.999735802412033 210.96645302325487 7
    endloop
  endfacet
  facet normal 0.5956993021484964 -0.803207533219027 0
    outer loop
      vertex 19.484100736677647 207.59515680372715 4
      vertex 20.66644650697708 208.47204418480396 7
      vertex 19.484100736677647 207.59515680372715 7
    endloop
  endfacet
  facet normal 0.5141027459828816 -0.8577286089275913 0
    outer loop
      vertex 20.66644650697708 208.47204418480396 4
      vertex 21.92904894798994 209.22881896793842 7
      vertex 20.66644650697708 208.47204418480396 7
    endloop
  endfacet
  facet normal 0.42755509298402233 -0.9039892933345085 0
    outer loop
      vertex 21.92904894798994 209.22881896793842 4
      vertex 23.25974851101637 209.85819298774004 7
      vertex 21.92904894798994 209.22881896793842 7
    endloop
  endfacet
  facet normal 0.3368898510831819 -0.9415440660092079 0
    outer loop
      vertex 23.25974851101637 209.85819298774004 4
      vertex 24.64572983980179 210.35410503298044 7
      vertex 23.25974851101637 209.85819298774004 7
    endloop
  endfacet
  facet normal 0.24298018263729168 -0.9700312525097057 0
    outer loop
      vertex 24.64572983980179 210.35410503298044 4
      vertex 26.073645167052746 210.7117792069912 7
      vertex 24.64572983980179 210.35410503298044 7
    endloop
  endfacet
  facet normal 0.14673047186070962 -0.9891765103496613 0
    outer loop
      vertex 26.073645167052746 210.7117792069912 4
      vertex 27.529742896556854 210.9277708977461 7
      vertex 26.073645167052746 210.7117792069912 7
    endloop
  endfacet
  facet normal -0.5141027432537245 0.8577286105633851 0
    outer loop
      vertex 18.999735802412033 210.96645302325487 4
      vertex 18.999735802412033 210.96645302325487 7
      vertex 20.51485873758793 211.874582760036 7
    endloop
  endfacet
  facet normal -0.42755509131652325 0.9039892941231769 0
    outer loop
      vertex 20.51485873758793 211.874582760036 4
      vertex 20.51485873758793 211.874582760036 7
      vertex 22.11169821768999 212.62983158230782 7
    endloop
  endfacet
  facet normal -0.33688985257884385 0.9415440654740516 0
    outer loop
      vertex 22.11169821768999 212.62983158230782 4
      vertex 22.11169821768999 212.62983158230782 7
      vertex 23.774875812232494 213.22492603957653 7
    endloop
  endfacet
  facet normal -0.24298018283612022 0.9700312524599017 0
    outer loop
      vertex 23.774875812232494 213.22492603957653 4
      vertex 23.774875812232494 213.22492603957653 7
      vertex 25.488374203443527 213.65413504838943 7
    endloop
  endfacet
  facet normal -0.14673047317587162 0.9891765101545754 0
    outer loop
      vertex 25.488374203443527 213.65413504838943 4
      vertex 25.488374203443527 213.65413504838943 7
      vertex 27.235691472887993 213.91332507878542 7
    endloop
  endfacet
  facet normal 0.049067675961057426 -0.9987954561249168 0
    outer loop
      vertex 27.529742896556854 210.9277708977461 4
      vertex 29 211 7
      vertex 27.529742896556854 210.9277708977461 7
    endloop
  endfacet
  facet normal -0.049067675036831966 0.9987954561703211 0
    outer loop
      vertex 27.235691472887993 213.91332507878542 4
      vertex 27.235691472887993 213.91332507878542 7
      vertex 29 214 7
    endloop
  endfacet
  facet normal 0 0 1
    outer loop
      vertex 11.08667492121458 197.764308527112 7
      vertex 14.072229102253914 197.47025710344315 7
      vertex 11.345864951610565 199.51162579655647 7
    endloop
  endfacet
  facet normal 0 0 1
    outer loop
      vertex 14 196 7
      vertex 14.072229102253914 197.47025710344315 7
      vertex 11.08667492121458 197.764308527112 7
    endloop
  endfacet
  facet normal 0 0 1
    outer loop
      vertex 11.345864951610565 199.51162579655647 7
      vertex 14.288220793008804 198.92635483294725 7
      vertex 11.77507396042347 201.2251241877675 7
    endloop
  endfacet
  facet normal 0 0 1
    outer loop
      vertex 11.345864951610565 199.51162579655647 7
      vertex 14.072229102253914 197.47025710344315 7
      vertex 14.288220793008804 198.92635483294725 7
    endloop
  endfacet
  facet normal 0 0 1
    outer loop
      vertex 11.77507396042347 201.2251241877675 7
      vertex 14.288220793008804 198.92635483294725 7
      vertex 14.645894967019558 200.3542701601982 7
    endloop
  endfacet
  facet normal 0 0 1
    outer loop
      vertex 11.77507396042347 201.2251241877675 7
      vertex 14.645894967019558 200.3542701601982 7
      vertex 12.370168417692184 202.88830178231 7
    endloop
  endfacet
  facet normal 0 0 1
    outer loop
      vertex 12.370168417692184 202.88830178231 7
      vertex 14.645894967019558 200.3542701601982 7
      vertex 15.14180701225996 201.74025148898363 7
    endloop
  endfacet
  facet normal 0 0 1
    outer loop
      vertex 12.370168417692184 202.88830178231 7
      vertex 15.14180701225996 201.74025148898363 7
      vertex 13.125417239964008 204.48514126241207 7
    endloop
  endfacet
  facet normal 0 0 1
    outer loop
      vertex 13.125417239964008 204.48514126241207 7
      vertex 15.14180701225996 201.74025148898363 7
      vertex 15.771181032061577 203.07095105201006 7
    endloop
  endfacet
  facet normal 0 0 1
    outer loop
      vertex 13.125417239964008 204.48514126241207 7
      vertex 15.771181032061577 203.07095105201006 7
      vertex 14.033546976745129 206.00026419758797 7
    endloop
  endfacet
  facet normal 0 0 1
    outer loop
      vertex 14.033546976745129 206.00026419758797 7
      vertex 15.771181032061577 203.07095105201006 7
      vertex 16.527955815196037 204.33355349302292 7
    endloop
  endfacet
  facet normal 0 0 1
    outer loop
      vertex 14.033546976745129 206.00026419758797 7
      vertex 16.527955815196037 204.33355349302292 7
      vertex 15.085811838507652 207.41907911747694 7
    endloop
  endfacet
  facet normal 0 0 1
    outer loop
      vertex 15.085811838507652 207.41907911747694 7
      vertex 16.527955815196037 204.33355349302292 7
      vertex 17.40484319627285 205.51589926332235 7
    endloop
  endfacet
  facet normal 0 0 1
    outer loop
      vertex 15.085811838507652 207.41907911747694 7
      vertex 17.40484319627285 205.51589926332235 7
      vertex 16.272077940404415 208.72792205959558 7
    endloop
  endfacet
  facet normal 0 0 1
    outer loop
      vertex 17.40484319627285 205.51589926332235 7
      vertex 18.39339828491211 206.6066017150879 7
      vertex 16.272077940404415 208.72792205959558 7
    endloop
  endfacet
  facet normal 0 0 1
    outer loop
      vertex 16.272077940404415 208.72792205959558 7
      vertex 18.39339828491211 206.6066017150879 7
      vertex 17.58092088252306 209.91418816149235 7
    endloop
  endfacet
  facet normal 0 0 1
    outer loop
      vertex 18.39339828491211 206.6066017150879 7
      vertex 19.484100736677647 207.59515680372715 7
      vertex 17.58092088252306 209.91418816149235 7
    endloop
  endfacet
  facet normal 0 0 1
    outer loop
      vertex 17.58092088252306 209.91418816149235 7
      vertex 19.484100736677647 207.59515680372715 7
      vertex 18.999735802412033 210.96645302325487 7
    endloop
  endfacet
  facet normal 0 0 1
    outer loop
      vertex 19.484100736677647 207.59515680372715 7
      vertex 20.66644650697708 208.47204418480396 7
      vertex 18.999735802412033 210.96645302325487 7
    endloop
  endfacet
  facet normal 0 0 1
    outer loop
      vertex 20.66644650697708 208.47204418480396 7
      vertex 20.51485873758793 211.874582760036 7
      vertex 18.999735802412033 210.96645302325487 7
    endloop
  endfacet
  facet normal 0 0 1
    outer loop
      vertex 20.66644650697708 208.47204418480396 7
      vertex 21.92904894798994 209.22881896793842 7
      vertex 20.51485873758793 211.874582760036 7
    endloop
  endfacet
  facet normal 0 0 1
    outer loop
      vertex 21.92904894798994 209.22881896793842 7
      vertex 23.25974851101637 209.85819298774004 7
      vertex 22.11169821768999 212.62983158230782 7
    endloop
  endfacet
  facet normal 0 0 1
    outer loop
      vertex 21.92904894798994 209.22881896793842 7
      vertex 22.11169821768999 212.62983158230782 7
      vertex 20.51485873758793 211.874582760036 7
    endloop
  endfacet
  facet normal 0 0 1
    outer loop
      vertex 23.25974851101637 209.85819298774004 7
      vertex 23.774875812232494 213.22492603957653 7
      vertex 22.11169821768999 212.62983158230782 7
    endloop
  endfacet
  facet normal 0 0 1
    outer loop
      vertex 23.25974851101637 209.85819298774004 7
      vertex 24.64572983980179 210.35410503298044 7
      vertex 23.774875812232494 213.22492603957653 7
    endloop
  endfacet
  facet normal 0 0 1
    outer loop
      vertex 24.64572983980179 210.35410503298044 7
      vertex 26.073645167052746 210.7117792069912 7
      vertex 25.488374203443527 213.65413504838943 7
    endloop
  endfacet
  facet normal 0 0 1
    outer loop
      vertex 24.64572983980179 210.35410503298044 7
      vertex 25.488374203443527 213.65413504838943 7
      vertex 23.774875812232494 213.22492603957653 7
    endloop
  endfacet
  facet normal 0 0 1
    outer loop
      vertex 26.073645167052746 210.7117792069912 7
      vertex 27.235691472887993 213.91332507878542 7
      vertex 25.488374203443527 213.65413504838943 7
    endloop
  endfacet
  facet normal 0 0 1
    outer loop
      vertex 26.073645167052746 210.7117792069912 7
      vertex 27.529742896556854 210.9277708977461 7
      vertex 27.235691472887993 213.91332507878542 7
    endloop
  endfacet
  facet normal 0 0 1
    outer loop
      vertex 27.529742896556854 210.9277708977461 7
      vertex 29 214 7
      vertex 27.235691472887993 213.91332507878542 7
    endloop
  endfacet
  facet normal 0 0 1
    outer loop
      vertex 27.529742896556854 210.9277708977461 7
      vertex 29 211 7
      vertex 29 214 7
    endloop
  endfacet
  facet normal 0 -1 0
    outer loop
      vertex 29 211 4
      vertex 196 211 7
      vertex 29 211 7
    endloop
  endfacet
  facet normal 0 1 0
    outer loop
      vertex 29 214 4
      vertex 29 214 7
      vertex 196 214 7
    endloop
  endfacet
  facet normal 0 0 1
    outer loop
      vertex 29 211 7
      vertex 196 214 7
      vertex 29 214 7
    endloop
  endfacet
  facet normal 0 -1 0
    outer loop
      vertex 29 11 7
      vertex 196 11 4
      vertex 196 11 7
    endloop
  endfacet
  facet normal 0 1 0
    outer loop
      vertex 29 14 7
      vertex 196 14 7
      vertex 196 14 4
    endloop
  endfacet
  facet normal 0 0 1
    outer loop
      vertex 29 11 7
      vertex 196 11 7
      vertex 196 14 7
    endloop
  endfacet
  facet normal 0.049067675036831966 -0.9987954561703211 0
    outer loop
      vertex 196 11 4
      vertex 197.764308527112 11.08667492121458 4
      vertex 196 11 7
    endloop
  endfacet
  facet normal -0.049067675961057426 0.9987954561249168 0
    outer loop
      vertex 196 14 4
      vertex 196 14 7
      vertex 197.47025710344315 14.072229102253914 4
    endloop
  endfacet
  facet normal 0.14673047317587162 -0.9891765101545754 0
    outer loop
      vertex 197.764308527112 11.08667492121458 4
      vertex 199.51162579655647 11.345864951610565 4
      vertex 197.764308527112 11.08667492121458 7
    endloop
  endfacet
  facet normal 0.24298018283612022 -0.9700312524599017 0
    outer loop
      vertex 199.51162579655647 11.345864951610565 4
      vertex 201.2251241877675 11.77507396042347 4
      vertex 199.51162579655647 11.345864951610565 7
    endloop
  endfacet
  facet normal 0.33688985257884385 -0.9415440654740516 0
    outer loop
      vertex 201.2251241877675 11.77507396042347 4
      vertex 202.88830178231 12.370168417692184 4
      vertex 201.2251241877675 11.77507396042347 7
    endloop
  endfacet
  facet normal 0.42755509131652325 -0.9039892941231769 0
    outer loop
      vertex 202.88830178231 12.370168417692184 4
      vertex 204.48514126241207 13.125417239964008 4
      vertex 202.88830178231 12.370168417692184 7
    endloop
  endfacet
  facet normal 0.5141027432537245 -0.8577286105633851 0
    outer loop
      vertex 204.48514126241207 13.125417239964008 4
      vertex 206.00026419758797 14.033546976745129 4
      vertex 204.48514126241207 13.125417239964008 7
    endloop
  endfacet
  facet normal -0.14673047186070962 0.9891765103496613 0
    outer loop
      vertex 197.47025710344315 14.072229102253914 4
      vertex 197.47025710344315 14.072229102253914 7
      vertex 198.92635483294725 14.288220793008804 4
    endloop
  endfacet
  facet normal -0.24298018263729168 0.9700312525097057 0
    outer loop
      vertex 198.92635483294725 14.288220793008804 4
      vertex 198.92635483294725 14.288220793008804 7
      vertex 200.3542701601982 14.645894967019558 4
    endloop
  endfacet
  facet normal -0.3368898510831819 0.9415440660092079 0
    outer loop
      vertex 200.3542701601982 14.645894967019558 4
      vertex 200.3542701601982 14.645894967019558 7
      vertex 201.74025148898363 15.14180701225996 4
    endloop
  endfacet
  facet normal -0.42755509298402233 0.9039892933345085 0
    outer loop
      vertex 201.74025148898363 15.14180701225996 4
      vertex 201.74025148898363 15.14180701225996 7
      vertex 203.07095105201006 15.771181032061577 4
    endloop
  endfacet
  facet normal -0.5141027459828816 0.8577286089275913 0
    outer loop
      vertex 203.07095105201006 15.771181032061577 4
      vertex 203.07095105201006 15.771181032061577 7
      vertex 204.33355349302292 16.527955815196037 4
    endloop
  endfacet
  facet normal -0.5956993021484964 0.803207533219027 0
    outer loop
      vertex 204.33355349302292 16.527955815196037 4
      vertex 204.33355349302292 16.527955815196037 7
      vertex 205.51589926332235 17.40484319627285 4
    endloop
  endfacet
  facet normal 0.5956993049920405 -0.8032075311101111 0
    outer loop
      vertex 206.00026419758797 14.033546976745129 4
      vertex 207.41907911747694 15.085811838507652 4
      vertex 206.00026419758797 14.033546976745129 7
    endloop
  endfacet
  facet normal -0.671558958292917 0.7409511222317788 0
    outer loop
      vertex 205.51589926332235 17.40484319627285 4
      vertex 205.51589926332235 17.40484319627285 7
      vertex 206.6066017150879 18.39339828491211 4
    endloop
  endfacet
  facet normal -0.7409511222317788 0.671558958292917 0
    outer loop
      vertex 206.6066017150879 18.39339828491211 4
      vertex 206.6066017150879 18.39339828491211 7
      vertex 207.59515680372715 19.484100736677647 4
    endloop
  endfacet
  facet normal 0.6715589569035322 -0.7409511234910436 0
    outer loop
      vertex 207.41907911747694 15.085811838507652 4
      vertex 208.72792205959558 16.272077940404415 4
      vertex 207.41907911747694 15.085811838507652 7
    endloop
  endfacet
  facet normal 0.7409511234910436 -0.6715589569035322 0
    outer loop
      vertex 208.72792205959558 16.272077940404415 4
      vertex 209.91418816149235 17.58092088252306 4
      vertex 208.72792205959558 16.272077940404415 7
    endloop
  endfacet
  facet normal -0.803207533219027 0.5956993021484964 0
    outer loop
      vertex 207.59515680372715 19.484100736677647 4
      vertex 207.59515680372715 19.484100736677647 7
      vertex 208.47204418480396 20.66644650697708 4
    endloop
  endfacet
  facet normal -0.8577286089275913 0.5141027459828816 0
    outer loop
      vertex 208.47204418480396 20.66644650697708 4
      vertex 208.47204418480396 20.66644650697708 7
      vertex 209.22881896793842 21.92904894798994 4
    endloop
  endfacet
  facet normal 0.8032075311101111 -0.5956993049920405 0
    outer loop
      vertex 209.91418816149235 17.58092088252306 4
      vertex 210.96645302325487 18.999735802412033 4
      vertex 209.91418816149235 17.58092088252306 7
    endloop
  endfacet
  facet normal -0.9039892933345085 0.42755509298402233 0
    outer loop
      vertex 209.22881896793842 21.92904894798994 4
      vertex 209.22881896793842 21.92904894798994 7
      vertex 209.85819298774004 23.25974851101637 4
    endloop
  endfacet
  facet normal -0.9415440660092079 0.3368898510831819 0
    outer loop
      vertex 209.85819298774004 23.25974851101637 4
      vertex 209.85819298774004 23.25974851101637 7
      vertex 210.35410503298044 24.64572983980179 4
    endloop
  endfacet
  facet normal -0.9700312525097057 0.24298018263729168 0
    outer loop
      vertex 210.35410503298044 24.64572983980179 4
      vertex 210.35410503298044 24.64572983980179 7
      vertex 210.7117792069912 26.073645167052746 4
    endloop
  endfacet
  facet normal -0.9891765103496613 0.14673047186070962 0
    outer loop
      vertex 210.7117792069912 26.073645167052746 4
      vertex 210.7117792069912 26.073645167052746 7
      vertex 210.9277708977461 27.529742896556854 4
    endloop
  endfacet
  facet normal 0.8577286105633851 -0.5141027432537245 0
    outer loop
      vertex 210.96645302325487 18.999735802412033 4
      vertex 211.874582760036 20.51485873758793 4
      vertex 210.96645302325487 18.999735802412033 7
    endloop
  endfacet
  facet normal 0.9039892941231769 -0.42755509131652325 0
    outer loop
      vertex 211.874582760036 20.51485873758793 4
      vertex 212.62983158230782 22.11169821768999 4
      vertex 211.874582760036 20.51485873758793 7
    endloop
  endfacet
  facet normal 0.9415440654740516 -0.33688985257884385 0
    outer loop
      vertex 212.62983158230782 22.11169821768999 4
      vertex 213.22492603957653 23.774875812232494 4
      vertex 212.62983158230782 22.11169821768999 7
    endloop
  endfacet
  facet normal 0.9700312524599017 -0.24298018283612022 0
    outer loop
      vertex 213.22492603957653 23.774875812232494 4
      vertex 213.65413504838943 25.488374203443527 4
      vertex 213.22492603957653 23.774875812232494 7
    endloop
  endfacet
  facet normal -0.9987954561249168 0.049067675961057426 0
    outer loop
      vertex 210.9277708977461 27.529742896556854 4
      vertex 210.9277708977461 27.529742896556854 7
      vertex 211 29 4
    endloop
  endfacet
  facet normal 0.9891765101545754 -0.14673047317587162 0
    outer loop
      vertex 213.65413504838943 25.488374203443527 4
      vertex 213.91332507878542 27.235691472887993 4
      vertex 213.65413504838943 25.488374203443527 7
    endloop
  endfacet
  facet normal 0.9987954561703211 -0.049067675036831966 0
    outer loop
      vertex 213.91332507878542 27.235691472887993 4
      vertex 214 29 4
      vertex 213.91332507878542 27.235691472887993 7
    endloop
  endfacet
  facet normal 0 0 1
    outer loop
      vertex 196 11 7
      vertex 197.764308527112 11.08667492121458 7
      vertex 196 14 7
    endloop
  endfacet
  facet normal 0.049067675036831966 -0.9987954561703211 0
    outer loop
      vertex 197.764308527112 11.08667492121458 4
      vertex 197.764308527112 11.08667492121458 7
      vertex 196 11 7
    endloop
  endfacet
  facet normal -0.049067675961057426 0.9987954561249168 0
    outer loop
      vertex 197.47025710344315 14.072229102253914 4
      vertex 196 14 7
      vertex 197.47025710344315 14.072229102253914 7
    endloop
  endfacet
  facet normal 0.14673047317587162 -0.9891765101545754 0
    outer loop
      vertex 199.51162579655647 11.345864951610565 4
      vertex 199.51162579655647 11.345864951610565 7
      vertex 197.764308527112 11.08667492121458 7
    endloop
  endfacet
  facet normal 0.24298018283612022 -0.9700312524599017 0
    outer loop
      vertex 201.2251241877675 11.77507396042347 4
      vertex 201.2251241877675 11.77507396042347 7
      vertex 199.51162579655647 11.345864951610565 7
    endloop
  endfacet
  facet normal 0.33688985257884385 -0.9415440654740516 0
    outer loop
      vertex 202.88830178231 12.370168417692184 4
      vertex 202.88830178231 12.370168417692184 7
      vertex 201.2251241877675 11.77507396042347 7
    endloop
  endfacet
  facet normal 0.42755509131652325 -0.9039892941231769 0
    outer loop
      vertex 204.48514126241207 13.125417239964008 4
      vertex 204.48514126241207 13.125417239964008 7
      vertex 202.88830178231 12.370168417692184 7
    endloop
  endfacet
  facet normal 0.5141027432537245 -0.8577286105633851 0
    outer loop
      vertex 206.00026419758797 14.033546976745129 4
      vertex 206.00026419758797 14.033546976745129 7
      vertex 204.48514126241207 13.125417239964008 7
    endloop
  endfacet
  facet normal -0.14673047186070962 0.9891765103496613 0
    outer loop
      vertex 198.92635483294725 14.288220793008804 4
      vertex 197.47025710344315 14.072229102253914 7
      vertex 198.92635483294725 14.288220793008804 7
    endloop
  endfacet
  facet normal -0.24298018263729168 0.9700312525097057 0
    outer loop
      vertex 200.3542701601982 14.645894967019558 4
      vertex 198.92635483294725 14.288220793008804 7
      vertex 200.3542701601982 14.645894967019558 7
    endloop
  endfacet
  facet normal -0.3368898510831819 0.9415440660092079 0
    outer loop
      vertex 201.74025148898363 15.14180701225996 4
      vertex 200.3542701601982 14.645894967019558 7
      vertex 201.74025148898363 15.14180701225996 7
    endloop
  endfacet
  facet normal -0.42755509298402233 0.9039892933345085 0
    outer loop
      vertex 203.07095105201006 15.771181032061577 4
      vertex 201.74025148898363 15.14180701225996 7
      vertex 203.07095105201006 15.771181032061577 7
    endloop
  endfacet
  facet normal -0.5141027459828816 0.8577286089275913 0
    outer loop
      vertex 204.33355349302292 16.527955815196037 4
      vertex 203.07095105201006 15.771181032061577 7
      vertex 204.33355349302292 16.527955815196037 7
    endloop
  endfacet
  facet normal -0.5956993021484964 0.803207533219027 0
    outer loop
      vertex 205.51589926332235 17.40484319627285 4
      vertex 204.33355349302292 16.527955815196037 7
      vertex 205.51589926332235 17.40484319627285 7
    endloop
  endfacet
  facet normal 0.5956993049920405 -0.8032075311101111 0
    outer loop
      vertex 207.41907911747694 15.085811838507652 4
      vertex 207.41907911747694 15.085811838507652 7
      vertex 206.00026419758797 14.033546976745129 7
    endloop
  endfacet
  facet normal -0.671558958292917 0.7409511222317788 0
    outer loop
      vertex 206.6066017150879 18.39339828491211 4
      vertex 205.51589926332235 17.40484319627285 7
      vertex 206.6066017150879 18.39339828491211 7
    endloop
  endfacet
  facet normal -0.7409511222317788 0.671558958292917 0
    outer loop
      vertex 207.59515680372715 19.484100736677647 4
      vertex 206.6066017150879 18.39339828491211 7
      vertex 207.59515680372715 19.484100736677647 7
    endloop
  endfacet
  facet normal 0.6715589569035322 -0.7409511234910436 0
    outer loop
      vertex 208.72792205959558 16.272077940404415 4
      vertex 208.72792205959558 16.272077940404415 7
      vertex 207.41907911747694 15.085811838507652 7
    endloop
  endfacet
  facet normal 0.7409511234910436 -0.6715589569035322 0
    outer loop
      vertex 209.91418816149235 17.58092088252306 4
      vertex 209.91418816149235 17.58092088252306 7
      vertex 208.72792205959558 16.272077940404415 7
    endloop
  endfacet
  facet normal -0.803207533219027 0.5956993021484964 0
    outer loop
      vertex 208.47204418480396 20.66644650697708 4
      vertex 207.59515680372715 19.484100736677647 7
      vertex 208.47204418480396 20.66644650697708 7
    endloop
  endfacet
  facet normal 0.8032075311101111 -0.5956993049920405 0
    outer loop
      vertex 210.96645302325487 18.999735802412033 4
      vertex 210.96645302325487 18.999735802412033 7
      vertex 209.91418816149235 17.58092088252306 7
    endloop
  endfacet
  facet normal -0.8577286089275913 0.5141027459828816 0
    outer loop
      vertex 209.22881896793842 21.92904894798994 4
      vertex 208.47204418480396 20.66644650697708 7
      vertex 209.22881896793842 21.92904894798994 7
    endloop
  endfacet
  facet normal -0.9039892933345085 0.42755509298402233 0
    outer loop
      vertex 209.85819298774004 23.25974851101637 4
      vertex 209.22881896793842 21.92904894798994 7
      vertex 209.85819298774004 23.25974851101637 7
    endloop
  endfacet
  facet normal -0.9415440660092079 0.3368898510831819 0
    outer loop
      vertex 210.35410503298044 24.64572983980179 4
      vertex 209.85819298774004 23.25974851101637 7
      vertex 210.35410503298044 24.64572983980179 7
    endloop
  endfacet
  facet normal -0.9700312525097057 0.24298018263729168 0
    outer loop
      vertex 210.7117792069912 26.073645167052746 4
      vertex 210.35410503298044 24.64572983980179 7
      vertex 210.7117792069912 26.073645167052746 7
    endloop
  endfacet
  facet normal -0.9891765103496613 0.14673047186070962 0
    outer loop
      vertex 210.9277708977461 27.529742896556854 4
      vertex 210.7117792069912 26.073645167052746 7
      vertex 210.9277708977461 27.529742896556854 7
    endloop
  endfacet
  facet normal 0.8577286105633851 -0.5141027432537245 0
    outer loop
      vertex 211.874582760036 20.51485873758793 4
      vertex 211.874582760036 20.51485873758793 7
      vertex 210.96645302325487 18.999735802412033 7
    endloop
  endfacet
  facet normal 0.9039892941231769 -0.42755509131652325 0
    outer loop
      vertex 212.62983158230782 22.11169821768999 4
      vertex 212.62983158230782 22.11169821768999 7
      vertex 211.874582760036 20.51485873758793 7
    endloop
  endfacet
  facet normal 0.9415440654740516 -0.33688985257884385 0
    outer loop
      vertex 213.22492603957653 23.774875812232494 4
      vertex 213.22492603957653 23.774875812232494 7
      vertex 212.62983158230782 22.11169821768999 7
    endloop
  endfacet
  facet normal 0.9700312524599017 -0.24298018283612022 0
    outer loop
      vertex 213.65413504838943 25.488374203443527 4
      vertex 213.65413504838943 25.488374203443527 7
      vertex 213.22492603957653 23.774875812232494 7
    endloop
  endfacet
  facet normal 0.9891765101545754 -0.14673047317587162 0
    outer loop
      vertex 213.91332507878542 27.235691472887993 4
      vertex 213.91332507878542 27.235691472887993 7
      vertex 213.65413504838943 25.488374203443527 7
    endloop
  endfacet
  facet normal 0 0 1
    outer loop
      vertex 197.764308527112 11.08667492121458 7
      vertex 199.51162579655647 11.345864951610565 7
      vertex 197.47025710344315 14.072229102253914 7
    endloop
  endfacet
  facet normal 0 0 1
    outer loop
      vertex 196 14 7
      vertex 197.764308527112 11.08667492121458 7
      vertex 197.47025710344315 14.072229102253914 7
    endloop
  endfacet
  facet normal 0 0 1
    outer loop
      vertex 199.51162579655647 11.345864951610565 7
      vertex 198.92635483294725 14.288220793008804 7
      vertex 197.47025710344315 14.072229102253914 7
    endloop
  endfacet
  facet normal 0 0 1
    outer loop
      vertex 199.51162579655647 11.345864951610565 7
      vertex 201.2251241877675 11.77507396042347 7
      vertex 198.92635483294725 14.288220793008804 7
    endloop
  endfacet
  facet normal 0 0 1
    outer loop
      vertex 201.2251241877675 11.77507396042347 7
      vertex 200.3542701601982 14.645894967019558 7
      vertex 198.92635483294725 14.288220793008804 7
    endloop
  endfacet
  facet normal 0 0 1
    outer loop
      vertex 201.2251241877675 11.77507396042347 7
      vertex 202.88830178231 12.370168417692184 7
      vertex 200.3542701601982 14.645894967019558 7
    endloop
  endfacet
  facet normal 0 0 1
    outer loop
      vertex 202.88830178231 12.370168417692184 7
      vertex 201.74025148898363 15.14180701225996 7
      vertex 200.3542701601982 14.645894967019558 7
    endloop
  endfacet
  facet normal 0 0 1
    outer loop
      vertex 202.88830178231 12.370168417692184 7
      vertex 204.48514126241207 13.125417239964008 7
      vertex 201.74025148898363 15.14180701225996 7
    endloop
  endfacet
  facet normal 0 0 1
    outer loop
      vertex 204.48514126241207 13.125417239964008 7
      vertex 203.07095105201006 15.771181032061577 7
      vertex 201.74025148898363 15.14180701225996 7
    endloop
  endfacet
  facet normal 0 0 1
    outer loop
      vertex 204.48514126241207 13.125417239964008 7
      vertex 206.00026419758797 14.033546976745129 7
      vertex 203.07095105201006 15.771181032061577 7
    endloop
  endfacet
  facet normal 0 0 1
    outer loop
      vertex 206.00026419758797 14.033546976745129 7
      vertex 204.33355349302292 16.527955815196037 7
      vertex 203.07095105201006 15.771181032061577 7
    endloop
  endfacet
  facet normal 0 0 1
    outer loop
      vertex 206.00026419758797 14.033546976745129 7
      vertex 207.41907911747694 15.085811838507652 7
      vertex 204.33355349302292 16.527955815196037 7
    endloop
  endfacet
  facet normal 0 0 1
    outer loop
      vertex 204.33355349302292 16.527955815196037 7
      vertex 207.41907911747694 15.085811838507652 7
      vertex 205.51589926332235 17.40484319627285 7
    endloop
  endfacet
  facet normal 0 0 1
    outer loop
      vertex 205.51589926332235 17.40484319627285 7
      vertex 207.41907911747694 15.085811838507652 7
      vertex 208.72792205959558 16.272077940404415 7
    endloop
  endfacet
  facet normal 0 0 1
    outer loop
      vertex 205.51589926332235 17.40484319627285 7
      vertex 208.72792205959558 16.272077940404415 7
      vertex 206.6066017150879 18.39339828491211 7
    endloop
  endfacet
  facet normal 0 0 1
    outer loop
      vertex 206.6066017150879 18.39339828491211 7
      vertex 208.72792205959558 16.272077940404415 7
      vertex 209.91418816149235 17.58092088252306 7
    endloop
  endfacet
  facet normal 0 0 1
    outer loop
      vertex 206.6066017150879 18.39339828491211 7
      vertex 209.91418816149235 17.58092088252306 7
      vertex 207.59515680372715 19.484100736677647 7
    endloop
  endfacet
  facet normal 0 0 1
    outer loop
      vertex 207.59515680372715 19.484100736677647 7
      vertex 210.96645302325487 18.999735802412033 7
      vertex 208.47204418480396 20.66644650697708 7
    endloop
  endfacet
  facet normal 0 0 1
    outer loop
      vertex 207.59515680372715 19.484100736677647 7
      vertex 209.91418816149235 17.58092088252306 7
      vertex 210.96645302325487 18.999735802412033 7
    endloop
  endfacet
  facet normal 0 0 1
    outer loop
      vertex 208.47204418480396 20.66644650697708 7
      vertex 211.874582760036 20.51485873758793 7
      vertex 209.22881896793842 21.92904894798994 7
    endloop
  endfacet
  facet normal 0 0 1
    outer loop
      vertex 208.47204418480396 20.66644650697708 7
      vertex 210.96645302325487 18.999735802412033 7
      vertex 211.874582760036 20.51485873758793 7
    endloop
  endfacet
  facet normal 0 0 1
    outer loop
      vertex 209.22881896793842 21.92904894798994 7
      vertex 212.62983158230782 22.11169821768999 7
      vertex 209.85819298774004 23.25974851101637 7
    endloop
  endfacet
  facet normal 0 0 1
    outer loop
      vertex 209.22881896793842 21.92904894798994 7
      vertex 211.874582760036 20.51485873758793 7
      vertex 212.62983158230782 22.11169821768999 7
    endloop
  endfacet
  facet normal 0 0 1
    outer loop
      vertex 209.85819298774004 23.25974851101637 7
      vertex 213.22492603957653 23.774875812232494 7
      vertex 210.35410503298044 24.64572983980179 7
    endloop
  endfacet
  facet normal 0 0 1
    outer loop
      vertex 209.85819298774004 23.25974851101637 7
      vertex 212.62983158230782 22.11169821768999 7
      vertex 213.22492603957653 23.774875812232494 7
    endloop
  endfacet
  facet normal 0 0 1
    outer loop
      vertex 210.35410503298044 24.64572983980179 7
      vertex 213.65413504838943 25.488374203443527 7
      vertex 210.7117792069912 26.073645167052746 7
    endloop
  endfacet
  facet normal 0 0 1
    outer loop
      vertex 210.35410503298044 24.64572983980179 7
      vertex 213.22492603957653 23.774875812232494 7
      vertex 213.65413504838943 25.488374203443527 7
    endloop
  endfacet
  facet normal 0 0 1
    outer loop
      vertex 210.7117792069912 26.073645167052746 7
      vertex 213.91332507878542 27.235691472887993 7
      vertex 210.9277708977461 27.529742896556854 7
    endloop
  endfacet
  facet normal 0 0 1
    outer loop
      vertex 210.7117792069912 26.073645167052746 7
      vertex 213.65413504838943 25.488374203443527 7
      vertex 213.91332507878542 27.235691472887993 7
    endloop
  endfacet
  facet normal 0 0 1
    outer loop
      vertex 210.9277708977461 27.529742896556854 7
      vertex 213.91332507878542 27.235691472887993 7
      vertex 214 29 7
    endloop
  endfacet
  facet normal -0.9987954561249168 0.049067675961057426 0
    outer loop
      vertex 211 29 4
      vertex 210.9277708977461 27.529742896556854 7
      vertex 211 29 7
    endloop
  endfacet
  facet normal 0.9987954561703211 -0.049067675036831966 0
    outer loop
      vertex 214 29 4
      vertex 214 29 7
      vertex 213.91332507878542 27.235691472887993 7
    endloop
  endfacet
  facet normal 0 0 1
    outer loop
      vertex 210.9277708977461 27.529742896556854 7
      vertex 214 29 7
      vertex 211 29 7
    endloop
  endfacet
  facet normal -1 0 0
    outer loop
      vertex 211 29 4
      vertex 211 29 7
      vertex 211 196 4
    endloop
  endfacet
  facet normal 1 0 0
    outer loop
      vertex 214 29 4
      vertex 214 196 4
      vertex 214 29 7
    endloop
  endfacet
  facet normal 0 0 1
    outer loop
      vertex 211 29 7
      vertex 214 29 7
      vertex 211 196 7
    endloop
  endfacet
  facet normal 0 -1 0
    outer loop
      vertex 29 211 4
      vertex 196 211 4
      vertex 196 211 7
    endloop
  endfacet
  facet normal 0 1 0
    outer loop
      vertex 29 214 4
      vertex 196 214 7
      vertex 196 214 4
    endloop
  endfacet
  facet normal 0 0 1
    outer loop
      vertex 29 211 7
      vertex 196 211 7
      vertex 196 214 7
    endloop
  endfacet
  facet normal -1 0 0
    outer loop
      vertex 211 29 7
      vertex 211 196 7
      vertex 211 196 4
    endloop
  endfacet
  facet normal 1 0 0
    outer loop
      vertex 214 29 7
      vertex 214 196 4
      vertex 214 196 7
    endloop
  endfacet
  facet normal 0 0 1
    outer loop
      vertex 214 29 7
      vertex 214 196 7
      vertex 211 196 7
    endloop
  endfacet
  facet normal -0.9987954561249168 -0.049067675961057426 0
    outer loop
      vertex 211 196 4
      vertex 211 196 7
      vertex 210.9277708977461 197.47025710344315 4
    endloop
  endfacet
  facet normal 0.9987954561703211 0.049067675036831966 0
    outer loop
      vertex 214 196 4
      vertex 213.91332507878542 197.764308527112 4
      vertex 214 196 7
    endloop
  endfacet
  facet normal -0.14673047186070962 -0.9891765103496613 0
    outer loop
      vertex 197.47025710344315 210.9277708977461 4
      vertex 198.92635483294725 210.7117792069912 4
      vertex 198.92635483294725 210.7117792069912 7
    endloop
  endfacet
  facet normal -0.24298018263729168 -0.9700312525097057 -1.2570201824870754e-17
    outer loop
      vertex 198.92635483294725 210.7117792069912 4
      vertex 200.3542701601982 210.35410503298044 4
      vertex 200.3542701601982 210.35410503298044 7
    endloop
  endfacet
  facet normal -0.3368898510831819 -0.9415440660092079 0
    outer loop
      vertex 200.3542701601982 210.35410503298044 4
      vertex 201.74025148898363 209.85819298774004 4
      vertex 201.74025148898363 209.85819298774004 7
    endloop
  endfacet
  facet normal -0.42755509298402233 -0.9039892933345085 0
    outer loop
      vertex 201.74025148898363 209.85819298774004 4
      vertex 203.07095105201006 209.22881896793842 4
      vertex 203.07095105201006 209.22881896793842 7
    endloop
  endfacet
  facet normal -0.9891765103496613 -0.14673047186070962 0
    outer loop
      vertex 210.9277708977461 197.47025710344315 4
      vertex 210.9277708977461 197.47025710344315 7
      vertex 210.7117792069912 198.92635483294725 4
    endloop
  endfacet
  facet normal -0.9700312525097057 -0.24298018263729168 0
    outer loop
      vertex 210.7117792069912 198.92635483294725 4
      vertex 210.7117792069912 198.92635483294725 7
      vertex 210.35410503298044 200.3542701601982 4
    endloop
  endfacet
  facet normal -0.8577286089275913 -0.5141027459828816 0
    outer loop
      vertex 209.22881896793842 203.07095105201006 4
      vertex 209.22881896793842 203.07095105201006 7
      vertex 208.47204418480396 204.33355349302292 4
    endloop
  endfacet
  facet normal -0.9415440660092079 -0.3368898510831819 0
    outer loop
      vertex 210.35410503298044 200.3542701601982 4
      vertex 210.35410503298044 200.3542701601982 7
      vertex 209.85819298774004 201.74025148898363 4
    endloop
  endfacet
  facet normal -0.9039892933345085 -0.42755509298402233 0
    outer loop
      vertex 209.85819298774004 201.74025148898363 4
      vertex 209.85819298774004 201.74025148898363 7
      vertex 209.22881896793842 203.07095105201006 4
    endloop
  endfacet
  facet normal -0.671558958292917 -0.7409511222317788 0
    outer loop
      vertex 206.6066017150879 206.6066017150879 4
      vertex 206.6066017150879 206.6066017150879 7
      vertex 205.51589926332235 207.59515680372715 4
    endloop
  endfacet
  facet normal -0.7409511222317788 -0.671558958292917 -2.514040362068133e-17
    outer loop
      vertex 206.6066017150879 206.6066017150879 4
      vertex 207.59515680372715 205.51589926332235 4
      vertex 207.59515680372715 205.51589926332235 7
    endloop
  endfacet
  facet normal -0.5141027459828816 -0.8577286089275913 0
    outer loop
      vertex 203.07095105201006 209.22881896793842 4
      vertex 204.33355349302292 208.47204418480396 4
      vertex 204.33355349302292 208.47204418480396 7
    endloop
  endfacet
  facet normal -0.5956993021484964 -0.803207533219027 0
    outer loop
      vertex 204.33355349302292 208.47204418480396 4
      vertex 205.51589926332235 207.59515680372715 4
      vertex 205.51589926332235 207.59515680372715 7
    endloop
  endfacet
  facet normal 0.5956993049920405 0.8032075311101111 0
    outer loop
      vertex 207.41907911747694 209.91418816149235 4
      vertex 206.00026419758797 210.96645302325487 4
      vertex 207.41907911747694 209.91418816149235 7
    endloop
  endfacet
  facet normal -0.803207533219027 -0.5956993021484964 0
    outer loop
      vertex 207.59515680372715 205.51589926332235 4
      vertex 208.47204418480396 204.33355349302292 4
      vertex 208.47204418480396 204.33355349302292 7
    endloop
  endfacet
  facet normal 0.8032075311101111 0.5956993049920405 -1.0475168185438326e-17
    outer loop
      vertex 209.91418816149235 207.41907911747694 4
      vertex 210.96645302325487 206.00026419758797 7
      vertex 210.96645302325487 206.00026419758797 4
    endloop
  endfacet
  facet normal 0.6715589569035322 0.7409511234910436 2.0950336386173393e-17
    outer loop
      vertex 207.41907911747694 209.91418816149235 4
      vertex 208.72792205959558 208.72792205959558 7
      vertex 208.72792205959558 208.72792205959558 4
    endloop
  endfacet
  facet normal 0.7409511234910436 0.6715589569035322 0
    outer loop
      vertex 209.91418816149235 207.41907911747694 4
      vertex 208.72792205959558 208.72792205959558 4
      vertex 209.91418816149235 207.41907911747694 7
    endloop
  endfacet
  facet normal -0.049067675961057426 -0.9987954561249168 0
    outer loop
      vertex 196 211 4
      vertex 197.47025710344315 210.9277708977461 4
      vertex 197.47025710344315 210.9277708977461 7
    endloop
  endfacet
  facet normal 0.049067675036831966 0.9987954561703211 0
    outer loop
      vertex 196 214 4
      vertex 197.764308527112 213.91332507878542 7
      vertex 197.764308527112 213.91332507878542 4
    endloop
  endfacet
  facet normal 0.14673047317587162 0.9891765101545754 0
    outer loop
      vertex 197.764308527112 213.91332507878542 4
      vertex 199.51162579655647 213.65413504838943 7
      vertex 199.51162579655647 213.65413504838943 4
    endloop
  endfacet
  facet normal 0.24298018283612022 0.9700312524599017 0
    outer loop
      vertex 199.51162579655647 213.65413504838943 4
      vertex 201.2251241877675 213.22492603957653 7
      vertex 201.2251241877675 213.22492603957653 4
    endloop
  endfacet
  facet normal 0.33688985257884385 0.9415440654740516 0
    outer loop
      vertex 201.2251241877675 213.22492603957653 4
      vertex 202.88830178231 212.62983158230782 7
      vertex 202.88830178231 212.62983158230782 4
    endloop
  endfacet
  facet normal 0.42755509131652325 0.9039892941231769 1.0475168197933567e-17
    outer loop
      vertex 202.88830178231 212.62983158230782 4
      vertex 204.48514126241207 211.874582760036 7
      vertex 204.48514126241207 211.874582760036 4
    endloop
  endfacet
  facet normal 0.5141027432537245 0.8577286105633851 0
    outer loop
      vertex 204.48514126241207 211.874582760036 4
      vertex 206.00026419758797 210.96645302325487 7
      vertex 206.00026419758797 210.96645302325487 4
    endloop
  endfacet
  facet normal 0.9891765101545754 0.14673047317587162 0
    outer loop
      vertex 213.91332507878542 197.764308527112 4
      vertex 213.65413504838943 199.51162579655647 4
      vertex 213.91332507878542 197.764308527112 7
    endloop
  endfacet
  facet normal 0.9700312524599017 0.24298018283612022 0
    outer loop
      vertex 213.65413504838943 199.51162579655647 4
      vertex 213.22492603957653 201.2251241877675 4
      vertex 213.65413504838943 199.51162579655647 7
    endloop
  endfacet
  facet normal 0.9039892941231769 0.42755509131652325 0
    outer loop
      vertex 212.62983158230782 202.88830178231 4
      vertex 211.874582760036 204.48514126241207 4
      vertex 212.62983158230782 202.88830178231 7
    endloop
  endfacet
  facet normal 0.9415440654740516 0.33688985257884385 0
    outer loop
      vertex 212.62983158230782 202.88830178231 4
      vertex 213.22492603957653 201.2251241877675 7
      vertex 213.22492603957653 201.2251241877675 4
    endloop
  endfacet
  facet normal 0.8577286105633851 0.5141027432537245 0
    outer loop
      vertex 211.874582760036 204.48514126241207 4
      vertex 210.96645302325487 206.00026419758797 4
      vertex 211.874582760036 204.48514126241207 7
    endloop
  endfacet
  facet normal -0.049067675961057426 -0.9987954561249168 0
    outer loop
      vertex 196 211 4
      vertex 197.47025710344315 210.9277708977461 7
      vertex 196 211 7
    endloop
  endfacet
  facet normal 0.049067675036831966 0.9987954561703211 0
    outer loop
      vertex 196 214 4
      vertex 196 214 7
      vertex 197.764308527112 213.91332507878542 7
    endloop
  endfacet
  facet normal 0 0 1
    outer loop
      vertex 196 211 7
      vertex 197.764308527112 213.91332507878542 7
      vertex 196 214 7
    endloop
  endfacet
  facet normal 0 0 1
    outer loop
      vertex 211 196 7
      vertex 214 196 7
      vertex 210.9277708977461 197.47025710344315 7
    endloop
  endfacet
  facet normal -0.14673047186070962 -0.9891765103496613 0
    outer loop
      vertex 197.47025710344315 210.9277708977461 4
      vertex 198.92635483294725 210.7117792069912 7
      vertex 197.47025710344315 210.9277708977461 7
    endloop
  endfacet
  facet normal -0.24298018263729168 -0.9700312525097057 0
    outer loop
      vertex 198.92635483294725 210.7117792069912 4
      vertex 200.3542701601982 210.35410503298044 7
      vertex 198.92635483294725 210.7117792069912 7
    endloop
  endfacet
  facet normal -0.3368898510831819 -0.9415440660092079 0
    outer loop
      vertex 200.3542701601982 210.35410503298044 4
      vertex 201.74025148898363 209.85819298774004 7
      vertex 200.3542701601982 210.35410503298044 7
    endloop
  endfacet
  facet normal -0.5141027459828816 -0.8577286089275913 0
    outer loop
      vertex 203.07095105201006 209.22881896793842 4
      vertex 204.33355349302292 208.47204418480396 7
      vertex 203.07095105201006 209.22881896793842 7
    endloop
  endfacet
  facet normal -0.42755509298402233 -0.9039892933345085 0
    outer loop
      vertex 201.74025148898363 209.85819298774004 4
      vertex 203.07095105201006 209.22881896793842 7
      vertex 201.74025148898363 209.85819298774004 7
    endloop
  endfacet
  facet normal -0.9891765103496613 -0.14673047186070962 0
    outer loop
      vertex 210.7117792069912 198.92635483294725 4
      vertex 210.9277708977461 197.47025710344315 7
      vertex 210.7117792069912 198.92635483294725 7
    endloop
  endfacet
  facet normal -0.9700312525097057 -0.24298018263729168 0
    outer loop
      vertex 210.35410503298044 200.3542701601982 4
      vertex 210.7117792069912 198.92635483294725 7
      vertex 210.35410503298044 200.3542701601982 7
    endloop
  endfacet
  facet normal -0.9415440660092079 -0.3368898510831819 0
    outer loop
      vertex 209.85819298774004 201.74025148898363 4
      vertex 210.35410503298044 200.3542701601982 7
      vertex 209.85819298774004 201.74025148898363 7
    endloop
  endfacet
  facet normal -0.9039892933345085 -0.42755509298402233 0
    outer loop
      vertex 209.22881896793842 203.07095105201006 4
      vertex 209.85819298774004 201.74025148898363 7
      vertex 209.22881896793842 203.07095105201006 7
    endloop
  endfacet
  facet normal -0.671558958292917 -0.7409511222317788 0
    outer loop
      vertex 205.51589926332235 207.59515680372715 4
      vertex 206.6066017150879 206.6066017150879 7
      vertex 205.51589926332235 207.59515680372715 7
    endloop
  endfacet
  facet normal -0.7409511222317788 -0.671558958292917 0
    outer loop
      vertex 206.6066017150879 206.6066017150879 4
      vertex 207.59515680372715 205.51589926332235 7
      vertex 206.6066017150879 206.6066017150879 7
    endloop
  endfacet
  facet normal -0.5956993021484964 -0.803207533219027 0
    outer loop
      vertex 204.33355349302292 208.47204418480396 4
      vertex 205.51589926332235 207.59515680372715 7
      vertex 204.33355349302292 208.47204418480396 7
    endloop
  endfacet
  facet normal 0.5956993049920405 0.8032075311101111 0
    outer loop
      vertex 206.00026419758797 210.96645302325487 4
      vertex 206.00026419758797 210.96645302325487 7
      vertex 207.41907911747694 209.91418816149235 7
    endloop
  endfacet
  facet normal -0.803207533219027 -0.5956993021484964 0
    outer loop
      vertex 207.59515680372715 205.51589926332235 4
      vertex 208.47204418480396 204.33355349302292 7
      vertex 207.59515680372715 205.51589926332235 7
    endloop
  endfacet
  facet normal -0.8577286089275913 -0.5141027459828816 0
    outer loop
      vertex 208.47204418480396 204.33355349302292 4
      vertex 209.22881896793842 203.07095105201006 7
      vertex 208.47204418480396 204.33355349302292 7
    endloop
  endfacet
  facet normal 0.8032075311101111 0.5956993049920405 0
    outer loop
      vertex 209.91418816149235 207.41907911747694 4
      vertex 209.91418816149235 207.41907911747694 7
      vertex 210.96645302325487 206.00026419758797 7
    endloop
  endfacet
  facet normal 0.7409511234910436 0.6715589569035322 0
    outer loop
      vertex 208.72792205959558 208.72792205959558 4
      vertex 208.72792205959558 208.72792205959558 7
      vertex 209.91418816149235 207.41907911747694 7
    endloop
  endfacet
  facet normal 0.6715589569035322 0.7409511234910436 0
    outer loop
      vertex 207.41907911747694 209.91418816149235 4
      vertex 207.41907911747694 209.91418816149235 7
      vertex 208.72792205959558 208.72792205959558 7
    endloop
  endfacet
  facet normal 0.14673047317587162 0.9891765101545754 0
    outer loop
      vertex 197.764308527112 213.91332507878542 4
      vertex 197.764308527112 213.91332507878542 7
      vertex 199.51162579655647 213.65413504838943 7
    endloop
  endfacet
  facet normal 0.24298018283612022 0.9700312524599017 0
    outer loop
      vertex 199.51162579655647 213.65413504838943 4
      vertex 199.51162579655647 213.65413504838943 7
      vertex 201.2251241877675 213.22492603957653 7
    endloop
  endfacet
  facet normal 0.33688985257884385 0.9415440654740516 0
    outer loop
      vertex 201.2251241877675 213.22492603957653 4
      vertex 201.2251241877675 213.22492603957653 7
      vertex 202.88830178231 212.62983158230782 7
    endloop
  endfacet
  facet normal 0.42755509131652325 0.9039892941231769 0
    outer loop
      vertex 202.88830178231 212.62983158230782 4
      vertex 202.88830178231 212.62983158230782 7
      vertex 204.48514126241207 211.874582760036 7
    endloop
  endfacet
  facet normal 0.5141027432537245 0.8577286105633851 0
    outer loop
      vertex 204.48514126241207 211.874582760036 4
      vertex 204.48514126241207 211.874582760036 7
      vertex 206.00026419758797 210.96645302325487 7
    endloop
  endfacet
  facet normal -0.9987954561249168 -0.049067675961057426 0
    outer loop
      vertex 210.9277708977461 197.47025710344315 4
      vertex 211 196 7
      vertex 210.9277708977461 197.47025710344315 7
    endloop
  endfacet
  facet normal 0.9987954561703211 0.049067675036831966 0
    outer loop
      vertex 213.91332507878542 197.764308527112 4
      vertex 213.91332507878542 197.764308527112 7
      vertex 214 196 7
    endloop
  endfacet
  facet normal 0.9891765101545754 0.14673047317587162 0
    outer loop
      vertex 213.65413504838943 199.51162579655647 4
      vertex 213.65413504838943 199.51162579655647 7
      vertex 213.91332507878542 197.764308527112 7
    endloop
  endfacet
  facet normal 0.9700312524599017 0.24298018283612022 0
    outer loop
      vertex 213.22492603957653 201.2251241877675 4
      vertex 213.22492603957653 201.2251241877675 7
      vertex 213.65413504838943 199.51162579655647 7
    endloop
  endfacet
  facet normal 0.9415440654740516 0.33688985257884385 0
    outer loop
      vertex 212.62983158230782 202.88830178231 4
      vertex 212.62983158230782 202.88830178231 7
      vertex 213.22492603957653 201.2251241877675 7
    endloop
  endfacet
  facet normal 0.8577286105633851 0.5141027432537245 0
    outer loop
      vertex 210.96645302325487 206.00026419758797 4
      vertex 210.96645302325487 206.00026419758797 7
      vertex 211.874582760036 204.48514126241207 7
    endloop
  endfacet
  facet normal 0.9039892941231769 0.42755509131652325 0
    outer loop
      vertex 211.874582760036 204.48514126241207 4
      vertex 211.874582760036 204.48514126241207 7
      vertex 212.62983158230782 202.88830178231 7
    endloop
  endfacet
  facet normal 0 0 1
    outer loop
      vertex 201.74025148898363 209.85819298774004 7
      vertex 203.07095105201006 209.22881896793842 7
      vertex 204.48514126241207 211.874582760036 7
    endloop
  endfacet
  facet normal 0 0 1
    outer loop
      vertex 209.85819298774004 201.74025148898363 7
      vertex 212.62983158230782 202.88830178231 7
      vertex 209.22881896793842 203.07095105201006 7
    endloop
  endfacet
  facet normal 0 0 1
    outer loop
      vertex 203.07095105201006 209.22881896793842 7
      vertex 204.33355349302292 208.47204418480396 7
      vertex 206.00026419758797 210.96645302325487 7
    endloop
  endfacet
  facet normal 0 0 1
    outer loop
      vertex 203.07095105201006 209.22881896793842 7
      vertex 206.00026419758797 210.96645302325487 7
      vertex 204.48514126241207 211.874582760036 7
    endloop
  endfacet
  facet normal 0 0 1
    outer loop
      vertex 204.33355349302292 208.47204418480396 7
      vertex 205.51589926332235 207.59515680372715 7
      vertex 207.41907911747694 209.91418816149235 7
    endloop
  endfacet
  facet normal 0 0 1
    outer loop
      vertex 206.6066017150879 206.6066017150879 7
      vertex 208.72792205959558 208.72792205959558 7
      vertex 205.51589926332235 207.59515680372715 7
    endloop
  endfacet
  facet normal 0 0 1
    outer loop
      vertex 205.51589926332235 207.59515680372715 7
      vertex 208.72792205959558 208.72792205959558 7
      vertex 207.41907911747694 209.91418816149235 7
    endloop
  endfacet
  facet normal 0 0 1
    outer loop
      vertex 204.33355349302292 208.47204418480396 7
      vertex 207.41907911747694 209.91418816149235 7
      vertex 206.00026419758797 210.96645302325487 7
    endloop
  endfacet
  facet normal 0 0 1
    outer loop
      vertex 207.59515680372715 205.51589926332235 7
      vertex 208.47204418480396 204.33355349302292 7
      vertex 210.96645302325487 206.00026419758797 7
    endloop
  endfacet
  facet normal 0 0 1
    outer loop
      vertex 206.6066017150879 206.6066017150879 7
      vertex 207.59515680372715 205.51589926332235 7
      vertex 209.91418816149235 207.41907911747694 7
    endloop
  endfacet
  facet normal 0 0 1
    outer loop
      vertex 209.22881896793842 203.07095105201006 7
      vertex 211.874582760036 204.48514126241207 7
      vertex 208.47204418480396 204.33355349302292 7
    endloop
  endfacet
  facet normal 0 0 1
    outer loop
      vertex 208.47204418480396 204.33355349302292 7
      vertex 211.874582760036 204.48514126241207 7
      vertex 210.96645302325487 206.00026419758797 7
    endloop
  endfacet
  facet normal 0 0 1
    outer loop
      vertex 207.59515680372715 205.51589926332235 7
      vertex 210.96645302325487 206.00026419758797 7
      vertex 209.91418816149235 207.41907911747694 7
    endloop
  endfacet
  facet normal 0 0 1
    outer loop
      vertex 206.6066017150879 206.6066017150879 7
      vertex 209.91418816149235 207.41907911747694 7
      vertex 208.72792205959558 208.72792205959558 7
    endloop
  endfacet
  facet normal 0 0 1
    outer loop
      vertex 196 211 7
      vertex 197.47025710344315 210.9277708977461 7
      vertex 197.764308527112 213.91332507878542 7
    endloop
  endfacet
  facet normal 0 0 1
    outer loop
      vertex 197.47025710344315 210.9277708977461 7
      vertex 199.51162579655647 213.65413504838943 7
      vertex 197.764308527112 213.91332507878542 7
    endloop
  endfacet
  facet normal 0 0 1
    outer loop
      vertex 197.47025710344315 210.9277708977461 7
      vertex 198.92635483294725 210.7117792069912 7
      vertex 199.51162579655647 213.65413504838943 7
    endloop
  endfacet
  facet normal 0 0 1
    outer loop
      vertex 198.92635483294725 210.7117792069912 7
      vertex 200.3542701601982 210.35410503298044 7
      vertex 201.2251241877675 213.22492603957653 7
    endloop
  endfacet
  facet normal 0 0 1
    outer loop
      vertex 198.92635483294725 210.7117792069912 7
      vertex 201.2251241877675 213.22492603957653 7
      vertex 199.51162579655647 213.65413504838943 7
    endloop
  endfacet
  facet normal 0 0 1
    outer loop
      vertex 200.3542701601982 210.35410503298044 7
      vertex 201.74025148898363 209.85819298774004 7
      vertex 202.88830178231 212.62983158230782 7
    endloop
  endfacet
  facet normal 0 0 1
    outer loop
      vertex 200.3542701601982 210.35410503298044 7
      vertex 202.88830178231 212.62983158230782 7
      vertex 201.2251241877675 213.22492603957653 7
    endloop
  endfacet
  facet normal 0 0 1
    outer loop
      vertex 201.74025148898363 209.85819298774004 7
      vertex 204.48514126241207 211.874582760036 7
      vertex 202.88830178231 212.62983158230782 7
    endloop
  endfacet
  facet normal 0 0 1
    outer loop
      vertex 210.9277708977461 197.47025710344315 7
      vertex 213.91332507878542 197.764308527112 7
      vertex 210.7117792069912 198.92635483294725 7
    endloop
  endfacet
  facet normal 0 0 1
    outer loop
      vertex 210.7117792069912 198.92635483294725 7
      vertex 213.65413504838943 199.51162579655647 7
      vertex 210.35410503298044 200.3542701601982 7
    endloop
  endfacet
  facet normal 0 0 1
    outer loop
      vertex 210.35410503298044 200.3542701601982 7
      vertex 213.65413504838943 199.51162579655647 7
      vertex 213.22492603957653 201.2251241877675 7
    endloop
  endfacet
  facet normal 0 0 1
    outer loop
      vertex 214 196 7
      vertex 213.91332507878542 197.764308527112 7
      vertex 210.9277708977461 197.47025710344315 7
    endloop
  endfacet
  facet normal 0 0 1
    outer loop
      vertex 210.7117792069912 198.92635483294725 7
      vertex 213.91332507878542 197.764308527112 7
      vertex 213.65413504838943 199.51162579655647 7
    endloop
  endfacet
  facet normal 0 0 1
    outer loop
      vertex 210.35410503298044 200.3542701601982 7
      vertex 213.22492603957653 201.2251241877675 7
      vertex 209.85819298774004 201.74025148898363 7
    endloop
  endfacet
  facet normal 0 0 1
    outer loop
      vertex 209.85819298774004 201.74025148898363 7
      vertex 213.22492603957653 201.2251241877675 7
      vertex 212.62983158230782 202.88830178231 7
    endloop
  endfacet
  facet normal 0 0 1
    outer loop
      vertex 209.22881896793842 203.07095105201006 7
      vertex 212.62983158230782 202.88830178231 7
      vertex 211.874582760036 204.48514126241207 7
    endloop
  endfacet
  facet normal -0.8577286047505206 -0.5141027529519028 0
    outer loop
      vertex 3.4269171357154846 4.944363720715046 4
      vertex 3.149433046579361 5.407317943871021 5.5
      vertex 3.149433046579361 5.407317943871021 4
    endloop
  endfacet
  facet normal -0.9039892924068308 -0.42755509494543203 0
    outer loop
      vertex 2.9186625704169273 5.895241118967533 4
      vertex 3.149433046579361 5.407317943871021 4
      vertex 2.9186625704169273 5.895241118967533 5.5
    endloop
  endfacet
  facet normal -0.9415440679601573 -0.33688984563064345 0
    outer loop
      vertex 2.9186625704169273 5.895241118967533 4
      vertex 2.7368281558156013 6.4034342765808105 5.5
      vertex 2.7368281558156013 6.4034342765808105 4
    endloop
  endfacet
  facet normal -0.9700312516686224 -0.24298018599508478 0
    outer loop
      vertex 2.6056809574365616 6.927003227174282 4
      vertex 2.7368281558156013 6.4034342765808105 4
      vertex 2.6056809574365616 6.927003227174282 5.5
    endloop
  endfacet
  facet normal -0.5141027529519028 -0.8577286047505206 0
    outer loop
      vertex 4.944363720715046 3.4269171357154846 4
      vertex 5.407317943871021 3.149433046579361 4
      vertex 4.944363720715046 3.4269171357154846 5.5
    endloop
  endfacet
  facet normal -0.42755509494543203 -0.9039892924068308 0
    outer loop
      vertex 5.407317943871021 3.149433046579361 4
      vertex 5.895241118967533 2.9186625704169273 4
      vertex 5.407317943871021 3.149433046579361 5.5
    endloop
  endfacet
  facet normal -0.33688984563064345 -0.9415440679601573 0
    outer loop
      vertex 5.895241118967533 2.9186625704169273 4
      vertex 6.4034342765808105 2.7368281558156013 4
      vertex 5.895241118967533 2.9186625704169273 5.5
    endloop
  endfacet
  facet normal -0.24298018599508478 -0.9700312516686224 0
    outer loop
      vertex 6.927003227174282 2.6056809574365616 4
      vertex 6.4034342765808105 2.7368281558156013 5.5
      vertex 6.4034342765808105 2.7368281558156013 4
    endloop
  endfacet
  facet normal -0.7409511273905831 -0.6715589526010535 0
    outer loop
      vertex 4.110912702977657 4.110912702977657 4
      vertex 3.7484425082802773 4.510836936533451 5.5
      vertex 3.7484425082802773 4.510836936533451 4
    endloop
  endfacet
  facet normal -0.6715589526010535 -0.7409511273905831 0
    outer loop
      vertex 4.110912702977657 4.110912702977657 4
      vertex 4.510836936533451 3.7484425082802773 4
      vertex 4.110912702977657 4.110912702977657 5.5
    endloop
  endfacet
  facet normal -0.8032075348023091 -0.5956993000136876 0
    outer loop
      vertex 3.4269171357154846 4.944363720715046 4
      vertex 3.7484425082802773 4.510836936533451 4
      vertex 3.4269171357154846 4.944363720715046 5.5
    endloop
  endfacet
  facet normal -0.5956993000136876 -0.8032075348023091 0
    outer loop
      vertex 4.944363720715046 3.4269171357154846 4
      vertex 4.510836936533451 3.7484425082802773 5.5
      vertex 4.510836936533451 3.7484425082802773 4
    endloop
  endfacet
  facet normal 0.8032075343462968 0.595699300628549 0
    outer loop
      vertex 5.294463410973549 5.779623508453369 5.5
      vertex 5.294463410973549 5.779623508453369 4.010000000000005
      vertex 5.08985635638237 6.055504187941551 4.010000000000005
    endloop
  endfacet
  facet normal 0.9415440640292254 0.3368898566168623 0
    outer loop
      vertex 4.766421638429165 6.660607986152172 5.5
      vertex 4.766421638429165 6.660607986152172 4.010000000000005
      vertex 4.650708824396133 6.984003633260727 4.010000000000005
    endloop
  endfacet
  facet normal 0.8577286082315031 0.5141027471442343 0
    outer loop
      vertex 5.08985635638237 6.055504187941551 5.5
      vertex 5.08985635638237 6.055504187941551 4.010000000000005
      vertex 4.9132755771279335 6.3501114174723625 4.010000000000005
    endloop
  endfacet
  facet normal 0.9039892946109567 0.42755509028519917 0
    outer loop
      vertex 4.9132755771279335 6.3501114174723625 5.5
      vertex 4.9132755771279335 6.3501114174723625 4.010000000000005
      vertex 4.766421638429165 6.660607986152172 4.010000000000005
    endloop
  endfacet
  facet normal 0.595699300628549 0.8032075343462968 0
    outer loop
      vertex 6.055504187941551 5.08985635638237 5.5
      vertex 6.055504187941551 5.08985635638237 4.010000000000005
      vertex 5.779623508453369 5.294463410973549 4.010000000000005
    endloop
  endfacet
  facet normal 0.42755509028519917 0.9039892946109567 0
    outer loop
      vertex 6.660607986152172 4.766421638429165 5.5
      vertex 6.660607986152172 4.766421638429165 4.010000000000005
      vertex 6.3501114174723625 4.9132755771279335 4.010000000000005
    endloop
  endfacet
  facet normal 0.5141027471442343 0.8577286082315031 0
    outer loop
      vertex 6.3501114174723625 4.9132755771279335 5.5
      vertex 6.3501114174723625 4.9132755771279335 4.010000000000005
      vertex 6.055504187941551 5.08985635638237 4.010000000000005
    endloop
  endfacet
  facet normal 0.3368898566168623 0.9415440640292254 0
    outer loop
      vertex 6.984003633260727 4.650708824396133 5.5
      vertex 6.984003633260727 4.650708824396133 4.010000000000005
      vertex 6.660607986152172 4.766421638429165 4.010000000000005
    endloop
  endfacet
  facet normal 0.7409511325428839 0.6715589469163652 0
    outer loop
      vertex 5.52512626349926 5.52512626349926 5.5
      vertex 5.52512626349926 5.52512626349926 4.010000000000005
      vertex 5.294463410973549 5.779623508453369 4.010000000000005
    endloop
  endfacet
  facet normal 0.6715589469163652 0.7409511325428839 0
    outer loop
      vertex 5.779623508453369 5.294463410973549 5.5
      vertex 5.779623508453369 5.294463410973549 4.010000000000005
      vertex 5.52512626349926 5.52512626349926 4.010000000000005
    endloop
  endfacet
  facet normal -0.9891765107257705 -0.14673046932518705 0
    outer loop
      vertex 2.6056809574365616 6.927003227174282 4
      vertex 2.526484005153179 7.460905730724335 5.5
      vertex 2.526484005153179 7.460905730724335 4
    endloop
  endfacet
  facet normal -0.998795456025853 -0.049067677977549365 0
    outer loop
      vertex 2.526484005153179 7.460905730724335 4
      vertex 2.5 8 5.5
      vertex 2.5 8 4
    endloop
  endfacet
  facet normal 0.989176510831186 0.14673046861453307 0
    outer loop
      vertex 4.567251518368721 7.3171838745474815 5.5
      vertex 4.567251518368721 7.3171838745474815 4.010000000000005
      vertex 4.516853459179401 7.656940005719662 4.010000000000005
    endloop
  endfacet
  facet normal 0.9700312530630043 0.2429801804284 0
    outer loop
      vertex 4.650708824396133 6.984003633260727 5.5
      vertex 4.650708824396133 6.984003633260727 4.010000000000005
      vertex 4.567251518368721 7.3171838745474815 4.010000000000005
    endloop
  endfacet
  facet normal 0.9987954558657993 0.04906768123551681 0
    outer loop
      vertex 4.516853459179401 7.656940005719662 5.5
      vertex 4.516853459179401 7.656940005719662 4.010000000000005
      vertex 4.5 8 4.010000000000005
    endloop
  endfacet
  facet normal 1 0 0
    outer loop
      vertex 4.5 8 5.5
      vertex 4.5 8 4.010000000000005
      vertex 4.5 9.187744171542942 4.010000000000005
    endloop
  endfacet
  facet normal -0.14673046932518705 -0.9891765107257705 0
    outer loop
      vertex 6.927003227174282 2.6056809574365616 4
      vertex 7.460905730724335 2.526484005153179 4
      vertex 6.927003227174282 2.6056809574365616 5.5
    endloop
  endfacet
  facet normal -0.049067677977549365 -0.998795456025853 0
    outer loop
      vertex 7.460905730724335 2.526484005153179 4
      vertex 8 2.5 4
      vertex 7.460905730724335 2.526484005153179 5.5
    endloop
  endfacet
  facet normal 0.2429801804284 0.9700312530630043 0
    outer loop
      vertex 7.3171838745474815 4.567251518368721 5.5
      vertex 7.3171838745474815 4.567251518368721 4.010000000000005
      vertex 6.984003633260727 4.650708824396133 4.010000000000005
    endloop
  endfacet
  facet normal 0.14673046861453307 0.989176510831186 0
    outer loop
      vertex 7.656940005719662 4.516853459179401 5.5
      vertex 7.656940005719662 4.516853459179401 4.010000000000005
      vertex 7.3171838745474815 4.567251518368721 4.010000000000005
    endloop
  endfacet
  facet normal 0.04906768123551681 0.9987954558657993 0
    outer loop
      vertex 8 4.5 5.5
      vertex 8 4.5 4.010000000000005
      vertex 7.656940005719662 4.516853459179401 4.010000000000005
    endloop
  endfacet
  facet normal -0.8577286047505206 -0.5141027529519028 0
    outer loop
      vertex 3.4269171357154846 4.944363720715046 4
      vertex 3.4269171357154846 4.944363720715046 5.5
      vertex 3.149433046579361 5.407317943871021 5.5
    endloop
  endfacet
  facet normal -0.9039892924068308 -0.42755509494543203 0
    outer loop
      vertex 3.149433046579361 5.407317943871021 4
      vertex 3.149433046579361 5.407317943871021 5.5
      vertex 2.9186625704169273 5.895241118967533 5.5
    endloop
  endfacet
  facet normal -0.9415440679601573 -0.33688984563064345 0
    outer loop
      vertex 2.9186625704169273 5.895241118967533 4
      vertex 2.9186625704169273 5.895241118967533 5.5
      vertex 2.7368281558156013 6.4034342765808105 5.5
    endloop
  endfacet
  facet normal -0.9700312516686224 -0.24298018599508478 0
    outer loop
      vertex 2.7368281558156013 6.4034342765808105 4
      vertex 2.7368281558156013 6.4034342765808105 5.5
      vertex 2.6056809574365616 6.927003227174282 5.5
    endloop
  endfacet
  facet normal -0.5141027529519028 -0.8577286047505206 0
    outer loop
      vertex 5.407317943871021 3.149433046579361 4
      vertex 5.407317943871021 3.149433046579361 5.5
      vertex 4.944363720715046 3.4269171357154846 5.5
    endloop
  endfacet
  facet normal -0.42755509494543203 -0.9039892924068308 0
    outer loop
      vertex 5.895241118967533 2.9186625704169273 4
      vertex 5.895241118967533 2.9186625704169273 5.5
      vertex 5.407317943871021 3.149433046579361 5.5
    endloop
  endfacet
  facet normal -0.33688984563064345 -0.9415440679601573 0
    outer loop
      vertex 6.4034342765808105 2.7368281558156013 4
      vertex 6.4034342765808105 2.7368281558156013 5.5
      vertex 5.895241118967533 2.9186625704169273 5.5
    endloop
  endfacet
  facet normal -0.24298018599508478 -0.9700312516686224 0
    outer loop
      vertex 6.927003227174282 2.6056809574365616 4
      vertex 6.927003227174282 2.6056809574365616 5.5
      vertex 6.4034342765808105 2.7368281558156013 5.5
    endloop
  endfacet
  facet normal -0.6715589526010535 -0.7409511273905831 0
    outer loop
      vertex 4.510836936533451 3.7484425082802773 4
      vertex 4.510836936533451 3.7484425082802773 5.5
      vertex 4.110912702977657 4.110912702977657 5.5
    endloop
  endfacet
  facet normal -0.7409511273905831 -0.6715589526010535 0
    outer loop
      vertex 4.110912702977657 4.110912702977657 4
      vertex 4.110912702977657 4.110912702977657 5.5
      vertex 3.7484425082802773 4.510836936533451 5.5
    endloop
  endfacet
  facet normal -0.8032075348023091 -0.5956993000136876 0
    outer loop
      vertex 3.7484425082802773 4.510836936533451 4
      vertex 3.7484425082802773 4.510836936533451 5.5
      vertex 3.4269171357154846 4.944363720715046 5.5
    endloop
  endfacet
  facet normal -0.5956993000136876 -0.8032075348023091 0
    outer loop
      vertex 4.944363720715046 3.4269171357154846 4
      vertex 4.944363720715046 3.4269171357154846 5.5
      vertex 4.510836936533451 3.7484425082802773 5.5
    endloop
  endfacet
  facet normal 0.8032075343462968 0.595699300628549 0
    outer loop
      vertex 5.08985635638237 6.055504187941551 5.5
      vertex 5.294463410973549 5.779623508453369 5.5
      vertex 5.08985635638237 6.055504187941551 4.010000000000005
    endloop
  endfacet
  facet normal 0.9039892946109567 0.42755509028519917 0
    outer loop
      vertex 4.766421638429165 6.660607986152172 5.5
      vertex 4.9132755771279335 6.3501114174723625 5.5
      vertex 4.766421638429165 6.660607986152172 4.010000000000005
    endloop
  endfacet
  facet normal 0.9415440640292254 0.3368898566168623 0
    outer loop
      vertex 4.766421638429165 6.660607986152172 5.5
      vertex 4.650708824396133 6.984003633260727 4.010000000000005
      vertex 4.650708824396133 6.984003633260727 5.5
    endloop
  endfacet
  facet normal 0.8577286082315031 0.5141027471442343 0
    outer loop
      vertex 5.08985635638237 6.055504187941551 5.5
      vertex 4.9132755771279335 6.3501114174723625 4.010000000000005
      vertex 4.9132755771279335 6.3501114174723625 5.5
    endloop
  endfacet
  facet normal 0.595699300628549 0.8032075343462968 0
    outer loop
      vertex 6.055504187941551 5.08985635638237 5.5
      vertex 5.779623508453369 5.294463410973549 4.010000000000005
      vertex 5.779623508453369 5.294463410973549 5.5
    endloop
  endfacet
  facet normal 0.5141027471442343 0.8577286082315031 0
    outer loop
      vertex 6.055504187941551 5.08985635638237 5.5
      vertex 6.3501114174723625 4.9132755771279335 5.5
      vertex 6.055504187941551 5.08985635638237 4.010000000000005
    endloop
  endfacet
  facet normal 0.42755509028519917 0.9039892946109567 0
    outer loop
      vertex 6.3501114174723625 4.9132755771279335 5.5
      vertex 6.660607986152172 4.766421638429165 5.5
      vertex 6.3501114174723625 4.9132755771279335 4.010000000000005
    endloop
  endfacet
  facet normal 0.3368898566168623 0.9415440640292254 0
    outer loop
      vertex 6.660607986152172 4.766421638429165 5.5
      vertex 6.984003633260727 4.650708824396133 5.5
      vertex 6.660607986152172 4.766421638429165 4.010000000000005
    endloop
  endfacet
  facet normal 0.7409511325428839 0.6715589469163652 0
    outer loop
      vertex 5.52512626349926 5.52512626349926 5.5
      vertex 5.294463410973549 5.779623508453369 4.010000000000005
      vertex 5.294463410973549 5.779623508453369 5.5
    endloop
  endfacet
  facet normal 0.6715589469163652 0.7409511325428839 0
    outer loop
      vertex 5.52512626349926 5.52512626349926 5.5
      vertex 5.779623508453369 5.294463410973549 5.5
      vertex 5.52512626349926 5.52512626349926 4.010000000000005
    endloop
  endfacet
  facet normal -0.9891765107257705 -0.14673046932518705 0
    outer loop
      vertex 2.6056809574365616 6.927003227174282 4
      vertex 2.6056809574365616 6.927003227174282 5.5
      vertex 2.526484005153179 7.460905730724335 5.5
    endloop
  endfacet
  facet normal -0.998795456025853 -0.049067677977549365 0
    outer loop
      vertex 2.526484005153179 7.460905730724335 4
      vertex 2.526484005153179 7.460905730724335 5.5
      vertex 2.5 8 5.5
    endloop
  endfacet
  facet normal 0.9700312530630043 0.2429801804284 0
    outer loop
      vertex 4.650708824396133 6.984003633260727 5.5
      vertex 4.567251518368721 7.3171838745474815 4.010000000000005
      vertex 4.567251518368721 7.3171838745474815 5.5
    endloop
  endfacet
  facet normal 0.989176510831186 0.14673046861453307 0
    outer loop
      vertex 4.567251518368721 7.3171838745474815 5.5
      vertex 4.516853459179401 7.656940005719662 4.010000000000005
      vertex 4.516853459179401 7.656940005719662 5.5
    endloop
  endfacet
  facet normal 0.9987954558657993 0.04906768123551681 0
    outer loop
      vertex 4.516853459179401 7.656940005719662 5.5
      vertex 4.5 8 4.010000000000005
      vertex 4.5 8 5.5
    endloop
  endfacet
  facet normal -0.14673046932518705 -0.9891765107257705 0
    outer loop
      vertex 7.460905730724335 2.526484005153179 4
      vertex 7.460905730724335 2.526484005153179 5.5
      vertex 6.927003227174282 2.6056809574365616 5.5
    endloop
  endfacet
  facet normal -0.049067677977549365 -0.998795456025853 0
    outer loop
      vertex 8 2.5 4
      vertex 8 2.5 5.5
      vertex 7.460905730724335 2.526484005153179 5.5
    endloop
  endfacet
  facet normal 0.2429801804284 0.9700312530630043 0
    outer loop
      vertex 6.984003633260727 4.650708824396133 5.5
      vertex 7.3171838745474815 4.567251518368721 5.5
      vertex 6.984003633260727 4.650708824396133 4.010000000000005
    endloop
  endfacet
  facet normal 0.14673046861453307 0.989176510831186 0
    outer loop
      vertex 7.3171838745474815 4.567251518368721 5.5
      vertex 7.656940005719662 4.516853459179401 5.5
      vertex 7.3171838745474815 4.567251518368721 4.010000000000005
    endloop
  endfacet
  facet normal 0.04906768123551681 0.9987954558657993 0
    outer loop
      vertex 7.656940005719662 4.516853459179401 5.5
      vertex 8 4.5 5.5
      vertex 7.656940005719662 4.516853459179401 4.010000000000005
    endloop
  endfacet
  facet normal 0 0 1
    outer loop
      vertex 2.9186625704169273 5.895241118967533 5.5
      vertex 4.650708824396133 6.984003633260727 5.5
      vertex 2.7368281558156013 6.4034342765808105 5.5
    endloop
  endfacet
  facet normal 0 0 1
    outer loop
      vertex 2.6056809574365616 6.927003227174282 5.5
      vertex 2.7368281558156013 6.4034342765808105 5.5
      vertex 4.567251518368721 7.3171838745474815 5.5
    endloop
  endfacet
  facet normal 0 0 1
    outer loop
      vertex 5.895241118967533 2.9186625704169273 5.5
      vertex 6.4034342765808105 2.7368281558156013 5.5
      vertex 6.660607986152172 4.766421638429165 5.5
    endloop
  endfacet
  facet normal 0 0 1
    outer loop
      vertex 6.927003227174282 2.6056809574365616 5.5
      vertex 6.984003633260727 4.650708824396133 5.5
      vertex 6.4034342765808105 2.7368281558156013 5.5
    endloop
  endfacet
  facet normal 0 0 1
    outer loop
      vertex 4.110912702977657 4.110912702977657 5.5
      vertex 5.294463410973549 5.779623508453369 5.5
      vertex 3.7484425082802773 4.510836936533451 5.5
    endloop
  endfacet
  facet normal 0 0 1
    outer loop
      vertex 3.4269171357154846 4.944363720715046 5.5
      vertex 3.7484425082802773 4.510836936533451 5.5
      vertex 5.08985635638237 6.055504187941551 5.5
    endloop
  endfacet
  facet normal 0 0 1
    outer loop
      vertex 4.944363720715046 3.4269171357154846 5.5
      vertex 5.779623508453369 5.294463410973549 5.5
      vertex 4.510836936533451 3.7484425082802773 5.5
    endloop
  endfacet
  facet normal 0 0 1
    outer loop
      vertex 4.110912702977657 4.110912702977657 5.5
      vertex 4.510836936533451 3.7484425082802773 5.5
      vertex 5.52512626349926 5.52512626349926 5.5
    endloop
  endfacet
  facet normal 0 0 1
    outer loop
      vertex 4.110912702977657 4.110912702977657 5.5
      vertex 5.52512626349926 5.52512626349926 5.5
      vertex 5.294463410973549 5.779623508453369 5.5
    endloop
  endfacet
  facet normal 0 0 1
    outer loop
      vertex 4.510836936533451 3.7484425082802773 5.5
      vertex 5.779623508453369 5.294463410973549 5.5
      vertex 5.52512626349926 5.52512626349926 5.5
    endloop
  endfacet
  facet normal 0 0 1
    outer loop
      vertex 3.4269171357154846 4.944363720715046 5.5
      vertex 4.9132755771279335 6.3501114174723625 5.5
      vertex 3.149433046579361 5.407317943871021 5.5
    endloop
  endfacet
  facet normal 0 0 1
    outer loop
      vertex 2.9186625704169273 5.895241118967533 5.5
      vertex 3.149433046579361 5.407317943871021 5.5
      vertex 4.766421638429165 6.660607986152172 5.5
    endloop
  endfacet
  facet normal 0 0 1
    outer loop
      vertex 3.149433046579361 5.407317943871021 5.5
      vertex 4.9132755771279335 6.3501114174723625 5.5
      vertex 4.766421638429165 6.660607986152172 5.5
    endloop
  endfacet
  facet normal 0 0 1
    outer loop
      vertex 2.9186625704169273 5.895241118967533 5.5
      vertex 4.766421638429165 6.660607986152172 5.5
      vertex 4.650708824396133 6.984003633260727 5.5
    endloop
  endfacet
  facet normal 0 0 1
    outer loop
      vertex 2.7368281558156013 6.4034342765808105 5.5
      vertex 4.650708824396133 6.984003633260727 5.5
      vertex 4.567251518368721 7.3171838745474815 5.5
    endloop
  endfacet
  facet normal 0 0 1
    outer loop
      vertex 3.7484425082802773 4.510836936533451 5.5
      vertex 5.294463410973549 5.779623508453369 5.5
      vertex 5.08985635638237 6.055504187941551 5.5
    endloop
  endfacet
  facet normal 0 0 1
    outer loop
      vertex 3.4269171357154846 4.944363720715046 5.5
      vertex 5.08985635638237 6.055504187941551 5.5
      vertex 4.9132755771279335 6.3501114174723625 5.5
    endloop
  endfacet
  facet normal 0 0 1
    outer loop
      vertex 4.944363720715046 3.4269171357154846 5.5
      vertex 5.407317943871021 3.149433046579361 5.5
      vertex 6.055504187941551 5.08985635638237 5.5
    endloop
  endfacet
  facet normal 0 0 1
    outer loop
      vertex 5.407317943871021 3.149433046579361 5.5
      vertex 5.895241118967533 2.9186625704169273 5.5
      vertex 6.3501114174723625 4.9132755771279335 5.5
    endloop
  endfacet
  facet normal 0 0 1
    outer loop
      vertex 5.407317943871021 3.149433046579361 5.5
      vertex 6.3501114174723625 4.9132755771279335 5.5
      vertex 6.055504187941551 5.08985635638237 5.5
    endloop
  endfacet
  facet normal 0 0 1
    outer loop
      vertex 4.944363720715046 3.4269171357154846 5.5
      vertex 6.055504187941551 5.08985635638237 5.5
      vertex 5.779623508453369 5.294463410973549 5.5
    endloop
  endfacet
  facet normal 0 0 1
    outer loop
      vertex 5.895241118967533 2.9186625704169273 5.5
      vertex 6.660607986152172 4.766421638429165 5.5
      vertex 6.3501114174723625 4.9132755771279335 5.5
    endloop
  endfacet
  facet normal 0 0 1
    outer loop
      vertex 6.4034342765808105 2.7368281558156013 5.5
      vertex 6.984003633260727 4.650708824396133 5.5
      vertex 6.660607986152172 4.766421638429165 5.5
    endloop
  endfacet
  facet normal 0 0 1
    outer loop
      vertex 2.6056809574365616 6.927003227174282 5.5
      vertex 4.516853459179401 7.656940005719662 5.5
      vertex 2.526484005153179 7.460905730724335 5.5
    endloop
  endfacet
  facet normal 0 0 1
    outer loop
      vertex 2.526484005153179 7.460905730724335 5.5
      vertex 4.5 8 5.5
      vertex 2.5 8 5.5
    endloop
  endfacet
  facet normal 0 0 1
    outer loop
      vertex 2.6056809574365616 6.927003227174282 5.5
      vertex 4.567251518368721 7.3171838745474815 5.5
      vertex 4.516853459179401 7.656940005719662 5.5
    endloop
  endfacet
  facet normal 0 0 1
    outer loop
      vertex 2.526484005153179 7.460905730724335 5.5
      vertex 4.516853459179401 7.656940005719662 5.5
      vertex 4.5 8 5.5
    endloop
  endfacet
  facet normal 0 0 1
    outer loop
      vertex 6.927003227174282 2.6056809574365616 5.5
      vertex 7.460905730724335 2.526484005153179 5.5
      vertex 7.3171838745474815 4.567251518368721 5.5
    endloop
  endfacet
  facet normal 0 0 1
    outer loop
      vertex 7.460905730724335 2.526484005153179 5.5
      vertex 8 2.5 5.5
      vertex 7.656940005719662 4.516853459179401 5.5
    endloop
  endfacet
  facet normal 0 0 1
    outer loop
      vertex 6.927003227174282 2.6056809574365616 5.5
      vertex 7.3171838745474815 4.567251518368721 5.5
      vertex 6.984003633260727 4.650708824396133 5.5
    endloop
  endfacet
  facet normal 0 0 1
    outer loop
      vertex 7.460905730724335 2.526484005153179 5.5
      vertex 7.656940005719662 4.516853459179401 5.5
      vertex 7.3171838745474815 4.567251518368721 5.5
    endloop
  endfacet
  facet normal 0 0 1
    outer loop
      vertex 8 2.5 5.5
      vertex 8 4.5 5.5
      vertex 7.656940005719662 4.516853459179401 5.5
    endloop
  endfacet
  facet normal 1 0 0
    outer loop
      vertex 4.5 9.158244134228797 4
      vertex 4.5 215.8417558657712 4
      vertex 4.5 9.187744171542942 4.010000000000005
    endloop
  endfacet
  facet normal 1 0 0
    outer loop
      vertex 4.5 8 5.5
      vertex 4.5 9.187744171542942 4.010000000000005
      vertex 4.5 215.81225582845707 4.010000000000005
    endloop
  endfacet
  facet normal -1 0 0
    outer loop
      vertex 2.5 8 4
      vertex 2.5 8 5.5
      vertex 2.5 217 5.5
    endloop
  endfacet
  facet normal 0 0 1
    outer loop
      vertex 2.5 8 5.5
      vertex 4.5 8 5.5
      vertex 2.5 217 5.5
    endloop
  endfacet
  facet normal 0 1 0
    outer loop
      vertex 9.158244134228799 4.5 4
      vertex 9.187744171542942 4.5 4.010000000000005
      vertex 215.81225582845707 4.5 4.010000000000005
    endloop
  endfacet
  facet normal 0 -1 0
    outer loop
      vertex 8 2.5 4
      vertex 222.5 2.5 4
      vertex 8 2.5 5.5
    endloop
  endfacet
  facet normal 0 1 0
    outer loop
      vertex 220.5 4.5 5.5
      vertex 9.187744171542942 4.5 4.010000000000005
      vertex 8 4.5 4.010000000000005
    endloop
  endfacet
  facet normal 0 1 0
    outer loop
      vertex 8 4.5 5.5
      vertex 220.5 4.5 5.5
      vertex 8 4.5 4.010000000000005
    endloop
  endfacet
  facet normal 0 0 1
    outer loop
      vertex 8 2.5 5.5
      vertex 220.5 4.5 5.5
      vertex 8 4.5 5.5
    endloop
  endfacet
  facet normal 1 0 0
    outer loop
      vertex 4.5 215.8417558657712 4
      vertex 4.5 215.81225582845707 4.010000000000005
      vertex 4.5 9.187744171542942 4.010000000000005
    endloop
  endfacet
  facet normal -1 0 0
    outer loop
      vertex 2.5 8 4
      vertex 2.5 217 5.5
      vertex 2.5 217 4
    endloop
  endfacet
  facet normal 1 0 0
    outer loop
      vertex 4.5 8 5.5
      vertex 4.5 215.81225582845707 4.010000000000005
      vertex 4.5 217 5.5
    endloop
  endfacet
  facet normal 0 0 1
    outer loop
      vertex 4.5 8 5.5
      vertex 4.5 217 5.5
      vertex 2.5 217 5.5
    endloop
  endfacet
  facet normal -0.998795456025853 0.049067677977549365 0
    outer loop
      vertex 2.5 217 4
      vertex 2.526484005153179 217.53909426927567 5.5
      vertex 2.526484005153179 217.53909426927567 4
    endloop
  endfacet
  facet normal -0.9891765107257705 0.14673046932518705 0
    outer loop
      vertex 2.526484005153179 217.53909426927567 4
      vertex 2.6056809574365616 218.07299677282572 5.5
      vertex 2.6056809574365616 218.07299677282572 4
    endloop
  endfacet
  facet normal 1 0 0
    outer loop
      vertex 4.5 217 5.5
      vertex 4.5 215.81225582845707 4.010000000000005
      vertex 4.5 217 4.010000000000005
    endloop
  endfacet
  facet normal 0.9987954558657993 -0.04906768123551681 0
    outer loop
      vertex 4.5 217 5.5
      vertex 4.5 217 4.010000000000005
      vertex 4.516853459179401 217.34305999428034 4.010000000000005
    endloop
  endfacet
  facet normal 0.989176510831186 -0.14673046861453307 0
    outer loop
      vertex 4.516853459179401 217.34305999428034 5.5
      vertex 4.516853459179401 217.34305999428034 4.010000000000005
      vertex 4.567251518368721 217.68281612545252 4.010000000000005
    endloop
  endfacet
  facet normal 0.9700312530630043 -0.2429801804284 0
    outer loop
      vertex 4.567251518368721 217.68281612545252 5.5
      vertex 4.567251518368721 217.68281612545252 4.010000000000005
      vertex 4.650708824396133 218.01599636673927 4.010000000000005
    endloop
  endfacet
  facet normal -0.9700312516686224 0.24298018599508478 0
    outer loop
      vertex 2.6056809574365616 218.07299677282572 4
      vertex 2.7368281558156013 218.5965657234192 5.5
      vertex 2.7368281558156013 218.5965657234192 4
    endloop
  endfacet
  facet normal -0.9415440679601573 0.33688984563064345 0
    outer loop
      vertex 2.7368281558156013 218.5965657234192 4
      vertex 2.9186625704169273 219.10475888103247 5.5
      vertex 2.9186625704169273 219.10475888103247 4
    endloop
  endfacet
  facet normal -0.9039892924068308 0.42755509494543203 0
    outer loop
      vertex 2.9186625704169273 219.10475888103247 4
      vertex 3.149433046579361 219.59268205612898 5.5
      vertex 3.149433046579361 219.59268205612898 4
    endloop
  endfacet
  facet normal -0.8577286047505206 0.5141027529519028 0
    outer loop
      vertex 3.149433046579361 219.59268205612898 4
      vertex 3.4269171357154846 220.05563627928495 5.5
      vertex 3.4269171357154846 220.05563627928495 4
    endloop
  endfacet
  facet normal 0.9415440640292254 -0.3368898566168623 0
    outer loop
      vertex 4.650708824396133 218.01599636673927 5.5
      vertex 4.650708824396133 218.01599636673927 4.010000000000005
      vertex 4.766421638429165 218.33939201384783 4.010000000000005
    endloop
  endfacet
  facet normal 0.9039892946109567 -0.42755509028519917 0
    outer loop
      vertex 4.766421638429165 218.33939201384783 5.5
      vertex 4.766421638429165 218.33939201384783 4.010000000000005
      vertex 4.9132755771279335 218.64988858252764 4.010000000000005
    endloop
  endfacet
  facet normal 0.8577286082315031 -0.5141027471442343 0
    outer loop
      vertex 4.9132755771279335 218.64988858252764 5.5
      vertex 4.9132755771279335 218.64988858252764 4.010000000000005
      vertex 5.08985635638237 218.94449581205845 4.010000000000005
    endloop
  endfacet
  facet normal 0.8032075343462968 -0.595699300628549 0
    outer loop
      vertex 5.08985635638237 218.94449581205845 5.5
      vertex 5.08985635638237 218.94449581205845 4.010000000000005
      vertex 5.294463410973549 219.22037649154663 4.010000000000005
    endloop
  endfacet
  facet normal -0.8032075348023091 0.5956993000136876 0
    outer loop
      vertex 3.4269171357154846 220.05563627928495 4
      vertex 3.7484425082802773 220.48916306346655 5.5
      vertex 3.7484425082802773 220.48916306346655 4
    endloop
  endfacet
  facet normal -0.7409511273905831 0.6715589526010535 0
    outer loop
      vertex 3.7484425082802773 220.48916306346655 4
      vertex 4.110912702977657 220.88908729702234 5.5
      vertex 4.110912702977657 220.88908729702234 4
    endloop
  endfacet
  facet normal -0.6715589526010535 0.7409511273905831 0
    outer loop
      vertex 4.110912702977657 220.88908729702234 4
      vertex 4.510836936533451 221.25155749171972 5.5
      vertex 4.510836936533451 221.25155749171972 4
    endloop
  endfacet
  facet normal -0.5956993000136876 0.8032075348023091 0
    outer loop
      vertex 4.510836936533451 221.25155749171972 4
      vertex 4.944363720715046 221.57308286428452 5.5
      vertex 4.944363720715046 221.57308286428452 4
    endloop
  endfacet
  facet normal 0.7409511325428839 -0.6715589469163652 0
    outer loop
      vertex 5.294463410973549 219.22037649154663 5.5
      vertex 5.294463410973549 219.22037649154663 4.010000000000005
      vertex 5.52512626349926 219.47487373650074 4.010000000000005
    endloop
  endfacet
  facet normal 0.6715589469163652 -0.7409511325428839 0
    outer loop
      vertex 5.52512626349926 219.47487373650074 5.5
      vertex 5.52512626349926 219.47487373650074 4.010000000000005
      vertex 5.779623508453369 219.70553658902645 4.010000000000005
    endloop
  endfacet
  facet normal 0.595699300628549 -0.8032075343462968 0
    outer loop
      vertex 5.779623508453369 219.70553658902645 5.5
      vertex 5.779623508453369 219.70553658902645 4.010000000000005
      vertex 6.055504187941551 219.91014364361763 4.010000000000005
    endloop
  endfacet
  facet normal 0.5141027471442343 -0.8577286082315031 0
    outer loop
      vertex 6.055504187941551 219.91014364361763 5.5
      vertex 6.055504187941551 219.91014364361763 4.010000000000005
      vertex 6.3501114174723625 220.08672442287207 4.010000000000005
    endloop
  endfacet
  facet normal 0.42755509028519917 -0.9039892946109567 0
    outer loop
      vertex 6.3501114174723625 220.08672442287207 5.5
      vertex 6.3501114174723625 220.08672442287207 4.010000000000005
      vertex 6.660607986152172 220.23357836157084 4.010000000000005
    endloop
  endfacet
  facet normal 0.3368898566168623 -0.9415440640292254 0
    outer loop
      vertex 6.660607986152172 220.23357836157084 5.5
      vertex 6.660607986152172 220.23357836157084 4.010000000000005
      vertex 6.984003633260727 220.34929117560387 4.010000000000005
    endloop
  endfacet
  facet normal -0.5141027529519028 0.8577286047505206 0
    outer loop
      vertex 4.944363720715046 221.57308286428452 4
      vertex 5.407317943871021 221.85056695342064 5.5
      vertex 5.407317943871021 221.85056695342064 4
    endloop
  endfacet
  facet normal -0.42755509494543203 0.9039892924068308 0
    outer loop
      vertex 5.407317943871021 221.85056695342064 4
      vertex 5.895241118967533 222.08133742958307 5.5
      vertex 5.895241118967533 222.08133742958307 4
    endloop
  endfacet
  facet normal -0.33688984563064345 0.9415440679601573 0
    outer loop
      vertex 5.895241118967533 222.08133742958307 4
      vertex 6.4034342765808105 222.2631718441844 5.5
      vertex 6.4034342765808105 222.2631718441844 4
    endloop
  endfacet
  facet normal -0.24298018599508478 0.9700312516686224 0
    outer loop
      vertex 6.4034342765808105 222.2631718441844 4
      vertex 6.927003227174282 222.39431904256344 5.5
      vertex 6.927003227174282 222.39431904256344 4
    endloop
  endfacet
  facet normal 0.2429801804284 -0.9700312530630043 0
    outer loop
      vertex 6.984003633260727 220.34929117560387 5.5
      vertex 6.984003633260727 220.34929117560387 4.010000000000005
      vertex 7.3171838745474815 220.43274848163128 4.010000000000005
    endloop
  endfacet
  facet normal 0.14673046861453307 -0.989176510831186 0
    outer loop
      vertex 7.3171838745474815 220.43274848163128 5.5
      vertex 7.3171838745474815 220.43274848163128 4.010000000000005
      vertex 7.656940005719662 220.4831465408206 4.010000000000005
    endloop
  endfacet
  facet normal 0.04906768123551681 -0.9987954558657993 0
    outer loop
      vertex 7.656940005719662 220.4831465408206 5.5
      vertex 7.656940005719662 220.4831465408206 4.010000000000005
      vertex 8 220.5 4.010000000000005
    endloop
  endfacet
  facet normal 0 -1 0
    outer loop
      vertex 8 220.5 5.5
      vertex 8 220.5 4.010000000000005
      vertex 9.187744171542924 220.5 4.010000000000005
    endloop
  endfacet
  facet normal -0.14673046932518705 0.9891765107257705 0
    outer loop
      vertex 6.927003227174282 222.39431904256344 4
      vertex 7.460905730724335 222.47351599484682 5.5
      vertex 7.460905730724335 222.47351599484682 4
    endloop
  endfacet
  facet normal -0.049067677977549365 0.998795456025853 0
    outer loop
      vertex 7.460905730724335 222.47351599484682 4
      vertex 8 222.5 5.5
      vertex 8 222.5 4
    endloop
  endfacet
  facet normal -0.998795456025853 0.049067677977549365 0
    outer loop
      vertex 2.5 217 4
      vertex 2.5 217 5.5
      vertex 2.526484005153179 217.53909426927567 5.5
    endloop
  endfacet
  facet normal -0.9891765107257705 0.14673046932518705 0
    outer loop
      vertex 2.526484005153179 217.53909426927567 4
      vertex 2.526484005153179 217.53909426927567 5.5
      vertex 2.6056809574365616 218.07299677282572 5.5
    endloop
  endfacet
  facet normal 0.9987954558657993 -0.04906768123551681 0
    outer loop
      vertex 4.5 217 5.5
      vertex 4.516853459179401 217.34305999428034 4.010000000000005
      vertex 4.516853459179401 217.34305999428034 5.5
    endloop
  endfacet
  facet normal 0.989176510831186 -0.14673046861453307 0
    outer loop
      vertex 4.516853459179401 217.34305999428034 5.5
      vertex 4.567251518368721 217.68281612545252 4.010000000000005
      vertex 4.567251518368721 217.68281612545252 5.5
    endloop
  endfacet
  facet normal 0.9700312530630043 -0.2429801804284 0
    outer loop
      vertex 4.567251518368721 217.68281612545252 5.5
      vertex 4.650708824396133 218.01599636673927 4.010000000000005
      vertex 4.650708824396133 218.01599636673927 5.5
    endloop
  endfacet
  facet normal -0.9700312516686224 0.24298018599508478 0
    outer loop
      vertex 2.6056809574365616 218.07299677282572 4
      vertex 2.6056809574365616 218.07299677282572 5.5
      vertex 2.7368281558156013 218.5965657234192 5.5
    endloop
  endfacet
  facet normal -0.9415440679601573 0.33688984563064345 0
    outer loop
      vertex 2.7368281558156013 218.5965657234192 4
      vertex 2.7368281558156013 218.5965657234192 5.5
      vertex 2.9186625704169273 219.10475888103247 5.5
    endloop
  endfacet
  facet normal -0.9039892924068308 0.42755509494543203 0
    outer loop
      vertex 2.9186625704169273 219.10475888103247 4
      vertex 2.9186625704169273 219.10475888103247 5.5
      vertex 3.149433046579361 219.59268205612898 5.5
    endloop
  endfacet
  facet normal -0.8577286047505206 0.5141027529519028 0
    outer loop
      vertex 3.149433046579361 219.59268205612898 4
      vertex 3.149433046579361 219.59268205612898 5.5
      vertex 3.4269171357154846 220.05563627928495 5.5
    endloop
  endfacet
  facet normal 0.9415440640292254 -0.3368898566168623 0
    outer loop
      vertex 4.650708824396133 218.01599636673927 5.5
      vertex 4.766421638429165 218.33939201384783 4.010000000000005
      vertex 4.766421638429165 218.33939201384783 5.5
    endloop
  endfacet
  facet normal 0.9039892946109567 -0.42755509028519917 0
    outer loop
      vertex 4.766421638429165 218.33939201384783 5.5
      vertex 4.9132755771279335 218.64988858252764 4.010000000000005
      vertex 4.9132755771279335 218.64988858252764 5.5
    endloop
  endfacet
  facet normal 0.8577286082315031 -0.5141027471442343 0
    outer loop
      vertex 4.9132755771279335 218.64988858252764 5.5
      vertex 5.08985635638237 218.94449581205845 4.010000000000005
      vertex 5.08985635638237 218.94449581205845 5.5
    endloop
  endfacet
  facet normal 0.8032075343462968 -0.595699300628549 0
    outer loop
      vertex 5.08985635638237 218.94449581205845 5.5
      vertex 5.294463410973549 219.22037649154663 4.010000000000005
      vertex 5.294463410973549 219.22037649154663 5.5
    endloop
  endfacet
  facet normal -0.8032075348023091 0.5956993000136876 0
    outer loop
      vertex 3.4269171357154846 220.05563627928495 4
      vertex 3.4269171357154846 220.05563627928495 5.5
      vertex 3.7484425082802773 220.48916306346655 5.5
    endloop
  endfacet
  facet normal -0.7409511273905831 0.6715589526010535 0
    outer loop
      vertex 3.7484425082802773 220.48916306346655 4
      vertex 3.7484425082802773 220.48916306346655 5.5
      vertex 4.110912702977657 220.88908729702234 5.5
    endloop
  endfacet
  facet normal -0.6715589526010535 0.7409511273905831 0
    outer loop
      vertex 4.110912702977657 220.88908729702234 4
      vertex 4.110912702977657 220.88908729702234 5.5
      vertex 4.510836936533451 221.25155749171972 5.5
    endloop
  endfacet
  facet normal -0.5956993000136876 0.8032075348023091 0
    outer loop
      vertex 4.510836936533451 221.25155749171972 4
      vertex 4.510836936533451 221.25155749171972 5.5
      vertex 4.944363720715046 221.57308286428452 5.5
    endloop
  endfacet
  facet normal 0.7409511325428839 -0.6715589469163652 0
    outer loop
      vertex 5.294463410973549 219.22037649154663 5.5
      vertex 5.52512626349926 219.47487373650074 4.010000000000005
      vertex 5.52512626349926 219.47487373650074 5.5
    endloop
  endfacet
  facet normal 0.6715589469163652 -0.7409511325428839 0
    outer loop
      vertex 5.52512626349926 219.47487373650074 5.5
      vertex 5.779623508453369 219.70553658902645 4.010000000000005
      vertex 5.779623508453369 219.70553658902645 5.5
    endloop
  endfacet
  facet normal 0.595699300628549 -0.8032075343462968 0
    outer loop
      vertex 5.779623508453369 219.70553658902645 5.5
      vertex 6.055504187941551 219.91014364361763 4.010000000000005
      vertex 6.055504187941551 219.91014364361763 5.5
    endloop
  endfacet
  facet normal 0.5141027471442343 -0.8577286082315031 0
    outer loop
      vertex 6.055504187941551 219.91014364361763 5.5
      vertex 6.3501114174723625 220.08672442287207 4.010000000000005
      vertex 6.3501114174723625 220.08672442287207 5.5
    endloop
  endfacet
  facet normal 0.42755509028519917 -0.9039892946109567 0
    outer loop
      vertex 6.3501114174723625 220.08672442287207 5.5
      vertex 6.660607986152172 220.23357836157084 4.010000000000005
      vertex 6.660607986152172 220.23357836157084 5.5
    endloop
  endfacet
  facet normal 0.3368898566168623 -0.9415440640292254 0
    outer loop
      vertex 6.660607986152172 220.23357836157084 5.5
      vertex 6.984003633260727 220.34929117560387 4.010000000000005
      vertex 6.984003633260727 220.34929117560387 5.5
    endloop
  endfacet
  facet normal -0.5141027529519028 0.8577286047505206 0
    outer loop
      vertex 4.944363720715046 221.57308286428452 4
      vertex 4.944363720715046 221.57308286428452 5.5
      vertex 5.407317943871021 221.85056695342064 5.5
    endloop
  endfacet
  facet normal -0.42755509494543203 0.9039892924068308 0
    outer loop
      vertex 5.407317943871021 221.85056695342064 4
      vertex 5.407317943871021 221.85056695342064 5.5
      vertex 5.895241118967533 222.08133742958307 5.5
    endloop
  endfacet
  facet normal -0.33688984563064345 0.9415440679601573 0
    outer loop
      vertex 5.895241118967533 222.08133742958307 4
      vertex 5.895241118967533 222.08133742958307 5.5
      vertex 6.4034342765808105 222.2631718441844 5.5
    endloop
  endfacet
  facet normal -0.24298018599508478 0.9700312516686224 0
    outer loop
      vertex 6.4034342765808105 222.2631718441844 4
      vertex 6.4034342765808105 222.2631718441844 5.5
      vertex 6.927003227174282 222.39431904256344 5.5
    endloop
  endfacet
  facet normal 0.2429801804284 -0.9700312530630043 0
    outer loop
      vertex 6.984003633260727 220.34929117560387 5.5
      vertex 7.3171838745474815 220.43274848163128 4.010000000000005
      vertex 7.3171838745474815 220.43274848163128 5.5
    endloop
  endfacet
  facet normal 0.14673046861453307 -0.989176510831186 0
    outer loop
      vertex 7.3171838745474815 220.43274848163128 5.5
      vertex 7.656940005719662 220.4831465408206 4.010000000000005
      vertex 7.656940005719662 220.4831465408206 5.5
    endloop
  endfacet
  facet normal 0.04906768123551681 -0.9987954558657993 0
    outer loop
      vertex 7.656940005719662 220.4831465408206 5.5
      vertex 8 220.5 4.010000000000005
      vertex 8 220.5 5.5
    endloop
  endfacet
  facet normal -0.14673046932518705 0.9891765107257705 0
    outer loop
      vertex 6.927003227174282 222.39431904256344 4
      vertex 6.927003227174282 222.39431904256344 5.5
      vertex 7.460905730724335 222.47351599484682 5.5
    endloop
  endfacet
  facet normal -0.049067677977549365 0.998795456025853 0
    outer loop
      vertex 7.460905730724335 222.47351599484682 4
      vertex 7.460905730724335 222.47351599484682 5.5
      vertex 8 222.5 5.5
    endloop
  endfacet
  facet normal 0 -1 0
    outer loop
      vertex 104.5 220.5 4
      vertex 9.187744171542924 220.5 4.010000000000005
      vertex 9.158244134228775 220.5 4
    endloop
  endfacet
  facet normal 0 -1 0
    outer loop
      vertex 8 220.5 5.5
      vertex 9.187744171542924 220.5 4.010000000000005
      vertex 104.5 220.5 4
    endloop
  endfacet
  facet normal 0 1 0
    outer loop
      vertex 8 222.5 4
      vertex 8 222.5 5.5
      vertex 104.5 222.5 5.5
    endloop
  endfacet
  facet normal 0 0 1
    outer loop
      vertex 2.5 217 5.5
      vertex 4.516853459179401 217.34305999428034 5.5
      vertex 2.526484005153179 217.53909426927567 5.5
    endloop
  endfacet
  facet normal 0 0 1
    outer loop
      vertex 2.526484005153179 217.53909426927567 5.5
      vertex 4.567251518368721 217.68281612545252 5.5
      vertex 2.6056809574365616 218.07299677282572 5.5
    endloop
  endfacet
  facet normal 0 0 1
    outer loop
      vertex 2.5 217 5.5
      vertex 4.5 217 5.5
      vertex 4.516853459179401 217.34305999428034 5.5
    endloop
  endfacet
  facet normal 0 0 1
    outer loop
      vertex 2.526484005153179 217.53909426927567 5.5
      vertex 4.516853459179401 217.34305999428034 5.5
      vertex 4.567251518368721 217.68281612545252 5.5
    endloop
  endfacet
  facet normal 0 0 1
    outer loop
      vertex 4.567251518368721 217.68281612545252 5.5
      vertex 4.650708824396133 218.01599636673927 5.5
      vertex 2.6056809574365616 218.07299677282572 5.5
    endloop
  endfacet
  facet normal 0 0 1
    outer loop
      vertex 2.6056809574365616 218.07299677282572 5.5
      vertex 4.650708824396133 218.01599636673927 5.5
      vertex 2.7368281558156013 218.5965657234192 5.5
    endloop
  endfacet
  facet normal 0 0 1
    outer loop
      vertex 2.7368281558156013 218.5965657234192 5.5
      vertex 4.766421638429165 218.33939201384783 5.5
      vertex 2.9186625704169273 219.10475888103247 5.5
    endloop
  endfacet
  facet normal 0 0 1
    outer loop
      vertex 2.7368281558156013 218.5965657234192 5.5
      vertex 4.650708824396133 218.01599636673927 5.5
      vertex 4.766421638429165 218.33939201384783 5.5
    endloop
  endfacet
  facet normal 0 0 1
    outer loop
      vertex 2.9186625704169273 219.10475888103247 5.5
      vertex 4.766421638429165 218.33939201384783 5.5
      vertex 4.9132755771279335 218.64988858252764 5.5
    endloop
  endfacet
  facet normal 0 0 1
    outer loop
      vertex 2.9186625704169273 219.10475888103247 5.5
      vertex 4.9132755771279335 218.64988858252764 5.5
      vertex 3.149433046579361 219.59268205612898 5.5
    endloop
  endfacet
  facet normal 0 0 1
    outer loop
      vertex 3.149433046579361 219.59268205612898 5.5
      vertex 5.08985635638237 218.94449581205845 5.5
      vertex 3.4269171357154846 220.05563627928495 5.5
    endloop
  endfacet
  facet normal 0 0 1
    outer loop
      vertex 3.149433046579361 219.59268205612898 5.5
      vertex 4.9132755771279335 218.64988858252764 5.5
      vertex 5.08985635638237 218.94449581205845 5.5
    endloop
  endfacet
  facet normal 0 0 1
    outer loop
      vertex 3.4269171357154846 220.05563627928495 5.5
      vertex 5.08985635638237 218.94449581205845 5.5
      vertex 5.294463410973549 219.22037649154663 5.5
    endloop
  endfacet
  facet normal 0 0 1
    outer loop
      vertex 3.4269171357154846 220.05563627928495 5.5
      vertex 5.294463410973549 219.22037649154663 5.5
      vertex 3.7484425082802773 220.48916306346655 5.5
    endloop
  endfacet
  facet normal 0 0 1
    outer loop
      vertex 3.7484425082802773 220.48916306346655 5.5
      vertex 5.52512626349926 219.47487373650074 5.5
      vertex 4.110912702977657 220.88908729702234 5.5
    endloop
  endfacet
  facet normal 0 0 1
    outer loop
      vertex 3.7484425082802773 220.48916306346655 5.5
      vertex 5.294463410973549 219.22037649154663 5.5
      vertex 5.52512626349926 219.47487373650074 5.5
    endloop
  endfacet
  facet normal 0 0 1
    outer loop
      vertex 4.110912702977657 220.88908729702234 5.5
      vertex 5.52512626349926 219.47487373650074 5.5
      vertex 5.779623508453369 219.70553658902645 5.5
    endloop
  endfacet
  facet normal 0 0 1
    outer loop
      vertex 4.110912702977657 220.88908729702234 5.5
      vertex 5.779623508453369 219.70553658902645 5.5
      vertex 4.510836936533451 221.25155749171972 5.5
    endloop
  endfacet
  facet normal 0 0 1
    outer loop
      vertex 4.510836936533451 221.25155749171972 5.5
      vertex 6.055504187941551 219.91014364361763 5.5
      vertex 4.944363720715046 221.57308286428452 5.5
    endloop
  endfacet
  facet normal 0 0 1
    outer loop
      vertex 4.510836936533451 221.25155749171972 5.5
      vertex 5.779623508453369 219.70553658902645 5.5
      vertex 6.055504187941551 219.91014364361763 5.5
    endloop
  endfacet
  facet normal 0 0 1
    outer loop
      vertex 6.055504187941551 219.91014364361763 5.5
      vertex 6.3501114174723625 220.08672442287207 5.5
      vertex 4.944363720715046 221.57308286428452 5.5
    endloop
  endfacet
  facet normal 0 0 1
    outer loop
      vertex 6.3501114174723625 220.08672442287207 5.5
      vertex 5.407317943871021 221.85056695342064 5.5
      vertex 4.944363720715046 221.57308286428452 5.5
    endloop
  endfacet
  facet normal 0 0 1
    outer loop
      vertex 6.3501114174723625 220.08672442287207 5.5
      vertex 6.660607986152172 220.23357836157084 5.5
      vertex 5.407317943871021 221.85056695342064 5.5
    endloop
  endfacet
  facet normal 0 0 1
    outer loop
      vertex 6.660607986152172 220.23357836157084 5.5
      vertex 5.895241118967533 222.08133742958307 5.5
      vertex 5.407317943871021 221.85056695342064 5.5
    endloop
  endfacet
  facet normal 0 0 1
    outer loop
      vertex 6.660607986152172 220.23357836157084 5.5
      vertex 6.984003633260727 220.34929117560387 5.5
      vertex 5.895241118967533 222.08133742958307 5.5
    endloop
  endfacet
  facet normal 0 0 1
    outer loop
      vertex 6.984003633260727 220.34929117560387 5.5
      vertex 7.3171838745474815 220.43274848163128 5.5
      vertex 6.4034342765808105 222.2631718441844 5.5
    endloop
  endfacet
  facet normal 0 0 1
    outer loop
      vertex 6.984003633260727 220.34929117560387 5.5
      vertex 6.4034342765808105 222.2631718441844 5.5
      vertex 5.895241118967533 222.08133742958307 5.5
    endloop
  endfacet
  facet normal 0 0 1
    outer loop
      vertex 6.4034342765808105 222.2631718441844 5.5
      vertex 7.3171838745474815 220.43274848163128 5.5
      vertex 6.927003227174282 222.39431904256344 5.5
    endloop
  endfacet
  facet normal 0 0 1
    outer loop
      vertex 6.927003227174282 222.39431904256344 5.5
      vertex 7.3171838745474815 220.43274848163128 5.5
      vertex 7.656940005719662 220.4831465408206 5.5
    endloop
  endfacet
  facet normal 0 0 1
    outer loop
      vertex 7.656940005719662 220.4831465408206 5.5
      vertex 8 220.5 5.5
      vertex 7.460905730724335 222.47351599484682 5.5
    endloop
  endfacet
  facet normal 0 0 1
    outer loop
      vertex 6.927003227174282 222.39431904256344 5.5
      vertex 7.656940005719662 220.4831465408206 5.5
      vertex 7.460905730724335 222.47351599484682 5.5
    endloop
  endfacet
  facet normal 0 0 1
    outer loop
      vertex 8 220.5 5.5
      vertex 8 222.5 5.5
      vertex 7.460905730724335 222.47351599484682 5.5
    endloop
  endfacet
  facet normal 0 0 1
    outer loop
      vertex 8 220.5 5.5
      vertex 104.5 222.5 5.5
      vertex 8 222.5 5.5
    endloop
  endfacet
  facet normal 0 1 0
    outer loop
      vertex 8 222.5 4
      vertex 104.5 222.5 5.5
      vertex 104.5 222.5 4
    endloop
  endfacet
  facet normal 0 -1 0
    outer loop
      vertex 8 220.5 5.5
      vertex 104.5 220.5 4
      vertex 104.5 220.5 5.5
    endloop
  endfacet
  facet normal 1 0 0
    outer loop
      vertex 104.5 220.5 4
      vertex 104.5 222.5 4
      vertex 104.5 220.5 5.5
    endloop
  endfacet
  facet normal 1 0 0
    outer loop
      vertex 104.5 222.5 4
      vertex 104.5 222.5 5.5
      vertex 104.5 220.5 5.5
    endloop
  endfacet
  facet normal 0 0 1
    outer loop
      vertex 8 220.5 5.5
      vertex 104.5 220.5 5.5
      vertex 104.5 222.5 5.5
    endloop
  endfacet
  facet normal 0 1 0
    outer loop
      vertex 9.158244134228799 4.5 4
      vertex 215.81225582845707 4.5 4.010000000000005
      vertex 215.8417558657712 4.5 4
    endloop
  endfacet
  facet normal 0 1 0
    outer loop
      vertex 220.5 4.5 5.5
      vertex 215.81225582845707 4.5 4.010000000000005
      vertex 9.187744171542942 4.5 4.010000000000005
    endloop
  endfacet
  facet normal 0 -1 0
    outer loop
      vertex 8 2.5 5.5
      vertex 222.5 2.5 4
      vertex 222.5 2.5 5.5
    endloop
  endfacet
  facet normal 0 0 1
    outer loop
      vertex 8 2.5 5.5
      vertex 222.5 2.5 5.5
      vertex 220.5 4.5 5.5
    endloop
  endfacet
  facet normal 0 1 0
    outer loop
      vertex 220.5 4.5 4
      vertex 218.1582441342288 4.5 4
      vertex 218.18774417154293 4.5 4.010000000000005
    endloop
  endfacet
  facet normal -1 0 0
    outer loop
      vertex 220.5 4.5 4
      vertex 220.5 6.812255828457076 4.010000000000005
      vertex 220.5 6.841755865771225 4
    endloop
  endfacet
  facet normal 0 1 0
    outer loop
      vertex 220.5 4.5 5.5
      vertex 218.18774417154293 4.5 4.010000000000005
      vertex 215.81225582845707 4.5 4.010000000000005
    endloop
  endfacet
  facet normal 0 1 0
    outer loop
      vertex 220.5 4.5 4
      vertex 218.18774417154293 4.5 4.010000000000005
      vertex 220.5 4.5 5.5
    endloop
  endfacet
  facet normal -1 0 0
    outer loop
      vertex 220.5 9.158244134228775 4
      vertex 220.5 9.187744171542924 4.010000000000005
      vertex 220.5 215.8417558657712 4
    endloop
  endfacet
  facet normal -1 0 0
    outer loop
      vertex 220.5 4.5 4
      vertex 220.5 220.5 5.5
      vertex 220.5 6.812255828457076 4.010000000000005
    endloop
  endfacet
  facet normal 1 0 0
    outer loop
      vertex 222.5 2.5 4
      vertex 222.5 222.5 4
      vertex 222.5 2.5 5.5
    endloop
  endfacet
  facet normal -1 0 0
    outer loop
      vertex 220.5 220.5 5.5
      vertex 220.5 9.187744171542924 4.010000000000005
      vertex 220.5 6.812255828457076 4.010000000000005
    endloop
  endfacet
  facet normal -1 0 0
    outer loop
      vertex 220.5 4.5 4
      vertex 220.5 4.5 5.5
      vertex 220.5 220.5 5.5
    endloop
  endfacet
  facet normal 0 0 1
    outer loop
      vertex 220.5 4.5 5.5
      vertex 222.5 2.5 5.5
      vertex 220.5 220.5 5.5
    endloop
  endfacet
  facet normal -1 0 0
    outer loop
      vertex 120.5 220.5 4
      vertex 120.5 222.5 5.5
      vertex 120.5 222.5 4
    endloop
  endfacet
  facet normal -1 0 0
    outer loop
      vertex 120.5 220.5 4
      vertex 120.5 220.5 5.5
      vertex 120.5 222.5 5.5
    endloop
  endfacet
  facet normal 0 -1 0
    outer loop
      vertex 120.5 220.5 4
      vertex 215.81225582845707 220.5 4.010000000000005
      vertex 120.5 220.5 5.5
    endloop
  endfacet
  facet normal 0 1 0
    outer loop
      vertex 120.5 222.5 4
      vertex 120.5 222.5 5.5
      vertex 222.5 222.5 5.5
    endloop
  endfacet
  facet normal 0 0 1
    outer loop
      vertex 120.5 220.5 5.5
      vertex 220.5 220.5 5.5
      vertex 120.5 222.5 5.5
    endloop
  endfacet
  facet normal -1 0 0
    outer loop
      vertex 220.5 215.8417558657712 4
      vertex 220.5 9.187744171542924 4.010000000000005
      vertex 220.5 215.81225582845707 4.010000000000005
    endloop
  endfacet
  facet normal -1 0 0
    outer loop
      vertex 220.5 220.5 5.5
      vertex 220.5 215.81225582845707 4.010000000000005
      vertex 220.5 9.187744171542924 4.010000000000005
    endloop
  endfacet
  facet normal 1 0 0
    outer loop
      vertex 222.5 2.5 5.5
      vertex 222.5 222.5 4
      vertex 222.5 222.5 5.5
    endloop
  endfacet
  facet normal 0 0 1
    outer loop
      vertex 222.5 2.5 5.5
      vertex 222.5 222.5 5.5
      vertex 220.5 220.5 5.5
    endloop
  endfacet
  facet normal 0 -1 0
    outer loop
      vertex 120.5 220.5 4
      vertex 215.84175586577123 220.5 4
      vertex 215.81225582845707 220.5 4.010000000000005
    endloop
  endfacet
  facet normal 0 -1 0
    outer loop
      vertex 120.5 220.5 5.5
      vertex 215.81225582845707 220.5 4.010000000000005
      vertex 218.18774417154293 220.5 4.010000000000005
    endloop
  endfacet
  facet normal 0 -1 0
    outer loop
      vertex 120.5 220.5 5.5
      vertex 218.18774417154293 220.5 4.010000000000005
      vertex 220.5 220.5 4
    endloop
  endfacet
  facet normal 0 1 0
    outer loop
      vertex 120.5 222.5 4
      vertex 222.5 222.5 5.5
      vertex 222.5 222.5 4
    endloop
  endfacet
  facet normal 0 -1 0
    outer loop
      vertex 120.5 220.5 5.5
      vertex 220.5 220.5 4
      vertex 220.5 220.5 5.5
    endloop
  endfacet
  facet normal 0 -1 0
    outer loop
      vertex 220.5 220.5 4
      vertex 218.18774417154293 220.5 4.010000000000005
      vertex 218.15824413422877 220.5 4
    endloop
  endfacet
  facet normal -1 0 0
    outer loop
      vertex 220.5 220.5 4
      vertex 220.5 218.1582441342288 4
      vertex 220.5 218.18774417154293 4.010000000000005
    endloop
  endfacet
  facet normal -1 0 0
    outer loop
      vertex 220.5 220.5 5.5
      vertex 220.5 218.18774417154293 4.010000000000005
      vertex 220.5 215.81225582845707 4.010000000000005
    endloop
  endfacet
  facet normal -1 0 0
    outer loop
      vertex 220.5 220.5 4
      vertex 220.5 218.18774417154293 4.010000000000005
      vertex 220.5 220.5 5.5
    endloop
  endfacet
  facet normal 0 0 1
    outer loop
      vertex 120.5 222.5 5.5
      vertex 220.5 220.5 5.5
      vertex 222.5 222.5 5.5
    endloop
  endfacet
  facet normal 0.8577286100002083 0.5141027441933281 0
    outer loop
      vertex 215.5007338506078 216.1986255473958 2
      vertex 215.58650165908568 216.05553060386669 0
      vertex 215.5007338506078 216.1986255473958 0
    endloop
  endfacet
  facet normal 0.7409511253548746 0.6715589548471116 0
    outer loop
      vertex 215.68588222928335 215.9215314169218 2
      vertex 215.79791847198288 215.79791847198288 0
      vertex 215.68588222928335 215.9215314169218 0
    endloop
  endfacet
  facet normal 0.8032075314807023 0.5956993044923559 0
    outer loop
      vertex 215.58650165908568 216.05553060386669 2
      vertex 215.68588222928335 215.9215314169218 0
      vertex 215.58650165908568 216.05553060386669 0
    endloop
  endfacet
  facet normal 0.6715589548471116 0.7409511253548746 0
    outer loop
      vertex 215.79791847198288 215.79791847198288 2
      vertex 215.9215314169218 215.68588222928335 0
      vertex 215.79791847198288 215.79791847198288 0
    endloop
  endfacet
  facet normal 0.5956993044923559 0.8032075314807023 0
    outer loop
      vertex 215.9215314169218 215.68588222928335 2
      vertex 216.05553060386669 215.58650165908568 0
      vertex 215.9215314169218 215.68588222928335 0
    endloop
  endfacet
  facet normal 0.5141027441933281 0.8577286100002083 0
    outer loop
      vertex 216.05553060386669 215.58650165908568 2
      vertex 216.1986255473958 215.5007338506078 0
      vertex 216.05553060386669 215.58650165908568 0
    endloop
  endfacet
  facet normal 0.9891765099647759 0.14673047445539547 0
    outer loop
      vertex 215.30818596465727 216.83337086143976 2
      vertex 215.33266502331452 216.6683464525726 0
      vertex 215.30818596465727 216.83337086143976 0
    endloop
  endfacet
  facet normal 0.9987954562051743 0.04906767432737955 0
    outer loop
      vertex 215.3 217 2
      vertex 215.30818596465727 216.83337086143976 0
      vertex 215.3 217 0
    endloop
  endfacet
  facet normal 0.9987954562051743 -0.04906767432737955 0
    outer loop
      vertex 215.30818596465727 217.16662913856024 2
      vertex 215.3 217 0
      vertex 215.30818596465727 217.16662913856024 0
    endloop
  endfacet
  facet normal 0.9891765099647759 -0.14673047445539547 0
    outer loop
      vertex 215.33266502331452 217.3316535474274 2
      vertex 215.30818596465727 217.16662913856024 0
      vertex 215.33266502331452 217.3316535474274 0
    endloop
  endfacet
  facet normal 0.9039892931234326 0.42755509343030496 0
    outer loop
      vertex 215.4294047947308 216.34943816497935 2
      vertex 215.5007338506078 216.1986255473958 0
      vertex 215.4294047947308 216.34943816497935 0
    endloop
  endfacet
  facet normal 0.9415440651830158 0.33688985339223376 0
    outer loop
      vertex 215.37320142925523 216.5065160486674 2
      vertex 215.4294047947308 216.34943816497935 0
      vertex 215.37320142925523 216.5065160486674 0
    endloop
  endfacet
  facet normal 0.9700312531945829 0.24298017990310844 0
    outer loop
      vertex 215.33266502331452 216.6683464525726 2
      vertex 215.37320142925523 216.5065160486674 0
      vertex 215.33266502331452 216.6683464525726 0
    endloop
  endfacet
  facet normal 0.9700312531945829 -0.24298017990310844 0
    outer loop
      vertex 215.37320142925523 217.4934839513326 2
      vertex 215.33266502331452 217.3316535474274 0
      vertex 215.37320142925523 217.4934839513326 0
    endloop
  endfacet
  facet normal 0.9415440651830158 -0.33688985339223376 0
    outer loop
      vertex 215.4294047947308 217.65056183502065 2
      vertex 215.37320142925523 217.4934839513326 0
      vertex 215.4294047947308 217.65056183502065 0
    endloop
  endfacet
  facet normal 0.9039892931234326 -0.42755509343030496 0
    outer loop
      vertex 215.5007338506078 217.8013744526042 2
      vertex 215.4294047947308 217.65056183502065 0
      vertex 215.5007338506078 217.8013744526042 0
    endloop
  endfacet
  facet normal 0.8577286100002083 -0.5141027441933281 0
    outer loop
      vertex 215.58650165908568 217.94446939613331 2
      vertex 215.5007338506078 217.8013744526042 0
      vertex 215.58650165908568 217.94446939613331 0
    endloop
  endfacet
  facet normal 0.14673047445539547 0.9891765099647759 0
    outer loop
      vertex 216.6683464525726 215.33266502331452 2
      vertex 216.83337086143976 215.30818596465727 0
      vertex 216.6683464525726 215.33266502331452 0
    endloop
  endfacet
  facet normal 0.04906767432737955 0.9987954562051743 0
    outer loop
      vertex 216.83337086143976 215.30818596465727 2
      vertex 217 215.3 0
      vertex 216.83337086143976 215.30818596465727 0
    endloop
  endfacet
  facet normal -0.04906767432737955 0.9987954562051743 0
    outer loop
      vertex 217 215.3 2
      vertex 217.16662913856024 215.30818596465727 0
      vertex 217 215.3 0
    endloop
  endfacet
  facet normal 0.42755509343030496 0.9039892931234326 0
    outer loop
      vertex 216.1986255473958 215.5007338506078 2
      vertex 216.34943816497935 215.4294047947308 0
      vertex 216.1986255473958 215.5007338506078 0
    endloop
  endfacet
  facet normal 0.33688985339223376 0.9415440651830158 0
    outer loop
      vertex 216.34943816497935 215.4294047947308 2
      vertex 216.5065160486674 215.37320142925523 0
      vertex 216.34943816497935 215.4294047947308 0
    endloop
  endfacet
  facet normal 0.24298017990310844 0.9700312531945829 0
    outer loop
      vertex 216.5065160486674 215.37320142925523 2
      vertex 216.6683464525726 215.33266502331452 0
      vertex 216.5065160486674 215.37320142925523 0
    endloop
  endfacet
  facet normal -0.14673047445539547 0.9891765099647759 0
    outer loop
      vertex 217.16662913856024 215.30818596465727 2
      vertex 217.3316535474274 215.33266502331452 0
      vertex 217.16662913856024 215.30818596465727 0
    endloop
  endfacet
  facet normal -0.24298017990310844 0.9700312531945829 0
    outer loop
      vertex 217.3316535474274 215.33266502331452 2
      vertex 217.4934839513326 215.37320142925523 0
      vertex 217.3316535474274 215.33266502331452 0
    endloop
  endfacet
  facet normal -0.33688985339223376 0.9415440651830158 0
    outer loop
      vertex 217.4934839513326 215.37320142925523 2
      vertex 217.65056183502065 215.4294047947308 0
      vertex 217.4934839513326 215.37320142925523 0
    endloop
  endfacet
  facet normal -0.42755509343030496 0.9039892931234326 0
    outer loop
      vertex 217.65056183502065 215.4294047947308 2
      vertex 217.8013744526042 215.5007338506078 0
      vertex 217.65056183502065 215.4294047947308 0
    endloop
  endfacet
  facet normal -0.5141027441933281 0.8577286100002083 0
    outer loop
      vertex 217.8013744526042 215.5007338506078 2
      vertex 217.94446939613331 215.58650165908568 0
      vertex 217.8013744526042 215.5007338506078 0
    endloop
  endfacet
  facet normal 0.8032075314807023 -0.5956993044923559 0
    outer loop
      vertex 215.68588222928335 218.0784685830782 2
      vertex 215.58650165908568 217.94446939613331 0
      vertex 215.68588222928335 218.0784685830782 0
    endloop
  endfacet
  facet normal 0.7409511253548746 -0.6715589548471116 0
    outer loop
      vertex 215.79791847198288 218.20208152801712 2
      vertex 215.68588222928335 218.0784685830782 0
      vertex 215.79791847198288 218.20208152801712 0
    endloop
  endfacet
  facet normal 0.6715589548471116 -0.7409511253548746 0
    outer loop
      vertex 215.9215314169218 218.31411777071665 2
      vertex 215.79791847198288 218.20208152801712 0
      vertex 215.9215314169218 218.31411777071665 0
    endloop
  endfacet
  facet normal 0.5956993044923559 -0.8032075314807023 0
    outer loop
      vertex 216.05553060386669 218.41349834091432 2
      vertex 215.9215314169218 218.31411777071665 0
      vertex 216.05553060386669 218.41349834091432 0
    endloop
  endfacet
  facet normal 0.5141027441933281 -0.8577286100002083 0
    outer loop
      vertex 216.1986255473958 218.4992661493922 2
      vertex 216.05553060386669 218.41349834091432 0
      vertex 216.1986255473958 218.4992661493922 0
    endloop
  endfacet
  facet normal 0.42755509343030496 -0.9039892931234326 0
    outer loop
      vertex 216.34943816497935 218.5705952052692 2
      vertex 216.1986255473958 218.4992661493922 0
      vertex 216.34943816497935 218.5705952052692 0
    endloop
  endfacet
  facet normal 0.33688985339223376 -0.9415440651830158 0
    outer loop
      vertex 216.5065160486674 218.62679857074477 2
      vertex 216.34943816497935 218.5705952052692 0
      vertex 216.5065160486674 218.62679857074477 0
    endloop
  endfacet
  facet normal 0.24298017990310844 -0.9700312531945829 0
    outer loop
      vertex 216.6683464525726 218.66733497668548 2
      vertex 216.5065160486674 218.62679857074477 0
      vertex 216.6683464525726 218.66733497668548 0
    endloop
  endfacet
  facet normal 0.14673047445539547 -0.9891765099647759 0
    outer loop
      vertex 216.83337086143976 218.69181403534273 2
      vertex 216.6683464525726 218.66733497668548 0
      vertex 216.83337086143976 218.69181403534273 0
    endloop
  endfacet
  facet normal 0.04906767432737955 -0.9987954562051743 0
    outer loop
      vertex 217 218.7 2
      vertex 216.83337086143976 218.69181403534273 0
      vertex 217 218.7 0
    endloop
  endfacet
  facet normal -0.04906767432737955 -0.9987954562051743 0
    outer loop
      vertex 217.16662913856024 218.69181403534273 2
      vertex 217 218.7 0
      vertex 217.16662913856024 218.69181403534273 0
    endloop
  endfacet
  facet normal -0.14673047445539547 -0.9891765099647759 0
    outer loop
      vertex 217.3316535474274 218.66733497668548 2
      vertex 217.16662913856024 218.69181403534273 0
      vertex 217.3316535474274 218.66733497668548 0
    endloop
  endfacet
  facet normal -0.24298017990310844 -0.9700312531945829 0
    outer loop
      vertex 217.4934839513326 218.62679857074477 2
      vertex 217.3316535474274 218.66733497668548 0
      vertex 217.4934839513326 218.62679857074477 0
    endloop
  endfacet
  facet normal -0.33688985339223376 -0.9415440651830158 0
    outer loop
      vertex 217.65056183502065 218.5705952052692 2
      vertex 217.4934839513326 218.62679857074477 0
      vertex 217.65056183502065 218.5705952052692 0
    endloop
  endfacet
  facet normal -0.42755509343030496 -0.9039892931234326 0
    outer loop
      vertex 217.8013744526042 218.4992661493922 2
      vertex 217.65056183502065 218.5705952052692 0
      vertex 217.8013744526042 218.4992661493922 0
    endloop
  endfacet
  facet normal -0.5141027441933281 -0.8577286100002083 0
    outer loop
      vertex 217.94446939613331 218.41349834091432 2
      vertex 217.8013744526042 218.4992661493922 0
      vertex 217.94446939613331 218.41349834091432 0
    endloop
  endfacet
  facet normal -0.5956993044923559 0.8032075314807023 0
    outer loop
      vertex 217.94446939613331 215.58650165908568 2
      vertex 218.0784685830782 215.68588222928335 0
      vertex 217.94446939613331 215.58650165908568 0
    endloop
  endfacet
  facet normal -0.6715589548471116 0.7409511253548746 0
    outer loop
      vertex 218.0784685830782 215.68588222928335 2
      vertex 218.20208152801712 215.79791847198288 0
      vertex 218.0784685830782 215.68588222928335 0
    endloop
  endfacet
  facet normal -0.7409511253548746 0.6715589548471116 0
    outer loop
      vertex 218.20208152801712 215.79791847198288 2
      vertex 218.31411777071665 215.9215314169218 0
      vertex 218.20208152801712 215.79791847198288 0
    endloop
  endfacet
  facet normal -0.8032075314807023 0.5956993044923559 0
    outer loop
      vertex 218.31411777071665 215.9215314169218 2
      vertex 218.41349834091432 216.05553060386669 0
      vertex 218.31411777071665 215.9215314169218 0
    endloop
  endfacet
  facet normal -0.8577286100002083 0.5141027441933281 0
    outer loop
      vertex 218.41349834091432 216.05553060386669 2
      vertex 218.4992661493922 216.1986255473958 0
      vertex 218.41349834091432 216.05553060386669 0
    endloop
  endfacet
  facet normal -0.9039892931234326 0.42755509343030496 0
    outer loop
      vertex 218.4992661493922 216.1986255473958 2
      vertex 218.5705952052692 216.34943816497935 0
      vertex 218.4992661493922 216.1986255473958 0
    endloop
  endfacet
  facet normal -0.9415440651830158 0.33688985339223376 0
    outer loop
      vertex 218.5705952052692 216.34943816497935 2
      vertex 218.62679857074477 216.5065160486674 0
      vertex 218.5705952052692 216.34943816497935 0
    endloop
  endfacet
  facet normal -0.9700312531945829 0.24298017990310844 0
    outer loop
      vertex 218.62679857074477 216.5065160486674 2
      vertex 218.66733497668548 216.6683464525726 0
      vertex 218.62679857074477 216.5065160486674 0
    endloop
  endfacet
  facet normal -0.9891765099647759 0.14673047445539547 0
    outer loop
      vertex 218.66733497668548 216.6683464525726 2
      vertex 218.69181403534273 216.83337086143976 0
      vertex 218.66733497668548 216.6683464525726 0
    endloop
  endfacet
  facet normal -0.9987954562051743 0.04906767432737955 0
    outer loop
      vertex 218.69181403534273 216.83337086143976 2
      vertex 218.7 217 0
      vertex 218.69181403534273 216.83337086143976 0
    endloop
  endfacet
  facet normal -0.9987954562051743 -0.04906767432737955 0
    outer loop
      vertex 218.7 217 2
      vertex 218.69181403534273 217.16662913856024 0
      vertex 218.7 217 0
    endloop
  endfacet
  facet normal -0.9891765099647759 -0.14673047445539547 0
    outer loop
      vertex 218.69181403534273 217.16662913856024 2
      vertex 218.66733497668548 217.3316535474274 0
      vertex 218.69181403534273 217.16662913856024 0
    endloop
  endfacet
  facet normal -0.9700312531945829 -0.24298017990310844 0
    outer loop
      vertex 218.66733497668548 217.3316535474274 2
      vertex 218.62679857074477 217.4934839513326 0
      vertex 218.66733497668548 217.3316535474274 0
    endloop
  endfacet
  facet normal -0.9039892931234326 -0.42755509343030496 0
    outer loop
      vertex 218.5705952052692 217.65056183502065 2
      vertex 218.4992661493922 217.8013744526042 0
      vertex 218.5705952052692 217.65056183502065 0
    endloop
  endfacet
  facet normal -0.9415440651830158 -0.33688985339223376 0
    outer loop
      vertex 218.62679857074477 217.4934839513326 2
      vertex 218.5705952052692 217.65056183502065 0
      vertex 218.62679857074477 217.4934839513326 0
    endloop
  endfacet
  facet normal -0.8577286100002083 -0.5141027441933281 0
    outer loop
      vertex 218.4992661493922 217.8013744526042 2
      vertex 218.41349834091432 217.94446939613331 0
      vertex 218.4992661493922 217.8013744526042 0
    endloop
  endfacet
  facet normal -0.5956993044923559 -0.8032075314807023 0
    outer loop
      vertex 218.0784685830782 218.31411777071665 2
      vertex 217.94446939613331 218.41349834091432 0
      vertex 218.0784685830782 218.31411777071665 0
    endloop
  endfacet
  facet normal -0.6715589548471116 -0.7409511253548746 0
    outer loop
      vertex 218.20208152801712 218.20208152801712 2
      vertex 218.0784685830782 218.31411777071665 0
      vertex 218.20208152801712 218.20208152801712 0
    endloop
  endfacet
  facet normal -0.7409511253548746 -0.6715589548471116 0
    outer loop
      vertex 218.31411777071665 218.0784685830782 2
      vertex 218.20208152801712 218.20208152801712 0
      vertex 218.31411777071665 218.0784685830782 0
    endloop
  endfacet
  facet normal -0.8032075314807023 -0.5956993044923559 0
    outer loop
      vertex 218.41349834091432 217.94446939613331 2
      vertex 218.31411777071665 218.0784685830782 0
      vertex 218.41349834091432 217.94446939613331 0
    endloop
  endfacet
  facet normal 0.7409511253548746 0.6715589548471116 0
    outer loop
      vertex 215.79791847198288 215.79791847198288 2
      vertex 215.79791847198288 215.79791847198288 0
      vertex 215.68588222928335 215.9215314169218 2
    endloop
  endfacet
  facet normal 0.8032075314807023 0.5956993044923559 -5.620448798564841e-19
    outer loop
      vertex 215.58650165908568 216.05553060386669 2
      vertex 215.68588222928335 215.9215314169218 2
      vertex 215.68588222928335 215.9215314169218 0
    endloop
  endfacet
  facet normal 0.8577286100002083 0.5141027441933281 0
    outer loop
      vertex 215.58650165908568 216.05553060386669 2
      vertex 215.58650165908568 216.05553060386669 0
      vertex 215.5007338506078 216.1986255473958 2
    endloop
  endfacet
  facet normal 0.6715589548471116 0.7409511253548746 -6.320297722566281e-19
    outer loop
      vertex 215.79791847198288 215.79791847198288 2
      vertex 215.9215314169218 215.68588222928335 2
      vertex 215.9215314169218 215.68588222928335 0
    endloop
  endfacet
  facet normal 0.5141027441933281 0.8577286100002083 1.8550784087427566e-18
    outer loop
      vertex 216.05553060386669 215.58650165908568 2
      vertex 216.1986255473958 215.5007338506078 2
      vertex 216.1986255473958 215.5007338506078 0
    endloop
  endfacet
  facet normal 0.5956993044923559 0.8032075314807023 0
    outer loop
      vertex 216.05553060386669 215.58650165908568 2
      vertex 216.05553060386669 215.58650165908568 0
      vertex 215.9215314169218 215.68588222928335 2
    endloop
  endfacet
  facet normal 0.9891765099647759 0.14673047445539547 0
    outer loop
      vertex 215.33266502331452 216.6683464525726 2
      vertex 215.33266502331452 216.6683464525726 0
      vertex 215.30818596465727 216.83337086143976 2
    endloop
  endfacet
  facet normal 0.9987954562051743 0.04906767432737955 0
    outer loop
      vertex 215.30818596465727 216.83337086143976 2
      vertex 215.30818596465727 216.83337086143976 0
      vertex 215.3 217 2
    endloop
  endfacet
  facet normal 0.9987954562051743 -0.04906767432737955 0
    outer loop
      vertex 215.3 217 2
      vertex 215.3 217 0
      vertex 215.30818596465727 217.16662913856024 2
    endloop
  endfacet
  facet normal 0.9891765099647759 -0.14673047445539547 0
    outer loop
      vertex 215.30818596465727 217.16662913856024 2
      vertex 215.30818596465727 217.16662913856024 0
      vertex 215.33266502331452 217.3316535474274 2
    endloop
  endfacet
  facet normal 0.9415440651830158 0.33688985339223376 0
    outer loop
      vertex 215.4294047947308 216.34943816497935 2
      vertex 215.4294047947308 216.34943816497935 0
      vertex 215.37320142925523 216.5065160486674 2
    endloop
  endfacet
  facet normal 0.9039892931234326 0.42755509343030496 0
    outer loop
      vertex 215.5007338506078 216.1986255473958 2
      vertex 215.5007338506078 216.1986255473958 0
      vertex 215.4294047947308 216.34943816497935 2
    endloop
  endfacet
  facet normal 0.9700312531945829 0.24298017990310844 0
    outer loop
      vertex 215.37320142925523 216.5065160486674 2
      vertex 215.37320142925523 216.5065160486674 0
      vertex 215.33266502331452 216.6683464525726 2
    endloop
  endfacet
  facet normal 0.9700312531945829 -0.24298017990310844 0
    outer loop
      vertex 215.33266502331452 217.3316535474274 2
      vertex 215.33266502331452 217.3316535474274 0
      vertex 215.37320142925523 217.4934839513326 2
    endloop
  endfacet
  facet normal 0.9415440651830158 -0.33688985339223376 0
    outer loop
      vertex 215.37320142925523 217.4934839513326 2
      vertex 215.37320142925523 217.4934839513326 0
      vertex 215.4294047947308 217.65056183502065 2
    endloop
  endfacet
  facet normal 0.9039892931234326 -0.42755509343030496 0
    outer loop
      vertex 215.4294047947308 217.65056183502065 2
      vertex 215.4294047947308 217.65056183502065 0
      vertex 215.5007338506078 217.8013744526042 2
    endloop
  endfacet
  facet normal 0.8577286100002083 -0.5141027441933281 0
    outer loop
      vertex 215.5007338506078 217.8013744526042 2
      vertex 215.5007338506078 217.8013744526042 0
      vertex 215.58650165908568 217.94446939613331 2
    endloop
  endfacet
  facet normal 0.14673047445539547 0.9891765099647759 1.2516669628601162e-18
    outer loop
      vertex 216.6683464525726 215.33266502331452 2
      vertex 216.83337086143976 215.30818596465727 2
      vertex 216.83337086143976 215.30818596465727 0
    endloop
  endfacet
  facet normal 0.04906767432737955 0.9987954562051743 2.7452171718478277e-19
    outer loop
      vertex 216.83337086143976 215.30818596465727 2
      vertex 217 215.3 2
      vertex 217 215.3 0
    endloop
  endfacet
  facet normal 0.42755509343030496 0.9039892931234326 -2.593205381700398e-18
    outer loop
      vertex 216.1986255473958 215.5007338506078 2
      vertex 216.34943816497935 215.4294047947308 2
      vertex 216.34943816497935 215.4294047947308 0
    endloop
  endfacet
  facet normal 0.33688985339223376 0.9415440651830158 3.603008364805194e-20
    outer loop
      vertex 216.34943816497935 215.4294047947308 2
      vertex 216.5065160486674 215.37320142925523 2
      vertex 216.5065160486674 215.37320142925523 0
    endloop
  endfacet
  facet normal 0.24298017990310844 0.9700312531945829 -3.069321294047069e-19
    outer loop
      vertex 216.5065160486674 215.37320142925523 2
      vertex 216.6683464525726 215.33266502331452 2
      vertex 216.6683464525726 215.33266502331452 0
    endloop
  endfacet
  facet normal -0.04906767432737955 0.9987954562051743 -2.7452171718478277e-19
    outer loop
      vertex 217 215.3 2
      vertex 217.16662913856024 215.30818596465727 2
      vertex 217.16662913856024 215.30818596465727 0
    endloop
  endfacet
  facet normal -0.14673047445539547 0.9891765099647759 -1.2516669628601162e-18
    outer loop
      vertex 217.16662913856024 215.30818596465727 2
      vertex 217.3316535474274 215.33266502331452 2
      vertex 217.3316535474274 215.33266502331452 0
    endloop
  endfacet
  facet normal -0.24298017990310844 0.9700312531945829 3.069321294047069e-19
    outer loop
      vertex 217.3316535474274 215.33266502331452 2
      vertex 217.4934839513326 215.37320142925523 2
      vertex 217.4934839513326 215.37320142925523 0
    endloop
  endfacet
  facet normal -0.33688985339223376 0.9415440651830158 -3.603008364805194e-20
    outer loop
      vertex 217.4934839513326 215.37320142925523 2
      vertex 217.65056183502065 215.4294047947308 2
      vertex 217.65056183502065 215.4294047947308 0
    endloop
  endfacet
  facet normal -0.42755509343030496 0.9039892931234326 2.593205381700398e-18
    outer loop
      vertex 217.65056183502065 215.4294047947308 2
      vertex 217.8013744526042 215.5007338506078 2
      vertex 217.8013744526042 215.5007338506078 0
    endloop
  endfacet
  facet normal -0.5141027441933281 0.8577286100002083 -1.8550784087427566e-18
    outer loop
      vertex 217.8013744526042 215.5007338506078 2
      vertex 217.94446939613331 215.58650165908568 2
      vertex 217.94446939613331 215.58650165908568 0
    endloop
  endfacet
  facet normal 0.8032075314807023 -0.5956993044923559 0
    outer loop
      vertex 215.58650165908568 217.94446939613331 2
      vertex 215.58650165908568 217.94446939613331 0
      vertex 215.68588222928335 218.0784685830782 2
    endloop
  endfacet
  facet normal 0.7409511253548746 -0.6715589548471116 0
    outer loop
      vertex 215.68588222928335 218.0784685830782 2
      vertex 215.68588222928335 218.0784685830782 0
      vertex 215.79791847198288 218.20208152801712 2
    endloop
  endfacet
  facet normal 0.6715589548471116 -0.7409511253548746 0
    outer loop
      vertex 215.79791847198288 218.20208152801712 2
      vertex 215.79791847198288 218.20208152801712 0
      vertex 215.9215314169218 218.31411777071665 2
    endloop
  endfacet
  facet normal 0.5956993044923559 -0.8032075314807023 0
    outer loop
      vertex 215.9215314169218 218.31411777071665 2
      vertex 215.9215314169218 218.31411777071665 0
      vertex 216.05553060386669 218.41349834091432 2
    endloop
  endfacet
  facet normal 0.5141027441933281 -0.8577286100002083 0
    outer loop
      vertex 216.05553060386669 218.41349834091432 2
      vertex 216.05553060386669 218.41349834091432 0
      vertex 216.1986255473958 218.4992661493922 2
    endloop
  endfacet
  facet normal 0.42755509343030496 -0.9039892931234326 0
    outer loop
      vertex 216.1986255473958 218.4992661493922 2
      vertex 216.1986255473958 218.4992661493922 0
      vertex 216.34943816497935 218.5705952052692 2
    endloop
  endfacet
  facet normal 0.33688985339223376 -0.9415440651830158 0
    outer loop
      vertex 216.34943816497935 218.5705952052692 2
      vertex 216.34943816497935 218.5705952052692 0
      vertex 216.5065160486674 218.62679857074477 2
    endloop
  endfacet
  facet normal 0.24298017990310844 -0.9700312531945829 0
    outer loop
      vertex 216.5065160486674 218.62679857074477 2
      vertex 216.5065160486674 218.62679857074477 0
      vertex 216.6683464525726 218.66733497668548 2
    endloop
  endfacet
  facet normal 0.14673047445539547 -0.9891765099647759 0
    outer loop
      vertex 216.6683464525726 218.66733497668548 2
      vertex 216.6683464525726 218.66733497668548 0
      vertex 216.83337086143976 218.69181403534273 2
    endloop
  endfacet
  facet normal 0.04906767432737955 -0.9987954562051743 0
    outer loop
      vertex 216.83337086143976 218.69181403534273 2
      vertex 216.83337086143976 218.69181403534273 0
      vertex 217 218.7 2
    endloop
  endfacet
  facet normal -0.04906767432737955 -0.9987954562051743 0
    outer loop
      vertex 217 218.7 2
      vertex 217 218.7 0
      vertex 217.16662913856024 218.69181403534273 2
    endloop
  endfacet
  facet normal -0.14673047445539547 -0.9891765099647759 0
    outer loop
      vertex 217.16662913856024 218.69181403534273 2
      vertex 217.16662913856024 218.69181403534273 0
      vertex 217.3316535474274 218.66733497668548 2
    endloop
  endfacet
  facet normal -0.24298017990310844 -0.9700312531945829 0
    outer loop
      vertex 217.3316535474274 218.66733497668548 2
      vertex 217.3316535474274 218.66733497668548 0
      vertex 217.4934839513326 218.62679857074477 2
    endloop
  endfacet
  facet normal -0.42755509343030496 -0.9039892931234326 0
    outer loop
      vertex 217.65056183502065 218.5705952052692 2
      vertex 217.65056183502065 218.5705952052692 0
      vertex 217.8013744526042 218.4992661493922 2
    endloop
  endfacet
  facet normal -0.33688985339223376 -0.9415440651830158 3.603008364805194e-20
    outer loop
      vertex 217.65056183502065 218.5705952052692 2
      vertex 217.4934839513326 218.62679857074477 2
      vertex 217.4934839513326 218.62679857074477 0
    endloop
  endfacet
  facet normal -0.5141027441933281 -0.8577286100002083 0
    outer loop
      vertex 217.8013744526042 218.4992661493922 2
      vertex 217.8013744526042 218.4992661493922 0
      vertex 217.94446939613331 218.41349834091432 2
    endloop
  endfacet
  facet normal -0.5956993044923559 0.8032075314807023 5.620448798564841e-19
    outer loop
      vertex 217.94446939613331 215.58650165908568 2
      vertex 218.0784685830782 215.68588222928335 2
      vertex 218.0784685830782 215.68588222928335 0
    endloop
  endfacet
  facet normal -0.6715589548471116 0.7409511253548746 6.320297722566281e-19
    outer loop
      vertex 218.0784685830782 215.68588222928335 2
      vertex 218.20208152801712 215.79791847198288 2
      vertex 218.20208152801712 215.79791847198288 0
    endloop
  endfacet
  facet normal -0.7409511253548746 0.6715589548471116 6.320297722566281e-19
    outer loop
      vertex 218.20208152801712 215.79791847198288 2
      vertex 218.31411777071665 215.9215314169218 2
      vertex 218.31411777071665 215.9215314169218 0
    endloop
  endfacet
  facet normal -0.8032075314807023 0.5956993044923559 5.620448798564841e-19
    outer loop
      vertex 218.31411777071665 215.9215314169218 2
      vertex 218.41349834091432 216.05553060386669 2
      vertex 218.41349834091432 216.05553060386669 0
    endloop
  endfacet
  facet normal -0.8577286100002083 0.5141027441933281 -1.8550784087427566e-18
    outer loop
      vertex 218.41349834091432 216.05553060386669 2
      vertex 218.4992661493922 216.1986255473958 2
      vertex 218.4992661493922 216.1986255473958 0
    endloop
  endfacet
  facet normal -0.9039892931234326 0.42755509343030496 2.593205381700398e-18
    outer loop
      vertex 218.4992661493922 216.1986255473958 2
      vertex 218.5705952052692 216.34943816497935 2
      vertex 218.5705952052692 216.34943816497935 0
    endloop
  endfacet
  facet normal -0.9415440651830158 0.33688985339223376 -3.603008364805194e-20
    outer loop
      vertex 218.5705952052692 216.34943816497935 2
      vertex 218.62679857074477 216.5065160486674 2
      vertex 218.62679857074477 216.5065160486674 0
    endloop
  endfacet
  facet normal -0.9700312531945829 0.24298017990310844 3.069321294047069e-19
    outer loop
      vertex 218.62679857074477 216.5065160486674 2
      vertex 218.66733497668548 216.6683464525726 2
      vertex 218.66733497668548 216.6683464525726 0
    endloop
  endfacet
  facet normal -0.9891765099647759 0.14673047445539547 -1.2516669628601162e-18
    outer loop
      vertex 218.66733497668548 216.6683464525726 2
      vertex 218.69181403534273 216.83337086143976 2
      vertex 218.69181403534273 216.83337086143976 0
    endloop
  endfacet
  facet normal -0.9987954562051743 0.04906767432737955 -2.7452171718478277e-19
    outer loop
      vertex 218.69181403534273 216.83337086143976 2
      vertex 218.7 217 2
      vertex 218.7 217 0
    endloop
  endfacet
  facet normal -0.9987954562051743 -0.04906767432737955 2.7452171718478277e-19
    outer loop
      vertex 218.7 217 2
      vertex 218.69181403534273 217.16662913856024 2
      vertex 218.69181403534273 217.16662913856024 0
    endloop
  endfacet
  facet normal -0.9891765099647759 -0.14673047445539547 1.2516669628601162e-18
    outer loop
      vertex 218.69181403534273 217.16662913856024 2
      vertex 218.66733497668548 217.3316535474274 2
      vertex 218.66733497668548 217.3316535474274 0
    endloop
  endfacet
  facet normal -0.9700312531945829 -0.24298017990310844 -3.069321294047069e-19
    outer loop
      vertex 218.66733497668548 217.3316535474274 2
      vertex 218.62679857074477 217.4934839513326 2
      vertex 218.62679857074477 217.4934839513326 0
    endloop
  endfacet
  facet normal -0.9415440651830158 -0.33688985339223376 0
    outer loop
      vertex 218.5705952052692 217.65056183502065 2
      vertex 218.5705952052692 217.65056183502065 0
      vertex 218.62679857074477 217.4934839513326 2
    endloop
  endfacet
  facet normal -0.8577286100002083 -0.5141027441933281 1.8550784087427566e-18
    outer loop
      vertex 218.4992661493922 217.8013744526042 2
      vertex 218.41349834091432 217.94446939613331 2
      vertex 218.41349834091432 217.94446939613331 0
    endloop
  endfacet
  facet normal -0.9039892931234326 -0.42755509343030496 -2.593205381700398e-18
    outer loop
      vertex 218.5705952052692 217.65056183502065 2
      vertex 218.4992661493922 217.8013744526042 2
      vertex 218.4992661493922 217.8013744526042 0
    endloop
  endfacet
  facet normal -0.6715589548471116 -0.7409511253548746 0
    outer loop
      vertex 218.0784685830782 218.31411777071665 2
      vertex 218.0784685830782 218.31411777071665 0
      vertex 218.20208152801712 218.20208152801712 2
    endloop
  endfacet
  facet normal -0.5956993044923559 -0.8032075314807023 0
    outer loop
      vertex 217.94446939613331 218.41349834091432 2
      vertex 217.94446939613331 218.41349834091432 0
      vertex 218.0784685830782 218.31411777071665 2
    endloop
  endfacet
  facet normal -0.8032075314807023 -0.5956993044923559 0
    outer loop
      vertex 218.31411777071665 218.0784685830782 2
      vertex 218.31411777071665 218.0784685830782 0
      vertex 218.41349834091432 217.94446939613331 2
    endloop
  endfacet
  facet normal -0.7409511253548746 -0.6715589548471116 -6.320297722566281e-19
    outer loop
      vertex 218.31411777071665 218.0784685830782 2
      vertex 218.20208152801712 218.20208152801712 2
      vertex 218.20208152801712 218.20208152801712 0
    endloop
  endfacet
  facet normal 0.8577286100002599 0.514102744193242 0
    outer loop
      vertex 6.500733850607796 216.1986255473958 2
      vertex 6.586501659085673 216.05553060386669 0
      vertex 6.500733850607796 216.1986255473958 0
    endloop
  endfacet
  facet normal 0.6715589548470481 0.7409511253549322 0
    outer loop
      vertex 6.797918471982869 215.79791847198288 2
      vertex 6.921531416921803 215.68588222928335 0
      vertex 6.797918471982869 215.79791847198288 0
    endloop
  endfacet
  facet normal 0.5956993044924044 0.8032075314806666 0
    outer loop
      vertex 6.921531416921803 215.68588222928335 2
      vertex 7.055530603866677 215.58650165908568 0
      vertex 6.921531416921803 215.68588222928335 0
    endloop
  endfacet
  facet normal 0.7409511253549037 0.6715589548470794 0
    outer loop
      vertex 6.685882229283347 215.9215314169218 2
      vertex 6.797918471982869 215.79791847198288 0
      vertex 6.685882229283347 215.9215314169218 0
    endloop
  endfacet
  facet normal 0.803207531480682 0.5956993044923834 0
    outer loop
      vertex 6.586501659085673 216.05553060386669 2
      vertex 6.685882229283347 215.9215314169218 0
      vertex 6.586501659085673 216.05553060386669 0
    endloop
  endfacet
  facet normal 0.9700312531945503 0.2429801799032387 0
    outer loop
      vertex 6.332665023314508 216.6683464525726 2
      vertex 6.373201429255245 216.5065160486674 0
      vertex 6.332665023314508 216.6683464525726 0
    endloop
  endfacet
  facet normal 0.9039892931234408 0.4275550934302876 0
    outer loop
      vertex 6.429404794730813 216.34943816497935 2
      vertex 6.500733850607796 216.1986255473958 0
      vertex 6.429404794730813 216.34943816497935 0
    endloop
  endfacet
  facet normal 0.9415440651830158 0.33688985339223376 0
    outer loop
      vertex 6.373201429255245 216.5065160486674 2
      vertex 6.429404794730813 216.34943816497935 0
      vertex 6.373201429255245 216.5065160486674 0
    endloop
  endfacet
  facet normal 0.9891765099647812 0.14673047445535903 0
    outer loop
      vertex 6.308185964657265 216.83337086143976 2
      vertex 6.332665023314508 216.6683464525726 0
      vertex 6.308185964657265 216.83337086143976 0
    endloop
  endfacet
  facet normal 0.9987954562051722 0.04906767432742204 0
    outer loop
      vertex 6.3 217 2
      vertex 6.308185964657265 216.83337086143976 0
      vertex 6.3 217 0
    endloop
  endfacet
  facet normal 0.9987954562051722 -0.04906767432742204 0
    outer loop
      vertex 6.308185964657265 217.16662913856024 2
      vertex 6.3 217 0
      vertex 6.308185964657265 217.16662913856024 0
    endloop
  endfacet
  facet normal 0.9891765099647812 -0.14673047445535903 0
    outer loop
      vertex 6.332665023314508 217.3316535474274 2
      vertex 6.308185964657265 217.16662913856024 0
      vertex 6.332665023314508 217.3316535474274 0
    endloop
  endfacet
  facet normal 0.9700312531945503 -0.2429801799032387 0
    outer loop
      vertex 6.373201429255245 217.4934839513326 2
      vertex 6.332665023314508 217.3316535474274 0
      vertex 6.373201429255245 217.4934839513326 0
    endloop
  endfacet
  facet normal 0.9415440651830158 -0.33688985339223376 0
    outer loop
      vertex 6.429404794730813 217.65056183502065 2
      vertex 6.373201429255245 217.4934839513326 0
      vertex 6.429404794730813 217.65056183502065 0
    endloop
  endfacet
  facet normal 0.9039892931234408 -0.4275550934302876 0
    outer loop
      vertex 6.500733850607796 217.8013744526042 2
      vertex 6.429404794730813 217.65056183502065 0
      vertex 6.500733850607796 217.8013744526042 0
    endloop
  endfacet
  facet normal 0.8577286100002599 -0.514102744193242 0
    outer loop
      vertex 6.586501659085673 217.94446939613331 2
      vertex 6.500733850607796 217.8013744526042 0
      vertex 6.586501659085673 217.94446939613331 0
    endloop
  endfacet
  facet normal 0.803207531480682 -0.5956993044923834 0
    outer loop
      vertex 6.685882229283347 218.0784685830782 2
      vertex 6.586501659085673 217.94446939613331 0
      vertex 6.685882229283347 218.0784685830782 0
    endloop
  endfacet
  facet normal 0.7409511253549037 -0.6715589548470794 0
    outer loop
      vertex 6.797918471982869 218.20208152801712 2
      vertex 6.685882229283347 218.0784685830782 0
      vertex 6.797918471982869 218.20208152801712 0
    endloop
  endfacet
  facet normal 0.6715589548470481 -0.7409511253549322 0
    outer loop
      vertex 6.921531416921803 218.31411777071665 2
      vertex 6.797918471982869 218.20208152801712 0
      vertex 6.921531416921803 218.31411777071665 0
    endloop
  endfacet
  facet normal 0.5956993044924044 -0.8032075314806666 0
    outer loop
      vertex 7.055530603866677 218.41349834091432 2
      vertex 6.921531416921803 218.31411777071665 0
      vertex 7.055530603866677 218.41349834091432 0
    endloop
  endfacet
  facet normal 0.14673047445539858 0.9891765099647755 0
    outer loop
      vertex 7.668346452572582 215.33266502331452 2
      vertex 7.833370861439747 215.30818596465727 0
      vertex 7.668346452572582 215.33266502331452 0
    endloop
  endfacet
  facet normal 0.049067674327375375 0.9987954562051744 0
    outer loop
      vertex 7.833370861439747 215.30818596465727 2
      vertex 8 215.3 0
      vertex 7.833370861439747 215.30818596465727 0
    endloop
  endfacet
  facet normal 0.42755509343029674 0.9039892931234363 0
    outer loop
      vertex 7.198625547395804 215.5007338506078 2
      vertex 7.349438164979348 215.4294047947308 0
      vertex 7.198625547395804 215.5007338506078 0
    endloop
  endfacet
  facet normal 0.5141027441933117 0.8577286100002182 0
    outer loop
      vertex 7.055530603866677 215.58650165908568 2
      vertex 7.198625547395804 215.5007338506078 0
      vertex 7.055530603866677 215.58650165908568 0
    endloop
  endfacet
  facet normal 0.33688985339222194 0.94154406518302 0
    outer loop
      vertex 7.349438164979348 215.4294047947308 2
      vertex 7.5065160486674145 215.37320142925523 0
      vertex 7.349438164979348 215.4294047947308 0
    endloop
  endfacet
  facet normal 0.24298017990313353 0.9700312531945767 0
    outer loop
      vertex 7.5065160486674145 215.37320142925523 2
      vertex 7.668346452572582 215.33266502331452 0
      vertex 7.5065160486674145 215.37320142925523 0
    endloop
  endfacet
  facet normal -0.049067674327375375 0.9987954562051744 0
    outer loop
      vertex 8 215.3 2
      vertex 8.166629138560253 215.30818596465727 0
      vertex 8 215.3 0
    endloop
  endfacet
  facet normal -0.14673047445539858 0.9891765099647755 0
    outer loop
      vertex 8.166629138560253 215.30818596465727 2
      vertex 8.331653547427418 215.33266502331452 0
      vertex 8.166629138560253 215.30818596465727 0
    endloop
  endfacet
  facet normal -0.24298017990313353 0.9700312531945767 0
    outer loop
      vertex 8.331653547427418 215.33266502331452 2
      vertex 8.493483951332585 215.37320142925523 0
      vertex 8.331653547427418 215.33266502331452 0
    endloop
  endfacet
  facet normal -0.3368898533922202 0.9415440651830207 0
    outer loop
      vertex 8.493483951332585 215.37320142925523 2
      vertex 8.650561835020653 215.4294047947308 0
      vertex 8.493483951332585 215.37320142925523 0
    endloop
  endfacet
  facet normal -0.42755509343029674 0.9039892931234363 0
    outer loop
      vertex 8.650561835020653 215.4294047947308 2
      vertex 8.801374452604197 215.5007338506078 0
      vertex 8.650561835020653 215.4294047947308 0
    endloop
  endfacet
  facet normal -0.514102744193314 0.8577286100002167 0
    outer loop
      vertex 8.801374452604197 215.5007338506078 2
      vertex 8.944469396133323 215.58650165908568 0
      vertex 8.801374452604197 215.5007338506078 0
    endloop
  endfacet
  facet normal -0.5956993044924018 0.8032075314806684 0
    outer loop
      vertex 8.944469396133323 215.58650165908568 2
      vertex 9.078468583078198 215.68588222928335 0
      vertex 8.944469396133323 215.58650165908568 0
    endloop
  endfacet
  facet normal -0.6715589548470533 0.7409511253549275 0
    outer loop
      vertex 9.078468583078198 215.68588222928335 2
      vertex 9.20208152801713 215.79791847198288 0
      vertex 9.078468583078198 215.68588222928335 0
    endloop
  endfacet
  facet normal -0.7409511253549012 0.6715589548470824 0
    outer loop
      vertex 9.20208152801713 215.79791847198288 2
      vertex 9.314117770716653 215.9215314169218 0
      vertex 9.20208152801713 215.79791847198288 0
    endloop
  endfacet
  facet normal -0.803207531480682 0.5956993044923834 0
    outer loop
      vertex 9.314117770716653 215.9215314169218 2
      vertex 9.413498340914327 216.05553060386669 0
      vertex 9.314117770716653 215.9215314169218 0
    endloop
  endfacet
  facet normal -0.8577286100002599 0.514102744193242 0
    outer loop
      vertex 9.413498340914327 216.05553060386669 2
      vertex 9.499266149392204 216.1986255473958 0
      vertex 9.413498340914327 216.05553060386669 0
    endloop
  endfacet
  facet normal -0.9039892931234408 0.4275550934302876 0
    outer loop
      vertex 9.499266149392204 216.1986255473958 2
      vertex 9.570595205269187 216.34943816497935 0
      vertex 9.499266149392204 216.1986255473958 0
    endloop
  endfacet
  facet normal -0.9415440651830158 0.33688985339223376 0
    outer loop
      vertex 9.570595205269187 216.34943816497935 2
      vertex 9.626798570744755 216.5065160486674 0
      vertex 9.570595205269187 216.34943816497935 0
    endloop
  endfacet
  facet normal -0.9700312531945503 0.2429801799032387 0
    outer loop
      vertex 9.626798570744755 216.5065160486674 2
      vertex 9.667334976685492 216.6683464525726 0
      vertex 9.626798570744755 216.5065160486674 0
    endloop
  endfacet
  facet normal -0.9700312531945503 -0.2429801799032387 0
    outer loop
      vertex 9.667334976685492 217.3316535474274 2
      vertex 9.626798570744755 217.4934839513326 0
      vertex 9.667334976685492 217.3316535474274 0
    endloop
  endfacet
  facet normal -0.9039892931234408 -0.4275550934302876 0
    outer loop
      vertex 9.570595205269187 217.65056183502065 2
      vertex 9.499266149392204 217.8013744526042 0
      vertex 9.570595205269187 217.65056183502065 0
    endloop
  endfacet
  facet normal -0.9415440651830158 -0.33688985339223376 0
    outer loop
      vertex 9.626798570744755 217.4934839513326 2
      vertex 9.570595205269187 217.65056183502065 0
      vertex 9.626798570744755 217.4934839513326 0
    endloop
  endfacet
  facet normal -0.8577286100002599 -0.514102744193242 0
    outer loop
      vertex 9.499266149392204 217.8013744526042 2
      vertex 9.413498340914327 217.94446939613331 0
      vertex 9.499266149392204 217.8013744526042 0
    endloop
  endfacet
  facet normal -0.9891765099647821 0.1467304744553538 0
    outer loop
      vertex 9.667334976685492 216.6683464525726 2
      vertex 9.691814035342734 216.83337086143976 0
      vertex 9.667334976685492 216.6683464525726 0
    endloop
  endfacet
  facet normal -0.9987954562051722 0.04906767432742204 0
    outer loop
      vertex 9.691814035342734 216.83337086143976 2
      vertex 9.7 217 0
      vertex 9.691814035342734 216.83337086143976 0
    endloop
  endfacet
  facet normal -0.9987954562051722 -0.04906767432742204 0
    outer loop
      vertex 9.7 217 2
      vertex 9.691814035342734 217.16662913856024 0
      vertex 9.7 217 0
    endloop
  endfacet
  facet normal -0.9891765099647821 -0.1467304744553538 0
    outer loop
      vertex 9.691814035342734 217.16662913856024 2
      vertex 9.667334976685492 217.3316535474274 0
      vertex 9.691814035342734 217.16662913856024 0
    endloop
  endfacet
  facet normal 0.5141027441933117 -0.8577286100002182 0
    outer loop
      vertex 7.198625547395804 218.4992661493922 2
      vertex 7.055530603866677 218.41349834091432 0
      vertex 7.198625547395804 218.4992661493922 0
    endloop
  endfacet
  facet normal 0.42755509343029674 -0.9039892931234363 0
    outer loop
      vertex 7.349438164979348 218.5705952052692 2
      vertex 7.198625547395804 218.4992661493922 0
      vertex 7.349438164979348 218.5705952052692 0
    endloop
  endfacet
  facet normal 0.33688985339222194 -0.94154406518302 0
    outer loop
      vertex 7.5065160486674145 218.62679857074477 2
      vertex 7.349438164979348 218.5705952052692 0
      vertex 7.5065160486674145 218.62679857074477 0
    endloop
  endfacet
  facet normal 0.24298017990313353 -0.9700312531945767 0
    outer loop
      vertex 7.668346452572582 218.66733497668548 2
      vertex 7.5065160486674145 218.62679857074477 0
      vertex 7.668346452572582 218.66733497668548 0
    endloop
  endfacet
  facet normal 0.14673047445539858 -0.9891765099647755 0
    outer loop
      vertex 7.833370861439747 218.69181403534273 2
      vertex 7.668346452572582 218.66733497668548 0
      vertex 7.833370861439747 218.69181403534273 0
    endloop
  endfacet
  facet normal 0.049067674327375375 -0.9987954562051744 0
    outer loop
      vertex 8 218.7 2
      vertex 7.833370861439747 218.69181403534273 0
      vertex 8 218.7 0
    endloop
  endfacet
  facet normal -0.049067674327375375 -0.9987954562051744 0
    outer loop
      vertex 8.166629138560253 218.69181403534273 2
      vertex 8 218.7 0
      vertex 8.166629138560253 218.69181403534273 0
    endloop
  endfacet
  facet normal -0.14673047445539858 -0.9891765099647755 0
    outer loop
      vertex 8.331653547427418 218.66733497668548 2
      vertex 8.166629138560253 218.69181403534273 0
      vertex 8.331653547427418 218.66733497668548 0
    endloop
  endfacet
  facet normal -0.24298017990313353 -0.9700312531945767 0
    outer loop
      vertex 8.493483951332585 218.62679857074477 2
      vertex 8.331653547427418 218.66733497668548 0
      vertex 8.493483951332585 218.62679857074477 0
    endloop
  endfacet
  facet normal -0.42755509343029674 -0.9039892931234363 0
    outer loop
      vertex 8.801374452604197 218.4992661493922 2
      vertex 8.650561835020653 218.5705952052692 0
      vertex 8.801374452604197 218.4992661493922 0
    endloop
  endfacet
  facet normal -0.3368898533922202 -0.9415440651830207 0
    outer loop
      vertex 8.650561835020653 218.5705952052692 2
      vertex 8.493483951332585 218.62679857074477 0
      vertex 8.650561835020653 218.5705952052692 0
    endloop
  endfacet
  facet normal -0.5956993044924018 -0.8032075314806684 0
    outer loop
      vertex 9.078468583078198 218.31411777071665 2
      vertex 8.944469396133323 218.41349834091432 0
      vertex 9.078468583078198 218.31411777071665 0
    endloop
  endfacet
  facet normal -0.6715589548470533 -0.7409511253549275 0
    outer loop
      vertex 9.20208152801713 218.20208152801712 2
      vertex 9.078468583078198 218.31411777071665 0
      vertex 9.20208152801713 218.20208152801712 0
    endloop
  endfacet
  facet normal -0.514102744193314 -0.8577286100002167 0
    outer loop
      vertex 8.944469396133323 218.41349834091432 2
      vertex 8.801374452604197 218.4992661493922 0
      vertex 8.944469396133323 218.41349834091432 0
    endloop
  endfacet
  facet normal -0.7409511253549012 -0.6715589548470824 0
    outer loop
      vertex 9.314117770716653 218.0784685830782 2
      vertex 9.20208152801713 218.20208152801712 0
      vertex 9.314117770716653 218.0784685830782 0
    endloop
  endfacet
  facet normal -0.803207531480682 -0.5956993044923834 0
    outer loop
      vertex 9.413498340914327 217.94446939613331 2
      vertex 9.314117770716653 218.0784685830782 0
      vertex 9.413498340914327 217.94446939613331 0
    endloop
  endfacet
  facet normal 0.8577286100002599 0.514102744193242 0
    outer loop
      vertex 6.586501659085673 216.05553060386669 2
      vertex 6.586501659085673 216.05553060386669 0
      vertex 6.500733850607796 216.1986255473958 2
    endloop
  endfacet
  facet normal 0.5956993044924044 0.8032075314806666 0
    outer loop
      vertex 7.055530603866677 215.58650165908568 2
      vertex 7.055530603866677 215.58650165908568 0
      vertex 6.921531416921803 215.68588222928335 2
    endloop
  endfacet
  facet normal 0.6715589548470481 0.7409511253549322 9.206716960763418e-19
    outer loop
      vertex 6.797918471982869 215.79791847198288 2
      vertex 6.921531416921803 215.68588222928335 2
      vertex 6.921531416921803 215.68588222928335 0
    endloop
  endfacet
  facet normal 0.7409511253549037 0.6715589548470794 0
    outer loop
      vertex 6.797918471982869 215.79791847198288 2
      vertex 6.797918471982869 215.79791847198288 0
      vertex 6.685882229283347 215.9215314169218 2
    endloop
  endfacet
  facet normal 0.803207531480682 0.5956993044923834 0
    outer loop
      vertex 6.685882229283347 215.9215314169218 2
      vertex 6.685882229283347 215.9215314169218 0
      vertex 6.586501659085673 216.05553060386669 2
    endloop
  endfacet
  facet normal 0.9700312531945503 0.2429801799032387 0
    outer loop
      vertex 6.373201429255245 216.5065160486674 2
      vertex 6.373201429255245 216.5065160486674 0
      vertex 6.332665023314508 216.6683464525726 2
    endloop
  endfacet
  facet normal 0.9415440651830158 0.33688985339223376 0
    outer loop
      vertex 6.429404794730813 216.34943816497935 2
      vertex 6.429404794730813 216.34943816497935 0
      vertex 6.373201429255245 216.5065160486674 2
    endloop
  endfacet
  facet normal 0.9039892931234408 0.4275550934302876 0
    outer loop
      vertex 6.500733850607796 216.1986255473958 2
      vertex 6.500733850607796 216.1986255473958 0
      vertex 6.429404794730813 216.34943816497935 2
    endloop
  endfacet
  facet normal 0.9891765099647812 0.14673047445535903 0
    outer loop
      vertex 6.332665023314508 216.6683464525726 2
      vertex 6.332665023314508 216.6683464525726 0
      vertex 6.308185964657265 216.83337086143976 2
    endloop
  endfacet
  facet normal 0.9987954562051722 0.04906767432742204 0
    outer loop
      vertex 6.308185964657265 216.83337086143976 2
      vertex 6.308185964657265 216.83337086143976 0
      vertex 6.3 217 2
    endloop
  endfacet
  facet normal 0.9987954562051722 -0.04906767432742204 0
    outer loop
      vertex 6.3 217 2
      vertex 6.3 217 0
      vertex 6.308185964657265 217.16662913856024 2
    endloop
  endfacet
  facet normal 0.9891765099647812 -0.14673047445535903 0
    outer loop
      vertex 6.308185964657265 217.16662913856024 2
      vertex 6.308185964657265 217.16662913856024 0
      vertex 6.332665023314508 217.3316535474274 2
    endloop
  endfacet
  facet normal 0.9700312531945503 -0.2429801799032387 0
    outer loop
      vertex 6.332665023314508 217.3316535474274 2
      vertex 6.332665023314508 217.3316535474274 0
      vertex 6.373201429255245 217.4934839513326 2
    endloop
  endfacet
  facet normal 0.9415440651830158 -0.33688985339223376 0
    outer loop
      vertex 6.373201429255245 217.4934839513326 2
      vertex 6.373201429255245 217.4934839513326 0
      vertex 6.429404794730813 217.65056183502065 2
    endloop
  endfacet
  facet normal 0.9039892931234408 -0.4275550934302876 0
    outer loop
      vertex 6.429404794730813 217.65056183502065 2
      vertex 6.429404794730813 217.65056183502065 0
      vertex 6.500733850607796 217.8013744526042 2
    endloop
  endfacet
  facet normal 0.8577286100002599 -0.514102744193242 0
    outer loop
      vertex 6.500733850607796 217.8013744526042 2
      vertex 6.500733850607796 217.8013744526042 0
      vertex 6.586501659085673 217.94446939613331 2
    endloop
  endfacet
  facet normal 0.803207531480682 -0.5956993044923834 0
    outer loop
      vertex 6.586501659085673 217.94446939613331 2
      vertex 6.586501659085673 217.94446939613331 0
      vertex 6.685882229283347 218.0784685830782 2
    endloop
  endfacet
  facet normal 0.7409511253549037 -0.6715589548470794 0
    outer loop
      vertex 6.685882229283347 218.0784685830782 2
      vertex 6.685882229283347 218.0784685830782 0
      vertex 6.797918471982869 218.20208152801712 2
    endloop
  endfacet
  facet normal 0.6715589548470481 -0.7409511253549322 0
    outer loop
      vertex 6.797918471982869 218.20208152801712 2
      vertex 6.797918471982869 218.20208152801712 0
      vertex 6.921531416921803 218.31411777071665 2
    endloop
  endfacet
  facet normal 0.5956993044924044 -0.8032075314806666 0
    outer loop
      vertex 6.921531416921803 218.31411777071665 2
      vertex 6.921531416921803 218.31411777071665 0
      vertex 7.055530603866677 218.41349834091432 2
    endloop
  endfacet
  facet normal 0.14673047445539858 0.9891765099647755 -6.558096521464675e-19
    outer loop
      vertex 7.668346452572582 215.33266502331452 2
      vertex 7.833370861439747 215.30818596465727 2
      vertex 7.833370861439747 215.30818596465727 0
    endloop
  endfacet
  facet normal 0.5141027441933117 0.8577286100002182 -1.8205119226442243e-19
    outer loop
      vertex 7.055530603866677 215.58650165908568 2
      vertex 7.198625547395804 215.5007338506078 2
      vertex 7.198625547395804 215.5007338506078 0
    endloop
  endfacet
  facet normal 0.33688985339222194 0.94154406518302 -2.214450108144183e-18
    outer loop
      vertex 7.349438164979348 215.4294047947308 2
      vertex 7.5065160486674145 215.37320142925523 2
      vertex 7.5065160486674145 215.37320142925523 0
    endloop
  endfacet
  facet normal 0.42755509343029674 0.9039892931234363 2.1800295682775644e-18
    outer loop
      vertex 7.198625547395804 215.5007338506078 2
      vertex 7.349438164979348 215.4294047947308 2
      vertex 7.349438164979348 215.4294047947308 0
    endloop
  endfacet
  facet normal 0.24298017990313353 0.9700312531945767 1.7552532751697418e-19
    outer loop
      vertex 7.5065160486674145 215.37320142925523 2
      vertex 7.668346452572582 215.33266502331452 2
      vertex 7.668346452572582 215.33266502331452 0
    endloop
  endfacet
  facet normal 0.049067674327375375 0.9987954562051744 -3.442002093893541e-20
    outer loop
      vertex 7.833370861439747 215.30818596465727 2
      vertex 8 215.3 2
      vertex 8 215.3 0
    endloop
  endfacet
  facet normal -0.049067674327375375 0.9987954562051744 3.442002093893541e-20
    outer loop
      vertex 8 215.3 2
      vertex 8.166629138560253 215.30818596465727 2
      vertex 8.166629138560253 215.30818596465727 0
    endloop
  endfacet
  facet normal -0.14673047445539858 0.9891765099647755 6.558096521464675e-19
    outer loop
      vertex 8.166629138560253 215.30818596465727 2
      vertex 8.331653547427418 215.33266502331452 2
      vertex 8.331653547427418 215.33266502331452 0
    endloop
  endfacet
  facet normal -0.24298017990313353 0.9700312531945767 -1.7552532751697418e-19
    outer loop
      vertex 8.331653547427418 215.33266502331452 2
      vertex 8.493483951332585 215.37320142925523 2
      vertex 8.493483951332585 215.37320142925523 0
    endloop
  endfacet
  facet normal -0.3368898533922202 0.9415440651830207 1.0504980084579302e-18
    outer loop
      vertex 8.493483951332585 215.37320142925523 2
      vertex 8.650561835020653 215.4294047947308 2
      vertex 8.650561835020653 215.4294047947308 0
    endloop
  endfacet
  facet normal -0.42755509343029674 0.9039892931234363 -2.1800295682775644e-18
    outer loop
      vertex 8.650561835020653 215.4294047947308 2
      vertex 8.801374452604197 215.5007338506078 2
      vertex 8.801374452604197 215.5007338506078 0
    endloop
  endfacet
  facet normal -0.514102744193314 0.8577286100002167 6.337573128059347e-19
    outer loop
      vertex 8.801374452604197 215.5007338506078 2
      vertex 8.944469396133323 215.58650165908568 2
      vertex 8.944469396133323 215.58650165908568 0
    endloop
  endfacet
  facet normal -0.5956993044924018 0.8032075314806684 1.127002390186806e-18
    outer loop
      vertex 8.944469396133323 215.58650165908568 2
      vertex 9.078468583078198 215.68588222928335 2
      vertex 9.078468583078198 215.68588222928335 0
    endloop
  endfacet
  facet normal -0.6715589548470533 0.7409511253549275 5.084882041508527e-19
    outer loop
      vertex 9.078468583078198 215.68588222928335 2
      vertex 9.20208152801713 215.79791847198288 2
      vertex 9.20208152801713 215.79791847198288 0
    endloop
  endfacet
  facet normal -0.7409511253549012 0.6715589548470824 1.160889365960802e-18
    outer loop
      vertex 9.20208152801713 215.79791847198288 2
      vertex 9.314117770716653 215.9215314169218 2
      vertex 9.314117770716653 215.9215314169218 0
    endloop
  endfacet
  facet normal -0.803207531480682 0.5956993044923834 -1.6234330700344427e-19
    outer loop
      vertex 9.314117770716653 215.9215314169218 2
      vertex 9.413498340914327 216.05553060386669 2
      vertex 9.413498340914327 216.05553060386669 0
    endloop
  endfacet
  facet normal -0.8577286100002599 0.514102744193242 -9.267523718760603e-19
    outer loop
      vertex 9.413498340914327 216.05553060386669 2
      vertex 9.499266149392204 216.1986255473958 2
      vertex 9.499266149392204 216.1986255473958 0
    endloop
  endfacet
  facet normal -0.9039892931234408 0.4275550934302876 -1.9000452049074774e-18
    outer loop
      vertex 9.499266149392204 216.1986255473958 2
      vertex 9.570595205269187 216.34943816497935 2
      vertex 9.570595205269187 216.34943816497935 0
    endloop
  endfacet
  facet normal -0.9415440651830158 0.33688985339223376 -3.603008364805194e-20
    outer loop
      vertex 9.570595205269187 216.34943816497935 2
      vertex 9.626798570744755 216.5065160486674 2
      vertex 9.626798570744755 216.5065160486674 0
    endloop
  endfacet
  facet normal -0.9700312531945503 0.2429801799032387 -8.039183998916731e-19
    outer loop
      vertex 9.626798570744755 216.5065160486674 2
      vertex 9.667334976685492 216.6683464525726 2
      vertex 9.667334976685492 216.6683464525726 0
    endloop
  endfacet
  facet normal -0.9700312531945503 -0.2429801799032387 8.039183998916731e-19
    outer loop
      vertex 9.667334976685492 217.3316535474274 2
      vertex 9.626798570744755 217.4934839513326 2
      vertex 9.626798570744755 217.4934839513326 0
    endloop
  endfacet
  facet normal -0.8577286100002599 -0.514102744193242 9.267523718760603e-19
    outer loop
      vertex 9.499266149392204 217.8013744526042 2
      vertex 9.413498340914327 217.94446939613331 2
      vertex 9.413498340914327 217.94446939613331 0
    endloop
  endfacet
  facet normal -0.9415440651830158 -0.33688985339223376 0
    outer loop
      vertex 9.570595205269187 217.65056183502065 2
      vertex 9.570595205269187 217.65056183502065 0
      vertex 9.626798570744755 217.4934839513326 2
    endloop
  endfacet
  facet normal -0.9039892931234408 -0.4275550934302876 1.9000452049074774e-18
    outer loop
      vertex 9.570595205269187 217.65056183502065 2
      vertex 9.499266149392204 217.8013744526042 2
      vertex 9.499266149392204 217.8013744526042 0
    endloop
  endfacet
  facet normal -0.9891765099647821 0.1467304744553538 -9.396119795039673e-19
    outer loop
      vertex 9.667334976685492 216.6683464525726 2
      vertex 9.691814035342734 216.83337086143976 2
      vertex 9.691814035342734 216.83337086143976 0
    endloop
  endfacet
  facet normal -0.9987954562051722 0.04906767432742204 -2.0718570820888552e-19
    outer loop
      vertex 9.691814035342734 216.83337086143976 2
      vertex 9.7 217 2
      vertex 9.7 217 0
    endloop
  endfacet
  facet normal -0.9987954562051722 -0.04906767432742204 2.0718570820888552e-19
    outer loop
      vertex 9.7 217 2
      vertex 9.691814035342734 217.16662913856024 2
      vertex 9.691814035342734 217.16662913856024 0
    endloop
  endfacet
  facet normal -0.9891765099647821 -0.1467304744553538 9.396119795039673e-19
    outer loop
      vertex 9.691814035342734 217.16662913856024 2
      vertex 9.667334976685492 217.3316535474274 2
      vertex 9.667334976685492 217.3316535474274 0
    endloop
  endfacet
  facet normal 0.5141027441933117 -0.8577286100002182 0
    outer loop
      vertex 7.055530603866677 218.41349834091432 2
      vertex 7.055530603866677 218.41349834091432 0
      vertex 7.198625547395804 218.4992661493922 2
    endloop
  endfacet
  facet normal 0.42755509343029674 -0.9039892931234363 0
    outer loop
      vertex 7.198625547395804 218.4992661493922 2
      vertex 7.198625547395804 218.4992661493922 0
      vertex 7.349438164979348 218.5705952052692 2
    endloop
  endfacet
  facet normal 0.33688985339222194 -0.94154406518302 0
    outer loop
      vertex 7.349438164979348 218.5705952052692 2
      vertex 7.349438164979348 218.5705952052692 0
      vertex 7.5065160486674145 218.62679857074477 2
    endloop
  endfacet
  facet normal 0.24298017990313353 -0.9700312531945767 0
    outer loop
      vertex 7.5065160486674145 218.62679857074477 2
      vertex 7.5065160486674145 218.62679857074477 0
      vertex 7.668346452572582 218.66733497668548 2
    endloop
  endfacet
  facet normal 0.14673047445539858 -0.9891765099647755 0
    outer loop
      vertex 7.668346452572582 218.66733497668548 2
      vertex 7.668346452572582 218.66733497668548 0
      vertex 7.833370861439747 218.69181403534273 2
    endloop
  endfacet
  facet normal 0.049067674327375375 -0.9987954562051744 0
    outer loop
      vertex 7.833370861439747 218.69181403534273 2
      vertex 7.833370861439747 218.69181403534273 0
      vertex 8 218.7 2
    endloop
  endfacet
  facet normal -0.049067674327375375 -0.9987954562051744 0
    outer loop
      vertex 8 218.7 2
      vertex 8 218.7 0
      vertex 8.166629138560253 218.69181403534273 2
    endloop
  endfacet
  facet normal -0.14673047445539858 -0.9891765099647755 0
    outer loop
      vertex 8.166629138560253 218.69181403534273 2
      vertex 8.166629138560253 218.69181403534273 0
      vertex 8.331653547427418 218.66733497668548 2
    endloop
  endfacet
  facet normal -0.3368898533922202 -0.9415440651830207 0
    outer loop
      vertex 8.493483951332585 218.62679857074477 2
      vertex 8.493483951332585 218.62679857074477 0
      vertex 8.650561835020653 218.5705952052692 2
    endloop
  endfacet
  facet normal -0.24298017990313353 -0.9700312531945767 0
    outer loop
      vertex 8.331653547427418 218.66733497668548 2
      vertex 8.331653547427418 218.66733497668548 0
      vertex 8.493483951332585 218.62679857074477 2
    endloop
  endfacet
  facet normal -0.42755509343029674 -0.9039892931234363 0
    outer loop
      vertex 8.650561835020653 218.5705952052692 2
      vertex 8.650561835020653 218.5705952052692 0
      vertex 8.801374452604197 218.4992661493922 2
    endloop
  endfacet
  facet normal -0.5956993044924018 -0.8032075314806684 0
    outer loop
      vertex 8.944469396133323 218.41349834091432 2
      vertex 8.944469396133323 218.41349834091432 0
      vertex 9.078468583078198 218.31411777071665 2
    endloop
  endfacet
  facet normal -0.6715589548470533 -0.7409511253549275 0
    outer loop
      vertex 9.078468583078198 218.31411777071665 2
      vertex 9.078468583078198 218.31411777071665 0
      vertex 9.20208152801713 218.20208152801712 2
    endloop
  endfacet
  facet normal -0.514102744193314 -0.8577286100002167 0
    outer loop
      vertex 8.801374452604197 218.4992661493922 2
      vertex 8.801374452604197 218.4992661493922 0
      vertex 8.944469396133323 218.41349834091432 2
    endloop
  endfacet
  facet normal -0.803207531480682 -0.5956993044923834 0
    outer loop
      vertex 9.314117770716653 218.0784685830782 2
      vertex 9.314117770716653 218.0784685830782 0
      vertex 9.413498340914327 217.94446939613331 2
    endloop
  endfacet
  facet normal -0.7409511253549012 -0.6715589548470824 -1.160889365960802e-18
    outer loop
      vertex 9.314117770716653 218.0784685830782 2
      vertex 9.20208152801713 218.20208152801712 2
      vertex 9.20208152801713 218.20208152801712 0
    endloop
  endfacet
  facet normal 0.803207531480646 0.5956993044924318 0
    outer loop
      vertex 6.586501659085673 7.055530603866677 2
      vertex 6.685882229283347 6.921531416921803 0
      vertex 6.586501659085673 7.055530603866677 0
    endloop
  endfacet
  facet normal 0.7409511253549613 0.6715589548470159 0
    outer loop
      vertex 6.685882229283347 6.921531416921803 2
      vertex 6.797918471982869 6.797918471982869 0
      vertex 6.685882229283347 6.921531416921803 0
    endloop
  endfacet
  facet normal 0.6715589548470159 0.7409511253549613 0
    outer loop
      vertex 6.797918471982869 6.797918471982869 2
      vertex 6.921531416921803 6.685882229283347 0
      vertex 6.797918471982869 6.797918471982869 0
    endloop
  endfacet
  facet normal 0.5956993044924318 0.803207531480646 0
    outer loop
      vertex 6.921531416921803 6.685882229283347 2
      vertex 7.055530603866677 6.586501659085673 0
      vertex 6.921531416921803 6.685882229283347 0
    endloop
  endfacet
  facet normal 0.8577286100002698 0.5141027441932255 0
    outer loop
      vertex 6.500733850607796 7.198625547395804 2
      vertex 6.586501659085673 7.055530603866677 0
      vertex 6.500733850607796 7.198625547395804 0
    endloop
  endfacet
  facet normal 0.94154406518302 0.33688985339222194 0
    outer loop
      vertex 6.373201429255245 7.5065160486674145 2
      vertex 6.429404794730813 7.349438164979348 0
      vertex 6.373201429255245 7.5065160486674145 0
    endloop
  endfacet
  facet normal 0.9039892931234447 0.4275550934302793 0
    outer loop
      vertex 6.429404794730813 7.349438164979348 2
      vertex 6.500733850607796 7.198625547395804 0
      vertex 6.429404794730813 7.349438164979348 0
    endloop
  endfacet
  facet normal 0.9700312531945441 0.2429801799032638 0
    outer loop
      vertex 6.332665023314508 7.668346452572582 2
      vertex 6.373201429255245 7.5065160486674145 0
      vertex 6.332665023314508 7.668346452572582 0
    endloop
  endfacet
  facet normal 0.9891765099647809 0.14673047445536214 0
    outer loop
      vertex 6.308185964657265 7.833370861439747 2
      vertex 6.332665023314508 7.668346452572582 0
      vertex 6.308185964657265 7.833370861439747 0
    endloop
  endfacet
  facet normal 0.9987954562051724 0.04906767432741787 0
    outer loop
      vertex 6.3 8 2
      vertex 6.308185964657265 7.833370861439747 0
      vertex 6.3 8 0
    endloop
  endfacet
  facet normal 0.9987954562051724 -0.04906767432741787 0
    outer loop
      vertex 6.308185964657265 8.166629138560253 2
      vertex 6.3 8 0
      vertex 6.308185964657265 8.166629138560253 0
    endloop
  endfacet
  facet normal 0.9891765099647809 -0.14673047445536214 0
    outer loop
      vertex 6.332665023314508 8.331653547427418 2
      vertex 6.308185964657265 8.166629138560253 0
      vertex 6.332665023314508 8.331653547427418 0
    endloop
  endfacet
  facet normal 0.9700312531945441 -0.2429801799032638 0
    outer loop
      vertex 6.373201429255245 8.493483951332585 2
      vertex 6.332665023314508 8.331653547427418 0
      vertex 6.373201429255245 8.493483951332585 0
    endloop
  endfacet
  facet normal 0.9415440651830207 -0.3368898533922202 0
    outer loop
      vertex 6.429404794730813 8.650561835020653 2
      vertex 6.373201429255245 8.493483951332585 0
      vertex 6.429404794730813 8.650561835020653 0
    endloop
  endfacet
  facet normal 0.9039892931234447 -0.4275550934302793 0
    outer loop
      vertex 6.500733850607796 8.801374452604197 2
      vertex 6.429404794730813 8.650561835020653 0
      vertex 6.500733850607796 8.801374452604197 0
    endloop
  endfacet
  facet normal 0.8577286100002683 -0.5141027441932279 0
    outer loop
      vertex 6.586501659085673 8.944469396133323 2
      vertex 6.500733850607796 8.801374452604197 0
      vertex 6.586501659085673 8.944469396133323 0
    endloop
  endfacet
  facet normal 0.8032075314806479 -0.5956993044924292 0
    outer loop
      vertex 6.685882229283347 9.078468583078198 2
      vertex 6.586501659085673 8.944469396133323 0
      vertex 6.685882229283347 9.078468583078198 0
    endloop
  endfacet
  facet normal 0.7409511253549566 -0.6715589548470211 0
    outer loop
      vertex 6.797918471982869 9.20208152801713 2
      vertex 6.685882229283347 9.078468583078198 0
      vertex 6.797918471982869 9.20208152801713 0
    endloop
  endfacet
  facet normal 0.6715589548470189 -0.7409511253549588 0
    outer loop
      vertex 6.921531416921803 9.314117770716653 2
      vertex 6.797918471982869 9.20208152801713 0
      vertex 6.921531416921803 9.314117770716653 0
    endloop
  endfacet
  facet normal 0.5956993044924318 -0.803207531480646 0
    outer loop
      vertex 7.055530603866677 9.413498340914327 2
      vertex 6.921531416921803 9.314117770716653 0
      vertex 7.055530603866677 9.413498340914327 0
    endloop
  endfacet
  facet normal 0.5141027441932255 0.8577286100002698 0
    outer loop
      vertex 7.055530603866677 6.586501659085673 2
      vertex 7.198625547395804 6.500733850607796 0
      vertex 7.055530603866677 6.586501659085673 0
    endloop
  endfacet
  facet normal 0.4275550934302793 0.9039892931234447 0
    outer loop
      vertex 7.198625547395804 6.500733850607796 2
      vertex 7.349438164979348 6.429404794730813 0
      vertex 7.198625547395804 6.500733850607796 0
    endloop
  endfacet
  facet normal 0.33688985339222194 0.94154406518302 0
    outer loop
      vertex 7.349438164979348 6.429404794730813 2
      vertex 7.5065160486674145 6.373201429255245 0
      vertex 7.349438164979348 6.429404794730813 0
    endloop
  endfacet
  facet normal 0.2429801799032638 0.9700312531945441 0
    outer loop
      vertex 7.5065160486674145 6.373201429255245 2
      vertex 7.668346452572582 6.332665023314508 0
      vertex 7.5065160486674145 6.373201429255245 0
    endloop
  endfacet
  facet normal 0.14673047445536214 0.9891765099647809 0
    outer loop
      vertex 7.668346452572582 6.332665023314508 2
      vertex 7.833370861439747 6.308185964657265 0
      vertex 7.668346452572582 6.332665023314508 0
    endloop
  endfacet
  facet normal 0.04906767432741787 0.9987954562051724 0
    outer loop
      vertex 7.833370861439747 6.308185964657265 2
      vertex 8 6.3 0
      vertex 7.833370861439747 6.308185964657265 0
    endloop
  endfacet
  facet normal -0.04906767432741787 0.9987954562051724 0
    outer loop
      vertex 8 6.3 2
      vertex 8.166629138560253 6.308185964657265 0
      vertex 8 6.3 0
    endloop
  endfacet
  facet normal -0.14673047445536214 0.9891765099647809 0
    outer loop
      vertex 8.166629138560253 6.308185964657265 2
      vertex 8.331653547427418 6.332665023314508 0
      vertex 8.166629138560253 6.308185964657265 0
    endloop
  endfacet
  facet normal -0.2429801799032638 0.9700312531945441 0
    outer loop
      vertex 8.331653547427418 6.332665023314508 2
      vertex 8.493483951332585 6.373201429255245 0
      vertex 8.331653547427418 6.332665023314508 0
    endloop
  endfacet
  facet normal -0.3368898533922202 0.9415440651830207 0
    outer loop
      vertex 8.493483951332585 6.373201429255245 2
      vertex 8.650561835020653 6.429404794730813 0
      vertex 8.493483951332585 6.373201429255245 0
    endloop
  endfacet
  facet normal -0.4275550934302793 0.9039892931234447 0
    outer loop
      vertex 8.650561835020653 6.429404794730813 2
      vertex 8.801374452604197 6.500733850607796 0
      vertex 8.650561835020653 6.429404794730813 0
    endloop
  endfacet
  facet normal -0.5141027441932279 0.8577286100002683 0
    outer loop
      vertex 8.801374452604197 6.500733850607796 2
      vertex 8.944469396133323 6.586501659085673 0
      vertex 8.801374452604197 6.500733850607796 0
    endloop
  endfacet
  facet normal -0.5956993044924292 0.8032075314806479 0
    outer loop
      vertex 8.944469396133323 6.586501659085673 2
      vertex 9.078468583078198 6.685882229283347 0
      vertex 8.944469396133323 6.586501659085673 0
    endloop
  endfacet
  facet normal -0.6715589548470211 0.7409511253549566 0
    outer loop
      vertex 9.078468583078198 6.685882229283347 2
      vertex 9.20208152801713 6.797918471982869 0
      vertex 9.078468583078198 6.685882229283347 0
    endloop
  endfacet
  facet normal -0.7409511253549588 0.6715589548470189 0
    outer loop
      vertex 9.20208152801713 6.797918471982869 2
      vertex 9.314117770716653 6.921531416921803 0
      vertex 9.20208152801713 6.797918471982869 0
    endloop
  endfacet
  facet normal -0.803207531480646 0.5956993044924318 0
    outer loop
      vertex 9.314117770716653 6.921531416921803 2
      vertex 9.413498340914327 7.055530603866677 0
      vertex 9.314117770716653 6.921531416921803 0
    endloop
  endfacet
  facet normal 0.5141027441932255 -0.8577286100002698 0
    outer loop
      vertex 7.198625547395804 9.499266149392204 2
      vertex 7.055530603866677 9.413498340914327 0
      vertex 7.198625547395804 9.499266149392204 0
    endloop
  endfacet
  facet normal 0.4275550934302793 -0.9039892931234447 0
    outer loop
      vertex 7.349438164979348 9.570595205269187 2
      vertex 7.198625547395804 9.499266149392204 0
      vertex 7.349438164979348 9.570595205269187 0
    endloop
  endfacet
  facet normal 0.33688985339222194 -0.94154406518302 0
    outer loop
      vertex 7.5065160486674145 9.626798570744755 2
      vertex 7.349438164979348 9.570595205269187 0
      vertex 7.5065160486674145 9.626798570744755 0
    endloop
  endfacet
  facet normal 0.2429801799032638 -0.9700312531945441 0
    outer loop
      vertex 7.668346452572582 9.667334976685492 2
      vertex 7.5065160486674145 9.626798570744755 0
      vertex 7.668346452572582 9.667334976685492 0
    endloop
  endfacet
  facet normal 0.1467304744553569 -0.9891765099647816 0
    outer loop
      vertex 7.833370861439747 9.691814035342734 2
      vertex 7.668346452572582 9.667334976685492 0
      vertex 7.833370861439747 9.691814035342734 0
    endloop
  endfacet
  facet normal -0.2429801799032638 -0.9700312531945441 0
    outer loop
      vertex 8.493483951332585 9.626798570744755 2
      vertex 8.331653547427418 9.667334976685492 0
      vertex 8.493483951332585 9.626798570744755 0
    endloop
  endfacet
  facet normal -0.3368898533922202 -0.9415440651830207 0
    outer loop
      vertex 8.650561835020653 9.570595205269187 2
      vertex 8.493483951332585 9.626798570744755 0
      vertex 8.650561835020653 9.570595205269187 0
    endloop
  endfacet
  facet normal -0.4275550934302793 -0.9039892931234447 0
    outer loop
      vertex 8.801374452604197 9.499266149392204 2
      vertex 8.650561835020653 9.570595205269187 0
      vertex 8.801374452604197 9.499266149392204 0
    endloop
  endfacet
  facet normal 0.04906767432741787 -0.9987954562051724 0
    outer loop
      vertex 8 9.7 2
      vertex 7.833370861439747 9.691814035342734 0
      vertex 8 9.7 0
    endloop
  endfacet
  facet normal -0.04906767432741787 -0.9987954562051724 0
    outer loop
      vertex 8.166629138560253 9.691814035342734 2
      vertex 8 9.7 0
      vertex 8.166629138560253 9.691814035342734 0
    endloop
  endfacet
  facet normal -0.1467304744553569 -0.9891765099647816 0
    outer loop
      vertex 8.331653547427418 9.667334976685492 2
      vertex 8.166629138560253 9.691814035342734 0
      vertex 8.331653547427418 9.667334976685492 0
    endloop
  endfacet
  facet normal -0.8577286100002698 0.5141027441932255 0
    outer loop
      vertex 9.413498340914327 7.055530603866677 2
      vertex 9.499266149392204 7.198625547395804 0
      vertex 9.413498340914327 7.055530603866677 0
    endloop
  endfacet
  facet normal -0.9039892931234447 0.4275550934302793 0
    outer loop
      vertex 9.499266149392204 7.198625547395804 2
      vertex 9.570595205269187 7.349438164979348 0
      vertex 9.499266149392204 7.198625547395804 0
    endloop
  endfacet
  facet normal -0.94154406518302 0.33688985339222194 0
    outer loop
      vertex 9.570595205269187 7.349438164979348 2
      vertex 9.626798570744755 7.5065160486674145 0
      vertex 9.570595205269187 7.349438164979348 0
    endloop
  endfacet
  facet normal -0.9700312531945441 0.2429801799032638 0
    outer loop
      vertex 9.626798570744755 7.5065160486674145 2
      vertex 9.667334976685492 7.668346452572582 0
      vertex 9.626798570744755 7.5065160486674145 0
    endloop
  endfacet
  facet normal -0.9700312531945441 -0.2429801799032638 0
    outer loop
      vertex 9.667334976685492 8.331653547427418 2
      vertex 9.626798570744755 8.493483951332585 0
      vertex 9.667334976685492 8.331653547427418 0
    endloop
  endfacet
  facet normal -0.9415440651830207 -0.3368898533922202 0
    outer loop
      vertex 9.626798570744755 8.493483951332585 2
      vertex 9.570595205269187 8.650561835020653 0
      vertex 9.626798570744755 8.493483951332585 0
    endloop
  endfacet
  facet normal -0.9039892931234447 -0.4275550934302793 0
    outer loop
      vertex 9.570595205269187 8.650561835020653 2
      vertex 9.499266149392204 8.801374452604197 0
      vertex 9.570595205269187 8.650561835020653 0
    endloop
  endfacet
  facet normal -0.9891765099647816 0.1467304744553569 0
    outer loop
      vertex 9.667334976685492 7.668346452572582 2
      vertex 9.691814035342734 7.833370861439747 0
      vertex 9.667334976685492 7.668346452572582 0
    endloop
  endfacet
  facet normal -0.9987954562051724 0.04906767432741787 0
    outer loop
      vertex 9.691814035342734 7.833370861439747 2
      vertex 9.7 8 0
      vertex 9.691814035342734 7.833370861439747 0
    endloop
  endfacet
  facet normal -0.9987954562051724 -0.04906767432741787 0
    outer loop
      vertex 9.7 8 2
      vertex 9.691814035342734 8.166629138560253 0
      vertex 9.7 8 0
    endloop
  endfacet
  facet normal -0.9891765099647816 -0.1467304744553569 0
    outer loop
      vertex 9.691814035342734 8.166629138560253 2
      vertex 9.667334976685492 8.331653547427418 0
      vertex 9.691814035342734 8.166629138560253 0
    endloop
  endfacet
  facet normal -0.5141027441932279 -0.8577286100002683 0
    outer loop
      vertex 8.944469396133323 9.413498340914327 2
      vertex 8.801374452604197 9.499266149392204 0
      vertex 8.944469396133323 9.413498340914327 0
    endloop
  endfacet
  facet normal -0.5956993044924292 -0.8032075314806479 0
    outer loop
      vertex 9.078468583078198 9.314117770716653 2
      vertex 8.944469396133323 9.413498340914327 0
      vertex 9.078468583078198 9.314117770716653 0
    endloop
  endfacet
  facet normal -0.6715589548470241 -0.7409511253549539 0
    outer loop
      vertex 9.20208152801713 9.20208152801713 2
      vertex 9.078468583078198 9.314117770716653 0
      vertex 9.20208152801713 9.20208152801713 0
    endloop
  endfacet
  facet normal -0.8032075314806479 -0.5956993044924292 0
    outer loop
      vertex 9.413498340914327 8.944469396133323 2
      vertex 9.314117770716653 9.078468583078198 0
      vertex 9.413498340914327 8.944469396133323 0
    endloop
  endfacet
  facet normal -0.7409511253549539 -0.6715589548470241 0
    outer loop
      vertex 9.314117770716653 9.078468583078198 2
      vertex 9.20208152801713 9.20208152801713 0
      vertex 9.314117770716653 9.078468583078198 0
    endloop
  endfacet
  facet normal -0.8577286100002683 -0.5141027441932279 0
    outer loop
      vertex 9.499266149392204 8.801374452604197 2
      vertex 9.413498340914327 8.944469396133323 0
      vertex 9.499266149392204 8.801374452604197 0
    endloop
  endfacet
  facet normal 0.7409511253549613 0.6715589548470159 0
    outer loop
      vertex 6.797918471982869 6.797918471982869 2
      vertex 6.797918471982869 6.797918471982869 0
      vertex 6.685882229283347 6.921531416921803 2
    endloop
  endfacet
  facet normal 0.803207531480646 0.5956993044924318 -1.0116754474077878e-18
    outer loop
      vertex 6.586501659085673 7.055530603866677 2
      vertex 6.685882229283347 6.921531416921803 2
      vertex 6.685882229283347 6.921531416921803 0
    endloop
  endfacet
  facet normal 0.5956993044924318 0.803207531480646 -1.0116754474077878e-18
    outer loop
      vertex 6.921531416921803 6.685882229283347 2
      vertex 7.055530603866677 6.586501659085673 2
      vertex 7.055530603866677 6.586501659085673 0
    endloop
  endfacet
  facet normal 0.6715589548470159 0.7409511253549613 1.8986478770654293e-18
    outer loop
      vertex 6.797918471982869 6.797918471982869 2
      vertex 6.921531416921803 6.685882229283347 2
      vertex 6.921531416921803 6.685882229283347 0
    endloop
  endfacet
  facet normal 0.9039892931234447 0.4275550934302793 0
    outer loop
      vertex 6.500733850607796 7.198625547395804 2
      vertex 6.500733850607796 7.198625547395804 0
      vertex 6.429404794730813 7.349438164979348 2
    endloop
  endfacet
  facet normal 0.8577286100002698 0.5141027441932255 0
    outer loop
      vertex 6.586501659085673 7.055530603866677 2
      vertex 6.586501659085673 7.055530603866677 0
      vertex 6.500733850607796 7.198625547395804 2
    endloop
  endfacet
  facet normal 0.94154406518302 0.33688985339222194 -2.214450108144183e-18
    outer loop
      vertex 6.373201429255245 7.5065160486674145 2
      vertex 6.429404794730813 7.349438164979348 2
      vertex 6.429404794730813 7.349438164979348 0
    endloop
  endfacet
  facet normal 0.9700312531945441 0.2429801799032638 0
    outer loop
      vertex 6.373201429255245 7.5065160486674145 2
      vertex 6.373201429255245 7.5065160486674145 0
      vertex 6.332665023314508 7.668346452572582 2
    endloop
  endfacet
  facet normal 0.9891765099647809 0.14673047445536214 0
    outer loop
      vertex 6.332665023314508 7.668346452572582 2
      vertex 6.332665023314508 7.668346452572582 0
      vertex 6.308185964657265 7.833370861439747 2
    endloop
  endfacet
  facet normal 0.9987954562051724 0.04906767432741787 0
    outer loop
      vertex 6.308185964657265 7.833370861439747 2
      vertex 6.308185964657265 7.833370861439747 0
      vertex 6.3 8 2
    endloop
  endfacet
  facet normal 0.9987954562051724 -0.04906767432741787 0
    outer loop
      vertex 6.3 8 2
      vertex 6.3 8 0
      vertex 6.308185964657265 8.166629138560253 2
    endloop
  endfacet
  facet normal 0.9891765099647809 -0.14673047445536214 0
    outer loop
      vertex 6.308185964657265 8.166629138560253 2
      vertex 6.308185964657265 8.166629138560253 0
      vertex 6.332665023314508 8.331653547427418 2
    endloop
  endfacet
  facet normal 0.9700312531945441 -0.2429801799032638 0
    outer loop
      vertex 6.332665023314508 8.331653547427418 2
      vertex 6.332665023314508 8.331653547427418 0
      vertex 6.373201429255245 8.493483951332585 2
    endloop
  endfacet
  facet normal 0.9415440651830207 -0.3368898533922202 0
    outer loop
      vertex 6.373201429255245 8.493483951332585 2
      vertex 6.373201429255245 8.493483951332585 0
      vertex 6.429404794730813 8.650561835020653 2
    endloop
  endfacet
  facet normal 0.9039892931234447 -0.4275550934302793 0
    outer loop
      vertex 6.429404794730813 8.650561835020653 2
      vertex 6.429404794730813 8.650561835020653 0
      vertex 6.500733850607796 8.801374452604197 2
    endloop
  endfacet
  facet normal 0.8577286100002683 -0.5141027441932279 0
    outer loop
      vertex 6.500733850607796 8.801374452604197 2
      vertex 6.500733850607796 8.801374452604197 0
      vertex 6.586501659085673 8.944469396133323 2
    endloop
  endfacet
  facet normal 0.8032075314806479 -0.5956993044924292 0
    outer loop
      vertex 6.586501659085673 8.944469396133323 2
      vertex 6.586501659085673 8.944469396133323 0
      vertex 6.685882229283347 9.078468583078198 2
    endloop
  endfacet
  facet normal 0.7409511253549566 -0.6715589548470211 0
    outer loop
      vertex 6.685882229283347 9.078468583078198 2
      vertex 6.685882229283347 9.078468583078198 0
      vertex 6.797918471982869 9.20208152801713 2
    endloop
  endfacet
  facet normal 0.6715589548470189 -0.7409511253549588 0
    outer loop
      vertex 6.797918471982869 9.20208152801713 2
      vertex 6.797918471982869 9.20208152801713 0
      vertex 6.921531416921803 9.314117770716653 2
    endloop
  endfacet
  facet normal 0.5956993044924318 -0.803207531480646 0
    outer loop
      vertex 6.921531416921803 9.314117770716653 2
      vertex 6.921531416921803 9.314117770716653 0
      vertex 7.055530603866677 9.413498340914327 2
    endloop
  endfacet
  facet normal 0.5141027441932255 0.8577286100002698 -1.110377228767115e-18
    outer loop
      vertex 7.055530603866677 6.586501659085673 2
      vertex 7.198625547395804 6.500733850607796 2
      vertex 7.198625547395804 6.500733850607796 0
    endloop
  endfacet
  facet normal 0.33688985339222194 0.94154406518302 0
    outer loop
      vertex 7.5065160486674145 6.373201429255245 2
      vertex 7.5065160486674145 6.373201429255245 0
      vertex 7.349438164979348 6.429404794730813 2
    endloop
  endfacet
  facet normal 0.4275550934302793 0.9039892931234447 1.474207710125228e-18
    outer loop
      vertex 7.198625547395804 6.500733850607796 2
      vertex 7.349438164979348 6.429404794730813 2
      vertex 7.349438164979348 6.429404794730813 0
    endloop
  endfacet
  facet normal 0.2429801799032638 0.9700312531945441 1.2863758580428701e-18
    outer loop
      vertex 7.5065160486674145 6.373201429255245 2
      vertex 7.668346452572582 6.332665023314508 2
      vertex 7.668346452572582 6.332665023314508 0
    endloop
  endfacet
  facet normal 0.14673047445536214 0.9891765099647809 -9.288577626493135e-19
    outer loop
      vertex 7.668346452572582 6.332665023314508 2
      vertex 7.833370861439747 6.308185964657265 2
      vertex 7.833370861439747 6.308185964657265 0
    endloop
  endfacet
  facet normal 0.04906767432741787 0.9987954562051724 -1.0175603021745209e-19
    outer loop
      vertex 7.833370861439747 6.308185964657265 2
      vertex 8 6.3 2
      vertex 8 6.3 0
    endloop
  endfacet
  facet normal -0.04906767432741787 0.9987954562051724 1.0175603021745209e-19
    outer loop
      vertex 8 6.3 2
      vertex 8.166629138560253 6.308185964657265 2
      vertex 8.166629138560253 6.308185964657265 0
    endloop
  endfacet
  facet normal -0.14673047445536214 0.9891765099647809 9.288577626493135e-19
    outer loop
      vertex 8.166629138560253 6.308185964657265 2
      vertex 8.331653547427418 6.332665023314508 2
      vertex 8.331653547427418 6.332665023314508 0
    endloop
  endfacet
  facet normal -0.2429801799032638 0.9700312531945441 -1.2863758580428701e-18
    outer loop
      vertex 8.331653547427418 6.332665023314508 2
      vertex 8.493483951332585 6.373201429255245 2
      vertex 8.493483951332585 6.373201429255245 0
    endloop
  endfacet
  facet normal -0.3368898533922202 0.9415440651830207 1.0504980084579302e-18
    outer loop
      vertex 8.493483951332585 6.373201429255245 2
      vertex 8.650561835020653 6.429404794730813 2
      vertex 8.650561835020653 6.429404794730813 0
    endloop
  endfacet
  facet normal -0.4275550934302793 0.9039892931234447 -1.474207710125228e-18
    outer loop
      vertex 8.650561835020653 6.429404794730813 2
      vertex 8.801374452604197 6.500733850607796 2
      vertex 8.801374452604197 6.500733850607796 0
    endloop
  endfacet
  facet normal -0.5141027441932279 0.8577286100002683 1.5620833493606724e-18
    outer loop
      vertex 8.801374452604197 6.500733850607796 2
      vertex 8.944469396133323 6.586501659085673 2
      vertex 8.944469396133323 6.586501659085673 0
    endloop
  endfacet
  facet normal -0.5956993044924292 0.8032075314806479 4.0261420298635346e-19
    outer loop
      vertex 8.944469396133323 6.586501659085673 2
      vertex 9.078468583078198 6.685882229283347 2
      vertex 9.078468583078198 6.685882229283347 0
    endloop
  endfacet
  facet normal -0.6715589548470211 0.7409511253549566 -4.694879767861724e-19
    outer loop
      vertex 9.078468583078198 6.685882229283347 2
      vertex 9.20208152801713 6.797918471982869 2
      vertex 9.20208152801713 6.797918471982869 0
    endloop
  endfacet
  facet normal -0.7409511253549588 0.6715589548470189 -3.9181210293969695e-19
    outer loop
      vertex 9.20208152801713 6.797918471982869 2
      vertex 9.314117770716653 6.921531416921803 2
      vertex 9.314117770716653 6.921531416921803 0
    endloop
  endfacet
  facet normal -0.803207531480646 0.5956993044924318 1.0116754474077878e-18
    outer loop
      vertex 9.314117770716653 6.921531416921803 2
      vertex 9.413498340914327 7.055530603866677 2
      vertex 9.413498340914327 7.055530603866677 0
    endloop
  endfacet
  facet normal 0.5141027441932255 -0.8577286100002698 0
    outer loop
      vertex 7.055530603866677 9.413498340914327 2
      vertex 7.055530603866677 9.413498340914327 0
      vertex 7.198625547395804 9.499266149392204 2
    endloop
  endfacet
  facet normal 0.4275550934302793 -0.9039892931234447 0
    outer loop
      vertex 7.198625547395804 9.499266149392204 2
      vertex 7.198625547395804 9.499266149392204 0
      vertex 7.349438164979348 9.570595205269187 2
    endloop
  endfacet
  facet normal 0.33688985339222194 -0.94154406518302 0
    outer loop
      vertex 7.349438164979348 9.570595205269187 2
      vertex 7.349438164979348 9.570595205269187 0
      vertex 7.5065160486674145 9.626798570744755 2
    endloop
  endfacet
  facet normal 0.2429801799032638 -0.9700312531945441 0
    outer loop
      vertex 7.5065160486674145 9.626798570744755 2
      vertex 7.5065160486674145 9.626798570744755 0
      vertex 7.668346452572582 9.667334976685492 2
    endloop
  endfacet
  facet normal 0.1467304744553569 -0.9891765099647816 0
    outer loop
      vertex 7.668346452572582 9.667334976685492 2
      vertex 7.668346452572582 9.667334976685492 0
      vertex 7.833370861439747 9.691814035342734 2
    endloop
  endfacet
  facet normal 0.04906767432741787 -0.9987954562051724 0
    outer loop
      vertex 7.833370861439747 9.691814035342734 2
      vertex 7.833370861439747 9.691814035342734 0
      vertex 8 9.7 2
    endloop
  endfacet
  facet normal -0.2429801799032638 -0.9700312531945441 0
    outer loop
      vertex 8.331653547427418 9.667334976685492 2
      vertex 8.331653547427418 9.667334976685492 0
      vertex 8.493483951332585 9.626798570744755 2
    endloop
  endfacet
  facet normal -0.3368898533922202 -0.9415440651830207 0
    outer loop
      vertex 8.493483951332585 9.626798570744755 2
      vertex 8.493483951332585 9.626798570744755 0
      vertex 8.650561835020653 9.570595205269187 2
    endloop
  endfacet
  facet normal -0.4275550934302793 -0.9039892931234447 0
    outer loop
      vertex 8.650561835020653 9.570595205269187 2
      vertex 8.650561835020653 9.570595205269187 0
      vertex 8.801374452604197 9.499266149392204 2
    endloop
  endfacet
  facet normal -0.04906767432741787 -0.9987954562051724 0
    outer loop
      vertex 8 9.7 2
      vertex 8 9.7 0
      vertex 8.166629138560253 9.691814035342734 2
    endloop
  endfacet
  facet normal -0.1467304744553569 -0.9891765099647816 0
    outer loop
      vertex 8.166629138560253 9.691814035342734 2
      vertex 8.166629138560253 9.691814035342734 0
      vertex 8.331653547427418 9.667334976685492 2
    endloop
  endfacet
  facet normal -0.8577286100002698 0.5141027441932255 1.110377228767115e-18
    outer loop
      vertex 9.413498340914327 7.055530603866677 2
      vertex 9.499266149392204 7.198625547395804 2
      vertex 9.499266149392204 7.198625547395804 0
    endloop
  endfacet
  facet normal -0.9039892931234447 0.4275550934302793 -1.474207710125228e-18
    outer loop
      vertex 9.499266149392204 7.198625547395804 2
      vertex 9.570595205269187 7.349438164979348 2
      vertex 9.570595205269187 7.349438164979348 0
    endloop
  endfacet
  facet normal -0.94154406518302 0.33688985339222194 2.214450108144183e-18
    outer loop
      vertex 9.570595205269187 7.349438164979348 2
      vertex 9.626798570744755 7.5065160486674145 2
      vertex 9.626798570744755 7.5065160486674145 0
    endloop
  endfacet
  facet normal -0.9700312531945441 0.2429801799032638 -1.2863758580428701e-18
    outer loop
      vertex 9.626798570744755 7.5065160486674145 2
      vertex 9.667334976685492 7.668346452572582 2
      vertex 9.667334976685492 7.668346452572582 0
    endloop
  endfacet
  facet normal -0.9700312531945441 -0.2429801799032638 1.2863758580428701e-18
    outer loop
      vertex 9.667334976685492 8.331653547427418 2
      vertex 9.626798570744755 8.493483951332585 2
      vertex 9.626798570744755 8.493483951332585 0
    endloop
  endfacet
  facet normal -0.9039892931234447 -0.4275550934302793 1.474207710125228e-18
    outer loop
      vertex 9.570595205269187 8.650561835020653 2
      vertex 9.499266149392204 8.801374452604197 2
      vertex 9.499266149392204 8.801374452604197 0
    endloop
  endfacet
  facet normal -0.9415440651830207 -0.3368898533922202 -1.0504980084579302e-18
    outer loop
      vertex 9.626798570744755 8.493483951332585 2
      vertex 9.570595205269187 8.650561835020653 2
      vertex 9.570595205269187 8.650561835020653 0
    endloop
  endfacet
  facet normal -0.9891765099647816 0.1467304744553569 9.678646355782916e-19
    outer loop
      vertex 9.667334976685492 7.668346452572582 2
      vertex 9.691814035342734 7.833370861439747 2
      vertex 9.691814035342734 7.833370861439747 0
    endloop
  endfacet
  facet normal -0.9987954562051724 0.04906767432741787 1.0175603021745209e-19
    outer loop
      vertex 9.691814035342734 7.833370861439747 2
      vertex 9.7 8 2
      vertex 9.7 8 0
    endloop
  endfacet
  facet normal -0.9987954562051724 -0.04906767432741787 -1.0175603021745209e-19
    outer loop
      vertex 9.7 8 2
      vertex 9.691814035342734 8.166629138560253 2
      vertex 9.691814035342734 8.166629138560253 0
    endloop
  endfacet
  facet normal -0.9891765099647816 -0.1467304744553569 -9.678646355782916e-19
    outer loop
      vertex 9.691814035342734 8.166629138560253 2
      vertex 9.667334976685492 8.331653547427418 2
      vertex 9.667334976685492 8.331653547427418 0
    endloop
  endfacet
  facet normal -0.5956993044924292 -0.8032075314806479 -4.0261420298635346e-19
    outer loop
      vertex 9.078468583078198 9.314117770716653 2
      vertex 8.944469396133323 9.413498340914327 2
      vertex 8.944469396133323 9.413498340914327 0
    endloop
  endfacet
  facet normal -0.5141027441932279 -0.8577286100002683 0
    outer loop
      vertex 8.801374452604197 9.499266149392204 2
      vertex 8.801374452604197 9.499266149392204 0
      vertex 8.944469396133323 9.413498340914327 2
    endloop
  endfacet
  facet normal -0.6715589548470241 -0.7409511253549539 0
    outer loop
      vertex 9.078468583078198 9.314117770716653 2
      vertex 9.078468583078198 9.314117770716653 0
      vertex 9.20208152801713 9.20208152801713 2
    endloop
  endfacet
  facet normal -0.8577286100002683 -0.5141027441932279 -1.5620833493606724e-18
    outer loop
      vertex 9.499266149392204 8.801374452604197 2
      vertex 9.413498340914327 8.944469396133323 2
      vertex 9.413498340914327 8.944469396133323 0
    endloop
  endfacet
  facet normal -0.8032075314806479 -0.5956993044924292 0
    outer loop
      vertex 9.314117770716653 9.078468583078198 2
      vertex 9.314117770716653 9.078468583078198 0
      vertex 9.413498340914327 8.944469396133323 2
    endloop
  endfacet
  facet normal -0.7409511253549539 -0.6715589548470241 -1.0373477973348381e-18
    outer loop
      vertex 9.314117770716653 9.078468583078198 2
      vertex 9.20208152801713 9.20208152801713 2
      vertex 9.20208152801713 9.20208152801713 0
    endloop
  endfacet
  facet normal 0.8032075314806666 0.5956993044924044 0
    outer loop
      vertex 215.58650165908568 7.055530603866677 2
      vertex 215.68588222928335 6.921531416921803 0
      vertex 215.58650165908568 7.055530603866677 0
    endloop
  endfacet
  facet normal 0.7409511253549322 0.6715589548470481 0
    outer loop
      vertex 215.68588222928335 6.921531416921803 2
      vertex 215.79791847198288 6.797918471982869 0
      vertex 215.68588222928335 6.921531416921803 0
    endloop
  endfacet
  facet normal 0.514102744193242 0.8577286100002599 0
    outer loop
      vertex 216.05553060386669 6.586501659085673 2
      vertex 216.1986255473958 6.500733850607796 0
      vertex 216.05553060386669 6.586501659085673 0
    endloop
  endfacet
  facet normal 0.6715589548470794 0.7409511253549037 0
    outer loop
      vertex 215.79791847198288 6.797918471982869 2
      vertex 215.9215314169218 6.685882229283347 0
      vertex 215.79791847198288 6.797918471982869 0
    endloop
  endfacet
  facet normal 0.5956993044923834 0.803207531480682 0
    outer loop
      vertex 215.9215314169218 6.685882229283347 2
      vertex 216.05553060386669 6.586501659085673 0
      vertex 215.9215314169218 6.685882229283347 0
    endloop
  endfacet
  facet normal 0.33688985339223376 0.9415440651830158 0
    outer loop
      vertex 216.34943816497935 6.429404794730813 2
      vertex 216.5065160486674 6.373201429255245 0
      vertex 216.34943816497935 6.429404794730813 0
    endloop
  endfacet
  facet normal 0.4275550934302876 0.9039892931234408 0
    outer loop
      vertex 216.1986255473958 6.500733850607796 2
      vertex 216.34943816497935 6.429404794730813 0
      vertex 216.1986255473958 6.500733850607796 0
    endloop
  endfacet
  facet normal 0.2429801799032387 0.9700312531945503 0
    outer loop
      vertex 216.5065160486674 6.373201429255245 2
      vertex 216.6683464525726 6.332665023314508 0
      vertex 216.5065160486674 6.373201429255245 0
    endloop
  endfacet
  facet normal 0.14673047445535903 0.9891765099647812 0
    outer loop
      vertex 216.6683464525726 6.332665023314508 2
      vertex 216.83337086143976 6.308185964657265 0
      vertex 216.6683464525726 6.332665023314508 0
    endloop
  endfacet
  facet normal 0.04906767432742204 0.9987954562051722 0
    outer loop
      vertex 216.83337086143976 6.308185964657265 2
      vertex 217 6.3 0
      vertex 216.83337086143976 6.308185964657265 0
    endloop
  endfacet
  facet normal -0.04906767432742204 0.9987954562051722 0
    outer loop
      vertex 217 6.3 2
      vertex 217.16662913856024 6.308185964657265 0
      vertex 217 6.3 0
    endloop
  endfacet
  facet normal -0.14673047445535903 0.9891765099647812 0
    outer loop
      vertex 217.16662913856024 6.308185964657265 2
      vertex 217.3316535474274 6.332665023314508 0
      vertex 217.16662913856024 6.308185964657265 0
    endloop
  endfacet
  facet normal -0.2429801799032387 0.9700312531945503 0
    outer loop
      vertex 217.3316535474274 6.332665023314508 2
      vertex 217.4934839513326 6.373201429255245 0
      vertex 217.3316535474274 6.332665023314508 0
    endloop
  endfacet
  facet normal -0.33688985339223376 0.9415440651830158 0
    outer loop
      vertex 217.4934839513326 6.373201429255245 2
      vertex 217.65056183502065 6.429404794730813 0
      vertex 217.4934839513326 6.373201429255245 0
    endloop
  endfacet
  facet normal -0.4275550934302876 0.9039892931234408 0
    outer loop
      vertex 217.65056183502065 6.429404794730813 2
      vertex 217.8013744526042 6.500733850607796 0
      vertex 217.65056183502065 6.429404794730813 0
    endloop
  endfacet
  facet normal -0.514102744193242 0.8577286100002599 0
    outer loop
      vertex 217.8013744526042 6.500733850607796 2
      vertex 217.94446939613331 6.586501659085673 0
      vertex 217.8013744526042 6.500733850607796 0
    endloop
  endfacet
  facet normal 0.9891765099647755 0.14673047445539858 0
    outer loop
      vertex 215.30818596465727 7.833370861439747 2
      vertex 215.33266502331452 7.668346452572582 0
      vertex 215.30818596465727 7.833370861439747 0
    endloop
  endfacet
  facet normal 0.9987954562051744 0.049067674327375375 0
    outer loop
      vertex 215.3 8 2
      vertex 215.30818596465727 7.833370861439747 0
      vertex 215.3 8 0
    endloop
  endfacet
  facet normal 0.9987954562051744 -0.049067674327375375 0
    outer loop
      vertex 215.30818596465727 8.166629138560253 2
      vertex 215.3 8 0
      vertex 215.30818596465727 8.166629138560253 0
    endloop
  endfacet
  facet normal 0.9891765099647755 -0.14673047445539858 0
    outer loop
      vertex 215.33266502331452 8.331653547427418 2
      vertex 215.30818596465727 8.166629138560253 0
      vertex 215.33266502331452 8.331653547427418 0
    endloop
  endfacet
  facet normal 0.8577286100002182 0.5141027441933117 0
    outer loop
      vertex 215.5007338506078 7.198625547395804 2
      vertex 215.58650165908568 7.055530603866677 0
      vertex 215.5007338506078 7.198625547395804 0
    endloop
  endfacet
  facet normal 0.94154406518302 0.33688985339222194 0
    outer loop
      vertex 215.37320142925523 7.5065160486674145 2
      vertex 215.4294047947308 7.349438164979348 0
      vertex 215.37320142925523 7.5065160486674145 0
    endloop
  endfacet
  facet normal 0.9039892931234363 0.42755509343029674 0
    outer loop
      vertex 215.4294047947308 7.349438164979348 2
      vertex 215.5007338506078 7.198625547395804 0
      vertex 215.4294047947308 7.349438164979348 0
    endloop
  endfacet
  facet normal 0.9700312531945767 0.24298017990313353 0
    outer loop
      vertex 215.33266502331452 7.668346452572582 2
      vertex 215.37320142925523 7.5065160486674145 0
      vertex 215.33266502331452 7.668346452572582 0
    endloop
  endfacet
  facet normal 0.9700312531945767 -0.24298017990313353 0
    outer loop
      vertex 215.37320142925523 8.493483951332585 2
      vertex 215.33266502331452 8.331653547427418 0
      vertex 215.37320142925523 8.493483951332585 0
    endloop
  endfacet
  facet normal 0.9415440651830207 -0.3368898533922202 0
    outer loop
      vertex 215.4294047947308 8.650561835020653 2
      vertex 215.37320142925523 8.493483951332585 0
      vertex 215.4294047947308 8.650561835020653 0
    endloop
  endfacet
  facet normal 0.9039892931234363 -0.42755509343029674 0
    outer loop
      vertex 215.5007338506078 8.801374452604197 2
      vertex 215.4294047947308 8.650561835020653 0
      vertex 215.5007338506078 8.801374452604197 0
    endloop
  endfacet
  facet normal 0.8577286100002167 -0.514102744193314 0
    outer loop
      vertex 215.58650165908568 8.944469396133323 2
      vertex 215.5007338506078 8.801374452604197 0
      vertex 215.58650165908568 8.944469396133323 0
    endloop
  endfacet
  facet normal 0.8032075314806684 -0.5956993044924018 0
    outer loop
      vertex 215.68588222928335 9.078468583078198 2
      vertex 215.58650165908568 8.944469396133323 0
      vertex 215.68588222928335 9.078468583078198 0
    endloop
  endfacet
  facet normal 0.7409511253549275 -0.6715589548470533 0
    outer loop
      vertex 215.79791847198288 9.20208152801713 2
      vertex 215.68588222928335 9.078468583078198 0
      vertex 215.79791847198288 9.20208152801713 0
    endloop
  endfacet
  facet normal 0.6715589548470824 -0.7409511253549012 0
    outer loop
      vertex 215.9215314169218 9.314117770716653 2
      vertex 215.79791847198288 9.20208152801713 0
      vertex 215.9215314169218 9.314117770716653 0
    endloop
  endfacet
  facet normal 0.5956993044923834 -0.803207531480682 0
    outer loop
      vertex 216.05553060386669 9.413498340914327 2
      vertex 215.9215314169218 9.314117770716653 0
      vertex 216.05553060386669 9.413498340914327 0
    endloop
  endfacet
  facet normal 0.514102744193242 -0.8577286100002599 0
    outer loop
      vertex 216.1986255473958 9.499266149392204 2
      vertex 216.05553060386669 9.413498340914327 0
      vertex 216.1986255473958 9.499266149392204 0
    endloop
  endfacet
  facet normal 0.4275550934302876 -0.9039892931234408 0
    outer loop
      vertex 216.34943816497935 9.570595205269187 2
      vertex 216.1986255473958 9.499266149392204 0
      vertex 216.34943816497935 9.570595205269187 0
    endloop
  endfacet
  facet normal 0.33688985339223376 -0.9415440651830158 0
    outer loop
      vertex 216.5065160486674 9.626798570744755 2
      vertex 216.34943816497935 9.570595205269187 0
      vertex 216.5065160486674 9.626798570744755 0
    endloop
  endfacet
  facet normal 0.2429801799032387 -0.9700312531945503 0
    outer loop
      vertex 216.6683464525726 9.667334976685492 2
      vertex 216.5065160486674 9.626798570744755 0
      vertex 216.6683464525726 9.667334976685492 0
    endloop
  endfacet
  facet normal 0.1467304744553538 -0.9891765099647821 0
    outer loop
      vertex 216.83337086143976 9.691814035342734 2
      vertex 216.6683464525726 9.667334976685492 0
      vertex 216.83337086143976 9.691814035342734 0
    endloop
  endfacet
  facet normal 0.04906767432742204 -0.9987954562051722 0
    outer loop
      vertex 217 9.7 2
      vertex 216.83337086143976 9.691814035342734 0
      vertex 217 9.7 0
    endloop
  endfacet
  facet normal -0.2429801799032387 -0.9700312531945503 0
    outer loop
      vertex 217.4934839513326 9.626798570744755 2
      vertex 217.3316535474274 9.667334976685492 0
      vertex 217.4934839513326 9.626798570744755 0
    endloop
  endfacet
  facet normal -0.33688985339223376 -0.9415440651830158 0
    outer loop
      vertex 217.65056183502065 9.570595205269187 2
      vertex 217.4934839513326 9.626798570744755 0
      vertex 217.65056183502065 9.570595205269187 0
    endloop
  endfacet
  facet normal -0.514102744193242 -0.8577286100002599 0
    outer loop
      vertex 217.94446939613331 9.413498340914327 2
      vertex 217.8013744526042 9.499266149392204 0
      vertex 217.94446939613331 9.413498340914327 0
    endloop
  endfacet
  facet normal -0.4275550934302876 -0.9039892931234408 0
    outer loop
      vertex 217.8013744526042 9.499266149392204 2
      vertex 217.65056183502065 9.570595205269187 0
      vertex 217.8013744526042 9.499266149392204 0
    endloop
  endfacet
  facet normal -0.04906767432742204 -0.9987954562051722 0
    outer loop
      vertex 217.16662913856024 9.691814035342734 2
      vertex 217 9.7 0
      vertex 217.16662913856024 9.691814035342734 0
    endloop
  endfacet
  facet normal -0.1467304744553538 -0.9891765099647821 0
    outer loop
      vertex 217.3316535474274 9.667334976685492 2
      vertex 217.16662913856024 9.691814035342734 0
      vertex 217.3316535474274 9.667334976685492 0
    endloop
  endfacet
  facet normal -0.5956993044923834 0.803207531480682 0
    outer loop
      vertex 217.94446939613331 6.586501659085673 2
      vertex 218.0784685830782 6.685882229283347 0
      vertex 217.94446939613331 6.586501659085673 0
    endloop
  endfacet
  facet normal -0.6715589548470794 0.7409511253549037 0
    outer loop
      vertex 218.0784685830782 6.685882229283347 2
      vertex 218.20208152801712 6.797918471982869 0
      vertex 218.0784685830782 6.685882229283347 0
    endloop
  endfacet
  facet normal -0.7409511253549322 0.6715589548470481 0
    outer loop
      vertex 218.20208152801712 6.797918471982869 2
      vertex 218.31411777071665 6.921531416921803 0
      vertex 218.20208152801712 6.797918471982869 0
    endloop
  endfacet
  facet normal -0.8032075314806666 0.5956993044924044 0
    outer loop
      vertex 218.31411777071665 6.921531416921803 2
      vertex 218.41349834091432 7.055530603866677 0
      vertex 218.31411777071665 6.921531416921803 0
    endloop
  endfacet
  facet normal -0.8577286100002182 0.5141027441933117 0
    outer loop
      vertex 218.41349834091432 7.055530603866677 2
      vertex 218.4992661493922 7.198625547395804 0
      vertex 218.41349834091432 7.055530603866677 0
    endloop
  endfacet
  facet normal -0.9039892931234363 0.42755509343029674 0
    outer loop
      vertex 218.4992661493922 7.198625547395804 2
      vertex 218.5705952052692 7.349438164979348 0
      vertex 218.4992661493922 7.198625547395804 0
    endloop
  endfacet
  facet normal -0.94154406518302 0.33688985339222194 0
    outer loop
      vertex 218.5705952052692 7.349438164979348 2
      vertex 218.62679857074477 7.5065160486674145 0
      vertex 218.5705952052692 7.349438164979348 0
    endloop
  endfacet
  facet normal -0.9700312531945767 0.24298017990313353 0
    outer loop
      vertex 218.62679857074477 7.5065160486674145 2
      vertex 218.66733497668548 7.668346452572582 0
      vertex 218.62679857074477 7.5065160486674145 0
    endloop
  endfacet
  facet normal -0.9891765099647755 0.14673047445539858 0
    outer loop
      vertex 218.66733497668548 7.668346452572582 2
      vertex 218.69181403534273 7.833370861439747 0
      vertex 218.66733497668548 7.668346452572582 0
    endloop
  endfacet
  facet normal -0.9987954562051744 0.049067674327375375 0
    outer loop
      vertex 218.69181403534273 7.833370861439747 2
      vertex 218.7 8 0
      vertex 218.69181403534273 7.833370861439747 0
    endloop
  endfacet
  facet normal -0.9987954562051744 -0.049067674327375375 0
    outer loop
      vertex 218.7 8 2
      vertex 218.69181403534273 8.166629138560253 0
      vertex 218.7 8 0
    endloop
  endfacet
  facet normal -0.9891765099647755 -0.14673047445539858 0
    outer loop
      vertex 218.69181403534273 8.166629138560253 2
      vertex 218.66733497668548 8.331653547427418 0
      vertex 218.69181403534273 8.166629138560253 0
    endloop
  endfacet
  facet normal -0.9415440651830207 -0.3368898533922202 0
    outer loop
      vertex 218.62679857074477 8.493483951332585 2
      vertex 218.5705952052692 8.650561835020653 0
      vertex 218.62679857074477 8.493483951332585 0
    endloop
  endfacet
  facet normal -0.9039892931234363 -0.42755509343029674 0
    outer loop
      vertex 218.5705952052692 8.650561835020653 2
      vertex 218.4992661493922 8.801374452604197 0
      vertex 218.5705952052692 8.650561835020653 0
    endloop
  endfacet
  facet normal -0.9700312531945767 -0.24298017990313353 0
    outer loop
      vertex 218.66733497668548 8.331653547427418 2
      vertex 218.62679857074477 8.493483951332585 0
      vertex 218.66733497668548 8.331653547427418 0
    endloop
  endfacet
  facet normal -0.8032075314806684 -0.5956993044924018 0
    outer loop
      vertex 218.41349834091432 8.944469396133323 2
      vertex 218.31411777071665 9.078468583078198 0
      vertex 218.41349834091432 8.944469396133323 0
    endloop
  endfacet
  facet normal -0.7409511253549275 -0.6715589548470533 0
    outer loop
      vertex 218.31411777071665 9.078468583078198 2
      vertex 218.20208152801712 9.20208152801713 0
      vertex 218.31411777071665 9.078468583078198 0
    endloop
  endfacet
  facet normal -0.5956993044923834 -0.803207531480682 0
    outer loop
      vertex 218.0784685830782 9.314117770716653 2
      vertex 217.94446939613331 9.413498340914327 0
      vertex 218.0784685830782 9.314117770716653 0
    endloop
  endfacet
  facet normal -0.6715589548470824 -0.7409511253549012 0
    outer loop
      vertex 218.20208152801712 9.20208152801713 2
      vertex 218.0784685830782 9.314117770716653 0
      vertex 218.20208152801712 9.20208152801713 0
    endloop
  endfacet
  facet normal -0.8577286100002167 -0.514102744193314 0
    outer loop
      vertex 218.4992661493922 8.801374452604197 2
      vertex 218.41349834091432 8.944469396133323 0
      vertex 218.4992661493922 8.801374452604197 0
    endloop
  endfacet
  facet normal 0.7409511253549322 0.6715589548470481 0
    outer loop
      vertex 215.79791847198288 6.797918471982869 2
      vertex 215.79791847198288 6.797918471982869 0
      vertex 215.68588222928335 6.921531416921803 2
    endloop
  endfacet
  facet normal 0.8032075314806666 0.5956993044924044 -1.736063634627173e-18
    outer loop
      vertex 215.58650165908568 7.055530603866677 2
      vertex 215.68588222928335 6.921531416921803 2
      vertex 215.68588222928335 6.921531416921803 0
    endloop
  endfacet
  facet normal 0.514102744193242 0.8577286100002599 9.267523718760603e-19
    outer loop
      vertex 216.05553060386669 6.586501659085673 2
      vertex 216.1986255473958 6.500733850607796 2
      vertex 216.1986255473958 6.500733850607796 0
    endloop
  endfacet
  facet normal 0.6715589548470794 0.7409511253549037 3.4594640810832513e-19
    outer loop
      vertex 215.79791847198288 6.797918471982869 2
      vertex 215.9215314169218 6.685882229283347 2
      vertex 215.9215314169218 6.685882229283347 0
    endloop
  endfacet
  facet normal 0.5956993044923834 0.803207531480682 1.6234330700344427e-19
    outer loop
      vertex 215.9215314169218 6.685882229283347 2
      vertex 216.05553060386669 6.586501659085673 2
      vertex 216.05553060386669 6.586501659085673 0
    endloop
  endfacet
  facet normal 0.4275550934302876 0.9039892931234408 1.9000452049074774e-18
    outer loop
      vertex 216.1986255473958 6.500733850607796 2
      vertex 216.34943816497935 6.429404794730813 2
      vertex 216.34943816497935 6.429404794730813 0
    endloop
  endfacet
  facet normal 0.2429801799032387 0.9700312531945503 8.039183998916731e-19
    outer loop
      vertex 216.5065160486674 6.373201429255245 2
      vertex 216.6683464525726 6.332665023314508 2
      vertex 216.6683464525726 6.332665023314508 0
    endloop
  endfacet
  facet normal 0.33688985339223376 0.9415440651830158 3.603008364805194e-20
    outer loop
      vertex 216.34943816497935 6.429404794730813 2
      vertex 216.5065160486674 6.373201429255245 2
      vertex 216.5065160486674 6.373201429255245 0
    endloop
  endfacet
  facet normal 0.14673047445535903 0.9891765099647812 9.78618852423486e-19
    outer loop
      vertex 216.6683464525726 6.332665023314508 2
      vertex 216.83337086143976 6.308185964657265 2
      vertex 216.83337086143976 6.308185964657265 0
    endloop
  endfacet
  facet normal 0.04906767432742204 0.9987954562051722 2.0718570820888552e-19
    outer loop
      vertex 216.83337086143976 6.308185964657265 2
      vertex 217 6.3 2
      vertex 217 6.3 0
    endloop
  endfacet
  facet normal -0.04906767432742204 0.9987954562051722 -2.0718570820888552e-19
    outer loop
      vertex 217 6.3 2
      vertex 217.16662913856024 6.308185964657265 2
      vertex 217.16662913856024 6.308185964657265 0
    endloop
  endfacet
  facet normal -0.14673047445535903 0.9891765099647812 -9.78618852423486e-19
    outer loop
      vertex 217.16662913856024 6.308185964657265 2
      vertex 217.3316535474274 6.332665023314508 2
      vertex 217.3316535474274 6.332665023314508 0
    endloop
  endfacet
  facet normal -0.2429801799032387 0.9700312531945503 -8.039183998916731e-19
    outer loop
      vertex 217.3316535474274 6.332665023314508 2
      vertex 217.4934839513326 6.373201429255245 2
      vertex 217.4934839513326 6.373201429255245 0
    endloop
  endfacet
  facet normal -0.33688985339223376 0.9415440651830158 -3.603008364805194e-20
    outer loop
      vertex 217.4934839513326 6.373201429255245 2
      vertex 217.65056183502065 6.429404794730813 2
      vertex 217.65056183502065 6.429404794730813 0
    endloop
  endfacet
  facet normal -0.4275550934302876 0.9039892931234408 -1.9000452049074774e-18
    outer loop
      vertex 217.65056183502065 6.429404794730813 2
      vertex 217.8013744526042 6.500733850607796 2
      vertex 217.8013744526042 6.500733850607796 0
    endloop
  endfacet
  facet normal -0.514102744193242 0.8577286100002599 -9.267523718760603e-19
    outer loop
      vertex 217.8013744526042 6.500733850607796 2
      vertex 217.94446939613331 6.586501659085673 2
      vertex 217.94446939613331 6.586501659085673 0
    endloop
  endfacet
  facet normal 0.9891765099647755 0.14673047445539858 0
    outer loop
      vertex 215.33266502331452 7.668346452572582 2
      vertex 215.33266502331452 7.668346452572582 0
      vertex 215.30818596465727 7.833370861439747 2
    endloop
  endfacet
  facet normal 0.9987954562051744 0.049067674327375375 0
    outer loop
      vertex 215.30818596465727 7.833370861439747 2
      vertex 215.30818596465727 7.833370861439747 0
      vertex 215.3 8 2
    endloop
  endfacet
  facet normal 0.9987954562051744 -0.049067674327375375 0
    outer loop
      vertex 215.3 8 2
      vertex 215.3 8 0
      vertex 215.30818596465727 8.166629138560253 2
    endloop
  endfacet
  facet normal 0.9891765099647755 -0.14673047445539858 0
    outer loop
      vertex 215.30818596465727 8.166629138560253 2
      vertex 215.30818596465727 8.166629138560253 0
      vertex 215.33266502331452 8.331653547427418 2
    endloop
  endfacet
  facet normal 0.9039892931234363 0.42755509343029674 0
    outer loop
      vertex 215.5007338506078 7.198625547395804 2
      vertex 215.5007338506078 7.198625547395804 0
      vertex 215.4294047947308 7.349438164979348 2
    endloop
  endfacet
  facet normal 0.94154406518302 0.33688985339222194 -2.214450108144183e-18
    outer loop
      vertex 215.37320142925523 7.5065160486674145 2
      vertex 215.4294047947308 7.349438164979348 2
      vertex 215.4294047947308 7.349438164979348 0
    endloop
  endfacet
  facet normal 0.8577286100002182 0.5141027441933117 0
    outer loop
      vertex 215.58650165908568 7.055530603866677 2
      vertex 215.58650165908568 7.055530603866677 0
      vertex 215.5007338506078 7.198625547395804 2
    endloop
  endfacet
  facet normal 0.9700312531945767 0.24298017990313353 0
    outer loop
      vertex 215.37320142925523 7.5065160486674145 2
      vertex 215.37320142925523 7.5065160486674145 0
      vertex 215.33266502331452 7.668346452572582 2
    endloop
  endfacet
  facet normal 0.9700312531945767 -0.24298017990313353 0
    outer loop
      vertex 215.33266502331452 8.331653547427418 2
      vertex 215.33266502331452 8.331653547427418 0
      vertex 215.37320142925523 8.493483951332585 2
    endloop
  endfacet
  facet normal 0.9415440651830207 -0.3368898533922202 0
    outer loop
      vertex 215.37320142925523 8.493483951332585 2
      vertex 215.37320142925523 8.493483951332585 0
      vertex 215.4294047947308 8.650561835020653 2
    endloop
  endfacet
  facet normal 0.9039892931234363 -0.42755509343029674 0
    outer loop
      vertex 215.4294047947308 8.650561835020653 2
      vertex 215.4294047947308 8.650561835020653 0
      vertex 215.5007338506078 8.801374452604197 2
    endloop
  endfacet
  facet normal 0.8577286100002167 -0.514102744193314 0
    outer loop
      vertex 215.5007338506078 8.801374452604197 2
      vertex 215.5007338506078 8.801374452604197 0
      vertex 215.58650165908568 8.944469396133323 2
    endloop
  endfacet
  facet normal 0.8032075314806684 -0.5956993044924018 0
    outer loop
      vertex 215.58650165908568 8.944469396133323 2
      vertex 215.58650165908568 8.944469396133323 0
      vertex 215.68588222928335 9.078468583078198 2
    endloop
  endfacet
  facet normal 0.7409511253549275 -0.6715589548470533 0
    outer loop
      vertex 215.68588222928335 9.078468583078198 2
      vertex 215.68588222928335 9.078468583078198 0
      vertex 215.79791847198288 9.20208152801713 2
    endloop
  endfacet
  facet normal 0.6715589548470824 -0.7409511253549012 0
    outer loop
      vertex 215.79791847198288 9.20208152801713 2
      vertex 215.79791847198288 9.20208152801713 0
      vertex 215.9215314169218 9.314117770716653 2
    endloop
  endfacet
  facet normal 0.5956993044923834 -0.803207531480682 0
    outer loop
      vertex 215.9215314169218 9.314117770716653 2
      vertex 215.9215314169218 9.314117770716653 0
      vertex 216.05553060386669 9.413498340914327 2
    endloop
  endfacet
  facet normal 0.514102744193242 -0.8577286100002599 0
    outer loop
      vertex 216.05553060386669 9.413498340914327 2
      vertex 216.05553060386669 9.413498340914327 0
      vertex 216.1986255473958 9.499266149392204 2
    endloop
  endfacet
  facet normal 0.4275550934302876 -0.9039892931234408 0
    outer loop
      vertex 216.1986255473958 9.499266149392204 2
      vertex 216.1986255473958 9.499266149392204 0
      vertex 216.34943816497935 9.570595205269187 2
    endloop
  endfacet
  facet normal 0.33688985339223376 -0.9415440651830158 0
    outer loop
      vertex 216.34943816497935 9.570595205269187 2
      vertex 216.34943816497935 9.570595205269187 0
      vertex 216.5065160486674 9.626798570744755 2
    endloop
  endfacet
  facet normal 0.2429801799032387 -0.9700312531945503 0
    outer loop
      vertex 216.5065160486674 9.626798570744755 2
      vertex 216.5065160486674 9.626798570744755 0
      vertex 216.6683464525726 9.667334976685492 2
    endloop
  endfacet
  facet normal 0.1467304744553538 -0.9891765099647821 0
    outer loop
      vertex 216.6683464525726 9.667334976685492 2
      vertex 216.6683464525726 9.667334976685492 0
      vertex 216.83337086143976 9.691814035342734 2
    endloop
  endfacet
  facet normal 0.04906767432742204 -0.9987954562051722 0
    outer loop
      vertex 216.83337086143976 9.691814035342734 2
      vertex 216.83337086143976 9.691814035342734 0
      vertex 217 9.7 2
    endloop
  endfacet
  facet normal -0.04906767432742204 -0.9987954562051722 0
    outer loop
      vertex 217 9.7 2
      vertex 217 9.7 0
      vertex 217.16662913856024 9.691814035342734 2
    endloop
  endfacet
  facet normal -0.2429801799032387 -0.9700312531945503 0
    outer loop
      vertex 217.3316535474274 9.667334976685492 2
      vertex 217.3316535474274 9.667334976685492 0
      vertex 217.4934839513326 9.626798570744755 2
    endloop
  endfacet
  facet normal -0.4275550934302876 -0.9039892931234408 0
    outer loop
      vertex 217.65056183502065 9.570595205269187 2
      vertex 217.65056183502065 9.570595205269187 0
      vertex 217.8013744526042 9.499266149392204 2
    endloop
  endfacet
  facet normal -0.33688985339223376 -0.9415440651830158 0
    outer loop
      vertex 217.4934839513326 9.626798570744755 2
      vertex 217.4934839513326 9.626798570744755 0
      vertex 217.65056183502065 9.570595205269187 2
    endloop
  endfacet
  facet normal -0.514102744193242 -0.8577286100002599 0
    outer loop
      vertex 217.8013744526042 9.499266149392204 2
      vertex 217.8013744526042 9.499266149392204 0
      vertex 217.94446939613331 9.413498340914327 2
    endloop
  endfacet
  facet normal -0.1467304744553538 -0.9891765099647821 0
    outer loop
      vertex 217.16662913856024 9.691814035342734 2
      vertex 217.16662913856024 9.691814035342734 0
      vertex 217.3316535474274 9.667334976685492 2
    endloop
  endfacet
  facet normal -0.5956993044923834 0.803207531480682 -1.6234330700344427e-19
    outer loop
      vertex 217.94446939613331 6.586501659085673 2
      vertex 218.0784685830782 6.685882229283347 2
      vertex 218.0784685830782 6.685882229283347 0
    endloop
  endfacet
  facet normal -0.6715589548470794 0.7409511253549037 -3.4594640810832513e-19
    outer loop
      vertex 218.0784685830782 6.685882229283347 2
      vertex 218.20208152801712 6.797918471982869 2
      vertex 218.20208152801712 6.797918471982869 0
    endloop
  endfacet
  facet normal -0.7409511253549322 0.6715589548470481 -9.206716960763418e-19
    outer loop
      vertex 218.20208152801712 6.797918471982869 2
      vertex 218.31411777071665 6.921531416921803 2
      vertex 218.31411777071665 6.921531416921803 0
    endloop
  endfacet
  facet normal -0.8032075314806666 0.5956993044924044 1.736063634627173e-18
    outer loop
      vertex 218.31411777071665 6.921531416921803 2
      vertex 218.41349834091432 7.055530603866677 2
      vertex 218.41349834091432 7.055530603866677 0
    endloop
  endfacet
  facet normal -0.8577286100002182 0.5141027441933117 1.8205119226442243e-19
    outer loop
      vertex 218.41349834091432 7.055530603866677 2
      vertex 218.4992661493922 7.198625547395804 2
      vertex 218.4992661493922 7.198625547395804 0
    endloop
  endfacet
  facet normal -0.9039892931234363 0.42755509343029674 -2.1800295682775644e-18
    outer loop
      vertex 218.4992661493922 7.198625547395804 2
      vertex 218.5705952052692 7.349438164979348 2
      vertex 218.5705952052692 7.349438164979348 0
    endloop
  endfacet
  facet normal -0.94154406518302 0.33688985339222194 2.214450108144183e-18
    outer loop
      vertex 218.5705952052692 7.349438164979348 2
      vertex 218.62679857074477 7.5065160486674145 2
      vertex 218.62679857074477 7.5065160486674145 0
    endloop
  endfacet
  facet normal -0.9700312531945767 0.24298017990313353 -1.7552532751697418e-19
    outer loop
      vertex 218.62679857074477 7.5065160486674145 2
      vertex 218.66733497668548 7.668346452572582 2
      vertex 218.66733497668548 7.668346452572582 0
    endloop
  endfacet
  facet normal -0.9891765099647755 0.14673047445539858 6.558096521464675e-19
    outer loop
      vertex 218.66733497668548 7.668346452572582 2
      vertex 218.69181403534273 7.833370861439747 2
      vertex 218.69181403534273 7.833370861439747 0
    endloop
  endfacet
  facet normal -0.9987954562051744 0.049067674327375375 3.442002093893541e-20
    outer loop
      vertex 218.69181403534273 7.833370861439747 2
      vertex 218.7 8 2
      vertex 218.7 8 0
    endloop
  endfacet
  facet normal -0.9987954562051744 -0.049067674327375375 -3.442002093893541e-20
    outer loop
      vertex 218.7 8 2
      vertex 218.69181403534273 8.166629138560253 2
      vertex 218.69181403534273 8.166629138560253 0
    endloop
  endfacet
  facet normal -0.9891765099647755 -0.14673047445539858 -6.558096521464675e-19
    outer loop
      vertex 218.69181403534273 8.166629138560253 2
      vertex 218.66733497668548 8.331653547427418 2
      vertex 218.66733497668548 8.331653547427418 0
    endloop
  endfacet
  facet normal -0.9039892931234363 -0.42755509343029674 2.1800295682775644e-18
    outer loop
      vertex 218.5705952052692 8.650561835020653 2
      vertex 218.4992661493922 8.801374452604197 2
      vertex 218.4992661493922 8.801374452604197 0
    endloop
  endfacet
  facet normal -0.9415440651830207 -0.3368898533922202 -1.0504980084579302e-18
    outer loop
      vertex 218.62679857074477 8.493483951332585 2
      vertex 218.5705952052692 8.650561835020653 2
      vertex 218.5705952052692 8.650561835020653 0
    endloop
  endfacet
  facet normal -0.9700312531945767 -0.24298017990313353 1.7552532751697418e-19
    outer loop
      vertex 218.66733497668548 8.331653547427418 2
      vertex 218.62679857074477 8.493483951332585 2
      vertex 218.62679857074477 8.493483951332585 0
    endloop
  endfacet
  facet normal -0.8032075314806684 -0.5956993044924018 -1.127002390186806e-18
    outer loop
      vertex 218.41349834091432 8.944469396133323 2
      vertex 218.31411777071665 9.078468583078198 2
      vertex 218.31411777071665 9.078468583078198 0
    endloop
  endfacet
  facet normal -0.7409511253549275 -0.6715589548470533 -5.084882041508527e-19
    outer loop
      vertex 218.31411777071665 9.078468583078198 2
      vertex 218.20208152801712 9.20208152801713 2
      vertex 218.20208152801712 9.20208152801713 0
    endloop
  endfacet
  facet normal -0.6715589548470824 -0.7409511253549012 0
    outer loop
      vertex 218.0784685830782 9.314117770716653 2
      vertex 218.0784685830782 9.314117770716653 0
      vertex 218.20208152801712 9.20208152801713 2
    endloop
  endfacet
  facet normal -0.5956993044923834 -0.803207531480682 1.6234330700344427e-19
    outer loop
      vertex 218.0784685830782 9.314117770716653 2
      vertex 217.94446939613331 9.413498340914327 2
      vertex 217.94446939613331 9.413498340914327 0
    endloop
  endfacet
  facet normal -0.8577286100002167 -0.514102744193314 -6.337573128059347e-19
    outer loop
      vertex 218.4992661493922 8.801374452604197 2
      vertex 218.41349834091432 8.944469396133323 2
      vertex 218.41349834091432 8.944469396133323 0
    endloop
  endfacet
  facet normal 0.6411931542171379 0.303261776487377 0.7049139195013799
    outer loop
      vertex 215.5007338506078 216.1986255473958 2
      vertex 215.4294047947308 216.34943816497935 2
      vertex 213.5908385608775 215.5878790955961 4
    endloop
  endfacet
  facet normal 0.5697093699214272 0.4225252654184384 0.7049139195013875
    outer loop
      vertex 215.58650165908568 216.05553060386669 2
      vertex 213.93183576395623 214.94991819984756 4
      vertex 215.68588222928335 215.9215314169218 2
    endloop
  endfacet
  facet normal 0.5255513453544429 0.4763319740363239 0.7049139195013769
    outer loop
      vertex 215.79791847198288 215.79791847198288 2
      vertex 215.68588222928335 215.9215314169218 2
      vertex 214.14755296886 214.65905721958123 4
    endloop
  endfacet
  facet normal 0.6083807818210776 0.3646494075190316 0.7049139195013768
    outer loop
      vertex 215.58650165908568 216.05553060386669 2
      vertex 215.5007338506078 216.1986255473958 2
      vertex 213.74566665787475 215.26052258853812 4
    endloop
  endfacet
  facet normal 0.4763319740363165 0.5255513453544348 0.7049139195013883
    outer loop
      vertex 215.79791847198288 215.79791847198288 2
      vertex 214.3907407979798 214.3907407979798 4
      vertex 215.9215314169218 215.68588222928335 2
    endloop
  endfacet
  facet normal 0.4225252654184442 0.569709369921435 0.7049139195013777
    outer loop
      vertex 216.05553060386669 215.58650165908568 2
      vertex 215.9215314169218 215.68588222928335 2
      vertex 214.65905721958123 214.14755296886 4
    endloop
  endfacet
  facet normal 0.3646494075190259 0.6083807818210683 0.7049139195013878
    outer loop
      vertex 216.05553060386669 215.58650165908568 2
      vertex 214.94991819984756 213.93183576395623 4
      vertex 216.1986255473958 215.5007338506078 2
    endloop
  endfacet
  facet normal 0.303261776487377 0.641193154217138 0.7049139195013798
    outer loop
      vertex 216.1986255473958 215.5007338506078 2
      vertex 215.26052258853812 213.74566665787475 4
      vertex 216.34943816497935 215.4294047947308 2
    endloop
  endfacet
  facet normal 0.2389535687684529 0.667830486026223 0.7049139195013808
    outer loop
      vertex 216.34943816497935 215.4294047947308 2
      vertex 215.5878790955961 213.5908385608775 4
      vertex 216.5065160486674 215.37320142925523 2
    endloop
  endfacet
  facet normal 0.6678304860262246 0.23895356876845347 0.704913919501379
    outer loop
      vertex 215.4294047947308 216.34943816497935 2
      vertex 215.37320142925523 216.5065160486674 2
      vertex 213.46884255217623 215.92883509890729 4
    endloop
  endfacet
  facet normal 0.6880362451816169 0.17234410755686577 0.704913919501388
    outer loop
      vertex 215.37320142925523 216.5065160486674 2
      vertex 215.33266502331452 216.6683464525726 2
      vertex 213.3808535200245 216.28010700577434 4
    endloop
  endfacet
  facet normal 0.7016158391769977 0.10407487837689076 0.7049139195013763
    outer loop
      vertex 215.33266502331452 216.6683464525726 2
      vertex 215.30818596465727 216.83337086143976 2
      vertex 213.3277188469017 216.63831187570926 4
    endloop
  endfacet
  facet normal 0.7084384890988887 0.03480335122484213 0.7049139195013843
    outer loop
      vertex 215.30818596465727 216.83337086143976 2
      vertex 215.3 217 2
      vertex 213.30995024875622 217 4
    endloop
  endfacet
  facet normal 0.7084384890988922 -0.034803351224842294 0.7049139195013807
    outer loop
      vertex 215.3 217 2
      vertex 215.30818596465727 217.16662913856024 2
      vertex 213.32771884690166 217.36168812429074 4
    endloop
  endfacet
  facet normal 0.7016158391769879 -0.10407487837688931 0.7049139195013862
    outer loop
      vertex 215.30818596465727 217.16662913856024 2
      vertex 215.33266502331452 217.3316535474274 2
      vertex 213.3808535200245 217.71989299422566 4
    endloop
  endfacet
  facet normal 0.6880362451816281 -0.17234410755686855 0.7049139195013765
    outer loop
      vertex 215.33266502331452 217.3316535474274 2
      vertex 215.37320142925523 217.4934839513326 2
      vertex 213.46884255217623 218.07116490109271 4
    endloop
  endfacet
  facet normal 0.667830486026223 -0.2389535687684529 0.7049139195013808
    outer loop
      vertex 215.37320142925523 217.4934839513326 2
      vertex 215.4294047947308 217.65056183502065 2
      vertex 213.5908385608775 218.4121209044039 4
    endloop
  endfacet
  facet normal 0.17234410755686855 0.6880362451816281 0.7049139195013765
    outer loop
      vertex 216.5065160486674 215.37320142925523 2
      vertex 215.92883509890729 213.46884255217623 4
      vertex 216.6683464525726 215.33266502331452 2
    endloop
  endfacet
  facet normal 0.10407487837688931 0.7016158391769879 0.7049139195013862
    outer loop
      vertex 216.6683464525726 215.33266502331452 2
      vertex 216.28010700577434 213.3808535200245 4
      vertex 216.83337086143976 215.30818596465727 2
    endloop
  endfacet
  facet normal 0.034803351224842544 0.7084384890988973 0.7049139195013756
    outer loop
      vertex 216.83337086143976 215.30818596465727 2
      vertex 216.63831187570926 213.3277188469017 4
      vertex 217 215.3 2
    endloop
  endfacet
  facet normal -0.03480335122484213 0.7084384890988887 0.7049139195013843
    outer loop
      vertex 217 215.3 2
      vertex 217 213.30995024875622 4
      vertex 217.16662913856024 215.30818596465727 2
    endloop
  endfacet
  facet normal -0.10407487837689003 0.7016158391769928 0.7049139195013813
    outer loop
      vertex 217.16662913856024 215.30818596465727 2
      vertex 217.36168812429074 213.32771884690166 4
      vertex 217.3316535474274 215.33266502331452 2
    endloop
  endfacet
  facet normal -0.17234410755686577 0.6880362451816169 0.704913919501388
    outer loop
      vertex 217.3316535474274 215.33266502331452 2
      vertex 217.71989299422566 213.3808535200245 4
      vertex 217.4934839513326 215.37320142925523 2
    endloop
  endfacet
  facet normal -0.23895356876845347 0.6678304860262246 0.704913919501379
    outer loop
      vertex 217.4934839513326 215.37320142925523 2
      vertex 218.07116490109271 213.46884255217623 4
      vertex 217.65056183502065 215.4294047947308 2
    endloop
  endfacet
  facet normal -0.303261776487377 0.6411931542171379 0.7049139195013799
    outer loop
      vertex 217.65056183502065 215.4294047947308 2
      vertex 218.4121209044039 213.5908385608775 4
      vertex 217.8013744526042 215.5007338506078 2
    endloop
  endfacet
  facet normal 0.641193154217136 -0.3032617764873761 0.7049139195013818
    outer loop
      vertex 215.4294047947308 217.65056183502065 2
      vertex 215.5007338506078 217.8013744526042 2
      vertex 213.74566665787475 218.7394774114619 4
    endloop
  endfacet
  facet normal 0.6083807818210683 -0.36464940751902597 0.7049139195013878
    outer loop
      vertex 215.5007338506078 217.8013744526042 2
      vertex 215.58650165908568 217.94446939613331 2
      vertex 213.93183576395623 219.05008180015244 4
    endloop
  endfacet
  facet normal 0.569709369921435 -0.42252526541844415 0.7049139195013778
    outer loop
      vertex 215.58650165908568 217.94446939613331 2
      vertex 215.68588222928335 218.0784685830782 2
      vertex 214.14755296886 219.34094278041877 4
    endloop
  endfacet
  facet normal 0.5255513453544347 -0.47633197403631644 0.7049139195013883
    outer loop
      vertex 215.68588222928335 218.0784685830782 2
      vertex 215.79791847198288 218.20208152801712 2
      vertex 214.3907407979798 219.6092592020202 4
    endloop
  endfacet
  facet normal 0.4763319740363239 -0.5255513453544429 0.7049139195013769
    outer loop
      vertex 215.79791847198288 218.20208152801712 2
      vertex 215.9215314169218 218.31411777071665 2
      vertex 214.65905721958123 219.85244703114 4
    endloop
  endfacet
  facet normal 0.4225252654184384 -0.5697093699214272 0.7049139195013875
    outer loop
      vertex 215.9215314169218 218.31411777071665 2
      vertex 216.05553060386669 218.41349834091432 2
      vertex 214.94991819984756 220.06816423604377 4
    endloop
  endfacet
  facet normal 0.3646494075190316 -0.6083807818210776 0.7049139195013768
    outer loop
      vertex 216.05553060386669 218.41349834091432 2
      vertex 216.1986255473958 218.4992661493922 2
      vertex 215.26052258853812 220.25433334212525 4
    endloop
  endfacet
  facet normal 0.30326177648737696 -0.6411931542171379 0.7049139195013799
    outer loop
      vertex 216.1986255473958 218.4992661493922 2
      vertex 216.34943816497935 218.5705952052692 2
      vertex 215.5878790955961 220.4091614391225 4
    endloop
  endfacet
  facet normal 0.23895356876845383 -0.6678304860262256 0.7049139195013777
    outer loop
      vertex 216.34943816497935 218.5705952052692 2
      vertex 216.5065160486674 218.62679857074477 2
      vertex 215.92594669415848 220.54067924220917 4.010000000000005
    endloop
  endfacet
  facet normal 0.172344107556866 -0.6880362451816178 0.7049139195013873
    outer loop
      vertex 216.5065160486674 218.62679857074477 2
      vertex 216.6683464525726 218.66733497668548 2
      vertex 216.27816580854034 220.62890553749196 4.010000000000005
    endloop
  endfacet
  facet normal 0.1040748783768902 -0.7016158391769939 0.70491391950138
    outer loop
      vertex 216.6683464525726 218.66733497668548 2
      vertex 216.83337086143976 218.69181403534273 2
      vertex 216.6373365807806 220.68218348868712 4.010000000000005
    endloop
  endfacet
  facet normal 0.03480335122484223 -0.7084384890988908 0.704913919501382
    outer loop
      vertex 216.83337086143976 218.69181403534273 2
      vertex 217 218.7 2
      vertex 217 220.7 4.010000000000005
    endloop
  endfacet
  facet normal -0.03480335122484223 -0.7084384890988908 0.704913919501382
    outer loop
      vertex 217 218.7 2
      vertex 217.16662913856024 218.69181403534273 2
      vertex 217 220.7 4.010000000000005
    endloop
  endfacet
  facet normal -0.1040748783768902 -0.7016158391769939 0.70491391950138
    outer loop
      vertex 217.16662913856024 218.69181403534273 2
      vertex 217.3316535474274 218.66733497668548 2
      vertex 217.3626634192194 220.68218348868712 4.010000000000005
    endloop
  endfacet
  facet normal -0.172344107556866 -0.6880362451816178 0.7049139195013873
    outer loop
      vertex 217.3316535474274 218.66733497668548 2
      vertex 217.4934839513326 218.62679857074477 2
      vertex 217.72183419145966 220.62890553749196 4.010000000000005
    endloop
  endfacet
  facet normal -0.23895356876845383 -0.6678304860262256 0.7049139195013777
    outer loop
      vertex 217.65056183502065 218.5705952052692 2
      vertex 218.07405330584152 220.54067924220917 4.010000000000005
      vertex 217.4934839513326 218.62679857074477 2
    endloop
  endfacet
  facet normal -0.3646494075190302 0.6083807818210754 0.7049139195013796
    outer loop
      vertex 217.8013744526042 215.5007338506078 2
      vertex 218.7394774114619 213.74566665787475 4
      vertex 217.94446939613331 215.58650165908568 2
    endloop
  endfacet
  facet normal -0.4225252654184384 0.5697093699214272 0.7049139195013875
    outer loop
      vertex 217.94446939613331 215.58650165908568 2
      vertex 219.05008180015244 213.93183576395623 4
      vertex 218.0784685830782 215.68588222928335 2
    endloop
  endfacet
  facet normal -0.47633197403632144 0.5255513453544403 0.7049139195013807
    outer loop
      vertex 218.0784685830782 215.68588222928335 2
      vertex 219.34094278041877 214.14755296885997 4
      vertex 218.20208152801712 215.79791847198288 2
    endloop
  endfacet
  facet normal -0.5255513453544348 0.4763319740363165 0.7049139195013883
    outer loop
      vertex 218.20208152801712 215.79791847198288 2
      vertex 219.6092592020202 214.3907407979798 4
      vertex 218.31411777071665 215.9215314169218 2
    endloop
  endfacet
  facet normal -0.569709369921435 0.4225252654184442 0.7049139195013777
    outer loop
      vertex 218.31411777071665 215.9215314169218 2
      vertex 219.85244703114 214.65905721958123 4
      vertex 218.41349834091432 216.05553060386669 2
    endloop
  endfacet
  facet normal -0.6083807818210683 0.36464940751902597 0.7049139195013878
    outer loop
      vertex 218.41349834091432 216.05553060386669 2
      vertex 220.06816423604377 214.94991819984756 4
      vertex 218.4992661493922 216.1986255473958 2
    endloop
  endfacet
  facet normal -0.641193154217138 0.303261776487377 0.7049139195013798
    outer loop
      vertex 218.4992661493922 216.1986255473958 2
      vertex 220.25433334212525 215.26052258853812 4
      vertex 218.5705952052692 216.34943816497935 2
    endloop
  endfacet
  facet normal -0.667830486026223 0.2389535687684529 0.7049139195013808
    outer loop
      vertex 218.5705952052692 216.34943816497935 2
      vertex 220.4091614391225 215.5878790955961 4
      vertex 218.62679857074477 216.5065160486674 2
    endloop
  endfacet
  facet normal -0.6880362451816294 0.1723441075568689 0.7049139195013752
    outer loop
      vertex 218.62679857074477 216.5065160486674 2
      vertex 220.54067924220917 215.92594669415848 4.010000000000005
      vertex 218.66733497668548 216.6683464525726 2
    endloop
  endfacet
  facet normal -0.7016158391769889 0.10407487837688946 0.7049139195013852
    outer loop
      vertex 218.66733497668548 216.6683464525726 2
      vertex 220.62890553749196 216.27816580854034 4.010000000000005
      vertex 218.69181403534273 216.83337086143976 2
    endloop
  endfacet
  facet normal -0.7084384890988908 0.03480335122484223 0.704913919501382
    outer loop
      vertex 218.69181403534273 216.83337086143976 2
      vertex 220.7 217 4.010000000000005
      vertex 218.7 217 2
    endloop
  endfacet
  facet normal -0.7084384890988908 -0.03480335122484223 0.704913919501382
    outer loop
      vertex 218.7 217 2
      vertex 220.7 217 4.010000000000005
      vertex 218.69181403534273 217.16662913856024 2
    endloop
  endfacet
  facet normal -0.6880362451816294 -0.1723441075568689 0.7049139195013752
    outer loop
      vertex 218.66733497668548 217.3316535474274 2
      vertex 220.54067924220917 218.07405330584152 4.010000000000005
      vertex 218.62679857074477 217.4934839513326 2
    endloop
  endfacet
  facet normal -0.6678304860262247 -0.2389535687684535 0.7049139195013789
    outer loop
      vertex 218.5705952052692 217.65056183502065 2
      vertex 218.62679857074477 217.4934839513326 2
      vertex 220.5 218.1582441342288 4
    endloop
  endfacet
  facet normal -0.6411931542171379 -0.30326177648737696 0.7049139195013799
    outer loop
      vertex 218.5705952052692 217.65056183502065 2
      vertex 220.4091614391225 218.4121209044039 4
      vertex 218.4992661493922 217.8013744526042 2
    endloop
  endfacet
  facet normal -0.7016158391769889 -0.10407487837688946 0.7049139195013852
    outer loop
      vertex 218.69181403534273 217.16662913856024 2
      vertex 220.62890553749196 217.72183419145966 4.010000000000005
      vertex 218.66733497668548 217.3316535474274 2
    endloop
  endfacet
  facet normal -0.5255513453544429 -0.4763319740363239 0.7049139195013769
    outer loop
      vertex 218.31411777071665 218.0784685830782 2
      vertex 219.85244703114 219.34094278041877 4
      vertex 218.20208152801712 218.20208152801712 2
    endloop
  endfacet
  facet normal -0.4763319740363165 -0.5255513453544348 0.7049139195013883
    outer loop
      vertex 218.0784685830782 218.31411777071665 2
      vertex 218.20208152801712 218.20208152801712 2
      vertex 219.6092592020202 219.6092592020202 4
    endloop
  endfacet
  facet normal -0.3032617764873761 -0.641193154217136 0.7049139195013818
    outer loop
      vertex 217.65056183502065 218.5705952052692 2
      vertex 217.8013744526042 218.4992661493922 2
      vertex 218.7394774114619 220.25433334212525 4
    endloop
  endfacet
  facet normal -0.36464940751902597 -0.6083807818210683 0.7049139195013878
    outer loop
      vertex 217.8013744526042 218.4992661493922 2
      vertex 217.94446939613331 218.41349834091432 2
      vertex 219.05008180015244 220.06816423604377 4
    endloop
  endfacet
  facet normal -0.4225252654184442 -0.569709369921435 0.7049139195013777
    outer loop
      vertex 217.94446939613331 218.41349834091432 2
      vertex 218.0784685830782 218.31411777071665 2
      vertex 219.34094278041877 219.85244703114 4
    endloop
  endfacet
  facet normal -0.6083807818210776 -0.3646494075190316 0.7049139195013768
    outer loop
      vertex 218.4992661493922 217.8013744526042 2
      vertex 220.25433334212525 218.73947741146188 4
      vertex 218.41349834091432 217.94446939613331 2
    endloop
  endfacet
  facet normal -0.5697093699214272 -0.4225252654184384 0.7049139195013875
    outer loop
      vertex 218.31411777071665 218.0784685830782 2
      vertex 218.41349834091432 217.94446939613331 2
      vertex 220.06816423604377 219.05008180015244 4
    endloop
  endfacet
  facet normal 0.6083807818211328 0.3646494075189241 0.7049139195013849
    outer loop
      vertex 215.58650165908568 216.05553060386669 2
      vertex 213.74566665787475 215.26052258853812 4
      vertex 213.93183576395623 214.94991819984756 4
    endloop
  endfacet
  facet normal 0.6411931542171371 0.30326177648737856 0.7049139195013797
    outer loop
      vertex 215.5007338506078 216.1986255473958 2
      vertex 213.5908385608775 215.5878790955961 4
      vertex 213.74566665787475 215.26052258853812 4
    endloop
  endfacet
  facet normal 0.6678304860262296 0.23895356876843554 0.7049139195013804
    outer loop
      vertex 215.4294047947308 216.34943816497935 2
      vertex 213.46884255217623 215.92883509890729 4
      vertex 213.5908385608775 215.5878790955961 4
    endloop
  endfacet
  facet normal 0.7084384890988902 0.034803351224936926 0.7049139195013779
    outer loop
      vertex 215.30818596465727 216.83337086143976 2
      vertex 213.30995024875622 217 4
      vertex 213.3277188469017 216.63831187570926 4
    endloop
  endfacet
  facet normal 0.688036245181594 0.17234410755699178 0.7049139195013796
    outer loop
      vertex 215.37320142925523 216.5065160486674 2
      vertex 213.3808535200245 216.28010700577434 4
      vertex 213.46884255217623 215.92883509890729 4
    endloop
  endfacet
  facet normal 0.7016158391770064 0.10407487837678203 0.7049139195013835
    outer loop
      vertex 215.33266502331452 216.6683464525726 2
      vertex 213.3277188469017 216.63831187570926 4
      vertex 213.3808535200245 216.28010700577434 4
    endloop
  endfacet
  facet normal 0.7084384890988878 -0.034803351224881145 0.7049139195013834
    outer loop
      vertex 215.3 217 2
      vertex 213.32771884690166 217.36168812429074 4
      vertex 213.30995024875622 217 4
    endloop
  endfacet
  facet normal 0.7016158391769993 -0.10407487837683664 0.7049139195013825
    outer loop
      vertex 215.30818596465727 217.16662913856024 2
      vertex 213.3808535200245 217.71989299422566 4
      vertex 213.32771884690166 217.36168812429074 4
    endloop
  endfacet
  facet normal 0.6880362451815888 -0.17234410755699048 0.7049139195013849
    outer loop
      vertex 215.33266502331452 217.3316535474274 2
      vertex 213.46884255217623 218.07116490109271 4
      vertex 213.3808535200245 217.71989299422566 4
    endloop
  endfacet
  facet normal 0.3646494075189267 0.6083807818211371 0.7049139195013798
    outer loop
      vertex 216.1986255473958 215.5007338506078 2
      vertex 214.94991819984756 213.93183576395623 4
      vertex 215.26052258853812 213.74566665787475 4
    endloop
  endfacet
  facet normal 0.30326177648737856 0.6411931542171371 0.7049139195013799
    outer loop
      vertex 216.34943816497935 215.4294047947308 2
      vertex 215.26052258853812 213.74566665787475 4
      vertex 215.5878790955961 213.5908385608775 4
    endloop
  endfacet
  facet normal 0.23895356876843582 0.6678304860262304 0.7049139195013795
    outer loop
      vertex 216.5065160486674 215.37320142925523 2
      vertex 215.5878790955961 213.5908385608775 4
      vertex 215.92883509890729 213.46884255217623 4
    endloop
  endfacet
  facet normal 0.10407487837678271 0.7016158391770111 0.7049139195013789
    outer loop
      vertex 216.83337086143976 215.30818596465727 2
      vertex 216.28010700577434 213.3808535200245 4
      vertex 216.63831187570926 213.3277188469017 4
    endloop
  endfacet
  facet normal 0.17234410755699048 0.6880362451815888 0.7049139195013849
    outer loop
      vertex 216.6683464525726 215.33266502331452 2
      vertex 215.92883509890729 213.46884255217623 4
      vertex 216.28010700577434 213.3808535200245 4
    endloop
  endfacet
  facet normal 0.03480335122493674 0.7084384890988863 0.7049139195013818
    outer loop
      vertex 217 215.3 2
      vertex 216.63831187570926 213.3277188469017 4
      vertex 217 213.30995024875622 4
    endloop
  endfacet
  facet normal -0.03480335122488122 0.7084384890988894 0.7049139195013817
    outer loop
      vertex 217.16662913856024 215.30818596465727 2
      vertex 217 213.30995024875622 4
      vertex 217.36168812429074 213.32771884690166 4
    endloop
  endfacet
  facet normal -0.10407487837683632 0.7016158391769972 0.7049139195013849
    outer loop
      vertex 217.3316535474274 215.33266502331452 2
      vertex 217.36168812429074 213.32771884690166 4
      vertex 217.71989299422566 213.3808535200245 4
    endloop
  endfacet
  facet normal -0.17234410755699178 0.688036245181594 0.7049139195013795
    outer loop
      vertex 217.4934839513326 215.37320142925523 2
      vertex 217.71989299422566 213.3808535200245 4
      vertex 218.07116490109271 213.46884255217623 4
    endloop
  endfacet
  facet normal 0.5697093699213692 0.42252526541852853 0.7049139195013804
    outer loop
      vertex 215.68588222928335 215.9215314169218 2
      vertex 213.93183576395623 214.94991819984756 4
      vertex 214.14755296886 214.65905721958123 4
    endloop
  endfacet
  facet normal 0.5255513453545194 0.4763319740362276 0.7049139195013853
    outer loop
      vertex 215.79791847198288 215.79791847198288 2
      vertex 214.14755296886 214.65905721958123 4
      vertex 214.3907407979798 214.3907407979798 4
    endloop
  endfacet
  facet normal 0.47633197403623107 0.5255513453545232 0.7049139195013799
    outer loop
      vertex 215.9215314169218 215.68588222928335 2
      vertex 214.3907407979798 214.3907407979798 4
      vertex 214.65905721958123 214.14755296886 4
    endloop
  endfacet
  facet normal 0.42252526541852586 0.5697093699213656 0.704913919501385
    outer loop
      vertex 216.05553060386669 215.58650165908568 2
      vertex 214.65905721958123 214.14755296886 4
      vertex 214.94991819984756 213.93183576395623 4
    endloop
  endfacet
  facet normal 0.6678304860262304 -0.23895356876843582 0.7049139195013796
    outer loop
      vertex 215.37320142925523 217.4934839513326 2
      vertex 213.5908385608775 218.4121209044039 4
      vertex 213.46884255217623 218.07116490109271 4
    endloop
  endfacet
  facet normal 0.6411931542171467 -0.3032617764873568 0.7049139195013804
    outer loop
      vertex 215.4294047947308 217.65056183502065 2
      vertex 213.74566665787475 218.7394774114619 4
      vertex 213.5908385608775 218.4121209044039 4
    endloop
  endfacet
  facet normal 0.6083807818211208 -0.36464940751895025 0.7049139195013819
    outer loop
      vertex 215.5007338506078 217.8013744526042 2
      vertex 213.93183576395623 219.05008180015244 4
      vertex 213.74566665787475 218.7394774114619 4
    endloop
  endfacet
  facet normal 0.5697093699213656 -0.42252526541852586 0.7049139195013848
    outer loop
      vertex 215.58650165908568 217.94446939613331 2
      vertex 214.14755296886 219.34094278041877 4
      vertex 213.93183576395623 219.05008180015244 4
    endloop
  endfacet
  facet normal 0.5255513453545232 -0.47633197403623107 0.7049139195013799
    outer loop
      vertex 215.68588222928335 218.0784685830782 2
      vertex 214.3907407979798 219.6092592020202 4
      vertex 214.14755296886 219.34094278041877 4
    endloop
  endfacet
  facet normal 0.4763319740362275 -0.5255513453545193 0.7049139195013853
    outer loop
      vertex 215.79791847198288 218.20208152801712 2
      vertex 214.65905721958123 219.85244703114 4
      vertex 214.3907407979798 219.6092592020202 4
    endloop
  endfacet
  facet normal 0.42252526541852853 -0.5697093699213692 0.7049139195013804
    outer loop
      vertex 215.9215314169218 218.31411777071665 2
      vertex 214.94991819984756 220.06816423604377 4
      vertex 214.65905721958123 219.85244703114 4
    endloop
  endfacet
  facet normal 0.36464940751892416 -0.6083807818211329 0.7049139195013848
    outer loop
      vertex 216.05553060386669 218.41349834091432 2
      vertex 215.26052258853812 220.25433334212525 4
      vertex 214.94991819984756 220.06816423604377 4
    endloop
  endfacet
  facet normal 0.30326177648737856 -0.6411931542171371 0.7049139195013798
    outer loop
      vertex 216.1986255473958 218.4992661493922 2
      vertex 215.5878790955961 220.4091614391225 4
      vertex 215.26052258853812 220.25433334212525 4
    endloop
  endfacet
  facet normal 0.23895356876840426 -0.6678304860262417 0.7049139195013795
    outer loop
      vertex 216.34943816497935 218.5705952052692 2
      vertex 215.84175586577123 220.5 4
      vertex 215.5878790955961 220.4091614391225 4
    endloop
  endfacet
  facet normal 0.23895356876847818 -0.6678304860262188 0.7049139195013762
    outer loop
      vertex 216.34943816497935 218.5705952052692 2
      vertex 215.92594669415848 220.54067924220917 4.010000000000005
      vertex 215.84175586577123 220.5 4
    endloop
  endfacet
  facet normal 0.17234410755699733 -0.6880362451815939 0.7049139195013784
    outer loop
      vertex 216.5065160486674 218.62679857074477 2
      vertex 216.27816580854034 220.62890553749196 4.010000000000005
      vertex 215.92594669415848 220.54067924220917 4.010000000000005
    endloop
  endfacet
  facet normal 0.10407487837683456 -0.7016158391769984 0.7049139195013837
    outer loop
      vertex 216.6683464525726 218.66733497668548 2
      vertex 216.6373365807806 220.68218348868712 4.010000000000005
      vertex 216.27816580854034 220.62890553749196 4.010000000000005
    endloop
  endfacet
  facet normal 0.034803351224870695 -0.7084384890988913 0.7049139195013802
    outer loop
      vertex 216.83337086143976 218.69181403534273 2
      vertex 217 220.7 4.010000000000005
      vertex 216.6373365807806 220.68218348868712 4.010000000000005
    endloop
  endfacet
  facet normal -0.034803351224870493 -0.7084384890988914 0.7049139195013804
    outer loop
      vertex 217.16662913856024 218.69181403534273 2
      vertex 217.3626634192194 220.68218348868712 4.010000000000005
      vertex 217 220.7 4.010000000000005
    endloop
  endfacet
  facet normal -0.10407487837683475 -0.7016158391769984 0.7049139195013838
    outer loop
      vertex 217.3316535474274 218.66733497668548 2
      vertex 217.72183419145966 220.62890553749196 4.010000000000005
      vertex 217.3626634192194 220.68218348868712 4.010000000000005
    endloop
  endfacet
  facet normal -0.2389535687684788 -0.6678304860262185 0.7049139195013762
    outer loop
      vertex 217.65056183502065 218.5705952052692 2
      vertex 218.15824413422877 220.5 4
      vertex 218.07405330584152 220.54067924220917 4.010000000000005
    endloop
  endfacet
  facet normal -0.17234410755699728 -0.6880362451815939 0.7049139195013784
    outer loop
      vertex 217.4934839513326 218.62679857074477 2
      vertex 218.07405330584152 220.54067924220917 4.010000000000005
      vertex 217.72183419145966 220.62890553749196 4.010000000000005
    endloop
  endfacet
  facet normal -0.23895356876843554 0.6678304860262296 0.7049139195013803
    outer loop
      vertex 217.65056183502065 215.4294047947308 2
      vertex 218.07116490109271 213.46884255217623 4
      vertex 218.4121209044039 213.5908385608775 4
    endloop
  endfacet
  facet normal -0.30326177648735647 0.6411931542171461 0.7049139195013815
    outer loop
      vertex 217.8013744526042 215.5007338506078 2
      vertex 218.4121209044039 213.5908385608775 4
      vertex 218.7394774114619 213.74566665787475 4
    endloop
  endfacet
  facet normal -0.36464940751894825 0.6083807818211174 0.7049139195013855
    outer loop
      vertex 217.94446939613331 215.58650165908568 2
      vertex 218.7394774114619 213.74566665787475 4
      vertex 219.05008180015244 213.93183576395623 4
    endloop
  endfacet
  facet normal -0.42252526541849084 0.5697093699213934 0.7049139195013833
    outer loop
      vertex 218.0784685830782 215.68588222928335 2
      vertex 219.05008180015244 213.93183576395623 4
      vertex 219.34094278041877 214.14755296885997 4
    endloop
  endfacet
  facet normal -0.4763319740362574 0.5255513453544909 0.7049139195013863
    outer loop
      vertex 218.20208152801712 215.79791847198288 2
      vertex 219.34094278041877 214.14755296885997 4
      vertex 219.6092592020202 214.3907407979798 4
    endloop
  endfacet
  facet normal -0.5255513453545232 0.47633197403623107 0.7049139195013799
    outer loop
      vertex 218.31411777071665 215.9215314169218 2
      vertex 219.6092592020202 214.3907407979798 4
      vertex 219.85244703114 214.65905721958123 4
    endloop
  endfacet
  facet normal -0.5697093699213656 0.42252526541852586 0.7049139195013848
    outer loop
      vertex 218.41349834091432 216.05553060386669 2
      vertex 219.85244703114 214.65905721958123 4
      vertex 220.06816423604377 214.94991819984756 4
    endloop
  endfacet
  facet normal -0.608380781821137 0.3646494075189266 0.7049139195013798
    outer loop
      vertex 218.4992661493922 216.1986255473958 2
      vertex 220.06816423604377 214.94991819984756 4
      vertex 220.25433334212525 215.26052258853812 4
    endloop
  endfacet
  facet normal -0.6411931542171371 0.30326177648737856 0.7049139195013797
    outer loop
      vertex 218.5705952052692 216.34943816497935 2
      vertex 220.25433334212525 215.26052258853812 4
      vertex 220.4091614391225 215.5878790955961 4
    endloop
  endfacet
  facet normal -0.6678304860262337 0.23895356876842816 0.7049139195013789
    outer loop
      vertex 218.62679857074477 216.5065160486674 2
      vertex 220.4091614391225 215.5878790955961 4
      vertex 220.5 215.8417558657712 4
    endloop
  endfacet
  facet normal -0.6678304860262407 0.23895356876840892 0.7049139195013789
    outer loop
      vertex 218.62679857074477 216.5065160486674 2
      vertex 220.5 215.8417558657712 4
      vertex 220.54067924220917 215.92594669415848 4.010000000000005
    endloop
  endfacet
  facet normal -0.6880362451815885 0.1723441075569959 0.704913919501384
    outer loop
      vertex 218.66733497668548 216.6683464525726 2
      vertex 220.54067924220917 215.92594669415848 4.010000000000005
      vertex 220.62890553749196 216.27816580854034 4.010000000000005
    endloop
  endfacet
  facet normal -0.7016158391770007 0.10407487837683528 0.7049139195013814
    outer loop
      vertex 218.69181403534273 216.83337086143976 2
      vertex 220.62890553749196 216.27816580854034 4.010000000000005
      vertex 220.68218348868712 216.6373365807806 4.010000000000005
    endloop
  endfacet
  facet normal -0.7084384890988913 0.034803351224870695 0.7049139195013802
    outer loop
      vertex 218.69181403534273 216.83337086143976 2
      vertex 220.68218348868712 216.6373365807806 4.010000000000005
      vertex 220.7 217 4.010000000000005
    endloop
  endfacet
  facet normal -0.7084384890988914 -0.034803351224870493 0.7049139195013804
    outer loop
      vertex 218.69181403534273 217.16662913856024 2
      vertex 220.7 217 4.010000000000005
      vertex 220.68218348868712 217.3626634192194 4.010000000000005
    endloop
  endfacet
  facet normal -0.7016158391770005 -0.10407487837683514 0.7049139195013814
    outer loop
      vertex 218.69181403534273 217.16662913856024 2
      vertex 220.68218348868712 217.3626634192194 4.010000000000005
      vertex 220.62890553749196 217.72183419145966 4.010000000000005
    endloop
  endfacet
  facet normal -0.6880362451815885 -0.17234410755699603 0.704913919501384
    outer loop
      vertex 218.66733497668548 217.3316535474274 2
      vertex 220.62890553749196 217.72183419145966 4.010000000000005
      vertex 220.54067924220917 218.07405330584152 4.010000000000005
    endloop
  endfacet
  facet normal -0.6678304860262407 -0.23895356876840845 0.7049139195013789
    outer loop
      vertex 218.62679857074477 217.4934839513326 2
      vertex 220.54067924220917 218.07405330584152 4.010000000000005
      vertex 220.5 218.1582441342288 4
    endloop
  endfacet
  facet normal -0.36464940751895025 -0.6083807818211208 0.7049139195013817
    outer loop
      vertex 217.8013744526042 218.4992661493922 2
      vertex 219.05008180015244 220.06816423604377 4
      vertex 218.7394774114619 220.25433334212525 4
    endloop
  endfacet
  facet normal -0.42252526541852586 -0.5697093699213656 0.704913919501385
    outer loop
      vertex 217.94446939613331 218.41349834091432 2
      vertex 219.34094278041877 219.85244703114 4
      vertex 219.05008180015244 220.06816423604377 4
    endloop
  endfacet
  facet normal -0.6411931542171371 -0.30326177648737856 0.7049139195013797
    outer loop
      vertex 218.4992661493922 217.8013744526042 2
      vertex 220.4091614391225 218.4121209044039 4
      vertex 220.25433334212525 218.73947741146188 4
    endloop
  endfacet
  facet normal -0.5697093699213692 -0.42252526541852853 0.7049139195013804
    outer loop
      vertex 218.31411777071665 218.0784685830782 2
      vertex 220.06816423604377 219.05008180015244 4
      vertex 219.85244703114 219.34094278041877 4
    endloop
  endfacet
  facet normal -0.6083807818211328 -0.3646494075189241 0.7049139195013849
    outer loop
      vertex 218.41349834091432 217.94446939613331 2
      vertex 220.25433334212525 218.73947741146188 4
      vertex 220.06816423604377 219.05008180015244 4
    endloop
  endfacet
  facet normal -0.47633197403623107 -0.5255513453545232 0.7049139195013799
    outer loop
      vertex 218.0784685830782 218.31411777071665 2
      vertex 219.6092592020202 219.6092592020202 4
      vertex 219.34094278041877 219.85244703114 4
    endloop
  endfacet
  facet normal -0.5255513453545194 -0.4763319740362276 0.7049139195013853
    outer loop
      vertex 218.20208152801712 218.20208152801712 2
      vertex 219.85244703114 219.34094278041877 4
      vertex 219.6092592020202 219.6092592020202 4
    endloop
  endfacet
  facet normal -0.2389535687684043 -0.6678304860262417 0.7049139195013794
    outer loop
      vertex 217.65056183502065 218.5705952052692 2
      vertex 218.4121209044039 220.4091614391225 4
      vertex 218.15824413422877 220.5 4
    endloop
  endfacet
  facet normal -0.3032617764873568 -0.6411931542171467 0.7049139195013805
    outer loop
      vertex 217.65056183502065 218.5705952052692 2
      vertex 218.7394774114619 220.25433334212525 4
      vertex 218.4121209044039 220.4091614391225 4
    endloop
  endfacet
  facet normal -0.6678304860262326 -0.23895356876842777 0.70491391950138
    outer loop
      vertex 218.5705952052692 217.65056183502065 2
      vertex 220.5 218.1582441342288 4
      vertex 220.4091614391225 218.4121209044039 4
    endloop
  endfacet
  facet normal 0.23895356876836274 -0.6678304860260317 0.7049139195015924
    outer loop
      vertex 215.92594669415848 220.54067924220917 4.010000000000005
      vertex 215.81225582845707 220.5 4.010000000000005
      vertex 215.84175586577123 220.5 4
    endloop
  endfacet
  facet normal 0 0 -1
    outer loop
      vertex 215.92594669415848 220.54067924220917 4.010000000000005
      vertex 218.18774417154293 220.5 4.010000000000005
      vertex 215.81225582845707 220.5 4.010000000000005
    endloop
  endfacet
  facet normal 0 0 -1
    outer loop
      vertex 215.92594669415848 220.54067924220917 4.010000000000005
      vertex 216.27816580854034 220.62890553749196 4.010000000000005
      vertex 218.18774417154293 220.5 4.010000000000005
    endloop
  endfacet
  facet normal 0 0 -1
    outer loop
      vertex 216.27816580854034 220.62890553749196 4.010000000000005
      vertex 216.6373365807806 220.68218348868712 4.010000000000005
      vertex 218.18774417154293 220.5 4.010000000000005
    endloop
  endfacet
  facet normal 0 0 -1
    outer loop
      vertex 217.3626634192194 220.68218348868712 4.010000000000005
      vertex 217.72183419145966 220.62890553749196 4.010000000000005
      vertex 218.18774417154293 220.5 4.010000000000005
    endloop
  endfacet
  facet normal 0 0 -1
    outer loop
      vertex 216.6373365807806 220.68218348868712 4.010000000000005
      vertex 217 220.7 4.010000000000005
      vertex 218.18774417154293 220.5 4.010000000000005
    endloop
  endfacet
  facet normal 0 0 -1
    outer loop
      vertex 217 220.7 4.010000000000005
      vertex 217.3626634192194 220.68218348868712 4.010000000000005
      vertex 218.18774417154293 220.5 4.010000000000005
    endloop
  endfacet
  facet normal -0.6678304860263514 0.23895356876847712 0.7049139195012507
    outer loop
      vertex 220.54067924220917 215.92594669415848 4.010000000000005
      vertex 220.5 215.8417558657712 4
      vertex 220.5 215.81225582845707 4.010000000000005
    endloop
  endfacet
  facet normal 0 0 -1
    outer loop
      vertex 220.54067924220917 215.92594669415848 4.010000000000005
      vertex 220.5 215.81225582845707 4.010000000000005
      vertex 220.54067924220917 218.07405330584152 4.010000000000005
    endloop
  endfacet
  facet normal 0 0 -1
    outer loop
      vertex 220.54067924220917 215.92594669415848 4.010000000000005
      vertex 220.54067924220917 218.07405330584152 4.010000000000005
      vertex 220.62890553749196 216.27816580854034 4.010000000000005
    endloop
  endfacet
  facet normal 0 0 -1
    outer loop
      vertex 220.62890553749196 216.27816580854034 4.010000000000005
      vertex 220.54067924220917 218.07405330584152 4.010000000000005
      vertex 220.62890553749196 217.72183419145966 4.010000000000005
    endloop
  endfacet
  facet normal 0 0 -1
    outer loop
      vertex 220.54067924220917 218.07405330584152 4.010000000000005
      vertex 220.5 215.81225582845707 4.010000000000005
      vertex 220.5 218.18774417154293 4.010000000000005
    endloop
  endfacet
  facet normal 0 0 -1
    outer loop
      vertex 220.62890553749196 216.27816580854034 4.010000000000005
      vertex 220.62890553749196 217.72183419145966 4.010000000000005
      vertex 220.68218348868712 216.6373365807806 4.010000000000005
    endloop
  endfacet
  facet normal 0 0 -1
    outer loop
      vertex 220.68218348868712 216.6373365807806 4.010000000000005
      vertex 220.68218348868712 217.3626634192194 4.010000000000005
      vertex 220.7 217 4.010000000000005
    endloop
  endfacet
  facet normal 0 0 -1
    outer loop
      vertex 220.68218348868712 216.6373365807806 4.010000000000005
      vertex 220.62890553749196 217.72183419145966 4.010000000000005
      vertex 220.68218348868712 217.3626634192194 4.010000000000005
    endloop
  endfacet
  facet normal -0.23895356876836277 -0.6678304860260318 0.7049139195015924
    outer loop
      vertex 218.07405330584152 220.54067924220917 4.010000000000005
      vertex 218.15824413422877 220.5 4
      vertex 218.18774417154293 220.5 4.010000000000005
    endloop
  endfacet
  facet normal 0 0 -1
    outer loop
      vertex 217.72183419145966 220.62890553749196 4.010000000000005
      vertex 218.07405330584152 220.54067924220917 4.010000000000005
      vertex 218.18774417154293 220.5 4.010000000000005
    endloop
  endfacet
  facet normal -0.6678304860263515 -0.2389535687684772 0.7049139195012507
    outer loop
      vertex 220.54067924220917 218.07405330584152 4.010000000000005
      vertex 220.5 218.18774417154293 4.010000000000005
      vertex 220.5 218.1582441342288 4
    endloop
  endfacet
  facet normal 0.569709369921415 0.42252526541845953 0.7049139195013848
    outer loop
      vertex 6.685882229283347 215.9215314169218 2
      vertex 6.586501659085673 216.05553060386669 2
      vertex 4.931835763956234 214.94991819984756 4
    endloop
  endfacet
  facet normal 0.641193154217143 0.3032617764873643 0.7049139195013807
    outer loop
      vertex 6.500733850607796 216.1986255473958 2
      vertex 6.429404794730813 216.34943816497935 2
      vertex 4.59083856087751 215.5878790955961 4
    endloop
  endfacet
  facet normal 0.6083807818211122 0.36464940751896924 0.7049139195013792
    outer loop
      vertex 6.586501659085673 216.05553060386669 2
      vertex 6.500733850607796 216.1986255473958 2
      vertex 4.7456666578747555 215.26052258853812 4
    endloop
  endfacet
  facet normal 0.4763319740362738 0.5255513453544783 0.7049139195013846
    outer loop
      vertex 6.797918471982869 215.79791847198288 2
      vertex 5.3907407979797926 214.3907407979798 4
      vertex 6.921531416921803 215.68588222928335 2
    endloop
  endfacet
  facet normal 0.4225252654184743 0.5697093699214039 0.7049139195013849
    outer loop
      vertex 7.055530603866677 215.58650165908568 2
      vertex 6.921531416921803 215.68588222928335 2
      vertex 5.659057219581218 214.14755296885997 4
    endloop
  endfacet
  facet normal 0.30326177648737057 0.6411931542171394 0.7049139195013812
    outer loop
      vertex 7.198625547395804 215.5007338506078 2
      vertex 6.2605225885381 213.74566665787475 4
      vertex 7.349438164979348 215.4294047947308 2
    endloop
  endfacet
  facet normal 0.3646494075190153 0.608380781821077 0.7049139195013859
    outer loop
      vertex 7.055530603866677 215.58650165908568 2
      vertex 5.949918199847568 213.93183576395623 4
      vertex 7.198625547395804 215.5007338506078 2
    endloop
  endfacet
  facet normal 0.5255513453544632 0.47633197403630073 0.7049139195013777
    outer loop
      vertex 6.797918471982869 215.79791847198288 2
      vertex 6.685882229283347 215.9215314169218 2
      vertex 5.147552968859995 214.65905721958123 4
    endloop
  endfacet
  facet normal 0.7016158391769964 0.10407487837686416 0.7049139195013814
    outer loop
      vertex 6.332665023314508 216.6683464525726 2
      vertex 6.308185964657265 216.83337086143976 2
      vertex 4.371094462508047 216.27816580854034 4.010000000000005
    endloop
  endfacet
  facet normal 0.7084384890988901 0.0348033512248724 0.7049139195013814
    outer loop
      vertex 6.308185964657265 216.83337086143976 2
      vertex 6.3 217 2
      vertex 4.3 217 4.010000000000005
    endloop
  endfacet
  facet normal 0.7084384890988901 -0.0348033512248724 0.7049139195013814
    outer loop
      vertex 6.3 217 2
      vertex 6.308185964657265 217.16662913856024 2
      vertex 4.3 217 4.010000000000005
    endloop
  endfacet
  facet normal 0.6880362451816007 0.1723441075569599 0.7049139195013809
    outer loop
      vertex 6.373201429255245 216.5065160486674 2
      vertex 6.332665023314508 216.6683464525726 2
      vertex 4.459320757790827 215.92594669415848 4.010000000000005
    endloop
  endfacet
  facet normal 0.6678304860262227 0.2389535687684528 0.704913919501381
    outer loop
      vertex 6.429404794730813 216.34943816497935 2
      vertex 6.373201429255245 216.5065160486674 2
      vertex 4.5 215.8417558657712 4
    endloop
  endfacet
  facet normal 0.7016158391769964 -0.10407487837686416 0.7049139195013814
    outer loop
      vertex 6.308185964657265 217.16662913856024 2
      vertex 6.332665023314508 217.3316535474274 2
      vertex 4.371094462508047 217.72183419145966 4.010000000000005
    endloop
  endfacet
  facet normal 0.6880362451816007 -0.1723441075569599 0.7049139195013809
    outer loop
      vertex 6.332665023314508 217.3316535474274 2
      vertex 6.373201429255245 217.4934839513326 2
      vertex 4.459320757790827 218.07405330584152 4.010000000000005
    endloop
  endfacet
  facet normal 0.6678304860262226 -0.23895356876845275 0.704913919501381
    outer loop
      vertex 6.373201429255245 217.4934839513326 2
      vertex 6.429404794730813 217.65056183502065 2
      vertex 4.581645729708239 218.41592869975082 4.010000000000005
    endloop
  endfacet
  facet normal 0.6411931542171427 -0.3032617764873642 0.7049139195013809
    outer loop
      vertex 6.429404794730813 217.65056183502065 2
      vertex 6.500733850607796 217.8013744526042 2
      vertex 4.736891321911086 218.74416792625618 4.010000000000005
    endloop
  endfacet
  facet normal 0.608380781821109 -0.3646494075189673 0.704913919501383
    outer loop
      vertex 6.500733850607796 217.8013744526042 2
      vertex 6.586501659085673 217.94446939613331 2
      vertex 4.923562434480583 219.05560986217253 4.010000000000005
    endloop
  endfacet
  facet normal 0.5697093699214201 -0.4225252654184633 0.7049139195013783
    outer loop
      vertex 6.586501659085673 217.94446939613331 2
      vertex 6.685882229283347 218.0784685830782 2
      vertex 5.1398613225578735 219.34725515140548 4.010000000000005
    endloop
  endfacet
  facet normal 0.5255513453544584 -0.4763319740362963 0.7049139195013843
    outer loop
      vertex 6.685882229283347 218.0784685830782 2
      vertex 6.797918471982869 218.20208152801712 2
      vertex 5.383704909609774 219.61629509039022 4.010000000000005
    endloop
  endfacet
  facet normal 0.4763319740362752 -0.5255513453544798 0.7049139195013825
    outer loop
      vertex 6.797918471982869 218.20208152801712 2
      vertex 6.921531416921803 218.31411777071665 2
      vertex 5.652744848594512 219.86013867744214 4.010000000000005
    endloop
  endfacet
  facet normal 0.42252526541847424 -0.5697093699214038 0.704913919501385
    outer loop
      vertex 6.921531416921803 218.31411777071665 2
      vertex 7.055530603866677 218.41349834091432 2
      vertex 5.944390137827472 220.07643756551943 4.010000000000005
    endloop
  endfacet
  facet normal 0.3646494075190194 -0.6083807818210837 0.704913919501378
    outer loop
      vertex 7.055530603866677 218.41349834091432 2
      vertex 7.198625547395804 218.4992661493922 2
      vertex 6.255832073743809 220.2631086780889 4.010000000000005
    endloop
  endfacet
  facet normal 0.2389535687684444 0.6678304860262256 0.7049139195013812
    outer loop
      vertex 7.349438164979348 215.4294047947308 2
      vertex 6.587879095596086 213.5908385608775 4
      vertex 7.5065160486674145 215.37320142925523 2
    endloop
  endfacet
  facet normal 0.17234410755688628 0.6880362451816232 0.7049139195013769
    outer loop
      vertex 7.5065160486674145 215.37320142925523 2
      vertex 6.9288350989072915 213.46884255217623 4
      vertex 7.668346452572582 215.33266502331452 2
    endloop
  endfacet
  facet normal 0.10407487837689146 0.7016158391769872 0.7049139195013866
    outer loop
      vertex 7.668346452572582 215.33266502331452 2
      vertex 7.280107005774318 213.3808535200245 4
      vertex 7.833370861439747 215.30818596465727 2
    endloop
  endfacet
  facet normal 0.03480335122483935 0.7084384890988927 0.7049139195013804
    outer loop
      vertex 7.833370861439747 215.30818596465727 2
      vertex 7.638311875709278 213.32771884690166 4
      vertex 8 215.3 2
    endloop
  endfacet
  facet normal -0.03480335122483916 0.7084384890988887 0.7049139195013843
    outer loop
      vertex 8 215.3 2
      vertex 8 213.30995024875622 4
      vertex 8.166629138560253 215.30818596465727 2
    endloop
  endfacet
  facet normal -0.10407487837689235 0.7016158391769932 0.7049139195013804
    outer loop
      vertex 8.166629138560253 215.30818596465727 2
      vertex 8.36168812429072 213.32771884690166 4
      vertex 8.331653547427418 215.33266502331452 2
    endloop
  endfacet
  facet normal -0.17234410755688354 0.6880362451816123 0.7049139195013882
    outer loop
      vertex 8.331653547427418 215.33266502331452 2
      vertex 8.719892994225681 213.3808535200245 4
      vertex 8.493483951332585 215.37320142925523 2
    endloop
  endfacet
  facet normal -0.23895356876844373 0.6678304860262276 0.7049139195013794
    outer loop
      vertex 8.493483951332585 215.37320142925523 2
      vertex 9.07116490109271 213.46884255217623 4
      vertex 8.650561835020653 215.4294047947308 2
    endloop
  endfacet
  facet normal -0.30326177648737085 0.64119315421714 0.7049139195013806
    outer loop
      vertex 8.650561835020653 215.4294047947308 2
      vertex 9.412120904403913 213.5908385608775 4
      vertex 8.801374452604197 215.5007338506078 2
    endloop
  endfacet
  facet normal -0.3646494075190205 0.6083807818210818 0.7049139195013789
    outer loop
      vertex 8.801374452604197 215.5007338506078 2
      vertex 9.7394774114619 213.74566665787475 4
      vertex 8.944469396133323 215.58650165908568 2
    endloop
  endfacet
  facet normal -0.42252526541847274 0.5697093699214055 0.7049139195013845
    outer loop
      vertex 8.944469396133323 215.58650165908568 2
      vertex 10.05008180015243 213.93183576395623 4
      vertex 9.078468583078198 215.68588222928335 2
    endloop
  endfacet
  facet normal -0.4763319740362802 0.5255513453544778 0.7049139195013805
    outer loop
      vertex 9.078468583078198 215.68588222928335 2
      vertex 10.340942780418782 214.14755296886 4
      vertex 9.20208152801713 215.79791847198288 2
    endloop
  endfacet
  facet normal -0.5255513453544558 0.47633197403629773 0.7049139195013852
    outer loop
      vertex 9.20208152801713 215.79791847198288 2
      vertex 10.609259202020207 214.3907407979798 4
      vertex 9.314117770716653 215.9215314169218 2
    endloop
  endfacet
  facet normal -0.5697093699214201 0.42252526541846336 0.7049139195013784
    outer loop
      vertex 9.314117770716653 215.9215314169218 2
      vertex 10.852447031140006 214.65905721958123 4
      vertex 9.413498340914327 216.05553060386669 2
    endloop
  endfacet
  facet normal -0.6083807818211084 0.36464940751896696 0.7049139195013837
    outer loop
      vertex 9.413498340914327 216.05553060386669 2
      vertex 11.068164236043765 214.94991819984756 4
      vertex 9.499266149392204 216.1986255473958 2
    endloop
  endfacet
  facet normal -0.6411931542171436 0.30326177648736463 0.70491391950138
    outer loop
      vertex 9.499266149392204 216.1986255473958 2
      vertex 11.254333342125244 215.26052258853812 4
      vertex 9.570595205269187 216.34943816497935 2
    endloop
  endfacet
  facet normal -0.6678304860262224 0.23895356876845267 0.7049139195013814
    outer loop
      vertex 9.570595205269187 216.34943816497935 2
      vertex 11.40916143912249 215.5878790955961 4
      vertex 9.626798570744755 216.5065160486674 2
    endloop
  endfacet
  facet normal -0.6880362451816006 0.17234410755695986 0.7049139195013809
    outer loop
      vertex 9.626798570744755 216.5065160486674 2
      vertex 11.531157447823773 215.92883509890729 4
      vertex 9.667334976685492 216.6683464525726 2
    endloop
  endfacet
  facet normal -0.7016158391769973 0.1040748783768605 0.704913919501381
    outer loop
      vertex 9.667334976685492 216.6683464525726 2
      vertex 11.619146479975498 216.28010700577434 4
      vertex 9.691814035342734 216.83337086143976 2
    endloop
  endfacet
  facet normal -0.7084384890988897 0.03480335122487239 0.7049139195013817
    outer loop
      vertex 9.691814035342734 216.83337086143976 2
      vertex 11.672281153098345 216.63831187570926 4
      vertex 9.7 217 2
    endloop
  endfacet
  facet normal -0.7084384890988902 -0.03480335122487241 0.7049139195013813
    outer loop
      vertex 9.7 217 2
      vertex 11.690049751243775 217 4
      vertex 9.691814035342734 217.16662913856024 2
    endloop
  endfacet
  facet normal -0.6880362451816002 -0.17234410755695975 0.7049139195013815
    outer loop
      vertex 9.667334976685492 217.3316535474274 2
      vertex 11.619146479975498 217.71989299422566 4
      vertex 9.626798570744755 217.4934839513326 2
    endloop
  endfacet
  facet normal -0.7016158391769961 -0.10407487837686032 0.7049139195013824
    outer loop
      vertex 9.691814035342734 217.16662913856024 2
      vertex 11.672281153098345 217.36168812429074 4
      vertex 9.667334976685492 217.3316535474274 2
    endloop
  endfacet
  facet normal -0.6678304860262229 -0.23895356876845286 0.7049139195013808
    outer loop
      vertex 9.570595205269187 217.65056183502065 2
      vertex 9.626798570744755 217.4934839513326 2
      vertex 11.531157447823771 218.07116490109271 4
    endloop
  endfacet
  facet normal -0.6411931542171431 -0.30326177648736435 0.7049139195013806
    outer loop
      vertex 9.570595205269187 217.65056183502065 2
      vertex 11.409161439122489 218.4121209044039 4
      vertex 9.499266149392204 217.8013744526042 2
    endloop
  endfacet
  facet normal 0.3032617764873716 -0.6411931542171417 0.7049139195013786
    outer loop
      vertex 7.198625547395804 218.4992661493922 2
      vertex 7.349438164979348 218.5705952052692 2
      vertex 6.5840713002491675 220.41835427029176 4.010000000000005
    endloop
  endfacet
  facet normal 0.23895356876844537 -0.6678304860262284 0.704913919501378
    outer loop
      vertex 7.349438164979348 218.5705952052692 2
      vertex 7.5065160486674145 218.62679857074477 2
      vertex 6.9259466941584895 220.54067924220917 4.010000000000005
    endloop
  endfacet
  facet normal 0.17234410755688387 -0.6880362451816137 0.7049139195013867
    outer loop
      vertex 7.5065160486674145 218.62679857074477 2
      vertex 7.668346452572582 218.66733497668548 2
      vertex 7.278165808540326 220.62890553749196 4.010000000000005
    endloop
  endfacet
  facet normal 0.10407487837689251 -0.7016158391769943 0.7049139195013794
    outer loop
      vertex 7.668346452572582 218.66733497668548 2
      vertex 7.833370861439747 218.69181403534273 2
      vertex 7.637336580780626 220.68218348868712 4.010000000000005
    endloop
  endfacet
  facet normal 0.03480335122483927 -0.7084384890988908 0.7049139195013822
    outer loop
      vertex 7.833370861439747 218.69181403534273 2
      vertex 8 218.7 2
      vertex 8 220.7 4.010000000000005
    endloop
  endfacet
  facet normal -0.03480335122483927 -0.7084384890988908 0.7049139195013822
    outer loop
      vertex 8 218.7 2
      vertex 8.166629138560253 218.69181403534273 2
      vertex 8 220.7 4.010000000000005
    endloop
  endfacet
  facet normal -0.10407487837689253 -0.7016158391769943 0.7049139195013793
    outer loop
      vertex 8.166629138560253 218.69181403534273 2
      vertex 8.331653547427418 218.66733497668548 2
      vertex 8.362663419219373 220.68218348868712 4.010000000000005
    endloop
  endfacet
  facet normal -0.23895356876844415 -0.6678304860262289 0.704913919501378
    outer loop
      vertex 8.493483951332585 218.62679857074477 2
      vertex 8.650561835020653 218.5705952052692 2
      vertex 9.074053305841511 220.54067924220917 4.010000000000005
    endloop
  endfacet
  facet normal -0.17234410755688387 -0.6880362451816137 0.7049139195013867
    outer loop
      vertex 8.331653547427418 218.66733497668548 2
      vertex 8.493483951332585 218.62679857074477 2
      vertex 8.721834191459674 220.62890553749196 4.010000000000005
    endloop
  endfacet
  facet normal -0.4763319740362775 -0.5255513453544748 0.7049139195013847
    outer loop
      vertex 9.078468583078198 218.31411777071665 2
      vertex 9.20208152801713 218.20208152801712 2
      vertex 10.609259202020207 219.6092592020202 4
    endloop
  endfacet
  facet normal -0.3032617764873706 -0.6411931542171395 0.704913919501381
    outer loop
      vertex 8.650561835020653 218.5705952052692 2
      vertex 8.801374452604197 218.4992661493922 2
      vertex 9.7394774114619 220.25433334212525 4
    endloop
  endfacet
  facet normal -0.36464940751901703 -0.608380781821076 0.7049139195013857
    outer loop
      vertex 8.801374452604197 218.4992661493922 2
      vertex 8.944469396133323 218.41349834091432 2
      vertex 10.05008180015243 220.06816423604377 4
    endloop
  endfacet
  facet normal -0.42252526541847496 -0.5697093699214085 0.7049139195013807
    outer loop
      vertex 8.944469396133323 218.41349834091432 2
      vertex 9.078468583078198 218.31411777071665 2
      vertex 10.340942780418782 219.85244703114 4
    endloop
  endfacet
  facet normal -0.6083807818211101 -0.36464940751896796 0.7049139195013818
    outer loop
      vertex 9.499266149392204 217.8013744526042 2
      vertex 11.254333342125244 218.7394774114619 4
      vertex 9.413498340914327 217.94446939613331 2
    endloop
  endfacet
  facet normal -0.5697093699214151 -0.4225252654184596 0.7049139195013847
    outer loop
      vertex 9.314117770716653 218.0784685830782 2
      vertex 9.413498340914327 217.94446939613331 2
      vertex 11.068164236043765 219.05008180015244 4
    endloop
  endfacet
  facet normal -0.5255513453544612 -0.4763319740363028 0.7049139195013777
    outer loop
      vertex 9.314117770716653 218.0784685830782 2
      vertex 10.852447031140006 219.34094278041877 4
      vertex 9.20208152801713 218.20208152801712 2
    endloop
  endfacet
  facet normal 0.36464940751895375 0.6083807818211197 0.704913919501381
    outer loop
      vertex 7.198625547395804 215.5007338506078 2
      vertex 5.949918199847568 213.93183576395623 4
      vertex 6.2605225885381 213.74566665787475 4
    endloop
  endfacet
  facet normal 0.30326177648736674 0.6411931542171416 0.7049139195013808
    outer loop
      vertex 7.349438164979348 215.4294047947308 2
      vertex 6.2605225885381 213.74566665787475 4
      vertex 6.587879095596086 213.5908385608775 4
    endloop
  endfacet
  facet normal 0.23895356876842688 0.6678304860262333 0.7049139195013798
    outer loop
      vertex 7.5065160486674145 215.37320142925523 2
      vertex 6.587879095596086 213.5908385608775 4
      vertex 6.9288350989072915 213.46884255217623 4
    endloop
  endfacet
  facet normal 0.6678304860262235 0.2389535687684502 0.7049139195013812
    outer loop
      vertex 6.429404794730813 216.34943816497935 2
      vertex 4.5 215.8417558657712 4
      vertex 4.59083856087751 215.5878790955961 4
    endloop
  endfacet
  facet normal 0.6678304860262216 0.23895356876845536 0.7049139195013813
    outer loop
      vertex 6.373201429255245 216.5065160486674 2
      vertex 4.459320757790827 215.92594669415848 4.010000000000005
      vertex 4.5 215.8417558657712 4
    endloop
  endfacet
  facet normal 0.7016158391769947 0.10407487837687236 0.7049139195013819
    outer loop
      vertex 6.308185964657265 216.83337086143976 2
      vertex 4.317816511312872 216.6373365807806 4.010000000000005
      vertex 4.371094462508047 216.27816580854034 4.010000000000005
    endloop
  endfacet
  facet normal 0.6880362451815973 0.17234410755697024 0.7049139195013816
    outer loop
      vertex 6.332665023314508 216.6683464525726 2
      vertex 4.371094462508047 216.27816580854034 4.010000000000005
      vertex 4.459320757790827 215.92594669415848 4.010000000000005
    endloop
  endfacet
  facet normal 0.70843848909889 0.03480335122486863 0.7049139195013817
    outer loop
      vertex 6.308185964657265 216.83337086143976 2
      vertex 4.3 217 4.010000000000005
      vertex 4.317816511312872 216.6373365807806 4.010000000000005
    endloop
  endfacet
  facet normal 0.70843848909889 -0.03480335122486897 0.7049139195013815
    outer loop
      vertex 6.308185964657265 217.16662913856024 2
      vertex 4.317816511312872 217.3626634192194 4.010000000000005
      vertex 4.3 217 4.010000000000005
    endloop
  endfacet
  facet normal 0.7016158391769947 -0.10407487837687245 0.7049139195013819
    outer loop
      vertex 6.308185964657265 217.16662913856024 2
      vertex 4.371094462508047 217.72183419145966 4.010000000000005
      vertex 4.317816511312872 217.3626634192194 4.010000000000005
    endloop
  endfacet
  facet normal 0.6880362451815973 -0.17234410755697033 0.7049139195013815
    outer loop
      vertex 6.332665023314508 217.3316535474274 2
      vertex 4.459320757790827 218.07405330584152 4.010000000000005
      vertex 4.371094462508047 217.72183419145966 4.010000000000005
    endloop
  endfacet
  facet normal 0.5697093699213761 0.42252526541851976 0.7049139195013799
    outer loop
      vertex 6.685882229283347 215.9215314169218 2
      vertex 4.931835763956234 214.94991819984756 4
      vertex 5.147552968859995 214.65905721958123 4
    endloop
  endfacet
  facet normal 0.47633197403627325 0.5255513453544788 0.7049139195013845
    outer loop
      vertex 6.921531416921803 215.68588222928335 2
      vertex 5.3907407979797926 214.3907407979798 4
      vertex 5.659057219581218 214.14755296885997 4
    endloop
  endfacet
  facet normal 0.5255513453545141 0.47633197403623667 0.7049139195013832
    outer loop
      vertex 6.797918471982869 215.79791847198288 2
      vertex 5.147552968859995 214.65905721958123 4
      vertex 5.3907407979797926 214.3907407979798 4
    endloop
  endfacet
  facet normal 0.6083807818211355 0.364649407518924 0.7049139195013825
    outer loop
      vertex 6.586501659085673 216.05553060386669 2
      vertex 4.7456666578747555 215.26052258853812 4
      vertex 4.931835763956234 214.94991819984756 4
    endloop
  endfacet
  facet normal 0.6411931542171402 0.3032617764873713 0.7049139195013802
    outer loop
      vertex 6.500733850607796 216.1986255473958 2
      vertex 4.59083856087751 215.5878790955961 4
      vertex 4.7456666578747555 215.26052258853812 4
    endloop
  endfacet
  facet normal 0.42252526541847174 0.569709369921406 0.7049139195013846
    outer loop
      vertex 7.055530603866677 215.58650165908568 2
      vertex 5.659057219581218 214.14755296885997 4
      vertex 5.949918199847568 213.93183576395623 4
    endloop
  endfacet
  facet normal 0.6678304860262227 -0.2389535687684521 0.7049139195013812
    outer loop
      vertex 6.373201429255245 217.4934839513326 2
      vertex 4.581645729708239 218.41592869975082 4.010000000000005
      vertex 4.459320757790827 218.07405330584152 4.010000000000005
    endloop
  endfacet
  facet normal 0.6411931542171451 -0.30326177648735975 0.7049139195013807
    outer loop
      vertex 6.429404794730813 217.65056183502065 2
      vertex 4.736891321911086 218.74416792625618 4.010000000000005
      vertex 4.581645729708239 218.41592869975082 4.010000000000005
    endloop
  endfacet
  facet normal 0.6083807818211254 -0.3646494075189436 0.7049139195013813
    outer loop
      vertex 6.500733850607796 217.8013744526042 2
      vertex 4.923562434480583 219.05560986217253 4.010000000000005
      vertex 4.736891321911086 218.74416792625618 4.010000000000005
    endloop
  endfacet
  facet normal 0.5697093699213805 -0.42252526541851004 0.7049139195013824
    outer loop
      vertex 6.586501659085673 217.94446939613331 2
      vertex 5.1398613225578735 219.34725515140548 4.010000000000005
      vertex 4.923562434480583 219.05560986217253 4.010000000000005
    endloop
  endfacet
  facet normal 0.5255513453545098 -0.47633197403624644 0.7049139195013795
    outer loop
      vertex 6.685882229283347 218.0784685830782 2
      vertex 5.383704909609774 219.61629509039022 4.010000000000005
      vertex 5.1398613225578735 219.34725515140548 4.010000000000005
    endloop
  endfacet
  facet normal 0.4763319740362659 -0.5255513453544872 0.7049139195013835
    outer loop
      vertex 6.797918471982869 218.20208152801712 2
      vertex 5.652744848594512 219.86013867744214 4.010000000000005
      vertex 5.383704909609774 219.61629509039022 4.010000000000005
    endloop
  endfacet
  facet normal 0.4225252654184951 -0.5697093699213904 0.7049139195013833
    outer loop
      vertex 6.921531416921803 218.31411777071665 2
      vertex 5.944390137827472 220.07643756551943 4.010000000000005
      vertex 5.652744848594512 219.86013867744214 4.010000000000005
    endloop
  endfacet
  facet normal 0.3646494075189362 -0.6083807818211264 0.7049139195013842
    outer loop
      vertex 7.055530603866677 218.41349834091432 2
      vertex 6.255832073743809 220.2631086780889 4.010000000000005
      vertex 5.944390137827472 220.07643756551943 4.010000000000005
    endloop
  endfacet
  facet normal 0.3032617764873587 -0.6411931542171467 0.7049139195013796
    outer loop
      vertex 7.198625547395804 218.4992661493922 2
      vertex 6.5840713002491675 220.41835427029176 4.010000000000005
      vertex 6.255832073743809 220.2631086780889 4.010000000000005
    endloop
  endfacet
  facet normal 0.2389535687684363 -0.667830486026231 0.7049139195013786
    outer loop
      vertex 7.349438164979348 218.5705952052692 2
      vertex 6.9259466941584895 220.54067924220917 4.010000000000005
      vertex 6.5840713002491675 220.41835427029176 4.010000000000005
    endloop
  endfacet
  facet normal 0.17234410755700358 0.6880362451815855 0.7049139195013853
    outer loop
      vertex 7.668346452572582 215.33266502331452 2
      vertex 6.9288350989072915 213.46884255217623 4
      vertex 7.280107005774318 213.3808535200245 4
    endloop
  endfacet
  facet normal 0.10407487837682611 0.7016158391770014 0.7049139195013822
    outer loop
      vertex 7.833370861439747 215.30818596465727 2
      vertex 7.280107005774318 213.3808535200245 4
      vertex 7.638311875709278 213.32771884690166 4
    endloop
  endfacet
  facet normal 0.03480335122488259 0.7084384890988877 0.7049139195013833
    outer loop
      vertex 8 215.3 2
      vertex 7.638311875709278 213.32771884690166 4
      vertex 8 213.30995024875622 4
    endloop
  endfacet
  facet normal -0.03480335122488276 0.7084384890988895 0.7049139195013814
    outer loop
      vertex 8.166629138560253 215.30818596465727 2
      vertex 8 213.30995024875622 4
      vertex 8.36168812429072 213.32771884690166 4
    endloop
  endfacet
  facet normal -0.1040748783768257 0.7016158391769987 0.7049139195013849
    outer loop
      vertex 8.331653547427418 215.33266502331452 2
      vertex 8.36168812429072 213.32771884690166 4
      vertex 8.719892994225681 213.3808535200245 4
    endloop
  endfacet
  facet normal -0.172344107557004 0.6880362451815907 0.70491391950138
    outer loop
      vertex 8.493483951332585 215.37320142925523 2
      vertex 8.719892994225681 213.3808535200245 4
      vertex 9.07116490109271 213.46884255217623 4
    endloop
  endfacet
  facet normal -0.23895356876842774 0.6678304860262323 0.7049139195013805
    outer loop
      vertex 8.650561835020653 215.4294047947308 2
      vertex 9.07116490109271 213.46884255217623 4
      vertex 9.412120904403913 213.5908385608775 4
    endloop
  endfacet
  facet normal -0.30326177648736596 0.6411931542171417 0.7049139195013809
    outer loop
      vertex 8.801374452604197 215.5007338506078 2
      vertex 9.412120904403913 213.5908385608775 4
      vertex 9.7394774114619 213.74566665787475 4
    endloop
  endfacet
  facet normal -0.36464940751895375 0.6083807818211161 0.7049139195013838
    outer loop
      vertex 8.944469396133323 215.58650165908568 2
      vertex 9.7394774114619 213.74566665787475 4
      vertex 10.05008180015243 213.93183576395623 4
    endloop
  endfacet
  facet normal -0.4225252654185078 0.5697093699213831 0.7049139195013816
    outer loop
      vertex 9.078468583078198 215.68588222928335 2
      vertex 10.05008180015243 213.93183576395623 4
      vertex 10.340942780418782 214.14755296886 4
    endloop
  endfacet
  facet normal -0.4763319740362442 0.5255513453545064 0.7049139195013837
    outer loop
      vertex 9.20208152801713 215.79791847198288 2
      vertex 10.340942780418782 214.14755296886 4
      vertex 10.609259202020207 214.3907407979798 4
    endloop
  endfacet
  facet normal -0.5255513453545148 0.4763319740362408 0.7049139195013796
    outer loop
      vertex 9.314117770716653 215.9215314169218 2
      vertex 10.609259202020207 214.3907407979798 4
      vertex 10.852447031140006 214.65905721958123 4
    endloop
  endfacet
  facet normal -0.5697093699213756 0.4225252654185158 0.704913919501383
    outer loop
      vertex 9.413498340914327 216.05553060386669 2
      vertex 10.852447031140006 214.65905721958123 4
      vertex 11.068164236043765 214.94991819984756 4
    endloop
  endfacet
  facet normal -0.6083807818211366 0.3646494075189264 0.7049139195013805
    outer loop
      vertex 9.499266149392204 216.1986255473958 2
      vertex 11.068164236043765 214.94991819984756 4
      vertex 11.254333342125244 215.26052258853812 4
    endloop
  endfacet
  facet normal -0.6411931542171392 0.30326177648737257 0.7049139195013807
    outer loop
      vertex 9.570595205269187 216.34943816497935 2
      vertex 11.254333342125244 215.26052258853812 4
      vertex 11.40916143912249 215.5878790955961 4
    endloop
  endfacet
  facet normal -0.6678304860262233 0.23895356876845067 0.7049139195013812
    outer loop
      vertex 9.626798570744755 216.5065160486674 2
      vertex 11.40916143912249 215.5878790955961 4
      vertex 11.531157447823773 215.92883509890729 4
    endloop
  endfacet
  facet normal -0.6880362451815989 0.17234410755696514 0.7049139195013812
    outer loop
      vertex 9.667334976685492 216.6683464525726 2
      vertex 11.531157447823773 215.92883509890729 4
      vertex 11.619146479975498 216.28010700577434 4
    endloop
  endfacet
  facet normal -0.7016158391769942 0.10407487837687417 0.704913919501382
    outer loop
      vertex 9.691814035342734 216.83337086143976 2
      vertex 11.619146479975498 216.28010700577434 4
      vertex 11.672281153098345 216.63831187570926 4
    endloop
  endfacet
  facet normal -0.7084384890988902 0.03480335122486734 0.7049139195013814
    outer loop
      vertex 9.7 217 2
      vertex 11.672281153098345 216.63831187570926 4
      vertex 11.690049751243775 217 4
    endloop
  endfacet
  facet normal -0.701615839176995 -0.10407487837687428 0.7049139195013815
    outer loop
      vertex 9.667334976685492 217.3316535474274 2
      vertex 11.672281153098345 217.36168812429074 4
      vertex 11.619146479975498 217.71989299422566 4
    endloop
  endfacet
  facet normal -0.6880362451815986 -0.17234410755696855 0.7049139195013808
    outer loop
      vertex 9.626798570744755 217.4934839513326 2
      vertex 11.619146479975498 217.71989299422566 4
      vertex 11.531157447823771 218.07116490109271 4
    endloop
  endfacet
  facet normal -0.7084384890988901 -0.03480335122486733 0.7049139195013815
    outer loop
      vertex 9.691814035342734 217.16662913856024 2
      vertex 11.690049751243775 217 4
      vertex 11.672281153098345 217.36168812429074 4
    endloop
  endfacet
  facet normal 0.17234410755700502 -0.6880362451815917 0.7049139195013786
    outer loop
      vertex 7.5065160486674145 218.62679857074477 2
      vertex 7.278165808540326 220.62890553749196 4.010000000000005
      vertex 6.9259466941584895 220.54067924220917 4.010000000000005
    endloop
  endfacet
  facet normal 0.1040748783768278 -0.7016158391769997 0.7049139195013836
    outer loop
      vertex 7.668346452572582 218.66733497668548 2
      vertex 7.637336580780626 220.68218348868712 4.010000000000005
      vertex 7.278165808540326 220.62890553749196 4.010000000000005
    endloop
  endfacet
  facet normal 0.03480335122487198 -0.7084384890988913 0.7049139195013799
    outer loop
      vertex 7.833370861439747 218.69181403534273 2
      vertex 8 220.7 4.010000000000005
      vertex 7.637336580780626 220.68218348868712 4.010000000000005
    endloop
  endfacet
  facet normal -0.03480335122487186 -0.7084384890988914 0.70491391950138
    outer loop
      vertex 8.166629138560253 218.69181403534273 2
      vertex 8.362663419219373 220.68218348868712 4.010000000000005
      vertex 8 220.7 4.010000000000005
    endloop
  endfacet
  facet normal -0.10407487837682773 -0.7016158391769995 0.7049139195013835
    outer loop
      vertex 8.331653547427418 218.66733497668548 2
      vertex 8.721834191459674 220.62890553749196 4.010000000000005
      vertex 8.362663419219373 220.68218348868712 4.010000000000005
    endloop
  endfacet
  facet normal -0.1723441075570046 -0.6880362451815918 0.7049139195013786
    outer loop
      vertex 8.493483951332585 218.62679857074477 2
      vertex 9.074053305841511 220.54067924220917 4.010000000000005
      vertex 8.721834191459674 220.62890553749196 4.010000000000005
    endloop
  endfacet
  facet normal -0.3646494075189553 -0.6083807818211188 0.7049139195013808
    outer loop
      vertex 8.801374452604197 218.4992661493922 2
      vertex 10.05008180015243 220.06816423604377 4
      vertex 9.7394774114619 220.25433334212525 4
    endloop
  endfacet
  facet normal -0.5697093699213779 -0.42252526541851754 0.70491391950138
    outer loop
      vertex 9.314117770716653 218.0784685830782 2
      vertex 11.068164236043765 219.05008180015244 4
      vertex 10.852447031140006 219.34094278041877 4
    endloop
  endfacet
  facet normal -0.47633197403624544 -0.5255513453545078 0.7049139195013816
    outer loop
      vertex 9.078468583078198 218.31411777071665 2
      vertex 10.609259202020207 219.6092592020202 4
      vertex 10.340942780418782 219.85244703114 4
    endloop
  endfacet
  facet normal -0.4225252654185067 -0.5697093699213815 0.7049139195013834
    outer loop
      vertex 8.944469396133323 218.41349834091432 2
      vertex 10.340942780418782 219.85244703114 4
      vertex 10.05008180015243 220.06816423604377 4
    endloop
  endfacet
  facet normal -0.5255513453545121 -0.4763319740362384 0.704913919501383
    outer loop
      vertex 9.20208152801713 218.20208152801712 2
      vertex 10.852447031140006 219.34094278041877 4
      vertex 10.609259202020207 219.6092592020202 4
    endloop
  endfacet
  facet normal -0.23895356876840557 -0.6678304860262407 0.7049139195013798
    outer loop
      vertex 8.650561835020653 218.5705952052692 2
      vertex 9.412120904403913 220.4091614391225 4
      vertex 9.158244134228775 220.5 4
    endloop
  endfacet
  facet normal -0.3032617764873661 -0.6411931542171421 0.7049139195013808
    outer loop
      vertex 8.650561835020653 218.5705952052692 2
      vertex 9.7394774114619 220.25433334212525 4
      vertex 9.412120904403913 220.4091614391225 4
    endloop
  endfacet
  facet normal -0.23895356876844318 -0.6678304860262292 0.7049139195013782
    outer loop
      vertex 8.650561835020653 218.5705952052692 2
      vertex 9.158244134228775 220.5 4
      vertex 9.074053305841511 220.54067924220917 4.010000000000005
    endloop
  endfacet
  facet normal -0.6411931542171496 -0.30326177648734776 0.7049139195013817
    outer loop
      vertex 9.499266149392204 217.8013744526042 2
      vertex 11.409161439122489 218.4121209044039 4
      vertex 11.254333342125244 218.7394774114619 4
    endloop
  endfacet
  facet normal -0.6678304860262234 -0.23895356876845072 0.7049139195013809
    outer loop
      vertex 9.570595205269187 217.65056183502065 2
      vertex 11.531157447823771 218.07116490109271 4
      vertex 11.409161439122489 218.4121209044039 4
    endloop
  endfacet
  facet normal -0.6083807818211195 -0.36464940751894953 0.7049139195013833
    outer loop
      vertex 9.413498340914327 217.94446939613331 2
      vertex 11.254333342125244 218.7394774114619 4
      vertex 11.068164236043765 219.05008180015244 4
    endloop
  endfacet
  facet normal 0.6678304860262869 0.2389535687684958 0.7049139195013056
    outer loop
      vertex 4.459320757790827 215.92594669415848 4.010000000000005
      vertex 4.5 215.81225582845707 4.010000000000005
      vertex 4.5 215.8417558657712 4
    endloop
  endfacet
  facet normal 0 0 -1
    outer loop
      vertex 4.371094462508047 216.27816580854034 4.010000000000005
      vertex 4.317816511312872 216.6373365807806 4.010000000000005
      vertex 4.317816511312872 217.3626634192194 4.010000000000005
    endloop
  endfacet
  facet normal 0 0 -1
    outer loop
      vertex 4.317816511312872 216.6373365807806 4.010000000000005
      vertex 4.3 217 4.010000000000005
      vertex 4.317816511312872 217.3626634192194 4.010000000000005
    endloop
  endfacet
  facet normal 0 0 -1
    outer loop
      vertex 4.371094462508047 216.27816580854034 4.010000000000005
      vertex 4.317816511312872 217.3626634192194 4.010000000000005
      vertex 4.371094462508047 217.72183419145966 4.010000000000005
    endloop
  endfacet
  facet normal 0 0 -1
    outer loop
      vertex 4.459320757790827 215.92594669415848 4.010000000000005
      vertex 4.5 217 4.010000000000005
      vertex 4.5 215.81225582845707 4.010000000000005
    endloop
  endfacet
  facet normal 0 0 -1
    outer loop
      vertex 4.459320757790827 215.92594669415848 4.010000000000005
      vertex 4.371094462508047 216.27816580854034 4.010000000000005
      vertex 4.371094462508047 217.72183419145966 4.010000000000005
    endloop
  endfacet
  facet normal 0 0 -1
    outer loop
      vertex 4.459320757790827 215.92594669415848 4.010000000000005
      vertex 4.459320757790827 218.07405330584152 4.010000000000005
      vertex 4.5 217 4.010000000000005
    endloop
  endfacet
  facet normal 0 0 -1
    outer loop
      vertex 4.459320757790827 215.92594669415848 4.010000000000005
      vertex 4.371094462508047 217.72183419145966 4.010000000000005
      vertex 4.459320757790827 218.07405330584152 4.010000000000005
    endloop
  endfacet
  facet normal 0 0 -1
    outer loop
      vertex 4.459320757790827 218.07405330584152 4.010000000000005
      vertex 4.516853459179401 217.34305999428034 4.010000000000005
      vertex 4.5 217 4.010000000000005
    endloop
  endfacet
  facet normal 0 0 -1
    outer loop
      vertex 4.459320757790827 218.07405330584152 4.010000000000005
      vertex 4.567251518368721 217.68281612545252 4.010000000000005
      vertex 4.516853459179401 217.34305999428034 4.010000000000005
    endloop
  endfacet
  facet normal 0 0 -1
    outer loop
      vertex 4.459320757790827 218.07405330584152 4.010000000000005
      vertex 4.650708824396133 218.01599636673927 4.010000000000005
      vertex 4.567251518368721 217.68281612545252 4.010000000000005
    endloop
  endfacet
  facet normal 0 0 -1
    outer loop
      vertex 4.459320757790827 218.07405330584152 4.010000000000005
      vertex 4.581645729708239 218.41592869975082 4.010000000000005
      vertex 4.650708824396133 218.01599636673927 4.010000000000005
    endloop
  endfacet
  facet normal 0 0 -1
    outer loop
      vertex 4.581645729708239 218.41592869975082 4.010000000000005
      vertex 4.766421638429165 218.33939201384783 4.010000000000005
      vertex 4.650708824396133 218.01599636673927 4.010000000000005
    endloop
  endfacet
  facet normal 0 0 -1
    outer loop
      vertex 4.581645729708239 218.41592869975082 4.010000000000005
      vertex 4.736891321911086 218.74416792625618 4.010000000000005
      vertex 4.766421638429165 218.33939201384783 4.010000000000005
    endloop
  endfacet
  facet normal 0 0 -1
    outer loop
      vertex 4.736891321911086 218.74416792625618 4.010000000000005
      vertex 4.9132755771279335 218.64988858252764 4.010000000000005
      vertex 4.766421638429165 218.33939201384783 4.010000000000005
    endloop
  endfacet
  facet normal 0 0 -1
    outer loop
      vertex 4.736891321911086 218.74416792625618 4.010000000000005
      vertex 5.08985635638237 218.94449581205845 4.010000000000005
      vertex 4.9132755771279335 218.64988858252764 4.010000000000005
    endloop
  endfacet
  facet normal 0 0 -1
    outer loop
      vertex 4.736891321911086 218.74416792625618 4.010000000000005
      vertex 4.923562434480583 219.05560986217253 4.010000000000005
      vertex 5.08985635638237 218.94449581205845 4.010000000000005
    endloop
  endfacet
  facet normal 0 0 -1
    outer loop
      vertex 4.923562434480583 219.05560986217253 4.010000000000005
      vertex 5.294463410973549 219.22037649154663 4.010000000000005
      vertex 5.08985635638237 218.94449581205845 4.010000000000005
    endloop
  endfacet
  facet normal 0 0 -1
    outer loop
      vertex 4.923562434480583 219.05560986217253 4.010000000000005
      vertex 5.1398613225578735 219.34725515140548 4.010000000000005
      vertex 5.294463410973549 219.22037649154663 4.010000000000005
    endloop
  endfacet
  facet normal 0 0 -1
    outer loop
      vertex 5.1398613225578735 219.34725515140548 4.010000000000005
      vertex 5.52512626349926 219.47487373650074 4.010000000000005
      vertex 5.294463410973549 219.22037649154663 4.010000000000005
    endloop
  endfacet
  facet normal 0 0 -1
    outer loop
      vertex 5.1398613225578735 219.34725515140548 4.010000000000005
      vertex 5.383704909609774 219.61629509039022 4.010000000000005
      vertex 5.52512626349926 219.47487373650074 4.010000000000005
    endloop
  endfacet
  facet normal 0 0 -1
    outer loop
      vertex 5.383704909609774 219.61629509039022 4.010000000000005
      vertex 5.779623508453369 219.70553658902645 4.010000000000005
      vertex 5.52512626349926 219.47487373650074 4.010000000000005
    endloop
  endfacet
  facet normal 0 0 -1
    outer loop
      vertex 5.383704909609774 219.61629509039022 4.010000000000005
      vertex 5.652744848594512 219.86013867744214 4.010000000000005
      vertex 5.779623508453369 219.70553658902645 4.010000000000005
    endloop
  endfacet
  facet normal 0 0 -1
    outer loop
      vertex 5.652744848594512 219.86013867744214 4.010000000000005
      vertex 6.055504187941551 219.91014364361763 4.010000000000005
      vertex 5.779623508453369 219.70553658902645 4.010000000000005
    endloop
  endfacet
  facet normal 0 0 -1
    outer loop
      vertex 5.652744848594512 219.86013867744214 4.010000000000005
      vertex 5.944390137827472 220.07643756551943 4.010000000000005
      vertex 6.055504187941551 219.91014364361763 4.010000000000005
    endloop
  endfacet
  facet normal 0 0 -1
    outer loop
      vertex 5.944390137827472 220.07643756551943 4.010000000000005
      vertex 6.3501114174723625 220.08672442287207 4.010000000000005
      vertex 6.055504187941551 219.91014364361763 4.010000000000005
    endloop
  endfacet
  facet normal 0 0 -1
    outer loop
      vertex 5.944390137827472 220.07643756551943 4.010000000000005
      vertex 6.255832073743809 220.2631086780889 4.010000000000005
      vertex 6.3501114174723625 220.08672442287207 4.010000000000005
    endloop
  endfacet
  facet normal 0 0 -1
    outer loop
      vertex 6.255832073743809 220.2631086780889 4.010000000000005
      vertex 6.660607986152172 220.23357836157084 4.010000000000005
      vertex 6.3501114174723625 220.08672442287207 4.010000000000005
    endloop
  endfacet
  facet normal 0 0 -1
    outer loop
      vertex 6.255832073743809 220.2631086780889 4.010000000000005
      vertex 6.5840713002491675 220.41835427029176 4.010000000000005
      vertex 6.660607986152172 220.23357836157084 4.010000000000005
    endloop
  endfacet
  facet normal 0 0 -1
    outer loop
      vertex 6.5840713002491675 220.41835427029176 4.010000000000005
      vertex 6.984003633260727 220.34929117560387 4.010000000000005
      vertex 6.660607986152172 220.23357836157084 4.010000000000005
    endloop
  endfacet
  facet normal 0 0 -1
    outer loop
      vertex 6.5840713002491675 220.41835427029176 4.010000000000005
      vertex 6.9259466941584895 220.54067924220917 4.010000000000005
      vertex 6.984003633260727 220.34929117560387 4.010000000000005
    endloop
  endfacet
  facet normal 0 0 -1
    outer loop
      vertex 6.9259466941584895 220.54067924220917 4.010000000000005
      vertex 7.3171838745474815 220.43274848163128 4.010000000000005
      vertex 6.984003633260727 220.34929117560387 4.010000000000005
    endloop
  endfacet
  facet normal 0 0 -1
    outer loop
      vertex 6.9259466941584895 220.54067924220917 4.010000000000005
      vertex 7.278165808540326 220.62890553749196 4.010000000000005
      vertex 7.3171838745474815 220.43274848163128 4.010000000000005
    endloop
  endfacet
  facet normal 0 0 -1
    outer loop
      vertex 7.278165808540326 220.62890553749196 4.010000000000005
      vertex 7.656940005719662 220.4831465408206 4.010000000000005
      vertex 7.3171838745474815 220.43274848163128 4.010000000000005
    endloop
  endfacet
  facet normal 0 0 -1
    outer loop
      vertex 7.278165808540326 220.62890553749196 4.010000000000005
      vertex 7.637336580780626 220.68218348868712 4.010000000000005
      vertex 7.656940005719662 220.4831465408206 4.010000000000005
    endloop
  endfacet
  facet normal 0 0 -1
    outer loop
      vertex 7.637336580780626 220.68218348868712 4.010000000000005
      vertex 8 220.5 4.010000000000005
      vertex 7.656940005719662 220.4831465408206 4.010000000000005
    endloop
  endfacet
  facet normal 0 0 -1
    outer loop
      vertex 7.637336580780626 220.68218348868712 4.010000000000005
      vertex 8 220.7 4.010000000000005
      vertex 8 220.5 4.010000000000005
    endloop
  endfacet
  facet normal 0 0 -1
    outer loop
      vertex 8 220.7 4.010000000000005
      vertex 9.187744171542924 220.5 4.010000000000005
      vertex 8 220.5 4.010000000000005
    endloop
  endfacet
  facet normal 0 0 -1
    outer loop
      vertex 8.362663419219373 220.68218348868712 4.010000000000005
      vertex 8.721834191459674 220.62890553749196 4.010000000000005
      vertex 9.187744171542924 220.5 4.010000000000005
    endloop
  endfacet
  facet normal 0 0 -1
    outer loop
      vertex 8 220.7 4.010000000000005
      vertex 8.362663419219373 220.68218348868712 4.010000000000005
      vertex 9.187744171542924 220.5 4.010000000000005
    endloop
  endfacet
  facet normal 0 0 -1
    outer loop
      vertex 8.721834191459674 220.62890553749196 4.010000000000005
      vertex 9.074053305841511 220.54067924220917 4.010000000000005
      vertex 9.187744171542924 220.5 4.010000000000005
    endloop
  endfacet
  facet normal -0.23895356876842877 -0.6678304860262058 0.7049139195014051
    outer loop
      vertex 9.074053305841511 220.54067924220917 4.010000000000005
      vertex 9.158244134228775 220.5 4
      vertex 9.187744171542924 220.5 4.010000000000005
    endloop
  endfacet
  facet normal 0.5697093699213922 0.42252526541849583 0.7049139195013813
    outer loop
      vertex 6.586501659085673 7.055530603866677 2
      vertex 5.1398613225578735 5.652744848594512 4.010000000000005
      vertex 6.685882229283347 6.921531416921803 2
    endloop
  endfacet
  facet normal 0.6411931542171452 0.3032617764873582 0.7049139195013813
    outer loop
      vertex 6.500733850607796 7.198625547395804 2
      vertex 6.429404794730813 7.349438164979348 2
      vertex 4.736891321911086 6.255832073743809 4.010000000000005
    endloop
  endfacet
  facet normal 0.6083807818211172 0.3646494075189564 0.7049139195013816
    outer loop
      vertex 6.586501659085673 7.055530603866677 2
      vertex 6.500733850607796 7.198625547395804 2
      vertex 4.923562434480583 5.944390137827472 4.010000000000005
    endloop
  endfacet
  facet normal 0.4225252654184957 0.5697093699213921 0.7049139195013815
    outer loop
      vertex 6.921531416921803 6.685882229283347 2
      vertex 5.944390137827472 4.923562434480583 4.010000000000005
      vertex 7.055530603866677 6.586501659085673 2
    endloop
  endfacet
  facet normal 0.36464940751895647 0.6083807818211173 0.7049139195013813
    outer loop
      vertex 7.055530603866677 6.586501659085673 2
      vertex 6.255832073743809 4.736891321911086 4.010000000000005
      vertex 7.198625547395804 6.500733850607796 2
    endloop
  endfacet
  facet normal 0.5255513453545013 0.4763319740362531 0.7049139195013813
    outer loop
      vertex 6.797918471982869 6.797918471982869 2
      vertex 6.685882229283347 6.921531416921803 2
      vertex 5.383704909609774 5.383704909609774 4.010000000000005
    endloop
  endfacet
  facet normal 0.47633197403625305 0.5255513453545013 0.7049139195013815
    outer loop
      vertex 6.797918471982869 6.797918471982869 2
      vertex 5.652744848594512 5.1398613225578735 4.010000000000005
      vertex 6.921531416921803 6.685882229283347 2
    endloop
  endfacet
  facet normal 0.701615839176996 0.10407487837686633 0.7049139195013814
    outer loop
      vertex 6.332665023314508 7.668346452572582 2
      vertex 6.308185964657265 7.833370861439747 2
      vertex 4.371094462508047 7.278165808540326 4.010000000000005
    endloop
  endfacet
  facet normal 0.6678304860262252 0.23895356876844423 0.7049139195013816
    outer loop
      vertex 6.373201429255245 7.5065160486674145 2
      vertex 4.581645729708239 6.5840713002491675 4.010000000000005
      vertex 6.429404794730813 7.349438164979348 2
    endloop
  endfacet
  facet normal 0.6880362451815958 0.17234410755697757 0.7049139195013814
    outer loop
      vertex 6.373201429255245 7.5065160486674145 2
      vertex 6.332665023314508 7.668346452572582 2
      vertex 4.459320757790827 6.9259466941584895 4.010000000000005
    endloop
  endfacet
  facet normal 0.7084384890988902 0.03480335122486944 0.7049139195013815
    outer loop
      vertex 6.308185964657265 7.833370861439747 2
      vertex 6.3 8 2
      vertex 4.3 8 4.010000000000005
    endloop
  endfacet
  facet normal 0.7084384890988902 -0.03480335122486944 0.7049139195013815
    outer loop
      vertex 6.3 8 2
      vertex 6.308185964657265 8.166629138560253 2
      vertex 4.3 8 4.010000000000005
    endloop
  endfacet
  facet normal 0.701615839176996 -0.10407487837686633 0.7049139195013814
    outer loop
      vertex 6.308185964657265 8.166629138560253 2
      vertex 6.332665023314508 8.331653547427418 2
      vertex 4.371094462508047 8.721834191459674 4.010000000000005
    endloop
  endfacet
  facet normal 0.6880362451815957 -0.17234410755697754 0.7049139195013814
    outer loop
      vertex 6.332665023314508 8.331653547427418 2
      vertex 6.373201429255245 8.493483951332585 2
      vertex 4.459320757790827 9.074053305841511 4.010000000000005
    endloop
  endfacet
  facet normal 0.6678304860262259 -0.2389535687684431 0.7049139195013814
    outer loop
      vertex 6.373201429255245 8.493483951332585 2
      vertex 6.429404794730813 8.650561835020653 2
      vertex 4.59083856087751 9.412120904403913 4
    endloop
  endfacet
  facet normal 0.6411931542171451 -0.3032617764873582 0.7049139195013813
    outer loop
      vertex 6.429404794730813 8.650561835020653 2
      vertex 6.500733850607796 8.801374452604197 2
      vertex 4.7456666578747555 9.7394774114619 4
    endloop
  endfacet
  facet normal 0.6083807818211161 -0.3646494075189579 0.7049139195013817
    outer loop
      vertex 6.500733850607796 8.801374452604197 2
      vertex 6.586501659085673 8.944469396133323 2
      vertex 4.931835763956234 10.05008180015243 4
    endloop
  endfacet
  facet normal 0.5697093699213936 -0.42252526541849417 0.7049139195013813
    outer loop
      vertex 6.586501659085673 8.944469396133323 2
      vertex 6.685882229283347 9.078468583078198 2
      vertex 5.147552968859994 10.340942780418782 4
    endloop
  endfacet
  facet normal 0.5255513453544979 -0.4763319740362568 0.7049139195013815
    outer loop
      vertex 6.685882229283347 9.078468583078198 2
      vertex 6.797918471982869 9.20208152801713 2
      vertex 5.390740797979793 10.609259202020207 4
    endloop
  endfacet
  facet normal 0.4763319740362552 -0.5255513453544994 0.7049139195013813
    outer loop
      vertex 6.797918471982869 9.20208152801713 2
      vertex 6.921531416921803 9.314117770716653 2
      vertex 5.659057219581219 10.852447031140006 4
    endloop
  endfacet
  facet normal 0.42252526541849583 -0.5697093699213922 0.7049139195013814
    outer loop
      vertex 6.921531416921803 9.314117770716653 2
      vertex 7.055530603866677 9.413498340914327 2
      vertex 5.949918199847571 11.068164236043765 4
    endloop
  endfacet
  facet normal 0.36464940751895647 -0.6083807818211174 0.7049139195013813
    outer loop
      vertex 7.055530603866677 9.413498340914327 2
      vertex 7.198625547395804 9.499266149392204 2
      vertex 6.2605225885381 11.254333342125244 4
    endloop
  endfacet
  facet normal 0.303261776487358 0.6411931542171448 0.7049139195013815
    outer loop
      vertex 7.198625547395804 6.500733850607796 2
      vertex 6.5840713002491675 4.581645729708239 4.010000000000005
      vertex 7.349438164979348 6.429404794730813 2
    endloop
  endfacet
  facet normal 0.23895356876844429 0.6678304860262253 0.7049139195013814
    outer loop
      vertex 7.5065160486674145 6.373201429255245 2
      vertex 7.349438164979348 6.429404794730813 2
      vertex 6.9259466941584895 4.459320757790827 4.010000000000005
    endloop
  endfacet
  facet normal 0.17234410755697754 0.6880362451815957 0.7049139195013814
    outer loop
      vertex 7.5065160486674145 6.373201429255245 2
      vertex 7.278165808540326 4.371094462508047 4.010000000000005
      vertex 7.668346452572582 6.332665023314508 2
    endloop
  endfacet
  facet normal 0.10407487837686634 0.7016158391769961 0.7049139195013814
    outer loop
      vertex 7.668346452572582 6.332665023314508 2
      vertex 7.637336580780626 4.317816511312872 4.010000000000005
      vertex 7.833370861439747 6.308185964657265 2
    endloop
  endfacet
  facet normal 0.03480335122486944 0.7084384890988902 0.7049139195013815
    outer loop
      vertex 7.833370861439747 6.308185964657265 2
      vertex 8 4.3 4.010000000000005
      vertex 8 6.3 2
    endloop
  endfacet
  facet normal -0.03480335122486944 0.7084384890988902 0.7049139195013815
    outer loop
      vertex 8 6.3 2
      vertex 8 4.3 4.010000000000005
      vertex 8.166629138560253 6.308185964657265 2
    endloop
  endfacet
  facet normal -0.10407487837686635 0.7016158391769962 0.7049139195013814
    outer loop
      vertex 8.166629138560253 6.308185964657265 2
      vertex 8.362663419219373 4.317816511312872 4.010000000000005
      vertex 8.331653547427418 6.332665023314508 2
    endloop
  endfacet
  facet normal -0.17234410755697754 0.6880362451815957 0.7049139195013814
    outer loop
      vertex 8.331653547427418 6.332665023314508 2
      vertex 8.721834191459674 4.371094462508047 4.010000000000005
      vertex 8.493483951332585 6.373201429255245 2
    endloop
  endfacet
  facet normal -0.238953568768443 0.6678304860262256 0.7049139195013814
    outer loop
      vertex 8.493483951332585 6.373201429255245 2
      vertex 9.074053305841511 4.459320757790827 4.010000000000005
      vertex 8.650561835020653 6.429404794730813 2
    endloop
  endfacet
  facet normal -0.3032617764873582 0.6411931542171451 0.7049139195013814
    outer loop
      vertex 8.650561835020653 6.429404794730813 2
      vertex 9.412120904403913 4.59083856087751 4
      vertex 8.801374452604197 6.500733850607796 2
    endloop
  endfacet
  facet normal -0.36464940751895825 0.6083807818211165 0.704913919501381
    outer loop
      vertex 8.801374452604197 6.500733850607796 2
      vertex 9.7394774114619 4.745666657874756 4
      vertex 8.944469396133323 6.586501659085673 2
    endloop
  endfacet
  facet normal -0.42252526541849383 0.5697093699213932 0.7049139195013816
    outer loop
      vertex 8.944469396133323 6.586501659085673 2
      vertex 10.05008180015243 4.931835763956234 4
      vertex 9.078468583078198 6.685882229283347 2
    endloop
  endfacet
  facet normal -0.47633197403625693 0.525551345354498 0.7049139195013813
    outer loop
      vertex 9.078468583078198 6.685882229283347 2
      vertex 10.340942780418782 5.147552968859994 4
      vertex 9.20208152801713 6.797918471982869 2
    endloop
  endfacet
  facet normal -0.5255513453544994 0.47633197403625516 0.7049139195013814
    outer loop
      vertex 9.20208152801713 6.797918471982869 2
      vertex 10.609259202020207 5.390740797979793 4
      vertex 9.314117770716653 6.921531416921803 2
    endloop
  endfacet
  facet normal -0.5697093699213922 0.4225252654184959 0.7049139195013813
    outer loop
      vertex 9.314117770716653 6.921531416921803 2
      vertex 10.852447031140006 5.659057219581219 4
      vertex 9.413498340914327 7.055530603866677 2
    endloop
  endfacet
  facet normal -0.608380781821118 0.3646494075189568 0.7049139195013807
    outer loop
      vertex 9.413498340914327 7.055530603866677 2
      vertex 11.068164236043762 5.949918199847573 4
      vertex 9.499266149392204 7.198625547395804 2
    endloop
  endfacet
  facet normal -0.6411931542171451 0.3032617764873582 0.7049139195013814
    outer loop
      vertex 9.499266149392204 7.198625547395804 2
      vertex 11.254333342125244 6.2605225885381 4
      vertex 9.570595205269187 7.349438164979348 2
    endloop
  endfacet
  facet normal 0.3032617764873582 -0.6411931542171451 0.7049139195013814
    outer loop
      vertex 7.198625547395804 9.499266149392204 2
      vertex 7.349438164979348 9.570595205269187 2
      vertex 6.587879095596086 11.409161439122489 4
    endloop
  endfacet
  facet normal 0.23895356876844429 -0.6678304860262253 0.7049139195013814
    outer loop
      vertex 7.349438164979348 9.570595205269187 2
      vertex 7.5065160486674145 9.626798570744755 2
      vertex 6.9288350989072915 11.531157447823773 4
    endloop
  endfacet
  facet normal 0.17234410755697754 -0.6880362451815957 0.7049139195013815
    outer loop
      vertex 7.5065160486674145 9.626798570744755 2
      vertex 7.668346452572582 9.667334976685492 2
      vertex 7.280107005774318 11.619146479975498 4
    endloop
  endfacet
  facet normal 0.10407487837686245 -0.7016158391769953 0.7049139195013828
    outer loop
      vertex 7.668346452572582 9.667334976685492 2
      vertex 7.833370861439747 9.691814035342734 2
      vertex 7.638311875709278 11.672281153098352 4
    endloop
  endfacet
  facet normal 0.03480335122486944 -0.7084384890988902 0.7049139195013814
    outer loop
      vertex 7.833370861439747 9.691814035342734 2
      vertex 8 9.7 2
      vertex 8 11.690049751243775 4
    endloop
  endfacet
  facet normal -0.03480335122486944 -0.7084384890988902 0.7049139195013814
    outer loop
      vertex 8 9.7 2
      vertex 8.166629138560253 9.691814035342734 2
      vertex 8.36168812429072 11.672281153098345 4
    endloop
  endfacet
  facet normal -0.10407487837686263 -0.7016158391769965 0.7049139195013814
    outer loop
      vertex 8.166629138560253 9.691814035342734 2
      vertex 8.331653547427418 9.667334976685492 2
      vertex 8.719892994225681 11.619146479975498 4
    endloop
  endfacet
  facet normal -0.17234410755697763 -0.688036245181596 0.7049139195013812
    outer loop
      vertex 8.331653547427418 9.667334976685492 2
      vertex 8.493483951332585 9.626798570744755 2
      vertex 9.07116490109271 11.531157447823771 4
    endloop
  endfacet
  facet normal -0.6678304860262251 0.2389535687684442 0.7049139195013817
    outer loop
      vertex 9.570595205269187 7.349438164979348 2
      vertex 11.40916143912249 6.587879095596086 4
      vertex 9.626798570744755 7.5065160486674145 2
    endloop
  endfacet
  facet normal -0.6880362451815957 0.17234410755697757 0.7049139195013814
    outer loop
      vertex 9.626798570744755 7.5065160486674145 2
      vertex 11.531157447823773 6.9288350989072915 4
      vertex 9.667334976685492 7.668346452572582 2
    endloop
  endfacet
  facet normal -0.7016158391769965 0.10407487837686263 0.7049139195013814
    outer loop
      vertex 9.667334976685492 7.668346452572582 2
      vertex 11.619146479975498 7.280107005774318 4
      vertex 9.691814035342734 7.833370861439747 2
    endloop
  endfacet
  facet normal -0.7084384890988902 0.03480335122486944 0.7049139195013814
    outer loop
      vertex 9.691814035342734 7.833370861439747 2
      vertex 11.672281153098345 7.638311875709278 4
      vertex 9.7 8 2
    endloop
  endfacet
  facet normal -0.7084384890988898 -0.034803351224869425 0.7049139195013817
    outer loop
      vertex 9.7 8 2
      vertex 11.690049751243777 8 4
      vertex 9.691814035342734 8.166629138560253 2
    endloop
  endfacet
  facet normal -0.7016158391769965 -0.10407487837686262 0.7049139195013815
    outer loop
      vertex 9.691814035342734 8.166629138560253 2
      vertex 11.672281153098345 8.36168812429072 4
      vertex 9.667334976685492 8.331653547427418 2
    endloop
  endfacet
  facet normal -0.6880362451815957 -0.17234410755697757 0.7049139195013814
    outer loop
      vertex 9.667334976685492 8.331653547427418 2
      vertex 11.619146479975498 8.719892994225681 4
      vertex 9.626798570744755 8.493483951332585 2
    endloop
  endfacet
  facet normal -0.6678304860262256 -0.23895356876844304 0.7049139195013815
    outer loop
      vertex 9.626798570744755 8.493483951332585 2
      vertex 11.531157447823773 9.07116490109271 4
      vertex 9.570595205269187 8.650561835020653 2
    endloop
  endfacet
  facet normal -0.23895356876844304 -0.6678304860262256 0.7049139195013815
    outer loop
      vertex 8.493483951332585 9.626798570744755 2
      vertex 8.650561835020653 9.570595205269187 2
      vertex 9.412120904403913 11.40916143912249 4
    endloop
  endfacet
  facet normal -0.3032617764873582 -0.6411931542171451 0.7049139195013813
    outer loop
      vertex 8.650561835020653 9.570595205269187 2
      vertex 8.801374452604197 9.499266149392204 2
      vertex 9.7394774114619 11.254333342125244 4
    endloop
  endfacet
  facet normal -0.364649407518958 -0.6083807818211162 0.7049139195013816
    outer loop
      vertex 8.801374452604197 9.499266149392204 2
      vertex 8.944469396133323 9.413498340914327 2
      vertex 10.05008180015243 11.068164236043765 4
    endloop
  endfacet
  facet normal -0.42252526541849417 -0.5697093699213936 0.7049139195013813
    outer loop
      vertex 9.078468583078198 9.314117770716653 2
      vertex 10.340942780418782 10.852447031140006 4
      vertex 8.944469396133323 9.413498340914327 2
    endloop
  endfacet
  facet normal -0.4763319740362588 -0.5255513453544959 0.7049139195013817
    outer loop
      vertex 9.078468583078198 9.314117770716653 2
      vertex 9.20208152801713 9.20208152801713 2
      vertex 10.609259202020207 10.609259202020207 4
    endloop
  endfacet
  facet normal -0.6083807818211164 -0.3646494075189582 0.7049139195013813
    outer loop
      vertex 9.499266149392204 8.801374452604197 2
      vertex 11.254333342125244 9.7394774114619 4
      vertex 9.413498340914327 8.944469396133323 2
    endloop
  endfacet
  facet normal -0.5255513453544962 -0.4763319740362591 0.7049139195013812
    outer loop
      vertex 9.314117770716653 9.078468583078198 2
      vertex 10.852447031140006 10.340942780418782 4
      vertex 9.20208152801713 9.20208152801713 2
    endloop
  endfacet
  facet normal -0.5697093699213934 -0.42252526541849394 0.7049139195013816
    outer loop
      vertex 9.314117770716653 9.078468583078198 2
      vertex 9.413498340914327 8.944469396133323 2
      vertex 11.068164236043765 10.05008180015243 4
    endloop
  endfacet
  facet normal -0.6411931542171448 -0.303261776487358 0.7049139195013816
    outer loop
      vertex 9.570595205269187 8.650561835020653 2
      vertex 11.40916143912249 9.412120904403915 4
      vertex 9.499266149392204 8.801374452604197 2
    endloop
  endfacet
  facet normal 0.6411931542171437 0.30326177648736086 0.7049139195013816
    outer loop
      vertex 6.429404794730813 7.349438164979348 2
      vertex 4.581645729708239 6.5840713002491675 4.010000000000005
      vertex 4.736891321911086 6.255832073743809 4.010000000000005
    endloop
  endfacet
  facet normal 0.6678304860262263 0.23895356876844184 0.7049139195013815
    outer loop
      vertex 6.373201429255245 7.5065160486674145 2
      vertex 4.459320757790827 6.9259466941584895 4.010000000000005
      vertex 4.581645729708239 6.5840713002491675 4.010000000000005
    endloop
  endfacet
  facet normal 0.30326177648736086 0.6411931542171438 0.7049139195013815
    outer loop
      vertex 7.198625547395804 6.500733850607796 2
      vertex 6.255832073743809 4.736891321911086 4.010000000000005
      vertex 6.5840713002491675 4.581645729708239 4.010000000000005
    endloop
  endfacet
  facet normal 0.2389535687684417 0.6678304860262262 0.7049139195013816
    outer loop
      vertex 7.349438164979348 6.429404794730813 2
      vertex 6.5840713002491675 4.581645729708239 4.010000000000005
      vertex 6.9259466941584895 4.459320757790827 4.010000000000005
    endloop
  endfacet
  facet normal 0.5255513453545007 0.47633197403625377 0.7049139195013815
    outer loop
      vertex 6.685882229283347 6.921531416921803 2
      vertex 5.1398613225578735 5.652744848594512 4.010000000000005
      vertex 5.383704909609774 5.383704909609774 4.010000000000005
    endloop
  endfacet
  facet normal 0.47633197403625377 0.5255513453545008 0.7049139195013814
    outer loop
      vertex 6.797918471982869 6.797918471982869 2
      vertex 5.383704909609774 5.383704909609774 4.010000000000005
      vertex 5.652744848594512 5.1398613225578735 4.010000000000005
    endloop
  endfacet
  facet normal 0.6083807818211188 0.36464940751895414 0.7049139195013813
    outer loop
      vertex 6.500733850607796 7.198625547395804 2
      vertex 4.736891321911086 6.255832073743809 4.010000000000005
      vertex 4.923562434480583 5.944390137827472 4.010000000000005
    endloop
  endfacet
  facet normal 0.5697093699213911 0.42252526541849705 0.7049139195013815
    outer loop
      vertex 6.586501659085673 7.055530603866677 2
      vertex 4.923562434480583 5.944390137827472 4.010000000000005
      vertex 5.1398613225578735 5.652744848594512 4.010000000000005
    endloop
  endfacet
  facet normal 0.42252526541849716 0.5697093699213911 0.7049139195013815
    outer loop
      vertex 6.921531416921803 6.685882229283347 2
      vertex 5.652744848594512 5.1398613225578735 4.010000000000005
      vertex 5.944390137827472 4.923562434480583 4.010000000000005
    endloop
  endfacet
  facet normal 0.36464940751895425 0.6083807818211187 0.7049139195013813
    outer loop
      vertex 7.055530603866677 6.586501659085673 2
      vertex 5.944390137827472 4.923562434480583 4.010000000000005
      vertex 6.255832073743809 4.736891321911086 4.010000000000005
    endloop
  endfacet
  facet normal 0.6880362451815958 0.17234410755697804 0.7049139195013814
    outer loop
      vertex 6.332665023314508 7.668346452572582 2
      vertex 4.371094462508047 7.278165808540326 4.010000000000005
      vertex 4.459320757790827 6.9259466941584895 4.010000000000005
    endloop
  endfacet
  facet normal 0.7016158391769963 0.10407487837686565 0.7049139195013815
    outer loop
      vertex 6.308185964657265 7.833370861439747 2
      vertex 4.317816511312872 7.637336580780626 4.010000000000005
      vertex 4.371094462508047 7.278165808540326 4.010000000000005
    endloop
  endfacet
  facet normal 0.7084384890988901 0.03480335122486991 0.7049139195013814
    outer loop
      vertex 6.308185964657265 7.833370861439747 2
      vertex 4.3 8 4.010000000000005
      vertex 4.317816511312872 7.637336580780626 4.010000000000005
    endloop
  endfacet
  facet normal 0.7084384890988901 -0.03480335122487034 0.7049139195013814
    outer loop
      vertex 6.308185964657265 8.166629138560253 2
      vertex 4.317816511312872 8.362663419219373 4.010000000000005
      vertex 4.3 8 4.010000000000005
    endloop
  endfacet
  facet normal 0.7016158391769963 -0.10407487837686548 0.7049139195013814
    outer loop
      vertex 6.308185964657265 8.166629138560253 2
      vertex 4.371094462508047 8.721834191459674 4.010000000000005
      vertex 4.317816511312872 8.362663419219373 4.010000000000005
    endloop
  endfacet
  facet normal 0.6880362451815956 -0.17234410755697774 0.7049139195013813
    outer loop
      vertex 6.332665023314508 8.331653547427418 2
      vertex 4.459320757790827 9.074053305841511 4.010000000000005
      vertex 4.371094462508047 8.721834191459674 4.010000000000005
    endloop
  endfacet
  facet normal 0.6678304860262247 -0.23895356876844562 0.7049139195013816
    outer loop
      vertex 6.373201429255245 8.493483951332585 2
      vertex 4.59083856087751 9.412120904403913 4
      vertex 4.5 9.158244134228797 4
    endloop
  endfacet
  facet normal 0.641193154217145 -0.3032617764873588 0.7049139195013813
    outer loop
      vertex 6.429404794730813 8.650561835020653 2
      vertex 4.7456666578747555 9.7394774114619 4
      vertex 4.59083856087751 9.412120904403913 4
    endloop
  endfacet
  facet normal 0.6678304860262276 -0.23895356876843726 0.7049139195013817
    outer loop
      vertex 6.373201429255245 8.493483951332585 2
      vertex 4.5 9.158244134228797 4
      vertex 4.459320757790827 9.074053305841511 4.010000000000005
    endloop
  endfacet
  facet normal 0.6083807818211189 -0.36464940751895364 0.7049139195013814
    outer loop
      vertex 6.500733850607796 8.801374452604197 2
      vertex 4.931835763956234 10.05008180015243 4
      vertex 4.7456666578747555 9.7394774114619 4
    endloop
  endfacet
  facet normal 0.5697093699213907 -0.4225252654184978 0.7049139195013815
    outer loop
      vertex 6.586501659085673 8.944469396133323 2
      vertex 5.147552968859994 10.340942780418782 4
      vertex 4.931835763956234 10.05008180015243 4
    endloop
  endfacet
  facet normal 0.5255513453544995 -0.4763319740362554 0.7049139195013812
    outer loop
      vertex 6.685882229283347 9.078468583078198 2
      vertex 5.390740797979793 10.609259202020207 4
      vertex 5.147552968859994 10.340942780418782 4
    endloop
  endfacet
  facet normal 0.4763319740362543 -0.5255513453545001 0.7049139195013813
    outer loop
      vertex 6.797918471982869 9.20208152801713 2
      vertex 5.659057219581219 10.852447031140006 4
      vertex 5.390740797979793 10.609259202020207 4
    endloop
  endfacet
  facet normal 0.4225252654184968 -0.5697093699213917 0.7049139195013813
    outer loop
      vertex 6.921531416921803 9.314117770716653 2
      vertex 5.949918199847571 11.068164236043765 4
      vertex 5.659057219581219 10.852447031140006 4
    endloop
  endfacet
  facet normal 0.36464940751895575 -0.6083807818211177 0.7049139195013814
    outer loop
      vertex 7.055530603866677 9.413498340914327 2
      vertex 6.2605225885381 11.254333342125244 4
      vertex 5.949918199847571 11.068164236043765 4
    endloop
  endfacet
  facet normal 0.30326177648735797 -0.6411931542171452 0.7049139195013814
    outer loop
      vertex 7.198625547395804 9.499266149392204 2
      vertex 6.587879095596086 11.409161439122489 4
      vertex 6.2605225885381 11.254333342125244 4
    endloop
  endfacet
  facet normal 0.23895356876844484 -0.6678304860262251 0.7049139195013814
    outer loop
      vertex 7.349438164979348 9.570595205269187 2
      vertex 6.9288350989072915 11.531157447823773 4
      vertex 6.587879095596086 11.409161439122489 4
    endloop
  endfacet
  facet normal 0.17234410755697818 0.6880362451815956 0.7049139195013813
    outer loop
      vertex 7.5065160486674145 6.373201429255245 2
      vertex 6.9259466941584895 4.459320757790827 4.010000000000005
      vertex 7.278165808540326 4.371094462508047 4.010000000000005
    endloop
  endfacet
  facet normal 0.10407487837686563 0.7016158391769962 0.7049139195013815
    outer loop
      vertex 7.668346452572582 6.332665023314508 2
      vertex 7.278165808540326 4.371094462508047 4.010000000000005
      vertex 7.637336580780626 4.317816511312872 4.010000000000005
    endloop
  endfacet
  facet normal 0.03480335122486991 0.7084384890988901 0.7049139195013814
    outer loop
      vertex 7.833370861439747 6.308185964657265 2
      vertex 7.637336580780626 4.317816511312872 4.010000000000005
      vertex 8 4.3 4.010000000000005
    endloop
  endfacet
  facet normal -0.03480335122487034 0.7084384890988901 0.7049139195013814
    outer loop
      vertex 8.166629138560253 6.308185964657265 2
      vertex 8 4.3 4.010000000000005
      vertex 8.362663419219373 4.317816511312872 4.010000000000005
    endloop
  endfacet
  facet normal -0.10407487837686548 0.7016158391769962 0.7049139195013815
    outer loop
      vertex 8.331653547427418 6.332665023314508 2
      vertex 8.362663419219373 4.317816511312872 4.010000000000005
      vertex 8.721834191459674 4.371094462508047 4.010000000000005
    endloop
  endfacet
  facet normal -0.17234410755697763 0.6880362451815957 0.7049139195013815
    outer loop
      vertex 8.493483951332585 6.373201429255245 2
      vertex 8.721834191459674 4.371094462508047 4.010000000000005
      vertex 9.074053305841511 4.459320757790827 4.010000000000005
    endloop
  endfacet
  facet normal -0.23895356876844712 0.6678304860262242 0.7049139195013815
    outer loop
      vertex 8.650561835020653 6.429404794730813 2
      vertex 9.158244134228799 4.5 4
      vertex 9.412120904403913 4.59083856087751 4
    endloop
  endfacet
  facet normal -0.2389535687684331 0.6678304860262284 0.7049139195013824
    outer loop
      vertex 8.650561835020653 6.429404794730813 2
      vertex 9.074053305841511 4.459320757790827 4.010000000000005
      vertex 9.158244134228799 4.5 4
    endloop
  endfacet
  facet normal -0.3032617764873602 0.6411931542171443 0.7049139195013812
    outer loop
      vertex 8.801374452604197 6.500733850607796 2
      vertex 9.412120904403913 4.59083856087751 4
      vertex 9.7394774114619 4.745666657874756 4
    endloop
  endfacet
  facet normal -0.3646494075189524 0.6083807818211197 0.7049139195013815
    outer loop
      vertex 8.944469396133323 6.586501659085673 2
      vertex 9.7394774114619 4.745666657874756 4
      vertex 10.05008180015243 4.931835763956234 4
    endloop
  endfacet
  facet normal -0.4225252654184978 0.5697093699213907 0.7049139195013814
    outer loop
      vertex 9.078468583078198 6.685882229283347 2
      vertex 10.05008180015243 4.931835763956234 4
      vertex 10.340942780418782 5.147552968859994 4
    endloop
  endfacet
  facet normal -0.47633197403625516 0.5255513453544993 0.7049139195013816
    outer loop
      vertex 9.20208152801713 6.797918471982869 2
      vertex 10.340942780418782 5.147552968859994 4
      vertex 10.609259202020207 5.390740797979793 4
    endloop
  endfacet
  facet normal -0.5255513453545001 0.4763319740362543 0.7049139195013814
    outer loop
      vertex 9.314117770716653 6.921531416921803 2
      vertex 10.609259202020207 5.390740797979793 4
      vertex 10.852447031140006 5.659057219581219 4
    endloop
  endfacet
  facet normal -0.5697093699213972 0.4225252654184901 0.7049139195013808
    outer loop
      vertex 9.413498340914327 7.055530603866677 2
      vertex 10.852447031140006 5.659057219581219 4
      vertex 11.068164236043762 5.949918199847573 4
    endloop
  endfacet
  facet normal -0.6083807818211135 0.3646494075189633 0.7049139195013812
    outer loop
      vertex 9.499266149392204 7.198625547395804 2
      vertex 11.068164236043762 5.949918199847573 4
      vertex 11.254333342125244 6.2605225885381 4
    endloop
  endfacet
  facet normal -0.6411931542171437 0.3032617764873608 0.7049139195013816
    outer loop
      vertex 9.570595205269187 7.349438164979348 2
      vertex 11.254333342125244 6.2605225885381 4
      vertex 11.40916143912249 6.587879095596086 4
    endloop
  endfacet
  facet normal -0.6678304860262262 0.23895356876844173 0.7049139195013815
    outer loop
      vertex 9.626798570744755 7.5065160486674145 2
      vertex 11.40916143912249 6.587879095596086 4
      vertex 11.531157447823773 6.9288350989072915 4
    endloop
  endfacet
  facet normal -0.4225252654184966 -0.5697093699213914 0.7049139195013815
    outer loop
      vertex 8.944469396133323 9.413498340914327 2
      vertex 10.340942780418782 10.852447031140006 4
      vertex 10.05008180015243 11.068164236043765 4
    endloop
  endfacet
  facet normal -0.47633197403625527 -0.5255513453544994 0.7049139195013813
    outer loop
      vertex 9.078468583078198 9.314117770716653 2
      vertex 10.609259202020207 10.609259202020207 4
      vertex 10.340942780418782 10.852447031140006 4
    endloop
  endfacet
  facet normal -0.5255513453544993 -0.47633197403625516 0.7049139195013816
    outer loop
      vertex 9.20208152801713 9.20208152801713 2
      vertex 10.852447031140006 10.340942780418782 4
      vertex 10.609259202020207 10.609259202020207 4
    endloop
  endfacet
  facet normal -0.5697093699213915 -0.42252526541849666 0.7049139195013813
    outer loop
      vertex 9.314117770716653 9.078468583078198 2
      vertex 11.068164236043765 10.05008180015243 4
      vertex 10.852447031140006 10.340942780418782 4
    endloop
  endfacet
  facet normal 0.17234410755697827 -0.6880362451815956 0.7049139195013815
    outer loop
      vertex 7.5065160486674145 9.626798570744755 2
      vertex 7.280107005774318 11.619146479975498 4
      vertex 6.9288350989072915 11.531157447823773 4
    endloop
  endfacet
  facet normal 0.10407487837687722 -0.7016158391769941 0.7049139195013817
    outer loop
      vertex 7.668346452572582 9.667334976685492 2
      vertex 7.638311875709278 11.672281153098352 4
      vertex 7.280107005774318 11.619146479975498 4
    endloop
  endfacet
  facet normal 0.03480335122485487 -0.7084384890988901 0.7049139195013824
    outer loop
      vertex 7.833370861439747 9.691814035342734 2
      vertex 8 11.690049751243775 4
      vertex 7.638311875709278 11.672281153098352 4
    endloop
  endfacet
  facet normal -0.034803351224868884 -0.7084384890988903 0.7049139195013814
    outer loop
      vertex 8 9.7 2
      vertex 8.36168812429072 11.672281153098345 4
      vertex 8 11.690049751243775 4
    endloop
  endfacet
  facet normal -0.17234410755698074 -0.688036245181595 0.7049139195013813
    outer loop
      vertex 8.331653547427418 9.667334976685492 2
      vertex 9.07116490109271 11.531157447823771 4
      vertex 8.719892994225681 11.619146479975498 4
    endloop
  endfacet
  facet normal -0.10407487837686366 -0.7016158391769965 0.7049139195013816
    outer loop
      vertex 8.166629138560253 9.691814035342734 2
      vertex 8.719892994225681 11.619146479975498 4
      vertex 8.36168812429072 11.672281153098345 4
    endloop
  endfacet
  facet normal -0.23895356876843984 -0.6678304860262272 0.7049139195013814
    outer loop
      vertex 8.493483951332585 9.626798570744755 2
      vertex 9.412120904403913 11.40916143912249 4
      vertex 9.07116490109271 11.531157447823771 4
    endloop
  endfacet
  facet normal -0.30326177648736014 -0.6411931542171441 0.7049139195013814
    outer loop
      vertex 8.650561835020653 9.570595205269187 2
      vertex 9.7394774114619 11.254333342125244 4
      vertex 9.412120904403913 11.40916143912249 4
    endloop
  endfacet
  facet normal -0.364649407518955 -0.6083807818211182 0.7049139195013812
    outer loop
      vertex 8.801374452604197 9.499266149392204 2
      vertex 10.05008180015243 11.068164236043765 4
      vertex 9.7394774114619 11.254333342125244 4
    endloop
  endfacet
  facet normal -0.6880362451815956 0.17234410755697827 0.7049139195013815
    outer loop
      vertex 9.667334976685492 7.668346452572582 2
      vertex 11.531157447823773 6.9288350989072915 4
      vertex 11.619146479975498 7.280107005774318 4
    endloop
  endfacet
  facet normal -0.7016158391769965 0.10407487837686366 0.7049139195013816
    outer loop
      vertex 9.691814035342734 7.833370861439747 2
      vertex 11.619146479975498 7.280107005774318 4
      vertex 11.672281153098345 7.638311875709278 4
    endloop
  endfacet
  facet normal -0.7084384890988898 0.034803351224872256 0.7049139195013817
    outer loop
      vertex 9.7 8 2
      vertex 11.672281153098345 7.638311875709278 4
      vertex 11.690049751243777 8 4
    endloop
  endfacet
  facet normal -0.7016158391769965 -0.10407487837686366 0.7049139195013815
    outer loop
      vertex 9.667334976685492 8.331653547427418 2
      vertex 11.672281153098345 8.36168812429072 4
      vertex 11.619146479975498 8.719892994225681 4
    endloop
  endfacet
  facet normal -0.6880362451815959 -0.1723441075569775 0.7049139195013816
    outer loop
      vertex 9.626798570744755 8.493483951332585 2
      vertex 11.619146479975498 8.719892994225681 4
      vertex 11.531157447823773 9.07116490109271 4
    endloop
  endfacet
  facet normal -0.70843848909889 -0.034803351224872346 0.7049139195013815
    outer loop
      vertex 9.691814035342734 8.166629138560253 2
      vertex 11.690049751243777 8 4
      vertex 11.672281153098345 8.36168812429072 4
    endloop
  endfacet
  facet normal -0.6678304860262262 -0.23895356876844173 0.7049139195013816
    outer loop
      vertex 9.570595205269187 8.650561835020653 2
      vertex 11.531157447823773 9.07116490109271 4
      vertex 11.40916143912249 9.412120904403915 4
    endloop
  endfacet
  facet normal -0.6411931542171435 -0.3032617764873615 0.7049139195013815
    outer loop
      vertex 9.499266149392204 8.801374452604197 2
      vertex 11.40916143912249 9.412120904403915 4
      vertex 11.254333342125244 9.7394774114619 4
    endloop
  endfacet
  facet normal -0.6083807818211182 -0.364649407518955 0.7049139195013814
    outer loop
      vertex 9.413498340914327 8.944469396133323 2
      vertex 11.254333342125244 9.7394774114619 4
      vertex 11.068164236043765 10.05008180015243 4
    endloop
  endfacet
  facet normal 0 0 -1
    outer loop
      vertex 5.1398613225578735 5.652744848594512 4.010000000000005
      vertex 5.294463410973549 5.779623508453369 4.010000000000005
      vertex 5.383704909609774 5.383704909609774 4.010000000000005
    endloop
  endfacet
  facet normal 0 0 -1
    outer loop
      vertex 4.923562434480583 5.944390137827472 4.010000000000005
      vertex 5.08985635638237 6.055504187941551 4.010000000000005
      vertex 5.1398613225578735 5.652744848594512 4.010000000000005
    endloop
  endfacet
  facet normal 0 0 -1
    outer loop
      vertex 4.923562434480583 5.944390137827472 4.010000000000005
      vertex 4.9132755771279335 6.3501114174723625 4.010000000000005
      vertex 5.08985635638237 6.055504187941551 4.010000000000005
    endloop
  endfacet
  facet normal 0 0 -1
    outer loop
      vertex 5.1398613225578735 5.652744848594512 4.010000000000005
      vertex 5.08985635638237 6.055504187941551 4.010000000000005
      vertex 5.294463410973549 5.779623508453369 4.010000000000005
    endloop
  endfacet
  facet normal 0 0 -1
    outer loop
      vertex 4.923562434480583 5.944390137827472 4.010000000000005
      vertex 4.736891321911086 6.255832073743809 4.010000000000005
      vertex 4.766421638429165 6.660607986152172 4.010000000000005
    endloop
  endfacet
  facet normal 0 0 -1
    outer loop
      vertex 4.581645729708239 6.5840713002491675 4.010000000000005
      vertex 4.567251518368721 7.3171838745474815 4.010000000000005
      vertex 4.650708824396133 6.984003633260727 4.010000000000005
    endloop
  endfacet
  facet normal 0 0 -1
    outer loop
      vertex 4.581645729708239 6.5840713002491675 4.010000000000005
      vertex 4.650708824396133 6.984003633260727 4.010000000000005
      vertex 4.736891321911086 6.255832073743809 4.010000000000005
    endloop
  endfacet
  facet normal 0 0 -1
    outer loop
      vertex 4.736891321911086 6.255832073743809 4.010000000000005
      vertex 4.650708824396133 6.984003633260727 4.010000000000005
      vertex 4.766421638429165 6.660607986152172 4.010000000000005
    endloop
  endfacet
  facet normal 0 0 -1
    outer loop
      vertex 4.923562434480583 5.944390137827472 4.010000000000005
      vertex 4.766421638429165 6.660607986152172 4.010000000000005
      vertex 4.9132755771279335 6.3501114174723625 4.010000000000005
    endloop
  endfacet
  facet normal 0 0 -1
    outer loop
      vertex 5.652744848594512 5.1398613225578735 4.010000000000005
      vertex 5.779623508453369 5.294463410973549 4.010000000000005
      vertex 5.944390137827472 4.923562434480583 4.010000000000005
    endloop
  endfacet
  facet normal 0 0 -1
    outer loop
      vertex 5.944390137827472 4.923562434480583 4.010000000000005
      vertex 5.779623508453369 5.294463410973549 4.010000000000005
      vertex 6.055504187941551 5.08985635638237 4.010000000000005
    endloop
  endfacet
  facet normal 0 0 -1
    outer loop
      vertex 5.944390137827472 4.923562434480583 4.010000000000005
      vertex 6.055504187941551 5.08985635638237 4.010000000000005
      vertex 6.255832073743809 4.736891321911086 4.010000000000005
    endloop
  endfacet
  facet normal 0 0 -1
    outer loop
      vertex 6.5840713002491675 4.581645729708239 4.010000000000005
      vertex 6.3501114174723625 4.9132755771279335 4.010000000000005
      vertex 6.660607986152172 4.766421638429165 4.010000000000005
    endloop
  endfacet
  facet normal 0 0 -1
    outer loop
      vertex 6.255832073743809 4.736891321911086 4.010000000000005
      vertex 6.3501114174723625 4.9132755771279335 4.010000000000005
      vertex 6.5840713002491675 4.581645729708239 4.010000000000005
    endloop
  endfacet
  facet normal 0 0 -1
    outer loop
      vertex 6.255832073743809 4.736891321911086 4.010000000000005
      vertex 6.055504187941551 5.08985635638237 4.010000000000005
      vertex 6.3501114174723625 4.9132755771279335 4.010000000000005
    endloop
  endfacet
  facet normal 0 0 -1
    outer loop
      vertex 6.5840713002491675 4.581645729708239 4.010000000000005
      vertex 6.660607986152172 4.766421638429165 4.010000000000005
      vertex 6.9259466941584895 4.459320757790827 4.010000000000005
    endloop
  endfacet
  facet normal 0 0 -1
    outer loop
      vertex 6.9259466941584895 4.459320757790827 4.010000000000005
      vertex 6.660607986152172 4.766421638429165 4.010000000000005
      vertex 6.984003633260727 4.650708824396133 4.010000000000005
    endloop
  endfacet
  facet normal 0 0 -1
    outer loop
      vertex 5.383704909609774 5.383704909609774 4.010000000000005
      vertex 5.294463410973549 5.779623508453369 4.010000000000005
      vertex 5.52512626349926 5.52512626349926 4.010000000000005
    endloop
  endfacet
  facet normal 0 0 -1
    outer loop
      vertex 5.652744848594512 5.1398613225578735 4.010000000000005
      vertex 5.383704909609774 5.383704909609774 4.010000000000005
      vertex 5.52512626349926 5.52512626349926 4.010000000000005
    endloop
  endfacet
  facet normal 0 0 -1
    outer loop
      vertex 5.652744848594512 5.1398613225578735 4.010000000000005
      vertex 5.52512626349926 5.52512626349926 4.010000000000005
      vertex 5.779623508453369 5.294463410973549 4.010000000000005
    endloop
  endfacet
  facet normal 0 0 -1
    outer loop
      vertex 4.371094462508047 7.278165808540326 4.010000000000005
      vertex 4.317816511312872 7.637336580780626 4.010000000000005
      vertex 4.317816511312872 8.362663419219373 4.010000000000005
    endloop
  endfacet
  facet normal 0 0 -1
    outer loop
      vertex 4.317816511312872 7.637336580780626 4.010000000000005
      vertex 4.3 8 4.010000000000005
      vertex 4.317816511312872 8.362663419219373 4.010000000000005
    endloop
  endfacet
  facet normal 0 0 -1
    outer loop
      vertex 4.371094462508047 7.278165808540326 4.010000000000005
      vertex 4.317816511312872 8.362663419219373 4.010000000000005
      vertex 4.371094462508047 8.721834191459674 4.010000000000005
    endloop
  endfacet
  facet normal 0 0 -1
    outer loop
      vertex 4.581645729708239 6.5840713002491675 4.010000000000005
      vertex 4.459320757790827 6.9259466941584895 4.010000000000005
      vertex 4.516853459179401 7.656940005719662 4.010000000000005
    endloop
  endfacet
  facet normal 0 0 -1
    outer loop
      vertex 4.581645729708239 6.5840713002491675 4.010000000000005
      vertex 4.516853459179401 7.656940005719662 4.010000000000005
      vertex 4.567251518368721 7.3171838745474815 4.010000000000005
    endloop
  endfacet
  facet normal 0 0 -1
    outer loop
      vertex 4.459320757790827 6.9259466941584895 4.010000000000005
      vertex 4.5 8 4.010000000000005
      vertex 4.516853459179401 7.656940005719662 4.010000000000005
    endloop
  endfacet
  facet normal 0 0 -1
    outer loop
      vertex 4.459320757790827 6.9259466941584895 4.010000000000005
      vertex 4.371094462508047 7.278165808540326 4.010000000000005
      vertex 4.371094462508047 8.721834191459674 4.010000000000005
    endloop
  endfacet
  facet normal 0 0 -1
    outer loop
      vertex 4.459320757790827 6.9259466941584895 4.010000000000005
      vertex 4.5 9.187744171542942 4.010000000000005
      vertex 4.5 8 4.010000000000005
    endloop
  endfacet
  facet normal 0 0 -1
    outer loop
      vertex 4.459320757790827 6.9259466941584895 4.010000000000005
      vertex 4.371094462508047 8.721834191459674 4.010000000000005
      vertex 4.459320757790827 9.074053305841511 4.010000000000005
    endloop
  endfacet
  facet normal 0 0 -1
    outer loop
      vertex 4.459320757790827 6.9259466941584895 4.010000000000005
      vertex 4.459320757790827 9.074053305841511 4.010000000000005
      vertex 4.5 9.187744171542942 4.010000000000005
    endloop
  endfacet
  facet normal 0.667830486026239 -0.23895356876844506 0.7049139195013682
    outer loop
      vertex 4.459320757790827 9.074053305841511 4.010000000000005
      vertex 4.5 9.158244134228797 4
      vertex 4.5 9.187744171542942 4.010000000000005
    endloop
  endfacet
  facet normal 0 0 -1
    outer loop
      vertex 7.637336580780626 4.317816511312872 4.010000000000005
      vertex 7.656940005719662 4.516853459179401 4.010000000000005
      vertex 8 4.3 4.010000000000005
    endloop
  endfacet
  facet normal 0 0 -1
    outer loop
      vertex 6.9259466941584895 4.459320757790827 4.010000000000005
      vertex 6.984003633260727 4.650708824396133 4.010000000000005
      vertex 7.278165808540326 4.371094462508047 4.010000000000005
    endloop
  endfacet
  facet normal 0 0 -1
    outer loop
      vertex 7.278165808540326 4.371094462508047 4.010000000000005
      vertex 6.984003633260727 4.650708824396133 4.010000000000005
      vertex 7.3171838745474815 4.567251518368721 4.010000000000005
    endloop
  endfacet
  facet normal 0 0 -1
    outer loop
      vertex 7.278165808540326 4.371094462508047 4.010000000000005
      vertex 7.3171838745474815 4.567251518368721 4.010000000000005
      vertex 7.637336580780626 4.317816511312872 4.010000000000005
    endloop
  endfacet
  facet normal 0 0 -1
    outer loop
      vertex 7.637336580780626 4.317816511312872 4.010000000000005
      vertex 7.3171838745474815 4.567251518368721 4.010000000000005
      vertex 7.656940005719662 4.516853459179401 4.010000000000005
    endloop
  endfacet
  facet normal 0 0 -1
    outer loop
      vertex 8 4.3 4.010000000000005
      vertex 7.656940005719662 4.516853459179401 4.010000000000005
      vertex 8 4.5 4.010000000000005
    endloop
  endfacet
  facet normal 0 0 -1
    outer loop
      vertex 8 4.3 4.010000000000005
      vertex 8 4.5 4.010000000000005
      vertex 8.362663419219373 4.317816511312872 4.010000000000005
    endloop
  endfacet
  facet normal 0 0 -1
    outer loop
      vertex 8.362663419219373 4.317816511312872 4.010000000000005
      vertex 8 4.5 4.010000000000005
      vertex 8.721834191459674 4.371094462508047 4.010000000000005
    endloop
  endfacet
  facet normal 0 0 -1
    outer loop
      vertex 8.721834191459674 4.371094462508047 4.010000000000005
      vertex 8 4.5 4.010000000000005
      vertex 9.074053305841511 4.459320757790827 4.010000000000005
    endloop
  endfacet
  facet normal 0 0 -1
    outer loop
      vertex 9.074053305841511 4.459320757790827 4.010000000000005
      vertex 8 4.5 4.010000000000005
      vertex 9.187744171542942 4.5 4.010000000000005
    endloop
  endfacet
  facet normal -0.23895356876845222 0.6678304860262589 0.7049139195013467
    outer loop
      vertex 9.074053305841511 4.459320757790827 4.010000000000005
      vertex 9.187744171542942 4.5 4.010000000000005
      vertex 9.158244134228799 4.5 4
    endloop
  endfacet
  facet normal 0.5255513453544784 0.4763319740362739 0.7049139195013844
    outer loop
      vertex 215.79791847198288 6.797918471982869 2
      vertex 215.68588222928335 6.921531416921803 2
      vertex 214.14755296885997 5.659057219581219 4
    endloop
  endfacet
  facet normal 0.5697093699214043 0.4225252654184746 0.7049139195013843
    outer loop
      vertex 215.58650165908568 7.055530603866677 2
      vertex 213.93183576395623 5.949918199847571 4
      vertex 215.68588222928335 6.921531416921803 2
    endloop
  endfacet
  facet normal 0.6083807818210827 0.36464940751901875 0.704913919501379
    outer loop
      vertex 215.58650165908568 7.055530603866677 2
      vertex 215.5007338506078 7.198625547395804 2
      vertex 213.74566665787475 6.2605225885381 4
    endloop
  endfacet
  facet normal 0.42252526541846336 0.5697093699214201 0.7049139195013784
    outer loop
      vertex 215.9215314169218 6.685882229283347 2
      vertex 214.65905721958123 5.147552968859994 4
      vertex 216.05553060386669 6.586501659085673 2
    endloop
  endfacet
  facet normal 0.3646494075189669 0.6083807818211083 0.7049139195013837
    outer loop
      vertex 216.05553060386669 6.586501659085673 2
      vertex 214.94991819984756 4.931835763956234 4
      vertex 216.1986255473958 6.500733850607796 2
    endloop
  endfacet
  facet normal 0.3032617764873646 0.6411931542171435 0.70491391950138
    outer loop
      vertex 216.1986255473958 6.500733850607796 2
      vertex 215.26052258853812 4.7456666578747555 4
      vertex 216.34943816497935 6.429404794730813 2
    endloop
  endfacet
  facet normal 0.4763319740362958 0.5255513453544578 0.7049139195013852
    outer loop
      vertex 215.79791847198288 6.797918471982869 2
      vertex 214.3907407979798 5.3907407979797926 4
      vertex 215.9215314169218 6.685882229283347 2
    endloop
  endfacet
  facet normal 0.17234410755695967 0.6880362451815998 0.7049139195013818
    outer loop
      vertex 216.5065160486674 6.373201429255245 2
      vertex 216.27816580854034 4.371094462508047 4.010000000000005
      vertex 216.6683464525726 6.332665023314508 2
    endloop
  endfacet
  facet normal 0.23895356876845275 0.6678304860262226 0.704913919501381
    outer loop
      vertex 216.34943816497935 6.429404794730813 2
      vertex 215.92594669415848 4.459320757790827 4.010000000000005
      vertex 216.5065160486674 6.373201429255245 2
    endloop
  endfacet
  facet normal 0.10407487837686405 0.7016158391769958 0.7049139195013822
    outer loop
      vertex 216.6683464525726 6.332665023314508 2
      vertex 216.6373365807806 4.317816511312872 4.010000000000005
      vertex 216.83337086143976 6.308185964657265 2
    endloop
  endfacet
  facet normal 0.0348033512248724 0.7084384890988901 0.7049139195013814
    outer loop
      vertex 216.83337086143976 6.308185964657265 2
      vertex 217 4.3 4.010000000000005
      vertex 217 6.3 2
    endloop
  endfacet
  facet normal -0.0348033512248724 0.7084384890988901 0.7049139195013814
    outer loop
      vertex 217 6.3 2
      vertex 217 4.3 4.010000000000005
      vertex 217.16662913856024 6.308185964657265 2
    endloop
  endfacet
  facet normal -0.10407487837686405 0.7016158391769958 0.7049139195013822
    outer loop
      vertex 217.16662913856024 6.308185964657265 2
      vertex 217.3626634192194 4.317816511312872 4.010000000000005
      vertex 217.3316535474274 6.332665023314508 2
    endloop
  endfacet
  facet normal -0.17234410755695964 0.6880362451815997 0.7049139195013819
    outer loop
      vertex 217.3316535474274 6.332665023314508 2
      vertex 217.72183419145966 4.371094462508047 4.010000000000005
      vertex 217.4934839513326 6.373201429255245 2
    endloop
  endfacet
  facet normal -0.23895356876845275 0.6678304860262226 0.704913919501381
    outer loop
      vertex 217.4934839513326 6.373201429255245 2
      vertex 218.07405330584152 4.459320757790827 4.010000000000005
      vertex 217.65056183502065 6.429404794730813 2
    endloop
  endfacet
  facet normal -0.3032617764873643 0.641193154217143 0.7049139195013807
    outer loop
      vertex 217.65056183502065 6.429404794730813 2
      vertex 218.4121209044039 4.59083856087751 4
      vertex 217.8013744526042 6.500733850607796 2
    endloop
  endfacet
  facet normal 0.6411931542171398 0.3032617764873708 0.7049139195013807
    outer loop
      vertex 215.5007338506078 7.198625547395804 2
      vertex 215.4294047947308 7.349438164979348 2
      vertex 213.5908385608775 6.587879095596086 4
    endloop
  endfacet
  facet normal 0.6678304860262273 0.23895356876844498 0.7049139195013793
    outer loop
      vertex 215.37320142925523 7.5065160486674145 2
      vertex 213.46884255217623 6.9288350989072915 4
      vertex 215.4294047947308 7.349438164979348 2
    endloop
  endfacet
  facet normal 0.7016158391769932 0.10407487837689235 0.7049139195013805
    outer loop
      vertex 215.33266502331452 7.668346452572582 2
      vertex 215.30818596465727 7.833370861439747 2
      vertex 213.32771884690166 7.638311875709278 4
    endloop
  endfacet
  facet normal 0.6880362451816123 0.17234410755688354 0.7049139195013882
    outer loop
      vertex 215.37320142925523 7.5065160486674145 2
      vertex 215.33266502331452 7.668346452572582 2
      vertex 213.3808535200245 7.280107005774318 4
    endloop
  endfacet
  facet normal 0.7084384890988888 0.034803351224839164 0.7049139195013843
    outer loop
      vertex 215.30818596465727 7.833370861439747 2
      vertex 215.3 8 2
      vertex 213.30995024875622 8 4
    endloop
  endfacet
  facet normal 0.7084384890988927 -0.03480335122483935 0.7049139195013803
    outer loop
      vertex 215.3 8 2
      vertex 215.30818596465727 8.166629138560253 2
      vertex 213.32771884690166 8.36168812429072 4
    endloop
  endfacet
  facet normal 0.7016158391769872 -0.10407487837689146 0.7049139195013866
    outer loop
      vertex 215.30818596465727 8.166629138560253 2
      vertex 215.33266502331452 8.331653547427418 2
      vertex 213.3808535200245 8.719892994225681 4
    endloop
  endfacet
  facet normal 0.6880362451816232 -0.17234410755688626 0.7049139195013769
    outer loop
      vertex 215.33266502331452 8.331653547427418 2
      vertex 215.37320142925523 8.493483951332585 2
      vertex 213.46884255217623 9.07116490109271 4
    endloop
  endfacet
  facet normal 0.6678304860262262 -0.23895356876844323 0.7049139195013809
    outer loop
      vertex 215.37320142925523 8.493483951332585 2
      vertex 215.4294047947308 8.650561835020653 2
      vertex 213.5908385608775 9.412120904403913 4
    endloop
  endfacet
  facet normal 0.6411931542171395 -0.3032617764873706 0.704913919501381
    outer loop
      vertex 215.4294047947308 8.650561835020653 2
      vertex 215.5007338506078 8.801374452604197 2
      vertex 213.74566665787475 9.7394774114619 4
    endloop
  endfacet
  facet normal 0.608380781821076 -0.36464940751901703 0.7049139195013857
    outer loop
      vertex 215.5007338506078 8.801374452604197 2
      vertex 215.58650165908568 8.944469396133323 2
      vertex 213.93183576395623 10.05008180015243 4
    endloop
  endfacet
  facet normal 0.5697093699214085 -0.422525265418475 0.7049139195013807
    outer loop
      vertex 215.58650165908568 8.944469396133323 2
      vertex 215.68588222928335 9.078468583078198 2
      vertex 214.14755296886 10.340942780418782 4
    endloop
  endfacet
  facet normal 0.5255513453544748 -0.4763319740362775 0.7049139195013847
    outer loop
      vertex 215.68588222928335 9.078468583078198 2
      vertex 215.79791847198288 9.20208152801713 2
      vertex 214.3907407979798 10.609259202020207 4
    endloop
  endfacet
  facet normal 0.4763319740363028 -0.5255513453544612 0.7049139195013777
    outer loop
      vertex 215.79791847198288 9.20208152801713 2
      vertex 215.9215314169218 9.314117770716653 2
      vertex 214.65905721958123 10.852447031140006 4
    endloop
  endfacet
  facet normal 0.4225252654184596 -0.5697093699214151 0.7049139195013847
    outer loop
      vertex 215.9215314169218 9.314117770716653 2
      vertex 216.05553060386669 9.413498340914327 2
      vertex 214.94991819984756 11.068164236043765 4
    endloop
  endfacet
  facet normal 0.36464940751896796 -0.6083807818211101 0.7049139195013818
    outer loop
      vertex 216.05553060386669 9.413498340914327 2
      vertex 216.1986255473958 9.499266149392204 2
      vertex 215.2605225885381 11.254333342125244 4
    endloop
  endfacet
  facet normal 0.30326177648736424 -0.6411931542171428 0.7049139195013808
    outer loop
      vertex 216.1986255473958 9.499266149392204 2
      vertex 216.34943816497935 9.570595205269187 2
      vertex 215.5878790955961 11.40916143912249 4
    endloop
  endfacet
  facet normal 0.23895356876845278 -0.6678304860262226 0.7049139195013812
    outer loop
      vertex 216.34943816497935 9.570595205269187 2
      vertex 216.5065160486674 9.626798570744755 2
      vertex 215.92883509890729 11.531157447823773 4
    endloop
  endfacet
  facet normal 0.17234410755695975 -0.6880362451816002 0.7049139195013815
    outer loop
      vertex 216.5065160486674 9.626798570744755 2
      vertex 216.6683464525726 9.667334976685492 2
      vertex 216.28010700577434 11.619146479975498 4
    endloop
  endfacet
  facet normal 0.10407487837686018 -0.7016158391769951 0.7049139195013833
    outer loop
      vertex 216.6683464525726 9.667334976685492 2
      vertex 216.83337086143976 9.691814035342734 2
      vertex 216.63831187570926 11.67228115309835 4
    endloop
  endfacet
  facet normal 0.03480335122487241 -0.7084384890988902 0.7049139195013813
    outer loop
      vertex 216.83337086143976 9.691814035342734 2
      vertex 217 9.7 2
      vertex 217 11.690049751243775 4
    endloop
  endfacet
  facet normal -0.03480335122487239 -0.7084384890988897 0.7049139195013817
    outer loop
      vertex 217 9.7 2
      vertex 217.16662913856024 9.691814035342734 2
      vertex 217.36168812429074 11.672281153098345 4
    endloop
  endfacet
  facet normal -0.1040748783768605 -0.7016158391769973 0.704913919501381
    outer loop
      vertex 217.16662913856024 9.691814035342734 2
      vertex 217.3316535474274 9.667334976685492 2
      vertex 217.71989299422566 11.619146479975498 4
    endloop
  endfacet
  facet normal -0.17234410755695986 -0.6880362451816006 0.7049139195013809
    outer loop
      vertex 217.3316535474274 9.667334976685492 2
      vertex 217.4934839513326 9.626798570744755 2
      vertex 218.07116490109271 11.531157447823773 4
    endloop
  endfacet
  facet normal -0.23895356876845267 -0.6678304860262224 0.7049139195013814
    outer loop
      vertex 217.4934839513326 9.626798570744755 2
      vertex 217.65056183502065 9.570595205269187 2
      vertex 218.4121209044039 11.40916143912249 4
    endloop
  endfacet
  facet normal -0.36464940751896924 0.6083807818211122 0.7049139195013792
    outer loop
      vertex 217.8013744526042 6.500733850607796 2
      vertex 218.73947741146188 4.7456666578747555 4
      vertex 217.94446939613331 6.586501659085673 2
    endloop
  endfacet
  facet normal -0.42252526541845953 0.569709369921415 0.7049139195013848
    outer loop
      vertex 217.94446939613331 6.586501659085673 2
      vertex 219.05008180015244 4.931835763956234 4
      vertex 218.0784685830782 6.685882229283347 2
    endloop
  endfacet
  facet normal -0.4763319740363006 0.5255513453544631 0.7049139195013777
    outer loop
      vertex 218.0784685830782 6.685882229283347 2
      vertex 219.34094278041877 5.147552968859994 4
      vertex 218.20208152801712 6.797918471982869 2
    endloop
  endfacet
  facet normal -0.5255513453544783 0.4763319740362738 0.7049139195013846
    outer loop
      vertex 218.20208152801712 6.797918471982869 2
      vertex 219.6092592020202 5.3907407979797926 4
      vertex 218.31411777071665 6.921531416921803 2
    endloop
  endfacet
  facet normal -0.5697093699214039 0.4225252654184743 0.7049139195013849
    outer loop
      vertex 218.31411777071665 6.921531416921803 2
      vertex 219.85244703114003 5.659057219581218 4
      vertex 218.41349834091432 7.055530603866677 2
    endloop
  endfacet
  facet normal -0.6083807818210771 0.3646494075190154 0.7049139195013856
    outer loop
      vertex 218.41349834091432 7.055530603866677 2
      vertex 220.06816423604377 5.949918199847571 4
      vertex 218.4992661493922 7.198625547395804 2
    endloop
  endfacet
  facet normal -0.6411931542171394 0.30326177648737057 0.704913919501381
    outer loop
      vertex 218.4992661493922 7.198625547395804 2
      vertex 220.25433334212525 6.2605225885381 4
      vertex 218.5705952052692 7.349438164979348 2
    endloop
  endfacet
  facet normal -0.6678304860262256 0.2389535687684444 0.7049139195013812
    outer loop
      vertex 218.5705952052692 7.349438164979348 2
      vertex 220.4091614391225 6.587879095596086 4
      vertex 218.62679857074477 7.5065160486674145 2
    endloop
  endfacet
  facet normal -0.6880362451816244 0.17234410755688656 0.7049139195013757
    outer loop
      vertex 218.62679857074477 7.5065160486674145 2
      vertex 220.54067924220917 6.9259466941584895 4.010000000000005
      vertex 218.66733497668548 7.668346452572582 2
    endloop
  endfacet
  facet normal -0.7016158391769886 0.10407487837689165 0.7049139195013852
    outer loop
      vertex 218.66733497668548 7.668346452572582 2
      vertex 220.62890553749196 7.278165808540326 4.010000000000005
      vertex 218.69181403534273 7.833370861439747 2
    endloop
  endfacet
  facet normal -0.6678304860262289 -0.23895356876844417 0.7049139195013782
    outer loop
      vertex 218.62679857074477 8.493483951332585 2
      vertex 220.5 9.158244134228775 4
      vertex 218.5705952052692 8.650561835020653 2
    endloop
  endfacet
  facet normal -0.6880362451816244 -0.17234410755688656 0.7049139195013757
    outer loop
      vertex 218.66733497668548 8.331653547427418 2
      vertex 220.54067924220917 9.074053305841511 4.010000000000005
      vertex 218.62679857074477 8.493483951332585 2
    endloop
  endfacet
  facet normal -0.7084384890988908 0.03480335122483927 0.7049139195013822
    outer loop
      vertex 218.69181403534273 7.833370861439747 2
      vertex 220.7 8 4.010000000000005
      vertex 218.7 8 2
    endloop
  endfacet
  facet normal -0.7084384890988908 -0.03480335122483927 0.7049139195013822
    outer loop
      vertex 218.7 8 2
      vertex 220.7 8 4.010000000000005
      vertex 218.69181403534273 8.166629138560253 2
    endloop
  endfacet
  facet normal -0.7016158391769886 -0.10407487837689165 0.7049139195013852
    outer loop
      vertex 218.69181403534273 8.166629138560253 2
      vertex 220.62890553749196 8.721834191459674 4.010000000000005
      vertex 218.66733497668548 8.331653547427418 2
    endloop
  endfacet
  facet normal -0.525551345354478 -0.4763319740362803 0.7049139195013805
    outer loop
      vertex 218.31411777071665 9.078468583078198 2
      vertex 219.85244703114 10.340942780418782 4
      vertex 218.20208152801712 9.20208152801713 2
    endloop
  endfacet
  facet normal -0.36464940751896696 -0.6083807818211084 0.7049139195013837
    outer loop
      vertex 217.8013744526042 9.499266149392204 2
      vertex 217.94446939613331 9.413498340914327 2
      vertex 219.05008180015244 11.068164236043765 4
    endloop
  endfacet
  facet normal -0.3032617764873637 -0.6411931542171416 0.7049139195013822
    outer loop
      vertex 217.65056183502065 9.570595205269187 2
      vertex 217.8013744526042 9.499266149392204 2
      vertex 218.7394774114619 11.254333342125244 4
    endloop
  endfacet
  facet normal -0.42252526541846336 -0.5697093699214201 0.7049139195013784
    outer loop
      vertex 218.0784685830782 9.314117770716653 2
      vertex 219.34094278041877 10.852447031140006 4
      vertex 217.94446939613331 9.413498340914327 2
    endloop
  endfacet
  facet normal -0.47633197403629773 -0.5255513453544558 0.7049139195013852
    outer loop
      vertex 218.0784685830782 9.314117770716653 2
      vertex 218.20208152801712 9.20208152801713 2
      vertex 219.6092592020202 10.609259202020207 4
    endloop
  endfacet
  facet normal -0.6083807818210818 -0.3646494075190205 0.7049139195013789
    outer loop
      vertex 218.4992661493922 8.801374452604197 2
      vertex 220.25433334212525 9.7394774114619 4
      vertex 218.41349834091432 8.944469396133323 2
    endloop
  endfacet
  facet normal -0.64119315421714 -0.30326177648737085 0.7049139195013806
    outer loop
      vertex 218.5705952052692 8.650561835020653 2
      vertex 220.4091614391225 9.412120904403913 4
      vertex 218.4992661493922 8.801374452604197 2
    endloop
  endfacet
  facet normal -0.5697093699214055 -0.42252526541847274 0.7049139195013845
    outer loop
      vertex 218.41349834091432 8.944469396133323 2
      vertex 220.06816423604377 10.05008180015243 4
      vertex 218.31411777071665 9.078468583078198 2
    endloop
  endfacet
  facet normal 0.6083807818211155 0.36464940751895447 0.7049139195013837
    outer loop
      vertex 215.58650165908568 7.055530603866677 2
      vertex 213.74566665787475 6.2605225885381 4
      vertex 213.93183576395623 5.949918199847571 4
    endloop
  endfacet
  facet normal 0.6678304860262325 0.2389535687684266 0.7049139195013806
    outer loop
      vertex 215.4294047947308 7.349438164979348 2
      vertex 213.46884255217623 6.9288350989072915 4
      vertex 213.5908385608775 6.587879095596086 4
    endloop
  endfacet
  facet normal 0.6411931542171414 0.30326177648736663 0.704913919501381
    outer loop
      vertex 215.5007338506078 7.198625547395804 2
      vertex 213.5908385608775 6.587879095596086 4
      vertex 213.74566665787475 6.2605225885381 4
    endloop
  endfacet
  facet normal 0.30326177648737124 0.64119315421714 0.7049139195013805
    outer loop
      vertex 216.34943816497935 6.429404794730813 2
      vertex 215.26052258853812 4.7456666578747555 4
      vertex 215.5878790955961 4.59083856087751 4
    endloop
  endfacet
  facet normal 0.2389535687684502 0.6678304860262235 0.7049139195013812
    outer loop
      vertex 216.34943816497935 6.429404794730813 2
      vertex 215.5878790955961 4.59083856087751 4
      vertex 215.8417558657712 4.5 4
    endloop
  endfacet
  facet normal 0.23895356876845536 0.667830486026222 0.7049139195013807
    outer loop
      vertex 216.34943816497935 6.429404794730813 2
      vertex 215.8417558657712 4.5 4
      vertex 215.92594669415848 4.459320757790827 4.010000000000005
    endloop
  endfacet
  facet normal 0.5255513453544796 0.4763319740362724 0.7049139195013844
    outer loop
      vertex 215.79791847198288 6.797918471982869 2
      vertex 214.14755296885997 5.659057219581219 4
      vertex 214.3907407979798 5.3907407979797926 4
    endloop
  endfacet
  facet normal 0.4225252654185168 0.5697093699213746 0.704913919501383
    outer loop
      vertex 216.05553060386669 6.586501659085673 2
      vertex 214.65905721958123 5.147552968859994 4
      vertex 214.94991819984756 4.931835763956234 4
    endloop
  endfacet
  facet normal 0.4763319740362398 0.5255513453545155 0.7049139195013797
    outer loop
      vertex 215.9215314169218 6.685882229283347 2
      vertex 214.3907407979798 5.3907407979797926 4
      vertex 214.65905721958123 5.147552968859994 4
    endloop
  endfacet
  facet normal 0.5697093699214072 0.4225252654184701 0.7049139195013847
    outer loop
      vertex 215.68588222928335 6.921531416921803 2
      vertex 213.93183576395623 5.949918199847571 4
      vertex 214.14755296885997 5.659057219581219 4
    endloop
  endfacet
  facet normal 0.3646494075189251 0.6083807818211374 0.7049139195013804
    outer loop
      vertex 216.1986255473958 6.500733850607796 2
      vertex 214.94991819984756 4.931835763956234 4
      vertex 215.26052258853812 4.7456666578747555 4
    endloop
  endfacet
  facet normal 0.17234410755697047 0.6880362451815979 0.704913919501381
    outer loop
      vertex 216.5065160486674 6.373201429255245 2
      vertex 215.92594669415848 4.459320757790827 4.010000000000005
      vertex 216.27816580854034 4.371094462508047 4.010000000000005
    endloop
  endfacet
  facet normal 0.10407487837687242 0.7016158391769951 0.7049139195013816
    outer loop
      vertex 216.6683464525726 6.332665023314508 2
      vertex 216.27816580854034 4.371094462508047 4.010000000000005
      vertex 216.6373365807806 4.317816511312872 4.010000000000005
    endloop
  endfacet
  facet normal 0.03480335122486863 0.70843848909889 0.7049139195013817
    outer loop
      vertex 216.83337086143976 6.308185964657265 2
      vertex 216.6373365807806 4.317816511312872 4.010000000000005
      vertex 217 4.3 4.010000000000005
    endloop
  endfacet
  facet normal -0.03480335122486897 0.70843848909889 0.7049139195013815
    outer loop
      vertex 217.16662913856024 6.308185964657265 2
      vertex 217 4.3 4.010000000000005
      vertex 217.3626634192194 4.317816511312872 4.010000000000005
    endloop
  endfacet
  facet normal -0.10407487837687251 0.7016158391769951 0.7049139195013816
    outer loop
      vertex 217.3316535474274 6.332665023314508 2
      vertex 217.3626634192194 4.317816511312872 4.010000000000005
      vertex 217.72183419145966 4.371094462508047 4.010000000000005
    endloop
  endfacet
  facet normal -0.17234410755697033 0.6880362451815979 0.7049139195013812
    outer loop
      vertex 217.4934839513326 6.373201429255245 2
      vertex 217.72183419145966 4.371094462508047 4.010000000000005
      vertex 218.07405330584152 4.459320757790827 4.010000000000005
    endloop
  endfacet
  facet normal -0.2389535687684553 0.6678304860262219 0.7049139195013808
    outer loop
      vertex 217.65056183502065 6.429404794730813 2
      vertex 218.07405330584152 4.459320757790827 4.010000000000005
      vertex 218.1582441342288 4.5 4
    endloop
  endfacet
  facet normal 0.7084384890988896 0.03480335122488268 0.7049139195013815
    outer loop
      vertex 215.30818596465727 7.833370861439747 2
      vertex 213.30995024875622 8 4
      vertex 213.32771884690166 7.638311875709278 4
    endloop
  endfacet
  facet normal 0.6880362451815905 0.17234410755700483 0.70491391950138
    outer loop
      vertex 215.37320142925523 7.5065160486674145 2
      vertex 213.3808535200245 7.280107005774318 4
      vertex 213.46884255217623 6.9288350989072915 4
    endloop
  endfacet
  facet normal 0.7016158391769987 0.1040748783768257 0.7049139195013849
    outer loop
      vertex 215.33266502331452 7.668346452572582 2
      vertex 213.32771884690166 7.638311875709278 4
      vertex 213.3808535200245 7.280107005774318 4
    endloop
  endfacet
  facet normal 0.7084384890988876 -0.03480335122488267 0.7049139195013833
    outer loop
      vertex 215.3 8 2
      vertex 213.32771884690166 8.36168812429072 4
      vertex 213.30995024875622 8 4
    endloop
  endfacet
  facet normal 0.7016158391770013 -0.1040748783768261 0.704913919501382
    outer loop
      vertex 215.30818596465727 8.166629138560253 2
      vertex 213.3808535200245 8.719892994225681 4
      vertex 213.32771884690166 8.36168812429072 4
    endloop
  endfacet
  facet normal 0.6880362451815856 -0.17234410755700272 0.7049139195013852
    outer loop
      vertex 215.33266502331452 8.331653547427418 2
      vertex 213.46884255217623 9.07116490109271 4
      vertex 213.3808535200245 8.719892994225681 4
    endloop
  endfacet
  facet normal 0.6678304860262329 -0.23895356876842797 0.7049139195013798
    outer loop
      vertex 215.37320142925523 8.493483951332585 2
      vertex 213.5908385608775 9.412120904403913 4
      vertex 213.46884255217623 9.07116490109271 4
    endloop
  endfacet
  facet normal 0.6411931542171421 -0.3032617764873661 0.7049139195013808
    outer loop
      vertex 215.4294047947308 8.650561835020653 2
      vertex 213.74566665787475 9.7394774114619 4
      vertex 213.5908385608775 9.412120904403913 4
    endloop
  endfacet
  facet normal 0.6083807818211187 -0.36464940751895525 0.7049139195013808
    outer loop
      vertex 215.5007338506078 8.801374452604197 2
      vertex 213.93183576395623 10.05008180015243 4
      vertex 213.74566665787475 9.7394774114619 4
    endloop
  endfacet
  facet normal 0.5697093699213815 -0.4225252654185067 0.7049139195013836
    outer loop
      vertex 215.58650165908568 8.944469396133323 2
      vertex 214.14755296886 10.340942780418782 4
      vertex 213.93183576395623 10.05008180015243 4
    endloop
  endfacet
  facet normal 0.5255513453545079 -0.47633197403624555 0.7049139195013814
    outer loop
      vertex 215.68588222928335 9.078468583078198 2
      vertex 214.3907407979798 10.609259202020207 4
      vertex 214.14755296886 10.340942780418782 4
    endloop
  endfacet
  facet normal 0.4763319740362385 -0.5255513453545122 0.7049139195013829
    outer loop
      vertex 215.79791847198288 9.20208152801713 2
      vertex 214.65905721958123 10.852447031140006 4
      vertex 214.3907407979798 10.609259202020207 4
    endloop
  endfacet
  facet normal 0.4225252654185175 -0.5697093699213778 0.70491391950138
    outer loop
      vertex 215.9215314169218 9.314117770716653 2
      vertex 214.94991819984756 11.068164236043765 4
      vertex 214.65905721958123 10.852447031140006 4
    endloop
  endfacet
  facet normal 0.3646494075189495 -0.6083807818211194 0.7049139195013832
    outer loop
      vertex 216.05553060386669 9.413498340914327 2
      vertex 215.2605225885381 11.254333342125244 4
      vertex 214.94991819984756 11.068164236043765 4
    endloop
  endfacet
  facet normal 0.3032617764873506 -0.6411931542171483 0.7049139195013817
    outer loop
      vertex 216.1986255473958 9.499266149392204 2
      vertex 215.5878790955961 11.40916143912249 4
      vertex 215.2605225885381 11.254333342125244 4
    endloop
  endfacet
  facet normal 0.23895356876845067 -0.6678304860262233 0.7049139195013814
    outer loop
      vertex 216.34943816497935 9.570595205269187 2
      vertex 215.92883509890729 11.531157447823773 4
      vertex 215.5878790955961 11.40916143912249 4
    endloop
  endfacet
  facet normal 0.17234410755696522 -0.6880362451815991 0.7049139195013812
    outer loop
      vertex 216.5065160486674 9.626798570744755 2
      vertex 216.28010700577434 11.619146479975498 4
      vertex 215.92883509890729 11.531157447823773 4
    endloop
  endfacet
  facet normal 0.10407487837688445 -0.7016158391769932 0.7049139195013816
    outer loop
      vertex 216.6683464525726 9.667334976685492 2
      vertex 216.63831187570926 11.67228115309835 4
      vertex 216.28010700577434 11.619146479975498 4
    endloop
  endfacet
  facet normal 0.034803351224856886 -0.7084384890988898 0.7049139195013824
    outer loop
      vertex 216.83337086143976 9.691814035342734 2
      vertex 217 11.690049751243775 4
      vertex 216.63831187570926 11.67228115309835 4
    endloop
  endfacet
  facet normal -0.03480335122486734 -0.7084384890988902 0.7049139195013814
    outer loop
      vertex 217 9.7 2
      vertex 217.36168812429074 11.672281153098345 4
      vertex 217 11.690049751243775 4
    endloop
  endfacet
  facet normal -0.10407487837687418 -0.7016158391769944 0.704913919501382
    outer loop
      vertex 217.16662913856024 9.691814035342734 2
      vertex 217.71989299422566 11.619146479975498 4
      vertex 217.36168812429074 11.672281153098345 4
    endloop
  endfacet
  facet normal -0.17234410755696514 -0.6880362451815989 0.7049139195013813
    outer loop
      vertex 217.3316535474274 9.667334976685492 2
      vertex 218.07116490109271 11.531157447823773 4
      vertex 217.71989299422566 11.619146479975498 4
    endloop
  endfacet
  facet normal -0.23895356876845023 0.6678304860262235 0.7049139195013812
    outer loop
      vertex 217.65056183502065 6.429404794730813 2
      vertex 218.1582441342288 4.5 4
      vertex 218.4121209044039 4.59083856087751 4
    endloop
  endfacet
  facet normal -0.3032617764873713 0.6411931542171402 0.7049139195013802
    outer loop
      vertex 217.8013744526042 6.500733850607796 2
      vertex 218.4121209044039 4.59083856087751 4
      vertex 218.73947741146188 4.7456666578747555 4
    endloop
  endfacet
  facet normal -0.36464940751892394 0.6083807818211354 0.7049139195013826
    outer loop
      vertex 217.94446939613331 6.586501659085673 2
      vertex 218.73947741146188 4.7456666578747555 4
      vertex 219.05008180015244 4.931835763956234 4
    endloop
  endfacet
  facet normal -0.4225252654185185 0.5697093699213768 0.7049139195013802
    outer loop
      vertex 218.0784685830782 6.685882229283347 2
      vertex 219.05008180015244 4.931835763956234 4
      vertex 219.34094278041877 5.147552968859994 4
    endloop
  endfacet
  facet normal -0.4763319740362375 0.525551345354513 0.7049139195013832
    outer loop
      vertex 218.20208152801712 6.797918471982869 2
      vertex 219.34094278041877 5.147552968859994 4
      vertex 219.6092592020202 5.3907407979797926 4
    endloop
  endfacet
  facet normal -0.5255513453544788 0.47633197403627325 0.7049139195013846
    outer loop
      vertex 218.31411777071665 6.921531416921803 2
      vertex 219.6092592020202 5.3907407979797926 4
      vertex 219.85244703114003 5.659057219581218 4
    endloop
  endfacet
  facet normal -0.569709369921408 0.42252526541846935 0.7049139195013845
    outer loop
      vertex 218.41349834091432 7.055530603866677 2
      vertex 219.85244703114003 5.659057219581218 4
      vertex 220.06816423604377 5.949918199847571 4
    endloop
  endfacet
  facet normal -0.6083807818211181 0.36464940751895597 0.7049139195013808
    outer loop
      vertex 218.4992661493922 7.198625547395804 2
      vertex 220.06816423604377 5.949918199847571 4
      vertex 220.25433334212525 6.2605225885381 4
    endloop
  endfacet
  facet normal -0.6411931542171415 0.3032617764873667 0.704913919501381
    outer loop
      vertex 218.5705952052692 7.349438164979348 2
      vertex 220.25433334212525 6.2605225885381 4
      vertex 220.4091614391225 6.587879095596086 4
    endloop
  endfacet
  facet normal -0.667830486026243 0.2389535687684047 0.7049139195013782
    outer loop
      vertex 218.62679857074477 7.5065160486674145 2
      vertex 220.4091614391225 6.587879095596086 4
      vertex 220.5 6.841755865771225 4
    endloop
  endfacet
  facet normal -0.4225252654185158 -0.5697093699213756 0.704913919501383
    outer loop
      vertex 217.94446939613331 9.413498340914327 2
      vertex 219.34094278041877 10.852447031140006 4
      vertex 219.05008180015244 11.068164236043765 4
    endloop
  endfacet
  facet normal -0.6411931542171417 -0.30326177648736596 0.7049139195013808
    outer loop
      vertex 218.4992661493922 8.801374452604197 2
      vertex 220.4091614391225 9.412120904403913 4
      vertex 220.25433334212525 9.7394774114619 4
    endloop
  endfacet
  facet normal -0.6083807818211161 -0.36464940751895375 0.7049139195013839
    outer loop
      vertex 218.41349834091432 8.944469396133323 2
      vertex 220.25433334212525 9.7394774114619 4
      vertex 220.06816423604377 10.05008180015243 4
    endloop
  endfacet
  facet normal -0.5255513453545065 -0.47633197403624433 0.7049139195013836
    outer loop
      vertex 218.20208152801712 9.20208152801713 2
      vertex 219.85244703114 10.340942780418782 4
      vertex 219.6092592020202 10.609259202020207 4
    endloop
  endfacet
  facet normal -0.4763319740362408 -0.5255513453545148 0.7049139195013797
    outer loop
      vertex 218.0784685830782 9.314117770716653 2
      vertex 219.6092592020202 10.609259202020207 4
      vertex 219.34094278041877 10.852447031140006 4
    endloop
  endfacet
  facet normal -0.569709369921383 -0.42252526541850777 0.7049139195013817
    outer loop
      vertex 218.31411777071665 9.078468583078198 2
      vertex 220.06816423604377 10.05008180015243 4
      vertex 219.85244703114 10.340942780418782 4
    endloop
  endfacet
  facet normal -0.6678304860262292 0.2389535687684438 0.704913919501378
    outer loop
      vertex 218.62679857074477 7.5065160486674145 2
      vertex 220.5 6.841755865771225 4
      vertex 220.54067924220917 6.9259466941584895 4.010000000000005
    endloop
  endfacet
  facet normal -0.6880362451815867 0.17234410755700375 0.7049139195013837
    outer loop
      vertex 218.66733497668548 7.668346452572582 2
      vertex 220.54067924220917 6.9259466941584895 4.010000000000005
      vertex 220.62890553749196 7.278165808540326 4.010000000000005
    endloop
  endfacet
  facet normal -0.7016158391770023 0.10407487837682856 0.7049139195013809
    outer loop
      vertex 218.69181403534273 7.833370861439747 2
      vertex 220.62890553749196 7.278165808540326 4.010000000000005
      vertex 220.68218348868712 7.637336580780626 4.010000000000005
    endloop
  endfacet
  facet normal -0.7084384890988913 0.03480335122487198 0.7049139195013799
    outer loop
      vertex 218.69181403534273 7.833370861439747 2
      vertex 220.68218348868712 7.637336580780626 4.010000000000005
      vertex 220.7 8 4.010000000000005
    endloop
  endfacet
  facet normal -0.7084384890988914 -0.03480335122487186 0.70491391950138
    outer loop
      vertex 218.69181403534273 8.166629138560253 2
      vertex 220.7 8 4.010000000000005
      vertex 220.68218348868712 8.362663419219373 4.010000000000005
    endloop
  endfacet
  facet normal -0.6880362451815868 -0.1723441075570034 0.7049139195013837
    outer loop
      vertex 218.66733497668548 8.331653547427418 2
      vertex 220.62890553749196 8.721834191459674 4.010000000000005
      vertex 220.54067924220917 9.074053305841511 4.010000000000005
    endloop
  endfacet
  facet normal -0.7016158391770023 -0.10407487837682819 0.7049139195013809
    outer loop
      vertex 218.69181403534273 8.166629138560253 2
      vertex 220.68218348868712 8.362663419219373 4.010000000000005
      vertex 220.62890553749196 8.721834191459674 4.010000000000005
    endloop
  endfacet
  facet normal -0.6678304860262407 -0.23895356876840557 0.7049139195013798
    outer loop
      vertex 218.5705952052692 8.650561835020653 2
      vertex 220.5 9.158244134228775 4
      vertex 220.4091614391225 9.412120904403913 4
    endloop
  endfacet
  facet normal -0.6678304860262295 -0.23895356876844323 0.7049139195013779
    outer loop
      vertex 218.62679857074477 8.493483951332585 2
      vertex 220.54067924220917 9.074053305841511 4.010000000000005
      vertex 220.5 9.158244134228775 4
    endloop
  endfacet
  facet normal -0.23895356876845067 -0.6678304860262233 0.7049139195013812
    outer loop
      vertex 217.4934839513326 9.626798570744755 2
      vertex 218.4121209044039 11.40916143912249 4
      vertex 218.07116490109271 11.531157447823773 4
    endloop
  endfacet
  facet normal -0.3032617764873508 -0.6411931542171488 0.7049139195013812
    outer loop
      vertex 217.65056183502065 9.570595205269187 2
      vertex 218.7394774114619 11.254333342125244 4
      vertex 218.4121209044039 11.40916143912249 4
    endloop
  endfacet
  facet normal -0.36464940751895003 -0.6083807818211203 0.7049139195013823
    outer loop
      vertex 217.8013744526042 9.499266149392204 2
      vertex 219.05008180015244 11.068164236043765 4
      vertex 218.7394774114619 11.254333342125244 4
    endloop
  endfacet
  facet normal 0.2389535687684958 0.6678304860262869 0.7049139195013056
    outer loop
      vertex 215.92594669415848 4.459320757790827 4.010000000000005
      vertex 215.8417558657712 4.5 4
      vertex 215.81225582845707 4.5 4.010000000000005
    endloop
  endfacet
  facet normal 0 0 -1
    outer loop
      vertex 215.92594669415848 4.459320757790827 4.010000000000005
      vertex 215.81225582845707 4.5 4.010000000000005
      vertex 216.27816580854034 4.371094462508047 4.010000000000005
    endloop
  endfacet
  facet normal 0 0 -1
    outer loop
      vertex 216.6373365807806 4.317816511312872 4.010000000000005
      vertex 215.81225582845707 4.5 4.010000000000005
      vertex 217 4.3 4.010000000000005
    endloop
  endfacet
  facet normal 0 0 -1
    outer loop
      vertex 217 4.3 4.010000000000005
      vertex 215.81225582845707 4.5 4.010000000000005
      vertex 217.3626634192194 4.317816511312872 4.010000000000005
    endloop
  endfacet
  facet normal 0 0 -1
    outer loop
      vertex 216.27816580854034 4.371094462508047 4.010000000000005
      vertex 215.81225582845707 4.5 4.010000000000005
      vertex 216.6373365807806 4.317816511312872 4.010000000000005
    endloop
  endfacet
  facet normal 0 0 -1
    outer loop
      vertex 217.3626634192194 4.317816511312872 4.010000000000005
      vertex 215.81225582845707 4.5 4.010000000000005
      vertex 217.72183419145966 4.371094462508047 4.010000000000005
    endloop
  endfacet
  facet normal 0 0 -1
    outer loop
      vertex 217.72183419145966 4.371094462508047 4.010000000000005
      vertex 215.81225582845707 4.5 4.010000000000005
      vertex 218.07405330584152 4.459320757790827 4.010000000000005
    endloop
  endfacet
  facet normal 0 0 -1
    outer loop
      vertex 218.07405330584152 4.459320757790827 4.010000000000005
      vertex 215.81225582845707 4.5 4.010000000000005
      vertex 218.18774417154293 4.5 4.010000000000005
    endloop
  endfacet
  facet normal -0.2389535687684958 0.6678304860262869 0.7049139195013056
    outer loop
      vertex 218.07405330584152 4.459320757790827 4.010000000000005
      vertex 218.18774417154293 4.5 4.010000000000005
      vertex 218.1582441342288 4.5 4
    endloop
  endfacet
  facet normal -0.6678304860261988 0.23895356876842438 0.7049139195014134
    outer loop
      vertex 220.54067924220917 6.9259466941584895 4.010000000000005
      vertex 220.5 6.841755865771225 4
      vertex 220.5 6.812255828457076 4.010000000000005
    endloop
  endfacet
  facet normal 0 0 -1
    outer loop
      vertex 220.54067924220917 6.9259466941584895 4.010000000000005
      vertex 220.5 6.812255828457076 4.010000000000005
      vertex 220.54067924220917 9.074053305841511 4.010000000000005
    endloop
  endfacet
  facet normal 0 0 -1
    outer loop
      vertex 220.54067924220917 6.9259466941584895 4.010000000000005
      vertex 220.54067924220917 9.074053305841511 4.010000000000005
      vertex 220.62890553749196 7.278165808540326 4.010000000000005
    endloop
  endfacet
  facet normal 0 0 -1
    outer loop
      vertex 220.62890553749196 7.278165808540326 4.010000000000005
      vertex 220.54067924220917 9.074053305841511 4.010000000000005
      vertex 220.62890553749196 8.721834191459674 4.010000000000005
    endloop
  endfacet
  facet normal 0 0 -1
    outer loop
      vertex 220.54067924220917 9.074053305841511 4.010000000000005
      vertex 220.5 6.812255828457076 4.010000000000005
      vertex 220.5 9.187744171542924 4.010000000000005
    endloop
  endfacet
  facet normal 0 0 -1
    outer loop
      vertex 220.62890553749196 7.278165808540326 4.010000000000005
      vertex 220.62890553749196 8.721834191459674 4.010000000000005
      vertex 220.68218348868712 7.637336580780626 4.010000000000005
    endloop
  endfacet
  facet normal 0 0 -1
    outer loop
      vertex 220.68218348868712 7.637336580780626 4.010000000000005
      vertex 220.68218348868712 8.362663419219373 4.010000000000005
      vertex 220.7 8 4.010000000000005
    endloop
  endfacet
  facet normal 0 0 -1
    outer loop
      vertex 220.68218348868712 7.637336580780626 4.010000000000005
      vertex 220.62890553749196 8.721834191459674 4.010000000000005
      vertex 220.68218348868712 8.362663419219373 4.010000000000005
    endloop
  endfacet
  facet normal -0.6678304860262058 -0.23895356876842877 0.7049139195014051
    outer loop
      vertex 220.54067924220917 9.074053305841511 4.010000000000005
      vertex 220.5 9.187744171542924 4.010000000000005
      vertex 220.5 9.158244134228775 4
    endloop
  endfacet
endsolid OpenSCAD_Model
