solid OpenSCAD_Model
  facet normal -0.740951125354959 -0.6715589548470187 0
    outer loop
      vertex -36.52474392138932 -29.97508267673225 0
      vertex -33.41079541106437 -33.41079541106437 0
      vertex -36.52474392138932 -29.97508267673225 4
    endloop
  endfacet
  facet normal -0.8577286100002708 -0.5141027441932241 0
    outer loop
      vertex -40.361710916501174 -24.45754520097506 0
      vertex -39.28693918129526 -26.250693510176202 4
      vertex -40.361710916501174 -24.45754520097506 4
    endloop
  endfacet
  facet normal -0.8577286100002708 -0.5141027441932241 -8.65223548476444e-18
    outer loop
      vertex -40.361710916501174 -24.45754520097506 0
      vertex -39.28693918129526 -26.250693510176202 0
      vertex -39.28693918129526 -26.250693510176202 4
    endloop
  endfacet
  facet normal 0 0 -1
    outer loop
      vertex -40.361710916501174 -24.45754520097506 0
      vertex -39.16629497102996 -23.76737148306368 0
      vertex -39.28693918129526 -26.250693510176202 0
    endloop
  endfacet
  facet normal 0 0 -1
    outer loop
      vertex -39.28693918129526 -26.250693510176202 0
      vertex -39.16629497102996 -23.76737148306368 0
      vertex -36.79253034438763 -24.583982811117398 0
    endloop
  endfacet
  facet normal 0 0 1
    outer loop
      vertex -40.361710916501174 -24.45754520097506 4
      vertex -39.28693918129526 -26.250693510176202 4
      vertex -36.79253034438763 -24.583982811117398 4
    endloop
  endfacet
  facet normal -0.8032075314806455 -0.5956993044924325 0
    outer loop
      vertex -36.52474392138932 -29.97508267673225 0
      vertex -36.52474392138932 -29.97508267673225 4
      vertex -39.28693918129526 -26.250693510176202 4
    endloop
  endfacet
  facet normal -0.8032075314806455 -0.5956993044924325 -4.4966096513268067e-17
    outer loop
      vertex -36.52474392138932 -29.97508267673225 0
      vertex -39.28693918129526 -26.250693510176202 4
      vertex -39.28693918129526 -26.250693510176202 0
    endloop
  endfacet
  facet normal 0 0 1
    outer loop
      vertex -36.52474392138932 -29.97508267673225 4
      vertex -36.79253034438763 -24.583982811117398 4
      vertex -39.28693918129526 -26.250693510176202 4
    endloop
  endfacet
  facet normal 0 0 -1
    outer loop
      vertex -36.52474392138932 -29.97508267673225 0
      vertex -39.28693918129526 -26.250693510176202 0
      vertex -34.20571256130111 -28.071902824241313 0
    endloop
  endfacet
  facet normal 0 0 1
    outer loop
      vertex -36.52474392138932 -29.97508267673225 4
      vertex -34.20571256130111 -28.071902824241313 4
      vertex -36.79253034438763 -24.583982811117398 4
    endloop
  endfacet
  facet normal 0 0 -1
    outer loop
      vertex -39.16629497102996 -23.76737148306368 0
      vertex -37.766416790229684 -22.959151438545963 0
      vertex -36.79253034438763 -24.583982811117398 0
    endloop
  endfacet
  facet normal 0 0 1
    outer loop
      vertex -40.361710916501174 -24.45754520097506 4
      vertex -36.79253034438763 -24.583982811117398 4
      vertex -37.766416790229684 -22.959151438545963 4
    endloop
  endfacet
  facet normal 0 0 -1
    outer loop
      vertex -39.28693918129526 -26.250693510176202 0
      vertex -36.79253034438763 -24.583982811117398 0
      vertex -34.20571256130111 -28.071902824241313 0
    endloop
  endfacet
  facet normal -0.6715589548470187 -0.740951125354959 0
    outer loop
      vertex -29.97508267673225 -36.52474392138932 0
      vertex -29.97508267673225 -36.52474392138932 4
      vertex -33.41079541106437 -33.41079541106437 0
    endloop
  endfacet
  facet normal -0.5956993044924325 -0.8032075314806455 0
    outer loop
      vertex -29.97508267673225 -36.52474392138932 0
      vertex -26.250693510176202 -39.28693918129526 4
      vertex -29.97508267673225 -36.52474392138932 4
    endloop
  endfacet
  facet normal 0 0 1
    outer loop
      vertex -29.97508267673225 -36.52474392138932 4
      vertex -26.250693510176202 -39.28693918129526 4
      vertex -28.071902824241313 -34.20571256130111 4
    endloop
  endfacet
  facet normal -0.5956993044924325 -0.8032075314806455 -4.4966096513268067e-17
    outer loop
      vertex -29.97508267673225 -36.52474392138932 0
      vertex -26.250693510176202 -39.28693918129526 0
      vertex -26.250693510176202 -39.28693918129526 4
    endloop
  endfacet
  facet normal 0 0 -1
    outer loop
      vertex -29.97508267673225 -36.52474392138932 0
      vertex -24.583982811117398 -36.79253034438763 0
      vertex -26.250693510176202 -39.28693918129526 0
    endloop
  endfacet
  facet normal 0 0 -1
    outer loop
      vertex -29.97508267673225 -36.52474392138932 0
      vertex -28.071902824241313 -34.20571256130111 0
      vertex -24.583982811117398 -36.79253034438763 0
    endloop
  endfacet
  facet normal -0.5141027441932231 -0.8577286100002713 0
    outer loop
      vertex -26.250693510176202 -39.28693918129526 0
      vertex -22.27349581502839 -41.67077974045978 4
      vertex -26.250693510176202 -39.28693918129526 4
    endloop
  endfacet
  facet normal 0 0 1
    outer loop
      vertex -26.250693510176202 -39.28693918129526 4
      vertex -22.27349581502839 -41.67077974045978 4
      vertex -24.583982811117398 -36.79253034438763 4
    endloop
  endfacet
  facet normal 0 0 1
    outer loop
      vertex -26.250693510176202 -39.28693918129526 4
      vertex -24.583982811117398 -36.79253034438763 4
      vertex -28.071902824241313 -34.20571256130111 4
    endloop
  endfacet
  facet normal 0 0 -1
    outer loop
      vertex -26.250693510176202 -39.28693918129526 0
      vertex -24.583982811117398 -36.79253034438763 0
      vertex -20.859305604550396 -39.02501594741471 0
    endloop
  endfacet
  facet normal -0.740951125354959 -0.6715589548470187 -1.2012571297184335e-17
    outer loop
      vertex -36.52474392138932 -29.97508267673225 4
      vertex -33.41079541106437 -33.41079541106437 0
      vertex -33.41079541106437 -33.41079541106437 4
    endloop
  endfacet
  facet normal 0 0 -1
    outer loop
      vertex -36.52474392138932 -29.97508267673225 0
      vertex -34.20571256130111 -28.071902824241313 0
      vertex -31.28947506750473 -31.28947506750473 0
    endloop
  endfacet
  facet normal 0 0 1
    outer loop
      vertex -36.52474392138932 -29.97508267673225 4
      vertex -33.41079541106437 -33.41079541106437 4
      vertex -34.20571256130111 -28.071902824241313 4
    endloop
  endfacet
  facet normal 0 0 -1
    outer loop
      vertex -36.52474392138932 -29.97508267673225 0
      vertex -31.28947506750473 -31.28947506750473 0
      vertex -33.41079541106437 -33.41079541106437 0
    endloop
  endfacet
  facet normal 0 0 1
    outer loop
      vertex -33.41079541106437 -33.41079541106437 4
      vertex -31.28947506750473 -31.28947506750473 4
      vertex -34.20571256130111 -28.071902824241313 4
    endloop
  endfacet
  facet normal -0.6715589548470187 -0.740951125354959 -1.2012571297184335e-17
    outer loop
      vertex -29.97508267673225 -36.52474392138932 4
      vertex -33.41079541106437 -33.41079541106437 4
      vertex -33.41079541106437 -33.41079541106437 0
    endloop
  endfacet
  facet normal 0 0 1
    outer loop
      vertex -29.97508267673225 -36.52474392138932 4
      vertex -31.28947506750473 -31.28947506750473 4
      vertex -33.41079541106437 -33.41079541106437 4
    endloop
  endfacet
  facet normal 0 0 -1
    outer loop
      vertex -29.97508267673225 -36.52474392138932 0
      vertex -33.41079541106437 -33.41079541106437 0
      vertex -28.071902824241313 -34.20571256130111 0
    endloop
  endfacet
  facet normal 0 0 1
    outer loop
      vertex -29.97508267673225 -36.52474392138932 4
      vertex -28.071902824241313 -34.20571256130111 4
      vertex -31.28947506750473 -31.28947506750473 4
    endloop
  endfacet
  facet normal 0 0 -1
    outer loop
      vertex -33.41079541106437 -33.41079541106437 0
      vertex -31.28947506750473 -31.28947506750473 0
      vertex -28.071902824241313 -34.20571256130111 0
    endloop
  endfacet
  facet normal -0.8577286100002715 -0.5141027441932227 0
    outer loop
      vertex -41.390054061050634 -22.741858315541496 0
      vertex -41.390054061050634 -22.741858315541496 4
      vertex -41.67077974045978 -22.27349581502839 0
    endloop
  endfacet
  facet normal -0.8577286100002715 -0.5141027441932227 0
    outer loop
      vertex -41.67077974045978 -22.27349581502839 0
      vertex -41.390054061050634 -22.741858315541496 4
      vertex -41.67077974045978 -22.27349581502839 4
    endloop
  endfacet
  facet normal -0.9039892931234436 -0.4275550934302817 0
    outer loop
      vertex -41.67077974045978 -22.27349581502839 0
      vertex -41.67077974045978 -22.27349581502839 4
      vertex -43.6533079111583 -18.081792179250492 4
    endloop
  endfacet
  facet normal -0.9039892931234436 -0.4275550934302817 1.2922876275750508e-17
    outer loop
      vertex -41.67077974045978 -22.27349581502839 0
      vertex -43.6533079111583 -18.081792179250492 4
      vertex -43.6533079111583 -18.081792179250492 0
    endloop
  endfacet
  facet normal 0 0 -1
    outer loop
      vertex -41.67077974045978 -22.27349581502839 0
      vertex -43.6533079111583 -18.081792179250492 0
      vertex -40.881669313624435 -16.93374188215522 0
    endloop
  endfacet
  facet normal 0 0 1
    outer loop
      vertex -41.67077974045978 -22.27349581502839 4
      vertex -42.34460985615024 -12.845096968509958 4
      vertex -43.6533079111583 -18.081792179250492 4
    endloop
  endfacet
  facet normal -0.9415440651830211 -0.33688985339221933 1.134501575452652e-18
    outer loop
      vertex -43.6533079111583 -18.081792179250492 0
      vertex -45.21543086334687 -13.715951000273344 4
      vertex -45.21543086334687 -13.715951000273344 0
    endloop
  endfacet
  facet normal -0.970031253194544 -0.24298017990326415 0
    outer loop
      vertex -45.21543086334687 -13.715951000273344 0
      vertex -45.21543086334687 -13.715951000273344 4
      vertex -46.34210449905264 -9.218017715262059 4
    endloop
  endfacet
  facet normal -0.9415440651830211 -0.33688985339221933 0
    outer loop
      vertex -43.6533079111583 -18.081792179250492 0
      vertex -43.6533079111583 -18.081792179250492 4
      vertex -45.21543086334687 -13.715951000273344 4
    endloop
  endfacet
  facet normal 0 0 1
    outer loop
      vertex -41.67077974045978 -22.27349581502839 4
      vertex -40.881669313624435 -16.93374188215522 4
      vertex -42.34460985615024 -12.845096968509958 4
    endloop
  endfacet
  facet normal 0 0 -1
    outer loop
      vertex -43.6533079111583 -18.081792179250492 0
      vertex -42.34460985615024 -12.845096968509958 0
      vertex -40.881669313624435 -16.93374188215522 0
    endloop
  endfacet
  facet normal 0 0 -1
    outer loop
      vertex -43.6533079111583 -18.081792179250492 0
      vertex -45.21543086334687 -13.715951000273344 0
      vertex -43.39974865784295 -8.632746749213675 0
    endloop
  endfacet
  facet normal 0 0 -1
    outer loop
      vertex -43.6533079111583 -18.081792179250492 0
      vertex -43.39974865784295 -8.632746749213675 0
      vertex -42.34460985615024 -12.845096968509958 0
    endloop
  endfacet
  facet normal 0 0 1
    outer loop
      vertex -43.6533079111583 -18.081792179250492 4
      vertex -42.34460985615024 -12.845096968509958 4
      vertex -43.39974865784295 -8.632746749213675 4
    endloop
  endfacet
  facet normal 0 0 -1
    outer loop
      vertex -41.390054061050634 -22.741858315541496 0
      vertex -41.67077974045978 -22.27349581502839 0
      vertex -39.050862416849384 -21.39132539007578 0
    endloop
  endfacet
  facet normal 0 0 -1
    outer loop
      vertex -41.67077974045978 -22.27349581502839 0
      vertex -39.02501594741471 -20.859305604550396 0
      vertex -39.050862416849384 -21.39132539007578 0
    endloop
  endfacet
  facet normal 0 0 -1
    outer loop
      vertex -39.05094714695713 -21.393069461693095 0
      vertex -39.050862416849384 -21.39132539007578 0
      vertex -38.794759934779144 -21.243464553112396 0
    endloop
  endfacet
  facet normal 0 0 -1
    outer loop
      vertex -39.050862416849384 -21.39132539007578 0
      vertex -39.02501594741471 -20.859305604550396 0
      vertex -38.794759934779144 -21.243464553112396 0
    endloop
  endfacet
  facet normal 0 0 1
    outer loop
      vertex -41.390054061050634 -22.741858315541496 4
      vertex -38.794759934779144 -21.243464553112396 4
      vertex -39.02501594741471 -20.859305604550396 4
    endloop
  endfacet
  facet normal 0 0 -1
    outer loop
      vertex -41.67077974045978 -22.27349581502839 0
      vertex -40.881669313624435 -16.93374188215522 0
      vertex -39.02501594741471 -20.859305604550396 0
    endloop
  endfacet
  facet normal 0 0 1
    outer loop
      vertex -41.390054061050634 -22.741858315541496 4
      vertex -40.881669313624435 -16.93374188215522 4
      vertex -41.67077974045978 -22.27349581502839 4
    endloop
  endfacet
  facet normal 0 0 1
    outer loop
      vertex -41.390054061050634 -22.741858315541496 4
      vertex -39.02501594741471 -20.859305604550396 4
      vertex -40.881669313624435 -16.93374188215522 4
    endloop
  endfacet
  facet normal -0.970031253194544 -0.24298017990326415 -1.989464878764769e-17
    outer loop
      vertex -45.21543086334687 -13.715951000273344 0
      vertex -46.34210449905264 -9.218017715262059 4
      vertex -46.34210449905264 -9.218017715262059 0
    endloop
  endfacet
  facet normal -0.9891765099647808 -0.14673047445536222 0
    outer loop
      vertex -46.34210449905264 -9.218017715262059 0
      vertex -46.34210449905264 -9.218017715262059 4
      vertex -47.022478335261304 -4.631309880571738 4
    endloop
  endfacet
  facet normal -0.9891765099647808 -0.14673047445536222 -1.067900055676416e-17
    outer loop
      vertex -46.34210449905264 -9.218017715262059 0
      vertex -47.022478335261304 -4.631309880571738 4
      vertex -47.022478335261304 -4.631309880571738 0
    endloop
  endfacet
  facet normal 0 0 -1
    outer loop
      vertex -45.21543086334687 -13.715951000273344 0
      vertex -44.25 0 0
      vertex -44.03692415524471 -4.337258459583056 0
    endloop
  endfacet
  facet normal 0 0 1
    outer loop
      vertex -43.6533079111583 -18.081792179250492 4
      vertex -45.21543086334687 13.715951000273344 4
      vertex -45.21543086334687 -13.715951000273344 4
    endloop
  endfacet
  facet normal 0 0 1
    outer loop
      vertex -43.6533079111583 -18.081792179250492 4
      vertex -43.39974865784295 -8.632746749213675 4
      vertex -44.03692415524471 -4.337258459583056 4
    endloop
  endfacet
  facet normal 0 0 -1
    outer loop
      vertex -45.21543086334687 -13.715951000273344 0
      vertex -44.03692415524471 -4.337258459583056 0
      vertex -43.39974865784295 -8.632746749213675 0
    endloop
  endfacet
  facet normal 0 0 1
    outer loop
      vertex -43.6533079111583 -18.081792179250492 4
      vertex -44.03692415524471 -4.337258459583056 4
      vertex -44.25 0 4
    endloop
  endfacet
  facet normal 0 0 1
    outer loop
      vertex -45.21543086334687 -13.715951000273344 4
      vertex -46.34210449905264 9.218017715262059 4
      vertex -46.34210449905264 -9.218017715262059 4
    endloop
  endfacet
  facet normal -0.9987954562051724 -0.049067674327417675 0
    outer loop
      vertex -47.022478335261304 -4.631309880571738 0
      vertex -47.022478335261304 -4.631309880571738 4
      vertex -47.25 0 4
    endloop
  endfacet
  facet normal 0 0 1
    outer loop
      vertex -46.34210449905264 -9.218017715262059 4
      vertex -47.022478335261304 4.631309880571738 4
      vertex -47.022478335261304 -4.631309880571738 4
    endloop
  endfacet
  facet normal 0 0 -1
    outer loop
      vertex -45.21543086334687 -13.715951000273344 0
      vertex -46.34210449905264 -9.218017715262059 0
      vertex -45.21543086334687 13.715951000273344 0
    endloop
  endfacet
  facet normal -0.9987954562051724 -0.049067674327417675 -3.2319332015694964e-18
    outer loop
      vertex -47.022478335261304 -4.631309880571738 0
      vertex -47.25 0 4
      vertex -47.25 0 0
    endloop
  endfacet
  facet normal 0 0 -1
    outer loop
      vertex -46.34210449905264 -9.218017715262059 0
      vertex -47.022478335261304 -4.631309880571738 0
      vertex -46.34210449905264 9.218017715262059 0
    endloop
  endfacet
  facet normal 0 0 1
    outer loop
      vertex -43.6533079111583 -18.081792179250492 4
      vertex -44.25 0 4
      vertex -45.21543086334687 13.715951000273344 4
    endloop
  endfacet
  facet normal -0.4275550934302817 -0.9039892931234436 0
    outer loop
      vertex -22.27349581502839 -41.67077974045978 0
      vertex -18.081792179250492 -43.6533079111583 4
      vertex -22.27349581502839 -41.67077974045978 4
    endloop
  endfacet
  facet normal -0.4275550934302817 -0.9039892931234436 1.2922876275750508e-17
    outer loop
      vertex -22.27349581502839 -41.67077974045978 0
      vertex -18.081792179250492 -43.6533079111583 0
      vertex -18.081792179250492 -43.6533079111583 4
    endloop
  endfacet
  facet normal 0 0 1
    outer loop
      vertex -22.27349581502839 -41.67077974045978 4
      vertex -18.081792179250492 -43.6533079111583 4
      vertex -20.859305604550396 -39.02501594741471 4
    endloop
  endfacet
  facet normal 0 0 -1
    outer loop
      vertex -22.27349581502839 -41.67077974045978 0
      vertex -16.93374188215522 -40.881669313624435 0
      vertex -18.081792179250492 -43.6533079111583 0
    endloop
  endfacet
  facet normal -0.5141027441932231 -0.8577286100002713 3.735094651281818e-17
    outer loop
      vertex -26.250693510176202 -39.28693918129526 0
      vertex -22.27349581502839 -41.67077974045978 0
      vertex -22.27349581502839 -41.67077974045978 4
    endloop
  endfacet
  facet normal 0 0 -1
    outer loop
      vertex -26.250693510176202 -39.28693918129526 0
      vertex -20.859305604550396 -39.02501594741471 0
      vertex -22.27349581502839 -41.67077974045978 0
    endloop
  endfacet
  facet normal 0 0 1
    outer loop
      vertex -24.583982811117398 -36.79253034438763 4
      vertex -22.27349581502839 -41.67077974045978 4
      vertex -20.859305604550396 -39.02501594741471 4
    endloop
  endfacet
  facet normal 0 0 -1
    outer loop
      vertex -22.27349581502839 -41.67077974045978 0
      vertex -20.859305604550396 -39.02501594741471 0
      vertex -16.93374188215522 -40.881669313624435 0
    endloop
  endfacet
  facet normal 0 0 1
    outer loop
      vertex -18.081792179250492 -43.6533079111583 4
      vertex -16.93374188215522 -40.881669313624435 4
      vertex -20.859305604550396 -39.02501594741471 4
    endloop
  endfacet
  facet normal -0.33688985339221933 -0.9415440651830211 1.134501575452652e-18
    outer loop
      vertex -18.081792179250492 -43.6533079111583 0
      vertex -13.715951000273344 -45.21543086334687 0
      vertex -13.715951000273344 -45.21543086334687 4
    endloop
  endfacet
  facet normal -0.33688985339221933 -0.9415440651830211 0
    outer loop
      vertex -18.081792179250492 -43.6533079111583 0
      vertex -13.715951000273344 -45.21543086334687 4
      vertex -18.081792179250492 -43.6533079111583 4
    endloop
  endfacet
  facet normal 0 0 1
    outer loop
      vertex -18.081792179250492 -43.6533079111583 4
      vertex -13.715951000273344 -45.21543086334687 4
      vertex -16.93374188215522 -40.881669313624435 4
    endloop
  endfacet
  facet normal 0 0 -1
    outer loop
      vertex -18.081792179250492 -43.6533079111583 0
      vertex -12.845096968509958 -42.34460985615024 0
      vertex -13.715951000273344 -45.21543086334687 0
    endloop
  endfacet
  facet normal 0 0 -1
    outer loop
      vertex -18.081792179250492 -43.6533079111583 0
      vertex -16.93374188215522 -40.881669313624435 0
      vertex -12.845096968509958 -42.34460985615024 0
    endloop
  endfacet
  facet normal -0.24298017990326415 -0.970031253194544 0
    outer loop
      vertex -13.715951000273344 -45.21543086334687 0
      vertex -9.218017715262059 -46.34210449905264 4
      vertex -13.715951000273344 -45.21543086334687 4
    endloop
  endfacet
  facet normal 0 0 1
    outer loop
      vertex -13.715951000273344 -45.21543086334687 4
      vertex -9.218017715262059 -46.34210449905264 4
      vertex -12.845096968509958 -42.34460985615024 4
    endloop
  endfacet
  facet normal 0 0 1
    outer loop
      vertex -13.715951000273344 -45.21543086334687 4
      vertex -12.845096968509958 -42.34460985615024 4
      vertex -16.93374188215522 -40.881669313624435 4
    endloop
  endfacet
  facet normal -0.24298017990326415 -0.970031253194544 -1.989464878764769e-17
    outer loop
      vertex -13.715951000273344 -45.21543086334687 0
      vertex -9.218017715262059 -46.34210449905264 0
      vertex -9.218017715262059 -46.34210449905264 4
    endloop
  endfacet
  facet normal 0 0 -1
    outer loop
      vertex -13.715951000273344 -45.21543086334687 0
      vertex -8.632746749213675 -43.39974865784295 0
      vertex -9.218017715262059 -46.34210449905264 0
    endloop
  endfacet
  facet normal 0 0 -1
    outer loop
      vertex -13.715951000273344 -45.21543086334687 0
      vertex -12.845096968509958 -42.34460985615024 0
      vertex -8.632746749213675 -43.39974865784295 0
    endloop
  endfacet
  facet normal 0 0 1
    outer loop
      vertex -12.845096968509958 -42.34460985615024 4
      vertex -9.218017715262059 -46.34210449905264 4
      vertex -8.632746749213675 -43.39974865784295 4
    endloop
  endfacet
  facet normal -0.14673047445536222 -0.9891765099647808 0
    outer loop
      vertex -9.218017715262059 -46.34210449905264 0
      vertex -4.631309880571738 -47.022478335261304 4
      vertex -9.218017715262059 -46.34210449905264 4
    endloop
  endfacet
  facet normal 0 0 -1
    outer loop
      vertex -9.218017715262059 -46.34210449905264 0
      vertex -8.632746749213675 -43.39974865784295 0
      vertex -4.337258459583056 -44.03692415524471 0
    endloop
  endfacet
  facet normal 0 0 1
    outer loop
      vertex -9.218017715262059 -46.34210449905264 4
      vertex -4.631309880571738 -47.022478335261304 4
      vertex -8.632746749213675 -43.39974865784295 4
    endloop
  endfacet
  facet normal -0.14673047445536222 -0.9891765099647808 -1.067900055676416e-17
    outer loop
      vertex -9.218017715262059 -46.34210449905264 0
      vertex -4.631309880571738 -47.022478335261304 0
      vertex -4.631309880571738 -47.022478335261304 4
    endloop
  endfacet
  facet normal 0 0 -1
    outer loop
      vertex -9.218017715262059 -46.34210449905264 0
      vertex -4.337258459583056 -44.03692415524471 0
      vertex -4.631309880571738 -47.022478335261304 0
    endloop
  endfacet
  facet normal 0 0 1
    outer loop
      vertex -8.632746749213675 -43.39974865784295 4
      vertex -4.631309880571738 -47.022478335261304 4
      vertex -4.337258459583056 -44.03692415524471 4
    endloop
  endfacet
  facet normal -0.049067674327417675 -0.9987954562051724 0
    outer loop
      vertex -4.631309880571738 -47.022478335261304 0
      vertex 0 -47.25 4
      vertex -4.631309880571738 -47.022478335261304 4
    endloop
  endfacet
  facet normal 0 0 1
    outer loop
      vertex -4.631309880571738 -47.022478335261304 4
      vertex 0 -47.25 4
      vertex -4.337258459583056 -44.03692415524471 4
    endloop
  endfacet
  facet normal 0 0 -1
    outer loop
      vertex -4.631309880571738 -47.022478335261304 0
      vertex -4.337258459583056 -44.03692415524471 0
      vertex 0 -44.25 0
    endloop
  endfacet
  facet normal -0.049067674327417675 -0.9987954562051724 -3.2319332015694964e-18
    outer loop
      vertex -4.631309880571738 -47.022478335261304 0
      vertex 0 -47.25 0
      vertex 0 -47.25 4
    endloop
  endfacet
  facet normal 0 0 -1
    outer loop
      vertex -4.631309880571738 -47.022478335261304 0
      vertex 0 -44.25 0
      vertex 0 -47.25 0
    endloop
  endfacet
  facet normal 0 0 1
    outer loop
      vertex -4.337258459583056 -44.03692415524471 4
      vertex 0 -47.25 4
      vertex 0 -44.25 4
    endloop
  endfacet
  facet normal 0 0 -1
    outer loop
      vertex -47.022478335261304 -4.631309880571738 0
      vertex -47.25 0 0
      vertex -47.022478335261304 4.631309880571738 0
    endloop
  endfacet
  facet normal 0 0 1
    outer loop
      vertex -47.022478335261304 -4.631309880571738 4
      vertex -47.022478335261304 4.631309880571738 4
      vertex -47.25 0 4
    endloop
  endfacet
  facet normal -0.9987954562051724 0.049067674327417675 0
    outer loop
      vertex -47.25 0 0
      vertex -47.25 0 4
      vertex -47.022478335261304 4.631309880571738 4
    endloop
  endfacet
  facet normal 0 0 1
    outer loop
      vertex -46.34210449905264 -9.218017715262059 4
      vertex -46.34210449905264 9.218017715262059 4
      vertex -47.022478335261304 4.631309880571738 4
    endloop
  endfacet
  facet normal 0 0 -1
    outer loop
      vertex -45.21543086334687 -13.715951000273344 0
      vertex -43.6533079111583 18.081792179250492 0
      vertex -44.25 0 0
    endloop
  endfacet
  facet normal -0.9987954562051724 0.049067674327417675 3.2319332015694964e-18
    outer loop
      vertex -47.25 0 0
      vertex -47.022478335261304 4.631309880571738 4
      vertex -47.022478335261304 4.631309880571738 0
    endloop
  endfacet
  facet normal 0 0 -1
    outer loop
      vertex -47.022478335261304 -4.631309880571738 0
      vertex -47.022478335261304 4.631309880571738 0
      vertex -46.34210449905264 9.218017715262059 0
    endloop
  endfacet
  facet normal 0 0 -1
    outer loop
      vertex -46.34210449905264 -9.218017715262059 0
      vertex -46.34210449905264 9.218017715262059 0
      vertex -45.21543086334687 13.715951000273344 0
    endloop
  endfacet
  facet normal 0 0 1
    outer loop
      vertex -45.21543086334687 -13.715951000273344 4
      vertex -45.21543086334687 13.715951000273344 4
      vertex -46.34210449905264 9.218017715262059 4
    endloop
  endfacet
  facet normal -0.9891765099647808 0.14673047445536222 0
    outer loop
      vertex -47.022478335261304 4.631309880571738 0
      vertex -47.022478335261304 4.631309880571738 4
      vertex -46.34210449905264 9.218017715262059 4
    endloop
  endfacet
  facet normal -0.9891765099647808 0.14673047445536222 1.067900055676416e-17
    outer loop
      vertex -47.022478335261304 4.631309880571738 0
      vertex -46.34210449905264 9.218017715262059 4
      vertex -46.34210449905264 9.218017715262059 0
    endloop
  endfacet
  facet normal 0 0 -1
    outer loop
      vertex -45.21543086334687 -13.715951000273344 0
      vertex -45.21543086334687 13.715951000273344 0
      vertex -43.6533079111583 18.081792179250492 0
    endloop
  endfacet
  facet normal 0 0 1
    outer loop
      vertex -44.25 0 4
      vertex -44.03692415524471 4.337258459583056 4
      vertex -45.21543086334687 13.715951000273344 4
    endloop
  endfacet
  facet normal -0.970031253194544 0.24298017990326415 0
    outer loop
      vertex -46.34210449905264 9.218017715262059 0
      vertex -46.34210449905264 9.218017715262059 4
      vertex -45.21543086334687 13.715951000273344 4
    endloop
  endfacet
  facet normal 0 0 -1
    outer loop
      vertex -44.25 0 0
      vertex -43.6533079111583 18.081792179250492 0
      vertex -44.03692415524471 4.337258459583056 0
    endloop
  endfacet
  facet normal 0 0 1
    outer loop
      vertex -44.03692415524471 4.337258459583056 4
      vertex -43.39974865784295 8.632746749213675 4
      vertex -45.21543086334687 13.715951000273344 4
    endloop
  endfacet
  facet normal 0 0 -1
    outer loop
      vertex -44.03692415524471 4.337258459583056 0
      vertex -43.6533079111583 18.081792179250492 0
      vertex -43.39974865784295 8.632746749213675 0
    endloop
  endfacet
  facet normal -0.970031253194544 0.24298017990326415 1.989464878764769e-17
    outer loop
      vertex -46.34210449905264 9.218017715262059 0
      vertex -45.21543086334687 13.715951000273344 4
      vertex -45.21543086334687 13.715951000273344 0
    endloop
  endfacet
  facet normal -0.9415440651830211 0.33688985339221933 0
    outer loop
      vertex -45.21543086334687 13.715951000273344 0
      vertex -45.21543086334687 13.715951000273344 4
      vertex -43.6533079111583 18.081792179250492 4
    endloop
  endfacet
  facet normal 0 0 -1
    outer loop
      vertex -43.39974865784295 8.632746749213675 0
      vertex -43.6533079111583 18.081792179250492 0
      vertex -42.34460985615024 12.845096968509958 0
    endloop
  endfacet
  facet normal 0 0 1
    outer loop
      vertex -43.39974865784295 8.632746749213675 4
      vertex -42.34460985615024 12.845096968509958 4
      vertex -43.6533079111583 18.081792179250492 4
    endloop
  endfacet
  facet normal 0 0 1
    outer loop
      vertex -43.39974865784295 8.632746749213675 4
      vertex -43.6533079111583 18.081792179250492 4
      vertex -45.21543086334687 13.715951000273344 4
    endloop
  endfacet
  facet normal -0.9415440651830211 0.33688985339221933 -1.134501575452652e-18
    outer loop
      vertex -45.21543086334687 13.715951000273344 0
      vertex -43.6533079111583 18.081792179250492 4
      vertex -43.6533079111583 18.081792179250492 0
    endloop
  endfacet
  facet normal 0 0 1
    outer loop
      vertex -42.34460985615024 12.845096968509958 4
      vertex -40.881669313624435 16.93374188215522 4
      vertex -43.6533079111583 18.081792179250492 4
    endloop
  endfacet
  facet normal 0 0 -1
    outer loop
      vertex -42.34460985615024 12.845096968509958 0
      vertex -41.67077974045978 22.27349581502839 0
      vertex -40.881669313624435 16.93374188215522 0
    endloop
  endfacet
  facet normal -0.9039892931234436 0.4275550934302817 0
    outer loop
      vertex -43.6533079111583 18.081792179250492 0
      vertex -43.6533079111583 18.081792179250492 4
      vertex -41.67077974045978 22.27349581502839 4
    endloop
  endfacet
  facet normal 0 0 -1
    outer loop
      vertex -42.34460985615024 12.845096968509958 0
      vertex -43.6533079111583 18.081792179250492 0
      vertex -41.67077974045978 22.27349581502839 0
    endloop
  endfacet
  facet normal 0 0 1
    outer loop
      vertex -43.6533079111583 18.081792179250492 4
      vertex -40.881669313624435 16.93374188215522 4
      vertex -41.67077974045978 22.27349581502839 4
    endloop
  endfacet
  facet normal -0.9039892931234436 0.4275550934302817 -1.2922876275750508e-17
    outer loop
      vertex -43.6533079111583 18.081792179250492 0
      vertex -41.67077974045978 22.27349581502839 4
      vertex -41.67077974045978 22.27349581502839 0
    endloop
  endfacet
  facet normal 0 0 1
    outer loop
      vertex -41.67077974045978 22.27349581502839 4
      vertex -40.881669313624435 16.93374188215522 4
      vertex -39.02501594741471 20.859305604550396 4
    endloop
  endfacet
  facet normal 0 0 -1
    outer loop
      vertex -41.67077974045978 22.27349581502839 0
      vertex -39.28693918129526 26.250693510176202 0
      vertex -40.881669313624435 16.93374188215522 0
    endloop
  endfacet
  facet normal -0.8577286100002713 0.5141027441932231 0
    outer loop
      vertex -41.67077974045978 22.27349581502839 0
      vertex -41.67077974045978 22.27349581502839 4
      vertex -39.28693918129526 26.250693510176202 4
    endloop
  endfacet
  facet normal 0 0 1
    outer loop
      vertex -41.67077974045978 22.27349581502839 4
      vertex -39.02501594741471 20.859305604550396 4
      vertex -39.28693918129526 26.250693510176202 4
    endloop
  endfacet
  facet normal 0 0 -1
    outer loop
      vertex -40.881669313624435 16.93374188215522 0
      vertex -39.28693918129526 26.250693510176202 0
      vertex -39.02501594741471 20.859305604550396 0
    endloop
  endfacet
  facet normal -0.8577286100002713 0.5141027441932231 -3.735094651281818e-17
    outer loop
      vertex -41.67077974045978 22.27349581502839 0
      vertex -39.28693918129526 26.250693510176202 4
      vertex -39.28693918129526 26.250693510176202 0
    endloop
  endfacet
  facet normal 0 0 -1
    outer loop
      vertex -39.02501594741471 20.859305604550396 0
      vertex -39.28693918129526 26.250693510176202 0
      vertex -36.79253034438763 24.583982811117398 0
    endloop
  endfacet
  facet normal 0 0 1
    outer loop
      vertex -39.02501594741471 20.859305604550396 4
      vertex -36.79253034438763 24.583982811117398 4
      vertex -39.28693918129526 26.250693510176202 4
    endloop
  endfacet
  facet normal 0 0 1
    outer loop
      vertex -39.28693918129526 26.250693510176202 4
      vertex -36.79253034438763 24.583982811117398 4
      vertex -34.20571256130111 28.071902824241313 4
    endloop
  endfacet
  facet normal -0.8032075314806455 0.5956993044924325 0
    outer loop
      vertex -39.28693918129526 26.250693510176202 0
      vertex -39.28693918129526 26.250693510176202 4
      vertex -36.52474392138932 29.97508267673225 4
    endloop
  endfacet
  facet normal 0 0 -1
    outer loop
      vertex -39.28693918129526 26.250693510176202 0
      vertex -36.52474392138932 29.97508267673225 0
      vertex -36.79253034438763 24.583982811117398 0
    endloop
  endfacet
  facet normal -0.8032075314806455 0.5956993044924325 4.4966096513268067e-17
    outer loop
      vertex -39.28693918129526 26.250693510176202 0
      vertex -36.52474392138932 29.97508267673225 4
      vertex -36.52474392138932 29.97508267673225 0
    endloop
  endfacet
  facet normal 0 0 -1
    outer loop
      vertex -36.79253034438763 24.583982811117398 0
      vertex -36.52474392138932 29.97508267673225 0
      vertex -34.20571256130111 28.071902824241313 0
    endloop
  endfacet
  facet normal 0 0 1
    outer loop
      vertex -39.28693918129526 26.250693510176202 4
      vertex -34.20571256130111 28.071902824241313 4
      vertex -36.52474392138932 29.97508267673225 4
    endloop
  endfacet
  facet normal -0.740951125354959 0.6715589548470187 0
    outer loop
      vertex -36.52474392138932 29.97508267673225 0
      vertex -36.52474392138932 29.97508267673225 4
      vertex -33.41079541106437 33.41079541106437 4
    endloop
  endfacet
  facet normal 0 0 -1
    outer loop
      vertex -36.52474392138932 29.97508267673225 0
      vertex -33.41079541106437 33.41079541106437 0
      vertex -34.20571256130111 28.071902824241313 0
    endloop
  endfacet
  facet normal 0 0 1
    outer loop
      vertex -36.52474392138932 29.97508267673225 4
      vertex -34.20571256130111 28.071902824241313 4
      vertex -31.28947506750473 31.28947506750473 4
    endloop
  endfacet
  facet normal -0.740951125354959 0.6715589548470187 1.2012571297184335e-17
    outer loop
      vertex -36.52474392138932 29.97508267673225 0
      vertex -33.41079541106437 33.41079541106437 4
      vertex -33.41079541106437 33.41079541106437 0
    endloop
  endfacet
  facet normal 0 0 -1
    outer loop
      vertex -34.20571256130111 28.071902824241313 0
      vertex -33.41079541106437 33.41079541106437 0
      vertex -31.28947506750473 31.28947506750473 0
    endloop
  endfacet
  facet normal 0 0 1
    outer loop
      vertex -36.52474392138932 29.97508267673225 4
      vertex -31.28947506750473 31.28947506750473 4
      vertex -33.41079541106437 33.41079541106437 4
    endloop
  endfacet
  facet normal 0 0 -1
    outer loop
      vertex -33.41079541106437 33.41079541106437 0
      vertex -29.97508267673225 36.52474392138932 0
      vertex -31.28947506750473 31.28947506750473 0
    endloop
  endfacet
  facet normal -0.6715589548470187 0.740951125354959 0
    outer loop
      vertex -33.41079541106437 33.41079541106437 0
      vertex -33.41079541106437 33.41079541106437 4
      vertex -29.97508267673225 36.52474392138932 0
    endloop
  endfacet
  facet normal 0 0 1
    outer loop
      vertex -33.41079541106437 33.41079541106437 4
      vertex -31.28947506750473 31.28947506750473 4
      vertex -28.071902824241313 34.20571256130111 4
    endloop
  endfacet
  facet normal 0 0 -1
    outer loop
      vertex -31.28947506750473 31.28947506750473 0
      vertex -29.97508267673225 36.52474392138932 0
      vertex -28.071902824241313 34.20571256130111 0
    endloop
  endfacet
  facet normal 0 0 1
    outer loop
      vertex -33.41079541106437 33.41079541106437 4
      vertex -28.071902824241313 34.20571256130111 4
      vertex -29.97508267673225 36.52474392138932 4
    endloop
  endfacet
  facet normal -0.6715589548470187 0.740951125354959 1.2012571297184335e-17
    outer loop
      vertex -33.41079541106437 33.41079541106437 4
      vertex -29.97508267673225 36.52474392138932 4
      vertex -29.97508267673225 36.52474392138932 0
    endloop
  endfacet
  facet normal 0 0 -1
    outer loop
      vertex -28.071902824241313 34.20571256130111 0
      vertex -29.97508267673225 36.52474392138932 0
      vertex -26.250693510176202 39.28693918129526 0
    endloop
  endfacet
  facet normal -0.5956993044924325 0.8032075314806455 0
    outer loop
      vertex -29.97508267673225 36.52474392138932 0
      vertex -29.97508267673225 36.52474392138932 4
      vertex -26.250693510176202 39.28693918129526 0
    endloop
  endfacet
  facet normal 0 0 1
    outer loop
      vertex -28.071902824241313 34.20571256130111 4
      vertex -24.583982811117398 36.79253034438763 4
      vertex -29.97508267673225 36.52474392138932 4
    endloop
  endfacet
  facet normal -0.5956993044924325 0.8032075314806455 4.4966096513268067e-17
    outer loop
      vertex -29.97508267673225 36.52474392138932 4
      vertex -26.250693510176202 39.28693918129526 4
      vertex -26.250693510176202 39.28693918129526 0
    endloop
  endfacet
  facet normal 0 0 1
    outer loop
      vertex -29.97508267673225 36.52474392138932 4
      vertex -24.583982811117398 36.79253034438763 4
      vertex -26.250693510176202 39.28693918129526 4
    endloop
  endfacet
  facet normal 0 0 -1
    outer loop
      vertex -28.071902824241313 34.20571256130111 0
      vertex -26.250693510176202 39.28693918129526 0
      vertex -24.583982811117398 36.79253034438763 0
    endloop
  endfacet
  facet normal 0 0 1
    outer loop
      vertex -24.583982811117398 36.79253034438763 4
      vertex -20.859305604550396 39.02501594741471 4
      vertex -26.250693510176202 39.28693918129526 4
    endloop
  endfacet
  facet normal 0 0 -1
    outer loop
      vertex -24.583982811117398 36.79253034438763 0
      vertex -26.250693510176202 39.28693918129526 0
      vertex -22.27349581502839 41.67077974045978 0
    endloop
  endfacet
  facet normal -0.5141027441932231 0.8577286100002713 0
    outer loop
      vertex -26.250693510176202 39.28693918129526 0
      vertex -26.250693510176202 39.28693918129526 4
      vertex -22.27349581502839 41.67077974045978 0
    endloop
  endfacet
  facet normal 0 0 -1
    outer loop
      vertex -24.583982811117398 36.79253034438763 0
      vertex -22.27349581502839 41.67077974045978 0
      vertex -20.859305604550396 39.02501594741471 0
    endloop
  endfacet
  facet normal -0.5141027441932231 0.8577286100002713 -3.735094651281818e-17
    outer loop
      vertex -26.250693510176202 39.28693918129526 4
      vertex -22.27349581502839 41.67077974045978 4
      vertex -22.27349581502839 41.67077974045978 0
    endloop
  endfacet
  facet normal 0 0 1
    outer loop
      vertex -26.250693510176202 39.28693918129526 4
      vertex -20.859305604550396 39.02501594741471 4
      vertex -22.27349581502839 41.67077974045978 4
    endloop
  endfacet
  facet normal 0 0 1
    outer loop
      vertex -20.859305604550396 39.02501594741471 4
      vertex -16.93374188215522 40.881669313624435 4
      vertex -22.27349581502839 41.67077974045978 4
    endloop
  endfacet
  facet normal 0 0 -1
    outer loop
      vertex -20.859305604550396 39.02501594741471 0
      vertex -18.081792179250492 43.6533079111583 0
      vertex -16.93374188215522 40.881669313624435 0
    endloop
  endfacet
  facet normal -0.4275550934302817 0.9039892931234436 0
    outer loop
      vertex -22.27349581502839 41.67077974045978 0
      vertex -22.27349581502839 41.67077974045978 4
      vertex -18.081792179250492 43.6533079111583 0
    endloop
  endfacet
  facet normal 0 0 -1
    outer loop
      vertex -20.859305604550396 39.02501594741471 0
      vertex -22.27349581502839 41.67077974045978 0
      vertex -18.081792179250492 43.6533079111583 0
    endloop
  endfacet
  facet normal -0.4275550934302817 0.9039892931234436 -1.2922876275750508e-17
    outer loop
      vertex -22.27349581502839 41.67077974045978 4
      vertex -18.081792179250492 43.6533079111583 4
      vertex -18.081792179250492 43.6533079111583 0
    endloop
  endfacet
  facet normal 0 0 1
    outer loop
      vertex -22.27349581502839 41.67077974045978 4
      vertex -16.93374188215522 40.881669313624435 4
      vertex -18.081792179250492 43.6533079111583 4
    endloop
  endfacet
  facet normal 0 0 -1
    outer loop
      vertex -18.081792179250492 43.6533079111583 0
      vertex -13.715951000273344 45.21543086334687 0
      vertex -16.93374188215522 40.881669313624435 0
    endloop
  endfacet
  facet normal -0.33688985339221933 0.9415440651830211 0
    outer loop
      vertex -18.081792179250492 43.6533079111583 0
      vertex -18.081792179250492 43.6533079111583 4
      vertex -13.715951000273344 45.21543086334687 0
    endloop
  endfacet
  facet normal 0 0 1
    outer loop
      vertex -18.081792179250492 43.6533079111583 4
      vertex -16.93374188215522 40.881669313624435 4
      vertex -12.845096968509958 42.34460985615024 4
    endloop
  endfacet
  facet normal 0 0 1
    outer loop
      vertex -18.081792179250492 43.6533079111583 4
      vertex -12.845096968509958 42.34460985615024 4
      vertex -13.715951000273344 45.21543086334687 4
    endloop
  endfacet
  facet normal -0.33688985339221933 0.9415440651830211 -1.134501575452652e-18
    outer loop
      vertex -18.081792179250492 43.6533079111583 4
      vertex -13.715951000273344 45.21543086334687 4
      vertex -13.715951000273344 45.21543086334687 0
    endloop
  endfacet
  facet normal 0 0 -1
    outer loop
      vertex -16.93374188215522 40.881669313624435 0
      vertex -13.715951000273344 45.21543086334687 0
      vertex -12.845096968509958 42.34460985615024 0
    endloop
  endfacet
  facet normal 0 0 -1
    outer loop
      vertex -12.845096968509958 42.34460985615024 0
      vertex -13.715951000273344 45.21543086334687 0
      vertex -9.218017715262059 46.34210449905264 0
    endloop
  endfacet
  facet normal -0.24298017990326415 0.970031253194544 0
    outer loop
      vertex -13.715951000273344 45.21543086334687 0
      vertex -13.715951000273344 45.21543086334687 4
      vertex -9.218017715262059 46.34210449905264 0
    endloop
  endfacet
  facet normal 0 0 1
    outer loop
      vertex -12.845096968509958 42.34460985615024 4
      vertex -8.632746749213675 43.39974865784295 4
      vertex -13.715951000273344 45.21543086334687 4
    endloop
  endfacet
  facet normal 0 0 -1
    outer loop
      vertex -12.845096968509958 42.34460985615024 0
      vertex -9.218017715262059 46.34210449905264 0
      vertex -8.632746749213675 43.39974865784295 0
    endloop
  endfacet
  facet normal 0 0 1
    outer loop
      vertex -13.715951000273344 45.21543086334687 4
      vertex -8.632746749213675 43.39974865784295 4
      vertex -9.218017715262059 46.34210449905264 4
    endloop
  endfacet
  facet normal -0.24298017990326415 0.970031253194544 1.989464878764769e-17
    outer loop
      vertex -13.715951000273344 45.21543086334687 4
      vertex -9.218017715262059 46.34210449905264 4
      vertex -9.218017715262059 46.34210449905264 0
    endloop
  endfacet
  facet normal 0 0 -1
    outer loop
      vertex -9.218017715262059 46.34210449905264 0
      vertex -4.631309880571738 47.022478335261304 0
      vertex -8.632746749213675 43.39974865784295 0
    endloop
  endfacet
  facet normal 0 0 1
    outer loop
      vertex -9.218017715262059 46.34210449905264 4
      vertex -8.632746749213675 43.39974865784295 4
      vertex -4.337258459583056 44.03692415524471 4
    endloop
  endfacet
  facet normal -0.14673047445536222 0.9891765099647808 0
    outer loop
      vertex -9.218017715262059 46.34210449905264 0
      vertex -9.218017715262059 46.34210449905264 4
      vertex -4.631309880571738 47.022478335261304 0
    endloop
  endfacet
  facet normal -0.14673047445536222 0.9891765099647808 1.067900055676416e-17
    outer loop
      vertex -9.218017715262059 46.34210449905264 4
      vertex -4.631309880571738 47.022478335261304 4
      vertex -4.631309880571738 47.022478335261304 0
    endloop
  endfacet
  facet normal 0 0 1
    outer loop
      vertex -9.218017715262059 46.34210449905264 4
      vertex -4.337258459583056 44.03692415524471 4
      vertex -4.631309880571738 47.022478335261304 4
    endloop
  endfacet
  facet normal 0 0 -1
    outer loop
      vertex -8.632746749213675 43.39974865784295 0
      vertex -4.631309880571738 47.022478335261304 0
      vertex -4.337258459583056 44.03692415524471 0
    endloop
  endfacet
  facet normal 0 0 -1
    outer loop
      vertex -4.337258459583056 44.03692415524471 0
      vertex -4.631309880571738 47.022478335261304 0
      vertex -1 46.50919198159471 0
    endloop
  endfacet
  facet normal -0.04906767432741825 0.9987954562051724 0
    outer loop
      vertex -4.631309880571738 47.022478335261304 0
      vertex -4.631309880571738 47.022478335261304 4
      vertex -1 47.200873150230535 0
    endloop
  endfacet
  facet normal 0 0 1
    outer loop
      vertex -4.337258459583056 44.03692415524471 4
      vertex -1 47.200873150230535 4
      vertex -4.631309880571738 47.022478335261304 4
    endloop
  endfacet
  facet normal 0 0 -1
    outer loop
      vertex -4.337258459583056 44.03692415524471 0
      vertex -1 46.50919198159471 0
      vertex -1 44.200873150230535 0
    endloop
  endfacet
  facet normal 0 0 1
    outer loop
      vertex -4.337258459583056 44.03692415524471 4
      vertex -1 44.200873150230535 4
      vertex -1 47.200873150230535 4
    endloop
  endfacet
  facet normal 0 0 -1
    outer loop
      vertex -4.631309880571738 47.022478335261304 0
      vertex -1 47.200873150230535 0
      vertex -1 46.50919198159471 0
    endloop
  endfacet
  facet normal -0.04906767432741825 0.9987954562051724 -3.1633300518541545e-18
    outer loop
      vertex -4.631309880571738 47.022478335261304 4
      vertex -1 47.200873150230535 4
      vertex -1 47.200873150230535 0
    endloop
  endfacet
  facet normal 0 0 -1
    outer loop
      vertex 0 -47.25 0
      vertex 0 -44.25 0
      vertex 4.337258459583056 -44.03692415524471 0
    endloop
  endfacet
  facet normal 0.049067674327417675 -0.9987954562051724 0
    outer loop
      vertex 0 -47.25 0
      vertex 4.631309880571738 -47.022478335261304 4
      vertex 0 -47.25 4
    endloop
  endfacet
  facet normal 0 0 1
    outer loop
      vertex 0 -47.25 4
      vertex 4.631309880571738 -47.022478335261304 4
      vertex 0 -44.25 4
    endloop
  endfacet
  facet normal 0.049067674327417675 -0.9987954562051724 3.2319332015694964e-18
    outer loop
      vertex 0 -47.25 0
      vertex 4.631309880571738 -47.022478335261304 0
      vertex 4.631309880571738 -47.022478335261304 4
    endloop
  endfacet
  facet normal 0 0 -1
    outer loop
      vertex 0 -47.25 0
      vertex 4.337258459583056 -44.03692415524471 0
      vertex 4.631309880571738 -47.022478335261304 0
    endloop
  endfacet
  facet normal 0 0 1
    outer loop
      vertex 0 -44.25 4
      vertex 4.631309880571738 -47.022478335261304 4
      vertex 4.337258459583056 -44.03692415524471 4
    endloop
  endfacet
  facet normal 0 0 -1
    outer loop
      vertex 4.631309880571738 -47.022478335261304 0
      vertex 4.337258459583056 -44.03692415524471 0
      vertex 8.632746749213675 -43.39974865784295 0
    endloop
  endfacet
  facet normal 0.14673047445536222 -0.9891765099647808 0
    outer loop
      vertex 4.631309880571738 -47.022478335261304 0
      vertex 9.218017715262059 -46.34210449905264 4
      vertex 4.631309880571738 -47.022478335261304 4
    endloop
  endfacet
  facet normal 0 0 1
    outer loop
      vertex 4.631309880571738 -47.022478335261304 4
      vertex 9.218017715262059 -46.34210449905264 4
      vertex 4.337258459583056 -44.03692415524471 4
    endloop
  endfacet
  facet normal 0.14673047445536222 -0.9891765099647808 1.067900055676416e-17
    outer loop
      vertex 4.631309880571738 -47.022478335261304 0
      vertex 9.218017715262059 -46.34210449905264 0
      vertex 9.218017715262059 -46.34210449905264 4
    endloop
  endfacet
  facet normal 0 0 -1
    outer loop
      vertex 4.631309880571738 -47.022478335261304 0
      vertex 8.632746749213675 -43.39974865784295 0
      vertex 9.218017715262059 -46.34210449905264 0
    endloop
  endfacet
  facet normal 0 0 1
    outer loop
      vertex 4.337258459583056 -44.03692415524471 4
      vertex 9.218017715262059 -46.34210449905264 4
      vertex 8.632746749213675 -43.39974865784295 4
    endloop
  endfacet
  facet normal 0.24298017990326415 -0.970031253194544 0
    outer loop
      vertex 9.218017715262059 -46.34210449905264 0
      vertex 13.715951000273344 -45.21543086334687 4
      vertex 9.218017715262059 -46.34210449905264 4
    endloop
  endfacet
  facet normal 0 0 1
    outer loop
      vertex 8.632746749213675 -43.39974865784295 4
      vertex 9.218017715262059 -46.34210449905264 4
      vertex 13.715951000273344 -45.21543086334687 4
    endloop
  endfacet
  facet normal 0 0 -1
    outer loop
      vertex 8.632746749213675 -43.39974865784295 0
      vertex 12.845096968509958 -42.34460985615024 0
      vertex 9.218017715262059 -46.34210449905264 0
    endloop
  endfacet
  facet normal 0 0 1
    outer loop
      vertex 8.632746749213675 -43.39974865784295 4
      vertex 13.715951000273344 -45.21543086334687 4
      vertex 12.845096968509958 -42.34460985615024 4
    endloop
  endfacet
  facet normal 0.24298017990326415 -0.970031253194544 1.989464878764769e-17
    outer loop
      vertex 9.218017715262059 -46.34210449905264 0
      vertex 13.715951000273344 -45.21543086334687 0
      vertex 13.715951000273344 -45.21543086334687 4
    endloop
  endfacet
  facet normal 0 0 -1
    outer loop
      vertex 9.218017715262059 -46.34210449905264 0
      vertex 12.845096968509958 -42.34460985615024 0
      vertex 13.715951000273344 -45.21543086334687 0
    endloop
  endfacet
  facet normal 0 0 -1
    outer loop
      vertex 13.715951000273344 -45.21543086334687 0
      vertex 12.845096968509958 -42.34460985615024 0
      vertex 16.93374188215522 -40.881669313624435 0
    endloop
  endfacet
  facet normal 0.33688985339221933 -0.9415440651830211 0
    outer loop
      vertex 13.715951000273344 -45.21543086334687 0
      vertex 18.081792179250492 -43.6533079111583 4
      vertex 13.715951000273344 -45.21543086334687 4
    endloop
  endfacet
  facet normal 0 0 1
    outer loop
      vertex 13.715951000273344 -45.21543086334687 4
      vertex 18.081792179250492 -43.6533079111583 4
      vertex 12.845096968509958 -42.34460985615024 4
    endloop
  endfacet
  facet normal 0 0 1
    outer loop
      vertex 12.845096968509958 -42.34460985615024 4
      vertex 18.081792179250492 -43.6533079111583 4
      vertex 16.93374188215522 -40.881669313624435 4
    endloop
  endfacet
  facet normal 0.33688985339221933 -0.9415440651830211 -1.134501575452652e-18
    outer loop
      vertex 13.715951000273344 -45.21543086334687 0
      vertex 18.081792179250492 -43.6533079111583 0
      vertex 18.081792179250492 -43.6533079111583 4
    endloop
  endfacet
  facet normal 0 0 -1
    outer loop
      vertex 13.715951000273344 -45.21543086334687 0
      vertex 16.93374188215522 -40.881669313624435 0
      vertex 18.081792179250492 -43.6533079111583 0
    endloop
  endfacet
  facet normal 0 0 1
    outer loop
      vertex 16.93374188215522 -40.881669313624435 4
      vertex 18.081792179250492 -43.6533079111583 4
      vertex 22.27349581502839 -41.67077974045978 4
    endloop
  endfacet
  facet normal 0.4275550934302817 -0.9039892931234436 0
    outer loop
      vertex 18.081792179250492 -43.6533079111583 0
      vertex 22.27349581502839 -41.67077974045978 4
      vertex 18.081792179250492 -43.6533079111583 4
    endloop
  endfacet
  facet normal 0 0 -1
    outer loop
      vertex 18.081792179250492 -43.6533079111583 0
      vertex 20.859305604550396 -39.02501594741471 0
      vertex 22.27349581502839 -41.67077974045978 0
    endloop
  endfacet
  facet normal 0.4275550934302817 -0.9039892931234436 -1.2922876275750508e-17
    outer loop
      vertex 18.081792179250492 -43.6533079111583 0
      vertex 22.27349581502839 -41.67077974045978 0
      vertex 22.27349581502839 -41.67077974045978 4
    endloop
  endfacet
  facet normal 0 0 -1
    outer loop
      vertex 16.93374188215522 -40.881669313624435 0
      vertex 20.859305604550396 -39.02501594741471 0
      vertex 18.081792179250492 -43.6533079111583 0
    endloop
  endfacet
  facet normal 0 0 1
    outer loop
      vertex 16.93374188215522 -40.881669313624435 4
      vertex 22.27349581502839 -41.67077974045978 4
      vertex 20.859305604550396 -39.02501594741471 4
    endloop
  endfacet
  facet normal 0.5141027441932231 -0.8577286100002713 0
    outer loop
      vertex 22.27349581502839 -41.67077974045978 0
      vertex 26.250693510176202 -39.28693918129526 4
      vertex 22.27349581502839 -41.67077974045978 4
    endloop
  endfacet
  facet normal 0 0 1
    outer loop
      vertex 22.27349581502839 -41.67077974045978 4
      vertex 26.250693510176202 -39.28693918129526 4
      vertex 20.859305604550396 -39.02501594741471 4
    endloop
  endfacet
  facet normal 0 0 -1
    outer loop
      vertex 22.27349581502839 -41.67077974045978 0
      vertex 20.859305604550396 -39.02501594741471 0
      vertex 24.583982811117398 -36.79253034438763 0
    endloop
  endfacet
  facet normal 0.5141027441932231 -0.8577286100002713 -3.735094651281818e-17
    outer loop
      vertex 22.27349581502839 -41.67077974045978 0
      vertex 26.250693510176202 -39.28693918129526 0
      vertex 26.250693510176202 -39.28693918129526 4
    endloop
  endfacet
  facet normal 0 0 -1
    outer loop
      vertex 22.27349581502839 -41.67077974045978 0
      vertex 24.583982811117398 -36.79253034438763 0
      vertex 26.250693510176202 -39.28693918129526 0
    endloop
  endfacet
  facet normal 0 0 1
    outer loop
      vertex 20.859305604550396 -39.02501594741471 4
      vertex 26.250693510176202 -39.28693918129526 4
      vertex 24.583982811117398 -36.79253034438763 4
    endloop
  endfacet
  facet normal 0 0 -1
    outer loop
      vertex 26.250693510176202 -39.28693918129526 0
      vertex 24.583982811117398 -36.79253034438763 0
      vertex 28.071902824241313 -34.20571256130111 0
    endloop
  endfacet
  facet normal 0.5956993044924325 -0.8032075314806455 0
    outer loop
      vertex 26.250693510176202 -39.28693918129526 0
      vertex 29.97508267673225 -36.52474392138932 4
      vertex 26.250693510176202 -39.28693918129526 4
    endloop
  endfacet
  facet normal 0 0 1
    outer loop
      vertex 26.250693510176202 -39.28693918129526 4
      vertex 29.97508267673225 -36.52474392138932 4
      vertex 24.583982811117398 -36.79253034438763 4
    endloop
  endfacet
  facet normal 0 0 1
    outer loop
      vertex 24.583982811117398 -36.79253034438763 4
      vertex 29.97508267673225 -36.52474392138932 4
      vertex 28.071902824241313 -34.20571256130111 4
    endloop
  endfacet
  facet normal 0.5956993044924325 -0.8032075314806455 4.4966096513268067e-17
    outer loop
      vertex 26.250693510176202 -39.28693918129526 0
      vertex 29.97508267673225 -36.52474392138932 0
      vertex 29.97508267673225 -36.52474392138932 4
    endloop
  endfacet
  facet normal 0 0 -1
    outer loop
      vertex 26.250693510176202 -39.28693918129526 0
      vertex 28.071902824241313 -34.20571256130111 0
      vertex 29.97508267673225 -36.52474392138932 0
    endloop
  endfacet
  facet normal 0.6715589548470187 -0.740951125354959 0
    outer loop
      vertex 29.97508267673225 -36.52474392138932 0
      vertex 33.41079541106437 -33.41079541106437 4
      vertex 29.97508267673225 -36.52474392138932 4
    endloop
  endfacet
  facet normal 0 0 -1
    outer loop
      vertex 29.97508267673225 -36.52474392138932 0
      vertex 28.071902824241313 -34.20571256130111 0
      vertex 31.28947506750473 -31.28947506750473 0
    endloop
  endfacet
  facet normal 0 0 1
    outer loop
      vertex 29.97508267673225 -36.52474392138932 4
      vertex 33.41079541106437 -33.41079541106437 4
      vertex 28.071902824241313 -34.20571256130111 4
    endloop
  endfacet
  facet normal 0 0 1
    outer loop
      vertex 28.071902824241313 -34.20571256130111 4
      vertex 33.41079541106437 -33.41079541106437 4
      vertex 31.28947506750473 -31.28947506750473 4
    endloop
  endfacet
  facet normal 0.6715589548470187 -0.740951125354959 1.2012571297184335e-17
    outer loop
      vertex 29.97508267673225 -36.52474392138932 0
      vertex 33.41079541106437 -33.41079541106437 0
      vertex 33.41079541106437 -33.41079541106437 4
    endloop
  endfacet
  facet normal 0 0 -1
    outer loop
      vertex 29.97508267673225 -36.52474392138932 0
      vertex 31.28947506750473 -31.28947506750473 0
      vertex 33.41079541106437 -33.41079541106437 0
    endloop
  endfacet
  facet normal 0 0 1
    outer loop
      vertex 31.28947506750473 -31.28947506750473 4
      vertex 33.41079541106437 -33.41079541106437 4
      vertex 36.52474392138932 -29.97508267673225 4
    endloop
  endfacet
  facet normal 0 0 -1
    outer loop
      vertex 31.28947506750473 -31.28947506750473 0
      vertex 34.20571256130111 -28.071902824241313 0
      vertex 33.41079541106437 -33.41079541106437 0
    endloop
  endfacet
  facet normal 0.740951125354959 -0.6715589548470187 0
    outer loop
      vertex 33.41079541106437 -33.41079541106437 0
      vertex 36.52474392138932 -29.97508267673225 0
      vertex 33.41079541106437 -33.41079541106437 4
    endloop
  endfacet
  facet normal 0 0 -1
    outer loop
      vertex 33.41079541106437 -33.41079541106437 0
      vertex 34.20571256130111 -28.071902824241313 0
      vertex 36.52474392138932 -29.97508267673225 0
    endloop
  endfacet
  facet normal 0 0 1
    outer loop
      vertex 31.28947506750473 -31.28947506750473 4
      vertex 36.52474392138932 -29.97508267673225 4
      vertex 34.20571256130111 -28.071902824241313 4
    endloop
  endfacet
  facet normal 0.740951125354959 -0.6715589548470187 1.2012571297184335e-17
    outer loop
      vertex 33.41079541106437 -33.41079541106437 4
      vertex 36.52474392138932 -29.97508267673225 0
      vertex 36.52474392138932 -29.97508267673225 4
    endloop
  endfacet
  facet normal 0 0 1
    outer loop
      vertex 34.20571256130111 -28.071902824241313 4
      vertex 36.52474392138932 -29.97508267673225 4
      vertex 39.28693918129526 -26.250693510176202 4
    endloop
  endfacet
  facet normal 0 0 -1
    outer loop
      vertex 34.20571256130111 -28.071902824241313 0
      vertex 36.79253034438763 -24.583982811117398 0
      vertex 36.52474392138932 -29.97508267673225 0
    endloop
  endfacet
  facet normal 0.8032075314806455 -0.5956993044924325 0
    outer loop
      vertex 36.52474392138932 -29.97508267673225 0
      vertex 39.28693918129526 -26.250693510176202 0
      vertex 36.52474392138932 -29.97508267673225 4
    endloop
  endfacet
  facet normal 0 0 -1
    outer loop
      vertex 36.52474392138932 -29.97508267673225 0
      vertex 36.79253034438763 -24.583982811117398 0
      vertex 39.28693918129526 -26.250693510176202 0
    endloop
  endfacet
  facet normal 0.8032075314806455 -0.5956993044924325 4.4966096513268067e-17
    outer loop
      vertex 36.52474392138932 -29.97508267673225 4
      vertex 39.28693918129526 -26.250693510176202 0
      vertex 39.28693918129526 -26.250693510176202 4
    endloop
  endfacet
  facet normal 0 0 1
    outer loop
      vertex 34.20571256130111 -28.071902824241313 4
      vertex 39.28693918129526 -26.250693510176202 4
      vertex 36.79253034438763 -24.583982811117398 4
    endloop
  endfacet
  facet normal 0 0 -1
    outer loop
      vertex 36.79253034438763 -24.583982811117398 0
      vertex 37.766416790229684 -22.959151438545963 0
      vertex 39.16629497102996 -23.76737148306368 0
    endloop
  endfacet
  facet normal 0 0 1
    outer loop
      vertex 36.79253034438763 -24.583982811117398 4
      vertex 39.28693918129526 -26.250693510176202 4
      vertex 37.766416790229684 -22.959151438545963 4
    endloop
  endfacet
  facet normal 0.8577286100002708 -0.5141027441932241 0
    outer loop
      vertex 39.28693918129526 -26.250693510176202 0
      vertex 40.361710916501174 -24.45754520097506 4
      vertex 39.28693918129526 -26.250693510176202 4
    endloop
  endfacet
  facet normal 0 0 -1
    outer loop
      vertex 36.79253034438763 -24.583982811117398 0
      vertex 39.16629497102996 -23.76737148306368 0
      vertex 39.28693918129526 -26.250693510176202 0
    endloop
  endfacet
  facet normal 0 0 -1
    outer loop
      vertex 39.28693918129526 -26.250693510176202 0
      vertex 39.16629497102996 -23.76737148306368 0
      vertex 39.66627100338851 -24.03450898731276 0
    endloop
  endfacet
  facet normal 0 0 -1
    outer loop
      vertex 39.28693918129526 -26.250693510176202 0
      vertex 39.66627100338851 -24.03450898731276 0
      vertex 40.361710916501174 -24.45754520097506 0
    endloop
  endfacet
  facet normal 0 0 -1
    outer loop
      vertex 39.16450264360513 -23.73047848866234 0
      vertex 39.66627100338851 -24.03450898731276 0
      vertex 39.16629497102996 -23.76737148306368 0
    endloop
  endfacet
  facet normal 0 0 1
    outer loop
      vertex 39.28693918129526 -26.250693510176202 4
      vertex 40.361710916501174 -24.45754520097506 4
      vertex 37.766416790229684 -22.959151438545963 4
    endloop
  endfacet
  facet normal 0.8577286100002708 -0.5141027441932241 8.65223548476444e-18
    outer loop
      vertex 39.28693918129526 -26.250693510176202 0
      vertex 40.361710916501174 -24.45754520097506 0
      vertex 40.361710916501174 -24.45754520097506 4
    endloop
  endfacet
  facet normal 0 0 -1
    outer loop
      vertex 38.794759934779144 -21.243464553112396 0
      vertex 39.02501594741471 -20.859305604550396 0
      vertex 39.050862416849384 -21.39132539007578 0
    endloop
  endfacet
  facet normal 0 0 1
    outer loop
      vertex 38.794759934779144 -21.243464553112396 4
      vertex 41.390054061050634 -22.741858315541496 4
      vertex 39.02501594741471 -20.859305604550396 4
    endloop
  endfacet
  facet normal 0 0 -1
    outer loop
      vertex 39.050862416849384 -21.39132539007578 0
      vertex 41.67077974045978 -22.27349581502839 0
      vertex 41.390054061050634 -22.741858315541496 0
    endloop
  endfacet
  facet normal 0 0 1
    outer loop
      vertex 39.02501594741471 -20.859305604550396 4
      vertex 41.390054061050634 -22.741858315541496 4
      vertex 41.67077974045978 -22.27349581502839 4
    endloop
  endfacet
  facet normal 0 0 -1
    outer loop
      vertex 39.050862416849384 -21.39132539007578 0
      vertex 39.02501594741471 -20.859305604550396 0
      vertex 40.881669313624435 -16.93374188215522 0
    endloop
  endfacet
  facet normal 0 0 -1
    outer loop
      vertex 39.050862416849384 -21.39132539007578 0
      vertex 40.881669313624435 -16.93374188215522 0
      vertex 41.67077974045978 -22.27349581502839 0
    endloop
  endfacet
  facet normal 0 0 1
    outer loop
      vertex 39.02501594741471 -20.859305604550396 4
      vertex 41.67077974045978 -22.27349581502839 4
      vertex 40.881669313624435 -16.93374188215522 4
    endloop
  endfacet
  facet normal 0.8577286100002715 -0.5141027441932227 -4.228185410009562e-18
    outer loop
      vertex 41.390054061050634 -22.741858315541496 0
      vertex 41.67077974045978 -22.27349581502839 0
      vertex 41.67077974045978 -22.27349581502839 4
    endloop
  endfacet
  facet normal 0.8577286100002715 -0.5141027441932227 0
    outer loop
      vertex 41.390054061050634 -22.741858315541496 0
      vertex 41.67077974045978 -22.27349581502839 4
      vertex 41.390054061050634 -22.741858315541496 4
    endloop
  endfacet
  facet normal 0.9039892931234436 -0.4275550934302817 0
    outer loop
      vertex 41.67077974045978 -22.27349581502839 0
      vertex 43.6533079111583 -18.081792179250492 0
      vertex 41.67077974045978 -22.27349581502839 4
    endloop
  endfacet
  facet normal 0 0 -1
    outer loop
      vertex 41.67077974045978 -22.27349581502839 0
      vertex 42.34460985615024 -12.845096968509958 0
      vertex 43.6533079111583 -18.081792179250492 0
    endloop
  endfacet
  facet normal 0 0 1
    outer loop
      vertex 40.881669313624435 -16.93374188215522 4
      vertex 41.67077974045978 -22.27349581502839 4
      vertex 43.6533079111583 -18.081792179250492 4
    endloop
  endfacet
  facet normal 0.9039892931234436 -0.4275550934302817 -1.2922876275750508e-17
    outer loop
      vertex 41.67077974045978 -22.27349581502839 4
      vertex 43.6533079111583 -18.081792179250492 0
      vertex 43.6533079111583 -18.081792179250492 4
    endloop
  endfacet
  facet normal 0 0 -1
    outer loop
      vertex 40.881669313624435 -16.93374188215522 0
      vertex 42.34460985615024 -12.845096968509958 0
      vertex 41.67077974045978 -22.27349581502839 0
    endloop
  endfacet
  facet normal 0 0 1
    outer loop
      vertex 40.881669313624435 -16.93374188215522 4
      vertex 43.6533079111583 -18.081792179250492 4
      vertex 42.34460985615024 -12.845096968509958 4
    endloop
  endfacet
  facet normal 0.9415440651830211 -0.33688985339221933 0
    outer loop
      vertex 43.6533079111583 -18.081792179250492 0
      vertex 45.21543086334687 -13.715951000273344 0
      vertex 43.6533079111583 -18.081792179250492 4
    endloop
  endfacet
  facet normal 0 0 1
    outer loop
      vertex 43.6533079111583 -18.081792179250492 4
      vertex 45.21543086334687 -13.715951000273344 4
      vertex 43.39974865784295 -8.632746749213675 4
    endloop
  endfacet
  facet normal 0 0 -1
    outer loop
      vertex 43.6533079111583 -18.081792179250492 0
      vertex 42.34460985615024 -12.845096968509958 0
      vertex 43.39974865784295 -8.632746749213675 0
    endloop
  endfacet
  facet normal 0 0 1
    outer loop
      vertex 43.6533079111583 -18.081792179250492 4
      vertex 43.39974865784295 -8.632746749213675 4
      vertex 42.34460985615024 -12.845096968509958 4
    endloop
  endfacet
  facet normal 0.9415440651830211 -0.33688985339221933 -1.134501575452652e-18
    outer loop
      vertex 43.6533079111583 -18.081792179250492 4
      vertex 45.21543086334687 -13.715951000273344 0
      vertex 45.21543086334687 -13.715951000273344 4
    endloop
  endfacet
  facet normal 0.970031253194544 -0.24298017990326415 0
    outer loop
      vertex 45.21543086334687 -13.715951000273344 0
      vertex 46.34210449905264 -9.218017715262059 0
      vertex 45.21543086334687 -13.715951000273344 4
    endloop
  endfacet
  facet normal 0 0 -1
    outer loop
      vertex 43.6533079111583 -18.081792179250492 0
      vertex 43.39974865784295 -8.632746749213675 0
      vertex 44.03692415524471 -4.337258459583056 0
    endloop
  endfacet
  facet normal 0 0 1
    outer loop
      vertex 45.21543086334687 -13.715951000273344 4
      vertex 44.03692415524471 -4.337258459583056 4
      vertex 43.39974865784295 -8.632746749213675 4
    endloop
  endfacet
  facet normal 0 0 -1
    outer loop
      vertex 43.6533079111583 -18.081792179250492 0
      vertex 44.03692415524471 -4.337258459583056 0
      vertex 44.25 0 0
    endloop
  endfacet
  facet normal 0.970031253194544 -0.24298017990326415 1.989464878764769e-17
    outer loop
      vertex 45.21543086334687 -13.715951000273344 4
      vertex 46.34210449905264 -9.218017715262059 0
      vertex 46.34210449905264 -9.218017715262059 4
    endloop
  endfacet
  facet normal 0 0 -1
    outer loop
      vertex 43.6533079111583 -18.081792179250492 0
      vertex 45.21543086334687 13.715951000273344 0
      vertex 45.21543086334687 -13.715951000273344 0
    endloop
  endfacet
  facet normal 0 0 1
    outer loop
      vertex 45.21543086334687 -13.715951000273344 4
      vertex 44.25 0 4
      vertex 44.03692415524471 -4.337258459583056 4
    endloop
  endfacet
  facet normal 0.9891765099647808 -0.14673047445536222 0
    outer loop
      vertex 46.34210449905264 -9.218017715262059 0
      vertex 47.022478335261304 -4.631309880571738 0
      vertex 46.34210449905264 -9.218017715262059 4
    endloop
  endfacet
  facet normal 0.9891765099647808 -0.14673047445536222 1.067900055676416e-17
    outer loop
      vertex 46.34210449905264 -9.218017715262059 4
      vertex 47.022478335261304 -4.631309880571738 0
      vertex 47.022478335261304 -4.631309880571738 4
    endloop
  endfacet
  facet normal 0 0 1
    outer loop
      vertex 45.21543086334687 -13.715951000273344 4
      vertex 46.34210449905264 -9.218017715262059 4
      vertex 45.21543086334687 13.715951000273344 4
    endloop
  endfacet
  facet normal 0 0 -1
    outer loop
      vertex 45.21543086334687 -13.715951000273344 0
      vertex 46.34210449905264 9.218017715262059 0
      vertex 46.34210449905264 -9.218017715262059 0
    endloop
  endfacet
  facet normal 0 0 -1
    outer loop
      vertex 46.34210449905264 -9.218017715262059 0
      vertex 47.022478335261304 4.631309880571738 0
      vertex 47.022478335261304 -4.631309880571738 0
    endloop
  endfacet
  facet normal 0.9987954562051724 -0.049067674327417675 0
    outer loop
      vertex 47.022478335261304 -4.631309880571738 0
      vertex 47.25 0 0
      vertex 47.022478335261304 -4.631309880571738 4
    endloop
  endfacet
  facet normal 0 0 -1
    outer loop
      vertex 43.6533079111583 -18.081792179250492 0
      vertex 44.25 0 0
      vertex 45.21543086334687 13.715951000273344 0
    endloop
  endfacet
  facet normal 0.9987954562051724 -0.049067674327417675 3.2319332015694964e-18
    outer loop
      vertex 47.022478335261304 -4.631309880571738 4
      vertex 47.25 0 0
      vertex 47.25 0 4
    endloop
  endfacet
  facet normal 0 0 1
    outer loop
      vertex 46.34210449905264 -9.218017715262059 4
      vertex 47.022478335261304 -4.631309880571738 4
      vertex 46.34210449905264 9.218017715262059 4
    endloop
  endfacet
  facet normal 0 0 -1
    outer loop
      vertex 1 44.200873150230535 0
      vertex 0.9556503314881382 44.822088654929104 0
      vertex 4.337258459583056 44.03692415524471 0
    endloop
  endfacet
  facet normal 0 0 -1
    outer loop
      vertex 0.9556503314881382 44.822088654929104 0
      vertex 1 44.84863805419106 0
      vertex 4.337258459583056 44.03692415524471 0
    endloop
  endfacet
  facet normal 0 0 -1
    outer loop
      vertex 1 44.84863805419106 0
      vertex 1 47.200873150230535 0
      vertex 4.631309880571738 47.022478335261304 0
    endloop
  endfacet
  facet normal 0.04906767432741825 0.9987954562051724 0
    outer loop
      vertex 1 47.200873150230535 0
      vertex 1 47.200873150230535 4
      vertex 4.631309880571738 47.022478335261304 0
    endloop
  endfacet
  facet normal 0 0 1
    outer loop
      vertex 1 44.200873150230535 4
      vertex 4.631309880571738 47.022478335261304 4
      vertex 1 47.200873150230535 4
    endloop
  endfacet
  facet normal 0 0 -1
    outer loop
      vertex 1 44.84863805419106 0
      vertex 4.631309880571738 47.022478335261304 0
      vertex 4.337258459583056 44.03692415524471 0
    endloop
  endfacet
  facet normal 0 0 1
    outer loop
      vertex 1 44.200873150230535 4
      vertex 4.337258459583056 44.03692415524471 4
      vertex 4.631309880571738 47.022478335261304 4
    endloop
  endfacet
  facet normal 0.04906767432741825 0.9987954562051724 3.1633300518541545e-18
    outer loop
      vertex 1 47.200873150230535 4
      vertex 4.631309880571738 47.022478335261304 4
      vertex 4.631309880571738 47.022478335261304 0
    endloop
  endfacet
  facet normal 0 0 1
    outer loop
      vertex 4.337258459583056 44.03692415524471 4
      vertex 8.632746749213675 43.39974865784295 4
      vertex 4.631309880571738 47.022478335261304 4
    endloop
  endfacet
  facet normal 0 0 -1
    outer loop
      vertex 4.337258459583056 44.03692415524471 0
      vertex 4.631309880571738 47.022478335261304 0
      vertex 9.218017715262059 46.34210449905264 0
    endloop
  endfacet
  facet normal 0.14673047445536222 0.9891765099647808 0
    outer loop
      vertex 4.631309880571738 47.022478335261304 0
      vertex 4.631309880571738 47.022478335261304 4
      vertex 9.218017715262059 46.34210449905264 0
    endloop
  endfacet
  facet normal 0 0 -1
    outer loop
      vertex 4.337258459583056 44.03692415524471 0
      vertex 9.218017715262059 46.34210449905264 0
      vertex 8.632746749213675 43.39974865784295 0
    endloop
  endfacet
  facet normal 0 0 1
    outer loop
      vertex 4.631309880571738 47.022478335261304 4
      vertex 8.632746749213675 43.39974865784295 4
      vertex 9.218017715262059 46.34210449905264 4
    endloop
  endfacet
  facet normal 0.14673047445536222 0.9891765099647808 -1.067900055676416e-17
    outer loop
      vertex 4.631309880571738 47.022478335261304 4
      vertex 9.218017715262059 46.34210449905264 4
      vertex 9.218017715262059 46.34210449905264 0
    endloop
  endfacet
  facet normal 0 0 1
    outer loop
      vertex 8.632746749213675 43.39974865784295 4
      vertex 12.845096968509958 42.34460985615024 4
      vertex 9.218017715262059 46.34210449905264 4
    endloop
  endfacet
  facet normal 0 0 -1
    outer loop
      vertex 8.632746749213675 43.39974865784295 0
      vertex 13.715951000273344 45.21543086334687 0
      vertex 12.845096968509958 42.34460985615024 0
    endloop
  endfacet
  facet normal 0 0 -1
    outer loop
      vertex 8.632746749213675 43.39974865784295 0
      vertex 9.218017715262059 46.34210449905264 0
      vertex 13.715951000273344 45.21543086334687 0
    endloop
  endfacet
  facet normal 0.24298017990326415 0.970031253194544 0
    outer loop
      vertex 9.218017715262059 46.34210449905264 0
      vertex 9.218017715262059 46.34210449905264 4
      vertex 13.715951000273344 45.21543086334687 0
    endloop
  endfacet
  facet normal 0 0 1
    outer loop
      vertex 16.93374188215522 40.881669313624435 4
      vertex 13.715951000273344 45.21543086334687 4
      vertex 12.845096968509958 42.34460985615024 4
    endloop
  endfacet
  facet normal 0.24298017990326415 0.970031253194544 -1.989464878764769e-17
    outer loop
      vertex 9.218017715262059 46.34210449905264 4
      vertex 13.715951000273344 45.21543086334687 4
      vertex 13.715951000273344 45.21543086334687 0
    endloop
  endfacet
  facet normal 0 0 1
    outer loop
      vertex 9.218017715262059 46.34210449905264 4
      vertex 12.845096968509958 42.34460985615024 4
      vertex 13.715951000273344 45.21543086334687 4
    endloop
  endfacet
  facet normal 0 0 -1
    outer loop
      vertex 16.93374188215522 40.881669313624435 0
      vertex 12.845096968509958 42.34460985615024 0
      vertex 18.081792179250492 43.6533079111583 0
    endloop
  endfacet
  facet normal 0 0 -1
    outer loop
      vertex 12.845096968509958 42.34460985615024 0
      vertex 13.715951000273344 45.21543086334687 0
      vertex 18.081792179250492 43.6533079111583 0
    endloop
  endfacet
  facet normal 0.33688985339221933 0.9415440651830211 1.134501575452652e-18
    outer loop
      vertex 13.715951000273344 45.21543086334687 4
      vertex 18.081792179250492 43.6533079111583 4
      vertex 18.081792179250492 43.6533079111583 0
    endloop
  endfacet
  facet normal 0 0 1
    outer loop
      vertex 16.93374188215522 40.881669313624435 4
      vertex 18.081792179250492 43.6533079111583 4
      vertex 13.715951000273344 45.21543086334687 4
    endloop
  endfacet
  facet normal 0.33688985339221933 0.9415440651830211 0
    outer loop
      vertex 13.715951000273344 45.21543086334687 0
      vertex 13.715951000273344 45.21543086334687 4
      vertex 18.081792179250492 43.6533079111583 0
    endloop
  endfacet
  facet normal 0 0 1
    outer loop
      vertex 16.93374188215522 40.881669313624435 4
      vertex 20.859305604550396 39.02501594741471 4
      vertex 18.081792179250492 43.6533079111583 4
    endloop
  endfacet
  facet normal 0 0 -1
    outer loop
      vertex 16.93374188215522 40.881669313624435 0
      vertex 22.27349581502839 41.67077974045978 0
      vertex 20.859305604550396 39.02501594741471 0
    endloop
  endfacet
  facet normal 0 0 1
    outer loop
      vertex 20.859305604550396 39.02501594741471 4
      vertex 24.583982811117398 36.79253034438763 4
      vertex 22.27349581502839 41.67077974045978 4
    endloop
  endfacet
  facet normal 0 0 -1
    outer loop
      vertex 20.859305604550396 39.02501594741471 0
      vertex 22.27349581502839 41.67077974045978 0
      vertex 26.250693510176202 39.28693918129526 0
    endloop
  endfacet
  facet normal 0.5141027441932231 0.8577286100002713 0
    outer loop
      vertex 22.27349581502839 41.67077974045978 0
      vertex 22.27349581502839 41.67077974045978 4
      vertex 26.250693510176202 39.28693918129526 0
    endloop
  endfacet
  facet normal 0 0 -1
    outer loop
      vertex 16.93374188215522 40.881669313624435 0
      vertex 18.081792179250492 43.6533079111583 0
      vertex 22.27349581502839 41.67077974045978 0
    endloop
  endfacet
  facet normal 0 0 1
    outer loop
      vertex 20.859305604550396 39.02501594741471 4
      vertex 22.27349581502839 41.67077974045978 4
      vertex 18.081792179250492 43.6533079111583 4
    endloop
  endfacet
  facet normal 0.4275550934302817 0.9039892931234436 0
    outer loop
      vertex 18.081792179250492 43.6533079111583 0
      vertex 18.081792179250492 43.6533079111583 4
      vertex 22.27349581502839 41.67077974045978 0
    endloop
  endfacet
  facet normal 0.4275550934302817 0.9039892931234436 1.2922876275750508e-17
    outer loop
      vertex 18.081792179250492 43.6533079111583 4
      vertex 22.27349581502839 41.67077974045978 4
      vertex 22.27349581502839 41.67077974045978 0
    endloop
  endfacet
  facet normal 0 0 1
    outer loop
      vertex 45.21543086334687 -13.715951000273344 4
      vertex 43.6533079111583 18.081792179250492 4
      vertex 44.25 0 4
    endloop
  endfacet
  facet normal 0 0 -1
    outer loop
      vertex 47.022478335261304 -4.631309880571738 0
      vertex 47.022478335261304 4.631309880571738 0
      vertex 47.25 0 0
    endloop
  endfacet
  facet normal 0 0 1
    outer loop
      vertex 47.022478335261304 -4.631309880571738 4
      vertex 47.25 0 4
      vertex 47.022478335261304 4.631309880571738 4
    endloop
  endfacet
  facet normal 0 0 -1
    outer loop
      vertex 46.34210449905264 -9.218017715262059 0
      vertex 46.34210449905264 9.218017715262059 0
      vertex 47.022478335261304 4.631309880571738 0
    endloop
  endfacet
  facet normal 0.9987954562051724 0.049067674327417675 0
    outer loop
      vertex 47.25 0 0
      vertex 47.022478335261304 4.631309880571738 0
      vertex 47.25 0 4
    endloop
  endfacet
  facet normal 0 0 -1
    outer loop
      vertex 45.21543086334687 -13.715951000273344 0
      vertex 45.21543086334687 13.715951000273344 0
      vertex 46.34210449905264 9.218017715262059 0
    endloop
  endfacet
  facet normal 0.9987954562051724 0.049067674327417675 -3.2319332015694964e-18
    outer loop
      vertex 47.25 0 4
      vertex 47.022478335261304 4.631309880571738 0
      vertex 47.022478335261304 4.631309880571738 4
    endloop
  endfacet
  facet normal 0 0 1
    outer loop
      vertex 47.022478335261304 -4.631309880571738 4
      vertex 47.022478335261304 4.631309880571738 4
      vertex 46.34210449905264 9.218017715262059 4
    endloop
  endfacet
  facet normal 0 0 1
    outer loop
      vertex 46.34210449905264 -9.218017715262059 4
      vertex 46.34210449905264 9.218017715262059 4
      vertex 45.21543086334687 13.715951000273344 4
    endloop
  endfacet
  facet normal 0 0 1
    outer loop
      vertex 44.25 0 4
      vertex 43.6533079111583 18.081792179250492 4
      vertex 44.03692415524471 4.337258459583056 4
    endloop
  endfacet
  facet normal 0 0 -1
    outer loop
      vertex 44.03692415524471 4.337258459583056 0
      vertex 43.39974865784295 8.632746749213675 0
      vertex 45.21543086334687 13.715951000273344 0
    endloop
  endfacet
  facet normal 0 0 1
    outer loop
      vertex 44.03692415524471 4.337258459583056 4
      vertex 43.6533079111583 18.081792179250492 4
      vertex 43.39974865784295 8.632746749213675 4
    endloop
  endfacet
  facet normal 0 0 -1
    outer loop
      vertex 44.25 0 0
      vertex 44.03692415524471 4.337258459583056 0
      vertex 45.21543086334687 13.715951000273344 0
    endloop
  endfacet
  facet normal 0 0 1
    outer loop
      vertex 45.21543086334687 -13.715951000273344 4
      vertex 45.21543086334687 13.715951000273344 4
      vertex 43.6533079111583 18.081792179250492 4
    endloop
  endfacet
  facet normal 0.9891765099647808 0.14673047445536222 0
    outer loop
      vertex 47.022478335261304 4.631309880571738 0
      vertex 46.34210449905264 9.218017715262059 0
      vertex 47.022478335261304 4.631309880571738 4
    endloop
  endfacet
  facet normal 0.9891765099647808 0.14673047445536222 -1.067900055676416e-17
    outer loop
      vertex 47.022478335261304 4.631309880571738 4
      vertex 46.34210449905264 9.218017715262059 0
      vertex 46.34210449905264 9.218017715262059 4
    endloop
  endfacet
  facet normal 0.970031253194544 0.24298017990326415 0
    outer loop
      vertex 46.34210449905264 9.218017715262059 0
      vertex 45.21543086334687 13.715951000273344 0
      vertex 46.34210449905264 9.218017715262059 4
    endloop
  endfacet
  facet normal 0 0 -1
    outer loop
      vertex 40.881669313624435 16.93374188215522 0
      vertex 39.02501594741471 20.859305604550396 0
      vertex 41.67077974045978 22.27349581502839 0
    endloop
  endfacet
  facet normal 0 0 1
    outer loop
      vertex 40.881669313624435 16.93374188215522 4
      vertex 39.28693918129526 26.250693510176202 4
      vertex 39.02501594741471 20.859305604550396 4
    endloop
  endfacet
  facet normal 0 0 1
    outer loop
      vertex 40.881669313624435 16.93374188215522 4
      vertex 41.67077974045978 22.27349581502839 4
      vertex 39.28693918129526 26.250693510176202 4
    endloop
  endfacet
  facet normal 0 0 -1
    outer loop
      vertex 39.02501594741471 20.859305604550396 0
      vertex 39.28693918129526 26.250693510176202 0
      vertex 41.67077974045978 22.27349581502839 0
    endloop
  endfacet
  facet normal 0.8577286100002713 0.5141027441932231 0
    outer loop
      vertex 41.67077974045978 22.27349581502839 0
      vertex 39.28693918129526 26.250693510176202 0
      vertex 41.67077974045978 22.27349581502839 4
    endloop
  endfacet
  facet normal 0 0 -1
    outer loop
      vertex 43.39974865784295 8.632746749213675 0
      vertex 42.34460985615024 12.845096968509958 0
      vertex 43.6533079111583 18.081792179250492 0
    endloop
  endfacet
  facet normal 0 0 1
    outer loop
      vertex 43.39974865784295 8.632746749213675 4
      vertex 43.6533079111583 18.081792179250492 4
      vertex 42.34460985615024 12.845096968509958 4
    endloop
  endfacet
  facet normal 0 0 -1
    outer loop
      vertex 43.39974865784295 8.632746749213675 0
      vertex 43.6533079111583 18.081792179250492 0
      vertex 45.21543086334687 13.715951000273344 0
    endloop
  endfacet
  facet normal 0 0 -1
    outer loop
      vertex 40.881669313624435 16.93374188215522 0
      vertex 43.6533079111583 18.081792179250492 0
      vertex 42.34460985615024 12.845096968509958 0
    endloop
  endfacet
  facet normal 0 0 1
    outer loop
      vertex 40.881669313624435 16.93374188215522 4
      vertex 42.34460985615024 12.845096968509958 4
      vertex 41.67077974045978 22.27349581502839 4
    endloop
  endfacet
  facet normal 0.9415440651830211 0.33688985339221933 1.134501575452652e-18
    outer loop
      vertex 45.21543086334687 13.715951000273344 4
      vertex 43.6533079111583 18.081792179250492 0
      vertex 43.6533079111583 18.081792179250492 4
    endloop
  endfacet
  facet normal 0.970031253194544 0.24298017990326415 -1.989464878764769e-17
    outer loop
      vertex 46.34210449905264 9.218017715262059 4
      vertex 45.21543086334687 13.715951000273344 0
      vertex 45.21543086334687 13.715951000273344 4
    endloop
  endfacet
  facet normal 0.9415440651830211 0.33688985339221933 0
    outer loop
      vertex 45.21543086334687 13.715951000273344 0
      vertex 43.6533079111583 18.081792179250492 0
      vertex 45.21543086334687 13.715951000273344 4
    endloop
  endfacet
  facet normal 0 0 -1
    outer loop
      vertex 40.881669313624435 16.93374188215522 0
      vertex 41.67077974045978 22.27349581502839 0
      vertex 43.6533079111583 18.081792179250492 0
    endloop
  endfacet
  facet normal 0 0 1
    outer loop
      vertex 42.34460985615024 12.845096968509958 4
      vertex 43.6533079111583 18.081792179250492 4
      vertex 41.67077974045978 22.27349581502839 4
    endloop
  endfacet
  facet normal 0.9039892931234436 0.4275550934302817 0
    outer loop
      vertex 43.6533079111583 18.081792179250492 0
      vertex 41.67077974045978 22.27349581502839 0
      vertex 43.6533079111583 18.081792179250492 4
    endloop
  endfacet
  facet normal 0.9039892931234436 0.4275550934302817 1.2922876275750508e-17
    outer loop
      vertex 43.6533079111583 18.081792179250492 4
      vertex 41.67077974045978 22.27349581502839 0
      vertex 41.67077974045978 22.27349581502839 4
    endloop
  endfacet
  facet normal 0 0 -1
    outer loop
      vertex 28.071902824241313 34.20571256130111 0
      vertex 33.41079541106437 33.41079541106437 0
      vertex 31.28947506750473 31.28947506750473 0
    endloop
  endfacet
  facet normal 0 0 -1
    outer loop
      vertex 28.071902824241313 34.20571256130111 0
      vertex 29.97508267673225 36.52474392138932 0
      vertex 33.41079541106437 33.41079541106437 0
    endloop
  endfacet
  facet normal 0 0 1
    outer loop
      vertex 28.071902824241313 34.20571256130111 4
      vertex 31.28947506750473 31.28947506750473 4
      vertex 29.97508267673225 36.52474392138932 4
    endloop
  endfacet
  facet normal 0 0 1
    outer loop
      vertex 31.28947506750473 31.28947506750473 4
      vertex 33.41079541106437 33.41079541106437 4
      vertex 29.97508267673225 36.52474392138932 4
    endloop
  endfacet
  facet normal 0.6715589548470187 0.740951125354959 0
    outer loop
      vertex 33.41079541106437 33.41079541106437 0
      vertex 29.97508267673225 36.52474392138932 4
      vertex 33.41079541106437 33.41079541106437 4
    endloop
  endfacet
  facet normal 0 0 1
    outer loop
      vertex 34.20571256130111 28.071902824241313 4
      vertex 33.41079541106437 33.41079541106437 4
      vertex 31.28947506750473 31.28947506750473 4
    endloop
  endfacet
  facet normal 0 0 -1
    outer loop
      vertex 31.28947506750473 31.28947506750473 0
      vertex 33.41079541106437 33.41079541106437 0
      vertex 36.52474392138932 29.97508267673225 0
    endloop
  endfacet
  facet normal 0 0 -1
    outer loop
      vertex 34.20571256130111 28.071902824241313 0
      vertex 31.28947506750473 31.28947506750473 0
      vertex 36.52474392138932 29.97508267673225 0
    endloop
  endfacet
  facet normal 0 0 1
    outer loop
      vertex 34.20571256130111 28.071902824241313 4
      vertex 36.52474392138932 29.97508267673225 4
      vertex 33.41079541106437 33.41079541106437 4
    endloop
  endfacet
  facet normal 0.740951125354959 0.6715589548470187 0
    outer loop
      vertex 33.41079541106437 33.41079541106437 0
      vertex 33.41079541106437 33.41079541106437 4
      vertex 36.52474392138932 29.97508267673225 4
    endloop
  endfacet
  facet normal 0 0 -1
    outer loop
      vertex 20.859305604550396 39.02501594741471 0
      vertex 26.250693510176202 39.28693918129526 0
      vertex 24.583982811117398 36.79253034438763 0
    endloop
  endfacet
  facet normal 0 0 1
    outer loop
      vertex 28.071902824241313 34.20571256130111 4
      vertex 26.250693510176202 39.28693918129526 4
      vertex 24.583982811117398 36.79253034438763 4
    endloop
  endfacet
  facet normal 0 0 1
    outer loop
      vertex 22.27349581502839 41.67077974045978 4
      vertex 24.583982811117398 36.79253034438763 4
      vertex 26.250693510176202 39.28693918129526 4
    endloop
  endfacet
  facet normal 0.5141027441932231 0.8577286100002713 3.735094651281818e-17
    outer loop
      vertex 22.27349581502839 41.67077974045978 4
      vertex 26.250693510176202 39.28693918129526 4
      vertex 26.250693510176202 39.28693918129526 0
    endloop
  endfacet
  facet normal 0 0 -1
    outer loop
      vertex 28.071902824241313 34.20571256130111 0
      vertex 24.583982811117398 36.79253034438763 0
      vertex 29.97508267673225 36.52474392138932 0
    endloop
  endfacet
  facet normal 0 0 -1
    outer loop
      vertex 24.583982811117398 36.79253034438763 0
      vertex 26.250693510176202 39.28693918129526 0
      vertex 29.97508267673225 36.52474392138932 0
    endloop
  endfacet
  facet normal 0.5956993044924325 0.8032075314806455 0
    outer loop
      vertex 26.250693510176202 39.28693918129526 0
      vertex 26.250693510176202 39.28693918129526 4
      vertex 29.97508267673225 36.52474392138932 0
    endloop
  endfacet
  facet normal 0 0 1
    outer loop
      vertex 28.071902824241313 34.20571256130111 4
      vertex 29.97508267673225 36.52474392138932 4
      vertex 26.250693510176202 39.28693918129526 4
    endloop
  endfacet
  facet normal 0.5956993044924325 0.8032075314806455 -4.4966096513268067e-17
    outer loop
      vertex 26.250693510176202 39.28693918129526 4
      vertex 29.97508267673225 36.52474392138932 4
      vertex 29.97508267673225 36.52474392138932 0
    endloop
  endfacet
  facet normal 0.6715589548470187 0.740951125354959 -1.2012571297184335e-17
    outer loop
      vertex 33.41079541106437 33.41079541106437 0
      vertex 29.97508267673225 36.52474392138932 0
      vertex 29.97508267673225 36.52474392138932 4
    endloop
  endfacet
  facet normal 0 0 -1
    outer loop
      vertex 34.20571256130111 28.071902824241313 0
      vertex 39.28693918129526 26.250693510176202 0
      vertex 36.79253034438763 24.583982811117398 0
    endloop
  endfacet
  facet normal 0 0 -1
    outer loop
      vertex 39.02501594741471 20.859305604550396 0
      vertex 36.79253034438763 24.583982811117398 0
      vertex 39.28693918129526 26.250693510176202 0
    endloop
  endfacet
  facet normal 0 0 1
    outer loop
      vertex 39.02501594741471 20.859305604550396 4
      vertex 39.28693918129526 26.250693510176202 4
      vertex 36.79253034438763 24.583982811117398 4
    endloop
  endfacet
  facet normal 0 0 1
    outer loop
      vertex 34.20571256130111 28.071902824241313 4
      vertex 36.79253034438763 24.583982811117398 4
      vertex 36.52474392138932 29.97508267673225 4
    endloop
  endfacet
  facet normal 0 0 -1
    outer loop
      vertex 34.20571256130111 28.071902824241313 0
      vertex 36.52474392138932 29.97508267673225 0
      vertex 39.28693918129526 26.250693510176202 0
    endloop
  endfacet
  facet normal 0.8032075314806455 0.5956993044924325 0
    outer loop
      vertex 39.28693918129526 26.250693510176202 0
      vertex 36.52474392138932 29.97508267673225 0
      vertex 39.28693918129526 26.250693510176202 4
    endloop
  endfacet
  facet normal 0 0 1
    outer loop
      vertex 36.79253034438763 24.583982811117398 4
      vertex 39.28693918129526 26.250693510176202 4
      vertex 36.52474392138932 29.97508267673225 4
    endloop
  endfacet
  facet normal 0.8032075314806455 0.5956993044924325 -4.4966096513268067e-17
    outer loop
      vertex 39.28693918129526 26.250693510176202 4
      vertex 36.52474392138932 29.97508267673225 0
      vertex 36.52474392138932 29.97508267673225 4
    endloop
  endfacet
  facet normal 0.8577286100002713 0.5141027441932231 3.735094651281818e-17
    outer loop
      vertex 41.67077974045978 22.27349581502839 4
      vertex 39.28693918129526 26.250693510176202 0
      vertex 39.28693918129526 26.250693510176202 4
    endloop
  endfacet
  facet normal 0.740951125354959 0.6715589548470187 -1.2012571297184335e-17
    outer loop
      vertex 33.41079541106437 33.41079541106437 0
      vertex 36.52474392138932 29.97508267673225 4
      vertex 36.52474392138932 29.97508267673225 0
    endloop
  endfacet
  facet normal 0.8577286100002729 0.5141027441932204 0
    outer loop
      vertex -36.79253034438763 -24.583982811117398 0
      vertex -37.766416790229684 -22.959151438545963 4
      vertex -36.79253034438763 -24.583982811117398 4
    endloop
  endfacet
  facet normal 0.8032075314806449 0.5956993044924334 0
    outer loop
      vertex -36.79253034438763 -24.583982811117398 0
      vertex -36.79253034438763 -24.583982811117398 4
      vertex -34.20571256130111 -28.071902824241313 0
    endloop
  endfacet
  facet normal 0.5956993044924334 0.8032075314806449 0
    outer loop
      vertex -24.583982811117398 -36.79253034438763 0
      vertex -28.071902824241313 -34.20571256130111 4
      vertex -24.583982811117398 -36.79253034438763 4
    endloop
  endfacet
  facet normal 0.740951125354959 0.6715589548470186 0
    outer loop
      vertex -31.28947506750473 -31.28947506750473 0
      vertex -34.20571256130111 -28.071902824241313 4
      vertex -31.28947506750473 -31.28947506750473 4
    endloop
  endfacet
  facet normal 0.6715589548470186 0.740951125354959 0
    outer loop
      vertex -31.28947506750473 -31.28947506750473 0
      vertex -31.28947506750473 -31.28947506750473 4
      vertex -28.071902824241313 -34.20571256130111 0
    endloop
  endfacet
  facet normal 0.8032075314806449 0.5956993044924334 -1.8637341633734698e-17
    outer loop
      vertex -36.79253034438763 -24.583982811117398 4
      vertex -34.20571256130111 -28.071902824241313 4
      vertex -34.20571256130111 -28.071902824241313 0
    endloop
  endfacet
  facet normal 0.740951125354959 0.6715589548470186 4.195602217254353e-17
    outer loop
      vertex -31.28947506750473 -31.28947506750473 0
      vertex -34.20571256130111 -28.071902824241313 0
      vertex -34.20571256130111 -28.071902824241313 4
    endloop
  endfacet
  facet normal 0.6715589548470186 0.740951125354959 4.195602217254353e-17
    outer loop
      vertex -31.28947506750473 -31.28947506750473 4
      vertex -28.071902824241313 -34.20571256130111 4
      vertex -28.071902824241313 -34.20571256130111 0
    endloop
  endfacet
  facet normal 0.5956993044924334 0.8032075314806449 -1.8637341633734698e-17
    outer loop
      vertex -24.583982811117398 -36.79253034438763 0
      vertex -28.071902824241313 -34.20571256130111 0
      vertex -28.071902824241313 -34.20571256130111 4
    endloop
  endfacet
  facet normal 0.9415440651830206 0.33688985339222083 5.7930088559831305e-18
    outer loop
      vertex -42.34460985615024 -12.845096968509958 4
      vertex -40.881669313624435 -16.93374188215522 4
      vertex -40.881669313624435 -16.93374188215522 0
    endloop
  endfacet
  facet normal 0.9415440651830206 0.33688985339222083 0
    outer loop
      vertex -42.34460985615024 -12.845096968509958 0
      vertex -42.34460985615024 -12.845096968509958 4
      vertex -40.881669313624435 -16.93374188215522 0
    endloop
  endfacet
  facet normal 0.857728610000271 0.5141027441932234 2.629121089942077e-18
    outer loop
      vertex -38.794759934779144 -21.243464553112396 0
      vertex -39.02501594741471 -20.859305604550396 0
      vertex -39.02501594741471 -20.859305604550396 4
    endloop
  endfacet
  facet normal 0.857728610000271 0.5141027441932234 0
    outer loop
      vertex -38.794759934779144 -21.243464553112396 0
      vertex -39.02501594741471 -20.859305604550396 4
      vertex -38.794759934779144 -21.243464553112396 4
    endloop
  endfacet
  facet normal 0.9039892931234437 0.42755509343028164 -7.754118843508925e-18
    outer loop
      vertex -39.02501594741471 -20.859305604550396 0
      vertex -40.881669313624435 -16.93374188215522 0
      vertex -40.881669313624435 -16.93374188215522 4
    endloop
  endfacet
  facet normal 0.9039892931234437 0.42755509343028164 0
    outer loop
      vertex -39.02501594741471 -20.859305604550396 0
      vertex -40.881669313624435 -16.93374188215522 4
      vertex -39.02501594741471 -20.859305604550396 4
    endloop
  endfacet
  facet normal 0.8577286100002729 0.5141027441932204 -4.08623421753373e-19
    outer loop
      vertex -36.79253034438763 -24.583982811117398 0
      vertex -37.766416790229684 -22.959151438545963 0
      vertex -37.766416790229684 -22.959151438545963 4
    endloop
  endfacet
  facet normal 0.9700312531945438 0.24298017990326418 4.956828285916687e-18
    outer loop
      vertex -42.34460985615024 -12.845096968509958 0
      vertex -43.39974865784295 -8.632746749213675 0
      vertex -43.39974865784295 -8.632746749213675 4
    endloop
  endfacet
  facet normal 0.9700312531945438 0.24298017990326418 0
    outer loop
      vertex -42.34460985615024 -12.845096968509958 0
      vertex -43.39974865784295 -8.632746749213675 4
      vertex -42.34460985615024 -12.845096968509958 4
    endloop
  endfacet
  facet normal 0.989176509964781 0.14673047445536144 0
    outer loop
      vertex -43.39974865784295 -8.632746749213675 0
      vertex -44.03692415524471 -4.337258459583056 4
      vertex -43.39974865784295 -8.632746749213675 4
    endloop
  endfacet
  facet normal 0.989176509964781 0.14673047445536144 1.2262469806294522e-17
    outer loop
      vertex -43.39974865784295 -8.632746749213675 0
      vertex -44.03692415524471 -4.337258459583056 0
      vertex -44.03692415524471 -4.337258459583056 4
    endloop
  endfacet
  facet normal 0.9987954562051725 0.049067674327418036 0
    outer loop
      vertex -44.03692415524471 -4.337258459583056 0
      vertex -44.25 0 4
      vertex -44.03692415524471 -4.337258459583056 4
    endloop
  endfacet
  facet normal 0.9987954562051725 0.049067674327418036 3.0551453900645936e-18
    outer loop
      vertex -44.03692415524471 -4.337258459583056 0
      vertex -44.25 0 0
      vertex -44.25 0 4
    endloop
  endfacet
  facet normal 0.5141027441932212 0.8577286100002725 0
    outer loop
      vertex -24.583982811117398 -36.79253034438763 0
      vertex -24.583982811117398 -36.79253034438763 4
      vertex -20.859305604550396 -39.02501594741471 0
    endloop
  endfacet
  facet normal 0.5141027441932212 0.8577286100002725 -1.716020497161158e-17
    outer loop
      vertex -24.583982811117398 -36.79253034438763 4
      vertex -20.859305604550396 -39.02501594741471 4
      vertex -20.859305604550396 -39.02501594741471 0
    endloop
  endfacet
  facet normal 0.42755509343028164 0.9039892931234437 0
    outer loop
      vertex -20.859305604550396 -39.02501594741471 0
      vertex -20.859305604550396 -39.02501594741471 4
      vertex -16.93374188215522 -40.881669313624435 0
    endloop
  endfacet
  facet normal 0.42755509343028164 0.9039892931234437 -7.754118843508925e-18
    outer loop
      vertex -20.859305604550396 -39.02501594741471 4
      vertex -16.93374188215522 -40.881669313624435 4
      vertex -16.93374188215522 -40.881669313624435 0
    endloop
  endfacet
  facet normal 0.33688985339222083 0.9415440651830206 5.7930088559831305e-18
    outer loop
      vertex -12.845096968509958 -42.34460985615024 0
      vertex -16.93374188215522 -40.881669313624435 0
      vertex -16.93374188215522 -40.881669313624435 4
    endloop
  endfacet
  facet normal 0.33688985339222083 0.9415440651830206 0
    outer loop
      vertex -12.845096968509958 -42.34460985615024 0
      vertex -16.93374188215522 -40.881669313624435 4
      vertex -12.845096968509958 -42.34460985615024 4
    endloop
  endfacet
  facet normal 0.24298017990326418 0.9700312531945438 0
    outer loop
      vertex -12.845096968509958 -42.34460985615024 0
      vertex -12.845096968509958 -42.34460985615024 4
      vertex -8.632746749213675 -43.39974865784295 0
    endloop
  endfacet
  facet normal 0.24298017990326418 0.9700312531945438 4.956828285916687e-18
    outer loop
      vertex -12.845096968509958 -42.34460985615024 4
      vertex -8.632746749213675 -43.39974865784295 4
      vertex -8.632746749213675 -43.39974865784295 0
    endloop
  endfacet
  facet normal 0.14673047445536144 0.989176509964781 0
    outer loop
      vertex -8.632746749213675 -43.39974865784295 0
      vertex -8.632746749213675 -43.39974865784295 4
      vertex -4.337258459583056 -44.03692415524471 0
    endloop
  endfacet
  facet normal 0.14673047445536144 0.989176509964781 1.2262469806294522e-17
    outer loop
      vertex -8.632746749213675 -43.39974865784295 4
      vertex -4.337258459583056 -44.03692415524471 4
      vertex -4.337258459583056 -44.03692415524471 0
    endloop
  endfacet
  facet normal 0.049067674327418036 0.9987954562051725 0
    outer loop
      vertex -4.337258459583056 -44.03692415524471 0
      vertex -4.337258459583056 -44.03692415524471 4
      vertex 0 -44.25 0
    endloop
  endfacet
  facet normal 0.049067674327418036 0.9987954562051725 3.0551453900645936e-18
    outer loop
      vertex -4.337258459583056 -44.03692415524471 4
      vertex 0 -44.25 4
      vertex 0 -44.25 0
    endloop
  endfacet
  facet normal 0.9987954562051725 -0.049067674327418036 0
    outer loop
      vertex -44.25 0 0
      vertex -44.03692415524471 4.337258459583056 4
      vertex -44.25 0 4
    endloop
  endfacet
  facet normal 0.9987954562051725 -0.049067674327418036 -3.0551453900645936e-18
    outer loop
      vertex -44.25 0 0
      vertex -44.03692415524471 4.337258459583056 0
      vertex -44.03692415524471 4.337258459583056 4
    endloop
  endfacet
  facet normal 0.989176509964781 -0.14673047445536144 0
    outer loop
      vertex -44.03692415524471 4.337258459583056 0
      vertex -43.39974865784295 8.632746749213675 4
      vertex -44.03692415524471 4.337258459583056 4
    endloop
  endfacet
  facet normal 0.989176509964781 -0.14673047445536144 -1.2262469806294522e-17
    outer loop
      vertex -44.03692415524471 4.337258459583056 0
      vertex -43.39974865784295 8.632746749213675 0
      vertex -43.39974865784295 8.632746749213675 4
    endloop
  endfacet
  facet normal 0.9700312531945438 -0.24298017990326418 0
    outer loop
      vertex -43.39974865784295 8.632746749213675 0
      vertex -42.34460985615024 12.845096968509958 4
      vertex -43.39974865784295 8.632746749213675 4
    endloop
  endfacet
  facet normal 0.9700312531945438 -0.24298017990326418 -4.956828285916687e-18
    outer loop
      vertex -43.39974865784295 8.632746749213675 0
      vertex -42.34460985615024 12.845096968509958 0
      vertex -42.34460985615024 12.845096968509958 4
    endloop
  endfacet
  facet normal 0.9415440651830206 -0.33688985339222083 0
    outer loop
      vertex -42.34460985615024 12.845096968509958 0
      vertex -40.881669313624435 16.93374188215522 4
      vertex -42.34460985615024 12.845096968509958 4
    endloop
  endfacet
  facet normal 0.9415440651830206 -0.33688985339222083 -5.7930088559831305e-18
    outer loop
      vertex -42.34460985615024 12.845096968509958 0
      vertex -40.881669313624435 16.93374188215522 0
      vertex -40.881669313624435 16.93374188215522 4
    endloop
  endfacet
  facet normal 0.9039892931234437 -0.42755509343028164 0
    outer loop
      vertex -40.881669313624435 16.93374188215522 0
      vertex -39.02501594741471 20.859305604550396 4
      vertex -40.881669313624435 16.93374188215522 4
    endloop
  endfacet
  facet normal 0.9039892931234437 -0.42755509343028164 7.754118843508925e-18
    outer loop
      vertex -40.881669313624435 16.93374188215522 0
      vertex -39.02501594741471 20.859305604550396 0
      vertex -39.02501594741471 20.859305604550396 4
    endloop
  endfacet
  facet normal 0.8577286100002725 -0.5141027441932212 0
    outer loop
      vertex -39.02501594741471 20.859305604550396 0
      vertex -36.79253034438763 24.583982811117398 4
      vertex -39.02501594741471 20.859305604550396 4
    endloop
  endfacet
  facet normal 0.8577286100002725 -0.5141027441932212 1.716020497161158e-17
    outer loop
      vertex -39.02501594741471 20.859305604550396 0
      vertex -36.79253034438763 24.583982811117398 0
      vertex -36.79253034438763 24.583982811117398 4
    endloop
  endfacet
  facet normal 0.8032075314806449 -0.5956993044924334 0
    outer loop
      vertex -36.79253034438763 24.583982811117398 0
      vertex -34.20571256130111 28.071902824241313 4
      vertex -36.79253034438763 24.583982811117398 4
    endloop
  endfacet
  facet normal 0.8032075314806449 -0.5956993044924334 1.8637341633734698e-17
    outer loop
      vertex -36.79253034438763 24.583982811117398 0
      vertex -34.20571256130111 28.071902824241313 0
      vertex -34.20571256130111 28.071902824241313 4
    endloop
  endfacet
  facet normal 0.740951125354959 -0.6715589548470186 0
    outer loop
      vertex -34.20571256130111 28.071902824241313 0
      vertex -31.28947506750473 31.28947506750473 4
      vertex -34.20571256130111 28.071902824241313 4
    endloop
  endfacet
  facet normal 0.740951125354959 -0.6715589548470186 -4.195602217254353e-17
    outer loop
      vertex -34.20571256130111 28.071902824241313 0
      vertex -31.28947506750473 31.28947506750473 0
      vertex -31.28947506750473 31.28947506750473 4
    endloop
  endfacet
  facet normal 0.6715589548470186 -0.740951125354959 0
    outer loop
      vertex -31.28947506750473 31.28947506750473 0
      vertex -28.071902824241313 34.20571256130111 4
      vertex -31.28947506750473 31.28947506750473 4
    endloop
  endfacet
  facet normal 0.6715589548470186 -0.740951125354959 -4.195602217254353e-17
    outer loop
      vertex -31.28947506750473 31.28947506750473 0
      vertex -28.071902824241313 34.20571256130111 0
      vertex -28.071902824241313 34.20571256130111 4
    endloop
  endfacet
  facet normal 0.5956993044924334 -0.8032075314806449 0
    outer loop
      vertex -28.071902824241313 34.20571256130111 0
      vertex -24.583982811117398 36.79253034438763 4
      vertex -28.071902824241313 34.20571256130111 4
    endloop
  endfacet
  facet normal 0.5956993044924334 -0.8032075314806449 1.8637341633734698e-17
    outer loop
      vertex -28.071902824241313 34.20571256130111 0
      vertex -24.583982811117398 36.79253034438763 0
      vertex -24.583982811117398 36.79253034438763 4
    endloop
  endfacet
  facet normal 0.5141027441932212 -0.8577286100002725 0
    outer loop
      vertex -24.583982811117398 36.79253034438763 0
      vertex -20.859305604550396 39.02501594741471 4
      vertex -24.583982811117398 36.79253034438763 4
    endloop
  endfacet
  facet normal 0.5141027441932212 -0.8577286100002725 1.716020497161158e-17
    outer loop
      vertex -24.583982811117398 36.79253034438763 0
      vertex -20.859305604550396 39.02501594741471 0
      vertex -20.859305604550396 39.02501594741471 4
    endloop
  endfacet
  facet normal 0.42755509343028164 -0.9039892931234437 0
    outer loop
      vertex -20.859305604550396 39.02501594741471 0
      vertex -16.93374188215522 40.881669313624435 4
      vertex -20.859305604550396 39.02501594741471 4
    endloop
  endfacet
  facet normal 0.42755509343028164 -0.9039892931234437 7.754118843508925e-18
    outer loop
      vertex -20.859305604550396 39.02501594741471 0
      vertex -16.93374188215522 40.881669313624435 0
      vertex -16.93374188215522 40.881669313624435 4
    endloop
  endfacet
  facet normal 0.33688985339222083 -0.9415440651830206 0
    outer loop
      vertex -16.93374188215522 40.881669313624435 0
      vertex -12.845096968509958 42.34460985615024 4
      vertex -16.93374188215522 40.881669313624435 4
    endloop
  endfacet
  facet normal 0.33688985339222083 -0.9415440651830206 -5.7930088559831305e-18
    outer loop
      vertex -16.93374188215522 40.881669313624435 0
      vertex -12.845096968509958 42.34460985615024 0
      vertex -12.845096968509958 42.34460985615024 4
    endloop
  endfacet
  facet normal 0.24298017990326418 -0.9700312531945438 0
    outer loop
      vertex -12.845096968509958 42.34460985615024 0
      vertex -8.632746749213675 43.39974865784295 4
      vertex -12.845096968509958 42.34460985615024 4
    endloop
  endfacet
  facet normal 0.24298017990326418 -0.9700312531945438 -4.956828285916687e-18
    outer loop
      vertex -12.845096968509958 42.34460985615024 0
      vertex -8.632746749213675 43.39974865784295 0
      vertex -8.632746749213675 43.39974865784295 4
    endloop
  endfacet
  facet normal 0.14673047445536144 -0.989176509964781 0
    outer loop
      vertex -8.632746749213675 43.39974865784295 0
      vertex -4.337258459583056 44.03692415524471 4
      vertex -8.632746749213675 43.39974865784295 4
    endloop
  endfacet
  facet normal 0.14673047445536144 -0.989176509964781 -1.2262469806294522e-17
    outer loop
      vertex -8.632746749213675 43.39974865784295 0
      vertex -4.337258459583056 44.03692415524471 0
      vertex -4.337258459583056 44.03692415524471 4
    endloop
  endfacet
  facet normal 0.04906767432741877 -0.9987954562051724 0
    outer loop
      vertex -4.337258459583056 44.03692415524471 0
      vertex -1 44.200873150230535 4
      vertex -4.337258459583056 44.03692415524471 4
    endloop
  endfacet
  facet normal 0.04906767432741877 -0.9987954562051724 1.5555002529576785e-18
    outer loop
      vertex -4.337258459583056 44.03692415524471 0
      vertex -1 44.200873150230535 0
      vertex -1 44.200873150230535 4
    endloop
  endfacet
  facet normal -0.049067674327418036 0.9987954562051725 0
    outer loop
      vertex 0 -44.25 0
      vertex 0 -44.25 4
      vertex 4.337258459583056 -44.03692415524471 0
    endloop
  endfacet
  facet normal -0.049067674327418036 0.9987954562051725 -3.0551453900645936e-18
    outer loop
      vertex 0 -44.25 4
      vertex 4.337258459583056 -44.03692415524471 4
      vertex 4.337258459583056 -44.03692415524471 0
    endloop
  endfacet
  facet normal -0.14673047445536144 0.989176509964781 0
    outer loop
      vertex 4.337258459583056 -44.03692415524471 0
      vertex 4.337258459583056 -44.03692415524471 4
      vertex 8.632746749213675 -43.39974865784295 0
    endloop
  endfacet
  facet normal -0.14673047445536144 0.989176509964781 -1.2262469806294522e-17
    outer loop
      vertex 4.337258459583056 -44.03692415524471 4
      vertex 8.632746749213675 -43.39974865784295 4
      vertex 8.632746749213675 -43.39974865784295 0
    endloop
  endfacet
  facet normal -0.24298017990326418 0.9700312531945438 0
    outer loop
      vertex 8.632746749213675 -43.39974865784295 0
      vertex 8.632746749213675 -43.39974865784295 4
      vertex 12.845096968509958 -42.34460985615024 0
    endloop
  endfacet
  facet normal -0.24298017990326418 0.9700312531945438 -4.956828285916687e-18
    outer loop
      vertex 8.632746749213675 -43.39974865784295 4
      vertex 12.845096968509958 -42.34460985615024 4
      vertex 12.845096968509958 -42.34460985615024 0
    endloop
  endfacet
  facet normal -0.33688985339222083 0.9415440651830206 0
    outer loop
      vertex 12.845096968509958 -42.34460985615024 0
      vertex 12.845096968509958 -42.34460985615024 4
      vertex 16.93374188215522 -40.881669313624435 0
    endloop
  endfacet
  facet normal -0.33688985339222083 0.9415440651830206 -5.7930088559831305e-18
    outer loop
      vertex 12.845096968509958 -42.34460985615024 4
      vertex 16.93374188215522 -40.881669313624435 4
      vertex 16.93374188215522 -40.881669313624435 0
    endloop
  endfacet
  facet normal -0.42755509343028164 0.9039892931234437 0
    outer loop
      vertex 16.93374188215522 -40.881669313624435 0
      vertex 16.93374188215522 -40.881669313624435 4
      vertex 20.859305604550396 -39.02501594741471 0
    endloop
  endfacet
  facet normal -0.42755509343028164 0.9039892931234437 7.754118843508925e-18
    outer loop
      vertex 16.93374188215522 -40.881669313624435 4
      vertex 20.859305604550396 -39.02501594741471 4
      vertex 20.859305604550396 -39.02501594741471 0
    endloop
  endfacet
  facet normal -0.5141027441932212 0.8577286100002725 0
    outer loop
      vertex 20.859305604550396 -39.02501594741471 0
      vertex 20.859305604550396 -39.02501594741471 4
      vertex 24.583982811117398 -36.79253034438763 0
    endloop
  endfacet
  facet normal -0.5141027441932212 0.8577286100002725 1.716020497161158e-17
    outer loop
      vertex 20.859305604550396 -39.02501594741471 4
      vertex 24.583982811117398 -36.79253034438763 4
      vertex 24.583982811117398 -36.79253034438763 0
    endloop
  endfacet
  facet normal -0.5956993044924334 0.8032075314806449 0
    outer loop
      vertex 24.583982811117398 -36.79253034438763 0
      vertex 24.583982811117398 -36.79253034438763 4
      vertex 28.071902824241313 -34.20571256130111 0
    endloop
  endfacet
  facet normal -0.5956993044924334 0.8032075314806449 1.8637341633734698e-17
    outer loop
      vertex 24.583982811117398 -36.79253034438763 4
      vertex 28.071902824241313 -34.20571256130111 4
      vertex 28.071902824241313 -34.20571256130111 0
    endloop
  endfacet
  facet normal -0.6715589548470186 0.740951125354959 0
    outer loop
      vertex 28.071902824241313 -34.20571256130111 0
      vertex 28.071902824241313 -34.20571256130111 4
      vertex 31.28947506750473 -31.28947506750473 0
    endloop
  endfacet
  facet normal -0.6715589548470186 0.740951125354959 -4.195602217254353e-17
    outer loop
      vertex 28.071902824241313 -34.20571256130111 4
      vertex 31.28947506750473 -31.28947506750473 4
      vertex 31.28947506750473 -31.28947506750473 0
    endloop
  endfacet
  facet normal -0.740951125354959 0.6715589548470186 0
    outer loop
      vertex 31.28947506750473 -31.28947506750473 0
      vertex 31.28947506750473 -31.28947506750473 4
      vertex 34.20571256130111 -28.071902824241313 0
    endloop
  endfacet
  facet normal -0.740951125354959 0.6715589548470186 -4.195602217254353e-17
    outer loop
      vertex 31.28947506750473 -31.28947506750473 4
      vertex 34.20571256130111 -28.071902824241313 4
      vertex 34.20571256130111 -28.071902824241313 0
    endloop
  endfacet
  facet normal -0.8032075314806449 0.5956993044924334 0
    outer loop
      vertex 34.20571256130111 -28.071902824241313 0
      vertex 34.20571256130111 -28.071902824241313 4
      vertex 36.79253034438763 -24.583982811117398 0
    endloop
  endfacet
  facet normal -0.8032075314806449 0.5956993044924334 1.8637341633734698e-17
    outer loop
      vertex 34.20571256130111 -28.071902824241313 4
      vertex 36.79253034438763 -24.583982811117398 4
      vertex 36.79253034438763 -24.583982811117398 0
    endloop
  endfacet
  facet normal -0.8577286100002729 0.5141027441932204 0
    outer loop
      vertex 36.79253034438763 -24.583982811117398 0
      vertex 36.79253034438763 -24.583982811117398 4
      vertex 37.766416790229684 -22.959151438545963 0
    endloop
  endfacet
  facet normal -0.8577286100002729 0.5141027441932204 4.08623421753373e-19
    outer loop
      vertex 36.79253034438763 -24.583982811117398 4
      vertex 37.766416790229684 -22.959151438545963 4
      vertex 37.766416790229684 -22.959151438545963 0
    endloop
  endfacet
  facet normal -0.857728610000271 0.5141027441932234 0
    outer loop
      vertex 38.794759934779144 -21.243464553112396 0
      vertex 38.794759934779144 -21.243464553112396 4
      vertex 39.02501594741471 -20.859305604550396 0
    endloop
  endfacet
  facet normal -0.857728610000271 0.5141027441932234 0
    outer loop
      vertex 39.02501594741471 -20.859305604550396 0
      vertex 38.794759934779144 -21.243464553112396 4
      vertex 39.02501594741471 -20.859305604550396 4
    endloop
  endfacet
  facet normal -0.9039892931234437 0.42755509343028164 0
    outer loop
      vertex 39.02501594741471 -20.859305604550396 0
      vertex 39.02501594741471 -20.859305604550396 4
      vertex 40.881669313624435 -16.93374188215522 0
    endloop
  endfacet
  facet normal -0.9039892931234437 0.42755509343028164 7.754118843508925e-18
    outer loop
      vertex 39.02501594741471 -20.859305604550396 4
      vertex 40.881669313624435 -16.93374188215522 4
      vertex 40.881669313624435 -16.93374188215522 0
    endloop
  endfacet
  facet normal -0.9415440651830206 0.33688985339222083 0
    outer loop
      vertex 40.881669313624435 -16.93374188215522 0
      vertex 40.881669313624435 -16.93374188215522 4
      vertex 42.34460985615024 -12.845096968509958 0
    endloop
  endfacet
  facet normal -0.9415440651830206 0.33688985339222083 -5.7930088559831305e-18
    outer loop
      vertex 40.881669313624435 -16.93374188215522 4
      vertex 42.34460985615024 -12.845096968509958 4
      vertex 42.34460985615024 -12.845096968509958 0
    endloop
  endfacet
  facet normal -0.9700312531945438 0.24298017990326418 0
    outer loop
      vertex 42.34460985615024 -12.845096968509958 0
      vertex 42.34460985615024 -12.845096968509958 4
      vertex 43.39974865784295 -8.632746749213675 0
    endloop
  endfacet
  facet normal -0.9700312531945438 0.24298017990326418 -4.956828285916687e-18
    outer loop
      vertex 42.34460985615024 -12.845096968509958 4
      vertex 43.39974865784295 -8.632746749213675 4
      vertex 43.39974865784295 -8.632746749213675 0
    endloop
  endfacet
  facet normal -0.989176509964781 0.14673047445536144 0
    outer loop
      vertex 43.39974865784295 -8.632746749213675 0
      vertex 43.39974865784295 -8.632746749213675 4
      vertex 44.03692415524471 -4.337258459583056 0
    endloop
  endfacet
  facet normal -0.989176509964781 0.14673047445536144 -1.2262469806294522e-17
    outer loop
      vertex 43.39974865784295 -8.632746749213675 4
      vertex 44.03692415524471 -4.337258459583056 4
      vertex 44.03692415524471 -4.337258459583056 0
    endloop
  endfacet
  facet normal -0.9987954562051725 0.049067674327418036 0
    outer loop
      vertex 44.03692415524471 -4.337258459583056 0
      vertex 44.03692415524471 -4.337258459583056 4
      vertex 44.25 0 0
    endloop
  endfacet
  facet normal -0.9987954562051725 0.049067674327418036 -3.0551453900645936e-18
    outer loop
      vertex 44.03692415524471 -4.337258459583056 4
      vertex 44.25 0 4
      vertex 44.25 0 0
    endloop
  endfacet
  facet normal -0.04906767432741877 -0.9987954562051724 0
    outer loop
      vertex 1 44.200873150230535 0
      vertex 4.337258459583056 44.03692415524471 4
      vertex 1 44.200873150230535 4
    endloop
  endfacet
  facet normal -0.04906767432741877 -0.9987954562051724 -1.5555002529576785e-18
    outer loop
      vertex 1 44.200873150230535 0
      vertex 4.337258459583056 44.03692415524471 0
      vertex 4.337258459583056 44.03692415524471 4
    endloop
  endfacet
  facet normal -0.14673047445536144 -0.989176509964781 0
    outer loop
      vertex 4.337258459583056 44.03692415524471 0
      vertex 8.632746749213675 43.39974865784295 4
      vertex 4.337258459583056 44.03692415524471 4
    endloop
  endfacet
  facet normal -0.14673047445536144 -0.989176509964781 1.2262469806294522e-17
    outer loop
      vertex 4.337258459583056 44.03692415524471 0
      vertex 8.632746749213675 43.39974865784295 0
      vertex 8.632746749213675 43.39974865784295 4
    endloop
  endfacet
  facet normal -0.24298017990326418 -0.9700312531945438 0
    outer loop
      vertex 8.632746749213675 43.39974865784295 0
      vertex 12.845096968509958 42.34460985615024 4
      vertex 8.632746749213675 43.39974865784295 4
    endloop
  endfacet
  facet normal -0.24298017990326418 -0.9700312531945438 4.956828285916687e-18
    outer loop
      vertex 8.632746749213675 43.39974865784295 0
      vertex 12.845096968509958 42.34460985615024 0
      vertex 12.845096968509958 42.34460985615024 4
    endloop
  endfacet
  facet normal -0.33688985339222083 -0.9415440651830206 5.7930088559831305e-18
    outer loop
      vertex 16.93374188215522 40.881669313624435 4
      vertex 12.845096968509958 42.34460985615024 4
      vertex 12.845096968509958 42.34460985615024 0
    endloop
  endfacet
  facet normal -0.33688985339222083 -0.9415440651830206 0
    outer loop
      vertex 16.93374188215522 40.881669313624435 0
      vertex 16.93374188215522 40.881669313624435 4
      vertex 12.845096968509958 42.34460985615024 0
    endloop
  endfacet
  facet normal -0.42755509343028164 -0.9039892931234437 0
    outer loop
      vertex 16.93374188215522 40.881669313624435 0
      vertex 20.859305604550396 39.02501594741471 4
      vertex 16.93374188215522 40.881669313624435 4
    endloop
  endfacet
  facet normal -0.42755509343028164 -0.9039892931234437 -7.754118843508925e-18
    outer loop
      vertex 16.93374188215522 40.881669313624435 0
      vertex 20.859305604550396 39.02501594741471 0
      vertex 20.859305604550396 39.02501594741471 4
    endloop
  endfacet
  facet normal -0.5141027441932212 -0.8577286100002725 0
    outer loop
      vertex 20.859305604550396 39.02501594741471 0
      vertex 24.583982811117398 36.79253034438763 4
      vertex 20.859305604550396 39.02501594741471 4
    endloop
  endfacet
  facet normal -0.5141027441932212 -0.8577286100002725 -1.716020497161158e-17
    outer loop
      vertex 20.859305604550396 39.02501594741471 0
      vertex 24.583982811117398 36.79253034438763 0
      vertex 24.583982811117398 36.79253034438763 4
    endloop
  endfacet
  facet normal -0.9987954562051725 -0.049067674327418036 0
    outer loop
      vertex 44.25 0 0
      vertex 44.25 0 4
      vertex 44.03692415524471 4.337258459583056 0
    endloop
  endfacet
  facet normal -0.9987954562051725 -0.049067674327418036 3.0551453900645936e-18
    outer loop
      vertex 44.25 0 4
      vertex 44.03692415524471 4.337258459583056 4
      vertex 44.03692415524471 4.337258459583056 0
    endloop
  endfacet
  facet normal -0.989176509964781 -0.14673047445536144 0
    outer loop
      vertex 44.03692415524471 4.337258459583056 0
      vertex 44.03692415524471 4.337258459583056 4
      vertex 43.39974865784295 8.632746749213675 0
    endloop
  endfacet
  facet normal -0.989176509964781 -0.14673047445536144 1.2262469806294522e-17
    outer loop
      vertex 44.03692415524471 4.337258459583056 4
      vertex 43.39974865784295 8.632746749213675 4
      vertex 43.39974865784295 8.632746749213675 0
    endloop
  endfacet
  facet normal -0.9700312531945438 -0.24298017990326418 4.956828285916687e-18
    outer loop
      vertex 43.39974865784295 8.632746749213675 4
      vertex 42.34460985615024 12.845096968509958 4
      vertex 42.34460985615024 12.845096968509958 0
    endloop
  endfacet
  facet normal -0.9700312531945438 -0.24298017990326418 0
    outer loop
      vertex 43.39974865784295 8.632746749213675 0
      vertex 43.39974865784295 8.632746749213675 4
      vertex 42.34460985615024 12.845096968509958 0
    endloop
  endfacet
  facet normal -0.8577286100002725 -0.5141027441932212 0
    outer loop
      vertex 39.02501594741471 20.859305604550396 0
      vertex 39.02501594741471 20.859305604550396 4
      vertex 36.79253034438763 24.583982811117398 0
    endloop
  endfacet
  facet normal -0.8577286100002725 -0.5141027441932212 -1.716020497161158e-17
    outer loop
      vertex 39.02501594741471 20.859305604550396 4
      vertex 36.79253034438763 24.583982811117398 4
      vertex 36.79253034438763 24.583982811117398 0
    endloop
  endfacet
  facet normal -0.9039892931234437 -0.42755509343028164 -7.754118843508925e-18
    outer loop
      vertex 40.881669313624435 16.93374188215522 4
      vertex 39.02501594741471 20.859305604550396 4
      vertex 39.02501594741471 20.859305604550396 0
    endloop
  endfacet
  facet normal -0.9039892931234437 -0.42755509343028164 0
    outer loop
      vertex 40.881669313624435 16.93374188215522 0
      vertex 40.881669313624435 16.93374188215522 4
      vertex 39.02501594741471 20.859305604550396 0
    endloop
  endfacet
  facet normal -0.9415440651830206 -0.33688985339222083 5.7930088559831305e-18
    outer loop
      vertex 40.881669313624435 16.93374188215522 0
      vertex 42.34460985615024 12.845096968509958 0
      vertex 42.34460985615024 12.845096968509958 4
    endloop
  endfacet
  facet normal -0.9415440651830206 -0.33688985339222083 0
    outer loop
      vertex 40.881669313624435 16.93374188215522 0
      vertex 42.34460985615024 12.845096968509958 4
      vertex 40.881669313624435 16.93374188215522 4
    endloop
  endfacet
  facet normal -0.5956993044924334 -0.8032075314806449 0
    outer loop
      vertex 28.071902824241313 34.20571256130111 0
      vertex 28.071902824241313 34.20571256130111 4
      vertex 24.583982811117398 36.79253034438763 0
    endloop
  endfacet
  facet normal -0.6715589548470186 -0.740951125354959 0
    outer loop
      vertex 28.071902824241313 34.20571256130111 0
      vertex 31.28947506750473 31.28947506750473 4
      vertex 28.071902824241313 34.20571256130111 4
    endloop
  endfacet
  facet normal -0.740951125354959 -0.6715589548470186 0
    outer loop
      vertex 34.20571256130111 28.071902824241313 0
      vertex 34.20571256130111 28.071902824241313 4
      vertex 31.28947506750473 31.28947506750473 0
    endloop
  endfacet
  facet normal -0.8032075314806449 -0.5956993044924334 0
    outer loop
      vertex 34.20571256130111 28.071902824241313 0
      vertex 36.79253034438763 24.583982811117398 4
      vertex 34.20571256130111 28.071902824241313 4
    endloop
  endfacet
  facet normal -0.6715589548470186 -0.740951125354959 4.195602217254353e-17
    outer loop
      vertex 28.071902824241313 34.20571256130111 0
      vertex 31.28947506750473 31.28947506750473 0
      vertex 31.28947506750473 31.28947506750473 4
    endloop
  endfacet
  facet normal -0.740951125354959 -0.6715589548470186 4.195602217254353e-17
    outer loop
      vertex 34.20571256130111 28.071902824241313 4
      vertex 31.28947506750473 31.28947506750473 4
      vertex 31.28947506750473 31.28947506750473 0
    endloop
  endfacet
  facet normal -0.5956993044924334 -0.8032075314806449 -1.8637341633734698e-17
    outer loop
      vertex 28.071902824241313 34.20571256130111 4
      vertex 24.583982811117398 36.79253034438763 4
      vertex 24.583982811117398 36.79253034438763 0
    endloop
  endfacet
  facet normal -0.8032075314806449 -0.5956993044924334 -1.8637341633734698e-17
    outer loop
      vertex 34.20571256130111 28.071902824241313 0
      vertex 36.79253034438763 24.583982811117398 0
      vertex 36.79253034438763 24.583982811117398 4
    endloop
  endfacet
  facet normal -0.740951125354959 -0.6715589548470187 0
    outer loop
      vertex -36.52474392138932 -29.97508267673225 237
      vertex -33.41079541106437 -33.41079541106437 237
      vertex -36.52474392138932 -29.97508267673225 243
    endloop
  endfacet
  facet normal -0.8577286100002708 -0.5141027441932241 0
    outer loop
      vertex -40.361710916501174 -24.45754520097506 237
      vertex -39.28693918129526 -26.250693510176202 243
      vertex -40.361710916501174 -24.45754520097506 243
    endloop
  endfacet
  facet normal -0.8577286100002708 -0.5141027441932241 -5.76815698984296e-18
    outer loop
      vertex -40.361710916501174 -24.45754520097506 237
      vertex -39.28693918129526 -26.250693510176202 237
      vertex -39.28693918129526 -26.250693510176202 243
    endloop
  endfacet
  facet normal 0 0 1
    outer loop
      vertex -39.28693918129526 -26.250693510176202 243
      vertex -37.62399995669017 -25.139553044137 243
      vertex -39.57620384917025 -23.95523523216053 243
    endloop
  endfacet
  facet normal 0 0 -1
    outer loop
      vertex -40.361710916501174 -24.45754520097506 237
      vertex -38.63151483232018 -23.458616026022327 237
      vertex -39.28693918129526 -26.250693510176202 237
    endloop
  endfacet
  facet normal 0 0 -1
    outer loop
      vertex -39.28693918129526 -26.250693510176202 237
      vertex -38.63151483232018 -23.458616026022327 237
      vertex -37.62399995669017 -25.139553044137 237
    endloop
  endfacet
  facet normal 0 0 1
    outer loop
      vertex -40.361710916501174 -24.45754520097506 243
      vertex -39.28693918129526 -26.250693510176202 243
      vertex -39.57620384917025 -23.95523523216053 243
    endloop
  endfacet
  facet normal 0 0 1
    outer loop
      vertex -39.57620384917025 -23.95523523216053 243
      vertex -37.62399995669017 -25.139553044137 243
      vertex -38.63151483232018 -23.458616026022327 243
    endloop
  endfacet
  facet normal 0 0 -1
    outer loop
      vertex -36.52474392138932 -29.97508267673225 237
      vertex -39.28693918129526 -26.250693510176202 237
      vertex -34.97872301466385 -28.70629610840496 237
    endloop
  endfacet
  facet normal -0.8032075314806455 -0.5956993044924325 0
    outer loop
      vertex -36.52474392138932 -29.97508267673225 237
      vertex -36.52474392138932 -29.97508267673225 243
      vertex -39.28693918129526 -26.250693510176202 243
    endloop
  endfacet
  facet normal -0.8032075314806455 -0.5956993044924325 -2.9977397675512044e-17
    outer loop
      vertex -36.52474392138932 -29.97508267673225 237
      vertex -39.28693918129526 -26.250693510176202 243
      vertex -39.28693918129526 -26.250693510176202 237
    endloop
  endfacet
  facet normal 0 0 -1
    outer loop
      vertex -39.28693918129526 -26.250693510176202 237
      vertex -37.62399995669017 -25.139553044137 237
      vertex -34.97872301466385 -28.70629610840496 237
    endloop
  endfacet
  facet normal 0 0 1
    outer loop
      vertex -36.52474392138932 -29.97508267673225 243
      vertex -37.62399995669017 -25.139553044137 243
      vertex -39.28693918129526 -26.250693510176202 243
    endloop
  endfacet
  facet normal 0 0 1
    outer loop
      vertex -36.52474392138932 -29.97508267673225 243
      vertex -34.97872301466385 -28.70629610840496 243
      vertex -37.62399995669017 -25.139553044137 243
    endloop
  endfacet
  facet normal -0.6715589548470187 -0.740951125354959 0
    outer loop
      vertex -29.97508267673225 -36.52474392138932 237
      vertex -29.97508267673225 -36.52474392138932 243
      vertex -33.41079541106437 -33.41079541106437 237
    endloop
  endfacet
  facet normal -0.5956993044924325 -0.8032075314806455 0
    outer loop
      vertex -29.97508267673225 -36.52474392138932 237
      vertex -26.250693510176202 -39.28693918129526 243
      vertex -29.97508267673225 -36.52474392138932 243
    endloop
  endfacet
  facet normal 0 0 1
    outer loop
      vertex -29.97508267673225 -36.52474392138932 243
      vertex -26.250693510176202 -39.28693918129526 243
      vertex -28.70629610840496 -34.97872301466385 243
    endloop
  endfacet
  facet normal -0.5956993044924325 -0.8032075314806455 -2.9977397675512044e-17
    outer loop
      vertex -29.97508267673225 -36.52474392138932 237
      vertex -26.250693510176202 -39.28693918129526 237
      vertex -26.250693510176202 -39.28693918129526 243
    endloop
  endfacet
  facet normal 0 0 -1
    outer loop
      vertex -29.97508267673225 -36.52474392138932 237
      vertex -25.139553044137 -37.62399995669017 237
      vertex -26.250693510176202 -39.28693918129526 237
    endloop
  endfacet
  facet normal 0 0 1
    outer loop
      vertex -26.250693510176202 -39.28693918129526 243
      vertex -25.139553044137 -37.62399995669017 243
      vertex -28.70629610840496 -34.97872301466385 243
    endloop
  endfacet
  facet normal 0 0 -1
    outer loop
      vertex -29.97508267673225 -36.52474392138932 237
      vertex -28.70629610840496 -34.97872301466385 237
      vertex -25.139553044137 -37.62399995669017 237
    endloop
  endfacet
  facet normal -0.514102744193223 -0.8577286100002712 0
    outer loop
      vertex -26.250693510176202 -39.28693918129526 237
      vertex -22.27349581502839 -41.67077974045978 243
      vertex -26.250693510176202 -39.28693918129526 243
    endloop
  endfacet
  facet normal 0 0 -1
    outer loop
      vertex -26.250693510176202 -39.28693918129526 237
      vertex -25.139553044137 -37.62399995669017 237
      vertex -21.330702341376394 -39.906937211763065 237
    endloop
  endfacet
  facet normal 0 0 1
    outer loop
      vertex -26.250693510176202 -39.28693918129526 243
      vertex -22.27349581502839 -41.67077974045978 243
      vertex -25.139553044137 -37.62399995669017 243
    endloop
  endfacet
  facet normal 0 0 -1
    outer loop
      vertex -36.52474392138932 -29.97508267673225 237
      vertex -31.996581848691278 -31.996581848691278 237
      vertex -33.41079541106437 -33.41079541106437 237
    endloop
  endfacet
  facet normal -0.740951125354959 -0.6715589548470187 -8.008380864789558e-18
    outer loop
      vertex -36.52474392138932 -29.97508267673225 243
      vertex -33.41079541106437 -33.41079541106437 237
      vertex -33.41079541106437 -33.41079541106437 243
    endloop
  endfacet
  facet normal 0 0 -1
    outer loop
      vertex -36.52474392138932 -29.97508267673225 237
      vertex -34.97872301466385 -28.70629610840496 237
      vertex -31.996581848691278 -31.996581848691278 237
    endloop
  endfacet
  facet normal 0 0 1
    outer loop
      vertex -36.52474392138932 -29.97508267673225 243
      vertex -33.41079541106437 -33.41079541106437 243
      vertex -34.97872301466385 -28.70629610840496 243
    endloop
  endfacet
  facet normal 0 0 1
    outer loop
      vertex -33.41079541106437 -33.41079541106437 243
      vertex -31.996581848691278 -31.996581848691278 243
      vertex -34.97872301466385 -28.70629610840496 243
    endloop
  endfacet
  facet normal -0.6715589548470187 -0.740951125354959 -8.008380864789558e-18
    outer loop
      vertex -29.97508267673225 -36.52474392138932 243
      vertex -33.41079541106437 -33.41079541106437 243
      vertex -33.41079541106437 -33.41079541106437 237
    endloop
  endfacet
  facet normal 0 0 1
    outer loop
      vertex -29.97508267673225 -36.52474392138932 243
      vertex -31.996581848691278 -31.996581848691278 243
      vertex -33.41079541106437 -33.41079541106437 243
    endloop
  endfacet
  facet normal 0 0 -1
    outer loop
      vertex -33.41079541106437 -33.41079541106437 237
      vertex -31.996581848691278 -31.996581848691278 237
      vertex -28.70629610840496 -34.97872301466385 237
    endloop
  endfacet
  facet normal 0 0 -1
    outer loop
      vertex -29.97508267673225 -36.52474392138932 237
      vertex -33.41079541106437 -33.41079541106437 237
      vertex -28.70629610840496 -34.97872301466385 237
    endloop
  endfacet
  facet normal 0 0 1
    outer loop
      vertex -29.97508267673225 -36.52474392138932 243
      vertex -28.70629610840496 -34.97872301466385 243
      vertex -31.996581848691278 -31.996581848691278 243
    endloop
  endfacet
  facet normal -0.8577286100002715 -0.5141027441932227 0
    outer loop
      vertex -41.390054061050634 -22.741858315541496 237
      vertex -41.390054061050634 -22.741858315541496 243
      vertex -41.67077974045978 -22.27349581502839 237
    endloop
  endfacet
  facet normal -0.8577286100002715 -0.5141027441932227 0
    outer loop
      vertex -41.67077974045978 -22.27349581502839 237
      vertex -41.390054061050634 -22.741858315541496 243
      vertex -41.67077974045978 -22.27349581502839 243
    endloop
  endfacet
  facet normal -0.9039892931234436 -0.4275550934302817 0
    outer loop
      vertex -41.67077974045978 -22.27349581502839 237
      vertex -41.67077974045978 -22.27349581502839 243
      vertex -43.6533079111583 -18.081792179250492 243
    endloop
  endfacet
  facet normal -0.9039892931234436 -0.4275550934302817 8.61525085050034e-18
    outer loop
      vertex -41.67077974045978 -22.27349581502839 237
      vertex -43.6533079111583 -18.081792179250492 243
      vertex -43.6533079111583 -18.081792179250492 237
    endloop
  endfacet
  facet normal 0 0 1
    outer loop
      vertex -41.67077974045978 -22.27349581502839 243
      vertex -43.30155019188245 -13.13538164576442 243
      vertex -43.6533079111583 -18.081792179250492 243
    endloop
  endfacet
  facet normal 0 0 -1
    outer loop
      vertex -41.67077974045978 -22.27349581502839 237
      vertex -43.6533079111583 -18.081792179250492 237
      vertex -39.906937211763065 -21.330702341376394 237
    endloop
  endfacet
  facet normal 0 0 -1
    outer loop
      vertex -43.6533079111583 -18.081792179250492 237
      vertex -41.80554884613572 -17.316425314520313 237
      vertex -39.906937211763065 -21.330702341376394 237
    endloop
  endfacet
  facet normal -0.9415440651830211 -0.33688985339221933 7.563343836351014e-19
    outer loop
      vertex -43.6533079111583 -18.081792179250492 237
      vertex -45.21543086334687 -13.715951000273344 243
      vertex -45.21543086334687 -13.715951000273344 237
    endloop
  endfacet
  facet normal 0 0 1
    outer loop
      vertex -43.6533079111583 -18.081792179250492 243
      vertex -44.380533938246174 -8.827837071229803 243
      vertex -45.21543086334687 -13.715951000273344 243
    endloop
  endfacet
  facet normal 0 0 -1
    outer loop
      vertex -45.21543086334687 -13.715951000273344 237
      vertex -44.380533938246174 -8.827837071229803 237
      vertex -43.30155019188245 -13.13538164576442 237
    endloop
  endfacet
  facet normal -0.970031253194544 -0.24298017990326415 0
    outer loop
      vertex -45.21543086334687 -13.715951000273344 237
      vertex -45.21543086334687 -13.715951000273344 243
      vertex -46.34210449905264 -9.218017715262059 243
    endloop
  endfacet
  facet normal -0.9415440651830211 -0.33688985339221933 0
    outer loop
      vertex -43.6533079111583 -18.081792179250492 237
      vertex -43.6533079111583 -18.081792179250492 243
      vertex -45.21543086334687 -13.715951000273344 243
    endloop
  endfacet
  facet normal 0 0 -1
    outer loop
      vertex -43.6533079111583 -18.081792179250492 237
      vertex -45.21543086334687 -13.715951000273344 237
      vertex -43.30155019188245 -13.13538164576442 237
    endloop
  endfacet
  facet normal 0 0 -1
    outer loop
      vertex -43.6533079111583 -18.081792179250492 237
      vertex -43.30155019188245 -13.13538164576442 237
      vertex -41.80554884613572 -17.316425314520313 237
    endloop
  endfacet
  facet normal 0 0 1
    outer loop
      vertex -41.67077974045978 -22.27349581502839 243
      vertex -41.80554884613572 -17.316425314520313 243
      vertex -43.30155019188245 -13.13538164576442 243
    endloop
  endfacet
  facet normal 0 0 1
    outer loop
      vertex -43.6533079111583 -18.081792179250492 243
      vertex -43.30155019188245 -13.13538164576442 243
      vertex -44.380533938246174 -8.827837071229803 243
    endloop
  endfacet
  facet normal 0 0 1
    outer loop
      vertex -40.361710916501174 -24.45754520097506 243
      vertex -39.906937211763065 -21.330702341376394 243
      vertex -40.36316722575433 -24.455115495774 243
    endloop
  endfacet
  facet normal 0 0 1
    outer loop
      vertex -40.361710916501174 -24.45754520097506 243
      vertex -39.57620384917025 -23.95523523216053 243
      vertex -39.84162328021058 -21.849000707897613 243
    endloop
  endfacet
  facet normal 0 0 1
    outer loop
      vertex -40.36316722575433 -24.455115495774 243
      vertex -39.906937211763065 -21.330702341376394 243
      vertex -41.390054061050634 -22.741858315541496 243
    endloop
  endfacet
  facet normal 0 0 1
    outer loop
      vertex -40.361710916501174 -24.45754520097506 243
      vertex -39.84162328021058 -21.849000707897613 243
      vertex -39.906937211763065 -21.330702341376394 243
    endloop
  endfacet
  facet normal 0 0 -1
    outer loop
      vertex -41.390054061050634 -22.741858315541496 237
      vertex -41.67077974045978 -22.27349581502839 237
      vertex -39.906937211763065 -21.330702341376394 237
    endloop
  endfacet
  facet normal 0 0 -1
    outer loop
      vertex -41.390054061050634 -22.741858315541496 237
      vertex -39.906937211763065 -21.330702341376394 237
      vertex -39.65985797686964 -21.742929140588764 237
    endloop
  endfacet
  facet normal 0 0 1
    outer loop
      vertex -41.390054061050634 -22.741858315541496 243
      vertex -39.906937211763065 -21.330702341376394 243
      vertex -41.67077974045978 -22.27349581502839 243
    endloop
  endfacet
  facet normal 0 0 1
    outer loop
      vertex -39.57620384917025 -23.95523523216053 243
      vertex -38.63151483232018 -23.458616026022327 243
      vertex -38.6764221866288 -23.383692631768977 243
    endloop
  endfacet
  facet normal 0 0 1
    outer loop
      vertex -39.906937211763065 -21.330702341376394 243
      vertex -39.84162328021058 -21.849000707897613 243
      vertex -39.65985797686964 -21.742929140588764 243
    endloop
  endfacet
  facet normal 0 0 1
    outer loop
      vertex -41.67077974045978 -22.27349581502839 243
      vertex -39.906937211763065 -21.330702341376394 243
      vertex -41.80554884613572 -17.316425314520313 243
    endloop
  endfacet
  facet normal -0.970031253194544 -0.24298017990326415 -1.3263099191765127e-17
    outer loop
      vertex -45.21543086334687 -13.715951000273344 237
      vertex -46.34210449905264 -9.218017715262059 243
      vertex -46.34210449905264 -9.218017715262059 237
    endloop
  endfacet
  facet normal 0 0 -1
    outer loop
      vertex -45.21543086334687 -13.715951000273344 237
      vertex -46.34210449905264 -9.218017715262059 237
      vertex -44.5033319677279 -8 237
    endloop
  endfacet
  facet normal 0 0 -1
    outer loop
      vertex -45.21543086334687 -13.715951000273344 237
      vertex -44.5033319677279 -8 237
      vertex -44.380533938246174 -8.827837071229803 237
    endloop
  endfacet
  facet normal 0 0 1
    outer loop
      vertex -45.21543086334687 -13.715951000273344 243
      vertex -44.380533938246174 -8.827837071229803 243
      vertex -45.03210888191691 -4.435275599912617 243
    endloop
  endfacet
  facet normal -0.9891765099647811 -0.14673047445536008 -8.690224555013411e-15
    outer loop
      vertex -46.34210449905264 -9.218017715262059 237
      vertex -46.52706602963132 -7.971108360033181 237.58810284197736
      vertex -46.522780359685235 -8 237
    endloop
  endfacet
  facet normal 0 0 -1
    outer loop
      vertex -46.34210449905264 -9.218017715262059 237
      vertex -46.522780359685235 -8 237
      vertex -44.5033319677279 -8 237
    endloop
  endfacet
  facet normal -0.98917650996478 -0.14673047445536844 9.344359836945256e-15
    outer loop
      vertex -46.34210449905264 -9.218017715262059 237
      vertex -46.53988176612519 -7.884711682419383 238.17054193209677
      vertex -46.52706602963132 -7.971108360033181 237.58810284197736
    endloop
  endfacet
  facet normal -0.9891765099647817 -0.1467304744553569 -4.113558825904041e-15
    outer loop
      vertex -46.34210449905264 -9.218017715262059 237
      vertex -46.56110414661863 -7.741642014393253 238.74170806352677
      vertex -46.53988176612519 -7.884711682419383 238.17054193209677
    endloop
  endfacet
  facet normal -0.9891765099647807 -0.14673047445536355 -6.56278023568048e-16
    outer loop
      vertex -46.34210449905264 -9.218017715262059 243
      vertex -46.627872314846236 -7.2915275860901305 239.828380420956
      vertex -46.59052878798615 -7.54327719506772 239.29610059419053
    endloop
  endfacet
  facet normal -0.9891765099647813 -0.14673047445535953 1.828392144406892e-15
    outer loop
      vertex -46.34210449905264 -9.218017715262059 243
      vertex -46.67277508862117 -6.988817673815271 240.33342139811762
      vertex -46.627872314846236 -7.2915275860901305 239.828380420956
    endloop
  endfacet
  facet normal -0.9891765099647812 -0.14673047445535983 1.5089476266284257e-15
    outer loop
      vertex -46.34210449905264 -9.218017715262059 243
      vertex -46.72480467105316 -6.638062720176422 240.80635970498187
      vertex -46.67277508862117 -6.988817673815271 240.33342139811762
    endloop
  endfacet
  facet normal -0.9891765099647811 -0.1467304744553616 0
    outer loop
      vertex -46.34210449905264 -9.218017715262059 237
      vertex -46.34210449905264 -9.218017715262059 243
      vertex -46.56110414661863 -7.741642014393253 238.74170806352677
    endloop
  endfacet
  facet normal -0.9891765099647807 -0.14673047445536358 -7.088728575857143e-16
    outer loop
      vertex -46.34210449905264 -9.218017715262059 243
      vertex -46.59052878798615 -7.54327719506772 239.29610059419053
      vertex -46.56110414661863 -7.741642014393253 238.74170806352677
    endloop
  endfacet
  facet normal 0 0 1
    outer loop
      vertex -45.21543086334687 -13.715951000273344 243
      vertex -47.15174630046106 -2 243
      vertex -46.34210449905264 -9.218017715262059 243
    endloop
  endfacet
  facet normal -0.9891765099647801 -0.14673047445536797 -8.286689990327514e-15
    outer loop
      vertex -46.34210449905264 -9.218017715262059 243
      vertex -46.783459988821114 -6.242640687119286 241.2426406871193
      vertex -46.72480467105316 -6.638062720176422 240.80635970498187
    endloop
  endfacet
  facet normal -0.9891765099647808 -0.14673047445536305 2.924824843887769e-16
    outer loop
      vertex -46.34210449905264 -9.218017715262059 243
      vertex -46.84817615915067 -5.8063597049818725 241.63806272017644
      vertex -46.783459988821114 -6.242640687119286 241.2426406871193
    endloop
  endfacet
  facet normal -0.989176509964781 -0.14673047445536225 2.4097902400574658e-15
    outer loop
      vertex -46.34210449905264 -9.218017715262059 243
      vertex -47.022478335261304 -4.631309880571738 243
      vertex -46.84817615915067 -5.8063597049818725 241.63806272017644
    endloop
  endfacet
  facet normal 0 0 1
    outer loop
      vertex -45.21543086334687 -13.715951000273344 243
      vertex -45.03210888191691 -4.435275599912617 243
      vertex -47.15174630046106 -2 243
    endloop
  endfacet
  facet normal -0.9891765099647855 -0.1467304744553315 -2.4567436240443706e-14
    outer loop
      vertex -47.022478335261304 -4.631309880571738 243
      vertex -46.918329929944086 -5.333421398117613 241.98881767381528
      vertex -46.84817615915067 -5.8063597049818725 241.63806272017644
    endloop
  endfacet
  facet normal 0 0 1
    outer loop
      vertex -46.34210449905264 -9.218017715262059 243
      vertex -47.15174630046106 -2 243
      vertex -47.022478335261304 -4.631309880571738 243
    endloop
  endfacet
  facet normal -0.9891765099647802 -0.14673047445536597 -1.8903123973286777e-16
    outer loop
      vertex -47.022478335261304 -4.631309880571738 243
      vertex -46.99324568203869 -4.828380420955986 242.29152758609013
      vertex -46.918329929944086 -5.333421398117613 241.98881767381528
    endloop
  endfacet
  facet normal -0.9891765099647802 -0.14673047445536663 0
    outer loop
      vertex -47.022478335261304 -4.631309880571738 243
      vertex -47.022478335261304 -4.631309880571738 242.38473501005774
      vertex -46.99324568203869 -4.828380420955986 242.29152758609013
    endloop
  endfacet
  facet normal -0.9987954562051725 -0.04906767432741493 0
    outer loop
      vertex -47.022478335261304 -4.631309880571738 243
      vertex -47.03894611151468 -4.296100594190539 242.54327719506773
      vertex -47.022478335261304 -4.631309880571738 242.38473501005774
    endloop
  endfacet
  facet normal -0.9987954562051724 -0.04906767432741857 -2.680352167746405e-15
    outer loop
      vertex -47.022478335261304 -4.631309880571738 243
      vertex -47.06618167008192 -3.741708063526774 242.74164201439325
      vertex -47.03894611151468 -4.296100594190539 242.54327719506773
    endloop
  endfacet
  facet normal -0.9987954562051724 -0.049067674327418126 -1.1642602113383422e-15
    outer loop
      vertex -47.022478335261304 -4.631309880571738 243
      vertex -47.09424126281409 -3.1705419320967696 242.88471168241938
      vertex -47.06618167008192 -3.741708063526774 242.74164201439325
    endloop
  endfacet
  facet normal -0.9987954562051724 -0.04906767432741775 3.528045588955123e-15
    outer loop
      vertex -47.022478335261304 -4.631309880571738 243
      vertex -47.12285466049425 -2.5881028419773635 242.97110836003318
      vertex -47.09424126281409 -3.1705419320967696 242.88471168241938
    endloop
  endfacet
  facet normal -0.9987954562051725 -0.04906767432741657 8.655298620605786e-14
    outer loop
      vertex -47.022478335261304 -4.631309880571738 243
      vertex -47.15174630046106 -2 243
      vertex -47.12285466049425 -2.5881028419773635 242.97110836003318
    endloop
  endfacet
  facet normal 0 0 1
    outer loop
      vertex -45.03210888191691 -4.435275599912617 243
      vertex -45.15174630046106 -2 243
      vertex -47.15174630046106 -2 243
    endloop
  endfacet
  facet normal -0.4275550934302817 -0.9039892931234436 0
    outer loop
      vertex -22.27349581502839 -41.67077974045978 237
      vertex -18.081792179250492 -43.6533079111583 243
      vertex -22.27349581502839 -41.67077974045978 243
    endloop
  endfacet
  facet normal -0.4275550934302817 -0.9039892931234436 8.61525085050034e-18
    outer loop
      vertex -22.27349581502839 -41.67077974045978 237
      vertex -18.081792179250492 -43.6533079111583 237
      vertex -18.081792179250492 -43.6533079111583 243
    endloop
  endfacet
  facet normal 0 0 -1
    outer loop
      vertex -22.27349581502839 -41.67077974045978 237
      vertex -17.316425314520313 -41.80554884613572 237
      vertex -18.081792179250492 -43.6533079111583 237
    endloop
  endfacet
  facet normal 0 0 1
    outer loop
      vertex -22.27349581502839 -41.67077974045978 243
      vertex -18.081792179250492 -43.6533079111583 243
      vertex -21.330702341376394 -39.906937211763065 243
    endloop
  endfacet
  facet normal 0 0 1
    outer loop
      vertex -18.081792179250492 -43.6533079111583 243
      vertex -17.316425314520313 -41.80554884613572 243
      vertex -21.330702341376394 -39.906937211763065 243
    endloop
  endfacet
  facet normal -0.514102744193223 -0.8577286100002712 2.490063100854545e-17
    outer loop
      vertex -26.250693510176202 -39.28693918129526 237
      vertex -22.27349581502839 -41.67077974045978 237
      vertex -22.27349581502839 -41.67077974045978 243
    endloop
  endfacet
  facet normal 0 0 -1
    outer loop
      vertex -26.250693510176202 -39.28693918129526 237
      vertex -21.330702341376394 -39.906937211763065 237
      vertex -22.27349581502839 -41.67077974045978 237
    endloop
  endfacet
  facet normal 0 0 1
    outer loop
      vertex -25.139553044137 -37.62399995669017 243
      vertex -22.27349581502839 -41.67077974045978 243
      vertex -21.330702341376394 -39.906937211763065 243
    endloop
  endfacet
  facet normal 0 0 -1
    outer loop
      vertex -22.27349581502839 -41.67077974045978 237
      vertex -21.330702341376394 -39.906937211763065 237
      vertex -17.316425314520313 -41.80554884613572 237
    endloop
  endfacet
  facet normal -0.33688985339221933 -0.9415440651830211 7.563343836351014e-19
    outer loop
      vertex -18.081792179250492 -43.6533079111583 237
      vertex -13.715951000273344 -45.21543086334687 237
      vertex -13.715951000273344 -45.21543086334687 243
    endloop
  endfacet
  facet normal -0.33688985339221933 -0.9415440651830211 0
    outer loop
      vertex -18.081792179250492 -43.6533079111583 237
      vertex -13.715951000273344 -45.21543086334687 243
      vertex -18.081792179250492 -43.6533079111583 243
    endloop
  endfacet
  facet normal 0 0 1
    outer loop
      vertex -18.081792179250492 -43.6533079111583 243
      vertex -13.715951000273344 -45.21543086334687 243
      vertex -17.316425314520313 -41.80554884613572 243
    endloop
  endfacet
  facet normal 0 0 -1
    outer loop
      vertex -18.081792179250492 -43.6533079111583 237
      vertex -17.316425314520313 -41.80554884613572 237
      vertex -13.13538164576442 -43.30155019188245 237
    endloop
  endfacet
  facet normal 0 0 -1
    outer loop
      vertex -18.081792179250492 -43.6533079111583 237
      vertex -13.13538164576442 -43.30155019188245 237
      vertex -13.715951000273344 -45.21543086334687 237
    endloop
  endfacet
  facet normal 0 0 -1
    outer loop
      vertex -13.715951000273344 -45.21543086334687 237
      vertex -13.13538164576442 -43.30155019188245 237
      vertex -8.827837071229803 -44.380533938246174 237
    endloop
  endfacet
  facet normal -0.24298017990326415 -0.970031253194544 0
    outer loop
      vertex -13.715951000273344 -45.21543086334687 237
      vertex -9.218017715262059 -46.34210449905264 243
      vertex -13.715951000273344 -45.21543086334687 243
    endloop
  endfacet
  facet normal 0 0 1
    outer loop
      vertex -13.715951000273344 -45.21543086334687 243
      vertex -9.218017715262059 -46.34210449905264 243
      vertex -13.13538164576442 -43.30155019188245 243
    endloop
  endfacet
  facet normal 0 0 1
    outer loop
      vertex -17.316425314520313 -41.80554884613572 243
      vertex -13.715951000273344 -45.21543086334687 243
      vertex -13.13538164576442 -43.30155019188245 243
    endloop
  endfacet
  facet normal -0.24298017990326415 -0.970031253194544 -1.3263099191765127e-17
    outer loop
      vertex -13.715951000273344 -45.21543086334687 237
      vertex -9.218017715262059 -46.34210449905264 237
      vertex -9.218017715262059 -46.34210449905264 243
    endloop
  endfacet
  facet normal 0 0 -1
    outer loop
      vertex -13.715951000273344 -45.21543086334687 237
      vertex -8.827837071229803 -44.380533938246174 237
      vertex -9.218017715262059 -46.34210449905264 237
    endloop
  endfacet
  facet normal 0 0 1
    outer loop
      vertex -13.13538164576442 -43.30155019188245 243
      vertex -9.218017715262059 -46.34210449905264 243
      vertex -8.827837071229803 -44.380533938246174 243
    endloop
  endfacet
  facet normal 0 0 -1
    outer loop
      vertex -9.218017715262059 -46.34210449905264 237
      vertex -8.827837071229803 -44.380533938246174 237
      vertex -6 -46.819452334761934 237
    endloop
  endfacet
  facet normal -0.1467304744553622 -0.9891765099647809 0
    outer loop
      vertex -9.218017715262059 -46.34210449905264 237
      vertex -6 -46.819452334761934 243
      vertex -9.218017715262059 -46.34210449905264 243
    endloop
  endfacet
  facet normal 0 0 1
    outer loop
      vertex -9.218017715262059 -46.34210449905264 243
      vertex -6 -44.8000039428046 243
      vertex -8.827837071229803 -44.380533938246174 243
    endloop
  endfacet
  facet normal -0.1467304744553622 -0.9891765099647809 -3.821746455955092e-18
    outer loop
      vertex -9.218017715262059 -46.34210449905264 237
      vertex -6 -46.819452334761934 237
      vertex -6 -46.819452334761934 243
    endloop
  endfacet
  facet normal 0 0 1
    outer loop
      vertex -9.218017715262059 -46.34210449905264 243
      vertex -6 -46.819452334761934 243
      vertex -6 -44.8000039428046 243
    endloop
  endfacet
  facet normal 0 0 -1
    outer loop
      vertex -8.827837071229803 -44.380533938246174 237
      vertex -6 -44.8000039428046 237
      vertex -6 -46.819452334761934 237
    endloop
  endfacet
  facet normal 0 0 1
    outer loop
      vertex -47.022478335261304 4.631309880571738 243
      vertex -47.15174630046106 2 243
      vertex -45.15174630046106 2 243
    endloop
  endfacet
  facet normal -0.9987954562051725 0.04906767432741657 8.702693388738395e-14
    outer loop
      vertex -47.022478335261304 4.631309880571738 243
      vertex -47.12285466049425 2.5881028419773635 242.97110836003318
      vertex -47.15174630046106 2 243
    endloop
  endfacet
  facet normal -0.9987954562051724 0.049067674327417744 3.6097189376167384e-15
    outer loop
      vertex -47.022478335261304 4.631309880571738 243
      vertex -47.09424126281409 3.1705419320967696 242.88471168241938
      vertex -47.12285466049425 2.5881028419773635 242.97110836003318
    endloop
  endfacet
  facet normal -0.9987954562051724 0.04906767432741812 -1.148326969946809e-15
    outer loop
      vertex -47.022478335261304 4.631309880571738 243
      vertex -47.06618167008192 3.741708063526774 242.74164201439325
      vertex -47.09424126281409 3.1705419320967696 242.88471168241938
    endloop
  endfacet
  facet normal -0.9987954562051724 0.04906767432741857 -2.6804286232054723e-15
    outer loop
      vertex -47.022478335261304 4.631309880571738 243
      vertex -47.03894611151468 4.296100594190539 242.54327719506773
      vertex -47.06618167008192 3.741708063526774 242.74164201439325
    endloop
  endfacet
  facet normal -0.9987954562051725 0.04906767432741493 0
    outer loop
      vertex -47.022478335261304 4.631309880571738 243
      vertex -47.022478335261304 4.631309880571738 242.38473501005774
      vertex -47.03894611151468 4.296100594190539 242.54327719506773
    endloop
  endfacet
  facet normal -0.9891765099647802 0.14673047445536663 0
    outer loop
      vertex -47.022478335261304 4.631309880571738 243
      vertex -46.99324568203869 4.828380420955986 242.29152758609013
      vertex -47.022478335261304 4.631309880571738 242.38473501005774
    endloop
  endfacet
  facet normal 0 0 1
    outer loop
      vertex -47.022478335261304 4.631309880571738 243
      vertex -45.15174630046106 2 243
      vertex -46.34210449905264 9.218017715262059 243
    endloop
  endfacet
  facet normal 0 0 1
    outer loop
      vertex -45.03210888191691 4.435275599912617 243
      vertex -46.34210449905264 9.218017715262059 243
      vertex -45.15174630046106 2 243
    endloop
  endfacet
  facet normal -0.9891765099647808 0.14673047445536222 -1.2518434842900228e-15
    outer loop
      vertex -47.022478335261304 4.631309880571738 243
      vertex -46.34210449905264 9.218017715262059 243
      vertex -46.99324568203869 4.828380420955986 242.29152758609013
    endloop
  endfacet
  facet normal -0.9891765099647808 0.14673047445536286 -5.36744254071116e-15
    outer loop
      vertex -46.34210449905264 9.218017715262059 243
      vertex -46.918329929944086 5.333421398117613 241.98881767381528
      vertex -46.99324568203869 4.828380420955986 242.29152758609013
    endloop
  endfacet
  facet normal -0.9891765099647815 0.14673047445535836 1.236467607092518e-14
    outer loop
      vertex -46.34210449905264 9.218017715262059 243
      vertex -46.84817615915067 5.8063597049818725 241.63806272017644
      vertex -46.918329929944086 5.333421398117613 241.98881767381528
    endloop
  endfacet
  facet normal -0.9891765099647808 0.14673047445536308 3.049906737564062e-16
    outer loop
      vertex -46.34210449905264 9.218017715262059 243
      vertex -46.783459988821114 6.242640687119286 241.2426406871193
      vertex -46.84817615915067 5.8063597049818725 241.63806272017644
    endloop
  endfacet
  facet normal -0.98917650996478 0.14673047445536802 -8.273955915659867e-15
    outer loop
      vertex -46.34210449905264 9.218017715262059 243
      vertex -46.72480467105316 6.638062720176422 240.80635970498187
      vertex -46.783459988821114 6.242640687119286 241.2426406871193
    endloop
  endfacet
  facet normal -0.9891765099647811 0.14673047445536008 -8.715503490116541e-15
    outer loop
      vertex -46.34210449905264 9.218017715262059 237
      vertex -46.522780359685235 8 237
      vertex -46.52706602963132 7.971108360033181 237.58810284197736
    endloop
  endfacet
  facet normal -0.98917650996478 0.1467304744553684 9.350843353174421e-15
    outer loop
      vertex -46.34210449905264 9.218017715262059 237
      vertex -46.52706602963132 7.971108360033181 237.58810284197736
      vertex -46.53988176612519 7.884711682419383 238.17054193209677
    endloop
  endfacet
  facet normal -0.9891765099647813 0.14673047445535944 1.833111409766283e-15
    outer loop
      vertex -46.34210449905264 9.218017715262059 243
      vertex -46.627872314846236 7.2915275860901305 239.828380420956
      vertex -46.67277508862117 6.988817673815271 240.33342139811762
    endloop
  endfacet
  facet normal -0.9891765099647807 0.1467304744553635 -6.58310760177822e-16
    outer loop
      vertex -46.34210449905264 9.218017715262059 243
      vertex -46.59052878798615 7.54327719506772 239.29610059419053
      vertex -46.627872314846236 7.2915275860901305 239.828380420956
    endloop
  endfacet
  facet normal -0.9891765099647811 0.1467304744553598 1.4998764220350577e-15
    outer loop
      vertex -46.34210449905264 9.218017715262059 243
      vertex -46.67277508862117 6.988817673815271 240.33342139811762
      vertex -46.72480467105316 6.638062720176422 240.80635970498187
    endloop
  endfacet
  facet normal -0.9891765099647803 0.14673047445536636 -1.6968939203460833e-15
    outer loop
      vertex -46.34210449905264 9.218017715262059 243
      vertex -46.53988176612519 7.884711682419383 238.17054193209677
      vertex -46.56110414661863 7.741642014393253 238.74170806352677
    endloop
  endfacet
  facet normal -0.9891765099647807 0.14673047445536364 -7.070095924634818e-16
    outer loop
      vertex -46.34210449905264 9.218017715262059 243
      vertex -46.56110414661863 7.741642014393253 238.74170806352677
      vertex -46.59052878798615 7.54327719506772 239.29610059419053
    endloop
  endfacet
  facet normal -0.9891765099647811 0.1467304744553604 0
    outer loop
      vertex -46.34210449905264 9.218017715262059 237
      vertex -46.53988176612519 7.884711682419383 238.17054193209677
      vertex -46.34210449905264 9.218017715262059 243
    endloop
  endfacet
  facet normal 0 0 -1
    outer loop
      vertex -44.380533938246174 8.827837071229803 237
      vertex -44.5033319677279 8 237
      vertex -46.522780359685235 8 237
    endloop
  endfacet
  facet normal 0 0 -1
    outer loop
      vertex -46.34210449905264 9.218017715262059 237
      vertex -45.21543086334687 13.715951000273344 237
      vertex -46.522780359685235 8 237
    endloop
  endfacet
  facet normal -0.970031253194544 0.24298017990326415 0
    outer loop
      vertex -46.34210449905264 9.218017715262059 237
      vertex -46.34210449905264 9.218017715262059 243
      vertex -45.21543086334687 13.715951000273344 243
    endloop
  endfacet
  facet normal 0 0 -1
    outer loop
      vertex -44.380533938246174 8.827837071229803 237
      vertex -46.522780359685235 8 237
      vertex -45.21543086334687 13.715951000273344 237
    endloop
  endfacet
  facet normal 0 0 1
    outer loop
      vertex -45.03210888191691 4.435275599912617 243
      vertex -45.21543086334687 13.715951000273344 243
      vertex -46.34210449905264 9.218017715262059 243
    endloop
  endfacet
  facet normal 0 0 1
    outer loop
      vertex -45.03210888191691 4.435275599912617 243
      vertex -44.380533938246174 8.827837071229803 243
      vertex -45.21543086334687 13.715951000273344 243
    endloop
  endfacet
  facet normal -0.970031253194544 0.24298017990326415 1.3263099191765127e-17
    outer loop
      vertex -46.34210449905264 9.218017715262059 237
      vertex -45.21543086334687 13.715951000273344 243
      vertex -45.21543086334687 13.715951000273344 237
    endloop
  endfacet
  facet normal 0 0 1
    outer loop
      vertex -44.380533938246174 8.827837071229803 243
      vertex -43.30155019188245 13.13538164576442 243
      vertex -45.21543086334687 13.715951000273344 243
    endloop
  endfacet
  facet normal 0 0 -1
    outer loop
      vertex -44.380533938246174 8.827837071229803 237
      vertex -45.21543086334687 13.715951000273344 237
      vertex -43.6533079111583 18.081792179250492 237
    endloop
  endfacet
  facet normal -0.9415440651830211 0.33688985339221933 0
    outer loop
      vertex -45.21543086334687 13.715951000273344 237
      vertex -45.21543086334687 13.715951000273344 243
      vertex -43.6533079111583 18.081792179250492 243
    endloop
  endfacet
  facet normal 0 0 -1
    outer loop
      vertex -44.380533938246174 8.827837071229803 237
      vertex -43.6533079111583 18.081792179250492 237
      vertex -43.30155019188245 13.13538164576442 237
    endloop
  endfacet
  facet normal 0 0 1
    outer loop
      vertex -45.21543086334687 13.715951000273344 243
      vertex -43.30155019188245 13.13538164576442 243
      vertex -43.6533079111583 18.081792179250492 243
    endloop
  endfacet
  facet normal 0 0 1
    outer loop
      vertex -43.30155019188245 13.13538164576442 243
      vertex -41.80554884613572 17.316425314520313 243
      vertex -43.6533079111583 18.081792179250492 243
    endloop
  endfacet
  facet normal -0.9415440651830211 0.33688985339221933 -7.563343836351014e-19
    outer loop
      vertex -45.21543086334687 13.715951000273344 237
      vertex -43.6533079111583 18.081792179250492 243
      vertex -43.6533079111583 18.081792179250492 237
    endloop
  endfacet
  facet normal 0 0 -1
    outer loop
      vertex -43.30155019188245 13.13538164576442 237
      vertex -41.67077974045978 22.27349581502839 237
      vertex -41.80554884613572 17.316425314520313 237
    endloop
  endfacet
  facet normal 0 0 -1
    outer loop
      vertex -43.30155019188245 13.13538164576442 237
      vertex -43.6533079111583 18.081792179250492 237
      vertex -41.67077974045978 22.27349581502839 237
    endloop
  endfacet
  facet normal -0.9039892931234436 0.4275550934302817 0
    outer loop
      vertex -43.6533079111583 18.081792179250492 237
      vertex -43.6533079111583 18.081792179250492 243
      vertex -41.67077974045978 22.27349581502839 243
    endloop
  endfacet
  facet normal 0 0 1
    outer loop
      vertex -41.80554884613572 17.316425314520313 243
      vertex -39.906937211763065 21.330702341376394 243
      vertex -43.6533079111583 18.081792179250492 243
    endloop
  endfacet
  facet normal 0 0 1
    outer loop
      vertex -43.6533079111583 18.081792179250492 243
      vertex -39.906937211763065 21.330702341376394 243
      vertex -41.67077974045978 22.27349581502839 243
    endloop
  endfacet
  facet normal -0.9039892931234436 0.4275550934302817 -8.61525085050034e-18
    outer loop
      vertex -43.6533079111583 18.081792179250492 237
      vertex -41.67077974045978 22.27349581502839 243
      vertex -41.67077974045978 22.27349581502839 237
    endloop
  endfacet
  facet normal 0 0 -1
    outer loop
      vertex -41.80554884613572 17.316425314520313 237
      vertex -41.67077974045978 22.27349581502839 237
      vertex -39.906937211763065 21.330702341376394 237
    endloop
  endfacet
  facet normal 0 0 -1
    outer loop
      vertex -41.67077974045978 22.27349581502839 237
      vertex -39.28693918129526 26.250693510176202 237
      vertex -39.906937211763065 21.330702341376394 237
    endloop
  endfacet
  facet normal -0.8577286100002712 0.514102744193223 0
    outer loop
      vertex -41.67077974045978 22.27349581502839 237
      vertex -41.67077974045978 22.27349581502839 243
      vertex -39.28693918129526 26.250693510176202 243
    endloop
  endfacet
  facet normal 0 0 1
    outer loop
      vertex -41.67077974045978 22.27349581502839 243
      vertex -39.906937211763065 21.330702341376394 243
      vertex -37.62399995669017 25.139553044137 243
    endloop
  endfacet
  facet normal -0.8577286100002712 0.514102744193223 -2.490063100854545e-17
    outer loop
      vertex -41.67077974045978 22.27349581502839 237
      vertex -39.28693918129526 26.250693510176202 243
      vertex -39.28693918129526 26.250693510176202 237
    endloop
  endfacet
  facet normal 0 0 -1
    outer loop
      vertex -39.906937211763065 21.330702341376394 237
      vertex -39.28693918129526 26.250693510176202 237
      vertex -37.62399995669017 25.139553044137 237
    endloop
  endfacet
  facet normal 0 0 1
    outer loop
      vertex -41.67077974045978 22.27349581502839 243
      vertex -37.62399995669017 25.139553044137 243
      vertex -39.28693918129526 26.250693510176202 243
    endloop
  endfacet
  facet normal 0 0 -1
    outer loop
      vertex -39.28693918129526 26.250693510176202 237
      vertex -36.52474392138932 29.97508267673225 237
      vertex -37.62399995669017 25.139553044137 237
    endloop
  endfacet
  facet normal -0.8032075314806455 0.5956993044924325 0
    outer loop
      vertex -39.28693918129526 26.250693510176202 237
      vertex -39.28693918129526 26.250693510176202 243
      vertex -36.52474392138932 29.97508267673225 243
    endloop
  endfacet
  facet normal 0 0 1
    outer loop
      vertex -39.28693918129526 26.250693510176202 243
      vertex -37.62399995669017 25.139553044137 243
      vertex -34.97872301466385 28.70629610840496 243
    endloop
  endfacet
  facet normal -0.8032075314806455 0.5956993044924325 2.9977397675512044e-17
    outer loop
      vertex -39.28693918129526 26.250693510176202 237
      vertex -36.52474392138932 29.97508267673225 243
      vertex -36.52474392138932 29.97508267673225 237
    endloop
  endfacet
  facet normal 0 0 1
    outer loop
      vertex -39.28693918129526 26.250693510176202 243
      vertex -34.97872301466385 28.70629610840496 243
      vertex -36.52474392138932 29.97508267673225 243
    endloop
  endfacet
  facet normal 0 0 -1
    outer loop
      vertex -37.62399995669017 25.139553044137 237
      vertex -36.52474392138932 29.97508267673225 237
      vertex -34.97872301466385 28.70629610840496 237
    endloop
  endfacet
  facet normal -0.740951125354959 0.6715589548470187 0
    outer loop
      vertex -36.52474392138932 29.97508267673225 237
      vertex -36.52474392138932 29.97508267673225 243
      vertex -33.41079541106437 33.41079541106437 243
    endloop
  endfacet
  facet normal 0 0 -1
    outer loop
      vertex -36.52474392138932 29.97508267673225 237
      vertex -33.41079541106437 33.41079541106437 237
      vertex -34.97872301466385 28.70629610840496 237
    endloop
  endfacet
  facet normal 0 0 1
    outer loop
      vertex -36.52474392138932 29.97508267673225 243
      vertex -34.97872301466385 28.70629610840496 243
      vertex -31.996581848691278 31.996581848691278 243
    endloop
  endfacet
  facet normal -0.740951125354959 0.6715589548470187 8.008380864789558e-18
    outer loop
      vertex -36.52474392138932 29.97508267673225 237
      vertex -33.41079541106437 33.41079541106437 243
      vertex -33.41079541106437 33.41079541106437 237
    endloop
  endfacet
  facet normal 0 0 1
    outer loop
      vertex -36.52474392138932 29.97508267673225 243
      vertex -31.996581848691278 31.996581848691278 243
      vertex -33.41079541106437 33.41079541106437 243
    endloop
  endfacet
  facet normal 0 0 -1
    outer loop
      vertex -34.97872301466385 28.70629610840496 237
      vertex -33.41079541106437 33.41079541106437 237
      vertex -31.996581848691278 31.996581848691278 237
    endloop
  endfacet
  facet normal 0 0 1
    outer loop
      vertex -33.41079541106437 33.41079541106437 243
      vertex -31.996581848691278 31.996581848691278 243
      vertex -28.70629610840496 34.97872301466385 243
    endloop
  endfacet
  facet normal 0 0 -1
    outer loop
      vertex -33.41079541106437 33.41079541106437 237
      vertex -29.97508267673225 36.52474392138932 237
      vertex -31.996581848691278 31.996581848691278 237
    endloop
  endfacet
  facet normal -0.6715589548470187 0.740951125354959 0
    outer loop
      vertex -33.41079541106437 33.41079541106437 237
      vertex -33.41079541106437 33.41079541106437 243
      vertex -29.97508267673225 36.52474392138932 237
    endloop
  endfacet
  facet normal 0 0 -1
    outer loop
      vertex -31.996581848691278 31.996581848691278 237
      vertex -29.97508267673225 36.52474392138932 237
      vertex -28.70629610840496 34.97872301466385 237
    endloop
  endfacet
  facet normal 0 0 1
    outer loop
      vertex -33.41079541106437 33.41079541106437 243
      vertex -28.70629610840496 34.97872301466385 243
      vertex -29.97508267673225 36.52474392138932 243
    endloop
  endfacet
  facet normal -0.6715589548470187 0.740951125354959 8.008380864789558e-18
    outer loop
      vertex -33.41079541106437 33.41079541106437 243
      vertex -29.97508267673225 36.52474392138932 243
      vertex -29.97508267673225 36.52474392138932 237
    endloop
  endfacet
  facet normal 0 0 -1
    outer loop
      vertex -28.70629610840496 34.97872301466385 237
      vertex -29.97508267673225 36.52474392138932 237
      vertex -26.250693510176202 39.28693918129526 237
    endloop
  endfacet
  facet normal -0.5956993044924325 0.8032075314806455 0
    outer loop
      vertex -29.97508267673225 36.52474392138932 237
      vertex -29.97508267673225 36.52474392138932 243
      vertex -26.250693510176202 39.28693918129526 237
    endloop
  endfacet
  facet normal 0 0 1
    outer loop
      vertex -28.70629610840496 34.97872301466385 243
      vertex -25.139553044137 37.62399995669017 243
      vertex -29.97508267673225 36.52474392138932 243
    endloop
  endfacet
  facet normal 0 0 -1
    outer loop
      vertex -28.70629610840496 34.97872301466385 237
      vertex -26.250693510176202 39.28693918129526 237
      vertex -25.139553044137 37.62399995669017 237
    endloop
  endfacet
  facet normal -0.5956993044924325 0.8032075314806455 2.9977397675512044e-17
    outer loop
      vertex -29.97508267673225 36.52474392138932 243
      vertex -26.250693510176202 39.28693918129526 243
      vertex -26.250693510176202 39.28693918129526 237
    endloop
  endfacet
  facet normal 0 0 1
    outer loop
      vertex -29.97508267673225 36.52474392138932 243
      vertex -25.139553044137 37.62399995669017 243
      vertex -26.250693510176202 39.28693918129526 243
    endloop
  endfacet
  facet normal 0 0 -1
    outer loop
      vertex -25.139553044137 37.62399995669017 237
      vertex -26.250693510176202 39.28693918129526 237
      vertex -22.27349581502839 41.67077974045978 237
    endloop
  endfacet
  facet normal 0 0 1
    outer loop
      vertex -25.139553044137 37.62399995669017 243
      vertex -21.330702341376394 39.906937211763065 243
      vertex -26.250693510176202 39.28693918129526 243
    endloop
  endfacet
  facet normal -0.514102744193223 0.8577286100002712 0
    outer loop
      vertex -26.250693510176202 39.28693918129526 237
      vertex -26.250693510176202 39.28693918129526 243
      vertex -22.27349581502839 41.67077974045978 237
    endloop
  endfacet
  facet normal 0 0 -1
    outer loop
      vertex -25.139553044137 37.62399995669017 237
      vertex -22.27349581502839 41.67077974045978 237
      vertex -21.330702341376394 39.906937211763065 237
    endloop
  endfacet
  facet normal 0 0 1
    outer loop
      vertex -26.250693510176202 39.28693918129526 243
      vertex -21.330702341376394 39.906937211763065 243
      vertex -22.27349581502839 41.67077974045978 243
    endloop
  endfacet
  facet normal -0.514102744193223 0.8577286100002712 -2.490063100854545e-17
    outer loop
      vertex -26.250693510176202 39.28693918129526 243
      vertex -22.27349581502839 41.67077974045978 243
      vertex -22.27349581502839 41.67077974045978 237
    endloop
  endfacet
  facet normal 0 0 1
    outer loop
      vertex -21.330702341376394 39.906937211763065 243
      vertex -17.316425314520313 41.80554884613572 243
      vertex -22.27349581502839 41.67077974045978 243
    endloop
  endfacet
  facet normal -0.4275550934302817 0.9039892931234436 0
    outer loop
      vertex -22.27349581502839 41.67077974045978 237
      vertex -22.27349581502839 41.67077974045978 243
      vertex -18.081792179250492 43.6533079111583 237
    endloop
  endfacet
  facet normal 0 0 -1
    outer loop
      vertex -21.330702341376394 39.906937211763065 237
      vertex -22.27349581502839 41.67077974045978 237
      vertex -18.081792179250492 43.6533079111583 237
    endloop
  endfacet
  facet normal 0 0 1
    outer loop
      vertex -22.27349581502839 41.67077974045978 243
      vertex -17.316425314520313 41.80554884613572 243
      vertex -18.081792179250492 43.6533079111583 243
    endloop
  endfacet
  facet normal -0.4275550934302817 0.9039892931234436 -8.61525085050034e-18
    outer loop
      vertex -22.27349581502839 41.67077974045978 243
      vertex -18.081792179250492 43.6533079111583 243
      vertex -18.081792179250492 43.6533079111583 237
    endloop
  endfacet
  facet normal 0 0 -1
    outer loop
      vertex -21.330702341376394 39.906937211763065 237
      vertex -18.081792179250492 43.6533079111583 237
      vertex -17.316425314520313 41.80554884613572 237
    endloop
  endfacet
  facet normal 0 0 -1
    outer loop
      vertex -18.081792179250492 43.6533079111583 237
      vertex -13.715951000273344 45.21543086334687 237
      vertex -17.316425314520313 41.80554884613572 237
    endloop
  endfacet
  facet normal -0.33688985339221933 0.9415440651830211 0
    outer loop
      vertex -18.081792179250492 43.6533079111583 237
      vertex -18.081792179250492 43.6533079111583 243
      vertex -13.715951000273344 45.21543086334687 237
    endloop
  endfacet
  facet normal 0 0 1
    outer loop
      vertex -18.081792179250492 43.6533079111583 243
      vertex -17.316425314520313 41.80554884613572 243
      vertex -13.13538164576442 43.30155019188245 243
    endloop
  endfacet
  facet normal 0 0 1
    outer loop
      vertex -18.081792179250492 43.6533079111583 243
      vertex -13.13538164576442 43.30155019188245 243
      vertex -13.715951000273344 45.21543086334687 243
    endloop
  endfacet
  facet normal -0.33688985339221933 0.9415440651830211 -7.563343836351014e-19
    outer loop
      vertex -18.081792179250492 43.6533079111583 243
      vertex -13.715951000273344 45.21543086334687 243
      vertex -13.715951000273344 45.21543086334687 237
    endloop
  endfacet
  facet normal 0 0 -1
    outer loop
      vertex -17.316425314520313 41.80554884613572 237
      vertex -13.715951000273344 45.21543086334687 237
      vertex -13.13538164576442 43.30155019188245 237
    endloop
  endfacet
  facet normal 0 0 -1
    outer loop
      vertex -13.13538164576442 43.30155019188245 237
      vertex -13.715951000273344 45.21543086334687 237
      vertex -9.218017715262059 46.34210449905264 237
    endloop
  endfacet
  facet normal -0.24298017990326415 0.970031253194544 0
    outer loop
      vertex -13.715951000273344 45.21543086334687 237
      vertex -13.715951000273344 45.21543086334687 243
      vertex -9.218017715262059 46.34210449905264 237
    endloop
  endfacet
  facet normal 0 0 1
    outer loop
      vertex -13.13538164576442 43.30155019188245 243
      vertex -8.827837071229803 44.380533938246174 243
      vertex -13.715951000273344 45.21543086334687 243
    endloop
  endfacet
  facet normal 0 0 -1
    outer loop
      vertex -13.13538164576442 43.30155019188245 237
      vertex -9.218017715262059 46.34210449905264 237
      vertex -8.827837071229803 44.380533938246174 237
    endloop
  endfacet
  facet normal 0 0 1
    outer loop
      vertex -13.715951000273344 45.21543086334687 243
      vertex -8.827837071229803 44.380533938246174 243
      vertex -9.218017715262059 46.34210449905264 243
    endloop
  endfacet
  facet normal -0.24298017990326415 0.970031253194544 1.3263099191765127e-17
    outer loop
      vertex -13.715951000273344 45.21543086334687 243
      vertex -9.218017715262059 46.34210449905264 243
      vertex -9.218017715262059 46.34210449905264 237
    endloop
  endfacet
  facet normal 0 0 1
    outer loop
      vertex -9.218017715262059 46.34210449905264 243
      vertex -8.827837071229803 44.380533938246174 243
      vertex -4.435275599912617 45.03210888191691 243
    endloop
  endfacet
  facet normal 0 0 -1
    outer loop
      vertex -9.218017715262059 46.34210449905264 237
      vertex -4.631309880571738 47.022478335261304 237
      vertex -8.827837071229803 44.380533938246174 237
    endloop
  endfacet
  facet normal -0.14673047445536222 0.9891765099647808 0
    outer loop
      vertex -9.218017715262059 46.34210449905264 237
      vertex -9.218017715262059 46.34210449905264 243
      vertex -4.631309880571738 47.022478335261304 237
    endloop
  endfacet
  facet normal 0 0 -1
    outer loop
      vertex -8.827837071229803 44.380533938246174 237
      vertex -4.631309880571738 47.022478335261304 237
      vertex -4.435275599912617 45.03210888191691 237
    endloop
  endfacet
  facet normal 0 0 1
    outer loop
      vertex -9.218017715262059 46.34210449905264 243
      vertex -4.435275599912617 45.03210888191691 243
      vertex -4.631309880571738 47.022478335261304 243
    endloop
  endfacet
  facet normal -0.14673047445536222 0.9891765099647808 7.119333704509441e-18
    outer loop
      vertex -9.218017715262059 46.34210449905264 243
      vertex -4.631309880571738 47.022478335261304 243
      vertex -4.631309880571738 47.022478335261304 237
    endloop
  endfacet
  facet normal 0 0 -1
    outer loop
      vertex -4.435275599912617 45.03210888191691 237
      vertex -4.631309880571738 47.022478335261304 237
      vertex -1 45.200873150230535 237
    endloop
  endfacet
  facet normal -0.04906767432741825 0.9987954562051724 0
    outer loop
      vertex -4.631309880571738 47.022478335261304 237
      vertex -4.631309880571738 47.022478335261304 243
      vertex -1 47.200873150230535 237
    endloop
  endfacet
  facet normal 0 0 1
    outer loop
      vertex -4.435275599912617 45.03210888191691 243
      vertex -0.965492269726154 45.61950974456078 243
      vertex -4.631309880571738 47.022478335261304 243
    endloop
  endfacet
  facet normal 0 0 1
    outer loop
      vertex -4.435275599912617 45.03210888191691 243
      vertex -1 45.200873150230535 243
      vertex -0.965492269726154 45.61950974456078 243
    endloop
  endfacet
  facet normal 0 0 -1
    outer loop
      vertex -4.631309880571738 47.022478335261304 237
      vertex -1 47.200873150230535 237
      vertex -1 45.200873150230535 237
    endloop
  endfacet
  facet normal -0.04906767432741825 0.9987954562051724 -2.108886701236103e-18
    outer loop
      vertex -4.631309880571738 47.022478335261304 243
      vertex -1 47.200873150230535 243
      vertex -1 47.200873150230535 237
    endloop
  endfacet
  facet normal 0 0 1
    outer loop
      vertex -4.631309880571738 47.022478335261304 243
      vertex -0.965492269726154 45.61950974456078 243
      vertex -1 47.200873150230535 243
    endloop
  endfacet
  facet normal 0 0 1
    outer loop
      vertex -0.9295412055025444 45.605750681982556 243
      vertex -1 47.200873150230535 243
      vertex -0.965492269726154 45.61950974456078 243
    endloop
  endfacet
  facet normal 0 0 1
    outer loop
      vertex -0.9295412055025444 45.605750681982556 243
      vertex -0.9978992558977346 47.200976353170454 243
      vertex -1 47.200873150230535 243
    endloop
  endfacet
  facet normal 0 0 -1
    outer loop
      vertex 9.218017715262059 -46.34210449905264 237
      vertex 6 -46.819452334761934 237
      vertex 6 -44.8000039428046 237
    endloop
  endfacet
  facet normal 0.1467304744553622 -0.9891765099647809 3.821746455955092e-18
    outer loop
      vertex 9.218017715262059 -46.34210449905264 243
      vertex 6 -46.819452334761934 243
      vertex 6 -46.819452334761934 237
    endloop
  endfacet
  facet normal 0 0 1
    outer loop
      vertex 8.827837071229803 -44.380533938246174 243
      vertex 6 -44.8000039428046 243
      vertex 6 -46.819452334761934 243
    endloop
  endfacet
  facet normal 0.1467304744553622 -0.9891765099647809 0
    outer loop
      vertex 9.218017715262059 -46.34210449905264 237
      vertex 9.218017715262059 -46.34210449905264 243
      vertex 6 -46.819452334761934 237
    endloop
  endfacet
  facet normal 0 0 1
    outer loop
      vertex 8.827837071229803 -44.380533938246174 243
      vertex 6 -46.819452334761934 243
      vertex 9.218017715262059 -46.34210449905264 243
    endloop
  endfacet
  facet normal 0 0 -1
    outer loop
      vertex 8.827837071229803 -44.380533938246174 237
      vertex 9.218017715262059 -46.34210449905264 237
      vertex 6 -44.8000039428046 237
    endloop
  endfacet
  facet normal 0.24298017990326415 -0.970031253194544 0
    outer loop
      vertex 9.218017715262059 -46.34210449905264 237
      vertex 13.715951000273344 -45.21543086334687 243
      vertex 9.218017715262059 -46.34210449905264 243
    endloop
  endfacet
  facet normal 0 0 -1
    outer loop
      vertex 8.827837071229803 -44.380533938246174 237
      vertex 13.13538164576442 -43.30155019188245 237
      vertex 9.218017715262059 -46.34210449905264 237
    endloop
  endfacet
  facet normal 0 0 1
    outer loop
      vertex 8.827837071229803 -44.380533938246174 243
      vertex 9.218017715262059 -46.34210449905264 243
      vertex 13.715951000273344 -45.21543086334687 243
    endloop
  endfacet
  facet normal 0.24298017990326415 -0.970031253194544 1.3263099191765127e-17
    outer loop
      vertex 9.218017715262059 -46.34210449905264 237
      vertex 13.715951000273344 -45.21543086334687 237
      vertex 13.715951000273344 -45.21543086334687 243
    endloop
  endfacet
  facet normal 0 0 -1
    outer loop
      vertex 9.218017715262059 -46.34210449905264 237
      vertex 13.13538164576442 -43.30155019188245 237
      vertex 13.715951000273344 -45.21543086334687 237
    endloop
  endfacet
  facet normal 0 0 1
    outer loop
      vertex 8.827837071229803 -44.380533938246174 243
      vertex 13.715951000273344 -45.21543086334687 243
      vertex 13.13538164576442 -43.30155019188245 243
    endloop
  endfacet
  facet normal 0 0 -1
    outer loop
      vertex 13.715951000273344 -45.21543086334687 237
      vertex 13.13538164576442 -43.30155019188245 237
      vertex 17.316425314520313 -41.80554884613572 237
    endloop
  endfacet
  facet normal 0.33688985339221933 -0.9415440651830211 0
    outer loop
      vertex 13.715951000273344 -45.21543086334687 237
      vertex 18.081792179250492 -43.6533079111583 243
      vertex 13.715951000273344 -45.21543086334687 243
    endloop
  endfacet
  facet normal 0 0 1
    outer loop
      vertex 13.715951000273344 -45.21543086334687 243
      vertex 18.081792179250492 -43.6533079111583 243
      vertex 13.13538164576442 -43.30155019188245 243
    endloop
  endfacet
  facet normal 0 0 1
    outer loop
      vertex 13.13538164576442 -43.30155019188245 243
      vertex 18.081792179250492 -43.6533079111583 243
      vertex 17.316425314520313 -41.80554884613572 243
    endloop
  endfacet
  facet normal 0.33688985339221933 -0.9415440651830211 -7.563343836351014e-19
    outer loop
      vertex 13.715951000273344 -45.21543086334687 237
      vertex 18.081792179250492 -43.6533079111583 237
      vertex 18.081792179250492 -43.6533079111583 243
    endloop
  endfacet
  facet normal 0 0 -1
    outer loop
      vertex 13.715951000273344 -45.21543086334687 237
      vertex 17.316425314520313 -41.80554884613572 237
      vertex 18.081792179250492 -43.6533079111583 237
    endloop
  endfacet
  facet normal 0 0 -1
    outer loop
      vertex 17.316425314520313 -41.80554884613572 237
      vertex 21.330702341376394 -39.906937211763065 237
      vertex 18.081792179250492 -43.6533079111583 237
    endloop
  endfacet
  facet normal 0.4275550934302817 -0.9039892931234436 0
    outer loop
      vertex 18.081792179250492 -43.6533079111583 237
      vertex 22.27349581502839 -41.67077974045978 243
      vertex 18.081792179250492 -43.6533079111583 243
    endloop
  endfacet
  facet normal 0 0 -1
    outer loop
      vertex 18.081792179250492 -43.6533079111583 237
      vertex 21.330702341376394 -39.906937211763065 237
      vertex 22.27349581502839 -41.67077974045978 237
    endloop
  endfacet
  facet normal 0 0 1
    outer loop
      vertex 17.316425314520313 -41.80554884613572 243
      vertex 18.081792179250492 -43.6533079111583 243
      vertex 22.27349581502839 -41.67077974045978 243
    endloop
  endfacet
  facet normal 0.4275550934302817 -0.9039892931234436 -8.61525085050034e-18
    outer loop
      vertex 18.081792179250492 -43.6533079111583 237
      vertex 22.27349581502839 -41.67077974045978 237
      vertex 22.27349581502839 -41.67077974045978 243
    endloop
  endfacet
  facet normal 0 0 1
    outer loop
      vertex 17.316425314520313 -41.80554884613572 243
      vertex 22.27349581502839 -41.67077974045978 243
      vertex 21.330702341376394 -39.906937211763065 243
    endloop
  endfacet
  facet normal 0.514102744193223 -0.8577286100002712 0
    outer loop
      vertex 22.27349581502839 -41.67077974045978 237
      vertex 26.250693510176202 -39.28693918129526 243
      vertex 22.27349581502839 -41.67077974045978 243
    endloop
  endfacet
  facet normal 0 0 1
    outer loop
      vertex 22.27349581502839 -41.67077974045978 243
      vertex 26.250693510176202 -39.28693918129526 243
      vertex 21.330702341376394 -39.906937211763065 243
    endloop
  endfacet
  facet normal 0 0 -1
    outer loop
      vertex 22.27349581502839 -41.67077974045978 237
      vertex 21.330702341376394 -39.906937211763065 237
      vertex 25.139553044137 -37.62399995669017 237
    endloop
  endfacet
  facet normal 0.514102744193223 -0.8577286100002712 -2.490063100854545e-17
    outer loop
      vertex 22.27349581502839 -41.67077974045978 237
      vertex 26.250693510176202 -39.28693918129526 237
      vertex 26.250693510176202 -39.28693918129526 243
    endloop
  endfacet
  facet normal 0 0 -1
    outer loop
      vertex 22.27349581502839 -41.67077974045978 237
      vertex 25.139553044137 -37.62399995669017 237
      vertex 26.250693510176202 -39.28693918129526 237
    endloop
  endfacet
  facet normal 0 0 1
    outer loop
      vertex 21.330702341376394 -39.906937211763065 243
      vertex 26.250693510176202 -39.28693918129526 243
      vertex 25.139553044137 -37.62399995669017 243
    endloop
  endfacet
  facet normal 0 0 -1
    outer loop
      vertex 26.250693510176202 -39.28693918129526 237
      vertex 25.139553044137 -37.62399995669017 237
      vertex 28.70629610840496 -34.97872301466385 237
    endloop
  endfacet
  facet normal 0 0 1
    outer loop
      vertex 26.250693510176202 -39.28693918129526 243
      vertex 29.97508267673225 -36.52474392138932 243
      vertex 25.139553044137 -37.62399995669017 243
    endloop
  endfacet
  facet normal 0.5956993044924325 -0.8032075314806455 0
    outer loop
      vertex 26.250693510176202 -39.28693918129526 237
      vertex 29.97508267673225 -36.52474392138932 243
      vertex 26.250693510176202 -39.28693918129526 243
    endloop
  endfacet
  facet normal 0 0 1
    outer loop
      vertex 25.139553044137 -37.62399995669017 243
      vertex 29.97508267673225 -36.52474392138932 243
      vertex 28.70629610840496 -34.97872301466385 243
    endloop
  endfacet
  facet normal 0 0 -1
    outer loop
      vertex 26.250693510176202 -39.28693918129526 237
      vertex 28.70629610840496 -34.97872301466385 237
      vertex 29.97508267673225 -36.52474392138932 237
    endloop
  endfacet
  facet normal 0.5956993044924325 -0.8032075314806455 2.9977397675512044e-17
    outer loop
      vertex 26.250693510176202 -39.28693918129526 237
      vertex 29.97508267673225 -36.52474392138932 237
      vertex 29.97508267673225 -36.52474392138932 243
    endloop
  endfacet
  facet normal 0.6715589548470187 -0.740951125354959 0
    outer loop
      vertex 29.97508267673225 -36.52474392138932 237
      vertex 33.41079541106437 -33.41079541106437 243
      vertex 29.97508267673225 -36.52474392138932 243
    endloop
  endfacet
  facet normal 0 0 -1
    outer loop
      vertex 29.97508267673225 -36.52474392138932 237
      vertex 28.70629610840496 -34.97872301466385 237
      vertex 31.996581848691278 -31.996581848691278 237
    endloop
  endfacet
  facet normal 0 0 1
    outer loop
      vertex 29.97508267673225 -36.52474392138932 243
      vertex 33.41079541106437 -33.41079541106437 243
      vertex 28.70629610840496 -34.97872301466385 243
    endloop
  endfacet
  facet normal 0 0 -1
    outer loop
      vertex 29.97508267673225 -36.52474392138932 237
      vertex 31.996581848691278 -31.996581848691278 237
      vertex 33.41079541106437 -33.41079541106437 237
    endloop
  endfacet
  facet normal 0.6715589548470187 -0.740951125354959 8.008380864789558e-18
    outer loop
      vertex 29.97508267673225 -36.52474392138932 237
      vertex 33.41079541106437 -33.41079541106437 237
      vertex 33.41079541106437 -33.41079541106437 243
    endloop
  endfacet
  facet normal 0 0 1
    outer loop
      vertex 28.70629610840496 -34.97872301466385 243
      vertex 33.41079541106437 -33.41079541106437 243
      vertex 31.996581848691278 -31.996581848691278 243
    endloop
  endfacet
  facet normal 0 0 -1
    outer loop
      vertex 31.996581848691278 -31.996581848691278 237
      vertex 34.97872301466385 -28.70629610840496 237
      vertex 33.41079541106437 -33.41079541106437 237
    endloop
  endfacet
  facet normal 0.740951125354959 -0.6715589548470187 0
    outer loop
      vertex 33.41079541106437 -33.41079541106437 237
      vertex 36.52474392138932 -29.97508267673225 237
      vertex 33.41079541106437 -33.41079541106437 243
    endloop
  endfacet
  facet normal 0 0 1
    outer loop
      vertex 31.996581848691278 -31.996581848691278 243
      vertex 33.41079541106437 -33.41079541106437 243
      vertex 36.52474392138932 -29.97508267673225 243
    endloop
  endfacet
  facet normal 0 0 -1
    outer loop
      vertex 33.41079541106437 -33.41079541106437 237
      vertex 34.97872301466385 -28.70629610840496 237
      vertex 36.52474392138932 -29.97508267673225 237
    endloop
  endfacet
  facet normal 0 0 1
    outer loop
      vertex 31.996581848691278 -31.996581848691278 243
      vertex 36.52474392138932 -29.97508267673225 243
      vertex 34.97872301466385 -28.70629610840496 243
    endloop
  endfacet
  facet normal 0.740951125354959 -0.6715589548470187 8.008380864789558e-18
    outer loop
      vertex 33.41079541106437 -33.41079541106437 243
      vertex 36.52474392138932 -29.97508267673225 237
      vertex 36.52474392138932 -29.97508267673225 243
    endloop
  endfacet
  facet normal 0 0 -1
    outer loop
      vertex 34.97872301466385 -28.70629610840496 237
      vertex 37.62399995669017 -25.139553044137 237
      vertex 36.52474392138932 -29.97508267673225 237
    endloop
  endfacet
  facet normal 0.8032075314806455 -0.5956993044924325 0
    outer loop
      vertex 36.52474392138932 -29.97508267673225 237
      vertex 39.28693918129526 -26.250693510176202 237
      vertex 36.52474392138932 -29.97508267673225 243
    endloop
  endfacet
  facet normal 0 0 1
    outer loop
      vertex 34.97872301466385 -28.70629610840496 243
      vertex 36.52474392138932 -29.97508267673225 243
      vertex 39.28693918129526 -26.250693510176202 243
    endloop
  endfacet
  facet normal 0 0 -1
    outer loop
      vertex 36.52474392138932 -29.97508267673225 237
      vertex 37.62399995669017 -25.139553044137 237
      vertex 39.28693918129526 -26.250693510176202 237
    endloop
  endfacet
  facet normal 0 0 1
    outer loop
      vertex 34.97872301466385 -28.70629610840496 243
      vertex 39.28693918129526 -26.250693510176202 243
      vertex 37.62399995669017 -25.139553044137 243
    endloop
  endfacet
  facet normal 0.8032075314806455 -0.5956993044924325 2.9977397675512044e-17
    outer loop
      vertex 36.52474392138932 -29.97508267673225 243
      vertex 39.28693918129526 -26.250693510176202 237
      vertex 39.28693918129526 -26.250693510176202 243
    endloop
  endfacet
  facet normal 0 0 -1
    outer loop
      vertex 37.62399995669017 -25.139553044137 237
      vertex 40.361710916501174 -24.45754520097506 237
      vertex 39.28693918129526 -26.250693510176202 237
    endloop
  endfacet
  facet normal 0.8577286100002708 -0.5141027441932241 0
    outer loop
      vertex 39.28693918129526 -26.250693510176202 237
      vertex 40.361710916501174 -24.45754520097506 243
      vertex 39.28693918129526 -26.250693510176202 243
    endloop
  endfacet
  facet normal 0 0 -1
    outer loop
      vertex 37.62399995669017 -25.139553044137 237
      vertex 38.63151483232018 -23.458616026022327 237
      vertex 40.361710916501174 -24.45754520097506 237
    endloop
  endfacet
  facet normal 0 0 1
    outer loop
      vertex 37.62399995669017 -25.139553044137 243
      vertex 39.28693918129526 -26.250693510176202 243
      vertex 39.39991993698479 -23.88179043539417 243
    endloop
  endfacet
  facet normal 0 0 1
    outer loop
      vertex 37.62399995669017 -25.139553044137 243
      vertex 39.39991993698479 -23.88179043539417 243
      vertex 38.63151483232018 -23.458616026022327 243
    endloop
  endfacet
  facet normal 0 0 1
    outer loop
      vertex 39.28693918129526 -26.250693510176202 243
      vertex 40.361710916501174 -24.45754520097506 243
      vertex 39.39991993698479 -23.88179043539417 243
    endloop
  endfacet
  facet normal 0.8577286100002708 -0.5141027441932241 5.76815698984296e-18
    outer loop
      vertex 39.28693918129526 -26.250693510176202 237
      vertex 40.361710916501174 -24.45754520097506 237
      vertex 40.361710916501174 -24.45754520097506 243
    endloop
  endfacet
  facet normal 0 0 1
    outer loop
      vertex 39.39991993698479 -23.88179043539417 243
      vertex 41.18025406608084 -22.620901587083413 243
      vertex 38.63151483232018 -23.458616026022327 243
    endloop
  endfacet
  facet normal 0 0 -1
    outer loop
      vertex 39.65985797686964 -21.742929140588764 237
      vertex 41.67077974045978 -22.27349581502839 237
      vertex 41.390054061050634 -22.741858315541496 237
    endloop
  endfacet
  facet normal 0 0 1
    outer loop
      vertex 38.63151483232018 -23.458616026022327 243
      vertex 41.67077974045978 -22.27349581502839 243
      vertex 39.65929700655588 -21.743865063014596 243
    endloop
  endfacet
  facet normal 0 0 1
    outer loop
      vertex 38.63151483232018 -23.458616026022327 243
      vertex 41.18025406608084 -22.620901587083413 243
      vertex 41.67077974045978 -22.27349581502839 243
    endloop
  endfacet
  facet normal 0 0 1
    outer loop
      vertex 41.18025406608084 -22.620901587083413 243
      vertex 41.39004461095636 -22.74187408207127 243
      vertex 41.390054061050634 -22.741858315541496 243
    endloop
  endfacet
  facet normal 0 0 -1
    outer loop
      vertex 39.65985797686964 -21.742929140588764 237
      vertex 39.906937211763065 -21.330702341376394 237
      vertex 41.67077974045978 -22.27349581502839 237
    endloop
  endfacet
  facet normal 0 0 1
    outer loop
      vertex 39.65985797686964 -21.742929140588764 243
      vertex 39.65929700655588 -21.743865063014596 243
      vertex 41.67077974045978 -22.27349581502839 243
    endloop
  endfacet
  facet normal 0 0 1
    outer loop
      vertex 39.65985797686964 -21.742929140588764 243
      vertex 41.67077974045978 -22.27349581502839 243
      vertex 39.906937211763065 -21.330702341376394 243
    endloop
  endfacet
  facet normal 0 0 -1
    outer loop
      vertex 39.906937211763065 -21.330702341376394 237
      vertex 41.80554884613572 -17.316425314520313 237
      vertex 41.67077974045978 -22.27349581502839 237
    endloop
  endfacet
  facet normal 0.8577286100002715 -0.5141027441932227 -2.818790273339708e-18
    outer loop
      vertex 41.390054061050634 -22.741858315541496 237
      vertex 41.67077974045978 -22.27349581502839 237
      vertex 41.67077974045978 -22.27349581502839 243
    endloop
  endfacet
  facet normal 0.8577286100002715 -0.5141027441932227 0
    outer loop
      vertex 41.390054061050634 -22.741858315541496 237
      vertex 41.67077974045978 -22.27349581502839 243
      vertex 41.390054061050634 -22.741858315541496 243
    endloop
  endfacet
  facet normal 0 0 1
    outer loop
      vertex 41.18025406608084 -22.620901587083413 243
      vertex 41.390054061050634 -22.741858315541496 243
      vertex 41.67077974045978 -22.27349581502839 243
    endloop
  endfacet
  facet normal 0.9039892931234436 -0.4275550934302817 0
    outer loop
      vertex 41.67077974045978 -22.27349581502839 237
      vertex 43.6533079111583 -18.081792179250492 237
      vertex 41.67077974045978 -22.27349581502839 243
    endloop
  endfacet
  facet normal 0 0 1
    outer loop
      vertex 39.906937211763065 -21.330702341376394 243
      vertex 41.67077974045978 -22.27349581502839 243
      vertex 43.6533079111583 -18.081792179250492 243
    endloop
  endfacet
  facet normal 0 0 1
    outer loop
      vertex 39.906937211763065 -21.330702341376394 243
      vertex 43.6533079111583 -18.081792179250492 243
      vertex 41.80554884613572 -17.316425314520313 243
    endloop
  endfacet
  facet normal 0.9039892931234436 -0.4275550934302817 -8.61525085050034e-18
    outer loop
      vertex 41.67077974045978 -22.27349581502839 243
      vertex 43.6533079111583 -18.081792179250492 237
      vertex 43.6533079111583 -18.081792179250492 243
    endloop
  endfacet
  facet normal 0 0 -1
    outer loop
      vertex 41.67077974045978 -22.27349581502839 237
      vertex 43.30155019188245 -13.13538164576442 237
      vertex 43.6533079111583 -18.081792179250492 237
    endloop
  endfacet
  facet normal 0 0 -1
    outer loop
      vertex 41.67077974045978 -22.27349581502839 237
      vertex 41.80554884613572 -17.316425314520313 237
      vertex 43.30155019188245 -13.13538164576442 237
    endloop
  endfacet
  facet normal 0.9415440651830211 -0.33688985339221933 0
    outer loop
      vertex 43.6533079111583 -18.081792179250492 237
      vertex 45.21543086334687 -13.715951000273344 237
      vertex 43.6533079111583 -18.081792179250492 243
    endloop
  endfacet
  facet normal 0 0 1
    outer loop
      vertex 43.6533079111583 -18.081792179250492 243
      vertex 43.30155019188245 -13.13538164576442 243
      vertex 41.80554884613572 -17.316425314520313 243
    endloop
  endfacet
  facet normal 0 0 1
    outer loop
      vertex 43.6533079111583 -18.081792179250492 243
      vertex 45.21543086334687 -13.715951000273344 243
      vertex 43.30155019188245 -13.13538164576442 243
    endloop
  endfacet
  facet normal 0 0 -1
    outer loop
      vertex 43.6533079111583 -18.081792179250492 237
      vertex 43.30155019188245 -13.13538164576442 237
      vertex 44.380533938246174 -8.827837071229803 237
    endloop
  endfacet
  facet normal 0.9415440651830211 -0.33688985339221933 -7.563343836351014e-19
    outer loop
      vertex 43.6533079111583 -18.081792179250492 243
      vertex 45.21543086334687 -13.715951000273344 237
      vertex 45.21543086334687 -13.715951000273344 243
    endloop
  endfacet
  facet normal 0 0 -1
    outer loop
      vertex 43.6533079111583 -18.081792179250492 237
      vertex 44.380533938246174 -8.827837071229803 237
      vertex 45.21543086334687 -13.715951000273344 237
    endloop
  endfacet
  facet normal 0.970031253194544 -0.24298017990326415 0
    outer loop
      vertex 45.21543086334687 -13.715951000273344 237
      vertex 46.34210449905264 -9.218017715262059 237
      vertex 45.21543086334687 -13.715951000273344 243
    endloop
  endfacet
  facet normal 0 0 1
    outer loop
      vertex 43.30155019188245 -13.13538164576442 243
      vertex 45.21543086334687 -13.715951000273344 243
      vertex 44.380533938246174 -8.827837071229803 243
    endloop
  endfacet
  facet normal 0 0 -1
    outer loop
      vertex 45.21543086334687 -13.715951000273344 237
      vertex 44.380533938246174 -8.827837071229803 237
      vertex 45.03210888191691 -4.435275599912617 237
    endloop
  endfacet
  facet normal 0 0 1
    outer loop
      vertex 45.21543086334687 -13.715951000273344 243
      vertex 45.03210888191691 -4.435275599912617 243
      vertex 44.380533938246174 -8.827837071229803 243
    endloop
  endfacet
  facet normal 0 0 1
    outer loop
      vertex 45.21543086334687 -13.715951000273344 243
      vertex 46.34210449905264 -9.218017715262059 243
      vertex 45.03210888191691 -4.435275599912617 243
    endloop
  endfacet
  facet normal 0.970031253194544 -0.24298017990326415 1.3263099191765127e-17
    outer loop
      vertex 45.21543086334687 -13.715951000273344 243
      vertex 46.34210449905264 -9.218017715262059 237
      vertex 46.34210449905264 -9.218017715262059 243
    endloop
  endfacet
  facet normal 0 0 -1
    outer loop
      vertex 45.21543086334687 -13.715951000273344 237
      vertex 45.03210888191691 -4.435275599912617 237
      vertex 45.25 0 237
    endloop
  endfacet
  facet normal 0.9891765099647808 -0.14673047445536222 0
    outer loop
      vertex 46.34210449905264 -9.218017715262059 237
      vertex 47.022478335261304 -4.631309880571738 237
      vertex 46.34210449905264 -9.218017715262059 243
    endloop
  endfacet
  facet normal 0.9891765099647808 -0.14673047445536222 7.119333704509441e-18
    outer loop
      vertex 46.34210449905264 -9.218017715262059 243
      vertex 47.022478335261304 -4.631309880571738 237
      vertex 47.022478335261304 -4.631309880571738 243
    endloop
  endfacet
  facet normal 0 0 1
    outer loop
      vertex 46.34210449905264 -9.218017715262059 243
      vertex 45.25 0 243
      vertex 45.03210888191691 -4.435275599912617 243
    endloop
  endfacet
  facet normal 0 0 -1
    outer loop
      vertex 45.21543086334687 -13.715951000273344 237
      vertex 46.34210449905264 9.218017715262059 237
      vertex 46.34210449905264 -9.218017715262059 237
    endloop
  endfacet
  facet normal 0 0 -1
    outer loop
      vertex 46.34210449905264 -9.218017715262059 237
      vertex 47.022478335261304 4.631309880571738 237
      vertex 47.022478335261304 -4.631309880571738 237
    endloop
  endfacet
  facet normal 0.9987954562051723 -0.04906767432741767 0
    outer loop
      vertex 47.022478335261304 -4.631309880571738 237
      vertex 47.25 0 237
      vertex 47.022478335261304 -4.631309880571738 243
    endloop
  endfacet
  facet normal 0 0 -1
    outer loop
      vertex 45.21543086334687 -13.715951000273344 237
      vertex 45.25 0 237
      vertex 46.34210449905264 9.218017715262059 237
    endloop
  endfacet
  facet normal 0.9987954562051723 -0.04906767432741767 2.154622134379664e-18
    outer loop
      vertex 47.022478335261304 -4.631309880571738 243
      vertex 47.25 0 237
      vertex 47.25 0 243
    endloop
  endfacet
  facet normal 0 0 1
    outer loop
      vertex 46.34210449905264 -9.218017715262059 243
      vertex 47.022478335261304 -4.631309880571738 243
      vertex 46.34210449905264 9.218017715262059 243
    endloop
  endfacet
  facet normal 0 0 -1
    outer loop
      vertex 1 45.200873150230535 237
      vertex 1 47.200873150230535 237
      vertex 4.435275599912617 45.03210888191691 237
    endloop
  endfacet
  facet normal 0.04906767432741825 0.9987954562051724 0
    outer loop
      vertex 1 47.200873150230535 237
      vertex 1 47.200873150230535 243
      vertex 4.631309880571738 47.022478335261304 237
    endloop
  endfacet
  facet normal 0 0 1
    outer loop
      vertex 1 45.200873150230535 243
      vertex 4.631309880571738 47.022478335261304 243
      vertex 1 47.200873150230535 243
    endloop
  endfacet
  facet normal 0 0 1
    outer loop
      vertex 1 45.200873150230535 243
      vertex 4.435275599912617 45.03210888191691 243
      vertex 4.631309880571738 47.022478335261304 243
    endloop
  endfacet
  facet normal 0 0 -1
    outer loop
      vertex 1 47.200873150230535 237
      vertex 4.631309880571738 47.022478335261304 237
      vertex 4.435275599912617 45.03210888191691 237
    endloop
  endfacet
  facet normal 0.04906767432741825 0.9987954562051724 2.108886701236103e-18
    outer loop
      vertex 1 47.200873150230535 243
      vertex 4.631309880571738 47.022478335261304 243
      vertex 4.631309880571738 47.022478335261304 237
    endloop
  endfacet
  facet normal 0 0 1
    outer loop
      vertex 4.435275599912617 45.03210888191691 243
      vertex 8.827837071229803 44.380533938246174 243
      vertex 4.631309880571738 47.022478335261304 243
    endloop
  endfacet
  facet normal 0 0 -1
    outer loop
      vertex 4.435275599912617 45.03210888191691 237
      vertex 4.631309880571738 47.022478335261304 237
      vertex 9.218017715262059 46.34210449905264 237
    endloop
  endfacet
  facet normal 0.14673047445536222 0.9891765099647808 0
    outer loop
      vertex 4.631309880571738 47.022478335261304 237
      vertex 4.631309880571738 47.022478335261304 243
      vertex 9.218017715262059 46.34210449905264 237
    endloop
  endfacet
  facet normal 0 0 -1
    outer loop
      vertex 4.435275599912617 45.03210888191691 237
      vertex 9.218017715262059 46.34210449905264 237
      vertex 8.827837071229803 44.380533938246174 237
    endloop
  endfacet
  facet normal 0 0 1
    outer loop
      vertex 4.631309880571738 47.022478335261304 243
      vertex 8.827837071229803 44.380533938246174 243
      vertex 9.218017715262059 46.34210449905264 243
    endloop
  endfacet
  facet normal 0.14673047445536222 0.9891765099647808 -7.119333704509441e-18
    outer loop
      vertex 4.631309880571738 47.022478335261304 243
      vertex 9.218017715262059 46.34210449905264 243
      vertex 9.218017715262059 46.34210449905264 237
    endloop
  endfacet
  facet normal 0 0 -1
    outer loop
      vertex 8.827837071229803 44.380533938246174 237
      vertex 9.218017715262059 46.34210449905264 237
      vertex 13.715951000273344 45.21543086334687 237
    endloop
  endfacet
  facet normal 0 0 1
    outer loop
      vertex 8.827837071229803 44.380533938246174 243
      vertex 13.13538164576442 43.30155019188245 243
      vertex 9.218017715262059 46.34210449905264 243
    endloop
  endfacet
  facet normal 0.24298017990326415 0.970031253194544 0
    outer loop
      vertex 9.218017715262059 46.34210449905264 237
      vertex 9.218017715262059 46.34210449905264 243
      vertex 13.715951000273344 45.21543086334687 237
    endloop
  endfacet
  facet normal 0 0 1
    outer loop
      vertex 13.13538164576442 43.30155019188245 243
      vertex 17.316425314520313 41.80554884613572 243
      vertex 13.715951000273344 45.21543086334687 243
    endloop
  endfacet
  facet normal 0 0 -1
    outer loop
      vertex 8.827837071229803 44.380533938246174 237
      vertex 13.715951000273344 45.21543086334687 237
      vertex 13.13538164576442 43.30155019188245 237
    endloop
  endfacet
  facet normal 0 0 1
    outer loop
      vertex 9.218017715262059 46.34210449905264 243
      vertex 13.13538164576442 43.30155019188245 243
      vertex 13.715951000273344 45.21543086334687 243
    endloop
  endfacet
  facet normal 0.24298017990326415 0.970031253194544 -1.3263099191765127e-17
    outer loop
      vertex 9.218017715262059 46.34210449905264 243
      vertex 13.715951000273344 45.21543086334687 243
      vertex 13.715951000273344 45.21543086334687 237
    endloop
  endfacet
  facet normal 0 0 -1
    outer loop
      vertex 13.13538164576442 43.30155019188245 237
      vertex 13.715951000273344 45.21543086334687 237
      vertex 18.081792179250492 43.6533079111583 237
    endloop
  endfacet
  facet normal 0 0 -1
    outer loop
      vertex 13.13538164576442 43.30155019188245 237
      vertex 18.081792179250492 43.6533079111583 237
      vertex 17.316425314520313 41.80554884613572 237
    endloop
  endfacet
  facet normal 0 0 1
    outer loop
      vertex 13.715951000273344 45.21543086334687 243
      vertex 17.316425314520313 41.80554884613572 243
      vertex 18.081792179250492 43.6533079111583 243
    endloop
  endfacet
  facet normal 0.33688985339221933 0.9415440651830211 7.563343836351014e-19
    outer loop
      vertex 13.715951000273344 45.21543086334687 243
      vertex 18.081792179250492 43.6533079111583 243
      vertex 18.081792179250492 43.6533079111583 237
    endloop
  endfacet
  facet normal 0.33688985339221933 0.9415440651830211 0
    outer loop
      vertex 13.715951000273344 45.21543086334687 237
      vertex 13.715951000273344 45.21543086334687 243
      vertex 18.081792179250492 43.6533079111583 237
    endloop
  endfacet
  facet normal 0 0 -1
    outer loop
      vertex 17.316425314520313 41.80554884613572 237
      vertex 22.27349581502839 41.67077974045978 237
      vertex 21.330702341376394 39.906937211763065 237
    endloop
  endfacet
  facet normal 0 0 1
    outer loop
      vertex 21.330702341376394 39.906937211763065 243
      vertex 25.139553044137 37.62399995669017 243
      vertex 22.27349581502839 41.67077974045978 243
    endloop
  endfacet
  facet normal 0 0 -1
    outer loop
      vertex 21.330702341376394 39.906937211763065 237
      vertex 22.27349581502839 41.67077974045978 237
      vertex 26.250693510176202 39.28693918129526 237
    endloop
  endfacet
  facet normal 0.514102744193223 0.8577286100002712 0
    outer loop
      vertex 22.27349581502839 41.67077974045978 237
      vertex 22.27349581502839 41.67077974045978 243
      vertex 26.250693510176202 39.28693918129526 237
    endloop
  endfacet
  facet normal 0 0 1
    outer loop
      vertex 17.316425314520313 41.80554884613572 243
      vertex 21.330702341376394 39.906937211763065 243
      vertex 18.081792179250492 43.6533079111583 243
    endloop
  endfacet
  facet normal 0 0 -1
    outer loop
      vertex 17.316425314520313 41.80554884613572 237
      vertex 18.081792179250492 43.6533079111583 237
      vertex 22.27349581502839 41.67077974045978 237
    endloop
  endfacet
  facet normal 0 0 1
    outer loop
      vertex 21.330702341376394 39.906937211763065 243
      vertex 22.27349581502839 41.67077974045978 243
      vertex 18.081792179250492 43.6533079111583 243
    endloop
  endfacet
  facet normal 0.4275550934302817 0.9039892931234436 0
    outer loop
      vertex 18.081792179250492 43.6533079111583 237
      vertex 18.081792179250492 43.6533079111583 243
      vertex 22.27349581502839 41.67077974045978 237
    endloop
  endfacet
  facet normal 0.4275550934302817 0.9039892931234436 8.61525085050034e-18
    outer loop
      vertex 18.081792179250492 43.6533079111583 243
      vertex 22.27349581502839 41.67077974045978 243
      vertex 22.27349581502839 41.67077974045978 237
    endloop
  endfacet
  facet normal 0 0 1
    outer loop
      vertex 46.34210449905264 -9.218017715262059 243
      vertex 45.21543086334687 13.715951000273344 243
      vertex 45.25 0 243
    endloop
  endfacet
  facet normal 0 0 -1
    outer loop
      vertex 47.022478335261304 -4.631309880571738 237
      vertex 47.022478335261304 4.631309880571738 237
      vertex 47.25 0 237
    endloop
  endfacet
  facet normal 0 0 1
    outer loop
      vertex 47.022478335261304 -4.631309880571738 243
      vertex 47.25 0 243
      vertex 47.022478335261304 4.631309880571738 243
    endloop
  endfacet
  facet normal 0 0 -1
    outer loop
      vertex 46.34210449905264 -9.218017715262059 237
      vertex 46.34210449905264 9.218017715262059 237
      vertex 47.022478335261304 4.631309880571738 237
    endloop
  endfacet
  facet normal 0.9987954562051723 0.04906767432741767 0
    outer loop
      vertex 47.25 0 237
      vertex 47.022478335261304 4.631309880571738 237
      vertex 47.25 0 243
    endloop
  endfacet
  facet normal 0 0 -1
    outer loop
      vertex 45.25 0 237
      vertex 45.03210888191691 4.435275599912617 237
      vertex 46.34210449905264 9.218017715262059 237
    endloop
  endfacet
  facet normal 0.9987954562051723 0.04906767432741767 -2.154622134379664e-18
    outer loop
      vertex 47.25 0 243
      vertex 47.022478335261304 4.631309880571738 237
      vertex 47.022478335261304 4.631309880571738 243
    endloop
  endfacet
  facet normal 0 0 1
    outer loop
      vertex 47.022478335261304 -4.631309880571738 243
      vertex 47.022478335261304 4.631309880571738 243
      vertex 46.34210449905264 9.218017715262059 243
    endloop
  endfacet
  facet normal 0 0 1
    outer loop
      vertex 46.34210449905264 -9.218017715262059 243
      vertex 46.34210449905264 9.218017715262059 243
      vertex 45.21543086334687 13.715951000273344 243
    endloop
  endfacet
  facet normal 0 0 1
    outer loop
      vertex 45.25 0 243
      vertex 45.21543086334687 13.715951000273344 243
      vertex 45.03210888191691 4.435275599912617 243
    endloop
  endfacet
  facet normal 0.9891765099647808 0.14673047445536222 0
    outer loop
      vertex 47.022478335261304 4.631309880571738 237
      vertex 46.34210449905264 9.218017715262059 237
      vertex 47.022478335261304 4.631309880571738 243
    endloop
  endfacet
  facet normal 0.9891765099647808 0.14673047445536222 -7.119333704509441e-18
    outer loop
      vertex 47.022478335261304 4.631309880571738 243
      vertex 46.34210449905264 9.218017715262059 237
      vertex 46.34210449905264 9.218017715262059 243
    endloop
  endfacet
  facet normal 0 0 -1
    outer loop
      vertex 45.03210888191691 4.435275599912617 237
      vertex 44.380533938246174 8.827837071229803 237
      vertex 45.21543086334687 13.715951000273344 237
    endloop
  endfacet
  facet normal 0 0 -1
    outer loop
      vertex 45.03210888191691 4.435275599912617 237
      vertex 45.21543086334687 13.715951000273344 237
      vertex 46.34210449905264 9.218017715262059 237
    endloop
  endfacet
  facet normal 0 0 1
    outer loop
      vertex 45.03210888191691 4.435275599912617 243
      vertex 45.21543086334687 13.715951000273344 243
      vertex 44.380533938246174 8.827837071229803 243
    endloop
  endfacet
  facet normal 0.970031253194544 0.24298017990326415 0
    outer loop
      vertex 46.34210449905264 9.218017715262059 237
      vertex 45.21543086334687 13.715951000273344 237
      vertex 46.34210449905264 9.218017715262059 243
    endloop
  endfacet
  facet normal 0 0 1
    outer loop
      vertex 39.906937211763065 21.330702341376394 243
      vertex 41.80554884613572 17.316425314520313 243
      vertex 41.67077974045978 22.27349581502839 243
    endloop
  endfacet
  facet normal 0 0 -1
    outer loop
      vertex 39.906937211763065 21.330702341376394 237
      vertex 37.62399995669017 25.139553044137 237
      vertex 41.67077974045978 22.27349581502839 237
    endloop
  endfacet
  facet normal 0.8577286100002712 0.514102744193223 0
    outer loop
      vertex 41.67077974045978 22.27349581502839 237
      vertex 39.28693918129526 26.250693510176202 237
      vertex 41.67077974045978 22.27349581502839 243
    endloop
  endfacet
  facet normal 0 0 1
    outer loop
      vertex 39.906937211763065 21.330702341376394 243
      vertex 41.67077974045978 22.27349581502839 243
      vertex 39.28693918129526 26.250693510176202 243
    endloop
  endfacet
  facet normal 0 0 1
    outer loop
      vertex 44.380533938246174 8.827837071229803 243
      vertex 43.6533079111583 18.081792179250492 243
      vertex 43.30155019188245 13.13538164576442 243
    endloop
  endfacet
  facet normal 0 0 1
    outer loop
      vertex 43.30155019188245 13.13538164576442 243
      vertex 41.67077974045978 22.27349581502839 243
      vertex 41.80554884613572 17.316425314520313 243
    endloop
  endfacet
  facet normal 0 0 -1
    outer loop
      vertex 43.30155019188245 13.13538164576442 237
      vertex 41.80554884613572 17.316425314520313 237
      vertex 43.6533079111583 18.081792179250492 237
    endloop
  endfacet
  facet normal 0 0 -1
    outer loop
      vertex 43.30155019188245 13.13538164576442 237
      vertex 43.6533079111583 18.081792179250492 237
      vertex 45.21543086334687 13.715951000273344 237
    endloop
  endfacet
  facet normal 0.9415440651830211 0.33688985339221933 7.563343836351014e-19
    outer loop
      vertex 45.21543086334687 13.715951000273344 243
      vertex 43.6533079111583 18.081792179250492 237
      vertex 43.6533079111583 18.081792179250492 243
    endloop
  endfacet
  facet normal 0 0 -1
    outer loop
      vertex 44.380533938246174 8.827837071229803 237
      vertex 43.30155019188245 13.13538164576442 237
      vertex 45.21543086334687 13.715951000273344 237
    endloop
  endfacet
  facet normal 0.970031253194544 0.24298017990326415 -1.3263099191765127e-17
    outer loop
      vertex 46.34210449905264 9.218017715262059 243
      vertex 45.21543086334687 13.715951000273344 237
      vertex 45.21543086334687 13.715951000273344 243
    endloop
  endfacet
  facet normal 0 0 1
    outer loop
      vertex 44.380533938246174 8.827837071229803 243
      vertex 45.21543086334687 13.715951000273344 243
      vertex 43.6533079111583 18.081792179250492 243
    endloop
  endfacet
  facet normal 0.9415440651830211 0.33688985339221933 0
    outer loop
      vertex 45.21543086334687 13.715951000273344 237
      vertex 43.6533079111583 18.081792179250492 237
      vertex 45.21543086334687 13.715951000273344 243
    endloop
  endfacet
  facet normal 0 0 -1
    outer loop
      vertex 39.906937211763065 21.330702341376394 237
      vertex 43.6533079111583 18.081792179250492 237
      vertex 41.80554884613572 17.316425314520313 237
    endloop
  endfacet
  facet normal 0 0 -1
    outer loop
      vertex 39.906937211763065 21.330702341376394 237
      vertex 41.67077974045978 22.27349581502839 237
      vertex 43.6533079111583 18.081792179250492 237
    endloop
  endfacet
  facet normal 0 0 1
    outer loop
      vertex 43.30155019188245 13.13538164576442 243
      vertex 43.6533079111583 18.081792179250492 243
      vertex 41.67077974045978 22.27349581502839 243
    endloop
  endfacet
  facet normal 0.9039892931234436 0.4275550934302817 0
    outer loop
      vertex 43.6533079111583 18.081792179250492 237
      vertex 41.67077974045978 22.27349581502839 237
      vertex 43.6533079111583 18.081792179250492 243
    endloop
  endfacet
  facet normal 0.9039892931234436 0.4275550934302817 8.61525085050034e-18
    outer loop
      vertex 43.6533079111583 18.081792179250492 243
      vertex 41.67077974045978 22.27349581502839 237
      vertex 41.67077974045978 22.27349581502839 243
    endloop
  endfacet
  facet normal 0 0 -1
    outer loop
      vertex 28.70629610840496 34.97872301466385 237
      vertex 29.97508267673225 36.52474392138932 237
      vertex 33.41079541106437 33.41079541106437 237
    endloop
  endfacet
  facet normal 0 0 1
    outer loop
      vertex 28.70629610840496 34.97872301466385 243
      vertex 31.996581848691278 31.996581848691278 243
      vertex 29.97508267673225 36.52474392138932 243
    endloop
  endfacet
  facet normal 0 0 -1
    outer loop
      vertex 28.70629610840496 34.97872301466385 237
      vertex 33.41079541106437 33.41079541106437 237
      vertex 31.996581848691278 31.996581848691278 237
    endloop
  endfacet
  facet normal 0.6715589548470187 0.740951125354959 0
    outer loop
      vertex 33.41079541106437 33.41079541106437 237
      vertex 29.97508267673225 36.52474392138932 243
      vertex 33.41079541106437 33.41079541106437 243
    endloop
  endfacet
  facet normal 0 0 1
    outer loop
      vertex 31.996581848691278 31.996581848691278 243
      vertex 33.41079541106437 33.41079541106437 243
      vertex 29.97508267673225 36.52474392138932 243
    endloop
  endfacet
  facet normal 0 0 1
    outer loop
      vertex 34.97872301466385 28.70629610840496 243
      vertex 33.41079541106437 33.41079541106437 243
      vertex 31.996581848691278 31.996581848691278 243
    endloop
  endfacet
  facet normal 0 0 -1
    outer loop
      vertex 34.97872301466385 28.70629610840496 237
      vertex 31.996581848691278 31.996581848691278 237
      vertex 36.52474392138932 29.97508267673225 237
    endloop
  endfacet
  facet normal 0 0 1
    outer loop
      vertex 34.97872301466385 28.70629610840496 243
      vertex 36.52474392138932 29.97508267673225 243
      vertex 33.41079541106437 33.41079541106437 243
    endloop
  endfacet
  facet normal 0 0 -1
    outer loop
      vertex 31.996581848691278 31.996581848691278 237
      vertex 33.41079541106437 33.41079541106437 237
      vertex 36.52474392138932 29.97508267673225 237
    endloop
  endfacet
  facet normal 0.740951125354959 0.6715589548470187 0
    outer loop
      vertex 33.41079541106437 33.41079541106437 237
      vertex 33.41079541106437 33.41079541106437 243
      vertex 36.52474392138932 29.97508267673225 243
    endloop
  endfacet
  facet normal 0 0 -1
    outer loop
      vertex 21.330702341376394 39.906937211763065 237
      vertex 26.250693510176202 39.28693918129526 237
      vertex 25.139553044137 37.62399995669017 237
    endloop
  endfacet
  facet normal 0 0 1
    outer loop
      vertex 22.27349581502839 41.67077974045978 243
      vertex 25.139553044137 37.62399995669017 243
      vertex 26.250693510176202 39.28693918129526 243
    endloop
  endfacet
  facet normal 0.514102744193223 0.8577286100002712 2.490063100854545e-17
    outer loop
      vertex 22.27349581502839 41.67077974045978 243
      vertex 26.250693510176202 39.28693918129526 243
      vertex 26.250693510176202 39.28693918129526 237
    endloop
  endfacet
  facet normal 0 0 -1
    outer loop
      vertex 28.70629610840496 34.97872301466385 237
      vertex 25.139553044137 37.62399995669017 237
      vertex 29.97508267673225 36.52474392138932 237
    endloop
  endfacet
  facet normal 0 0 -1
    outer loop
      vertex 25.139553044137 37.62399995669017 237
      vertex 26.250693510176202 39.28693918129526 237
      vertex 29.97508267673225 36.52474392138932 237
    endloop
  endfacet
  facet normal 0.5956993044924325 0.8032075314806455 0
    outer loop
      vertex 26.250693510176202 39.28693918129526 237
      vertex 26.250693510176202 39.28693918129526 243
      vertex 29.97508267673225 36.52474392138932 237
    endloop
  endfacet
  facet normal 0 0 1
    outer loop
      vertex 28.70629610840496 34.97872301466385 243
      vertex 26.250693510176202 39.28693918129526 243
      vertex 25.139553044137 37.62399995669017 243
    endloop
  endfacet
  facet normal 0.5956993044924325 0.8032075314806455 -2.9977397675512044e-17
    outer loop
      vertex 26.250693510176202 39.28693918129526 243
      vertex 29.97508267673225 36.52474392138932 243
      vertex 29.97508267673225 36.52474392138932 237
    endloop
  endfacet
  facet normal 0 0 1
    outer loop
      vertex 28.70629610840496 34.97872301466385 243
      vertex 29.97508267673225 36.52474392138932 243
      vertex 26.250693510176202 39.28693918129526 243
    endloop
  endfacet
  facet normal 0.6715589548470187 0.740951125354959 -8.008380864789558e-18
    outer loop
      vertex 33.41079541106437 33.41079541106437 237
      vertex 29.97508267673225 36.52474392138932 237
      vertex 29.97508267673225 36.52474392138932 243
    endloop
  endfacet
  facet normal 0 0 1
    outer loop
      vertex 34.97872301466385 28.70629610840496 243
      vertex 37.62399995669017 25.139553044137 243
      vertex 36.52474392138932 29.97508267673225 243
    endloop
  endfacet
  facet normal 0 0 -1
    outer loop
      vertex 34.97872301466385 28.70629610840496 237
      vertex 39.28693918129526 26.250693510176202 237
      vertex 37.62399995669017 25.139553044137 237
    endloop
  endfacet
  facet normal 0.8032075314806455 0.5956993044924325 0
    outer loop
      vertex 39.28693918129526 26.250693510176202 237
      vertex 36.52474392138932 29.97508267673225 237
      vertex 39.28693918129526 26.250693510176202 243
    endloop
  endfacet
  facet normal 0 0 1
    outer loop
      vertex 37.62399995669017 25.139553044137 243
      vertex 39.28693918129526 26.250693510176202 243
      vertex 36.52474392138932 29.97508267673225 243
    endloop
  endfacet
  facet normal 0 0 -1
    outer loop
      vertex 34.97872301466385 28.70629610840496 237
      vertex 36.52474392138932 29.97508267673225 237
      vertex 39.28693918129526 26.250693510176202 237
    endloop
  endfacet
  facet normal 0.8032075314806455 0.5956993044924325 -2.9977397675512044e-17
    outer loop
      vertex 39.28693918129526 26.250693510176202 243
      vertex 36.52474392138932 29.97508267673225 237
      vertex 36.52474392138932 29.97508267673225 243
    endloop
  endfacet
  facet normal 0 0 -1
    outer loop
      vertex 41.67077974045978 22.27349581502839 237
      vertex 37.62399995669017 25.139553044137 237
      vertex 39.28693918129526 26.250693510176202 237
    endloop
  endfacet
  facet normal 0 0 1
    outer loop
      vertex 39.906937211763065 21.330702341376394 243
      vertex 39.28693918129526 26.250693510176202 243
      vertex 37.62399995669017 25.139553044137 243
    endloop
  endfacet
  facet normal 0.8577286100002712 0.514102744193223 2.490063100854545e-17
    outer loop
      vertex 41.67077974045978 22.27349581502839 243
      vertex 39.28693918129526 26.250693510176202 237
      vertex 39.28693918129526 26.250693510176202 243
    endloop
  endfacet
  facet normal 0.740951125354959 0.6715589548470187 -8.008380864789558e-18
    outer loop
      vertex 33.41079541106437 33.41079541106437 237
      vertex 36.52474392138932 29.97508267673225 243
      vertex 36.52474392138932 29.97508267673225 237
    endloop
  endfacet
  facet normal 0.8032075314806455 0.5956993044924326 -8.270958441039526e-18
    outer loop
      vertex -37.62399995669017 -25.139553044137 243
      vertex -34.97872301466385 -28.70629610840496 243
      vertex -34.97872301466385 -28.70629610840496 237
    endloop
  endfacet
  facet normal 0.8577286100002722 0.5141027441932214 8.064278959454823e-18
    outer loop
      vertex -37.62399995669017 -25.139553044137 237
      vertex -38.63151483232018 -23.458616026022327 237
      vertex -38.63151483232018 -23.458616026022327 243
    endloop
  endfacet
  facet normal 0.8577286100002722 0.5141027441932214 0
    outer loop
      vertex -37.62399995669017 -25.139553044137 237
      vertex -38.63151483232018 -23.458616026022327 243
      vertex -37.62399995669017 -25.139553044137 243
    endloop
  endfacet
  facet normal 0.8032075314806455 0.5956993044924326 0
    outer loop
      vertex -37.62399995669017 -25.139553044137 237
      vertex -37.62399995669017 -25.139553044137 243
      vertex -34.97872301466385 -28.70629610840496 237
    endloop
  endfacet
  facet normal 0.5956993044924326 0.8032075314806455 -8.270958441039526e-18
    outer loop
      vertex -25.139553044137 -37.62399995669017 237
      vertex -28.70629610840496 -34.97872301466385 237
      vertex -28.70629610840496 -34.97872301466385 243
    endloop
  endfacet
  facet normal 0.5956993044924326 0.8032075314806455 0
    outer loop
      vertex -25.139553044137 -37.62399995669017 237
      vertex -28.70629610840496 -34.97872301466385 243
      vertex -25.139553044137 -37.62399995669017 243
    endloop
  endfacet
  facet normal 0.5141027441932222 0.8577286100002717 0
    outer loop
      vertex -25.139553044137 -37.62399995669017 237
      vertex -25.139553044137 -37.62399995669017 243
      vertex -21.330702341376394 -39.906937211763065 237
    endloop
  endfacet
  facet normal 0.7409511253549593 0.671558954847018 -6.333245684932e-19
    outer loop
      vertex -31.996581848691278 -31.996581848691278 237
      vertex -34.97872301466385 -28.70629610840496 237
      vertex -34.97872301466385 -28.70629610840496 243
    endloop
  endfacet
  facet normal 0.7409511253549593 0.671558954847018 0
    outer loop
      vertex -31.996581848691278 -31.996581848691278 237
      vertex -34.97872301466385 -28.70629610840496 243
      vertex -31.996581848691278 -31.996581848691278 243
    endloop
  endfacet
  facet normal 0.671558954847018 0.7409511253549593 -6.333245684932e-19
    outer loop
      vertex -31.996581848691278 -31.996581848691278 243
      vertex -28.70629610840496 -34.97872301466385 243
      vertex -28.70629610840496 -34.97872301466385 237
    endloop
  endfacet
  facet normal 0.671558954847018 0.7409511253549593 0
    outer loop
      vertex -31.996581848691278 -31.996581848691278 237
      vertex -31.996581848691278 -31.996581848691278 243
      vertex -28.70629610840496 -34.97872301466385 237
    endloop
  endfacet
  facet normal 0.9415440651830207 0.33688985339222016 0
    outer loop
      vertex -41.80554884613572 -17.316425314520313 237
      vertex -43.30155019188245 -13.13538164576442 243
      vertex -41.80554884613572 -17.316425314520313 243
    endloop
  endfacet
  facet normal 0.9415440651830207 0.33688985339222016 8.145365926949597e-18
    outer loop
      vertex -41.80554884613572 -17.316425314520313 237
      vertex -43.30155019188245 -13.13538164576442 237
      vertex -43.30155019188245 -13.13538164576442 243
    endloop
  endfacet
  facet normal 0.8577286100002697 0.5141027441932257 0
    outer loop
      vertex -39.906937211763065 -21.330702341376394 237
      vertex -39.906937211763065 -21.330702341376394 243
      vertex -39.65985797686964 -21.742929140588764 237
    endloop
  endfacet
  facet normal 0.8577286100002697 0.5141027441932257 2.189352010161295e-18
    outer loop
      vertex -39.906937211763065 -21.330702341376394 243
      vertex -39.65985797686964 -21.742929140588764 243
      vertex -39.65985797686964 -21.742929140588764 237
    endloop
  endfacet
  facet normal 0.9039892931234438 0.4275550934302813 -7.591459910492065e-18
    outer loop
      vertex -41.80554884613572 -17.316425314520313 243
      vertex -39.906937211763065 -21.330702341376394 243
      vertex -39.906937211763065 -21.330702341376394 237
    endloop
  endfacet
  facet normal 0.9039892931234438 0.4275550934302813 0
    outer loop
      vertex -41.80554884613572 -17.316425314520313 237
      vertex -41.80554884613572 -17.316425314520313 243
      vertex -39.906937211763065 -21.330702341376394 237
    endloop
  endfacet
  facet normal 0.9891765099647806 0.14673047445536463 -3.474002256154625e-15
    outer loop
      vertex -44.380533938246174 -8.827837071229803 237
      vertex -44.5033319677279 -8 237
      vertex -44.50761763767398 -7.971108360033181 237.58810284197736
    endloop
  endfacet
  facet normal 0.9891765099647813 0.1467304744553596 4.060438126308265e-15
    outer loop
      vertex -44.380533938246174 -8.827837071229803 237
      vertex -44.50761763767398 -7.971108360033181 237.58810284197736
      vertex -44.52043337416786 -7.884711682419383 238.17054193209677
    endloop
  endfacet
  facet normal 0.989176509964781 0.1467304744553607 3.099011309516775e-15
    outer loop
      vertex -44.380533938246174 -8.827837071229803 237
      vertex -44.52043337416786 -7.884711682419383 238.17054193209677
      vertex -44.5416557546613 -7.741642014393253 238.74170806352677
    endloop
  endfacet
  facet normal 0.9891765099647805 0.14673047445536563 0
    outer loop
      vertex -44.380533938246174 -8.827837071229803 237
      vertex -44.5416557546613 -7.741642014393253 238.74170806352677
      vertex -44.380533938246174 -8.827837071229803 243
    endloop
  endfacet
  facet normal 0.9891765099647802 0.14673047445536563 -1.347664363927735e-18
    outer loop
      vertex -44.380533938246174 -8.827837071229803 243
      vertex -44.5416557546613 -7.741642014393253 238.74170806352677
      vertex -44.57108039602882 -7.54327719506772 239.29610059419053
    endloop
  endfacet
  facet normal 0.9891765099647806 0.14673047445536522 -1.7467034148029273e-16
    outer loop
      vertex -44.380533938246174 -8.827837071229803 243
      vertex -44.57108039602882 -7.54327719506772 239.29610059419053
      vertex -44.6084239228889 -7.2915275860901305 239.828380420956
    endloop
  endfacet
  facet normal 0.9891765099647812 0.1467304744553605 -2.4709243096080118e-15
    outer loop
      vertex -44.380533938246174 -8.827837071229803 243
      vertex -44.6084239228889 -7.2915275860901305 239.828380420956
      vertex -44.65332669666384 -6.988817673815271 240.33342139811762
    endloop
  endfacet
  facet normal 0.9891765099647811 0.1467304744553608 -2.2769605998478494e-15
    outer loop
      vertex -44.380533938246174 -8.827837071229803 243
      vertex -44.65332669666384 -6.988817673815271 240.33342139811762
      vertex -44.705356279095824 -6.638062720176422 240.80635970498187
    endloop
  endfacet
  facet normal 0.9891765099647809 0.1467304744553631 1.213056923019805e-15
    outer loop
      vertex -44.380533938246174 -8.827837071229803 243
      vertex -44.82872776719333 -5.8063597049818725 241.63806272017644
      vertex -44.89888153798675 -5.333421398117613 241.98881767381528
    endloop
  endfacet
  facet normal 0.989176509964781 0.1467304744553614 -1.6592891014487485e-15
    outer loop
      vertex -44.380533938246174 -8.827837071229803 243
      vertex -44.705356279095824 -6.638062720176422 240.80635970498187
      vertex -44.764011596863774 -6.242640687119286 241.2426406871193
    endloop
  endfacet
  facet normal 0.9891765099647809 0.1467304744553626 2.2855276462183126e-16
    outer loop
      vertex -44.380533938246174 -8.827837071229803 243
      vertex -44.764011596863774 -6.242640687119286 241.2426406871193
      vertex -44.82872776719333 -5.8063597049818725 241.63806272017644
    endloop
  endfacet
  facet normal 0.9891765099647807 0.14673047445536383 3.8151223314369716e-15
    outer loop
      vertex -44.380533938246174 -8.827837071229803 243
      vertex -44.89888153798675 -5.333421398117613 241.98881767381528
      vertex -44.97379729008136 -4.828380420955986 242.29152758609013
    endloop
  endfacet
  facet normal 0.9891765099647808 0.1467304744553633 7.593739879275464e-16
    outer loop
      vertex -44.380533938246174 -8.827837071229803 243
      vertex -44.97379729008136 -4.828380420955986 242.29152758609013
      vertex -45.03210888191691 -4.435275599912617 243
    endloop
  endfacet
  facet normal 0.970031253194544 0.24298017990326365 0
    outer loop
      vertex -43.30155019188245 -13.13538164576442 237
      vertex -44.380533938246174 -8.827837071229803 243
      vertex -43.30155019188245 -13.13538164576442 243
    endloop
  endfacet
  facet normal 0.970031253194544 0.24298017990326365 -1.4622778796919687e-17
    outer loop
      vertex -43.30155019188245 -13.13538164576442 237
      vertex -44.380533938246174 -8.827837071229803 237
      vertex -44.380533938246174 -8.827837071229803 243
    endloop
  endfacet
  facet normal 0.9891765099647805 0.14673047445536458 0
    outer loop
      vertex -45.03210888191691 -4.435275599912617 243
      vertex -44.97379729008136 -4.828380420955986 242.29152758609013
      vertex -45.03210888191691 -4.435275599912617 242.4774523196767
    endloop
  endfacet
  facet normal 0.9987954562051724 0.04906767432741776 4.9572472307272354e-15
    outer loop
      vertex -45.03210888191691 -4.435275599912617 243
      vertex -45.03894611151468 -4.296100594190539 242.54327719506773
      vertex -45.06618167008192 -3.741708063526774 242.74164201439325
    endloop
  endfacet
  facet normal 0.9987954562051724 0.04906767432741741 4.012314241253612e-15
    outer loop
      vertex -45.03210888191691 -4.435275599912617 243
      vertex -45.06618167008192 -3.741708063526774 242.74164201439325
      vertex -45.09424126281409 -3.1705419320967696 242.88471168241938
    endloop
  endfacet
  facet normal 0.9987954562051725 0.04906767432741711 7.928098021601233e-16
    outer loop
      vertex -45.03210888191691 -4.435275599912617 243
      vertex -45.09424126281409 -3.1705419320967696 242.88471168241938
      vertex -45.12285466049425 -2.5881028419773635 242.97110836003318
    endloop
  endfacet
  facet normal 0.9987954562051725 0.04906767432741595 -7.392088615546532e-14
    outer loop
      vertex -45.03210888191691 -4.435275599912617 243
      vertex -45.12285466049425 -2.5881028419773635 242.97110836003318
      vertex -45.15174630046106 -2 243
    endloop
  endfacet
  facet normal 0.9987954562051732 0.04906767432740152 0
    outer loop
      vertex -45.03210888191691 -4.435275599912617 243
      vertex -45.03210888191691 -4.435275599912617 242.4774523196767
      vertex -45.03894611151468 -4.296100594190539 242.54327719506773
    endloop
  endfacet
  facet normal 0.5141027441932222 0.8577286100002717 -1.9720519745652772e-17
    outer loop
      vertex -25.139553044137 -37.62399995669017 243
      vertex -21.330702341376394 -39.906937211763065 243
      vertex -21.330702341376394 -39.906937211763065 237
    endloop
  endfacet
  facet normal 0.4275550934302813 0.9039892931234438 0
    outer loop
      vertex -21.330702341376394 -39.906937211763065 237
      vertex -21.330702341376394 -39.906937211763065 243
      vertex -17.316425314520313 -41.80554884613572 237
    endloop
  endfacet
  facet normal 0.4275550934302813 0.9039892931234438 -7.591459910492065e-18
    outer loop
      vertex -21.330702341376394 -39.906937211763065 243
      vertex -17.316425314520313 -41.80554884613572 243
      vertex -17.316425314520313 -41.80554884613572 237
    endloop
  endfacet
  facet normal 0.33688985339222016 0.9415440651830207 0
    outer loop
      vertex -17.316425314520313 -41.80554884613572 237
      vertex -17.316425314520313 -41.80554884613572 243
      vertex -13.13538164576442 -43.30155019188245 237
    endloop
  endfacet
  facet normal 0.33688985339222016 0.9415440651830207 8.145365926949597e-18
    outer loop
      vertex -17.316425314520313 -41.80554884613572 243
      vertex -13.13538164576442 -43.30155019188245 243
      vertex -13.13538164576442 -43.30155019188245 237
    endloop
  endfacet
  facet normal 0.24298017990326365 0.970031253194544 0
    outer loop
      vertex -13.13538164576442 -43.30155019188245 237
      vertex -13.13538164576442 -43.30155019188245 243
      vertex -8.827837071229803 -44.380533938246174 237
    endloop
  endfacet
  facet normal 0.24298017990326365 0.970031253194544 -1.4622778796919687e-17
    outer loop
      vertex -13.13538164576442 -43.30155019188245 243
      vertex -8.827837071229803 -44.380533938246174 243
      vertex -8.827837071229803 -44.380533938246174 237
    endloop
  endfacet
  facet normal 0.1467304744553638 0.9891765099647807 0
    outer loop
      vertex -8.827837071229803 -44.380533938246174 237
      vertex -8.827837071229803 -44.380533938246174 243
      vertex -6 -44.8000039428046 237
    endloop
  endfacet
  facet normal 0.1467304744553638 0.9891765099647807 -1.3500250879942268e-18
    outer loop
      vertex -8.827837071229803 -44.380533938246174 243
      vertex -6 -44.8000039428046 243
      vertex -6 -44.8000039428046 237
    endloop
  endfacet
  facet normal 0.9987954562051725 -0.04906767432741595 -7.403667295026658e-14
    outer loop
      vertex -45.03210888191691 4.435275599912617 243
      vertex -45.15174630046106 2 243
      vertex -45.12285466049425 2.5881028419773635 242.97110836003318
    endloop
  endfacet
  facet normal 0.9987954562051725 -0.04906767432741711 7.762012181896487e-16
    outer loop
      vertex -45.03210888191691 4.435275599912617 243
      vertex -45.12285466049425 2.5881028419773635 242.97110836003318
      vertex -45.09424126281409 3.1705419320967696 242.88471168241938
    endloop
  endfacet
  facet normal 0.9987954562051724 -0.049067674327417404 4.027601229379997e-15
    outer loop
      vertex -45.03210888191691 4.435275599912617 243
      vertex -45.09424126281409 3.1705419320967696 242.88471168241938
      vertex -45.06618167008192 3.741708063526774 242.74164201439325
    endloop
  endfacet
  facet normal 0.9987954562051724 -0.04906767432741776 4.956603963586085e-15
    outer loop
      vertex -45.03210888191691 4.435275599912617 243
      vertex -45.06618167008192 3.741708063526774 242.74164201439325
      vertex -45.03894611151468 4.296100594190539 242.54327719506773
    endloop
  endfacet
  facet normal 0.9987954562051732 -0.04906767432740152 0
    outer loop
      vertex -45.03210888191691 4.435275599912617 243
      vertex -45.03894611151468 4.296100594190539 242.54327719506773
      vertex -45.03210888191691 4.435275599912617 242.4774523196767
    endloop
  endfacet
  facet normal 0.9891765099647805 -0.14673047445536458 0
    outer loop
      vertex -45.03210888191691 4.435275599912617 243
      vertex -45.03210888191691 4.435275599912617 242.4774523196767
      vertex -44.97379729008136 4.828380420955986 242.29152758609013
    endloop
  endfacet
  facet normal 0.9891765099647808 -0.1467304744553633 7.47202523247867e-16
    outer loop
      vertex -45.03210888191691 4.435275599912617 243
      vertex -44.97379729008136 4.828380420955986 242.29152758609013
      vertex -44.380533938246174 8.827837071229803 243
    endloop
  endfacet
  facet normal 0.9891765099647807 -0.14673047445536383 3.947738572682531e-15
    outer loop
      vertex -44.380533938246174 8.827837071229803 243
      vertex -44.97379729008136 4.828380420955986 242.29152758609013
      vertex -44.89888153798675 5.333421398117613 241.98881767381528
    endloop
  endfacet
  facet normal 0.9891765099647808 -0.14673047445536308 1.1625117827519688e-15
    outer loop
      vertex -44.380533938246174 8.827837071229803 243
      vertex -44.89888153798675 5.333421398117613 241.98881767381528
      vertex -44.82872776719333 5.8063597049818725 241.63806272017644
    endloop
  endfacet
  facet normal 0.9891765099647809 -0.14673047445536264 2.4396005001535435e-16
    outer loop
      vertex -44.380533938246174 8.827837071229803 243
      vertex -44.82872776719333 5.8063597049818725 241.63806272017644
      vertex -44.764011596863774 6.242640687119286 241.2426406871193
    endloop
  endfacet
  facet normal 0.989176509964781 -0.14673047445536133 -1.696822081322248e-15
    outer loop
      vertex -44.380533938246174 8.827837071229803 243
      vertex -44.764011596863774 6.242640687119286 241.2426406871193
      vertex -44.705356279095824 6.638062720176422 240.80635970498187
    endloop
  endfacet
  facet normal 0.9891765099647806 -0.14673047445536463 -3.4685267514790473e-15
    outer loop
      vertex -44.380533938246174 8.827837071229803 237
      vertex -44.50761763767398 7.971108360033181 237.58810284197736
      vertex -44.5033319677279 8 237
    endloop
  endfacet
  facet normal 0.9891765099647808 -0.1467304744553623 0
    outer loop
      vertex -44.380533938246174 8.827837071229803 237
      vertex -44.380533938246174 8.827837071229803 243
      vertex -44.50761763767398 7.971108360033181 237.58810284197736
    endloop
  endfacet
  facet normal 0.9891765099647812 -0.14673047445536053 -2.4678993377692034e-15
    outer loop
      vertex -44.380533938246174 8.827837071229803 243
      vertex -44.65332669666384 6.988817673815271 240.33342139811762
      vertex -44.6084239228889 7.2915275860901305 239.828380420956
    endloop
  endfacet
  facet normal 0.9891765099647805 -0.1467304744553652 -1.5376816839577899e-16
    outer loop
      vertex -44.380533938246174 8.827837071229803 243
      vertex -44.6084239228889 7.2915275860901305 239.828380420956
      vertex -44.57108039602882 7.54327719506772 239.29610059419053
    endloop
  endfacet
  facet normal 0.9891765099647802 -0.1467304744553656 1.9484836274241898e-18
    outer loop
      vertex -44.380533938246174 8.827837071229803 243
      vertex -44.57108039602882 7.54327719506772 239.29610059419053
      vertex -44.5416557546613 7.741642014393253 238.74170806352677
    endloop
  endfacet
  facet normal 0.9891765099647811 -0.14673047445536086 -2.222065548820647e-15
    outer loop
      vertex -44.380533938246174 8.827837071229803 243
      vertex -44.705356279095824 6.638062720176422 240.80635970498187
      vertex -44.65332669666384 6.988817673815271 240.33342139811762
    endloop
  endfacet
  facet normal 0.9891765099647792 -0.1467304744553739 1.8895493938592292e-15
    outer loop
      vertex -44.380533938246174 8.827837071229803 243
      vertex -44.52043337416786 7.884711682419383 238.17054193209677
      vertex -44.50761763767398 7.971108360033181 237.58810284197736
    endloop
  endfacet
  facet normal 0.9891765099647799 -0.14673047445536921 9.425337184970311e-16
    outer loop
      vertex -44.380533938246174 8.827837071229803 243
      vertex -44.5416557546613 7.741642014393253 238.74170806352677
      vertex -44.52043337416786 7.884711682419383 238.17054193209677
    endloop
  endfacet
  facet normal 0.970031253194544 -0.24298017990326365 0
    outer loop
      vertex -44.380533938246174 8.827837071229803 237
      vertex -43.30155019188245 13.13538164576442 243
      vertex -44.380533938246174 8.827837071229803 243
    endloop
  endfacet
  facet normal 0.970031253194544 -0.24298017990326365 1.4622778796919687e-17
    outer loop
      vertex -44.380533938246174 8.827837071229803 237
      vertex -43.30155019188245 13.13538164576442 237
      vertex -43.30155019188245 13.13538164576442 243
    endloop
  endfacet
  facet normal 0.9415440651830207 -0.33688985339222016 0
    outer loop
      vertex -43.30155019188245 13.13538164576442 237
      vertex -41.80554884613572 17.316425314520313 243
      vertex -43.30155019188245 13.13538164576442 243
    endloop
  endfacet
  facet normal 0.9415440651830207 -0.33688985339222016 -8.145365926949597e-18
    outer loop
      vertex -43.30155019188245 13.13538164576442 237
      vertex -41.80554884613572 17.316425314520313 237
      vertex -41.80554884613572 17.316425314520313 243
    endloop
  endfacet
  facet normal 0.9039892931234438 -0.4275550934302813 0
    outer loop
      vertex -41.80554884613572 17.316425314520313 237
      vertex -39.906937211763065 21.330702341376394 243
      vertex -41.80554884613572 17.316425314520313 243
    endloop
  endfacet
  facet normal 0.9039892931234438 -0.4275550934302813 7.591459910492065e-18
    outer loop
      vertex -41.80554884613572 17.316425314520313 237
      vertex -39.906937211763065 21.330702341376394 237
      vertex -39.906937211763065 21.330702341376394 243
    endloop
  endfacet
  facet normal 0.8577286100002717 -0.5141027441932222 0
    outer loop
      vertex -39.906937211763065 21.330702341376394 237
      vertex -37.62399995669017 25.139553044137 243
      vertex -39.906937211763065 21.330702341376394 243
    endloop
  endfacet
  facet normal 0.8577286100002717 -0.5141027441932222 1.9720519745652772e-17
    outer loop
      vertex -39.906937211763065 21.330702341376394 237
      vertex -37.62399995669017 25.139553044137 237
      vertex -37.62399995669017 25.139553044137 243
    endloop
  endfacet
  facet normal 0.8032075314806455 -0.5956993044924326 0
    outer loop
      vertex -37.62399995669017 25.139553044137 237
      vertex -34.97872301466385 28.70629610840496 243
      vertex -37.62399995669017 25.139553044137 243
    endloop
  endfacet
  facet normal 0.8032075314806455 -0.5956993044924326 8.270958441039526e-18
    outer loop
      vertex -37.62399995669017 25.139553044137 237
      vertex -34.97872301466385 28.70629610840496 237
      vertex -34.97872301466385 28.70629610840496 243
    endloop
  endfacet
  facet normal 0.7409511253549593 -0.671558954847018 0
    outer loop
      vertex -34.97872301466385 28.70629610840496 237
      vertex -31.996581848691278 31.996581848691278 243
      vertex -34.97872301466385 28.70629610840496 243
    endloop
  endfacet
  facet normal 0.7409511253549593 -0.671558954847018 6.333245684932e-19
    outer loop
      vertex -34.97872301466385 28.70629610840496 237
      vertex -31.996581848691278 31.996581848691278 237
      vertex -31.996581848691278 31.996581848691278 243
    endloop
  endfacet
  facet normal 0.671558954847018 -0.7409511253549593 0
    outer loop
      vertex -31.996581848691278 31.996581848691278 237
      vertex -28.70629610840496 34.97872301466385 243
      vertex -31.996581848691278 31.996581848691278 243
    endloop
  endfacet
  facet normal 0.671558954847018 -0.7409511253549593 6.333245684932e-19
    outer loop
      vertex -31.996581848691278 31.996581848691278 237
      vertex -28.70629610840496 34.97872301466385 237
      vertex -28.70629610840496 34.97872301466385 243
    endloop
  endfacet
  facet normal 0.5956993044924326 -0.8032075314806455 0
    outer loop
      vertex -28.70629610840496 34.97872301466385 237
      vertex -25.139553044137 37.62399995669017 243
      vertex -28.70629610840496 34.97872301466385 243
    endloop
  endfacet
  facet normal 0.5956993044924326 -0.8032075314806455 8.270958441039526e-18
    outer loop
      vertex -28.70629610840496 34.97872301466385 237
      vertex -25.139553044137 37.62399995669017 237
      vertex -25.139553044137 37.62399995669017 243
    endloop
  endfacet
  facet normal 0.5141027441932222 -0.8577286100002717 0
    outer loop
      vertex -25.139553044137 37.62399995669017 237
      vertex -21.330702341376394 39.906937211763065 243
      vertex -25.139553044137 37.62399995669017 243
    endloop
  endfacet
  facet normal 0.5141027441932222 -0.8577286100002717 1.9720519745652772e-17
    outer loop
      vertex -25.139553044137 37.62399995669017 237
      vertex -21.330702341376394 39.906937211763065 237
      vertex -21.330702341376394 39.906937211763065 243
    endloop
  endfacet
  facet normal 0.4275550934302813 -0.9039892931234438 0
    outer loop
      vertex -21.330702341376394 39.906937211763065 237
      vertex -17.316425314520313 41.80554884613572 243
      vertex -21.330702341376394 39.906937211763065 243
    endloop
  endfacet
  facet normal 0.4275550934302813 -0.9039892931234438 7.591459910492065e-18
    outer loop
      vertex -21.330702341376394 39.906937211763065 237
      vertex -17.316425314520313 41.80554884613572 237
      vertex -17.316425314520313 41.80554884613572 243
    endloop
  endfacet
  facet normal 0.33688985339222016 -0.9415440651830207 0
    outer loop
      vertex -17.316425314520313 41.80554884613572 237
      vertex -13.13538164576442 43.30155019188245 243
      vertex -17.316425314520313 41.80554884613572 243
    endloop
  endfacet
  facet normal 0.33688985339222016 -0.9415440651830207 -8.145365926949597e-18
    outer loop
      vertex -17.316425314520313 41.80554884613572 237
      vertex -13.13538164576442 43.30155019188245 237
      vertex -13.13538164576442 43.30155019188245 243
    endloop
  endfacet
  facet normal 0.24298017990326365 -0.970031253194544 0
    outer loop
      vertex -13.13538164576442 43.30155019188245 237
      vertex -8.827837071229803 44.380533938246174 243
      vertex -13.13538164576442 43.30155019188245 243
    endloop
  endfacet
  facet normal 0.24298017990326365 -0.970031253194544 1.4622778796919687e-17
    outer loop
      vertex -13.13538164576442 43.30155019188245 237
      vertex -8.827837071229803 44.380533938246174 237
      vertex -8.827837071229803 44.380533938246174 243
    endloop
  endfacet
  facet normal 0.14673047445536327 -0.9891765099647807 0
    outer loop
      vertex -8.827837071229803 44.380533938246174 237
      vertex -4.435275599912617 45.03210888191691 243
      vertex -8.827837071229803 44.380533938246174 243
    endloop
  endfacet
  facet normal 0.14673047445536327 -0.9891765099647807 -3.520650025944876e-18
    outer loop
      vertex -8.827837071229803 44.380533938246174 237
      vertex -4.435275599912617 45.03210888191691 237
      vertex -4.435275599912617 45.03210888191691 243
    endloop
  endfacet
  facet normal 0.049067674327417904 -0.9987954562051724 0
    outer loop
      vertex -4.435275599912617 45.03210888191691 237
      vertex -1 45.200873150230535 243
      vertex -4.435275599912617 45.03210888191691 243
    endloop
  endfacet
  facet normal 0.049067674327417904 -0.9987954562051724 -2.602151097725818e-18
    outer loop
      vertex -4.435275599912617 45.03210888191691 237
      vertex -1 45.200873150230535 237
      vertex -1 45.200873150230535 243
    endloop
  endfacet
  facet normal -0.1467304744553638 0.9891765099647807 1.3500250879942268e-18
    outer loop
      vertex 8.827837071229803 -44.380533938246174 237
      vertex 6 -44.8000039428046 237
      vertex 6 -44.8000039428046 243
    endloop
  endfacet
  facet normal -0.1467304744553638 0.9891765099647807 0
    outer loop
      vertex 8.827837071229803 -44.380533938246174 237
      vertex 6 -44.8000039428046 243
      vertex 8.827837071229803 -44.380533938246174 243
    endloop
  endfacet
  facet normal -0.24298017990326365 0.970031253194544 0
    outer loop
      vertex 8.827837071229803 -44.380533938246174 237
      vertex 8.827837071229803 -44.380533938246174 243
      vertex 13.13538164576442 -43.30155019188245 237
    endloop
  endfacet
  facet normal -0.24298017990326365 0.970031253194544 1.4622778796919687e-17
    outer loop
      vertex 8.827837071229803 -44.380533938246174 243
      vertex 13.13538164576442 -43.30155019188245 243
      vertex 13.13538164576442 -43.30155019188245 237
    endloop
  endfacet
  facet normal -0.33688985339222016 0.9415440651830207 0
    outer loop
      vertex 13.13538164576442 -43.30155019188245 237
      vertex 13.13538164576442 -43.30155019188245 243
      vertex 17.316425314520313 -41.80554884613572 237
    endloop
  endfacet
  facet normal -0.33688985339222016 0.9415440651830207 -8.145365926949597e-18
    outer loop
      vertex 13.13538164576442 -43.30155019188245 243
      vertex 17.316425314520313 -41.80554884613572 243
      vertex 17.316425314520313 -41.80554884613572 237
    endloop
  endfacet
  facet normal -0.4275550934302813 0.9039892931234438 0
    outer loop
      vertex 17.316425314520313 -41.80554884613572 237
      vertex 17.316425314520313 -41.80554884613572 243
      vertex 21.330702341376394 -39.906937211763065 237
    endloop
  endfacet
  facet normal -0.4275550934302813 0.9039892931234438 7.591459910492065e-18
    outer loop
      vertex 17.316425314520313 -41.80554884613572 243
      vertex 21.330702341376394 -39.906937211763065 243
      vertex 21.330702341376394 -39.906937211763065 237
    endloop
  endfacet
  facet normal -0.5141027441932222 0.8577286100002717 0
    outer loop
      vertex 21.330702341376394 -39.906937211763065 237
      vertex 21.330702341376394 -39.906937211763065 243
      vertex 25.139553044137 -37.62399995669017 237
    endloop
  endfacet
  facet normal -0.5141027441932222 0.8577286100002717 1.9720519745652772e-17
    outer loop
      vertex 21.330702341376394 -39.906937211763065 243
      vertex 25.139553044137 -37.62399995669017 243
      vertex 25.139553044137 -37.62399995669017 237
    endloop
  endfacet
  facet normal -0.5956993044924326 0.8032075314806455 0
    outer loop
      vertex 25.139553044137 -37.62399995669017 237
      vertex 25.139553044137 -37.62399995669017 243
      vertex 28.70629610840496 -34.97872301466385 237
    endloop
  endfacet
  facet normal -0.5956993044924326 0.8032075314806455 8.270958441039526e-18
    outer loop
      vertex 25.139553044137 -37.62399995669017 243
      vertex 28.70629610840496 -34.97872301466385 243
      vertex 28.70629610840496 -34.97872301466385 237
    endloop
  endfacet
  facet normal -0.671558954847018 0.7409511253549593 0
    outer loop
      vertex 28.70629610840496 -34.97872301466385 237
      vertex 28.70629610840496 -34.97872301466385 243
      vertex 31.996581848691278 -31.996581848691278 237
    endloop
  endfacet
  facet normal -0.671558954847018 0.7409511253549593 6.333245684932e-19
    outer loop
      vertex 28.70629610840496 -34.97872301466385 243
      vertex 31.996581848691278 -31.996581848691278 243
      vertex 31.996581848691278 -31.996581848691278 237
    endloop
  endfacet
  facet normal -0.7409511253549593 0.671558954847018 0
    outer loop
      vertex 31.996581848691278 -31.996581848691278 237
      vertex 31.996581848691278 -31.996581848691278 243
      vertex 34.97872301466385 -28.70629610840496 237
    endloop
  endfacet
  facet normal -0.7409511253549593 0.671558954847018 6.333245684932e-19
    outer loop
      vertex 31.996581848691278 -31.996581848691278 243
      vertex 34.97872301466385 -28.70629610840496 243
      vertex 34.97872301466385 -28.70629610840496 237
    endloop
  endfacet
  facet normal -0.8032075314806455 0.5956993044924326 0
    outer loop
      vertex 34.97872301466385 -28.70629610840496 237
      vertex 34.97872301466385 -28.70629610840496 243
      vertex 37.62399995669017 -25.139553044137 237
    endloop
  endfacet
  facet normal -0.8032075314806455 0.5956993044924326 8.270958441039526e-18
    outer loop
      vertex 34.97872301466385 -28.70629610840496 243
      vertex 37.62399995669017 -25.139553044137 243
      vertex 37.62399995669017 -25.139553044137 237
    endloop
  endfacet
  facet normal -0.8577286100002722 0.5141027441932214 0
    outer loop
      vertex 37.62399995669017 -25.139553044137 237
      vertex 37.62399995669017 -25.139553044137 243
      vertex 38.63151483232018 -23.458616026022327 237
    endloop
  endfacet
  facet normal -0.8577286100002722 0.5141027441932214 -8.064278959454823e-18
    outer loop
      vertex 37.62399995669017 -25.139553044137 243
      vertex 38.63151483232018 -23.458616026022327 243
      vertex 38.63151483232018 -23.458616026022327 237
    endloop
  endfacet
  facet normal -0.8577286100002697 0.5141027441932257 0
    outer loop
      vertex 39.65985797686964 -21.742929140588764 237
      vertex 39.65985797686964 -21.742929140588764 243
      vertex 39.906937211763065 -21.330702341376394 237
    endloop
  endfacet
  facet normal -0.8577286100002697 0.5141027441932257 -2.189352010161295e-18
    outer loop
      vertex 39.65985797686964 -21.742929140588764 243
      vertex 39.906937211763065 -21.330702341376394 243
      vertex 39.906937211763065 -21.330702341376394 237
    endloop
  endfacet
  facet normal -0.9039892931234438 0.4275550934302813 0
    outer loop
      vertex 39.906937211763065 -21.330702341376394 237
      vertex 39.906937211763065 -21.330702341376394 243
      vertex 41.80554884613572 -17.316425314520313 237
    endloop
  endfacet
  facet normal -0.9039892931234438 0.4275550934302813 7.591459910492065e-18
    outer loop
      vertex 39.906937211763065 -21.330702341376394 243
      vertex 41.80554884613572 -17.316425314520313 243
      vertex 41.80554884613572 -17.316425314520313 237
    endloop
  endfacet
  facet normal -0.9415440651830207 0.33688985339222016 0
    outer loop
      vertex 41.80554884613572 -17.316425314520313 237
      vertex 41.80554884613572 -17.316425314520313 243
      vertex 43.30155019188245 -13.13538164576442 237
    endloop
  endfacet
  facet normal -0.9415440651830207 0.33688985339222016 -8.145365926949597e-18
    outer loop
      vertex 41.80554884613572 -17.316425314520313 243
      vertex 43.30155019188245 -13.13538164576442 243
      vertex 43.30155019188245 -13.13538164576442 237
    endloop
  endfacet
  facet normal -0.970031253194544 0.24298017990326365 0
    outer loop
      vertex 43.30155019188245 -13.13538164576442 237
      vertex 43.30155019188245 -13.13538164576442 243
      vertex 44.380533938246174 -8.827837071229803 237
    endloop
  endfacet
  facet normal -0.970031253194544 0.24298017990326365 1.4622778796919687e-17
    outer loop
      vertex 43.30155019188245 -13.13538164576442 243
      vertex 44.380533938246174 -8.827837071229803 243
      vertex 44.380533938246174 -8.827837071229803 237
    endloop
  endfacet
  facet normal -0.9891765099647807 0.14673047445536327 0
    outer loop
      vertex 44.380533938246174 -8.827837071229803 237
      vertex 44.380533938246174 -8.827837071229803 243
      vertex 45.03210888191691 -4.435275599912617 237
    endloop
  endfacet
  facet normal -0.9891765099647807 0.14673047445536327 -3.520650025944876e-18
    outer loop
      vertex 44.380533938246174 -8.827837071229803 243
      vertex 45.03210888191691 -4.435275599912617 243
      vertex 45.03210888191691 -4.435275599912617 237
    endloop
  endfacet
  facet normal -0.9987954562051723 0.04906767432741737 0
    outer loop
      vertex 45.03210888191691 -4.435275599912617 237
      vertex 45.03210888191691 -4.435275599912617 243
      vertex 45.25 0 237
    endloop
  endfacet
  facet normal -0.9987954562051723 0.04906767432741737 7.8584683964105465e-19
    outer loop
      vertex 45.03210888191691 -4.435275599912617 243
      vertex 45.25 0 243
      vertex 45.25 0 237
    endloop
  endfacet
  facet normal -0.049067674327417904 -0.9987954562051724 0
    outer loop
      vertex 1 45.200873150230535 237
      vertex 4.435275599912617 45.03210888191691 243
      vertex 1 45.200873150230535 243
    endloop
  endfacet
  facet normal -0.049067674327417904 -0.9987954562051724 2.602151097725818e-18
    outer loop
      vertex 1 45.200873150230535 237
      vertex 4.435275599912617 45.03210888191691 237
      vertex 4.435275599912617 45.03210888191691 243
    endloop
  endfacet
  facet normal -0.14673047445536327 -0.9891765099647807 0
    outer loop
      vertex 4.435275599912617 45.03210888191691 237
      vertex 8.827837071229803 44.380533938246174 243
      vertex 4.435275599912617 45.03210888191691 243
    endloop
  endfacet
  facet normal -0.14673047445536327 -0.9891765099647807 3.520650025944876e-18
    outer loop
      vertex 4.435275599912617 45.03210888191691 237
      vertex 8.827837071229803 44.380533938246174 237
      vertex 8.827837071229803 44.380533938246174 243
    endloop
  endfacet
  facet normal -0.24298017990326365 -0.970031253194544 0
    outer loop
      vertex 8.827837071229803 44.380533938246174 237
      vertex 13.13538164576442 43.30155019188245 243
      vertex 8.827837071229803 44.380533938246174 243
    endloop
  endfacet
  facet normal -0.24298017990326365 -0.970031253194544 -1.4622778796919687e-17
    outer loop
      vertex 8.827837071229803 44.380533938246174 237
      vertex 13.13538164576442 43.30155019188245 237
      vertex 13.13538164576442 43.30155019188245 243
    endloop
  endfacet
  facet normal -0.33688985339222016 -0.9415440651830207 0
    outer loop
      vertex 13.13538164576442 43.30155019188245 237
      vertex 17.316425314520313 41.80554884613572 243
      vertex 13.13538164576442 43.30155019188245 243
    endloop
  endfacet
  facet normal -0.33688985339222016 -0.9415440651830207 8.145365926949597e-18
    outer loop
      vertex 13.13538164576442 43.30155019188245 237
      vertex 17.316425314520313 41.80554884613572 237
      vertex 17.316425314520313 41.80554884613572 243
    endloop
  endfacet
  facet normal -0.4275550934302813 -0.9039892931234438 0
    outer loop
      vertex 17.316425314520313 41.80554884613572 237
      vertex 21.330702341376394 39.906937211763065 243
      vertex 17.316425314520313 41.80554884613572 243
    endloop
  endfacet
  facet normal -0.4275550934302813 -0.9039892931234438 -7.591459910492065e-18
    outer loop
      vertex 17.316425314520313 41.80554884613572 237
      vertex 21.330702341376394 39.906937211763065 237
      vertex 21.330702341376394 39.906937211763065 243
    endloop
  endfacet
  facet normal -0.5141027441932222 -0.8577286100002717 0
    outer loop
      vertex 21.330702341376394 39.906937211763065 237
      vertex 25.139553044137 37.62399995669017 243
      vertex 21.330702341376394 39.906937211763065 243
    endloop
  endfacet
  facet normal -0.9987954562051723 -0.04906767432741737 0
    outer loop
      vertex 45.25 0 237
      vertex 45.25 0 243
      vertex 45.03210888191691 4.435275599912617 237
    endloop
  endfacet
  facet normal -0.9987954562051723 -0.04906767432741737 -7.8584683964105465e-19
    outer loop
      vertex 45.25 0 243
      vertex 45.03210888191691 4.435275599912617 243
      vertex 45.03210888191691 4.435275599912617 237
    endloop
  endfacet
  facet normal -0.9891765099647807 -0.14673047445536327 0
    outer loop
      vertex 45.03210888191691 4.435275599912617 237
      vertex 45.03210888191691 4.435275599912617 243
      vertex 44.380533938246174 8.827837071229803 237
    endloop
  endfacet
  facet normal -0.970031253194544 -0.24298017990326365 0
    outer loop
      vertex 44.380533938246174 8.827837071229803 237
      vertex 44.380533938246174 8.827837071229803 243
      vertex 43.30155019188245 13.13538164576442 237
    endloop
  endfacet
  facet normal -0.970031253194544 -0.24298017990326365 -1.4622778796919687e-17
    outer loop
      vertex 44.380533938246174 8.827837071229803 243
      vertex 43.30155019188245 13.13538164576442 243
      vertex 43.30155019188245 13.13538164576442 237
    endloop
  endfacet
  facet normal -0.9891765099647807 -0.14673047445536327 3.520650025944876e-18
    outer loop
      vertex 45.03210888191691 4.435275599912617 243
      vertex 44.380533938246174 8.827837071229803 243
      vertex 44.380533938246174 8.827837071229803 237
    endloop
  endfacet
  facet normal -0.9039892931234438 -0.4275550934302813 -7.591459910492065e-18
    outer loop
      vertex 39.906937211763065 21.330702341376394 237
      vertex 41.80554884613572 17.316425314520313 237
      vertex 41.80554884613572 17.316425314520313 243
    endloop
  endfacet
  facet normal -0.9039892931234438 -0.4275550934302813 0
    outer loop
      vertex 39.906937211763065 21.330702341376394 237
      vertex 41.80554884613572 17.316425314520313 243
      vertex 39.906937211763065 21.330702341376394 243
    endloop
  endfacet
  facet normal -0.8577286100002717 -0.5141027441932222 0
    outer loop
      vertex 39.906937211763065 21.330702341376394 237
      vertex 39.906937211763065 21.330702341376394 243
      vertex 37.62399995669017 25.139553044137 237
    endloop
  endfacet
  facet normal -0.9415440651830207 -0.33688985339222016 0
    outer loop
      vertex 43.30155019188245 13.13538164576442 237
      vertex 43.30155019188245 13.13538164576442 243
      vertex 41.80554884613572 17.316425314520313 237
    endloop
  endfacet
  facet normal -0.9415440651830207 -0.33688985339222016 8.145365926949597e-18
    outer loop
      vertex 43.30155019188245 13.13538164576442 243
      vertex 41.80554884613572 17.316425314520313 243
      vertex 41.80554884613572 17.316425314520313 237
    endloop
  endfacet
  facet normal -0.671558954847018 -0.7409511253549593 -6.333245684932e-19
    outer loop
      vertex 28.70629610840496 34.97872301466385 237
      vertex 31.996581848691278 31.996581848691278 237
      vertex 31.996581848691278 31.996581848691278 243
    endloop
  endfacet
  facet normal -0.671558954847018 -0.7409511253549593 0
    outer loop
      vertex 28.70629610840496 34.97872301466385 237
      vertex 31.996581848691278 31.996581848691278 243
      vertex 28.70629610840496 34.97872301466385 243
    endloop
  endfacet
  facet normal -0.7409511253549593 -0.671558954847018 -6.333245684932e-19
    outer loop
      vertex 34.97872301466385 28.70629610840496 243
      vertex 31.996581848691278 31.996581848691278 243
      vertex 31.996581848691278 31.996581848691278 237
    endloop
  endfacet
  facet normal -0.7409511253549593 -0.671558954847018 0
    outer loop
      vertex 34.97872301466385 28.70629610840496 237
      vertex 34.97872301466385 28.70629610840496 243
      vertex 31.996581848691278 31.996581848691278 237
    endloop
  endfacet
  facet normal -0.5141027441932222 -0.8577286100002717 -1.9720519745652772e-17
    outer loop
      vertex 21.330702341376394 39.906937211763065 237
      vertex 25.139553044137 37.62399995669017 237
      vertex 25.139553044137 37.62399995669017 243
    endloop
  endfacet
  facet normal -0.5956993044924326 -0.8032075314806455 -8.270958441039526e-18
    outer loop
      vertex 28.70629610840496 34.97872301466385 243
      vertex 25.139553044137 37.62399995669017 243
      vertex 25.139553044137 37.62399995669017 237
    endloop
  endfacet
  facet normal -0.5956993044924326 -0.8032075314806455 0
    outer loop
      vertex 28.70629610840496 34.97872301466385 237
      vertex 28.70629610840496 34.97872301466385 243
      vertex 25.139553044137 37.62399995669017 237
    endloop
  endfacet
  facet normal -0.8032075314806455 -0.5956993044924326 -8.270958441039526e-18
    outer loop
      vertex 34.97872301466385 28.70629610840496 237
      vertex 37.62399995669017 25.139553044137 237
      vertex 37.62399995669017 25.139553044137 243
    endloop
  endfacet
  facet normal -0.8577286100002717 -0.5141027441932222 -1.9720519745652772e-17
    outer loop
      vertex 39.906937211763065 21.330702341376394 243
      vertex 37.62399995669017 25.139553044137 243
      vertex 37.62399995669017 25.139553044137 237
    endloop
  endfacet
  facet normal -0.8032075314806455 -0.5956993044924326 0
    outer loop
      vertex 34.97872301466385 28.70629610840496 237
      vertex 37.62399995669017 25.139553044137 243
      vertex 34.97872301466385 28.70629610840496 243
    endloop
  endfacet
  facet normal 0 0 -1
    outer loop
      vertex -1 0.548424687863411 0
      vertex -1 0.5773502691896257 0
      vertex -0.9761448676360737 0.5635775020977588 0
    endloop
  endfacet
  facet normal 0 0 -1
    outer loop
      vertex -0.9761448676360737 0.5635775020977588 0
      vertex 0.14137644034664487 0.24487117767361927 0
      vertex 0 0 0
    endloop
  endfacet
  facet normal -1 0 0
    outer loop
      vertex -1 0.5773502691896257 0
      vertex -1 0.5773502691896257 84.40593834611337
      vertex -1 0.6681786379192988 84.45268977387009
    endloop
  endfacet
  facet normal -1 0 0
    outer loop
      vertex -1 0.5773502691896257 0
      vertex -1 0.6681786379192988 84.45268977387009
      vertex -1 0.8206787908286604 84.54364356671998
    endloop
  endfacet
  facet normal -1 0 0
    outer loop
      vertex -1 0.5773502691896257 0
      vertex -1 0.8206787908286604 84.54364356671998
      vertex -1 1 84.66421356237309
    endloop
  endfacet
  facet normal -1 0 0
    outer loop
      vertex -1 0.5773502691896257 0
      vertex -1 1 84.66421356237309
      vertex -1 1.2185035255879764 84.8263092469025
    endloop
  endfacet
  facet normal -1 0 0
    outer loop
      vertex -1 0.5773502691896257 0
      vertex -1 1.2185035255879764 84.8263092469025
      vertex -1 1.4966057626654892 85.04995244627283
    endloop
  endfacet
  facet normal -1 0 0
    outer loop
      vertex -1 0.5773502691896257 0
      vertex -1 1.4966057626654892 85.04995244627283
      vertex -1 1.8708684117893897 85.3713553719807
    endloop
  endfacet
  facet normal -1 0 0
    outer loop
      vertex -1 0.5773502691896257 0
      vertex -1 1.8708684117893897 85.3713553719807
      vertex -1 2.414213562373095 85.86312592975275
    endloop
  endfacet
  facet normal -1 0 0
    outer loop
      vertex -1 0.5773502691896257 0
      vertex -1 2.414213562373095 85.86312592975275
      vertex -1 3.2965582089383205 86.69489419647667
    endloop
  endfacet
  facet normal -1 0 0
    outer loop
      vertex -1 0.5773502691896257 0
      vertex -1 3.2965582089383205 86.69489419647667
      vertex -1 5.027339492125849 88.37583089548302
    endloop
  endfacet
  facet normal -1 0 0
    outer loop
      vertex -1 0.5773502691896257 0
      vertex -1 5.027339492125849 88.37583089548302
      vertex -1 10.15317038760886 93.45229723737833
    endloop
  endfacet
  facet normal 0 0 -1
    outer loop
      vertex -1 0.5773502691896257 0
      vertex 1 47.25 0
      vertex -0.9761448676360737 0.5635775020977588 0
    endloop
  endfacet
  facet normal -1 0 0
    outer loop
      vertex -1 0.5773502691896257 0
      vertex -1 10.15317038760886 93.45229723737833
      vertex -1 44.200873150230535 4
    endloop
  endfacet
  facet normal -1 0 0
    outer loop
      vertex -1 0.5773502691896257 0
      vertex -1 44.200873150230535 4
      vertex -1 44.200873150230535 0
    endloop
  endfacet
  facet normal 0 0 -1
    outer loop
      vertex -1 0.5773502691896257 0
      vertex -1 44.200873150230535 0
      vertex 1 47.25 0
    endloop
  endfacet
  facet normal -1 0 0
    outer loop
      vertex -1 10.15317038760886 93.45229723737833
      vertex -1 47.200873150230535 4
      vertex -1 44.200873150230535 4
    endloop
  endfacet
  facet normal 0 0 -1
    outer loop
      vertex -1 44.200873150230535 0
      vertex -1 46.50919198159471 0
      vertex 1 47.25 0
    endloop
  endfacet
  facet normal 0 0 -1
    outer loop
      vertex -1 46.50919198159471 0
      vertex -1 47.200873150230535 0
      vertex 1 47.25 0
    endloop
  endfacet
  facet normal 0 0 -1
    outer loop
      vertex -1 47.25 0
      vertex 1 47.25 0
      vertex -1 47.200873150230535 0
    endloop
  endfacet
  facet normal -1 0 0
    outer loop
      vertex -1 10.15317038760886 93.45229723737833
      vertex -1 29.70087315023053 113
      vertex -1 47.200873150230535 4
    endloop
  endfacet
  facet normal -1 0 0
    outer loop
      vertex -1 47.25 0
      vertex -1 47.200873150230535 0
      vertex -1 47.25 243
    endloop
  endfacet
  facet normal -1 0 0
    outer loop
      vertex -1 47.200873150230535 0
      vertex -1 47.200873150230535 4
      vertex -1 47.25 243
    endloop
  endfacet
  facet normal 0 1 0
    outer loop
      vertex -1 47.25 0
      vertex -1 47.25 243
      vertex 1 47.25 0
    endloop
  endfacet
  facet normal -1 0 0
    outer loop
      vertex -1 47.200873150230535 4
      vertex -1 29.70087315023053 113
      vertex -1 47.200873150230535 237
    endloop
  endfacet
  facet normal -1 0 0
    outer loop
      vertex -1 47.200873150230535 4
      vertex -1 47.200873150230535 237
      vertex -1 47.25 243
    endloop
  endfacet
  facet normal -1 0 0
    outer loop
      vertex -1 29.70087315023053 113
      vertex -1 29.70087315023053 243
      vertex -1 45.200873150230535 237
    endloop
  endfacet
  facet normal 0 0 1
    outer loop
      vertex -0.2495707560618996 29.737739374960093 243
      vertex -0.22776515739118708 29.228876840495698 243
      vertex 0 29.24006622516557 243
    endloop
  endfacet
  facet normal 0 0 1
    outer loop
      vertex -1 29.70087315023053 243
      vertex -0.2495707560618996 29.737739374960093 243
      vertex -0.9295412055025444 45.605750681982556 243
    endloop
  endfacet
  facet normal -1 0 0
    outer loop
      vertex -1 29.70087315023053 113
      vertex -1 45.200873150230535 237
      vertex -1 47.200873150230535 237
    endloop
  endfacet
  facet normal -1 0 0
    outer loop
      vertex -1 29.70087315023053 243
      vertex -1 45.200873150230535 243
      vertex -1 45.200873150230535 237
    endloop
  endfacet
  facet normal 0 0 1
    outer loop
      vertex -1 29.70087315023053 243
      vertex -0.965492269726154 45.61950974456078 243
      vertex -1 45.200873150230535 243
    endloop
  endfacet
  facet normal 0 0 1
    outer loop
      vertex -1 29.70087315023053 243
      vertex -0.9295412055025444 45.605750681982556 243
      vertex -0.965492269726154 45.61950974456078 243
    endloop
  endfacet
  facet normal 0 0 1
    outer loop
      vertex -0.2495707560618996 29.737739374960093 243
      vertex 1 45.200873150230535 243
      vertex -0.9295412055025444 45.605750681982556 243
    endloop
  endfacet
  facet normal -1 0 0
    outer loop
      vertex -1 47.200873150230535 237
      vertex -1 47.200873150230535 243
      vertex -1 47.25 243
    endloop
  endfacet
  facet normal 0 0 1
    outer loop
      vertex -1 47.25 243
      vertex -1 47.200873150230535 243
      vertex -0.9978992558977346 47.200976353170454 243
    endloop
  endfacet
  facet normal 0 0 1
    outer loop
      vertex -0.9295412055025444 45.605750681982556 243
      vertex 1 45.200873150230535 243
      vertex -0.9978992558977346 47.200976353170454 243
    endloop
  endfacet
  facet normal 0 0 1
    outer loop
      vertex -1 47.25 243
      vertex -0.9978992558977346 47.200976353170454 243
      vertex 1 47.25 243
    endloop
  endfacet
  facet normal 0 0 -1
    outer loop
      vertex 0.14137644034664487 0.24487117767361927 0
      vertex 1 0.5773502691896257 0
      vertex 1 0.548424687863411 0
    endloop
  endfacet
  facet normal 1 0 0
    outer loop
      vertex 1 0.5773502691896257 0
      vertex 1 0.6681786379192988 84.45268977387009
      vertex 1 0.5773502691896257 84.40593834611337
    endloop
  endfacet
  facet normal 1 0 0
    outer loop
      vertex 1 0.5773502691896257 0
      vertex 1 0.8206787908286604 84.54364356671998
      vertex 1 0.6681786379192988 84.45268977387009
    endloop
  endfacet
  facet normal 1 0 0
    outer loop
      vertex 1 0.5773502691896257 0
      vertex 1 1 84.66421356237309
      vertex 1 0.8206787908286604 84.54364356671998
    endloop
  endfacet
  facet normal 1 0 0
    outer loop
      vertex 1 0.5773502691896257 0
      vertex 1 1.2185035255879764 84.8263092469025
      vertex 1 1 84.66421356237309
    endloop
  endfacet
  facet normal 1 0 0
    outer loop
      vertex 1 0.5773502691896257 0
      vertex 1 1.4966057626654892 85.04995244627283
      vertex 1 1.2185035255879764 84.8263092469025
    endloop
  endfacet
  facet normal 1 0 0
    outer loop
      vertex 1 0.5773502691896257 0
      vertex 1 1.8708684117893897 85.3713553719807
      vertex 1 1.4966057626654892 85.04995244627283
    endloop
  endfacet
  facet normal 1 0 0
    outer loop
      vertex 1 0.5773502691896257 0
      vertex 1 2.414213562373095 85.86312592975275
      vertex 1 1.8708684117893897 85.3713553719807
    endloop
  endfacet
  facet normal 1 0 0
    outer loop
      vertex 1 0.5773502691896257 0
      vertex 1 3.2965582089383205 86.69489419647667
      vertex 1 2.414213562373095 85.86312592975275
    endloop
  endfacet
  facet normal 1 0 0
    outer loop
      vertex 1 0.5773502691896257 0
      vertex 1 5.027339492125849 88.37583089548302
      vertex 1 3.2965582089383205 86.69489419647667
    endloop
  endfacet
  facet normal 1 0 0
    outer loop
      vertex 1 0.5773502691896257 0
      vertex 1 10.15317038760886 93.45229723737833
      vertex 1 5.027339492125849 88.37583089548302
    endloop
  endfacet
  facet normal 0 0 -1
    outer loop
      vertex -0.9761448676360737 0.5635775020977588 0
      vertex 0.9556503314881382 44.822088654929104 0
      vertex 0.14137644034664487 0.24487117767361927 0
    endloop
  endfacet
  facet normal 0 0 -1
    outer loop
      vertex 0.14137644034664487 0.24487117767361927 0
      vertex 1 44.200873150230535 0
      vertex 1 0.5773502691896257 0
    endloop
  endfacet
  facet normal 1 0 0
    outer loop
      vertex 1 0.5773502691896257 0
      vertex 1 29.70087315023053 113
      vertex 1 10.15317038760886 93.45229723737833
    endloop
  endfacet
  facet normal 0 0 -1
    outer loop
      vertex 0.14137644034664487 0.24487117767361927 0
      vertex 0.9556503314881382 44.822088654929104 0
      vertex 1 44.200873150230535 0
    endloop
  endfacet
  facet normal 0 0 -1
    outer loop
      vertex -0.9761448676360737 0.5635775020977588 0
      vertex 1 47.25 0
      vertex 0.9556503314881382 44.822088654929104 0
    endloop
  endfacet
  facet normal 1 0 0
    outer loop
      vertex 1 0.5773502691896257 0
      vertex 1 44.200873150230535 0
      vertex 1 44.200873150230535 4
    endloop
  endfacet
  facet normal 1 0 0
    outer loop
      vertex 1 0.5773502691896257 0
      vertex 1 44.200873150230535 4
      vertex 1 29.70087315023053 113
    endloop
  endfacet
  facet normal 0 0 -1
    outer loop
      vertex 0.9556503314881382 44.822088654929104 0
      vertex 1 47.200873150230535 0
      vertex 1 44.84863805419106 0
    endloop
  endfacet
  facet normal 0 0 -1
    outer loop
      vertex 0.9556503314881382 44.822088654929104 0
      vertex 1 47.25 0
      vertex 1 47.200873150230535 0
    endloop
  endfacet
  facet normal 1 0 0
    outer loop
      vertex 1 47.25 0
      vertex 1 47.200873150230535 4
      vertex 1 47.200873150230535 0
    endloop
  endfacet
  facet normal 1 0 0
    outer loop
      vertex 1 44.200873150230535 4
      vertex 1 47.200873150230535 4
      vertex 1 29.70087315023053 113
    endloop
  endfacet
  facet normal 1 0 0
    outer loop
      vertex 1 47.25 0
      vertex 1 47.25 243
      vertex 1 47.200873150230535 4
    endloop
  endfacet
  facet normal 1 0 0
    outer loop
      vertex 1 47.200873150230535 4
      vertex 1 47.200873150230535 237
      vertex 1 29.70087315023053 113
    endloop
  endfacet
  facet normal 0 1 0
    outer loop
      vertex -1 47.25 243
      vertex 1 47.25 243
      vertex 1 47.25 0
    endloop
  endfacet
  facet normal 1 0 0
    outer loop
      vertex 1 47.200873150230535 4
      vertex 1 47.25 243
      vertex 1 47.200873150230535 237
    endloop
  endfacet
  facet normal 1 0 0
    outer loop
      vertex 1 29.70087315023053 113
      vertex 1 45.200873150230535 237
      vertex 1 29.70087315023053 243
    endloop
  endfacet
  facet normal 0 0 1
    outer loop
      vertex -0.2495707560618996 29.737739374960093 243
      vertex 0 29.24006622516557 243
      vertex 1 29.190939375396106 243
    endloop
  endfacet
  facet normal 0 0 1
    outer loop
      vertex -0.2495707560618996 29.737739374960093 243
      vertex 1 29.190939375396106 243
      vertex 1 29.70087315023053 243
    endloop
  endfacet
  facet normal 0 0 1
    outer loop
      vertex -0.2495707560618996 29.737739374960093 243
      vertex 1 29.70087315023053 243
      vertex 1 45.200873150230535 243
    endloop
  endfacet
  facet normal 1 0 0
    outer loop
      vertex 1 29.70087315023053 113
      vertex 1 47.200873150230535 237
      vertex 1 45.200873150230535 237
    endloop
  endfacet
  facet normal 1 0 0
    outer loop
      vertex 1 29.70087315023053 243
      vertex 1 45.200873150230535 237
      vertex 1 45.200873150230535 243
    endloop
  endfacet
  facet normal 0 0 1
    outer loop
      vertex -0.9978992558977346 47.200976353170454 243
      vertex 1 45.200873150230535 243
      vertex 1 47.200873150230535 243
    endloop
  endfacet
  facet normal 0 0 1
    outer loop
      vertex -0.9978992558977346 47.200976353170454 243
      vertex 1 47.200873150230535 243
      vertex 1 47.25 243
    endloop
  endfacet
  facet normal 1 0 0
    outer loop
      vertex 1 47.200873150230535 237
      vertex 1 47.25 243
      vertex 1 47.200873150230535 243
    endloop
  endfacet
  facet normal 0.5000000000000102 -0.8660254037844327 0
    outer loop
      vertex -40.41970032881473 -24.491025403784437 0
      vertex -40.361710916501174 -24.45754520097506 0
      vertex -40.41970032881473 -24.491025403784437 243
    endloop
  endfacet
  facet normal 0.5000000000000102 -0.8660254037844327 0
    outer loop
      vertex -40.361710916501174 -24.45754520097506 0
      vertex -40.361710916501174 -24.45754520097506 4
      vertex -40.41970032881473 -24.491025403784437 243
    endloop
  endfacet
  facet normal -0.49999999999999695 0.8660254037844403 -3.5032919946865296e-19
    outer loop
      vertex -41.41970032881473 -22.758974596215563 0
      vertex -41.390054061050634 -22.741858315541496 4
      vertex -41.390054061050634 -22.741858315541496 0
    endloop
  endfacet
  facet normal 0 0 -1
    outer loop
      vertex -41.41970032881473 -22.758974596215563 0
      vertex -41.390054061050634 -22.741858315541496 0
      vertex -39.05094714695713 -21.393069461693095 0
    endloop
  endfacet
  facet normal 0 0 -1
    outer loop
      vertex -40.41970032881473 -24.491025403784437 0
      vertex -41.41970032881473 -22.758974596215563 0
      vertex -39.05094714695713 -21.393069461693095 0
    endloop
  endfacet
  facet normal 0 0 -1
    outer loop
      vertex -41.390054061050634 -22.741858315541496 0
      vertex -39.050862416849384 -21.39132539007578 0
      vertex -39.05094714695713 -21.393069461693095 0
    endloop
  endfacet
  facet normal -0.5 0.8660254037844387 3.5689589835698416e-18
    outer loop
      vertex -41.390054061050634 -22.741858315541496 4
      vertex -26.248571873001126 -13.999919498341189 113
      vertex -38.794759934779144 -21.243464553112396 4
    endloop
  endfacet
  facet normal 0 0 -1
    outer loop
      vertex -40.41970032881473 -24.491025403784437 0
      vertex 0 0 0
      vertex -40.361710916501174 -24.45754520097506 0
    endloop
  endfacet
  facet normal 0 0 -1
    outer loop
      vertex -40.41970032881473 -24.491025403784437 0
      vertex -39.05094714695713 -21.393069461693095 0
      vertex -1 0.548424687863411 0
    endloop
  endfacet
  facet normal 0 0 -1
    outer loop
      vertex -40.361710916501174 -24.45754520097506 0
      vertex 0 0 0
      vertex -39.16629497102996 -23.76737148306368 0
    endloop
  endfacet
  facet normal 0 0 -1
    outer loop
      vertex -39.16629497102996 -23.76737148306368 0
      vertex 0 0 0
      vertex -37.766416790229684 -22.959151438545963 0
    endloop
  endfacet
  facet normal 0.5 -0.8660254037844386 0
    outer loop
      vertex -37.766416790229684 -22.959151438545963 0
      vertex 0 -1.1547005383792515 0
      vertex -37.766416790229684 -22.959151438545963 4
    endloop
  endfacet
  facet normal 0 0 -1
    outer loop
      vertex -39.05094714695713 -21.393069461693095 0
      vertex -38.794759934779144 -21.243464553112396 0
      vertex -1 0.548424687863411 0
    endloop
  endfacet
  facet normal -0.5 0.8660254037844387 0
    outer loop
      vertex -38.794759934779144 -21.243464553112396 0
      vertex -38.794759934779144 -21.243464553112396 4
      vertex -26.248571873001126 -13.999919498341189 113
    endloop
  endfacet
  facet normal 0.4999999999999991 -0.8660254037844392 5.215442843705774e-16
    outer loop
      vertex -40.361710916501174 -24.45754520097506 4
      vertex -37.766416790229684 -22.959151438545963 4
      vertex -1.2561257959015613 -1.8799251047790506 85.51096669915943
    endloop
  endfacet
  facet normal -0.499999999999997 0.8660254037844404 0
    outer loop
      vertex -41.41970032881473 -22.758974596215563 0
      vertex -41.41970032881473 -22.758974596215563 243
      vertex -41.390054061050634 -22.741858315541496 4
    endloop
  endfacet
  facet normal -0.8660254037844383 -0.5000000000000004 0
    outer loop
      vertex -40.41970032881473 -24.491025403784437 0
      vertex -41.41970032881473 -22.758974596215563 243
      vertex -41.41970032881473 -22.758974596215563 0
    endloop
  endfacet
  facet normal -0.5 0.8660254037844387 0
    outer loop
      vertex -41.390054061050634 -22.741858315541496 4
      vertex -41.390054061050634 -22.741858315541496 237
      vertex -26.248571873001126 -13.999919498341189 113
    endloop
  endfacet
  facet normal 0.4999999999999999 -0.8660254037844387 -6.506305665191688e-18
    outer loop
      vertex -40.361710916501174 -24.45754520097506 4
      vertex -12.712994348890224 -8.494551247917215 98.53978829867852
      vertex -25.222495179917505 -15.716914920138661 113
    endloop
  endfacet
  facet normal 0.49999999999999994 -0.8660254037844387 0
    outer loop
      vertex -40.361710916501174 -24.45754520097506 4
      vertex -25.222495179917505 -15.716914920138661 113
      vertex -40.361710916501174 -24.45754520097506 237
    endloop
  endfacet
  facet normal 0 0 -1
    outer loop
      vertex -40.41970032881473 -24.491025403784437 0
      vertex -1 0.548424687863411 0
      vertex 0 0 0
    endloop
  endfacet
  facet normal 0 0 -1
    outer loop
      vertex -38.794759934779144 -21.243464553112396 0
      vertex -1 0.5773502691896257 0
      vertex -1 0.548424687863411 0
    endloop
  endfacet
  facet normal 0 0 -1
    outer loop
      vertex -37.766416790229684 -22.959151438545963 0
      vertex 0 0 0
      vertex 0 -1.1547005383792515 0
    endloop
  endfacet
  facet normal 0.5 -0.8660254037844386 8.248852558423681e-18
    outer loop
      vertex -37.766416790229684 -22.959151438545963 4
      vertex 0 -1.1547005383792515 0
      vertex 0 -1.1547005383792515 84.40470053837925
    endloop
  endfacet
  facet normal -0.5 0.8660254037844387 9.600467264027945e-18
    outer loop
      vertex -38.794759934779144 -21.243464553112396 0
      vertex -26.248571873001126 -13.999919498341189 113
      vertex -1 0.5773502691896257 0
    endloop
  endfacet
  facet normal 0.4999999999999995 -0.8660254037844388 1.9893916468973734e-16
    outer loop
      vertex -40.361710916501174 -24.45754520097506 4
      vertex -2.7320508075688767 -2.7320508075688767 87.11370330515628
      vertex -4.745438514980955 -3.8944807424263232 89.38890600617033
    endloop
  endfacet
  facet normal 0.5000000000000028 -0.8660254037844372 -1.3525717107611846e-15
    outer loop
      vertex -40.361710916501174 -24.45754520097506 4
      vertex -1.800974301941051 -2.1944935364085154 86.08889244558345
      vertex -2.7320508075688767 -2.7320508075688767 87.11370330515628
    endloop
  endfacet
  facet normal 0.49999999999999634 -0.8660254037844408 1.7863191752739185e-15
    outer loop
      vertex -40.361710916501174 -24.45754520097506 4
      vertex -1.2561257959015613 -1.8799251047790506 85.51096669915943
      vertex -1.800974301941051 -2.1944935364085154 86.08889244558345
    endloop
  endfacet
  facet normal 0.49999999999999883 -0.8660254037844393 6.581884153572519e-16
    outer loop
      vertex -37.766416790229684 -22.959151438545963 4
      vertex -0.8926821359138332 -1.670090809849873 85.14369604449202
      vertex -1.2561257959015613 -1.8799251047790506 85.51096669915943
    endloop
  endfacet
  facet normal 0.5000000000000122 -0.8660254037844316 -9.729116854497326e-15
    outer loop
      vertex -37.766416790229684 -22.959151438545963 4
      vertex -0.42464591306171573 -1.3998699705957074 84.71286024146384
      vertex -0.6286262797369307 -1.5176380902050415 84.89267963170458
    endloop
  endfacet
  facet normal 0.4999999999999973 -0.8660254037844403 1.7672298446114406e-15
    outer loop
      vertex -37.766416790229684 -22.959151438545963 4
      vertex -0.6286262797369307 -1.5176380902050415 84.89267963170458
      vertex -0.8926821359138332 -1.670090809849873 85.14369604449202
    endloop
  endfacet
  facet normal 0.49999999999998873 -0.8660254037844451 4.429875196025203e-15
    outer loop
      vertex -37.766416790229684 -22.959151438545963 4
      vertex -0.25948389547275097 -1.3045136352808169 84.58007056829452
      vertex -0.42464591306171573 -1.3998699705957074 84.71286024146384
    endloop
  endfacet
  facet normal 0.49999999999999734 -0.8660254037844403 -3.0971928227591294e-15
    outer loop
      vertex -37.766416790229684 -22.959151438545963 4
      vertex -0.12058502813332589 -1.2243203368322657 84.48024429939382
      vertex -0.25948389547275097 -1.3045136352808169 84.58007056829452
    endloop
  endfacet
  facet normal 0.5000000000000033 -0.8660254037844367 8.597770474051813e-16
    outer loop
      vertex -37.766416790229684 -22.959151438545963 4
      vertex 0 -1.1547005383792515 84.40470053837925
      vertex -0.12058502813332589 -1.2243203368322657 84.48024429939382
    endloop
  endfacet
  facet normal -0.4999999999999999 0.8660254037844387 7.824604772040095e-18
    outer loop
      vertex -7.078116022520107 -2.9318516525781355 90.91129757554039
      vertex -4.21418039448427 -1.2783576467898854 87.65380683844803
      vertex -1 0.5773502691896257 0
    endloop
  endfacet
  facet normal -0.5000000000000002 0.8660254037844385 -5.397649795900711e-18
    outer loop
      vertex -3.0512285710723637 -0.6069270984884548 86.36100567273797
      vertex -1 0.5773502691896257 0
      vertex -4.21418039448427 -1.2783576467898854 87.65380683844803
    endloop
  endfacet
  facet normal -0.4999999999999997 0.8660254037844388 9.983834698916559e-18
    outer loop
      vertex -3.0512285710723637 -0.6069270984884548 86.36100567273797
      vertex -2.411358796441803 -0.23749811185919578 85.67302633050365
      vertex -1 0.5773502691896257 0
    endloop
  endfacet
  facet normal 0.5 -0.8660254037844388 -2.626677269510969e-17
    outer loop
      vertex -40.361710916501174 -24.45754520097506 4
      vertex -4.745438514980955 -3.8944807424263232 89.38890600617033
      vertex -12.712994348890224 -8.494551247917215 98.53978829867852
    endloop
  endfacet
  facet normal -0.5000000000000001 0.8660254037844386 9.539755019848268e-18
    outer loop
      vertex -26.248571873001126 -13.999919498341189 113
      vertex -7.078116022520107 -2.9318516525781355 90.91129757554039
      vertex -1 0.5773502691896257 0
    endloop
  endfacet
  facet normal -0.8660254037844383 -0.5000000000000004 0
    outer loop
      vertex -40.41970032881473 -24.491025403784437 0
      vertex -40.41970032881473 -24.491025403784437 243
      vertex -41.41970032881473 -22.758974596215563 243
    endloop
  endfacet
  facet normal 0.5000000000000102 -0.8660254037844327 0
    outer loop
      vertex -40.361710916501174 -24.45754520097506 4
      vertex -40.361710916501174 -24.45754520097506 237
      vertex -40.41970032881473 -24.491025403784437 243
    endloop
  endfacet
  facet normal 0 0 1
    outer loop
      vertex -40.41970032881473 -24.491025403784437 243
      vertex -40.36316722575433 -24.455115495774 243
      vertex -41.41970032881473 -22.758974596215563 243
    endloop
  endfacet
  facet normal 0.5000000000000102 -0.8660254037844327 0
    outer loop
      vertex -40.361710916501174 -24.45754520097506 237
      vertex -40.361710916501174 -24.45754520097506 243
      vertex -40.41970032881473 -24.491025403784437 243
    endloop
  endfacet
  facet normal 0 0 1
    outer loop
      vertex -40.41970032881473 -24.491025403784437 243
      vertex -40.361710916501174 -24.45754520097506 243
      vertex -40.36316722575433 -24.455115495774 243
    endloop
  endfacet
  facet normal -0.499999999999997 0.8660254037844404 0
    outer loop
      vertex -41.390054061050634 -22.741858315541496 4
      vertex -41.41970032881473 -22.758974596215563 243
      vertex -41.390054061050634 -22.741858315541496 237
    endloop
  endfacet
  facet normal -0.4999999999999992 0.8660254037844392 1.6828792508619247e-16
    outer loop
      vertex -26.248571873001126 -13.999919498341189 113
      vertex -41.390054061050634 -22.741858315541496 237
      vertex -39.65985797686964 -21.742929140588764 237
    endloop
  endfacet
  facet normal -0.49999999999999695 0.8660254037844403 0
    outer loop
      vertex -41.390054061050634 -22.741858315541496 237
      vertex -41.41970032881473 -22.758974596215563 243
      vertex -41.390054061050634 -22.741858315541496 243
    endloop
  endfacet
  facet normal 0 0 1
    outer loop
      vertex -40.36316722575433 -24.455115495774 243
      vertex -41.390054061050634 -22.741858315541496 243
      vertex -41.41970032881473 -22.758974596215563 243
    endloop
  endfacet
  facet normal 0 0 1
    outer loop
      vertex -39.57620384917025 -23.95523523216053 243
      vertex -38.6764221866288 -23.383692631768977 243
      vertex -39.84162328021058 -21.849000707897613 243
    endloop
  endfacet
  facet normal 0.49999999999999906 -0.8660254037844393 -1.0772466648653213e-16
    outer loop
      vertex -25.222495179917505 -15.716914920138661 113
      vertex -38.63151483232018 -23.458616026022327 237
      vertex -40.361710916501174 -24.45754520097506 237
    endloop
  endfacet
  facet normal 0.5000000000000007 -0.8660254037844384 -1.1721221909553955e-17
    outer loop
      vertex -25.222495179917505 -15.716914920138661 113
      vertex -38.63151483232018 -23.458616026022327 243
      vertex -38.63151483232018 -23.458616026022327 237
    endloop
  endfacet
  facet normal 0.5000000000000001 -0.8660254037844387 0
    outer loop
      vertex -25.222495179917505 -15.716914920138661 113
      vertex -25.222495179917505 -15.716914920138661 243
      vertex -38.63151483232018 -23.458616026022327 243
    endloop
  endfacet
  facet normal -0.5000000000000001 0.8660254037844387 0
    outer loop
      vertex -26.248571873001126 -13.999919498341189 113
      vertex -39.65985797686964 -21.742929140588764 237
      vertex -26.248571873001126 -13.999919498341189 243
    endloop
  endfacet
  facet normal 0 0 1
    outer loop
      vertex -38.63151483232018 -23.458616026022327 243
      vertex -25.222495179917505 -15.716914920138661 243
      vertex -38.6764221866288 -23.383692631768977 243
    endloop
  endfacet
  facet normal 0 0 1
    outer loop
      vertex -38.6764221866288 -23.383692631768977 243
      vertex -25.60414813340589 -15.080165435730041 243
      vertex -39.84162328021058 -21.849000707897613 243
    endloop
  endfacet
  facet normal 0 0 1
    outer loop
      vertex -39.84162328021058 -21.849000707897613 243
      vertex -26.244537276247566 -14.008449936460936 243
      vertex -39.65985797686964 -21.742929140588764 243
    endloop
  endfacet
  facet normal -0.5000000000000001 0.8660254037844386 0
    outer loop
      vertex -39.65985797686964 -21.742929140588764 237
      vertex -39.65985797686964 -21.742929140588764 243
      vertex -26.248571873001126 -13.999919498341189 243
    endloop
  endfacet
  facet normal 0 0 1
    outer loop
      vertex -38.6764221866288 -23.383692631768977 243
      vertex -25.222495179917505 -15.716914920138661 243
      vertex -25.60414813340589 -15.080165435730041 243
    endloop
  endfacet
  facet normal 0 0 1
    outer loop
      vertex -39.65985797686964 -21.742929140588764 243
      vertex -26.244537276247566 -14.008449936460936 243
      vertex -26.248571873001126 -13.999919498341189 243
    endloop
  endfacet
  facet normal 0 0 1
    outer loop
      vertex -39.84162328021058 -21.849000707897613 243
      vertex -25.60414813340589 -15.080165435730041 243
      vertex -26.244537276247566 -14.008449936460936 243
    endloop
  endfacet
  facet normal 0 0 1
    outer loop
      vertex -25.60414813340589 -15.080165435730041 243
      vertex -26.237157614363564 -14.004194567798805 243
      vertex -26.244537276247566 -14.008449936460936 243
    endloop
  endfacet
  facet normal 0 0 -1
    outer loop
      vertex -1 0.548424687863411 0
      vertex -0.9761448676360737 0.5635775020977588 0
      vertex 0 0 0
    endloop
  endfacet
  facet normal -0.5000000000000006 0.8660254037844384 -7.116569151264691e-18
    outer loop
      vertex -1 0.5773502691896257 0
      vertex -1.9999999999999998 0 85.25
      vertex -1.7085370513303308 0.16827621187323566 84.96680393151081
    endloop
  endfacet
  facet normal -0.5000000000000002 0.8660254037844384 -4.3249258174057994e-18
    outer loop
      vertex -2.411358796441803 -0.23749811185919578 85.67302633050365
      vertex -1.9999999999999998 0 85.25
      vertex -1 0.5773502691896257 0
    endloop
  endfacet
  facet normal -0.4999999999999995 0.8660254037844389 4.878469794436467e-18
    outer loop
      vertex -1 0.5773502691896257 0
      vertex -1.7085370513303308 0.16827621187323566 84.96680393151081
      vertex -1.4875127102374597 0.2958846747006643 84.7666548070806
    endloop
  endfacet
  facet normal -0.5 0.8660254037844385 -2.9308578641900746e-20
    outer loop
      vertex -1 0.5773502691896257 0
      vertex -1.4875127102374597 0.2958846747006643 84.7666548070806
      vertex -1.3111213053617217 0.39772429978840795 84.62011813213883
    endloop
  endfacet
  facet normal -0.5000000000000002 0.8660254037844386 -9.571698519684571e-19
    outer loop
      vertex -1 0.5773502691896257 0
      vertex -1.3111213053617217 0.39772429978840795 84.62011813213883
      vertex -1.1645246645991763 0.48236190979495847 84.51047241401027
    endloop
  endfacet
  facet normal -0.4999999999999997 0.8660254037844388 3.149301842546149e-19
    outer loop
      vertex -1 0.5773502691896257 0
      vertex -1.1645246645991763 0.48236190979495847 84.51047241401027
      vertex -1.0385292025074149 0.5551054237503081 84.42757587268834
    endloop
  endfacet
  facet normal -0.5000000000000003 0.8660254037844386 0
    outer loop
      vertex -1 0.5773502691896257 0
      vertex -1.0385292025074149 0.5551054237503081 84.42757587268834
      vertex -1 0.5773502691896257 84.40593834611337
    endloop
  endfacet
  facet normal 0.4999999999999997 0.8660254037844388 1.0076312385884035e-17
    outer loop
      vertex 2.411358796441803 -0.23749811185919578 85.67302633050365
      vertex 3.0512285710723637 -0.6069270984884548 86.36100567273797
      vertex 1 0.5773502691896257 0
    endloop
  endfacet
  facet normal 0.5000000000000002 0.8660254037844385 -5.705447183319648e-18
    outer loop
      vertex 3.0512285710723637 -0.6069270984884548 86.36100567273797
      vertex 4.21418039448427 -1.2783576467898854 87.65380683844803
      vertex 1 0.5773502691896257 0
    endloop
  endfacet
  facet normal 0.4999999999999999 0.8660254037844387 6.873742930475911e-18
    outer loop
      vertex 4.21418039448427 -1.2783576467898854 87.65380683844803
      vertex 7.078116022520107 -2.9318516525781355 90.91129757554039
      vertex 1 0.5773502691896257 0
    endloop
  endfacet
  facet normal 0 0 -1
    outer loop
      vertex 0 -1.1547005383792515 0
      vertex 0 0 0
      vertex 39.16450264360513 -23.73047848866234 0
    endloop
  endfacet
  facet normal 0 0 -1
    outer loop
      vertex 39.16450264360513 -23.73047848866234 0
      vertex 0 0 0
      vertex 0.14137644034664487 0.24487117767361927 0
    endloop
  endfacet
  facet normal 0 0 -1
    outer loop
      vertex 40.41970032881473 -24.491025403784437 0
      vertex 0.14137644034664487 0.24487117767361927 0
      vertex 1 0.548424687863411 0
    endloop
  endfacet
  facet normal 0 0 -1
    outer loop
      vertex 38.794759934779144 -21.243464553112396 0
      vertex 1 0.548424687863411 0
      vertex 1 0.5773502691896257 0
    endloop
  endfacet
  facet normal -0.49999999999999994 -0.8660254037844386 0
    outer loop
      vertex 0 -1.1547005383792515 0
      vertex 37.766416790229684 -22.959151438545963 4
      vertex 0 -1.1547005383792515 84.40470053837925
    endloop
  endfacet
  facet normal 0.5 0.8660254037844387 -8.577321993654737e-19
    outer loop
      vertex 7.078116022520107 -2.9318516525781355 90.91129757554039
      vertex 38.794759934779144 -21.243464553112396 4
      vertex 1 0.5773502691896257 0
    endloop
  endfacet
  facet normal -0.5 -0.8660254037844386 -6.656590553738516e-19
    outer loop
      vertex 1.2561257959015613 -1.8799251047790506 85.51096669915943
      vertex 37.766416790229684 -22.959151438545963 4
      vertex 1.800974301941051 -2.1944935364085154 86.08889244558345
    endloop
  endfacet
  facet normal -0.5 -0.8660254037844387 2.863601379951111e-17
    outer loop
      vertex 1.800974301941051 -2.1944935364085154 86.08889244558345
      vertex 37.766416790229684 -22.959151438545963 4
      vertex 2.7320508075688767 -2.7320508075688767 87.11370330515628
    endloop
  endfacet
  facet normal -0.4999999999999999 -0.8660254037844386 5.020543533173259e-17
    outer loop
      vertex 0.12058502813332589 -1.2243203368322657 84.48024429939382
      vertex 37.766416790229684 -22.959151438545963 4
      vertex 0.25948389547275097 -1.3045136352808169 84.58007056829452
    endloop
  endfacet
  facet normal -0.5000000000000001 -0.8660254037844387 -1.19225163524064e-17
    outer loop
      vertex 0.25948389547275097 -1.3045136352808169 84.58007056829452
      vertex 37.766416790229684 -22.959151438545963 4
      vertex 0.42464591306171573 -1.3998699705957074 84.71286024146384
    endloop
  endfacet
  facet normal -0.4999999999999998 -0.8660254037844388 1.2921326591894324e-16
    outer loop
      vertex 0 -1.1547005383792515 84.40470053837925
      vertex 37.766416790229684 -22.959151438545963 4
      vertex 0.12058502813332589 -1.2243203368322657 84.48024429939382
    endloop
  endfacet
  facet normal -0.5000000000000002 -0.8660254037844385 -1.8577772228130665e-16
    outer loop
      vertex 0.6286262797369307 -1.5176380902050415 84.89267963170458
      vertex 0.42464591306171573 -1.3998699705957074 84.71286024146384
      vertex 37.766416790229684 -22.959151438545963 4
    endloop
  endfacet
  facet normal -0.4999999999999997 -0.8660254037844388 1.7489429835956496e-16
    outer loop
      vertex 0.6286262797369307 -1.5176380902050415 84.89267963170458
      vertex 37.766416790229684 -22.959151438545963 4
      vertex 0.8926821359138332 -1.670090809849873 85.14369604449202
    endloop
  endfacet
  facet normal -0.5 -0.8660254037844387 1.2651251861993734e-17
    outer loop
      vertex 0.8926821359138332 -1.670090809849873 85.14369604449202
      vertex 37.766416790229684 -22.959151438545963 4
      vertex 1.2561257959015613 -1.8799251047790506 85.51096669915943
    endloop
  endfacet
  facet normal -0.4999999999999999 -0.8660254037844387 2.4293720677806942e-17
    outer loop
      vertex 2.7320508075688767 -2.7320508075688767 87.11370330515628
      vertex 37.766416790229684 -22.959151438545963 4
      vertex 4.745438514980955 -3.8944807424263232 89.38890600617033
    endloop
  endfacet
  facet normal -0.5000000000000002 -0.8660254037844386 -8.896999013437062e-17
    outer loop
      vertex 4.745438514980955 -3.8944807424263232 89.38890600617033
      vertex 37.766416790229684 -22.959151438545963 4
      vertex 12.712994348890224 -8.494551247917215 98.53978829867852
    endloop
  endfacet
  facet normal -0.5000000000000102 -0.8660254037844327 -3.5196671098187237e-19
    outer loop
      vertex 40.41970032881473 -24.491025403784437 0
      vertex 40.361710916501174 -24.45754520097506 4
      vertex 40.361710916501174 -24.45754520097506 0
    endloop
  endfacet
  facet normal 0 0 -1
    outer loop
      vertex 39.66627100338851 -24.03450898731276 0
      vertex 40.41970032881473 -24.491025403784437 0
      vertex 40.361710916501174 -24.45754520097506 0
    endloop
  endfacet
  facet normal -0.5000000000000102 -0.8660254037844327 0
    outer loop
      vertex 40.41970032881473 -24.491025403784437 0
      vertex 40.41970032881473 -24.491025403784437 243
      vertex 40.361710916501174 -24.45754520097506 4
    endloop
  endfacet
  facet normal 0.8660254037844383 -0.5000000000000004 0
    outer loop
      vertex 40.41970032881473 -24.491025403784437 0
      vertex 41.41970032881473 -22.758974596215563 0
      vertex 40.41970032881473 -24.491025403784437 243
    endloop
  endfacet
  facet normal -0.5 -0.8660254037844386 -1.7406048249474855e-16
    outer loop
      vertex 0 -1.1547005383792515 0
      vertex 37.766416790229684 -22.959151438545963 0
      vertex 37.766416790229684 -22.959151438545963 4
    endloop
  endfacet
  facet normal 0 0 -1
    outer loop
      vertex 0 -1.1547005383792515 0
      vertex 39.16450264360513 -23.73047848866234 0
      vertex 37.766416790229684 -22.959151438545963 0
    endloop
  endfacet
  facet normal 0 0 -1
    outer loop
      vertex 39.16450264360513 -23.73047848866234 0
      vertex 0.14137644034664487 0.24487117767361927 0
      vertex 39.66627100338851 -24.03450898731276 0
    endloop
  endfacet
  facet normal 0 0 -1
    outer loop
      vertex 38.794759934779144 -21.243464553112396 0
      vertex 39.050862416849384 -21.39132539007578 0
      vertex 1 0.548424687863411 0
    endloop
  endfacet
  facet normal 0.5 0.8660254037844386 0
    outer loop
      vertex 38.794759934779144 -21.243464553112396 0
      vertex 1 0.5773502691896257 0
      vertex 38.794759934779144 -21.243464553112396 4
    endloop
  endfacet
  facet normal 0 0 -1
    outer loop
      vertex 39.66627100338851 -24.03450898731276 0
      vertex 0.14137644034664487 0.24487117767361927 0
      vertex 40.41970032881473 -24.491025403784437 0
    endloop
  endfacet
  facet normal 0 0 -1
    outer loop
      vertex 40.41970032881473 -24.491025403784437 0
      vertex 1 0.548424687863411 0
      vertex 41.41970032881473 -22.758974596215563 0
    endloop
  endfacet
  facet normal 0 0 -1
    outer loop
      vertex 41.41970032881473 -22.758974596215563 0
      vertex 1 0.548424687863411 0
      vertex 41.390054061050634 -22.741858315541496 0
    endloop
  endfacet
  facet normal 0 0 -1
    outer loop
      vertex 39.050862416849384 -21.39132539007578 0
      vertex 41.390054061050634 -22.741858315541496 0
      vertex 1 0.548424687863411 0
    endloop
  endfacet
  facet normal 0.5000000000000006 0.8660254037844384 1.5274284008097916e-16
    outer loop
      vertex 7.078116022520107 -2.9318516525781355 90.91129757554039
      vertex 41.390054061050634 -22.741858315541496 4
      vertex 38.794759934779144 -21.243464553112396 4
    endloop
  endfacet
  facet normal -0.49999999999999906 -0.8660254037844392 1.431499161226997e-16
    outer loop
      vertex 40.361710916501174 -24.45754520097506 4
      vertex 25.222495179917505 -15.716914920138661 113
      vertex 37.766416790229684 -22.959151438545963 4
    endloop
  endfacet
  facet normal 0 0 -1
    outer loop
      vertex 39.16450264360513 -23.73047848866234 0
      vertex 39.16629497102996 -23.76737148306368 0
      vertex 37.766416790229684 -22.959151438545963 0
    endloop
  endfacet
  facet normal -0.4999999999999999 -0.8660254037844387 1.5657886047693034e-17
    outer loop
      vertex 12.712994348890224 -8.494551247917215 98.53978829867852
      vertex 37.766416790229684 -22.959151438545963 4
      vertex 25.222495179917505 -15.716914920138661 113
    endloop
  endfacet
  facet normal 0.5 0.8660254037844386 1.1153603650646836e-17
    outer loop
      vertex 7.078116022520107 -2.9318516525781355 90.91129757554039
      vertex 26.248571873001126 -13.999919498341189 113
      vertex 41.390054061050634 -22.741858315541496 4
    endloop
  endfacet
  facet normal -0.49999999999999994 -0.8660254037844387 0
    outer loop
      vertex 40.361710916501174 -24.45754520097506 4
      vertex 40.361710916501174 -24.45754520097506 237
      vertex 25.222495179917505 -15.716914920138661 113
    endloop
  endfacet
  facet normal 0.499999999999997 0.8660254037844404 0
    outer loop
      vertex 41.41970032881473 -22.758974596215563 0
      vertex 41.390054061050634 -22.741858315541496 0
      vertex 41.41970032881473 -22.758974596215563 243
    endloop
  endfacet
  facet normal 0.49999999999999695 0.8660254037844403 0
    outer loop
      vertex 41.390054061050634 -22.741858315541496 0
      vertex 41.390054061050634 -22.741858315541496 4
      vertex 41.41970032881473 -22.758974596215563 243
    endloop
  endfacet
  facet normal 0.5 0.8660254037844387 0
    outer loop
      vertex 41.390054061050634 -22.741858315541496 4
      vertex 26.248571873001126 -13.999919498341189 113
      vertex 41.390054061050634 -22.741858315541496 237
    endloop
  endfacet
  facet normal -0.5000000000000102 -0.8660254037844327 0
    outer loop
      vertex 40.361710916501174 -24.45754520097506 4
      vertex 40.41970032881473 -24.491025403784437 243
      vertex 40.361710916501174 -24.45754520097506 237
    endloop
  endfacet
  facet normal -0.5000000000000102 -0.8660254037844327 0
    outer loop
      vertex 40.361710916501174 -24.45754520097506 237
      vertex 40.41970032881473 -24.491025403784437 243
      vertex 40.361710916501174 -24.45754520097506 243
    endloop
  endfacet
  facet normal 0 0 1
    outer loop
      vertex 39.39991993698479 -23.88179043539417 243
      vertex 40.361710916501174 -24.45754520097506 243
      vertex 40.41970032881473 -24.491025403784437 243
    endloop
  endfacet
  facet normal 0 0 1
    outer loop
      vertex 39.39991993698479 -23.88179043539417 243
      vertex 40.41970032881473 -24.491025403784437 243
      vertex 41.18025406608084 -22.620901587083413 243
    endloop
  endfacet
  facet normal 0.8660254037844383 -0.5000000000000004 0
    outer loop
      vertex 41.41970032881473 -22.758974596215563 0
      vertex 41.41970032881473 -22.758974596215563 243
      vertex 40.41970032881473 -24.491025403784437 243
    endloop
  endfacet
  facet normal 0.499999999999997 0.8660254037844404 0
    outer loop
      vertex 41.390054061050634 -22.741858315541496 4
      vertex 41.390054061050634 -22.741858315541496 237
      vertex 41.41970032881473 -22.758974596215563 243
    endloop
  endfacet
  facet normal -0.49999999999999883 -0.8660254037844393 -1.4264834430039579e-16
    outer loop
      vertex 25.222495179917505 -15.716914920138661 113
      vertex 40.361710916501174 -24.45754520097506 237
      vertex 38.63151483232018 -23.458616026022327 237
    endloop
  endfacet
  facet normal -0.5000000000000001 -0.8660254037844387 0
    outer loop
      vertex 25.222495179917505 -15.716914920138661 113
      vertex 38.63151483232018 -23.458616026022327 237
      vertex 25.222495179917505 -15.716914920138661 243
    endloop
  endfacet
  facet normal 0.49999999999999967 0.8660254037844388 -6.234371855026895e-17
    outer loop
      vertex 26.248571873001126 -13.999919498341189 113
      vertex 39.65985797686964 -21.742929140588764 243
      vertex 39.65985797686964 -21.742929140588764 237
    endloop
  endfacet
  facet normal 0.5000000000000001 0.8660254037844387 0
    outer loop
      vertex 26.248571873001126 -13.999919498341189 113
      vertex 26.248571873001126 -13.999919498341189 243
      vertex 39.65985797686964 -21.742929140588764 243
    endloop
  endfacet
  facet normal 0 0 1
    outer loop
      vertex 26.236153593914626 -14.003615614830268 243
      vertex 25.501388797415135 -14.260913020520253 243
      vertex 24.88004625955723 -15.297560417077616 243
    endloop
  endfacet
  facet normal 0 0 1
    outer loop
      vertex 25.222495179917505 -15.716914920138661 243
      vertex 38.63151483232018 -23.458616026022327 243
      vertex 24.88004625955723 -15.297560417077616 243
    endloop
  endfacet
  facet normal -0.5000000000000001 -0.8660254037844386 1.1721221909553955e-17
    outer loop
      vertex 25.222495179917505 -15.716914920138661 243
      vertex 38.63151483232018 -23.458616026022327 237
      vertex 38.63151483232018 -23.458616026022327 243
    endloop
  endfacet
  facet normal 0 0 1
    outer loop
      vertex 26.244537276247566 -14.008449936460936 243
      vertex 38.63151483232018 -23.458616026022327 243
      vertex 39.65929700655588 -21.743865063014596 243
    endloop
  endfacet
  facet normal 0 0 1
    outer loop
      vertex 26.244537276247566 -14.008449936460936 243
      vertex 39.65929700655588 -21.743865063014596 243
      vertex 39.65985797686964 -21.742929140588764 243
    endloop
  endfacet
  facet normal 0 0 1
    outer loop
      vertex 26.236153593914626 -14.003615614830268 243
      vertex 24.88004625955723 -15.297560417077616 243
      vertex 38.63151483232018 -23.458616026022327 243
    endloop
  endfacet
  facet normal 0 0 1
    outer loop
      vertex 26.236153593914626 -14.003615614830268 243
      vertex 38.63151483232018 -23.458616026022327 243
      vertex 26.244537276247566 -14.008449936460936 243
    endloop
  endfacet
  facet normal 0 0 1
    outer loop
      vertex 26.244537276247566 -14.008449936460936 243
      vertex 39.65985797686964 -21.742929140588764 243
      vertex 26.248571873001126 -13.999919498341189 243
    endloop
  endfacet
  facet normal 0.49999999999999883 0.8660254037844394 1.530889588550915e-16
    outer loop
      vertex 26.248571873001126 -13.999919498341189 113
      vertex 39.65985797686964 -21.742929140588764 237
      vertex 41.390054061050634 -22.741858315541496 237
    endloop
  endfacet
  facet normal 0 0 1
    outer loop
      vertex 40.41970032881473 -24.491025403784437 243
      vertex 41.39004461095636 -22.74187408207127 243
      vertex 41.18025406608084 -22.620901587083413 243
    endloop
  endfacet
  facet normal 0 0 1
    outer loop
      vertex 40.41970032881473 -24.491025403784437 243
      vertex 41.41970032881473 -22.758974596215563 243
      vertex 41.39004461095636 -22.74187408207127 243
    endloop
  endfacet
  facet normal 0.49999999999999695 0.8660254037844403 0
    outer loop
      vertex 41.390054061050634 -22.741858315541496 237
      vertex 41.390054061050634 -22.741858315541496 243
      vertex 41.41970032881473 -22.758974596215563 243
    endloop
  endfacet
  facet normal 0 0 1
    outer loop
      vertex 41.41970032881473 -22.758974596215563 243
      vertex 41.390054061050634 -22.741858315541496 243
      vertex 41.39004461095636 -22.74187408207127 243
    endloop
  endfacet
  facet normal 0.4999999999999996 0.8660254037844388 3.1268775820293005e-19
    outer loop
      vertex 1 0.5773502691896257 0
      vertex 1.0385292025074149 0.5551054237503081 84.42757587268834
      vertex 1.1645246645991763 0.48236190979495847 84.51047241401027
    endloop
  endfacet
  facet normal 0.5000000000000003 0.8660254037844386 0
    outer loop
      vertex 1 0.5773502691896257 0
      vertex 1 0.5773502691896257 84.40593834611337
      vertex 1.0385292025074149 0.5551054237503081 84.42757587268834
    endloop
  endfacet
  facet normal 0.4999999999999996 0.8660254037844389 4.647499326432049e-18
    outer loop
      vertex 1 0.5773502691896257 0
      vertex 1.4875127102374597 0.2958846747006643 84.7666548070806
      vertex 1.7085370513303308 0.16827621187323566 84.96680393151081
    endloop
  endfacet
  facet normal 0.5000000000000002 0.8660254037844386 -9.678448367470747e-19
    outer loop
      vertex 1 0.5773502691896257 0
      vertex 1.1645246645991763 0.48236190979495847 84.51047241401027
      vertex 1.3111213053617217 0.39772429978840795 84.62011813213883
    endloop
  endfacet
  facet normal 0.5 0.8660254037844386 -3.078681429518214e-19
    outer loop
      vertex 1 0.5773502691896257 0
      vertex 1.3111213053617217 0.39772429978840795 84.62011813213883
      vertex 1.4875127102374597 0.2958846747006643 84.7666548070806
    endloop
  endfacet
  facet normal 0.5000000000000006 0.8660254037844384 -7.687131937168812e-18
    outer loop
      vertex 1 0.5773502691896257 0
      vertex 1.7085370513303308 0.16827621187323566 84.96680393151081
      vertex 1.9999999999999998 0 85.25
    endloop
  endfacet
  facet normal 0.5000000000000002 0.8660254037844385 -3.484658580436697e-18
    outer loop
      vertex 2.411358796441803 -0.23749811185919578 85.67302633050365
      vertex 1 0.5773502691896257 0
      vertex 1.9999999999999998 0 85.25
    endloop
  endfacet
  facet normal -0.24298017990326412 -0.9700312531945439 -2.569264879421406e-18
    outer loop
      vertex -8.635969148320255 -28.468974988033214 113
      vertex -5.803937079979815 -29.178362091996107 113
      vertex -5.803937079979815 -29.178362091996107 135.5069877789194
    endloop
  endfacet
  facet normal -0.04906767432741798 -0.9987954562051724 -5.072260408983912e-19
    outer loop
      vertex -2.916009924804428 -29.606745618497857 113
      vertex 0 -29.75 113
      vertex 0 -29.75 131
    endloop
  endfacet
  facet normal -0.14673047445536155 -0.9891765099647809 0
    outer loop
      vertex -2.916009924804428 -29.606745618497857 113
      vertex -2.916009924804428 -29.606745618497857 131.76099551722663
      vertex -5.803937079979815 -29.178362091996107 113
    endloop
  endfacet
  facet normal -0.9039892931234436 -0.42755509343028164 -2.904360596817594e-19
    outer loop
      vertex -26.248571873001126 -13.999919498341189 113
      vertex -27.48541609221078 -11.384832112861421 243
      vertex -27.48541609221078 -11.384832112861421 113
    endloop
  endfacet
  facet normal -0.8577286100002718 -0.5141027441932223 -1.1618602943908653e-19
    outer loop
      vertex -25.222495179917505 -15.716914920138661 113
      vertex -24.736220966000722 -16.528214432333165 113
      vertex -24.736220966000722 -16.528214432333165 243
    endloop
  endfacet
  facet normal -0.8032075314806447 -0.5956993044924337 0
    outer loop
      vertex -24.736220966000722 -16.528214432333165 113
      vertex -22.997060987541424 -18.873200203868453 113
      vertex -24.736220966000722 -16.528214432333165 243
    endloop
  endfacet
  facet normal -0.9987954562051723 -0.04906767432741797 -7.023129797054646e-20
    outer loop
      vertex -29.606745618497857 -2.916009924804428 113
      vertex -29.75 0 243
      vertex -29.75 0 113
    endloop
  endfacet
  facet normal -0.9415440651830207 -0.3368898533922202 2.194844783114123e-19
    outer loop
      vertex -27.48541609221078 -11.384832112861421 113
      vertex -28.468974988033214 -8.635969148320255 243
      vertex -28.468974988033214 -8.635969148320255 113
    endloop
  endfacet
  facet normal -0.9700312531945441 -0.24298017990326415 -4.448185633995726e-19
    outer loop
      vertex -28.468974988033214 -8.635969148320255 113
      vertex -29.178362091996107 -5.803937079979815 243
      vertex -29.178362091996107 -5.803937079979815 113
    endloop
  endfacet
  facet normal -0.989176509964781 -0.14673047445536155 0
    outer loop
      vertex -29.606745618497857 -2.916009924804428 113
      vertex -29.178362091996107 -5.803937079979815 113
      vertex -29.606745618497857 -2.916009924804428 243
    endloop
  endfacet
  facet normal -0.9039892931234436 -0.42755509343028164 0
    outer loop
      vertex -26.248571873001126 -13.999919498341189 113
      vertex -26.248571873001126 -13.999919498341189 243
      vertex -27.48541609221078 -11.384832112861421 243
    endloop
  endfacet
  facet normal -0.8577286100002718 -0.5141027441932223 0
    outer loop
      vertex -25.222495179917505 -15.716914920138661 113
      vertex -24.736220966000722 -16.528214432333165 243
      vertex -25.222495179917505 -15.716914920138661 243
    endloop
  endfacet
  facet normal 0 0 1
    outer loop
      vertex -26.248571873001126 -13.999919498341189 243
      vertex -26.237157614363564 -14.004194567798805 243
      vertex -27.48541609221078 -11.384832112861421 243
    endloop
  endfacet
  facet normal 0 0 1
    outer loop
      vertex -26.237157614363564 -14.004194567798805 243
      vertex -27.014298714705035 -11.189688905628895 243
      vertex -27.48541609221078 -11.384832112861421 243
    endloop
  endfacet
  facet normal 0 0 1
    outer loop
      vertex -25.222495179917505 -15.716914920138661 243
      vertex -25.787436174927656 -13.783671803119118 243
      vertex -25.60414813340589 -15.080165435730041 243
    endloop
  endfacet
  facet normal 0 0 1
    outer loop
      vertex -25.222495179917505 -15.716914920138661 243
      vertex -24.736220966000722 -16.528214432333165 243
      vertex -25.787436174927656 -13.783671803119118 243
    endloop
  endfacet
  facet normal 0 0 1
    outer loop
      vertex -24.736220966000722 -16.528214432333165 243
      vertex -22.997060987541424 -18.873200203868453 243
      vertex -24.312226527939167 -16.244910406223838 243
    endloop
  endfacet
  facet normal 0 0 1
    outer loop
      vertex -24.736220966000722 -16.528214432333165 243
      vertex -24.312226527939167 -16.244910406223838 243
      vertex -25.787436174927656 -13.783671803119118 243
    endloop
  endfacet
  facet normal 0 0 1
    outer loop
      vertex -25.60414813340589 -15.080165435730041 243
      vertex -25.787436174927656 -13.783671803119118 243
      vertex -26.237157614363564 -14.004194567798805 243
    endloop
  endfacet
  facet normal 0 0 1
    outer loop
      vertex -26.248571873001126 -13.999919498341189 243
      vertex -26.244537276247566 -14.008449936460936 243
      vertex -26.237157614363564 -14.004194567798805 243
    endloop
  endfacet
  facet normal 0 0 1
    outer loop
      vertex -26.237157614363564 -14.004194567798805 243
      vertex -25.787436174927656 -13.783671803119118 243
      vertex -27.014298714705035 -11.189688905628895 243
    endloop
  endfacet
  facet normal -0.9987954562051723 -0.04906767432741797 0
    outer loop
      vertex -29.606745618497857 -2.916009924804428 113
      vertex -29.606745618497857 -2.916009924804428 243
      vertex -29.75 0 243
    endloop
  endfacet
  facet normal -0.9415440651830207 -0.3368898533922202 0
    outer loop
      vertex -27.48541609221078 -11.384832112861421 113
      vertex -27.48541609221078 -11.384832112861421 243
      vertex -28.468974988033214 -8.635969148320255 243
    endloop
  endfacet
  facet normal -0.9700312531945441 -0.24298017990326415 0
    outer loop
      vertex -28.468974988033214 -8.635969148320255 113
      vertex -28.468974988033214 -8.635969148320255 243
      vertex -29.178362091996107 -5.803937079979815 243
    endloop
  endfacet
  facet normal -0.989176509964781 -0.14673047445536155 0
    outer loop
      vertex -29.178362091996107 -5.803937079979815 113
      vertex -29.178362091996107 -5.803937079979815 243
      vertex -29.606745618497857 -2.916009924804428 243
    endloop
  endfacet
  facet normal 0 0 1
    outer loop
      vertex -27.48541609221078 -11.384832112861421 243
      vertex -27.014298714705035 -11.189688905628895 243
      vertex -27.98099879034196 -8.487943187071293 243
    endloop
  endfacet
  facet normal 0 0 1
    outer loop
      vertex -27.48541609221078 -11.384832112861421 243
      vertex -27.98099879034196 -8.487943187071293 243
      vertex -28.468974988033214 -8.635969148320255 243
    endloop
  endfacet
  facet normal 0 0 1
    outer loop
      vertex -28.468974988033214 -8.635969148320255 243
      vertex -27.98099879034196 -8.487943187071293 243
      vertex -28.678226551658042 -5.704453935640466 243
    endloop
  endfacet
  facet normal 0 0 1
    outer loop
      vertex -28.468974988033214 -8.635969148320255 243
      vertex -28.678226551658042 -5.704453935640466 243
      vertex -29.178362091996107 -5.803937079979815 243
    endloop
  endfacet
  facet normal 0 0 1
    outer loop
      vertex -29.178362091996107 -5.803937079979815 243
      vertex -28.678226551658042 -5.704453935640466 243
      vertex -29.099267314168337 -2.8660276744376993 243
    endloop
  endfacet
  facet normal 0 0 1
    outer loop
      vertex -29.178362091996107 -5.803937079979815 243
      vertex -29.099267314168337 -2.8660276744376993 243
      vertex -29.24006622516557 0 243
    endloop
  endfacet
  facet normal 0 0 1
    outer loop
      vertex -29.606745618497857 -2.916009924804428 243
      vertex -29.178362091996107 -5.803937079979815 243
      vertex -29.606745618497857 2.916009924804428 243
    endloop
  endfacet
  facet normal 0 0 1
    outer loop
      vertex -29.178362091996107 -5.803937079979815 243
      vertex -29.24006622516557 0 243
      vertex -29.606745618497857 2.916009924804428 243
    endloop
  endfacet
  facet normal -0.5956993044924337 -0.8032075314806447 0
    outer loop
      vertex -16.528214432333165 -24.736220966000722 113
      vertex -16.528214432333165 -24.736220966000722 243
      vertex -18.873200203868453 -22.997060987541424 113
    endloop
  endfacet
  facet normal -0.514102744193222 -0.8577286100002719 -8.028544870233397e-20
    outer loop
      vertex -16.528214432333165 -24.736220966000722 113
      vertex -14.02405292057343 -26.237157614363564 113
      vertex -14.02405292057343 -26.237157614363564 243
    endloop
  endfacet
  facet normal -0.42755509343028125 -0.9039892931234437 -1.4358645069033609e-19
    outer loop
      vertex -14.02405292057343 -26.237157614363564 113
      vertex -11.384832112861421 -27.48541609221078 113
      vertex -11.384832112861421 -27.48541609221078 243
    endloop
  endfacet
  facet normal -0.24298017990327467 -0.9700312531945413 1.410230447536111e-15
    outer loop
      vertex -8.635969148320255 -28.468974988033214 113
      vertex -5.803937079979815 -29.178362091996107 135.5069877789194
      vertex -5.884711682419383 -29.158129107370357 135.82945806790323
    endloop
  endfacet
  facet normal -0.24298017990325096 -0.9700312531945473 -1.6193582610824874e-15
    outer loop
      vertex -8.635969148320255 -28.468974988033214 113
      vertex -5.884711682419383 -29.158129107370357 135.82945806790323
      vertex -5.971108360033181 -29.13648786622425 136.41189715802264
    endloop
  endfacet
  facet normal -0.24298017990328066 -0.9700312531945398 1.9922859979787686e-15
    outer loop
      vertex -8.635969148320255 -28.468974988033214 113
      vertex -5.971108360033181 -29.13648786622425 136.41189715802264
      vertex -6 -29.12925088715402 137
    endloop
  endfacet
  facet normal -0.049067674327419486 -0.9987954562051723 9.842138711756901e-17
    outer loop
      vertex -2.916009924804428 -29.606745618497857 113
      vertex -1.741708063526774 -29.66443536962085 131.25835798560675
      vertex -2.2961005941905386 -29.637199811053616 131.45672280493227
    endloop
  endfacet
  facet normal -0.049067674327418404 -0.9987954562051725 2.906748377040542e-17
    outer loop
      vertex -2.916009924804428 -29.606745618497857 113
      vertex -1.1705419320967696 -29.69249496235302 131.11528831758062
      vertex -1.741708063526774 -29.66443536962085 131.25835798560675
    endloop
  endfacet
  facet normal -0.049067674327417266 -0.9987954562051724 -8.386268405698581e-17
    outer loop
      vertex -2.916009924804428 -29.606745618497857 113
      vertex -0.5881028419773636 -29.72110836003318 131.02889163996682
      vertex -1.1705419320967696 -29.69249496235302 131.11528831758062
    endloop
  endfacet
  facet normal -0.04906767432742584 -0.9987954562051721 0
    outer loop
      vertex -2.916009924804428 -29.606745618497857 113
      vertex -2.8283804209559857 -29.611050579968794 131.70847241390987
      vertex -2.916009924804428 -29.606745618497857 131.76099551722663
    endloop
  endfacet
  facet normal -0.04906767432741507 -0.9987954562051725 -5.0628070039756955e-17
    outer loop
      vertex -2.916009924804428 -29.606745618497857 113
      vertex -2.2961005941905386 -29.637199811053616 131.45672280493227
      vertex -2.8283804209559857 -29.611050579968794 131.70847241390987
    endloop
  endfacet
  facet normal -0.04906767432741833 -0.9987954562051724 6.090308978689884e-17
    outer loop
      vertex -2.916009924804428 -29.606745618497857 113
      vertex 0 -29.75 131
      vertex -0.5881028419773636 -29.72110836003318 131.02889163996682
    endloop
  endfacet
  facet normal -0.14673047445535675 -0.9891765099647818 -1.7365752364228925e-16
    outer loop
      vertex -5.803937079979815 -29.178362091996107 113
      vertex -4.988817673815271 -29.299273634071195 133.66657860188238
      vertex -5.2915275860901305 -29.25437086029626 134.171619579044
    endloop
  endfacet
  facet normal -0.14673047445535364 -0.9891765099647822 0
    outer loop
      vertex -5.803937079979815 -29.178362091996107 113
      vertex -5.741642014393253 -29.187602692068655 135.25829193647323
      vertex -5.803937079979815 -29.178362091996107 135.5069877789194
    endloop
  endfacet
  facet normal -0.1467304744553655 -0.9891765099647805 3.407611143393012e-17
    outer loop
      vertex -5.803937079979815 -29.178362091996107 113
      vertex -5.54327719506772 -29.217027333436175 134.70389940580947
      vertex -5.741642014393253 -29.187602692068655 135.25829193647323
    endloop
  endfacet
  facet normal -0.1467304744553648 -0.9891765099647805 2.4745803631561997e-17
    outer loop
      vertex -5.803937079979815 -29.178362091996107 113
      vertex -5.2915275860901305 -29.25437086029626 134.171619579044
      vertex -5.54327719506772 -29.217027333436175 134.70389940580947
    endloop
  endfacet
  facet normal -0.14673047445536735 -0.9891765099647802 2.510191644680195e-16
    outer loop
      vertex -5.803937079979815 -29.178362091996107 113
      vertex -4.638062720176422 -29.351303216503183 133.19364029501813
      vertex -4.988817673815271 -29.299273634071195 133.66657860188238
    endloop
  endfacet
  facet normal -0.14673047445535978 -0.9891765099647813 -1.9279043506979838e-16
    outer loop
      vertex -5.803937079979815 -29.178362091996107 113
      vertex -4.242640687119286 -29.409958534271134 132.7573593128807
      vertex -4.638062720176422 -29.351303216503183 133.19364029501813
    endloop
  endfacet
  facet normal -0.14673047445536289 -0.9891765099647808 5.937886338853658e-17
    outer loop
      vertex -5.803937079979815 -29.178362091996107 113
      vertex -3.806359704981873 -29.474674704600687 132.36193727982356
      vertex -4.242640687119286 -29.409958534271134 132.7573593128807
    endloop
  endfacet
  facet normal -0.146730474455357 -0.9891765099647818 -5.687255238382731e-16
    outer loop
      vertex -5.803937079979815 -29.178362091996107 113
      vertex -3.333421398117613 -29.54482847539411 132.01118232618472
      vertex -3.806359704981873 -29.474674704600687 132.36193727982356
    endloop
  endfacet
  facet normal -0.1467304744553633 -0.9891765099647807 2.8100327402260517e-16
    outer loop
      vertex -5.803937079979815 -29.178362091996107 113
      vertex -2.916009924804428 -29.606745618497857 131.76099551722663
      vertex -3.333421398117613 -29.54482847539411 132.01118232618472
    endloop
  endfacet
  facet normal -0.3368898533922202 -0.9415440651830207 2.194844783114123e-19
    outer loop
      vertex -11.384832112861421 -27.48541609221078 113
      vertex -8.635969148320255 -28.468974988033214 113
      vertex -8.635969148320255 -28.468974988033214 243
    endloop
  endfacet
  facet normal -0.24298017990326382 -0.970031253194544 9.591492099425258e-20
    outer loop
      vertex -8.635969148320255 -28.468974988033214 113
      vertex -6 -29.12925088715402 137
      vertex -6 -29.12925088715402 243
    endloop
  endfacet
  facet normal -0.514102744193222 -0.8577286100002719 0
    outer loop
      vertex -16.528214432333165 -24.736220966000722 113
      vertex -14.02405292057343 -26.237157614363564 243
      vertex -16.528214432333165 -24.736220966000722 243
    endloop
  endfacet
  facet normal -0.42755509343028125 -0.9039892931234437 0
    outer loop
      vertex -14.02405292057343 -26.237157614363564 113
      vertex -11.384832112861421 -27.48541609221078 243
      vertex -14.02405292057343 -26.237157614363564 243
    endloop
  endfacet
  facet normal 0 0 1
    outer loop
      vertex -16.528214432333165 -24.736220966000722 243
      vertex -16.244910406223838 -24.312226527939167 243
      vertex -18.549701641745276 -22.60287684907169 243
    endloop
  endfacet
  facet normal 0 0 1
    outer loop
      vertex -16.528214432333165 -24.736220966000722 243
      vertex -14.02405292057343 -26.237157614363564 243
      vertex -16.244910406223838 -24.312226527939167 243
    endloop
  endfacet
  facet normal 0 0 1
    outer loop
      vertex -11.384832112861421 -27.48541609221078 243
      vertex -11.189688905628895 -27.014298714705035 243
      vertex -13.783671803119118 -25.787436174927656 243
    endloop
  endfacet
  facet normal 0 0 1
    outer loop
      vertex -14.02405292057343 -26.237157614363564 243
      vertex -13.783671803119118 -25.787436174927656 243
      vertex -16.244910406223838 -24.312226527939167 243
    endloop
  endfacet
  facet normal 0 0 1
    outer loop
      vertex -14.02405292057343 -26.237157614363564 243
      vertex -11.384832112861421 -27.48541609221078 243
      vertex -13.783671803119118 -25.787436174927656 243
    endloop
  endfacet
  facet normal -0.3368898533922202 -0.9415440651830207 0
    outer loop
      vertex -11.384832112861421 -27.48541609221078 113
      vertex -8.635969148320255 -28.468974988033214 243
      vertex -11.384832112861421 -27.48541609221078 243
    endloop
  endfacet
  facet normal -0.24298017990326384 -0.970031253194544 0
    outer loop
      vertex -8.635969148320255 -28.468974988033214 113
      vertex -6 -29.12925088715402 243
      vertex -8.635969148320255 -28.468974988033214 243
    endloop
  endfacet
  facet normal 0 0 1
    outer loop
      vertex -11.384832112861421 -27.48541609221078 243
      vertex -8.635969148320255 -28.468974988033214 243
      vertex -11.189688905628895 -27.014298714705035 243
    endloop
  endfacet
  facet normal 0 0 1
    outer loop
      vertex -8.635969148320255 -28.468974988033214 243
      vertex -8.487943187071293 -27.98099879034196 243
      vertex -11.189688905628895 -27.014298714705035 243
    endloop
  endfacet
  facet normal 0 0 1
    outer loop
      vertex -8.635969148320255 -28.468974988033214 243
      vertex -6 -28.60419611640012 243
      vertex -8.487943187071293 -27.98099879034196 243
    endloop
  endfacet
  facet normal 0 0 1
    outer loop
      vertex -8.635969148320255 -28.468974988033214 243
      vertex -6 -29.12925088715402 243
      vertex -6 -28.60419611640012 243
    endloop
  endfacet
  facet normal -0.7409511253549602 -0.6715589548470172 -1.7645147240176592e-19
    outer loop
      vertex -21.03642674029979 -21.03642674029979 113
      vertex -22.997060987541424 -18.873200203868453 243
      vertex -22.997060987541424 -18.873200203868453 113
    endloop
  endfacet
  facet normal -0.6715589548470172 -0.7409511253549602 -1.7645147240176592e-19
    outer loop
      vertex -21.03642674029979 -21.03642674029979 113
      vertex -18.873200203868453 -22.997060987541424 113
      vertex -18.873200203868453 -22.997060987541424 243
    endloop
  endfacet
  facet normal -0.8032075314806447 -0.5956993044924337 0
    outer loop
      vertex -22.997060987541424 -18.873200203868453 113
      vertex -22.997060987541424 -18.873200203868453 243
      vertex -24.736220966000722 -16.528214432333165 243
    endloop
  endfacet
  facet normal -0.7409511253549602 -0.6715589548470172 0
    outer loop
      vertex -21.03642674029979 -21.03642674029979 113
      vertex -21.03642674029979 -21.03642674029979 243
      vertex -22.997060987541424 -18.873200203868453 243
    endloop
  endfacet
  facet normal -0.6715589548470172 -0.7409511253549602 0
    outer loop
      vertex -21.03642674029979 -21.03642674029979 113
      vertex -18.873200203868453 -22.997060987541424 243
      vertex -21.03642674029979 -21.03642674029979 243
    endloop
  endfacet
  facet normal -0.5956993044924337 -0.8032075314806447 0
    outer loop
      vertex -18.873200203868453 -22.997060987541424 113
      vertex -16.528214432333165 -24.736220966000722 243
      vertex -18.873200203868453 -22.997060987541424 243
    endloop
  endfacet
  facet normal 0 0 1
    outer loop
      vertex -21.03642674029979 -21.03642674029979 243
      vertex -22.60287684907169 -18.549701641745276 243
      vertex -22.997060987541424 -18.873200203868453 243
    endloop
  endfacet
  facet normal 0 0 1
    outer loop
      vertex -22.997060987541424 -18.873200203868453 243
      vertex -22.60287684907169 -18.549701641745276 243
      vertex -24.312226527939167 -16.244910406223838 243
    endloop
  endfacet
  facet normal 0 0 1
    outer loop
      vertex -21.03642674029979 -21.03642674029979 243
      vertex -20.67584911015831 -20.67584911015831 243
      vertex -22.60287684907169 -18.549701641745276 243
    endloop
  endfacet
  facet normal 0 0 1
    outer loop
      vertex -21.03642674029979 -21.03642674029979 243
      vertex -18.873200203868453 -22.997060987541424 243
      vertex -20.67584911015831 -20.67584911015831 243
    endloop
  endfacet
  facet normal 0 0 1
    outer loop
      vertex -18.873200203868453 -22.997060987541424 243
      vertex -18.549701641745276 -22.60287684907169 243
      vertex -20.67584911015831 -20.67584911015831 243
    endloop
  endfacet
  facet normal 0 0 1
    outer loop
      vertex -16.528214432333165 -24.736220966000722 243
      vertex -18.549701641745276 -22.60287684907169 243
      vertex -18.873200203868453 -22.997060987541424 243
    endloop
  endfacet
  facet normal -0.9987954562051723 0.04906767432741797 7.023129797054646e-20
    outer loop
      vertex -29.75 0 113
      vertex -29.606745618497857 2.916009924804428 243
      vertex -29.606745618497857 2.916009924804428 113
    endloop
  endfacet
  facet normal -0.989176509964781 0.14673047445536155 1.6679073172791095e-19
    outer loop
      vertex -29.606745618497857 2.916009924804428 113
      vertex -29.178362091996107 5.803937079979815 243
      vertex -29.178362091996107 5.803937079979815 113
    endloop
  endfacet
  facet normal -0.9700312531945441 0.24298017990326415 4.448185633995726e-19
    outer loop
      vertex -29.178362091996107 5.803937079979815 113
      vertex -28.468974988033214 8.635969148320255 243
      vertex -28.468974988033214 8.635969148320255 113
    endloop
  endfacet
  facet normal -0.9415440651830207 0.3368898533922202 -2.194844783114123e-19
    outer loop
      vertex -28.468974988033214 8.635969148320255 113
      vertex -27.48541609221078 11.384832112861421 243
      vertex -27.48541609221078 11.384832112861421 113
    endloop
  endfacet
  facet normal -0.9039892931234437 0.42755509343028125 1.4358645069033609e-19
    outer loop
      vertex -27.48541609221078 11.384832112861421 113
      vertex -26.237157614363564 14.02405292057343 243
      vertex -26.237157614363564 14.02405292057343 113
    endloop
  endfacet
  facet normal -0.8577286100002719 0.514102744193222 8.028544870233397e-20
    outer loop
      vertex -26.237157614363564 14.02405292057343 113
      vertex -24.736220966000722 16.528214432333165 243
      vertex -24.736220966000722 16.528214432333165 113
    endloop
  endfacet
  facet normal -0.9987954562051723 0.04906767432741797 0
    outer loop
      vertex -29.75 0 113
      vertex -29.75 0 243
      vertex -29.606745618497857 2.916009924804428 243
    endloop
  endfacet
  facet normal -0.989176509964781 0.14673047445536155 0
    outer loop
      vertex -29.606745618497857 2.916009924804428 113
      vertex -29.606745618497857 2.916009924804428 243
      vertex -29.178362091996107 5.803937079979815 243
    endloop
  endfacet
  facet normal -0.9700312531945441 0.24298017990326415 0
    outer loop
      vertex -29.178362091996107 5.803937079979815 113
      vertex -29.178362091996107 5.803937079979815 243
      vertex -28.468974988033214 8.635969148320255 243
    endloop
  endfacet
  facet normal -0.9415440651830207 0.3368898533922202 0
    outer loop
      vertex -28.468974988033214 8.635969148320255 113
      vertex -28.468974988033214 8.635969148320255 243
      vertex -27.48541609221078 11.384832112861421 243
    endloop
  endfacet
  facet normal 0 0 1
    outer loop
      vertex -29.606745618497857 -2.916009924804428 243
      vertex -29.606745618497857 2.916009924804428 243
      vertex -29.75 0 243
    endloop
  endfacet
  facet normal 0 0 1
    outer loop
      vertex -29.606745618497857 2.916009924804428 243
      vertex -29.24006622516557 0 243
      vertex -29.099267314168337 2.866027674437699 243
    endloop
  endfacet
  facet normal 0 0 1
    outer loop
      vertex -29.606745618497857 2.916009924804428 243
      vertex -29.099267314168337 2.866027674437699 243
      vertex -29.178362091996107 5.803937079979815 243
    endloop
  endfacet
  facet normal 0 0 1
    outer loop
      vertex -29.178362091996107 5.803937079979815 243
      vertex -29.099267314168337 2.866027674437699 243
      vertex -28.678226551658042 5.704453935640467 243
    endloop
  endfacet
  facet normal 0 0 1
    outer loop
      vertex -29.178362091996107 5.803937079979815 243
      vertex -28.678226551658042 5.704453935640467 243
      vertex -27.98099879034196 8.487943187071293 243
    endloop
  endfacet
  facet normal 0 0 1
    outer loop
      vertex -29.178362091996107 5.803937079979815 243
      vertex -27.98099879034196 8.487943187071293 243
      vertex -28.468974988033214 8.635969148320255 243
    endloop
  endfacet
  facet normal 0 0 1
    outer loop
      vertex -28.468974988033214 8.635969148320255 243
      vertex -27.98099879034196 8.487943187071293 243
      vertex -27.014298714705035 11.189688905628895 243
    endloop
  endfacet
  facet normal 0 0 1
    outer loop
      vertex -28.468974988033214 8.635969148320255 243
      vertex -27.014298714705035 11.189688905628895 243
      vertex -27.48541609221078 11.384832112861421 243
    endloop
  endfacet
  facet normal -0.9039892931234437 0.42755509343028125 0
    outer loop
      vertex -27.48541609221078 11.384832112861421 113
      vertex -27.48541609221078 11.384832112861421 243
      vertex -26.237157614363564 14.02405292057343 243
    endloop
  endfacet
  facet normal -0.8577286100002719 0.514102744193222 0
    outer loop
      vertex -26.237157614363564 14.02405292057343 113
      vertex -26.237157614363564 14.02405292057343 243
      vertex -24.736220966000722 16.528214432333165 243
    endloop
  endfacet
  facet normal -0.8032075314806447 0.5956993044924337 0
    outer loop
      vertex -24.736220966000722 16.528214432333165 113
      vertex -24.736220966000722 16.528214432333165 243
      vertex -22.997060987541424 18.873200203868453 243
    endloop
  endfacet
  facet normal 0 0 1
    outer loop
      vertex -27.48541609221078 11.384832112861421 243
      vertex -27.014298714705035 11.189688905628895 243
      vertex -25.787436174927656 13.783671803119118 243
    endloop
  endfacet
  facet normal 0 0 1
    outer loop
      vertex -27.48541609221078 11.384832112861421 243
      vertex -25.787436174927656 13.783671803119118 243
      vertex -26.237157614363564 14.02405292057343 243
    endloop
  endfacet
  facet normal 0 0 1
    outer loop
      vertex -26.237157614363564 14.02405292057343 243
      vertex -25.787436174927656 13.783671803119118 243
      vertex -24.312226527939167 16.244910406223838 243
    endloop
  endfacet
  facet normal 0 0 1
    outer loop
      vertex -26.237157614363564 14.02405292057343 243
      vertex -24.312226527939167 16.244910406223838 243
      vertex -24.736220966000722 16.528214432333165 243
    endloop
  endfacet
  facet normal 0 0 1
    outer loop
      vertex -24.736220966000722 16.528214432333165 243
      vertex -24.312226527939167 16.244910406223838 243
      vertex -22.60287684907169 18.549701641745276 243
    endloop
  endfacet
  facet normal -0.8032075314806447 0.5956993044924337 4.901937796584098e-19
    outer loop
      vertex -24.736220966000722 16.528214432333165 113
      vertex -22.997060987541424 18.873200203868453 243
      vertex -22.997060987541424 18.873200203868453 113
    endloop
  endfacet
  facet normal -0.7409511253549602 0.6715589548470172 1.7645147240176592e-19
    outer loop
      vertex -22.997060987541424 18.873200203868453 113
      vertex -21.03642674029979 21.03642674029979 243
      vertex -21.03642674029979 21.03642674029979 113
    endloop
  endfacet
  facet normal -0.6715589548470172 0.7409511253549602 0
    outer loop
      vertex -21.03642674029979 21.03642674029979 113
      vertex -21.03642674029979 21.03642674029979 243
      vertex -18.873200203868453 22.997060987541424 113
    endloop
  endfacet
  facet normal -0.5956993044924337 0.8032075314806447 0
    outer loop
      vertex -18.873200203868453 22.997060987541424 113
      vertex -18.873200203868453 22.997060987541424 243
      vertex -16.528214432333165 24.736220966000722 113
    endloop
  endfacet
  facet normal -0.7409511253549602 0.6715589548470172 0
    outer loop
      vertex -22.997060987541424 18.873200203868453 113
      vertex -22.997060987541424 18.873200203868453 243
      vertex -21.03642674029979 21.03642674029979 243
    endloop
  endfacet
  facet normal -0.6715589548470172 0.7409511253549602 0
    outer loop
      vertex -18.873200203868453 22.997060987541424 113
      vertex -21.03642674029979 21.03642674029979 243
      vertex -18.873200203868453 22.997060987541424 243
    endloop
  endfacet
  facet normal 0 0 1
    outer loop
      vertex -24.736220966000722 16.528214432333165 243
      vertex -22.60287684907169 18.549701641745276 243
      vertex -22.997060987541424 18.873200203868453 243
    endloop
  endfacet
  facet normal 0 0 1
    outer loop
      vertex -22.997060987541424 18.873200203868453 243
      vertex -22.60287684907169 18.549701641745276 243
      vertex -20.67584911015831 20.67584911015831 243
    endloop
  endfacet
  facet normal 0 0 1
    outer loop
      vertex -22.997060987541424 18.873200203868453 243
      vertex -20.67584911015831 20.67584911015831 243
      vertex -21.03642674029979 21.03642674029979 243
    endloop
  endfacet
  facet normal 0 0 1
    outer loop
      vertex -21.03642674029979 21.03642674029979 243
      vertex -20.67584911015831 20.67584911015831 243
      vertex -18.549701641745276 22.60287684907169 243
    endloop
  endfacet
  facet normal 0 0 1
    outer loop
      vertex -21.03642674029979 21.03642674029979 243
      vertex -18.549701641745276 22.60287684907169 243
      vertex -18.873200203868453 22.997060987541424 243
    endloop
  endfacet
  facet normal 0 0 1
    outer loop
      vertex -18.873200203868453 22.997060987541424 243
      vertex -18.549701641745276 22.60287684907169 243
      vertex -16.244910406223838 24.312226527939167 243
    endloop
  endfacet
  facet normal -0.514102744193222 0.8577286100002719 0
    outer loop
      vertex -16.528214432333165 24.736220966000722 113
      vertex -16.528214432333165 24.736220966000722 243
      vertex -14.02405292057343 26.237157614363564 113
    endloop
  endfacet
  facet normal -0.42755509343028125 0.9039892931234437 0
    outer loop
      vertex -14.02405292057343 26.237157614363564 113
      vertex -14.02405292057343 26.237157614363564 243
      vertex -11.384832112861421 27.48541609221078 113
    endloop
  endfacet
  facet normal -0.3368898533922202 0.9415440651830207 0
    outer loop
      vertex -11.384832112861421 27.48541609221078 113
      vertex -11.384832112861421 27.48541609221078 243
      vertex -8.635969148320255 28.468974988033214 113
    endloop
  endfacet
  facet normal -0.24298017990326415 0.9700312531945441 0
    outer loop
      vertex -8.635969148320255 28.468974988033214 113
      vertex -8.635969148320255 28.468974988033214 243
      vertex -5.803937079979815 29.178362091996107 113
    endloop
  endfacet
  facet normal -0.14673047445536155 0.989176509964781 0
    outer loop
      vertex -5.803937079979815 29.178362091996107 113
      vertex -5.803937079979815 29.178362091996107 243
      vertex -2.916009924804428 29.606745618497857 113
    endloop
  endfacet
  facet normal -0.04906767432741739 0.9987954562051724 0
    outer loop
      vertex -2.916009924804428 29.606745618497857 113
      vertex -2.916009924804428 29.606745618497857 243
      vertex -1 29.70087315023053 113
    endloop
  endfacet
  facet normal -0.5956993044924337 0.8032075314806447 0
    outer loop
      vertex -16.528214432333165 24.736220966000722 113
      vertex -18.873200203868453 22.997060987541424 243
      vertex -16.528214432333165 24.736220966000722 243
    endloop
  endfacet
  facet normal -0.514102744193222 0.8577286100002719 0
    outer loop
      vertex -14.02405292057343 26.237157614363564 113
      vertex -16.528214432333165 24.736220966000722 243
      vertex -14.02405292057343 26.237157614363564 243
    endloop
  endfacet
  facet normal -0.42755509343028125 0.9039892931234437 0
    outer loop
      vertex -11.384832112861421 27.48541609221078 113
      vertex -14.02405292057343 26.237157614363564 243
      vertex -11.384832112861421 27.48541609221078 243
    endloop
  endfacet
  facet normal 0 0 1
    outer loop
      vertex -18.873200203868453 22.997060987541424 243
      vertex -16.244910406223838 24.312226527939167 243
      vertex -16.528214432333165 24.736220966000722 243
    endloop
  endfacet
  facet normal 0 0 1
    outer loop
      vertex -16.528214432333165 24.736220966000722 243
      vertex -16.244910406223838 24.312226527939167 243
      vertex -13.783671803119118 25.787436174927656 243
    endloop
  endfacet
  facet normal 0 0 1
    outer loop
      vertex -16.528214432333165 24.736220966000722 243
      vertex -13.783671803119118 25.787436174927656 243
      vertex -14.02405292057343 26.237157614363564 243
    endloop
  endfacet
  facet normal 0 0 1
    outer loop
      vertex -14.02405292057343 26.237157614363564 243
      vertex -13.783671803119118 25.787436174927656 243
      vertex -11.189688905628895 27.014298714705035 243
    endloop
  endfacet
  facet normal 0 0 1
    outer loop
      vertex -14.02405292057343 26.237157614363564 243
      vertex -11.189688905628895 27.014298714705035 243
      vertex -11.384832112861421 27.48541609221078 243
    endloop
  endfacet
  facet normal -0.3368898533922202 0.9415440651830207 0
    outer loop
      vertex -8.635969148320255 28.468974988033214 113
      vertex -11.384832112861421 27.48541609221078 243
      vertex -8.635969148320255 28.468974988033214 243
    endloop
  endfacet
  facet normal -0.24298017990326415 0.9700312531945441 0
    outer loop
      vertex -5.803937079979815 29.178362091996107 113
      vertex -8.635969148320255 28.468974988033214 243
      vertex -5.803937079979815 29.178362091996107 243
    endloop
  endfacet
  facet normal -0.14673047445536155 0.989176509964781 0
    outer loop
      vertex -2.916009924804428 29.606745618497857 113
      vertex -5.803937079979815 29.178362091996107 243
      vertex -2.916009924804428 29.606745618497857 243
    endloop
  endfacet
  facet normal -0.04906767432741739 0.9987954562051724 0
    outer loop
      vertex -1 29.70087315023053 113
      vertex -2.916009924804428 29.606745618497857 243
      vertex -1 29.70087315023053 243
    endloop
  endfacet
  facet normal 0 0 1
    outer loop
      vertex -11.384832112861421 27.48541609221078 243
      vertex -11.189688905628895 27.014298714705035 243
      vertex -8.487943187071293 27.98099879034196 243
    endloop
  endfacet
  facet normal 0 0 1
    outer loop
      vertex -11.384832112861421 27.48541609221078 243
      vertex -8.487943187071293 27.98099879034196 243
      vertex -8.635969148320255 28.468974988033214 243
    endloop
  endfacet
  facet normal 0 0 1
    outer loop
      vertex -8.635969148320255 28.468974988033214 243
      vertex -8.487943187071293 27.98099879034196 243
      vertex -5.704453935640466 28.678226551658042 243
    endloop
  endfacet
  facet normal 0 0 1
    outer loop
      vertex -8.635969148320255 28.468974988033214 243
      vertex -5.704453935640466 28.678226551658042 243
      vertex -5.803937079979815 29.178362091996107 243
    endloop
  endfacet
  facet normal 0 0 1
    outer loop
      vertex -5.803937079979815 29.178362091996107 243
      vertex -5.704453935640466 28.678226551658042 243
      vertex -2.8660276744376993 29.099267314168337 243
    endloop
  endfacet
  facet normal 0 0 1
    outer loop
      vertex -5.803937079979815 29.178362091996107 243
      vertex -2.8660276744376993 29.099267314168337 243
      vertex -2.916009924804428 29.606745618497857 243
    endloop
  endfacet
  facet normal 0 0 1
    outer loop
      vertex -2.916009924804428 29.606745618497857 243
      vertex -2.8660276744376993 29.099267314168337 243
      vertex -0.22776515739118708 29.228876840495698 243
    endloop
  endfacet
  facet normal 0 0 1
    outer loop
      vertex -2.916009924804428 29.606745618497857 243
      vertex -0.22776515739118708 29.228876840495698 243
      vertex -1 29.70087315023053 243
    endloop
  endfacet
  facet normal 0 0 1
    outer loop
      vertex -1 29.70087315023053 243
      vertex -0.22776515739118708 29.228876840495698 243
      vertex -0.2495707560618996 29.737739374960093 243
    endloop
  endfacet
  facet normal 0.04906767432741798 -0.9987954562051724 0
    outer loop
      vertex 0 -29.75 113
      vertex 2.916009924804428 -29.606745618497857 113
      vertex 0 -29.75 131
    endloop
  endfacet
  facet normal 0.14673047445536155 -0.9891765099647809 4.3919182002440005e-17
    outer loop
      vertex 2.916009924804428 -29.606745618497857 113
      vertex 5.803937079979815 -29.178362091996107 113
      vertex 3.333421398117613 -29.54482847539411 132.01118232618472
    endloop
  endfacet
  facet normal 0.04906767432741833 -0.9987954562051724 6.00968155038841e-17
    outer loop
      vertex 2.916009924804428 -29.606745618497857 113
      vertex 0.5881028419773636 -29.72110836003318 131.02889163996682
      vertex 0 -29.75 131
    endloop
  endfacet
  facet normal 0.04906767432741721 -0.9987954562051724 -8.301428593212906e-17
    outer loop
      vertex 2.916009924804428 -29.606745618497857 113
      vertex 1.1705419320967696 -29.69249496235302 131.11528831758062
      vertex 0.5881028419773636 -29.72110836003318 131.02889163996682
    endloop
  endfacet
  facet normal 0.04906767432741839 -0.9987954562051723 2.82305006206484e-17
    outer loop
      vertex 2.916009924804428 -29.606745618497857 113
      vertex 1.741708063526774 -29.66443536962085 131.25835798560675
      vertex 1.1705419320967696 -29.69249496235302 131.11528831758062
    endloop
  endfacet
  facet normal 0.049067674327419486 -0.9987954562051723 9.82345365925291e-17
    outer loop
      vertex 2.916009924804428 -29.606745618497857 113
      vertex 2.2961005941905386 -29.637199811053616 131.45672280493227
      vertex 1.741708063526774 -29.66443536962085 131.25835798560675
    endloop
  endfacet
  facet normal 0.04906767432741505 -0.9987954562051725 -5.059565138619908e-17
    outer loop
      vertex 2.916009924804428 -29.606745618497857 113
      vertex 2.8283804209559857 -29.611050579968794 131.70847241390987
      vertex 2.2961005941905386 -29.637199811053616 131.45672280493227
    endloop
  endfacet
  facet normal 0.04906767432742584 -0.9987954562051721 0
    outer loop
      vertex 2.916009924804428 -29.606745618497857 113
      vertex 2.916009924804428 -29.606745618497857 131.76099551722663
      vertex 2.8283804209559857 -29.611050579968794 131.70847241390987
    endloop
  endfacet
  facet normal 0.14673047445536355 -0.9891765099647807 0
    outer loop
      vertex 2.916009924804428 -29.606745618497857 113
      vertex 3.333421398117613 -29.54482847539411 132.01118232618472
      vertex 2.916009924804428 -29.606745618497857 131.76099551722663
    endloop
  endfacet
  facet normal 0.146730474455357 -0.9891765099647816 -5.6669875608348265e-16
    outer loop
      vertex 5.803937079979815 -29.178362091996107 113
      vertex 3.806359704981873 -29.474674704600687 132.36193727982356
      vertex 3.333421398117613 -29.54482847539411 132.01118232618472
    endloop
  endfacet
  facet normal 0.1467304744553629 -0.9891765099647808 6.21141170483215e-17
    outer loop
      vertex 5.803937079979815 -29.178362091996107 113
      vertex 4.242640687119286 -29.409958534271134 132.7573593128807
      vertex 3.806359704981873 -29.474674704600687 132.36193727982356
    endloop
  endfacet
  facet normal 0.1467304744553598 -0.9891765099647811 -1.9334941018404296e-16
    outer loop
      vertex 5.803937079979815 -29.178362091996107 113
      vertex 4.638062720176422 -29.351303216503183 133.19364029501813
      vertex 4.242640687119286 -29.409958534271134 132.7573593128807
    endloop
  endfacet
  facet normal 0.14673047445536733 -0.9891765099647802 2.529531814678387e-16
    outer loop
      vertex 5.803937079979815 -29.178362091996107 113
      vertex 4.988817673815271 -29.299273634071195 133.66657860188238
      vertex 4.638062720176422 -29.351303216503183 133.19364029501813
    endloop
  endfacet
  facet normal 0.14673047445535678 -0.9891765099647818 -1.742761996674921e-16
    outer loop
      vertex 5.803937079979815 -29.178362091996107 113
      vertex 5.2915275860901305 -29.25437086029626 134.171619579044
      vertex 4.988817673815271 -29.299273634071195 133.66657860188238
    endloop
  endfacet
  facet normal 0.14673047445536477 -0.9891765099647805 2.4751620523163064e-17
    outer loop
      vertex 5.803937079979815 -29.178362091996107 113
      vertex 5.54327719506772 -29.217027333436175 134.70389940580947
      vertex 5.2915275860901305 -29.25437086029626 134.171619579044
    endloop
  endfacet
  facet normal 0.14673047445536555 -0.9891765099647805 3.400104234442423e-17
    outer loop
      vertex 5.803937079979815 -29.178362091996107 113
      vertex 5.741642014393253 -29.187602692068655 135.25829193647323
      vertex 5.54327719506772 -29.217027333436175 134.70389940580947
    endloop
  endfacet
  facet normal 0.14673047445535364 -0.9891765099647822 0
    outer loop
      vertex 5.803937079979815 -29.178362091996107 113
      vertex 5.803937079979815 -29.178362091996107 135.5069877789194
      vertex 5.741642014393253 -29.187602692068655 135.25829193647323
    endloop
  endfacet
  facet normal 0.2429801799032796 -0.9700312531945401 0
    outer loop
      vertex 5.803937079979815 -29.178362091996107 113
      vertex 5.884711682419383 -29.158129107370357 135.82945806790323
      vertex 5.803937079979815 -29.178362091996107 135.5069877789194
    endloop
  endfacet
  facet normal 0.24298017990324003 -0.97003125319455 1.4867134236989242e-16
    outer loop
      vertex 5.803937079979815 -29.178362091996107 113
      vertex 5.971108360033181 -29.13648786622425 136.41189715802264
      vertex 5.884711682419383 -29.158129107370357 135.82945806790323
    endloop
  endfacet
  facet normal 0.24298017990332782 -0.9700312531945281 -5.163257311707483e-16
    outer loop
      vertex 5.803937079979815 -29.178362091996107 113
      vertex 6 -29.12925088715402 137
      vertex 5.971108360033181 -29.13648786622425 136.41189715802264
    endloop
  endfacet
  facet normal 0.24298017990326415 -0.9700312531945441 4.448185633995726e-19
    outer loop
      vertex 5.803937079979815 -29.178362091996107 113
      vertex 8.635969148320255 -28.468974988033214 113
      vertex 8.635969148320255 -28.468974988033214 243
    endloop
  endfacet
  facet normal 0.24298017990326162 -0.9700312531945445 5.680354920820994e-17
    outer loop
      vertex 5.803937079979815 -29.178362091996107 113
      vertex 8.635969148320255 -28.468974988033214 243
      vertex 6 -29.12925088715402 137
    endloop
  endfacet
  facet normal 0.3368898533922202 -0.9415440651830207 -2.194844783114123e-19
    outer loop
      vertex 8.635969148320255 -28.468974988033214 113
      vertex 11.384832112861421 -27.48541609221078 113
      vertex 11.384832112861421 -27.48541609221078 243
    endloop
  endfacet
  facet normal 0.42755509343028125 -0.9039892931234437 1.4358645069033609e-19
    outer loop
      vertex 11.384832112861421 -27.48541609221078 113
      vertex 14.02405292057343 -26.237157614363564 113
      vertex 14.02405292057343 -26.237157614363564 243
    endloop
  endfacet
  facet normal 0.514102744193222 -0.8577286100002719 8.028544870233397e-20
    outer loop
      vertex 14.02405292057343 -26.237157614363564 113
      vertex 16.528214432333165 -24.736220966000722 113
      vertex 16.528214432333165 -24.736220966000722 243
    endloop
  endfacet
  facet normal 0.24298017990326382 -0.970031253194544 -9.591492099425258e-20
    outer loop
      vertex 8.635969148320255 -28.468974988033214 243
      vertex 6 -29.12925088715402 243
      vertex 6 -29.12925088715402 137
    endloop
  endfacet
  facet normal 0.3368898533922202 -0.9415440651830207 0
    outer loop
      vertex 8.635969148320255 -28.468974988033214 113
      vertex 11.384832112861421 -27.48541609221078 243
      vertex 8.635969148320255 -28.468974988033214 243
    endloop
  endfacet
  facet normal 0 0 1
    outer loop
      vertex 8.635969148320255 -28.468974988033214 243
      vertex 6 -28.60419611640012 243
      vertex 6 -29.12925088715402 243
    endloop
  endfacet
  facet normal 0 0 1
    outer loop
      vertex 8.635969148320255 -28.468974988033214 243
      vertex 8.487943187071293 -27.98099879034196 243
      vertex 6 -28.60419611640012 243
    endloop
  endfacet
  facet normal 0 0 1
    outer loop
      vertex 8.635969148320255 -28.468974988033214 243
      vertex 11.384832112861421 -27.48541609221078 243
      vertex 8.487943187071293 -27.98099879034196 243
    endloop
  endfacet
  facet normal 0 0 1
    outer loop
      vertex 11.384832112861421 -27.48541609221078 243
      vertex 11.189688905628895 -27.014298714705035 243
      vertex 8.487943187071293 -27.98099879034196 243
    endloop
  endfacet
  facet normal 0.42755509343028125 -0.9039892931234437 0
    outer loop
      vertex 11.384832112861421 -27.48541609221078 113
      vertex 14.02405292057343 -26.237157614363564 243
      vertex 11.384832112861421 -27.48541609221078 243
    endloop
  endfacet
  facet normal 0.514102744193222 -0.8577286100002719 0
    outer loop
      vertex 14.02405292057343 -26.237157614363564 113
      vertex 16.528214432333165 -24.736220966000722 243
      vertex 14.02405292057343 -26.237157614363564 243
    endloop
  endfacet
  facet normal 0.5956993044924337 -0.8032075314806447 0
    outer loop
      vertex 16.528214432333165 -24.736220966000722 113
      vertex 18.873200203868453 -22.997060987541424 243
      vertex 16.528214432333165 -24.736220966000722 243
    endloop
  endfacet
  facet normal 0 0 1
    outer loop
      vertex 11.384832112861421 -27.48541609221078 243
      vertex 14.02405292057343 -26.237157614363564 243
      vertex 11.189688905628895 -27.014298714705035 243
    endloop
  endfacet
  facet normal 0 0 1
    outer loop
      vertex 14.02405292057343 -26.237157614363564 243
      vertex 13.783671803119118 -25.787436174927656 243
      vertex 11.189688905628895 -27.014298714705035 243
    endloop
  endfacet
  facet normal 0 0 1
    outer loop
      vertex 14.02405292057343 -26.237157614363564 243
      vertex 16.528214432333165 -24.736220966000722 243
      vertex 13.783671803119118 -25.787436174927656 243
    endloop
  endfacet
  facet normal 0 0 1
    outer loop
      vertex 16.528214432333165 -24.736220966000722 243
      vertex 16.244910406223838 -24.312226527939167 243
      vertex 13.783671803119118 -25.787436174927656 243
    endloop
  endfacet
  facet normal 0 0 1
    outer loop
      vertex 16.528214432333165 -24.736220966000722 243
      vertex 18.873200203868453 -22.997060987541424 243
      vertex 16.244910406223838 -24.312226527939167 243
    endloop
  endfacet
  facet normal 0.5956993044924337 -0.8032075314806447 4.901937796584098e-19
    outer loop
      vertex 16.528214432333165 -24.736220966000722 113
      vertex 18.873200203868453 -22.997060987541424 113
      vertex 18.873200203868453 -22.997060987541424 243
    endloop
  endfacet
  facet normal 0.6715589548470172 -0.7409511253549602 1.7645147240176592e-19
    outer loop
      vertex 18.873200203868453 -22.997060987541424 113
      vertex 21.03642674029979 -21.03642674029979 113
      vertex 21.03642674029979 -21.03642674029979 243
    endloop
  endfacet
  facet normal 0.7409511253549602 -0.6715589548470172 0
    outer loop
      vertex 21.03642674029979 -21.03642674029979 113
      vertex 22.997060987541424 -18.873200203868453 113
      vertex 21.03642674029979 -21.03642674029979 243
    endloop
  endfacet
  facet normal 0.8032075314806447 -0.5956993044924337 0
    outer loop
      vertex 22.997060987541424 -18.873200203868453 113
      vertex 24.736220966000722 -16.528214432333165 113
      vertex 22.997060987541424 -18.873200203868453 243
    endloop
  endfacet
  facet normal 0.6715589548470172 -0.7409511253549602 0
    outer loop
      vertex 18.873200203868453 -22.997060987541424 113
      vertex 21.03642674029979 -21.03642674029979 243
      vertex 18.873200203868453 -22.997060987541424 243
    endloop
  endfacet
  facet normal 0.7409511253549602 -0.6715589548470172 0
    outer loop
      vertex 22.997060987541424 -18.873200203868453 113
      vertex 22.997060987541424 -18.873200203868453 243
      vertex 21.03642674029979 -21.03642674029979 243
    endloop
  endfacet
  facet normal 0 0 1
    outer loop
      vertex 18.873200203868453 -22.997060987541424 243
      vertex 18.549701641745276 -22.60287684907169 243
      vertex 16.244910406223838 -24.312226527939167 243
    endloop
  endfacet
  facet normal 0 0 1
    outer loop
      vertex 18.873200203868453 -22.997060987541424 243
      vertex 21.03642674029979 -21.03642674029979 243
      vertex 18.549701641745276 -22.60287684907169 243
    endloop
  endfacet
  facet normal 0 0 1
    outer loop
      vertex 21.03642674029979 -21.03642674029979 243
      vertex 20.67584911015831 -20.67584911015831 243
      vertex 18.549701641745276 -22.60287684907169 243
    endloop
  endfacet
  facet normal 0 0 1
    outer loop
      vertex 21.03642674029979 -21.03642674029979 243
      vertex 22.997060987541424 -18.873200203868453 243
      vertex 20.67584911015831 -20.67584911015831 243
    endloop
  endfacet
  facet normal 0 0 1
    outer loop
      vertex 22.997060987541424 -18.873200203868453 243
      vertex 22.60287684907169 -18.549701641745276 243
      vertex 20.67584911015831 -20.67584911015831 243
    endloop
  endfacet
  facet normal 0 0 1
    outer loop
      vertex 22.997060987541424 -18.873200203868453 243
      vertex 24.736220966000722 -16.528214432333165 243
      vertex 22.60287684907169 -18.549701641745276 243
    endloop
  endfacet
  facet normal 0.8577286100002718 -0.5141027441932223 0
    outer loop
      vertex 24.736220966000722 -16.528214432333165 113
      vertex 25.222495179917505 -15.716914920138661 113
      vertex 24.736220966000722 -16.528214432333165 243
    endloop
  endfacet
  facet normal 0.9039892931234436 -0.42755509343028164 2.904360596817594e-19
    outer loop
      vertex 26.248571873001126 -13.999919498341189 113
      vertex 27.48541609221078 -11.384832112861421 113
      vertex 27.48541609221078 -11.384832112861421 243
    endloop
  endfacet
  facet normal 0.9415440651830207 -0.3368898533922202 0
    outer loop
      vertex 27.48541609221078 -11.384832112861421 113
      vertex 28.468974988033214 -8.635969148320255 113
      vertex 27.48541609221078 -11.384832112861421 243
    endloop
  endfacet
  facet normal 0.9700312531945441 -0.24298017990326415 0
    outer loop
      vertex 28.468974988033214 -8.635969148320255 113
      vertex 29.178362091996107 -5.803937079979815 113
      vertex 28.468974988033214 -8.635969148320255 243
    endloop
  endfacet
  facet normal 0.989176509964781 -0.14673047445536155 0
    outer loop
      vertex 29.178362091996107 -5.803937079979815 113
      vertex 29.606745618497857 -2.916009924804428 113
      vertex 29.178362091996107 -5.803937079979815 243
    endloop
  endfacet
  facet normal 0.9987954562051723 -0.04906767432741797 0
    outer loop
      vertex 29.606745618497857 -2.916009924804428 113
      vertex 29.75 0 113
      vertex 29.606745618497857 -2.916009924804428 243
    endloop
  endfacet
  facet normal 0.8032075314806447 -0.5956993044924337 0
    outer loop
      vertex 24.736220966000722 -16.528214432333165 113
      vertex 24.736220966000722 -16.528214432333165 243
      vertex 22.997060987541424 -18.873200203868453 243
    endloop
  endfacet
  facet normal 0.8577286100002718 -0.5141027441932223 0
    outer loop
      vertex 25.222495179917505 -15.716914920138661 113
      vertex 25.222495179917505 -15.716914920138661 243
      vertex 24.736220966000722 -16.528214432333165 243
    endloop
  endfacet
  facet normal 0.9039892931234436 -0.42755509343028164 0
    outer loop
      vertex 26.248571873001126 -13.999919498341189 113
      vertex 27.48541609221078 -11.384832112861421 243
      vertex 26.248571873001126 -13.999919498341189 243
    endloop
  endfacet
  facet normal 0 0 1
    outer loop
      vertex 24.736220966000722 -16.528214432333165 243
      vertex 24.312226527939167 -16.244910406223838 243
      vertex 22.60287684907169 -18.549701641745276 243
    endloop
  endfacet
  facet normal 0 0 1
    outer loop
      vertex 24.736220966000722 -16.528214432333165 243
      vertex 25.222495179917505 -15.716914920138661 243
      vertex 24.312226527939167 -16.244910406223838 243
    endloop
  endfacet
  facet normal 0 0 1
    outer loop
      vertex 25.222495179917505 -15.716914920138661 243
      vertex 24.88004625955723 -15.297560417077616 243
      vertex 24.312226527939167 -16.244910406223838 243
    endloop
  endfacet
  facet normal 0 0 1
    outer loop
      vertex 26.236153593914626 -14.003615614830268 243
      vertex 25.787436174927656 -13.783671803119118 243
      vertex 25.501388797415135 -14.260913020520253 243
    endloop
  endfacet
  facet normal 0 0 1
    outer loop
      vertex 26.236153593914626 -14.003615614830268 243
      vertex 27.014298714705035 -11.189688905628895 243
      vertex 25.787436174927656 -13.783671803119118 243
    endloop
  endfacet
  facet normal 0 0 1
    outer loop
      vertex 26.244537276247566 -14.008449936460936 243
      vertex 26.248571873001126 -13.999919498341189 243
      vertex 27.014298714705035 -11.189688905628895 243
    endloop
  endfacet
  facet normal 0 0 1
    outer loop
      vertex 26.236153593914626 -14.003615614830268 243
      vertex 26.244537276247566 -14.008449936460936 243
      vertex 27.014298714705035 -11.189688905628895 243
    endloop
  endfacet
  facet normal 0 0 1
    outer loop
      vertex 26.248571873001126 -13.999919498341189 243
      vertex 27.48541609221078 -11.384832112861421 243
      vertex 27.014298714705035 -11.189688905628895 243
    endloop
  endfacet
  facet normal 0.9415440651830207 -0.3368898533922202 0
    outer loop
      vertex 28.468974988033214 -8.635969148320255 113
      vertex 28.468974988033214 -8.635969148320255 243
      vertex 27.48541609221078 -11.384832112861421 243
    endloop
  endfacet
  facet normal 0.9700312531945441 -0.24298017990326415 0
    outer loop
      vertex 29.178362091996107 -5.803937079979815 113
      vertex 29.178362091996107 -5.803937079979815 243
      vertex 28.468974988033214 -8.635969148320255 243
    endloop
  endfacet
  facet normal 0.989176509964781 -0.14673047445536155 0
    outer loop
      vertex 29.606745618497857 -2.916009924804428 113
      vertex 29.606745618497857 -2.916009924804428 243
      vertex 29.178362091996107 -5.803937079979815 243
    endloop
  endfacet
  facet normal 0.9987954562051723 -0.04906767432741797 7.023129797054646e-20
    outer loop
      vertex 29.606745618497857 -2.916009924804428 243
      vertex 29.75 0 113
      vertex 29.75 0 243
    endloop
  endfacet
  facet normal 0 0 1
    outer loop
      vertex 27.48541609221078 -11.384832112861421 243
      vertex 28.468974988033214 -8.635969148320255 243
      vertex 27.014298714705035 -11.189688905628895 243
    endloop
  endfacet
  facet normal 0 0 1
    outer loop
      vertex 28.468974988033214 -8.635969148320255 243
      vertex 27.98099879034196 -8.487943187071293 243
      vertex 27.014298714705035 -11.189688905628895 243
    endloop
  endfacet
  facet normal 0 0 1
    outer loop
      vertex 28.468974988033214 -8.635969148320255 243
      vertex 29.178362091996107 -5.803937079979815 243
      vertex 27.98099879034196 -8.487943187071293 243
    endloop
  endfacet
  facet normal 0 0 1
    outer loop
      vertex 29.178362091996107 -5.803937079979815 243
      vertex 28.678226551658042 -5.704453935640467 243
      vertex 27.98099879034196 -8.487943187071293 243
    endloop
  endfacet
  facet normal 0 0 1
    outer loop
      vertex 29.178362091996107 -5.803937079979815 243
      vertex 29.099267314168337 -2.866027674437699 243
      vertex 28.678226551658042 -5.704453935640467 243
    endloop
  endfacet
  facet normal 0 0 1
    outer loop
      vertex 29.178362091996107 -5.803937079979815 243
      vertex 29.606745618497857 -2.916009924804428 243
      vertex 29.099267314168337 -2.866027674437699 243
    endloop
  endfacet
  facet normal 0 0 1
    outer loop
      vertex 29.606745618497857 -2.916009924804428 243
      vertex 29.24006622516557 0 243
      vertex 29.099267314168337 -2.866027674437699 243
    endloop
  endfacet
  facet normal 0.6715589548470172 0.7409511253549602 0
    outer loop
      vertex 18.873200203868453 22.997060987541424 113
      vertex 18.873200203868453 22.997060987541424 243
      vertex 21.03642674029979 21.03642674029979 113
    endloop
  endfacet
  facet normal 0.7409511253549602 0.6715589548470172 0
    outer loop
      vertex 22.997060987541424 18.873200203868453 113
      vertex 21.03642674029979 21.03642674029979 113
      vertex 22.997060987541424 18.873200203868453 243
    endloop
  endfacet
  facet normal 0.5956993044924337 0.8032075314806447 0
    outer loop
      vertex 18.873200203868453 22.997060987541424 113
      vertex 16.528214432333165 24.736220966000722 243
      vertex 18.873200203868453 22.997060987541424 243
    endloop
  endfacet
  facet normal 0.6715589548470172 0.7409511253549602 0
    outer loop
      vertex 21.03642674029979 21.03642674029979 113
      vertex 18.873200203868453 22.997060987541424 243
      vertex 21.03642674029979 21.03642674029979 243
    endloop
  endfacet
  facet normal 0.7409511253549602 0.6715589548470172 0
    outer loop
      vertex 21.03642674029979 21.03642674029979 113
      vertex 21.03642674029979 21.03642674029979 243
      vertex 22.997060987541424 18.873200203868453 243
    endloop
  endfacet
  facet normal 0.8032075314806447 0.5956993044924337 0
    outer loop
      vertex 22.997060987541424 18.873200203868453 113
      vertex 22.997060987541424 18.873200203868453 243
      vertex 24.736220966000722 16.528214432333165 243
    endloop
  endfacet
  facet normal 0 0 1
    outer loop
      vertex 18.873200203868453 22.997060987541424 243
      vertex 16.528214432333165 24.736220966000722 243
      vertex 18.549701641745276 22.60287684907169 243
    endloop
  endfacet
  facet normal 0 0 1
    outer loop
      vertex 18.873200203868453 22.997060987541424 243
      vertex 18.549701641745276 22.60287684907169 243
      vertex 20.67584911015831 20.67584911015831 243
    endloop
  endfacet
  facet normal 0 0 1
    outer loop
      vertex 18.873200203868453 22.997060987541424 243
      vertex 20.67584911015831 20.67584911015831 243
      vertex 21.03642674029979 21.03642674029979 243
    endloop
  endfacet
  facet normal 0 0 1
    outer loop
      vertex 21.03642674029979 21.03642674029979 243
      vertex 20.67584911015831 20.67584911015831 243
      vertex 22.60287684907169 18.549701641745276 243
    endloop
  endfacet
  facet normal 0 0 1
    outer loop
      vertex 22.997060987541424 18.873200203868453 243
      vertex 22.60287684907169 18.549701641745276 243
      vertex 24.312226527939167 16.244910406223838 243
    endloop
  endfacet
  facet normal 0 0 1
    outer loop
      vertex 22.997060987541424 18.873200203868453 243
      vertex 21.03642674029979 21.03642674029979 243
      vertex 22.60287684907169 18.549701641745276 243
    endloop
  endfacet
  facet normal 0.14673047445536155 0.989176509964781 -1.6679073172791095e-19
    outer loop
      vertex 5.803937079979815 29.178362091996107 113
      vertex 2.916009924804428 29.606745618497857 113
      vertex 2.916009924804428 29.606745618497857 243
    endloop
  endfacet
  facet normal 0.04906767432741739 0.9987954562051724 -9.78138607365065e-21
    outer loop
      vertex 1 29.70087315023053 113
      vertex 2.916009924804428 29.606745618497857 243
      vertex 2.916009924804428 29.606745618497857 113
    endloop
  endfacet
  facet normal 0.24298017990326415 0.9700312531945441 0
    outer loop
      vertex 5.803937079979815 29.178362091996107 113
      vertex 5.803937079979815 29.178362091996107 243
      vertex 8.635969148320255 28.468974988033214 113
    endloop
  endfacet
  facet normal 0.3368898533922202 0.9415440651830207 0
    outer loop
      vertex 8.635969148320255 28.468974988033214 113
      vertex 8.635969148320255 28.468974988033214 243
      vertex 11.384832112861421 27.48541609221078 113
    endloop
  endfacet
  facet normal 0.42755509343028125 0.9039892931234437 0
    outer loop
      vertex 11.384832112861421 27.48541609221078 113
      vertex 11.384832112861421 27.48541609221078 243
      vertex 14.02405292057343 26.237157614363564 113
    endloop
  endfacet
  facet normal 0.514102744193222 0.8577286100002719 0
    outer loop
      vertex 14.02405292057343 26.237157614363564 113
      vertex 14.02405292057343 26.237157614363564 243
      vertex 16.528214432333165 24.736220966000722 113
    endloop
  endfacet
  facet normal 0.5956993044924337 0.8032075314806447 -4.901937796584098e-19
    outer loop
      vertex 18.873200203868453 22.997060987541424 113
      vertex 16.528214432333165 24.736220966000722 113
      vertex 16.528214432333165 24.736220966000722 243
    endloop
  endfacet
  facet normal 0.14673047445536155 0.989176509964781 0
    outer loop
      vertex 5.803937079979815 29.178362091996107 113
      vertex 2.916009924804428 29.606745618497857 243
      vertex 5.803937079979815 29.178362091996107 243
    endloop
  endfacet
  facet normal 0.04906767432741739 0.9987954562051724 0
    outer loop
      vertex 1 29.70087315023053 113
      vertex 1 29.70087315023053 243
      vertex 2.916009924804428 29.606745618497857 243
    endloop
  endfacet
  facet normal 0.24298017990326415 0.9700312531945441 0
    outer loop
      vertex 8.635969148320255 28.468974988033214 113
      vertex 5.803937079979815 29.178362091996107 243
      vertex 8.635969148320255 28.468974988033214 243
    endloop
  endfacet
  facet normal 0.3368898533922202 0.9415440651830207 0
    outer loop
      vertex 11.384832112861421 27.48541609221078 113
      vertex 8.635969148320255 28.468974988033214 243
      vertex 11.384832112861421 27.48541609221078 243
    endloop
  endfacet
  facet normal 0 0 1
    outer loop
      vertex 1 29.70087315023053 243
      vertex 1 29.190939375396106 243
      vertex 2.916009924804428 29.606745618497857 243
    endloop
  endfacet
  facet normal 0 0 1
    outer loop
      vertex 2.916009924804428 29.606745618497857 243
      vertex 1 29.190939375396106 243
      vertex 2.8660276744376993 29.099267314168337 243
    endloop
  endfacet
  facet normal 0 0 1
    outer loop
      vertex 2.916009924804428 29.606745618497857 243
      vertex 2.8660276744376993 29.099267314168337 243
      vertex 5.704453935640466 28.678226551658042 243
    endloop
  endfacet
  facet normal 0 0 1
    outer loop
      vertex 5.803937079979815 29.178362091996107 243
      vertex 2.916009924804428 29.606745618497857 243
      vertex 5.704453935640466 28.678226551658042 243
    endloop
  endfacet
  facet normal 0 0 1
    outer loop
      vertex 5.803937079979815 29.178362091996107 243
      vertex 5.704453935640466 28.678226551658042 243
      vertex 8.487943187071293 27.98099879034196 243
    endloop
  endfacet
  facet normal 0 0 1
    outer loop
      vertex 5.803937079979815 29.178362091996107 243
      vertex 8.487943187071293 27.98099879034196 243
      vertex 8.635969148320255 28.468974988033214 243
    endloop
  endfacet
  facet normal 0 0 1
    outer loop
      vertex 8.635969148320255 28.468974988033214 243
      vertex 8.487943187071293 27.98099879034196 243
      vertex 11.189688905628895 27.014298714705035 243
    endloop
  endfacet
  facet normal 0 0 1
    outer loop
      vertex 8.635969148320255 28.468974988033214 243
      vertex 11.189688905628895 27.014298714705035 243
      vertex 11.384832112861421 27.48541609221078 243
    endloop
  endfacet
  facet normal 0.42755509343028125 0.9039892931234437 0
    outer loop
      vertex 14.02405292057343 26.237157614363564 113
      vertex 11.384832112861421 27.48541609221078 243
      vertex 14.02405292057343 26.237157614363564 243
    endloop
  endfacet
  facet normal 0.514102744193222 0.8577286100002719 0
    outer loop
      vertex 16.528214432333165 24.736220966000722 113
      vertex 14.02405292057343 26.237157614363564 243
      vertex 16.528214432333165 24.736220966000722 243
    endloop
  endfacet
  facet normal 0 0 1
    outer loop
      vertex 11.384832112861421 27.48541609221078 243
      vertex 13.783671803119118 25.787436174927656 243
      vertex 14.02405292057343 26.237157614363564 243
    endloop
  endfacet
  facet normal 0 0 1
    outer loop
      vertex 14.02405292057343 26.237157614363564 243
      vertex 13.783671803119118 25.787436174927656 243
      vertex 16.244910406223838 24.312226527939167 243
    endloop
  endfacet
  facet normal 0 0 1
    outer loop
      vertex 11.384832112861421 27.48541609221078 243
      vertex 11.189688905628895 27.014298714705035 243
      vertex 13.783671803119118 25.787436174927656 243
    endloop
  endfacet
  facet normal 0 0 1
    outer loop
      vertex 14.02405292057343 26.237157614363564 243
      vertex 16.244910406223838 24.312226527939167 243
      vertex 16.528214432333165 24.736220966000722 243
    endloop
  endfacet
  facet normal 0 0 1
    outer loop
      vertex 16.528214432333165 24.736220966000722 243
      vertex 16.244910406223838 24.312226527939167 243
      vertex 18.549701641745276 22.60287684907169 243
    endloop
  endfacet
  facet normal 0.989176509964781 0.14673047445536155 -1.6679073172791095e-19
    outer loop
      vertex 29.178362091996107 5.803937079979815 113
      vertex 29.606745618497857 2.916009924804428 243
      vertex 29.606745618497857 2.916009924804428 113
    endloop
  endfacet
  facet normal 0.9700312531945441 0.24298017990326415 0
    outer loop
      vertex 29.178362091996107 5.803937079979815 113
      vertex 28.468974988033214 8.635969148320255 113
      vertex 29.178362091996107 5.803937079979815 243
    endloop
  endfacet
  facet normal 0.9415440651830207 0.3368898533922202 0
    outer loop
      vertex 28.468974988033214 8.635969148320255 113
      vertex 27.48541609221078 11.384832112861421 113
      vertex 28.468974988033214 8.635969148320255 243
    endloop
  endfacet
  facet normal 0.9987954562051723 0.04906767432741797 0
    outer loop
      vertex 29.75 0 113
      vertex 29.606745618497857 2.916009924804428 113
      vertex 29.75 0 243
    endloop
  endfacet
  facet normal 0.8032075314806447 0.5956993044924337 -4.901937796584098e-19
    outer loop
      vertex 22.997060987541424 18.873200203868453 113
      vertex 24.736220966000722 16.528214432333165 243
      vertex 24.736220966000722 16.528214432333165 113
    endloop
  endfacet
  facet normal 0.8577286100002719 0.514102744193222 0
    outer loop
      vertex 26.237157614363564 14.02405292057343 113
      vertex 24.736220966000722 16.528214432333165 113
      vertex 26.237157614363564 14.02405292057343 243
    endloop
  endfacet
  facet normal 0.9039892931234437 0.42755509343028125 0
    outer loop
      vertex 27.48541609221078 11.384832112861421 113
      vertex 26.237157614363564 14.02405292057343 113
      vertex 27.48541609221078 11.384832112861421 243
    endloop
  endfacet
  facet normal 0.989176509964781 0.14673047445536155 0
    outer loop
      vertex 29.178362091996107 5.803937079979815 113
      vertex 29.178362091996107 5.803937079979815 243
      vertex 29.606745618497857 2.916009924804428 243
    endloop
  endfacet
  facet normal 0.9700312531945441 0.24298017990326415 0
    outer loop
      vertex 28.468974988033214 8.635969148320255 113
      vertex 28.468974988033214 8.635969148320255 243
      vertex 29.178362091996107 5.803937079979815 243
    endloop
  endfacet
  facet normal 0.9415440651830207 0.3368898533922202 0
    outer loop
      vertex 27.48541609221078 11.384832112861421 113
      vertex 27.48541609221078 11.384832112861421 243
      vertex 28.468974988033214 8.635969148320255 243
    endloop
  endfacet
  facet normal 0.9987954562051723 0.04906767432741797 0
    outer loop
      vertex 29.606745618497857 2.916009924804428 113
      vertex 29.606745618497857 2.916009924804428 243
      vertex 29.75 0 243
    endloop
  endfacet
  facet normal 0 0 1
    outer loop
      vertex 29.606745618497857 -2.916009924804428 243
      vertex 29.178362091996107 5.803937079979815 243
      vertex 29.24006622516557 0 243
    endloop
  endfacet
  facet normal 0 0 1
    outer loop
      vertex 29.606745618497857 -2.916009924804428 243
      vertex 29.606745618497857 2.916009924804428 243
      vertex 29.178362091996107 5.803937079979815 243
    endloop
  endfacet
  facet normal 0 0 1
    outer loop
      vertex 29.178362091996107 5.803937079979815 243
      vertex 29.099267314168337 2.8660276744376993 243
      vertex 29.24006622516557 0 243
    endloop
  endfacet
  facet normal 0 0 1
    outer loop
      vertex 29.178362091996107 5.803937079979815 243
      vertex 28.678226551658042 5.704453935640466 243
      vertex 29.099267314168337 2.8660276744376993 243
    endloop
  endfacet
  facet normal 0 0 1
    outer loop
      vertex 29.178362091996107 5.803937079979815 243
      vertex 28.468974988033214 8.635969148320255 243
      vertex 28.678226551658042 5.704453935640466 243
    endloop
  endfacet
  facet normal 0 0 1
    outer loop
      vertex 28.468974988033214 8.635969148320255 243
      vertex 27.98099879034196 8.487943187071293 243
      vertex 28.678226551658042 5.704453935640466 243
    endloop
  endfacet
  facet normal 0 0 1
    outer loop
      vertex 28.468974988033214 8.635969148320255 243
      vertex 27.48541609221078 11.384832112861421 243
      vertex 27.98099879034196 8.487943187071293 243
    endloop
  endfacet
  facet normal 0 0 1
    outer loop
      vertex 27.48541609221078 11.384832112861421 243
      vertex 27.014298714705035 11.189688905628895 243
      vertex 27.98099879034196 8.487943187071293 243
    endloop
  endfacet
  facet normal 0 0 1
    outer loop
      vertex 29.606745618497857 -2.916009924804428 243
      vertex 29.75 0 243
      vertex 29.606745618497857 2.916009924804428 243
    endloop
  endfacet
  facet normal 0.8577286100002719 0.514102744193222 0
    outer loop
      vertex 24.736220966000722 16.528214432333165 113
      vertex 24.736220966000722 16.528214432333165 243
      vertex 26.237157614363564 14.02405292057343 243
    endloop
  endfacet
  facet normal 0.9039892931234437 0.42755509343028125 0
    outer loop
      vertex 26.237157614363564 14.02405292057343 113
      vertex 26.237157614363564 14.02405292057343 243
      vertex 27.48541609221078 11.384832112861421 243
    endloop
  endfacet
  facet normal 0 0 1
    outer loop
      vertex 26.237157614363564 14.02405292057343 243
      vertex 25.787436174927656 13.783671803119118 243
      vertex 27.014298714705035 11.189688905628895 243
    endloop
  endfacet
  facet normal 0 0 1
    outer loop
      vertex 24.736220966000722 16.528214432333165 243
      vertex 24.312226527939167 16.244910406223838 243
      vertex 25.787436174927656 13.783671803119118 243
    endloop
  endfacet
  facet normal 0 0 1
    outer loop
      vertex 22.997060987541424 18.873200203868453 243
      vertex 24.312226527939167 16.244910406223838 243
      vertex 24.736220966000722 16.528214432333165 243
    endloop
  endfacet
  facet normal 0 0 1
    outer loop
      vertex 26.237157614363564 14.02405292057343 243
      vertex 24.736220966000722 16.528214432333165 243
      vertex 25.787436174927656 13.783671803119118 243
    endloop
  endfacet
  facet normal 0 0 1
    outer loop
      vertex 27.48541609221078 11.384832112861421 243
      vertex 26.237157614363564 14.02405292057343 243
      vertex 27.014298714705035 11.189688905628895 243
    endloop
  endfacet
  facet normal -0.6068711078305682 -0.3637445437516386 -0.7066805256772052
    outer loop
      vertex -25.222495179917505 -15.716914920138661 113
      vertex -12.712994348890224 -8.494551247917215 98.53978829867852
      vertex -24.736220966000722 -16.528214432333165 113
    endloop
  endfacet
  facet normal -0.5682956575826011 -0.421476784890162 -0.7066805256772051
    outer loop
      vertex -24.736220966000722 -16.528214432333165 113
      vertex -12.712994348890224 -8.494551247917215 98.53978829867852
      vertex -22.997060987541424 -18.873200203868453 113
    endloop
  endfacet
  facet normal -0.5242472094901071 -0.4751499741875448 -0.7066805256772054
    outer loop
      vertex -21.03642674029979 -21.03642674029979 113
      vertex -22.997060987541424 -18.873200203868453 113
      vertex -4.745438514980955 -3.8944807424263232 89.38890600617033
    endloop
  endfacet
  facet normal -0.4751499741875448 -0.5242472094901071 -0.7066805256772054
    outer loop
      vertex -21.03642674029979 -21.03642674029979 113
      vertex -2.7320508075688767 -2.7320508075688767 87.11370330515628
      vertex -18.873200203868453 -22.997060987541424 113
    endloop
  endfacet
  facet normal -0.4214767848901619 -0.5682956575826009 -0.7066805256772053
    outer loop
      vertex -16.528214432333165 -24.736220966000722 113
      vertex -18.873200203868453 -22.997060987541424 113
      vertex -1.800974301941051 -2.1944935364085154 86.08889244558345
    endloop
  endfacet
  facet normal -0.6661732898343398 -0.23836061448964557 -0.7066805256772053
    outer loop
      vertex -27.48541609221078 -11.384832112861421 113
      vertex -28.468974988033214 -8.635969148320255 113
      vertex -7.078116022520107 -2.9318516525781355 90.91129757554039
    endloop
  endfacet
  facet normal -0.6396020575606339 -0.30250924381379196 -0.7066805256772054
    outer loop
      vertex -26.248571873001126 -13.999919498341189 113
      vertex -27.48541609221078 -11.384832112861421 113
      vertex -7.078116022520107 -2.9318516525781355 90.91129757554039
    endloop
  endfacet
  facet normal -0.6863289091595777 -0.17191644214679744 -0.7066805256772052
    outer loop
      vertex -28.468974988033214 -8.635969148320255 113
      vertex -29.178362091996107 -5.803937079979815 113
      vertex -4.21418039448427 -1.2783576467898854 87.65380683844803
    endloop
  endfacet
  facet normal -0.6998748059040629 -0.10381662048698827 -0.7066805256772052
    outer loop
      vertex -29.606745618497857 -2.916009924804428 113
      vertex -3.0512285710723637 -0.6069270984884548 86.36100567273797
      vertex -29.178362091996107 -5.803937079979815 113
    endloop
  endfacet
  facet normal -0.7066805256772052 -0.03471698801995219 -0.7066805256772054
    outer loop
      vertex -29.606745618497857 -2.916009924804428 113
      vertex -29.75 0 113
      vertex -2.411358796441803 -0.23749811185919578 85.67302633050365
    endloop
  endfacet
  facet normal -0.5682956575825986 -0.4214767848901649 -0.7066805256772055
    outer loop
      vertex -22.997060987541424 -18.873200203868453 113
      vertex -12.712994348890224 -8.494551247917215 98.53978829867852
      vertex -4.745438514980955 -3.8944807424263232 89.38890600617033
    endloop
  endfacet
  facet normal -0.6661732898343359 -0.238360614489658 -0.7066805256772049
    outer loop
      vertex -28.468974988033214 -8.635969148320255 113
      vertex -4.21418039448427 -1.2783576467898854 87.65380683844803
      vertex -7.078116022520107 -2.9318516525781355 90.91129757554039
    endloop
  endfacet
  facet normal -0.6863289091595782 -0.1719164421467917 -0.7066805256772057
    outer loop
      vertex -29.178362091996107 -5.803937079979815 113
      vertex -3.0512285710723637 -0.6069270984884548 86.36100567273797
      vertex -4.21418039448427 -1.2783576467898854 87.65380683844803
    endloop
  endfacet
  facet normal -0.3025092438137917 -0.6396020575606342 -0.7066805256772053
    outer loop
      vertex -14.02405292057343 -26.237157614363564 113
      vertex -0.8926821359138332 -1.670090809849873 85.14369604449202
      vertex -11.384832112861421 -27.48541609221078 113
    endloop
  endfacet
  facet normal -0.23836061448964563 -0.6661732898343398 -0.7066805256772053
    outer loop
      vertex -11.384832112861421 -27.48541609221078 113
      vertex -0.6286262797369307 -1.5176380902050415 84.89267963170458
      vertex -8.635969148320255 -28.468974988033214 113
    endloop
  endfacet
  facet normal -0.3637445437516384 -0.6068711078305682 -0.7066805256772053
    outer loop
      vertex -16.528214432333165 -24.736220966000722 113
      vertex -1.2561257959015613 -1.8799251047790506 85.51096669915943
      vertex -14.02405292057343 -26.237157614363564 113
    endloop
  endfacet
  facet normal -0.17191644214679735 -0.6863289091595776 -0.7066805256772054
    outer loop
      vertex -8.635969148320255 -28.468974988033214 113
      vertex -0.42464591306171573 -1.3998699705957074 84.71286024146384
      vertex -5.803937079979815 -29.178362091996107 113
    endloop
  endfacet
  facet normal -0.10381662048698824 -0.6998748059040626 -0.7066805256772054
    outer loop
      vertex -2.916009924804428 -29.606745618497857 113
      vertex -5.803937079979815 -29.178362091996107 113
      vertex -0.25948389547275097 -1.3045136352808169 84.58007056829452
    endloop
  endfacet
  facet normal -0.03471698801995219 -0.7066805256772053 -0.7066805256772053
    outer loop
      vertex -2.916009924804428 -29.606745618497857 113
      vertex -0.12058502813332589 -1.2243203368322657 84.48024429939382
      vertex 0 -29.75 113
    endloop
  endfacet
  facet normal -0.5242472094901045 -0.475149974187547 -0.7066805256772056
    outer loop
      vertex -21.03642674029979 -21.03642674029979 113
      vertex -4.745438514980955 -3.8944807424263232 89.38890600617033
      vertex -2.7320508075688767 -2.7320508075688767 87.11370330515628
    endloop
  endfacet
  facet normal -0.47514997418755567 -0.5242472094900996 -0.7066805256772036
    outer loop
      vertex -18.873200203868453 -22.997060987541424 113
      vertex -2.7320508075688767 -2.7320508075688767 87.11370330515628
      vertex -1.800974301941051 -2.1944935364085154 86.08889244558345
    endloop
  endfacet
  facet normal -0.4214767848901564 -0.5682956575826063 -0.7066805256772044
    outer loop
      vertex -16.528214432333165 -24.736220966000722 113
      vertex -1.800974301941051 -2.1944935364085154 86.08889244558345
      vertex -1.2561257959015613 -1.8799251047790506 85.51096669915943
    endloop
  endfacet
  facet normal -0.7066805256772051 -0.03471698801996337 -0.7066805256772051
    outer loop
      vertex -2.411358796441803 -0.23749811185919578 85.67302633050365
      vertex -29.75 0 113
      vertex -1.9999999999999998 0 85.25
    endloop
  endfacet
  facet normal -0.6998748059040668 -0.10381662048695368 -0.7066805256772064
    outer loop
      vertex -29.606745618497857 -2.916009924804428 113
      vertex -2.411358796441803 -0.23749811185919578 85.67302633050365
      vertex -3.0512285710723637 -0.6069270984884548 86.36100567273797
    endloop
  endfacet
  facet normal -0.36374454375163173 -0.6068711078305732 -0.7066805256772045
    outer loop
      vertex -14.02405292057343 -26.237157614363564 113
      vertex -1.2561257959015613 -1.8799251047790506 85.51096669915943
      vertex -0.8926821359138332 -1.670090809849873 85.14369604449202
    endloop
  endfacet
  facet normal -0.23836061448962303 -0.6661732898343479 -0.7066805256772054
    outer loop
      vertex -8.635969148320255 -28.468974988033214 113
      vertex -0.6286262797369307 -1.5176380902050415 84.89267963170458
      vertex -0.42464591306171573 -1.3998699705957074 84.71286024146384
    endloop
  endfacet
  facet normal -0.3025092438138162 -0.6396020575606228 -0.706680525677205
    outer loop
      vertex -11.384832112861421 -27.48541609221078 113
      vertex -0.8926821359138332 -1.670090809849873 85.14369604449202
      vertex -0.6286262797369307 -1.5176380902050415 84.89267963170458
    endloop
  endfacet
  facet normal -0.17191644214679302 -0.6863289091595777 -0.7066805256772062
    outer loop
      vertex -5.803937079979815 -29.178362091996107 113
      vertex -0.42464591306171573 -1.3998699705957074 84.71286024146384
      vertex -0.25948389547275097 -1.3045136352808169 84.58007056829452
    endloop
  endfacet
  facet normal -0.10381662048703602 -0.6998748059040574 -0.7066805256772035
    outer loop
      vertex -2.916009924804428 -29.606745618497857 113
      vertex -0.25948389547275097 -1.3045136352808169 84.58007056829452
      vertex -0.12058502813332589 -1.2243203368322657 84.48024429939382
    endloop
  endfacet
  facet normal -0.03471698801998032 -0.7066805256772046 -0.7066805256772046
    outer loop
      vertex -0.12058502813332589 -1.2243203368322657 84.48024429939382
      vertex 0 -1.1547005383792515 84.40470053837925
      vertex 0 -29.75 113
    endloop
  endfacet
  facet normal -0.7066805256772054 0.03471698801995219 -0.7066805256772054
    outer loop
      vertex -29.75 0 113
      vertex -29.606745618497857 2.916009924804428 113
      vertex -1.9999999999999998 0 85.25
    endloop
  endfacet
  facet normal -0.6998748059040625 0.10381662048698823 -0.7066805256772054
    outer loop
      vertex -29.606745618497857 2.916009924804428 113
      vertex -29.178362091996107 5.803937079979815 113
      vertex -1.7085370513303308 0.16827621187323566 84.96680393151081
    endloop
  endfacet
  facet normal -0.6863289091595777 0.17191644214679738 -0.7066805256772052
    outer loop
      vertex -29.178362091996107 5.803937079979815 113
      vertex -28.468974988033214 8.635969148320255 113
      vertex -1.4875127102374597 0.2958846747006643 84.7666548070806
    endloop
  endfacet
  facet normal -0.6661732898343399 0.2383606144896456 -0.7066805256772052
    outer loop
      vertex -28.468974988033214 8.635969148320255 113
      vertex -27.48541609221078 11.384832112861421 113
      vertex -1.3111213053617217 0.39772429978840795 84.62011813213883
    endloop
  endfacet
  facet normal -0.639602057560634 0.3025092438137917 -0.7066805256772054
    outer loop
      vertex -27.48541609221078 11.384832112861421 113
      vertex -26.237157614363564 14.02405292057343 113
      vertex -1.1645246645991763 0.48236190979495847 84.51047241401027
    endloop
  endfacet
  facet normal -0.6068711078305681 0.3637445437516384 -0.7066805256772054
    outer loop
      vertex -26.237157614363564 14.02405292057343 113
      vertex -24.736220966000722 16.528214432333165 113
      vertex -1 0.6681786379192988 84.45268977387009
    endloop
  endfacet
  facet normal -0.568295657582601 0.42147678489016194 -0.7066805256772053
    outer loop
      vertex -24.736220966000722 16.528214432333165 113
      vertex -22.997060987541424 18.873200203868453 113
      vertex -1 0.8206787908286604 84.54364356671998
    endloop
  endfacet
  facet normal -0.5242472094901071 0.47514997418754484 -0.7066805256772053
    outer loop
      vertex -22.997060987541424 18.873200203868453 113
      vertex -21.03642674029979 21.03642674029979 113
      vertex -1 1 84.66421356237309
    endloop
  endfacet
  facet normal -0.4751499741875448 0.5242472094901071 -0.7066805256772053
    outer loop
      vertex -21.03642674029979 21.03642674029979 113
      vertex -18.873200203868453 22.997060987541424 113
      vertex -1 1.2185035255879764 84.8263092469025
    endloop
  endfacet
  facet normal -0.42147678489016194 0.568295657582601 -0.7066805256772052
    outer loop
      vertex -18.873200203868453 22.997060987541424 113
      vertex -16.528214432333165 24.736220966000722 113
      vertex -1 1.4966057626654892 85.04995244627283
    endloop
  endfacet
  facet normal -0.7066805256772036 0.03471698801998198 -0.7066805256772056
    outer loop
      vertex -29.606745618497857 2.916009924804428 113
      vertex -1.7085370513303308 0.16827621187323566 84.96680393151081
      vertex -1.9999999999999998 0 85.25
    endloop
  endfacet
  facet normal -0.6998748059040737 0.10381662048692365 -0.7066805256772041
    outer loop
      vertex -29.178362091996107 5.803937079979815 113
      vertex -1.4875127102374597 0.2958846747006643 84.7666548070806
      vertex -1.7085370513303308 0.16827621187323566 84.96680393151081
    endloop
  endfacet
  facet normal -0.6863289091595703 0.1719164421468193 -0.7066805256772067
    outer loop
      vertex -28.468974988033214 8.635969148320255 113
      vertex -1.3111213053617217 0.39772429978840795 84.62011813213883
      vertex -1.4875127102374597 0.2958846747006643 84.7666548070806
    endloop
  endfacet
  facet normal -0.6661732898343322 0.23836061448965756 -0.7066805256772085
    outer loop
      vertex -27.48541609221078 11.384832112861421 113
      vertex -1.1645246645991763 0.48236190979495847 84.51047241401027
      vertex -1.3111213053617217 0.39772429978840795 84.62011813213883
    endloop
  endfacet
  facet normal -0.6068711078305292 0.36374454375172066 -0.7066805256771964
    outer loop
      vertex -26.237157614363564 14.02405292057343 113
      vertex -1 0.5773502691896257 84.40593834611337
      vertex -1.0385292025074149 0.5551054237503081 84.42757587268834
    endloop
  endfacet
  facet normal -0.6068711078305807 0.36374454375161136 -0.7066805256772084
    outer loop
      vertex -26.237157614363564 14.02405292057343 113
      vertex -1 0.6681786379192988 84.45268977387009
      vertex -1 0.5773502691896257 84.40593834611337
    endloop
  endfacet
  facet normal -0.6396020575606379 0.3025092438137889 -0.7066805256772032
    outer loop
      vertex -26.237157614363564 14.02405292057343 113
      vertex -1.0385292025074149 0.5551054237503081 84.42757587268834
      vertex -1.1645246645991763 0.48236190979495847 84.51047241401027
    endloop
  endfacet
  facet normal -0.5682956575826037 0.4214767848901592 -0.7066805256772046
    outer loop
      vertex -24.736220966000722 16.528214432333165 113
      vertex -1 0.8206787908286604 84.54364356671998
      vertex -1 0.6681786379192988 84.45268977387009
    endloop
  endfacet
  facet normal -0.524247209490108 0.4751499741875449 -0.7066805256772046
    outer loop
      vertex -22.997060987541424 18.873200203868453 113
      vertex -1 1 84.66421356237309
      vertex -1 0.8206787908286604 84.54364356671998
    endloop
  endfacet
  facet normal -0.4751499741875423 0.5242472094901094 -0.7066805256772054
    outer loop
      vertex -21.03642674029979 21.03642674029979 113
      vertex -1 1.2185035255879764 84.8263092469025
      vertex -1 1 84.66421356237309
    endloop
  endfacet
  facet normal -0.42147678489016 0.5682956575826031 -0.706680525677205
    outer loop
      vertex -18.873200203868453 22.997060987541424 113
      vertex -1 1.4966057626654892 85.04995244627283
      vertex -1 1.2185035255879764 84.8263092469025
    endloop
  endfacet
  facet normal -0.36374454375161397 0.606871107830584 -0.7066805256772046
    outer loop
      vertex -1 1.4966057626654892 85.04995244627283
      vertex -16.528214432333165 24.736220966000722 113
      vertex -1 1.8708684117893897 85.3713553719807
    endloop
  endfacet
  facet normal -0.3025092438137945 0.6396020575606326 -0.7066805256772055
    outer loop
      vertex -1 1.8708684117893897 85.3713553719807
      vertex -14.02405292057343 26.237157614363564 113
      vertex -1 2.414213562373095 85.86312592975275
    endloop
  endfacet
  facet normal -0.2383606144896502 0.666173289834338 -0.7066805256772054
    outer loop
      vertex -1 2.414213562373095 85.86312592975275
      vertex -11.384832112861421 27.48541609221078 113
      vertex -1 3.2965582089383205 86.69489419647667
    endloop
  endfacet
  facet normal -0.3637445437516385 0.6068711078305681 -0.7066805256772055
    outer loop
      vertex -1 1.8708684117893897 85.3713553719807
      vertex -16.528214432333165 24.736220966000722 113
      vertex -14.02405292057343 26.237157614363564 113
    endloop
  endfacet
  facet normal -0.30250924381379213 0.6396020575606339 -0.7066805256772053
    outer loop
      vertex -1 2.414213562373095 85.86312592975275
      vertex -14.02405292057343 26.237157614363564 113
      vertex -11.384832112861421 27.48541609221078 113
    endloop
  endfacet
  facet normal -0.2383606144896452 0.66617328983434 -0.7066805256772054
    outer loop
      vertex -1 3.2965582089383205 86.69489419647667
      vertex -11.384832112861421 27.48541609221078 113
      vertex -8.635969148320255 28.468974988033214 113
    endloop
  endfacet
  facet normal -0.1719164421467876 0.6863289091595802 -0.7066805256772051
    outer loop
      vertex -1 3.2965582089383205 86.69489419647667
      vertex -8.635969148320255 28.468974988033214 113
      vertex -1 5.027339492125849 88.37583089548302
    endloop
  endfacet
  facet normal -0.10381662048698863 0.6998748059040626 -0.7066805256772055
    outer loop
      vertex -1 5.027339492125849 88.37583089548302
      vertex -5.803937079979815 29.178362091996107 113
      vertex -1 10.15317038760886 93.45229723737833
    endloop
  endfacet
  facet normal -0.17191644214679774 0.6863289091595773 -0.7066805256772054
    outer loop
      vertex -1 5.027339492125849 88.37583089548302
      vertex -8.635969148320255 28.468974988033214 113
      vertex -5.803937079979815 29.178362091996107 113
    endloop
  endfacet
  facet normal -0.10381662048698802 0.6998748059040626 -0.7066805256772054
    outer loop
      vertex -1 10.15317038760886 93.45229723737833
      vertex -5.803937079979815 29.178362091996107 113
      vertex -2.916009924804428 29.606745618497857 113
    endloop
  endfacet
  facet normal -0.034716988019951364 0.7066805256772053 -0.7066805256772054
    outer loop
      vertex -1 10.15317038760886 93.45229723737833
      vertex -2.916009924804428 29.606745618497857 113
      vertex -1 29.70087315023053 113
    endloop
  endfacet
  facet normal 0.03471698801995219 -0.7066805256772053 -0.7066805256772053
    outer loop
      vertex 0 -29.75 113
      vertex 0.12058502813332589 -1.2243203368322657 84.48024429939382
      vertex 2.916009924804428 -29.606745618497857 113
    endloop
  endfacet
  facet normal 0.10381662048698823 -0.6998748059040626 -0.7066805256772054
    outer loop
      vertex 2.916009924804428 -29.606745618497857 113
      vertex 0.25948389547275097 -1.3045136352808169 84.58007056829452
      vertex 5.803937079979815 -29.178362091996107 113
    endloop
  endfacet
  facet normal 0.17191644214679735 -0.6863289091595776 -0.7066805256772054
    outer loop
      vertex 5.803937079979815 -29.178362091996107 113
      vertex 0.42464591306171573 -1.3998699705957074 84.71286024146384
      vertex 8.635969148320255 -28.468974988033214 113
    endloop
  endfacet
  facet normal 0.23836061448964563 -0.6661732898343398 -0.7066805256772053
    outer loop
      vertex 8.635969148320255 -28.468974988033214 113
      vertex 0.6286262797369307 -1.5176380902050415 84.89267963170458
      vertex 11.384832112861421 -27.48541609221078 113
    endloop
  endfacet
  facet normal 0.30250924381379163 -0.639602057560634 -0.7066805256772054
    outer loop
      vertex 11.384832112861421 -27.48541609221078 113
      vertex 0.8926821359138332 -1.670090809849873 85.14369604449202
      vertex 14.02405292057343 -26.237157614363564 113
    endloop
  endfacet
  facet normal 0.3637445437516384 -0.6068711078305682 -0.7066805256772053
    outer loop
      vertex 14.02405292057343 -26.237157614363564 113
      vertex 1.2561257959015613 -1.8799251047790506 85.51096669915943
      vertex 16.528214432333165 -24.736220966000722 113
    endloop
  endfacet
  facet normal 0.0347169880199847 -0.7066805256772047 -0.7066805256772045
    outer loop
      vertex 0 -29.75 113
      vertex 0 -1.1547005383792515 84.40470053837925
      vertex 0.12058502813332589 -1.2243203368322657 84.48024429939382
    endloop
  endfacet
  facet normal 0.1038166204870323 -0.6998748059040565 -0.7066805256772051
    outer loop
      vertex 2.916009924804428 -29.606745618497857 113
      vertex 0.12058502813332589 -1.2243203368322657 84.48024429939382
      vertex 0.25948389547275097 -1.3045136352808169 84.58007056829452
    endloop
  endfacet
  facet normal 0.1719164421467886 -0.6863289091595787 -0.7066805256772063
    outer loop
      vertex 5.803937079979815 -29.178362091996107 113
      vertex 0.25948389547275097 -1.3045136352808169 84.58007056829452
      vertex 0.42464591306171573 -1.3998699705957074 84.71286024146384
    endloop
  endfacet
  facet normal 0.23836061448961865 -0.6661732898343482 -0.7066805256772065
    outer loop
      vertex 8.635969148320255 -28.468974988033214 113
      vertex 0.42464591306171573 -1.3998699705957074 84.71286024146384
      vertex 0.6286262797369307 -1.5176380902050415 84.89267963170458
    endloop
  endfacet
  facet normal 0.3025092438138188 -0.6396020575606228 -0.7066805256772039
    outer loop
      vertex 11.384832112861421 -27.48541609221078 113
      vertex 0.6286262797369307 -1.5176380902050415 84.89267963170458
      vertex 0.8926821359138332 -1.670090809849873 85.14369604449202
    endloop
  endfacet
  facet normal 0.36374454375163034 -0.6068711078305736 -0.7066805256772049
    outer loop
      vertex 14.02405292057343 -26.237157614363564 113
      vertex 0.8926821359138332 -1.670090809849873 85.14369604449202
      vertex 1.2561257959015613 -1.8799251047790506 85.51096669915943
    endloop
  endfacet
  facet normal 0.4214767848901568 -0.5682956575826058 -0.7066805256772045
    outer loop
      vertex 16.528214432333165 -24.736220966000722 113
      vertex 1.2561257959015613 -1.8799251047790506 85.51096669915943
      vertex 1.800974301941051 -2.1944935364085154 86.08889244558345
    endloop
  endfacet
  facet normal 0.4751499741875545 -0.5242472094900987 -0.706680525677205
    outer loop
      vertex 1.800974301941051 -2.1944935364085154 86.08889244558345
      vertex 2.7320508075688767 -2.7320508075688767 87.11370330515628
      vertex 18.873200203868453 -22.997060987541424 113
    endloop
  endfacet
  facet normal 0.5242472094901036 -0.4751499741875484 -0.7066805256772056
    outer loop
      vertex 2.7320508075688767 -2.7320508075688767 87.11370330515628
      vertex 4.745438514980955 -3.8944807424263232 89.38890600617033
      vertex 21.03642674029979 -21.03642674029979 113
    endloop
  endfacet
  facet normal 0.7066805256772051 -0.03471698801996344 -0.7066805256772051
    outer loop
      vertex 2.411358796441803 -0.23749811185919578 85.67302633050365
      vertex 1.9999999999999998 0 85.25
      vertex 29.75 0 113
    endloop
  endfacet
  facet normal 0.6998748059040664 -0.10381662048695828 -0.7066805256772061
    outer loop
      vertex 2.411358796441803 -0.23749811185919578 85.67302633050365
      vertex 29.606745618497857 -2.916009924804428 113
      vertex 3.0512285710723637 -0.6069270984884548 86.36100567273797
    endloop
  endfacet
  facet normal 0.4214767848901619 -0.5682956575826009 -0.7066805256772053
    outer loop
      vertex 16.528214432333165 -24.736220966000722 113
      vertex 1.800974301941051 -2.1944935364085154 86.08889244558345
      vertex 18.873200203868453 -22.997060987541424 113
    endloop
  endfacet
  facet normal 0.47514997418754573 -0.5242472094901063 -0.7066805256772052
    outer loop
      vertex 2.7320508075688767 -2.7320508075688767 87.11370330515628
      vertex 21.03642674029979 -21.03642674029979 113
      vertex 18.873200203868453 -22.997060987541424 113
    endloop
  endfacet
  facet normal 0.5242472094901067 -0.4751499741875452 -0.7066805256772052
    outer loop
      vertex 4.745438514980955 -3.8944807424263232 89.38890600617033
      vertex 22.997060987541424 -18.873200203868453 113
      vertex 21.03642674029979 -21.03642674029979 113
    endloop
  endfacet
  facet normal 0.5682956575826011 -0.421476784890162 -0.7066805256772051
    outer loop
      vertex 22.997060987541424 -18.873200203868453 113
      vertex 12.712994348890224 -8.494551247917215 98.53978829867852
      vertex 24.736220966000722 -16.528214432333165 113
    endloop
  endfacet
  facet normal 0.6068711078305683 -0.3637445437516384 -0.7066805256772052
    outer loop
      vertex 12.712994348890224 -8.494551247917215 98.53978829867852
      vertex 25.222495179917505 -15.716914920138661 113
      vertex 24.736220966000722 -16.528214432333165 113
    endloop
  endfacet
  facet normal 0.5682956575825991 -0.4214767848901643 -0.7066805256772054
    outer loop
      vertex 4.745438514980955 -3.8944807424263232 89.38890600617033
      vertex 12.712994348890224 -8.494551247917215 98.53978829867852
      vertex 22.997060987541424 -18.873200203868453 113
    endloop
  endfacet
  facet normal 0.6661732898343367 -0.23836061448965576 -0.7066805256772047
    outer loop
      vertex 4.21418039448427 -1.2783576467898854 87.65380683844803
      vertex 28.468974988033214 -8.635969148320255 113
      vertex 7.078116022520107 -2.9318516525781355 90.91129757554039
    endloop
  endfacet
  facet normal 0.6863289091595787 -0.17191644214679283 -0.7066805256772053
    outer loop
      vertex 3.0512285710723637 -0.6069270984884548 86.36100567273797
      vertex 29.178362091996107 -5.803937079979815 113
      vertex 4.21418039448427 -1.2783576467898854 87.65380683844803
    endloop
  endfacet
  facet normal 0.639602057560634 -0.3025092438137917 -0.7066805256772054
    outer loop
      vertex 7.078116022520107 -2.9318516525781355 90.91129757554039
      vertex 27.48541609221078 -11.384832112861421 113
      vertex 26.248571873001126 -13.999919498341189 113
    endloop
  endfacet
  facet normal 0.6661732898343398 -0.23836061448964538 -0.7066805256772053
    outer loop
      vertex 7.078116022520107 -2.9318516525781355 90.91129757554039
      vertex 28.468974988033214 -8.635969148320255 113
      vertex 27.48541609221078 -11.384832112861421 113
    endloop
  endfacet
  facet normal 0.6863289091595778 -0.17191644214679763 -0.7066805256772051
    outer loop
      vertex 4.21418039448427 -1.2783576467898854 87.65380683844803
      vertex 29.178362091996107 -5.803937079979815 113
      vertex 28.468974988033214 -8.635969148320255 113
    endloop
  endfacet
  facet normal 0.6998748059040628 -0.10381662048698864 -0.7066805256772052
    outer loop
      vertex 3.0512285710723637 -0.6069270984884548 86.36100567273797
      vertex 29.606745618497857 -2.916009924804428 113
      vertex 29.178362091996107 -5.803937079979815 113
    endloop
  endfacet
  facet normal 0.7066805256772053 -0.034716988019951885 -0.7066805256772053
    outer loop
      vertex 2.411358796441803 -0.23749811185919578 85.67302633050365
      vertex 29.75 0 113
      vertex 29.606745618497857 -2.916009924804428 113
    endloop
  endfacet
  facet normal 0.3025092438137945 0.6396020575606326 -0.7066805256772055
    outer loop
      vertex 1 1.8708684117893897 85.3713553719807
      vertex 1 2.414213562373095 85.86312592975275
      vertex 14.02405292057343 26.237157614363564 113
    endloop
  endfacet
  facet normal 0.2383606144896501 0.666173289834338 -0.7066805256772054
    outer loop
      vertex 1 2.414213562373095 85.86312592975275
      vertex 1 3.2965582089383205 86.69489419647667
      vertex 11.384832112861421 27.48541609221078 113
    endloop
  endfacet
  facet normal 0.7066805256772032 0.034716988019979904 -0.7066805256772061
    outer loop
      vertex 1.7085370513303308 0.16827621187323566 84.96680393151081
      vertex 29.606745618497857 2.916009924804428 113
      vertex 1.9999999999999998 0 85.25
    endloop
  endfacet
  facet normal 0.6998748059040738 0.1038166204869249 -0.7066805256772036
    outer loop
      vertex 1.4875127102374597 0.2958846747006643 84.7666548070806
      vertex 29.178362091996107 5.803937079979815 113
      vertex 1.7085370513303308 0.16827621187323566 84.96680393151081
    endloop
  endfacet
  facet normal 0.6661732898343268 0.23836061448967955 -0.7066805256772063
    outer loop
      vertex 1.1645246645991763 0.48236190979495847 84.51047241401027
      vertex 27.48541609221078 11.384832112861421 113
      vertex 1.3111213053617217 0.39772429978840795 84.62011813213883
    endloop
  endfacet
  facet normal 0.6068711078305892 0.36374454375160126 -0.7066805256772065
    outer loop
      vertex 1 0.5773502691896257 84.40593834611337
      vertex 1 0.6681786379192988 84.45268977387009
      vertex 26.237157614363564 14.02405292057343 113
    endloop
  endfacet
  facet normal 0.6068711078305252 0.36374454375171433 -0.7066805256772032
    outer loop
      vertex 1 0.5773502691896257 84.40593834611337
      vertex 26.237157614363564 14.02405292057343 113
      vertex 1.0385292025074149 0.5551054237503081 84.42757587268834
    endloop
  endfacet
  facet normal 0.6396020575606362 0.30250924381378735 -0.7066805256772052
    outer loop
      vertex 1.0385292025074149 0.5551054237503081 84.42757587268834
      vertex 26.237157614363564 14.02405292057343 113
      vertex 1.1645246645991763 0.48236190979495847 84.51047241401027
    endloop
  endfacet
  facet normal 0.6863289091595749 0.17191644214680687 -0.7066805256772055
    outer loop
      vertex 1.3111213053617217 0.39772429978840795 84.62011813213883
      vertex 28.468974988033214 8.635969148320255 113
      vertex 1.4875127102374597 0.2958846747006643 84.7666548070806
    endloop
  endfacet
  facet normal 0.4214767848901678 0.5682956575825965 -0.7066805256772054
    outer loop
      vertex 1 1.2185035255879764 84.8263092469025
      vertex 1 1.4966057626654892 85.04995244627283
      vertex 18.873200203868453 22.997060987541424 113
    endloop
  endfacet
  facet normal 0.5242472094901108 0.47514997418754046 -0.7066805256772055
    outer loop
      vertex 1 0.8206787908286604 84.54364356671998
      vertex 1 1 84.66421356237309
      vertex 22.997060987541424 18.873200203868453 113
    endloop
  endfacet
  facet normal 0.4751499741875483 0.5242472094901038 -0.7066805256772054
    outer loop
      vertex 1 1 84.66421356237309
      vertex 1 1.2185035255879764 84.8263092469025
      vertex 21.03642674029979 21.03642674029979 113
    endloop
  endfacet
  facet normal 0.3637445437516139 0.606871107830584 -0.7066805256772046
    outer loop
      vertex 1 1.4966057626654892 85.04995244627283
      vertex 1 1.8708684117893897 85.3713553719807
      vertex 16.528214432333165 24.736220966000722 113
    endloop
  endfacet
  facet normal 0.5682956575826076 0.42147678489015267 -0.7066805256772056
    outer loop
      vertex 1 0.6681786379192988 84.45268977387009
      vertex 1 0.8206787908286604 84.54364356671998
      vertex 24.736220966000722 16.528214432333165 113
    endloop
  endfacet
  facet normal 0.10381662048698848 0.6998748059040626 -0.7066805256772055
    outer loop
      vertex 1 5.027339492125849 88.37583089548302
      vertex 1 10.15317038760886 93.45229723737833
      vertex 5.803937079979815 29.178362091996107 113
    endloop
  endfacet
  facet normal 0.17191644214678775 0.6863289091595802 -0.7066805256772051
    outer loop
      vertex 1 3.2965582089383205 86.69489419647667
      vertex 1 5.027339492125849 88.37583089548302
      vertex 8.635969148320255 28.468974988033214 113
    endloop
  endfacet
  facet normal 0.17191644214679785 0.6863289091595773 -0.7066805256772055
    outer loop
      vertex 1 5.027339492125849 88.37583089548302
      vertex 5.803937079979815 29.178362091996107 113
      vertex 8.635969148320255 28.468974988033214 113
    endloop
  endfacet
  facet normal 0.03471698801995206 0.7066805256772053 -0.7066805256772054
    outer loop
      vertex 1 10.15317038760886 93.45229723737833
      vertex 1 29.70087315023053 113
      vertex 2.916009924804428 29.606745618497857 113
    endloop
  endfacet
  facet normal 0.1038166204869883 0.6998748059040625 -0.7066805256772054
    outer loop
      vertex 1 10.15317038760886 93.45229723737833
      vertex 2.916009924804428 29.606745618497857 113
      vertex 5.803937079979815 29.178362091996107 113
    endloop
  endfacet
  facet normal 0.36374454375163806 0.6068711078305684 -0.7066805256772054
    outer loop
      vertex 1 1.8708684117893897 85.3713553719807
      vertex 14.02405292057343 26.237157614363564 113
      vertex 16.528214432333165 24.736220966000722 113
    endloop
  endfacet
  facet normal 0.23836061448964602 0.6661732898343399 -0.7066805256772052
    outer loop
      vertex 1 3.2965582089383205 86.69489419647667
      vertex 8.635969148320255 28.468974988033214 113
      vertex 11.384832112861421 27.48541609221078 113
    endloop
  endfacet
  facet normal 0.30250924381379185 0.639602057560634 -0.7066805256772054
    outer loop
      vertex 1 2.414213562373095 85.86312592975275
      vertex 11.384832112861421 27.48541609221078 113
      vertex 14.02405292057343 26.237157614363564 113
    endloop
  endfacet
  facet normal 0.6068711078305682 0.363744543751638 -0.7066805256772056
    outer loop
      vertex 1 0.6681786379192988 84.45268977387009
      vertex 24.736220966000722 16.528214432333165 113
      vertex 26.237157614363564 14.02405292057343 113
    endloop
  endfacet
  facet normal 0.7066805256772054 0.034716988019951996 -0.7066805256772054
    outer loop
      vertex 1.9999999999999998 0 85.25
      vertex 29.606745618497857 2.916009924804428 113
      vertex 29.75 0 113
    endloop
  endfacet
  facet normal 0.6998748059040625 0.10381662048698827 -0.7066805256772055
    outer loop
      vertex 1.7085370513303308 0.16827621187323566 84.96680393151081
      vertex 29.178362091996107 5.803937079979815 113
      vertex 29.606745618497857 2.916009924804428 113
    endloop
  endfacet
  facet normal 0.6863289091595777 0.17191644214679724 -0.7066805256772053
    outer loop
      vertex 1.4875127102374597 0.2958846747006643 84.7666548070806
      vertex 28.468974988033214 8.635969148320255 113
      vertex 29.178362091996107 5.803937079979815 113
    endloop
  endfacet
  facet normal 0.6661732898343398 0.23836061448964602 -0.7066805256772052
    outer loop
      vertex 1.3111213053617217 0.39772429978840795 84.62011813213883
      vertex 27.48541609221078 11.384832112861421 113
      vertex 28.468974988033214 8.635969148320255 113
    endloop
  endfacet
  facet normal 0.6396020575606344 0.3025092438137915 -0.7066805256772052
    outer loop
      vertex 1.1645246645991763 0.48236190979495847 84.51047241401027
      vertex 26.237157614363564 14.02405292057343 113
      vertex 27.48541609221078 11.384832112861421 113
    endloop
  endfacet
  facet normal 0.42147678489016227 0.5682956575826009 -0.7066805256772053
    outer loop
      vertex 1 1.4966057626654892 85.04995244627283
      vertex 16.528214432333165 24.736220966000722 113
      vertex 18.873200203868453 22.997060987541424 113
    endloop
  endfacet
  facet normal 0.4751499741875445 0.5242472094901071 -0.7066805256772055
    outer loop
      vertex 1 1.2185035255879764 84.8263092469025
      vertex 18.873200203868453 22.997060987541424 113
      vertex 21.03642674029979 21.03642674029979 113
    endloop
  endfacet
  facet normal 0.5242472094901071 0.47514997418754457 -0.7066805256772056
    outer loop
      vertex 1 1 84.66421356237309
      vertex 21.03642674029979 21.03642674029979 113
      vertex 22.997060987541424 18.873200203868453 113
    endloop
  endfacet
  facet normal 0.5682956575826009 0.4214767848901622 -0.7066805256772052
    outer loop
      vertex 1 0.8206787908286604 84.54364356671998
      vertex 22.997060987541424 18.873200203868453 113
      vertex 24.736220966000722 16.528214432333165 113
    endloop
  endfacet
  facet normal 0.989176509964781 0 0.14673047445536114
    outer loop
      vertex -5.884711682419383 -27.09882338311477 135.82945806790323
      vertex -5.971108360033181 -29.13648786622425 136.41189715802264
      vertex -5.884711682419383 -29.158129107370357 135.82945806790323
    endloop
  endfacet
  facet normal 0.9987954562051722 0 0.04906767432741863
    outer loop
      vertex -5.971108360033181 -27.077182141968663 136.41189715802264
      vertex -6 -29.12925088715402 137
      vertex -5.971108360033181 -29.13648786622425 136.41189715802264
    endloop
  endfacet
  facet normal 0.989176509964781 -1.9841523234223775e-18 0.14673047445536114
    outer loop
      vertex -5.884711682419383 -27.09882338311477 135.82945806790323
      vertex -5.971108360033181 -27.077182141968663 136.41189715802264
      vertex -5.971108360033181 -29.13648786622425 136.41189715802264
    endloop
  endfacet
  facet normal 0.9987954562051722 -3.88381289184622e-19 0.04906767432741863
    outer loop
      vertex -5.971108360033181 -27.077182141968663 136.41189715802264
      vertex -6 -27.06994516289843 137
      vertex -6 -29.12925088715402 137
    endloop
  endfacet
  facet normal 0.903989293123448 0 0.42755509343027215
    outer loop
      vertex -5.2915275860901305 -27.234922468338922 134.171619579044
      vertex -5.54327719506772 -29.217027333436175 134.70389940580947
      vertex -5.2915275860901305 -29.25437086029626 134.171619579044
    endloop
  endfacet
  facet normal 0.9700312531945423 0 0.24298017990327053
    outer loop
      vertex -5.741642014393253 -27.134660469354216 135.25829193647323
      vertex -5.803937079979815 -29.178362091996107 135.5069877789194
      vertex -5.741642014393253 -29.187602692068655 135.25829193647323
    endloop
  endfacet
  facet normal 0.9700312531945455 -1.6131375436810223e-15 0.2429801799032581
    outer loop
      vertex -5.741642014393253 -27.134660469354216 135.25829193647323
      vertex -5.884711682419383 -29.158129107370357 135.82945806790323
      vertex -5.803937079979815 -29.178362091996107 135.5069877789194
    endloop
  endfacet
  facet normal 0.9415440651830198 0 0.3368898533922226
    outer loop
      vertex -5.54327719506772 -27.184348269955965 134.70389940580947
      vertex -5.741642014393253 -29.187602692068655 135.25829193647323
      vertex -5.54327719506772 -29.217027333436175 134.70389940580947
    endloop
  endfacet
  facet normal 0.8577286100002717 0 0.5141027441932225
    outer loop
      vertex -4.988817673815271 -27.279825242113862 133.66657860188238
      vertex -5.2915275860901305 -29.25437086029626 134.171619579044
      vertex -4.988817673815271 -29.299273634071195 133.66657860188238
    endloop
  endfacet
  facet normal 0.80320753148064 0 0.59569930449244
    outer loop
      vertex -4.638062720176422 -27.331854824545847 133.19364029501813
      vertex -4.988817673815271 -29.299273634071195 133.66657860188238
      vertex -4.638062720176422 -29.351303216503183 133.19364029501813
    endloop
  endfacet
  facet normal 0.9039892931234454 -2.1387299482692255e-18 0.4275550934302776
    outer loop
      vertex -5.413756435947559 -27.216791531189646 134.43005076903503
      vertex -5.54327719506772 -27.184348269955965 134.70389940580947
      vertex -5.54327719506772 -29.217027333436175 134.70389940580947
    endloop
  endfacet
  facet normal 0.9039892931234508 -1.8726736571137526e-15 0.4275550934302665
    outer loop
      vertex -5.2915275860901305 -27.234922468338922 134.171619579044
      vertex -5.413756435947559 -27.216791531189646 134.43005076903503
      vertex -5.54327719506772 -29.217027333436175 134.70389940580947
    endloop
  endfacet
  facet normal 0.8577286100002716 3.1980621730190974e-18 0.5141027441932225
    outer loop
      vertex -4.988817673815271 -27.279825242113862 133.66657860188238
      vertex -5.2915275860901305 -27.234922468338922 134.171619579044
      vertex -5.2915275860901305 -29.25437086029626 134.171619579044
    endloop
  endfacet
  facet normal 0.9700312531945442 2.8674327974324846e-19 0.24298017990326348
    outer loop
      vertex -5.741642014393253 -27.134660469354216 135.25829193647323
      vertex -5.884711682419383 -27.09882338311477 135.82945806790323
      vertex -5.884711682419383 -29.158129107370357 135.82945806790323
    endloop
  endfacet
  facet normal 0.9415440651830199 -4.289608103418264e-18 0.3368898533922226
    outer loop
      vertex -5.54327719506772 -27.184348269955965 134.70389940580947
      vertex -5.741642014393253 -27.134660469354216 135.25829193647323
      vertex -5.741642014393253 -29.187602692068655 135.25829193647323
    endloop
  endfacet
  facet normal 0.8032075314806401 0 0.5956993044924401
    outer loop
      vertex -4.988817673815271 -27.279825242113862 133.66657860188238
      vertex -4.988817673815271 -29.299273634071195 133.66657860188238
      vertex -4.638062720176422 -27.331854824545847 133.19364029501813
    endloop
  endfacet
  facet normal 0.740951125354964 4.406122208379265e-18 0.671558954847013
    outer loop
      vertex -4.242640687119286 -27.3905101423138 132.7573593128807
      vertex -4.638062720176422 -27.331854824545847 133.19364029501813
      vertex -4.638062720176422 -29.351303216503183 133.19364029501813
    endloop
  endfacet
  facet normal 0.6715589548470253 0 0.7409511253549529
    outer loop
      vertex -4.242640687119286 -27.3905101423138 132.7573593128807
      vertex -4.242640687119286 -29.409958534271134 132.7573593128807
      vertex -3.806359704981873 -27.45522631264335 132.36193727982356
    endloop
  endfacet
  facet normal 0.6715589548470252 0 0.7409511253549528
    outer loop
      vertex -3.806359704981873 -27.45522631264335 132.36193727982356
      vertex -4.242640687119286 -29.409958534271134 132.7573593128807
      vertex -3.806359704981873 -29.474674704600687 132.36193727982356
    endloop
  endfacet
  facet normal 0.5956993044924238 0 0.803207531480652
    outer loop
      vertex -3.333421398117613 -27.525380083436776 132.01118232618472
      vertex -3.806359704981873 -29.474674704600687 132.36193727982356
      vertex -3.333421398117613 -29.54482847539411 132.01118232618472
    endloop
  endfacet
  facet normal 0.5141027441931921 6.423516100709293e-15 0.8577286100002899
    outer loop
      vertex -2.8283804209559857 -27.60029583553138 131.70847241390987
      vertex -3.333421398117613 -29.54482847539411 132.01118232618472
      vertex -2.916009924804428 -29.606745618497857 131.76099551722663
    endloop
  endfacet
  facet normal 0.5956993044924238 0 0.8032075314806522
    outer loop
      vertex -3.806359704981873 -27.45522631264335 132.36193727982356
      vertex -3.806359704981873 -29.474674704600687 132.36193727982356
      vertex -3.333421398117613 -27.525380083436776 132.01118232618472
    endloop
  endfacet
  facet normal 0.5141027441932103 0 0.8577286100002789
    outer loop
      vertex -3.333421398117613 -27.525380083436776 132.01118232618472
      vertex -3.333421398117613 -29.54482847539411 132.01118232618472
      vertex -2.8283804209559857 -27.60029583553138 131.70847241390987
    endloop
  endfacet
  facet normal 0.7409511253549639 0 0.6715589548470129
    outer loop
      vertex -4.242640687119286 -27.3905101423138 132.7573593128807
      vertex -4.638062720176422 -29.351303216503183 133.19364029501813
      vertex -4.242640687119286 -29.409958534271134 132.7573593128807
    endloop
  endfacet
  facet normal 0.5141027441933004 0 0.857728610000225
    outer loop
      vertex -2.8283804209559857 -27.60029583553138 131.70847241390987
      vertex -2.916009924804428 -29.606745618497857 131.76099551722663
      vertex -2.8283804209559857 -29.611050579968794 131.70847241390987
    endloop
  endfacet
  facet normal 0.4275550934303019 0 0.9039892931234339
    outer loop
      vertex -2.2961005941905386 -27.63719981105362 131.45672280493227
      vertex -2.8283804209559857 -29.611050579968794 131.70847241390987
      vertex -2.2961005941905386 -29.637199811053616 131.45672280493227
    endloop
  endfacet
  facet normal 0.42755509343031184 1.4834204773211733e-19 0.9039892931234293
    outer loop
      vertex -2.7199756441453067 -27.616376165153465 131.65720077294006
      vertex -2.8283804209559857 -27.60029583553138 131.70847241390987
      vertex -2.8283804209559857 -29.611050579968794 131.70847241390987
    endloop
  endfacet
  facet normal 0.4275550934302993 8.255303002564193e-16 0.9039892931234351
    outer loop
      vertex -2.7199756441453067 -27.616376165153465 131.65720077294006
      vertex -2.8283804209559857 -29.611050579968794 131.70847241390987
      vertex -2.2961005941905386 -27.63719981105362 131.45672280493227
    endloop
  endfacet
  facet normal 0.33688985339219973 0 0.9415440651830279
    outer loop
      vertex -1.741708063526774 -27.66443536962085 131.25835798560675
      vertex -2.2961005941905386 -29.637199811053616 131.45672280493227
      vertex -1.741708063526774 -29.66443536962085 131.25835798560675
    endloop
  endfacet
  facet normal 0.33688985339219973 0 0.941544065183028
    outer loop
      vertex -2.2961005941905386 -27.63719981105362 131.45672280493227
      vertex -2.2961005941905386 -29.637199811053616 131.45672280493227
      vertex -1.741708063526774 -27.66443536962085 131.25835798560675
    endloop
  endfacet
  facet normal 0.24298017990326345 0 0.9700312531945442
    outer loop
      vertex -1.741708063526774 -27.66443536962085 131.25835798560675
      vertex -1.741708063526774 -29.66443536962085 131.25835798560675
      vertex -1.1705419320967696 -27.69249496235302 131.11528831758062
    endloop
  endfacet
  facet normal 0.24298017990326345 0 0.9700312531945442
    outer loop
      vertex -1.1705419320967696 -27.69249496235302 131.11528831758062
      vertex -1.741708063526774 -29.66443536962085 131.25835798560675
      vertex -1.1705419320967696 -29.69249496235302 131.11528831758062
    endloop
  endfacet
  facet normal 0.14673047445537343 0 0.9891765099647792
    outer loop
      vertex -0.5881028419773636 -27.72110836003318 131.02889163996682
      vertex -1.1705419320967696 -29.69249496235302 131.11528831758062
      vertex -0.5881028419773636 -29.72110836003318 131.02889163996682
    endloop
  endfacet
  facet normal 0.14673047445537343 0 0.9891765099647792
    outer loop
      vertex -1.1705419320967696 -27.69249496235302 131.11528831758062
      vertex -1.1705419320967696 -29.69249496235302 131.11528831758062
      vertex -0.5881028419773636 -27.72110836003318 131.02889163996682
    endloop
  endfacet
  facet normal 0.04906767432741231 0 0.9987954562051726
    outer loop
      vertex 0 -27.75 131
      vertex -0.5881028419773636 -29.72110836003318 131.02889163996682
      vertex 0 -29.75 131
    endloop
  endfacet
  facet normal 0.04906767432741231 0 0.9987954562051726
    outer loop
      vertex -0.5881028419773636 -27.72110836003318 131.02889163996682
      vertex -0.5881028419773636 -29.72110836003318 131.02889163996682
      vertex 0 -27.75 131
    endloop
  endfacet
  facet normal 1 0 0
    outer loop
      vertex -6 -27.06994516289843 137
      vertex -6 -29.12925088715402 243
      vertex -6 -29.12925088715402 137
    endloop
  endfacet
  facet normal 1 0 0
    outer loop
      vertex -6 -46.819452334761934 243
      vertex -6 -46.819452334761934 237
      vertex -6 -44.8000039428046 237
    endloop
  endfacet
  facet normal 1 0 0
    outer loop
      vertex -6 -46.819452334761934 243
      vertex -6 -44.8000039428046 237
      vertex -6 -44.8000039428046 243
    endloop
  endfacet
  facet normal 1 0 0
    outer loop
      vertex -6 -27.06994516289843 137
      vertex -6 -28.60419611640012 243
      vertex -6 -29.12925088715402 243
    endloop
  endfacet
  facet normal 1 0 0
    outer loop
      vertex -6 -27.06994516289843 137
      vertex -6 -27.06994516289843 241.5
      vertex -6 -28.60419611640012 243
    endloop
  endfacet
  facet normal -0.04906767432741231 0 0.9987954562051726
    outer loop
      vertex 0.5881028419773636 -27.72110836003318 131.02889163996682
      vertex 0 -29.75 131
      vertex 0.5881028419773636 -29.72110836003318 131.02889163996682
    endloop
  endfacet
  facet normal -0.04906767432741231 0 0.9987954562051726
    outer loop
      vertex 0 -27.75 131
      vertex 0 -29.75 131
      vertex 0.5881028419773636 -27.72110836003318 131.02889163996682
    endloop
  endfacet
  facet normal -0.14673047445537343 0 0.9891765099647792
    outer loop
      vertex 1.1705419320967696 -27.69249496235302 131.11528831758062
      vertex 0.5881028419773636 -29.72110836003318 131.02889163996682
      vertex 1.1705419320967696 -29.69249496235302 131.11528831758062
    endloop
  endfacet
  facet normal -0.14673047445537343 0 0.9891765099647792
    outer loop
      vertex 0.5881028419773636 -27.72110836003318 131.02889163996682
      vertex 0.5881028419773636 -29.72110836003318 131.02889163996682
      vertex 1.1705419320967696 -27.69249496235302 131.11528831758062
    endloop
  endfacet
  facet normal -0.24298017990326345 0 0.9700312531945442
    outer loop
      vertex 1.1705419320967696 -27.69249496235302 131.11528831758062
      vertex 1.1705419320967696 -29.69249496235302 131.11528831758062
      vertex 1.741708063526774 -27.66443536962085 131.25835798560675
    endloop
  endfacet
  facet normal -0.24298017990326345 0 0.9700312531945442
    outer loop
      vertex 1.741708063526774 -27.66443536962085 131.25835798560675
      vertex 1.1705419320967696 -29.69249496235302 131.11528831758062
      vertex 1.741708063526774 -29.66443536962085 131.25835798560675
    endloop
  endfacet
  facet normal -0.33688985339219973 0 0.941544065183028
    outer loop
      vertex 2.2961005941905386 -27.63719981105362 131.45672280493227
      vertex 1.741708063526774 -29.66443536962085 131.25835798560675
      vertex 2.2961005941905386 -29.637199811053616 131.45672280493227
    endloop
  endfacet
  facet normal -0.33688985339219973 0 0.9415440651830279
    outer loop
      vertex 1.741708063526774 -27.66443536962085 131.25835798560675
      vertex 1.741708063526774 -29.66443536962085 131.25835798560675
      vertex 2.2961005941905386 -27.63719981105362 131.45672280493227
    endloop
  endfacet
  facet normal -0.42755509343030185 0 0.9039892931234339
    outer loop
      vertex 2.8283804209559857 -27.60029583553138 131.70847241390987
      vertex 2.2961005941905386 -29.637199811053616 131.45672280493227
      vertex 2.8283804209559857 -29.611050579968794 131.70847241390987
    endloop
  endfacet
  facet normal -0.5141027441933004 0 0.857728610000225
    outer loop
      vertex 2.8283804209559857 -27.60029583553138 131.70847241390987
      vertex 2.8283804209559857 -29.611050579968794 131.70847241390987
      vertex 2.916009924804428 -29.606745618497857 131.76099551722663
    endloop
  endfacet
  facet normal -0.42755509343029935 0 0.9039892931234351
    outer loop
      vertex 2.2961005941905386 -27.63719981105362 131.45672280493227
      vertex 2.2961005941905386 -29.637199811053616 131.45672280493227
      vertex 2.7199756441453067 -27.616376165153465 131.65720077294006
    endloop
  endfacet
  facet normal -0.4275550934303122 3.29576521470598e-15 0.9039892931234291
    outer loop
      vertex 2.7199756441453067 -27.616376165153465 131.65720077294006
      vertex 2.2961005941905386 -29.637199811053616 131.45672280493227
      vertex 2.8283804209559857 -27.60029583553138 131.70847241390987
    endloop
  endfacet
  facet normal -0.5141027441931921 6.426706730233712e-15 0.8577286100002899
    outer loop
      vertex 2.8283804209559857 -27.60029583553138 131.70847241390987
      vertex 2.916009924804428 -29.606745618497857 131.76099551722663
      vertex 3.333421398117613 -29.54482847539411 132.01118232618472
    endloop
  endfacet
  facet normal -0.5956993044924238 0 0.803207531480652
    outer loop
      vertex 3.333421398117613 -27.525380083436776 132.01118232618472
      vertex 3.333421398117613 -29.54482847539411 132.01118232618472
      vertex 3.806359704981873 -29.474674704600687 132.36193727982356
    endloop
  endfacet
  facet normal -0.5141027441932103 2.067366400999486e-18 0.8577286100002789
    outer loop
      vertex 2.8283804209559857 -27.60029583553138 131.70847241390987
      vertex 3.333421398117613 -29.54482847539411 132.01118232618472
      vertex 3.333421398117613 -27.525380083436776 132.01118232618472
    endloop
  endfacet
  facet normal -0.5956993044924237 -7.870156945438456e-18 0.803207531480652
    outer loop
      vertex 3.333421398117613 -27.525380083436776 132.01118232618472
      vertex 3.806359704981873 -29.474674704600687 132.36193727982356
      vertex 3.806359704981873 -27.45522631264335 132.36193727982356
    endloop
  endfacet
  facet normal -0.6715589548470252 0 0.7409511253549528
    outer loop
      vertex 3.806359704981873 -27.45522631264335 132.36193727982356
      vertex 3.806359704981873 -29.474674704600687 132.36193727982356
      vertex 4.242640687119286 -29.409958534271134 132.7573593128807
    endloop
  endfacet
  facet normal -0.6715589548470253 4.9573452928823244e-18 0.7409511253549529
    outer loop
      vertex 3.806359704981873 -27.45522631264335 132.36193727982356
      vertex 4.242640687119286 -29.409958534271134 132.7573593128807
      vertex 4.242640687119286 -27.3905101423138 132.7573593128807
    endloop
  endfacet
  facet normal -0.7409511253549639 0 0.6715589548470129
    outer loop
      vertex 4.242640687119286 -27.3905101423138 132.7573593128807
      vertex 4.242640687119286 -29.409958534271134 132.7573593128807
      vertex 4.638062720176422 -29.351303216503183 133.19364029501813
    endloop
  endfacet
  facet normal -0.8032075314806401 0 0.5956993044924401
    outer loop
      vertex 4.988817673815271 -27.279825242113862 133.66657860188238
      vertex 4.638062720176422 -29.351303216503183 133.19364029501813
      vertex 4.988817673815271 -29.299273634071195 133.66657860188238
    endloop
  endfacet
  facet normal -0.8577286100002716 0 0.5141027441932225
    outer loop
      vertex 5.2915275860901305 -27.234922468338922 134.171619579044
      vertex 4.988817673815271 -29.299273634071195 133.66657860188238
      vertex 5.2915275860901305 -29.25437086029626 134.171619579044
    endloop
  endfacet
  facet normal -0.903989293123448 0 0.4275550934302722
    outer loop
      vertex 5.54327719506772 -27.184348269955965 134.70389940580947
      vertex 5.2915275860901305 -29.25437086029626 134.171619579044
      vertex 5.54327719506772 -29.217027333436175 134.70389940580947
    endloop
  endfacet
  facet normal -0.9415440651830198 0 0.3368898533922226
    outer loop
      vertex 5.54327719506772 -27.184348269955965 134.70389940580947
      vertex 5.54327719506772 -29.217027333436175 134.70389940580947
      vertex 5.741642014393253 -29.187602692068655 135.25829193647323
    endloop
  endfacet
  facet normal -0.9700312531945423 0 0.24298017990327053
    outer loop
      vertex 5.741642014393253 -27.134660469354216 135.25829193647323
      vertex 5.741642014393253 -29.187602692068655 135.25829193647323
      vertex 5.803937079979815 -29.178362091996107 135.5069877789194
    endloop
  endfacet
  facet normal -0.9700312531945455 0 0.24298017990325796
    outer loop
      vertex 5.884711682419383 -27.09882338311477 135.82945806790323
      vertex 5.803937079979815 -29.178362091996107 135.5069877789194
      vertex 5.884711682419383 -29.158129107370357 135.82945806790323
    endloop
  endfacet
  facet normal -0.740951125354964 -4.406122208379265e-18 0.671558954847013
    outer loop
      vertex 4.242640687119286 -27.3905101423138 132.7573593128807
      vertex 4.638062720176422 -29.351303216503183 133.19364029501813
      vertex 4.638062720176422 -27.331854824545847 133.19364029501813
    endloop
  endfacet
  facet normal -0.80320753148064 0 0.59569930449244
    outer loop
      vertex 4.638062720176422 -27.331854824545847 133.19364029501813
      vertex 4.638062720176422 -29.351303216503183 133.19364029501813
      vertex 4.988817673815271 -27.279825242113862 133.66657860188238
    endloop
  endfacet
  facet normal -0.8577286100002717 0 0.5141027441932225
    outer loop
      vertex 4.988817673815271 -27.279825242113862 133.66657860188238
      vertex 4.988817673815271 -29.299273634071195 133.66657860188238
      vertex 5.2915275860901305 -27.234922468338922 134.171619579044
    endloop
  endfacet
  facet normal -0.9039892931234508 0 0.42755509343026643
    outer loop
      vertex 5.2915275860901305 -27.234922468338922 134.171619579044
      vertex 5.2915275860901305 -29.25437086029626 134.171619579044
      vertex 5.413756435947559 -27.216791531189646 134.43005076903503
    endloop
  endfacet
  facet normal -0.9039892931234453 -1.771384192408106e-15 0.4275550934302778
    outer loop
      vertex 5.413756435947559 -27.216791531189646 134.43005076903503
      vertex 5.2915275860901305 -29.25437086029626 134.171619579044
      vertex 5.54327719506772 -27.184348269955965 134.70389940580947
    endloop
  endfacet
  facet normal -0.9415440651830198 4.289608103418264e-18 0.33688985339222255
    outer loop
      vertex 5.54327719506772 -27.184348269955965 134.70389940580947
      vertex 5.741642014393253 -29.187602692068655 135.25829193647323
      vertex 5.741642014393253 -27.134660469354216 135.25829193647323
    endloop
  endfacet
  facet normal -0.970031253194544 -9.09284356405151e-16 0.24298017990326348
    outer loop
      vertex 5.741642014393253 -27.134660469354216 135.25829193647323
      vertex 5.803937079979815 -29.178362091996107 135.5069877789194
      vertex 5.884711682419383 -27.09882338311477 135.82945806790323
    endloop
  endfacet
  facet normal -0.989176509964781 0 0.14673047445536114
    outer loop
      vertex 5.971108360033181 -27.077182141968663 136.41189715802264
      vertex 5.884711682419383 -29.158129107370357 135.82945806790323
      vertex 5.971108360033181 -29.13648786622425 136.41189715802264
    endloop
  endfacet
  facet normal -0.989176509964781 0 0.14673047445536114
    outer loop
      vertex 5.884711682419383 -27.09882338311477 135.82945806790323
      vertex 5.884711682419383 -29.158129107370357 135.82945806790323
      vertex 5.971108360033181 -27.077182141968663 136.41189715802264
    endloop
  endfacet
  facet normal -0.9987954562051722 0 0.04906767432741863
    outer loop
      vertex 5.971108360033181 -27.077182141968663 136.41189715802264
      vertex 5.971108360033181 -29.13648786622425 136.41189715802264
      vertex 6 -27.06994516289843 137
    endloop
  endfacet
  facet normal -0.9987954562051722 0 0.04906767432741863
    outer loop
      vertex 6 -27.06994516289843 137
      vertex 5.971108360033181 -29.13648786622425 136.41189715802264
      vertex 6 -29.12925088715402 137
    endloop
  endfacet
  facet normal -1 0 0
    outer loop
      vertex 6 -27.06994516289843 137
      vertex 6 -29.12925088715402 137
      vertex 6 -27.06994516289843 241.5
    endloop
  endfacet
  facet normal -1 0 0
    outer loop
      vertex 6 -44.8000039428046 243
      vertex 6 -46.819452334761934 237
      vertex 6 -46.819452334761934 243
    endloop
  endfacet
  facet normal -1 0 0
    outer loop
      vertex 6 -44.8000039428046 243
      vertex 6 -44.8000039428046 237
      vertex 6 -46.819452334761934 237
    endloop
  endfacet
  facet normal -1 0 0
    outer loop
      vertex 6 -29.12925088715402 243
      vertex 6 -28.60419611640012 243
      vertex 6 -29.12925088715402 137
    endloop
  endfacet
  facet normal -1 0 0
    outer loop
      vertex 6 -27.06994516289843 241.5
      vertex 6 -29.12925088715402 137
      vertex 6 -28.60419611640012 243
    endloop
  endfacet
  facet normal 3.960466705645589e-19 0.9987954562051725 -0.04906767432741864
    outer loop
      vertex -46.522780359685235 -8 237
      vertex -46.52706602963132 -7.971108360033181 237.58810284197736
      vertex -44.50761763767398 -7.971108360033181 237.58810284197736
    endloop
  endfacet
  facet normal 2.023313026315284e-18 0.9891765099647811 -0.14673047445536117
    outer loop
      vertex -46.52706602963132 -7.971108360033181 237.58810284197736
      vertex -46.53988176612519 -7.884711682419383 238.17054193209677
      vertex -44.52043337416786 -7.884711682419383 238.17054193209677
    endloop
  endfacet
  facet normal -2.9240265793312163e-19 0.970031253194544 -0.24298017990326343
    outer loop
      vertex -46.53988176612519 -7.884711682419383 238.17054193209677
      vertex -46.56110414661863 -7.741642014393253 238.74170806352677
      vertex -44.5416557546613 -7.741642014393253 238.74170806352677
    endloop
  endfacet
  facet normal 0 0.9415440651830198 -0.33688985339222255
    outer loop
      vertex -46.59052878798615 -7.54327719506772 239.29610059419053
      vertex -44.57108039602882 -7.54327719506772 239.29610059419053
      vertex -46.56110414661863 -7.741642014393253 238.74170806352677
    endloop
  endfacet
  facet normal 1.0526677854085937e-18 0.903989293123448 -0.4275550934302722
    outer loop
      vertex -46.59052878798615 -7.54327719506772 239.29610059419053
      vertex -46.627872314846236 -7.2915275860901305 239.828380420956
      vertex -44.6084239228889 -7.2915275860901305 239.828380420956
    endloop
  endfacet
  facet normal -3.1980621730191036e-18 0.8577286100002717 -0.5141027441932225
    outer loop
      vertex -46.627872314846236 -7.2915275860901305 239.828380420956
      vertex -46.67277508862117 -6.988817673815271 240.33342139811762
      vertex -44.65332669666384 -6.988817673815271 240.33342139811762
    endloop
  endfacet
  facet normal 0 0.8032075314806401 -0.5956993044924401
    outer loop
      vertex -46.72480467105316 -6.638062720176422 240.80635970498187
      vertex -44.705356279095824 -6.638062720176422 240.80635970498187
      vertex -46.67277508862117 -6.988817673815271 240.33342139811762
    endloop
  endfacet
  facet normal -4.406122208379258e-18 0.7409511253549641 -0.671558954847013
    outer loop
      vertex -46.72480467105316 -6.638062720176422 240.80635970498187
      vertex -46.783459988821114 -6.242640687119286 241.2426406871193
      vertex -44.764011596863774 -6.242640687119286 241.2426406871193
    endloop
  endfacet
  facet normal -1.0757694680649236e-17 0.671558954847025 -0.7409511253549532
    outer loop
      vertex -46.783459988821114 -6.242640687119286 241.2426406871193
      vertex -46.84817615915067 -5.8063597049818725 241.63806272017644
      vertex -44.82872776719333 -5.8063597049818725 241.63806272017644
    endloop
  endfacet
  facet normal 0 0.9987954562051725 -0.04906767432741864
    outer loop
      vertex -44.5033319677279 -8 237
      vertex -46.522780359685235 -8 237
      vertex -44.50761763767398 -7.971108360033181 237.58810284197736
    endloop
  endfacet
  facet normal 0 0.9891765099647811 -0.14673047445536117
    outer loop
      vertex -46.52706602963132 -7.971108360033181 237.58810284197736
      vertex -44.52043337416786 -7.884711682419383 238.17054193209677
      vertex -44.50761763767398 -7.971108360033181 237.58810284197736
    endloop
  endfacet
  facet normal -2.9240265793312163e-19 0.970031253194544 -0.24298017990326343
    outer loop
      vertex -44.5416557546613 -7.741642014393253 238.74170806352677
      vertex -44.52043337416786 -7.884711682419383 238.17054193209677
      vertex -46.53988176612519 -7.884711682419383 238.17054193209677
    endloop
  endfacet
  facet normal 0 0.9415440651830198 -0.33688985339222255
    outer loop
      vertex -46.56110414661863 -7.741642014393253 238.74170806352677
      vertex -44.57108039602882 -7.54327719506772 239.29610059419053
      vertex -44.5416557546613 -7.741642014393253 238.74170806352677
    endloop
  endfacet
  facet normal 0 0.9039892931234481 -0.4275550934302722
    outer loop
      vertex -46.59052878798615 -7.54327719506772 239.29610059419053
      vertex -44.6084239228889 -7.2915275860901305 239.828380420956
      vertex -44.57108039602882 -7.54327719506772 239.29610059419053
    endloop
  endfacet
  facet normal -3.1980621730191036e-18 0.8577286100002717 -0.5141027441932225
    outer loop
      vertex -44.65332669666384 -6.988817673815271 240.33342139811762
      vertex -44.6084239228889 -7.2915275860901305 239.828380420956
      vertex -46.627872314846236 -7.2915275860901305 239.828380420956
    endloop
  endfacet
  facet normal 0 0.8032075314806401 -0.5956993044924401
    outer loop
      vertex -46.67277508862117 -6.988817673815271 240.33342139811762
      vertex -44.705356279095824 -6.638062720176422 240.80635970498187
      vertex -44.65332669666384 -6.988817673815271 240.33342139811762
    endloop
  endfacet
  facet normal 0 0.7409511253549639 -0.6715589548470129
    outer loop
      vertex -46.72480467105316 -6.638062720176422 240.80635970498187
      vertex -44.764011596863774 -6.242640687119286 241.2426406871193
      vertex -44.705356279095824 -6.638062720176422 240.80635970498187
    endloop
  endfacet
  facet normal -1.0757694680649236e-17 0.671558954847025 -0.7409511253549532
    outer loop
      vertex -44.82872776719333 -5.8063597049818725 241.63806272017644
      vertex -44.764011596863774 -6.242640687119286 241.2426406871193
      vertex -46.783459988821114 -6.242640687119286 241.2426406871193
    endloop
  endfacet
  facet normal 1.184745189999426e-18 0.5956993044924241 -0.8032075314806518
    outer loop
      vertex -46.84817615915067 -5.8063597049818725 241.63806272017644
      vertex -46.918329929944086 -5.333421398117613 241.98881767381528
      vertex -44.89888153798675 -5.333421398117613 241.98881767381528
    endloop
  endfacet
  facet normal 2.067366400999486e-18 0.5141027441932103 -0.8577286100002789
    outer loop
      vertex -46.918329929944086 -5.333421398117613 241.98881767381528
      vertex -46.99324568203869 -4.828380420955986 242.29152758609013
      vertex -44.97379729008136 -4.828380420955986 242.29152758609013
    endloop
  endfacet
  facet normal 4.076577785779055e-15 0.4275550934302661 -0.9039892931234509
    outer loop
      vertex -47.022478335261304 -4.631309880571738 242.38473501005774
      vertex -45.03210888191691 -4.435275599912617 242.4774523196767
      vertex -46.99324568203869 -4.828380420955986 242.29152758609013
    endloop
  endfacet
  facet normal 0 0.4275550934303232 -0.9039892931234239
    outer loop
      vertex -47.03894611151468 -4.296100594190539 242.54327719506773
      vertex -45.03894611151468 -4.296100594190539 242.54327719506773
      vertex -47.022478335261304 -4.631309880571738 242.38473501005774
    endloop
  endfacet
  facet normal 0 0.33688985339219973 -0.9415440651830279
    outer loop
      vertex -47.06618167008192 -3.741708063526774 242.74164201439325
      vertex -45.06618167008192 -3.741708063526774 242.74164201439325
      vertex -47.03894611151468 -4.296100594190539 242.54327719506773
    endloop
  endfacet
  facet normal 0 0.24298017990326345 -0.9700312531945442
    outer loop
      vertex -47.09424126281409 -3.1705419320967696 242.88471168241938
      vertex -45.09424126281409 -3.1705419320967696 242.88471168241938
      vertex -47.06618167008192 -3.741708063526774 242.74164201439325
    endloop
  endfacet
  facet normal 1.184745189999422e-18 0.5956993044924241 -0.8032075314806518
    outer loop
      vertex -44.89888153798675 -5.333421398117613 241.98881767381528
      vertex -44.82872776719333 -5.8063597049818725 241.63806272017644
      vertex -46.84817615915067 -5.8063597049818725 241.63806272017644
    endloop
  endfacet
  facet normal 2.067366400999486e-18 0.5141027441932103 -0.8577286100002789
    outer loop
      vertex -44.97379729008136 -4.828380420955986 242.29152758609013
      vertex -44.89888153798675 -5.333421398117613 241.98881767381528
      vertex -46.918329929944086 -5.333421398117613 241.98881767381528
    endloop
  endfacet
  facet normal 0 0.4275550934302828 -0.903989293123443
    outer loop
      vertex -46.99324568203869 -4.828380420955986 242.29152758609013
      vertex -45.03210888191691 -4.435275599912617 242.4774523196767
      vertex -44.97379729008136 -4.828380420955986 242.29152758609013
    endloop
  endfacet
  facet normal -6.7060381967817385e-15 0.4275550934303555 -0.9039892931234086
    outer loop
      vertex -45.03210888191691 -4.435275599912617 242.4774523196767
      vertex -47.022478335261304 -4.631309880571738 242.38473501005774
      vertex -45.03894611151468 -4.296100594190539 242.54327719506773
    endloop
  endfacet
  facet normal 0 0.33688985339219973 -0.9415440651830279
    outer loop
      vertex -47.03894611151468 -4.296100594190539 242.54327719506773
      vertex -45.06618167008192 -3.741708063526774 242.74164201439325
      vertex -45.03894611151468 -4.296100594190539 242.54327719506773
    endloop
  endfacet
  facet normal 0 0.24298017990326345 -0.9700312531945442
    outer loop
      vertex -47.06618167008192 -3.741708063526774 242.74164201439325
      vertex -45.09424126281409 -3.1705419320967696 242.88471168241938
      vertex -45.06618167008192 -3.741708063526774 242.74164201439325
    endloop
  endfacet
  facet normal 0 0.1467304744553734 -0.9891765099647792
    outer loop
      vertex -47.09424126281409 -3.1705419320967696 242.88471168241938
      vertex -45.12285466049425 -2.5881028419773635 242.97110836003318
      vertex -45.09424126281409 -3.1705419320967696 242.88471168241938
    endloop
  endfacet
  facet normal -2.081144964912805e-18 0.1467304744553734 -0.9891765099647792
    outer loop
      vertex -47.09424126281409 -3.1705419320967696 242.88471168241938
      vertex -47.12285466049425 -2.5881028419773635 242.97110836003318
      vertex -45.12285466049425 -2.5881028419773635 242.97110836003318
    endloop
  endfacet
  facet normal -1.4628612271144077e-18 0.04906767432741232 -0.9987954562051726
    outer loop
      vertex -45.15174630046106 -2 243
      vertex -45.12285466049425 -2.5881028419773635 242.97110836003318
      vertex -47.12285466049425 -2.5881028419773635 242.97110836003318
    endloop
  endfacet
  facet normal 0 0.04906767432741232 -0.9987954562051726
    outer loop
      vertex -47.15174630046106 -2 243
      vertex -45.15174630046106 -2 243
      vertex -47.12285466049425 -2.5881028419773635 242.97110836003318
    endloop
  endfacet
  facet normal 0 -0.04906767432741232 -0.9987954562051726
    outer loop
      vertex -45.15174630046106 2 243
      vertex -47.15174630046106 2 243
      vertex -45.12285466049425 2.5881028419773635 242.97110836003318
    endloop
  endfacet
  facet normal 0 -0.04906767432741232 -0.9987954562051726
    outer loop
      vertex -47.12285466049425 2.5881028419773635 242.97110836003318
      vertex -45.12285466049425 2.5881028419773635 242.97110836003318
      vertex -47.15174630046106 2 243
    endloop
  endfacet
  facet normal 0 -0.1467304744553734 -0.9891765099647792
    outer loop
      vertex -45.12285466049425 2.5881028419773635 242.97110836003318
      vertex -47.12285466049425 2.5881028419773635 242.97110836003318
      vertex -45.09424126281409 3.1705419320967696 242.88471168241938
    endloop
  endfacet
  facet normal 2.081144964912805e-18 -0.1467304744553734 -0.9891765099647792
    outer loop
      vertex -47.12285466049425 2.5881028419773635 242.97110836003318
      vertex -47.09424126281409 3.1705419320967696 242.88471168241938
      vertex -45.09424126281409 3.1705419320967696 242.88471168241938
    endloop
  endfacet
  facet normal 2.952460386835463e-19 -0.24298017990326345 -0.9700312531945442
    outer loop
      vertex -47.09424126281409 3.1705419320967696 242.88471168241938
      vertex -47.06618167008192 3.741708063526774 242.74164201439325
      vertex -45.06618167008192 3.741708063526774 242.74164201439325
    endloop
  endfacet
  facet normal 0 -0.33688985339219973 -0.9415440651830279
    outer loop
      vertex -45.03894611151468 4.296100594190539 242.54327719506773
      vertex -47.06618167008192 3.741708063526774 242.74164201439325
      vertex -47.03894611151468 4.296100594190539 242.54327719506773
    endloop
  endfacet
  facet normal 6.807375563349167e-15 -0.4275550934303235 -0.9039892931234238
    outer loop
      vertex -47.022478335261304 4.631309880571738 242.38473501005774
      vertex -44.97379729008136 4.828380420955986 242.29152758609013
      vertex -47.03894611151468 4.296100594190539 242.54327719506773
    endloop
  endfacet
  facet normal -2.678945157816478e-18 -0.4275550934302657 -0.9039892931234511
    outer loop
      vertex -47.022478335261304 4.631309880571738 242.38473501005774
      vertex -46.99324568203869 4.828380420955986 242.29152758609013
      vertex -44.97379729008136 4.828380420955986 242.29152758609013
    endloop
  endfacet
  facet normal 0 -0.5141027441932103 -0.8577286100002789
    outer loop
      vertex -46.918329929944086 5.333421398117613 241.98881767381528
      vertex -44.89888153798675 5.333421398117613 241.98881767381528
      vertex -46.99324568203869 4.828380420955986 242.29152758609013
    endloop
  endfacet
  facet normal 0 -0.5956993044924241 -0.8032075314806518
    outer loop
      vertex -44.82872776719333 5.8063597049818725 241.63806272017644
      vertex -46.918329929944086 5.333421398117613 241.98881767381528
      vertex -46.84817615915067 5.8063597049818725 241.63806272017644
    endloop
  endfacet
  facet normal 0 -0.24298017990326345 -0.9700312531945442
    outer loop
      vertex -47.09424126281409 3.1705419320967696 242.88471168241938
      vertex -45.06618167008192 3.741708063526774 242.74164201439325
      vertex -45.09424126281409 3.1705419320967696 242.88471168241938
    endloop
  endfacet
  facet normal 0 -0.33688985339219973 -0.9415440651830279
    outer loop
      vertex -45.06618167008192 3.741708063526774 242.74164201439325
      vertex -47.06618167008192 3.741708063526774 242.74164201439325
      vertex -45.03894611151468 4.296100594190539 242.54327719506773
    endloop
  endfacet
  facet normal -1.0811591474045516e-18 -0.42755509343035586 -0.9039892931234085
    outer loop
      vertex -45.03210888191691 4.435275599912617 242.4774523196767
      vertex -45.03894611151468 4.296100594190539 242.54327719506773
      vertex -47.03894611151468 4.296100594190539 242.54327719506773
    endloop
  endfacet
  facet normal -6.267845601065743e-15 -0.427555093430282 -0.9039892931234433
    outer loop
      vertex -45.03210888191691 4.435275599912617 242.4774523196767
      vertex -47.03894611151468 4.296100594190539 242.54327719506773
      vertex -44.97379729008136 4.828380420955986 242.29152758609013
    endloop
  endfacet
  facet normal 0 -0.5141027441932103 -0.8577286100002789
    outer loop
      vertex -44.97379729008136 4.828380420955986 242.29152758609013
      vertex -46.99324568203869 4.828380420955986 242.29152758609013
      vertex -44.89888153798675 5.333421398117613 241.98881767381528
    endloop
  endfacet
  facet normal 0 -0.5956993044924241 -0.8032075314806518
    outer loop
      vertex -44.89888153798675 5.333421398117613 241.98881767381528
      vertex -46.918329929944086 5.333421398117613 241.98881767381528
      vertex -44.82872776719333 5.8063597049818725 241.63806272017644
    endloop
  endfacet
  facet normal 0 -0.7409511253549639 -0.6715589548470129
    outer loop
      vertex -44.705356279095824 6.638062720176422 240.80635970498187
      vertex -46.783459988821114 6.242640687119286 241.2426406871193
      vertex -46.72480467105316 6.638062720176422 240.80635970498187
    endloop
  endfacet
  facet normal 0 -0.671558954847025 -0.7409511253549532
    outer loop
      vertex -44.764011596863774 6.242640687119286 241.2426406871193
      vertex -46.84817615915067 5.8063597049818725 241.63806272017644
      vertex -46.783459988821114 6.242640687119286 241.2426406871193
    endloop
  endfacet
  facet normal 0 -0.8032075314806401 -0.5956993044924401
    outer loop
      vertex -44.65332669666384 6.988817673815271 240.33342139811762
      vertex -46.72480467105316 6.638062720176422 240.80635970498187
      vertex -46.67277508862117 6.988817673815271 240.33342139811762
    endloop
  endfacet
  facet normal 3.198062173019104e-18 -0.8577286100002717 -0.5141027441932227
    outer loop
      vertex -46.67277508862117 6.988817673815271 240.33342139811762
      vertex -46.627872314846236 7.2915275860901305 239.828380420956
      vertex -44.6084239228889 7.2915275860901305 239.828380420956
    endloop
  endfacet
  facet normal 0 -0.9987954562051725 -0.04906767432741864
    outer loop
      vertex -46.522780359685235 8 237
      vertex -44.5033319677279 8 237
      vertex -46.52706602963132 7.971108360033181 237.58810284197736
    endloop
  endfacet
  facet normal 0 -0.9415440651830198 -0.33688985339222255
    outer loop
      vertex -46.56110414661863 7.741642014393253 238.74170806352677
      vertex -44.5416557546613 7.741642014393253 238.74170806352677
      vertex -46.59052878798615 7.54327719506772 239.29610059419053
    endloop
  endfacet
  facet normal 0 -0.9891765099647811 -0.14673047445536117
    outer loop
      vertex -46.52706602963132 7.971108360033181 237.58810284197736
      vertex -44.50761763767398 7.971108360033181 237.58810284197736
      vertex -46.53988176612519 7.884711682419383 238.17054193209677
    endloop
  endfacet
  facet normal 0 -0.970031253194544 -0.24298017990326343
    outer loop
      vertex -46.53988176612519 7.884711682419383 238.17054193209677
      vertex -44.52043337416786 7.884711682419383 238.17054193209677
      vertex -46.56110414661863 7.741642014393253 238.74170806352677
    endloop
  endfacet
  facet normal -1.0526677854085939e-18 -0.9039892931234481 -0.4275550934302722
    outer loop
      vertex -46.627872314846236 7.2915275860901305 239.828380420956
      vertex -46.59052878798615 7.54327719506772 239.29610059419053
      vertex -44.57108039602882 7.54327719506772 239.29610059419053
    endloop
  endfacet
  facet normal 0 -0.7409511253549641 -0.671558954847013
    outer loop
      vertex -44.764011596863774 6.242640687119286 241.2426406871193
      vertex -46.783459988821114 6.242640687119286 241.2426406871193
      vertex -44.705356279095824 6.638062720176422 240.80635970498187
    endloop
  endfacet
  facet normal 1.0757694680649235e-17 -0.6715589548470248 -0.7409511253549531
    outer loop
      vertex -44.764011596863774 6.242640687119286 241.2426406871193
      vertex -44.82872776719333 5.8063597049818725 241.63806272017644
      vertex -46.84817615915067 5.8063597049818725 241.63806272017644
    endloop
  endfacet
  facet normal -3.5953530360389466e-19 -0.8032075314806401 -0.5956993044924401
    outer loop
      vertex -44.65332669666384 6.988817673815271 240.33342139811762
      vertex -44.705356279095824 6.638062720176422 240.80635970498187
      vertex -46.72480467105316 6.638062720176422 240.80635970498187
    endloop
  endfacet
  facet normal 0 -0.9039892931234481 -0.4275550934302722
    outer loop
      vertex -46.627872314846236 7.2915275860901305 239.828380420956
      vertex -44.57108039602882 7.54327719506772 239.29610059419053
      vertex -44.6084239228889 7.2915275860901305 239.828380420956
    endloop
  endfacet
  facet normal 0 -0.8577286100002717 -0.5141027441932225
    outer loop
      vertex -46.67277508862117 6.988817673815271 240.33342139811762
      vertex -44.6084239228889 7.2915275860901305 239.828380420956
      vertex -44.65332669666384 6.988817673815271 240.33342139811762
    endloop
  endfacet
  facet normal 0 -0.9415440651830198 -0.33688985339222255
    outer loop
      vertex -44.57108039602882 7.54327719506772 239.29610059419053
      vertex -46.59052878798615 7.54327719506772 239.29610059419053
      vertex -44.5416557546613 7.741642014393253 238.74170806352677
    endloop
  endfacet
  facet normal 0 -0.9891765099647811 -0.14673047445536117
    outer loop
      vertex -46.53988176612519 7.884711682419383 238.17054193209677
      vertex -44.50761763767398 7.971108360033181 237.58810284197736
      vertex -44.52043337416786 7.884711682419383 238.17054193209677
    endloop
  endfacet
  facet normal 0 -0.9987954562051725 -0.04906767432741864
    outer loop
      vertex -46.52706602963132 7.971108360033181 237.58810284197736
      vertex -44.5033319677279 8 237
      vertex -44.50761763767398 7.971108360033181 237.58810284197736
    endloop
  endfacet
  facet normal 0 -0.970031253194544 -0.24298017990326343
    outer loop
      vertex -44.5416557546613 7.741642014393253 238.74170806352677
      vertex -46.56110414661863 7.741642014393253 238.74170806352677
      vertex -44.52043337416786 7.884711682419383 238.17054193209677
    endloop
  endfacet
  facet normal 0 0 1
    outer loop
      vertex -27.216791531189646 -5.413756435947559 121
      vertex -26.555094316568795 -8.055399793811329 121
      vertex -26.555094316568795 8.055399793811329 121
    endloop
  endfacet
  facet normal 0 0 1
    outer loop
      vertex -27.216791531189646 -5.413756435947559 121
      vertex -27.216791531189646 5.413756435947559 121
      vertex -27.616376165153465 -2.7199756441453067 121
    endloop
  endfacet
  facet normal 0 0 1
    outer loop
      vertex -25.637657027188208 -10.619465248131242 121
      vertex -24.47331508566685 -13.081259446921434 121
      vertex -24.47331508566685 13.081259446921434 121
    endloop
  endfacet
  facet normal 0 0 1
    outer loop
      vertex -25.637657027188208 -10.619465248131242 121
      vertex -25.637657027188208 10.619465248131242 121
      vertex -26.555094316568795 -8.055399793811329 121
    endloop
  endfacet
  facet normal 0 0 1
    outer loop
      vertex -17.604413635541164 -21.45104008081595 121
      vertex -17.604413635541164 21.45104008081595 121
      vertex -19.622213177926696 -19.622213177926696 121
    endloop
  endfacet
  facet normal 0 0 1
    outer loop
      vertex -23.07328174139563 -15.41707396629396 121
      vertex -23.07328174139563 15.41707396629396 121
      vertex -24.47331508566685 -13.081259446921434 121
    endloop
  endfacet
  facet normal 0 0 1
    outer loop
      vertex -23.07328174139563 -15.41707396629396 121
      vertex -21.45104008081595 -17.604413635541164 121
      vertex -21.45104008081595 17.604413635541164 121
    endloop
  endfacet
  facet normal 0 0 1
    outer loop
      vertex -21.45104008081595 -17.604413635541164 121
      vertex -19.622213177926696 -19.622213177926696 121
      vertex -19.622213177926696 19.622213177926696 121
    endloop
  endfacet
  facet normal 0 0 1
    outer loop
      vertex -17.604413635541164 -21.45104008081595 121
      vertex -15.41707396629396 -23.07328174139563 121
      vertex -15.41707396629396 23.07328174139563 121
    endloop
  endfacet
  facet normal 0 0 1
    outer loop
      vertex -15.41707396629396 -23.07328174139563 121
      vertex -13.081259446921434 -24.47331508566685 121
      vertex -13.081259446921434 24.47331508566685 121
    endloop
  endfacet
  facet normal 0 0 1
    outer loop
      vertex -10.619465248131242 -25.637657027188208 121
      vertex -10.619465248131242 25.637657027188208 121
      vertex -13.081259446921434 -24.47331508566685 121
    endloop
  endfacet
  facet normal 0 0 1
    outer loop
      vertex -10.619465248131242 -25.637657027188208 121
      vertex -8.055399793811329 -26.555094316568795 121
      vertex -8.055399793811329 26.555094316568795 121
    endloop
  endfacet
  facet normal 0 0 1
    outer loop
      vertex -8.055399793811329 -26.555094316568795 121
      vertex -5.413756435947559 -27.216791531189646 121
      vertex -5.413756435947559 27.216791531189646 121
    endloop
  endfacet
  facet normal 0 0 1
    outer loop
      vertex -5.413756435947559 -27.216791531189646 121
      vertex -2.7199756441453067 -27.616376165153465 121
      vertex -2.7199756441453067 27.616376165153465 121
    endloop
  endfacet
  facet normal 0 0 1
    outer loop
      vertex -2.7199756441453067 -27.616376165153465 121
      vertex 0 -27.75 121
      vertex 0 27.75 121
    endloop
  endfacet
  facet normal 0.857728610000272 0.5141027441932218 2.5617575049406086e-19
    outer loop
      vertex -23.07328174139563 -15.41707396629396 121
      vertex -24.47331508566685 -13.081259446921434 121
      vertex -24.47331508566685 -13.081259446921434 241.5
    endloop
  endfacet
  facet normal 0.9700312531945438 0.24298017990326473 0
    outer loop
      vertex -27.216791531189646 -5.413756435947559 121
      vertex -27.216791531189646 -5.413756435947559 241.5
      vertex -26.555094316568795 -8.055399793811329 121
    endloop
  endfacet
  facet normal 0.9039892931234431 0.42755509343028275 0
    outer loop
      vertex -25.637657027188208 -10.619465248131242 121
      vertex -25.637657027188208 -10.619465248131242 241.5
      vertex -24.47331508566685 -13.081259446921434 121
    endloop
  endfacet
  facet normal 0.9415440651830211 0.3368898533922192 2.621971324605023e-19
    outer loop
      vertex -25.637657027188208 -10.619465248131242 121
      vertex -26.555094316568795 -8.055399793811329 121
      vertex -26.555094316568795 -8.055399793811329 241.5
    endloop
  endfacet
  facet normal 0.989176509964781 0.14673047445536197 1.489615286224115e-19
    outer loop
      vertex -27.216791531189646 -5.413756435947559 121
      vertex -27.616376165153465 -2.7199756441453067 121
      vertex -27.616376165153465 -2.7199756441453067 241.5
    endloop
  endfacet
  facet normal 0.9987954562051724 0.04906767432741752 3.730406534649766e-20
    outer loop
      vertex -27.616376165153465 -2.7199756441453067 121
      vertex -27.75 0 121
      vertex -27.75 0 241.5
    endloop
  endfacet
  facet normal 0.9039892931234431 0.42755509343028275 0
    outer loop
      vertex -24.47331508566685 -13.081259446921434 121
      vertex -25.637657027188208 -10.619465248131242 241.5
      vertex -24.47331508566685 -13.081259446921434 241.5
    endloop
  endfacet
  facet normal 0.9700312531945438 0.24298017990326473 0
    outer loop
      vertex -26.555094316568795 -8.055399793811329 121
      vertex -27.216791531189646 -5.413756435947559 241.5
      vertex -26.555094316568795 -8.055399793811329 241.5
    endloop
  endfacet
  facet normal 0.9415440651830211 0.3368898533922192 0
    outer loop
      vertex -25.637657027188208 -10.619465248131242 121
      vertex -26.555094316568795 -8.055399793811329 241.5
      vertex -25.637657027188208 -10.619465248131242 241.5
    endloop
  endfacet
  facet normal 0.989176509964781 0.14673047445536197 0
    outer loop
      vertex -27.216791531189646 -5.413756435947559 121
      vertex -27.616376165153465 -2.7199756441453067 241.5
      vertex -27.216791531189646 -5.413756435947559 241.5
    endloop
  endfacet
  facet normal 0.9987954562051724 0.04906767432741752 0
    outer loop
      vertex -27.616376165153465 -2.7199756441453067 121
      vertex -27.75 0 241.5
      vertex -27.616376165153465 -2.7199756441453067 241.5
    endloop
  endfacet
  facet normal 0.42755509343028275 0.9039892931234431 3.9249509463604565e-20
    outer loop
      vertex -10.619465248131242 -25.637657027188208 121
      vertex -13.081259446921434 -24.47331508566685 121
      vertex -13.081259446921434 -24.47331508566685 241.5
    endloop
  endfacet
  facet normal 0.2429801799032647 0.9700312531945438 -1.2040089248478631e-18
    outer loop
      vertex -8.055399793811329 -26.555094316568795 121
      vertex -5.413756435947559 -27.216791531189646 134.43005076903503
      vertex -5.413756435947559 -27.216791531189646 121
    endloop
  endfacet
  facet normal 0.2429801799032792 0.9700312531945402 -1.9722127567090404e-15
    outer loop
      vertex -8.055399793811329 -26.555094316568795 121
      vertex -6 -27.06994516289843 137
      vertex -5.971108360033181 -27.077182141968663 136.41189715802264
    endloop
  endfacet
  facet normal 0.2429801799032595 0.9700312531945451 9.140834212657991e-16
    outer loop
      vertex -8.055399793811329 -26.555094316568795 121
      vertex -5.741642014393253 -27.134660469354216 135.25829193647323
      vertex -5.54327719506772 -27.184348269955965 134.70389940580947
    endloop
  endfacet
  facet normal 0.24298017990327067 0.9700312531945422 -1.251113329029301e-15
    outer loop
      vertex -8.055399793811329 -26.555094316568795 121
      vertex -5.54327719506772 -27.184348269955965 134.70389940580947
      vertex -5.413756435947559 -27.216791531189646 134.43005076903503
    endloop
  endfacet
  facet normal 0.2429801799032733 0.9700312531945416 -1.3967288277600444e-15
    outer loop
      vertex -8.055399793811329 -26.555094316568795 121
      vertex -5.884711682419383 -27.09882338311477 135.82945806790323
      vertex -5.741642014393253 -27.134660469354216 135.25829193647323
    endloop
  endfacet
  facet normal 0.24298017990325252 0.9700312531945469 1.764296837494824e-15
    outer loop
      vertex -8.055399793811329 -26.555094316568795 121
      vertex -5.971108360033181 -27.077182141968663 136.41189715802264
      vertex -5.884711682419383 -27.09882338311477 135.82945806790323
    endloop
  endfacet
  facet normal 0.14673047445535575 0.9891765099647819 7.530626523348508e-16
    outer loop
      vertex -5.413756435947559 -27.216791531189646 121
      vertex -4.242640687119286 -27.3905101423138 132.7573593128807
      vertex -3.806359704981873 -27.45522631264335 132.36193727982356
    endloop
  endfacet
  facet normal 0.14673047445536777 0.98917650996478 -4.702795160886419e-16
    outer loop
      vertex -5.413756435947559 -27.216791531189646 121
      vertex -4.638062720176422 -27.331854824545847 133.19364029501813
      vertex -4.242640687119286 -27.3905101423138 132.7573593128807
    endloop
  endfacet
  facet normal 0.14673047445536197 0.989176509964781 1.6842944579384761e-18
    outer loop
      vertex -5.413756435947559 -27.216791531189646 121
      vertex -2.7199756441453067 -27.616376165153465 131.65720077294006
      vertex -2.7199756441453067 -27.616376165153465 121
    endloop
  endfacet
  facet normal 0.14673047445536355 0.9891765099647807 -3.706088308311887e-16
    outer loop
      vertex -5.413756435947559 -27.216791531189646 121
      vertex -3.806359704981873 -27.45522631264335 132.36193727982356
      vertex -3.333421398117613 -27.525380083436776 132.01118232618472
    endloop
  endfacet
  facet normal 0.14673047445536555 0.9891765099647805 -7.71682724764769e-16
    outer loop
      vertex -5.413756435947559 -27.216791531189646 121
      vertex -3.333421398117613 -27.525380083436776 132.01118232618472
      vertex -2.8283804209559857 -27.60029583553138 131.70847241390987
    endloop
  endfacet
  facet normal 0.1467304744553507 0.9891765099647826 2.938493354223348e-15
    outer loop
      vertex -5.413756435947559 -27.216791531189646 121
      vertex -2.8283804209559857 -27.60029583553138 131.70847241390987
      vertex -2.7199756441453067 -27.616376165153465 131.65720077294006
    endloop
  endfacet
  facet normal 0.14673047445535012 0.9891765099647827 0
    outer loop
      vertex -5.413756435947559 -27.216791531189646 121
      vertex -5.413756435947559 -27.216791531189646 134.43005076903503
      vertex -5.2915275860901305 -27.234922468338922 134.171619579044
    endloop
  endfacet
  facet normal 0.14673047445536758 0.9891765099647802 -1.6550548490643577e-16
    outer loop
      vertex -5.413756435947559 -27.216791531189646 121
      vertex -5.2915275860901305 -27.234922468338922 134.171619579044
      vertex -4.988817673815271 -27.279825242113862 133.66657860188238
    endloop
  endfacet
  facet normal 0.14673047445535808 0.9891765099647816 1.5947108801769621e-16
    outer loop
      vertex -5.413756435947559 -27.216791531189646 121
      vertex -4.988817673815271 -27.279825242113862 133.66657860188238
      vertex -4.638062720176422 -27.331854824545847 133.19364029501813
    endloop
  endfacet
  facet normal 0.049067674327421325 0.9987954562051722 0
    outer loop
      vertex -2.7199756441453067 -27.616376165153465 121
      vertex -2.7199756441453067 -27.616376165153465 131.65720077294006
      vertex -2.2961005941905386 -27.63719981105362 131.45672280493227
    endloop
  endfacet
  facet normal 0.04906767432741325 0.9987954562051726 3.2796668043121384e-16
    outer loop
      vertex -2.7199756441453067 -27.616376165153465 121
      vertex -2.2961005941905386 -27.63719981105362 131.45672280493227
      vertex -1.741708063526774 -27.66443536962085 131.25835798560675
    endloop
  endfacet
  facet normal 0.049067674327418376 0.9987954562051723 -1.602514613212805e-16
    outer loop
      vertex -2.7199756441453067 -27.616376165153465 121
      vertex -1.741708063526774 -27.66443536962085 131.25835798560675
      vertex -1.1705419320967696 -27.69249496235302 131.11528831758062
    endloop
  endfacet
  facet normal 0.04906767432741723 0.9987954562051724 1.5562577726506154e-17
    outer loop
      vertex -2.7199756441453067 -27.616376165153465 121
      vertex -1.1705419320967696 -27.69249496235302 131.11528831758062
      vertex -0.5881028419773636 -27.72110836003318 131.02889163996682
    endloop
  endfacet
  facet normal 0.049067674327417515 0.9987954562051724 4.495139874252967e-19
    outer loop
      vertex -2.7199756441453067 -27.616376165153465 121
      vertex 0 -27.75 131
      vertex 0 -27.75 121
    endloop
  endfacet
  facet normal 0.049067674327418334 0.9987954562051724 -2.1929643896194766e-16
    outer loop
      vertex -2.7199756441453067 -27.616376165153465 121
      vertex -0.5881028419773636 -27.72110836003318 131.02889163996682
      vertex 0 -27.75 131
    endloop
  endfacet
  facet normal 0.3368898533922192 0.9415440651830211 0
    outer loop
      vertex -10.619465248131242 -25.637657027188208 121
      vertex -10.619465248131242 -25.637657027188208 241.5
      vertex -8.055399793811329 -26.555094316568795 121
    endloop
  endfacet
  facet normal 0.24298017990326426 0.970031253194544 0
    outer loop
      vertex -8.055399793811329 -26.555094316568795 121
      vertex -8.055399793811329 -26.555094316568795 241.5
      vertex -6 -27.06994516289843 137
    endloop
  endfacet
  facet normal 0.5141027441932218 0.857728610000272 0
    outer loop
      vertex -13.081259446921434 -24.47331508566685 121
      vertex -15.41707396629396 -23.07328174139563 241.5
      vertex -13.081259446921434 -24.47331508566685 241.5
    endloop
  endfacet
  facet normal 0.42755509343028275 0.9039892931234431 0
    outer loop
      vertex -10.619465248131242 -25.637657027188208 121
      vertex -13.081259446921434 -24.47331508566685 241.5
      vertex -10.619465248131242 -25.637657027188208 241.5
    endloop
  endfacet
  facet normal 0.3368898533922192 0.9415440651830211 2.621971324605023e-19
    outer loop
      vertex -10.619465248131242 -25.637657027188208 241.5
      vertex -8.055399793811329 -26.555094316568795 241.5
      vertex -8.055399793811329 -26.555094316568795 121
    endloop
  endfacet
  facet normal 0.24298017990326423 0.9700312531945439 0
    outer loop
      vertex -6 -27.06994516289843 137
      vertex -8.055399793811329 -26.555094316568795 241.5
      vertex -6 -27.06994516289843 241.5
    endloop
  endfacet
  facet normal 0.7409511253549597 0.6715589548470177 0
    outer loop
      vertex -21.45104008081595 -17.604413635541164 121
      vertex -21.45104008081595 -17.604413635541164 241.5
      vertex -19.622213177926696 -19.622213177926696 121
    endloop
  endfacet
  facet normal 0.6715589548470177 0.7409511253549597 3.396375360924286e-19
    outer loop
      vertex -17.604413635541164 -21.45104008081595 121
      vertex -19.622213177926696 -19.622213177926696 121
      vertex -19.622213177926696 -19.622213177926696 241.5
    endloop
  endfacet
  facet normal 0.8032075314806453 0.5956993044924327 0
    outer loop
      vertex -23.07328174139563 -15.41707396629396 121
      vertex -23.07328174139563 -15.41707396629396 241.5
      vertex -21.45104008081595 -17.604413635541164 121
    endloop
  endfacet
  facet normal 0.5956993044924327 0.8032075314806453 0
    outer loop
      vertex -17.604413635541164 -21.45104008081595 121
      vertex -17.604413635541164 -21.45104008081595 241.5
      vertex -15.41707396629396 -23.07328174139563 121
    endloop
  endfacet
  facet normal 0.5141027441932218 0.857728610000272 0
    outer loop
      vertex -15.41707396629396 -23.07328174139563 121
      vertex -15.41707396629396 -23.07328174139563 241.5
      vertex -13.081259446921434 -24.47331508566685 121
    endloop
  endfacet
  facet normal 0.6715589548470177 0.7409511253549597 0
    outer loop
      vertex -17.604413635541164 -21.45104008081595 121
      vertex -19.622213177926696 -19.622213177926696 241.5
      vertex -17.604413635541164 -21.45104008081595 241.5
    endloop
  endfacet
  facet normal 0.7409511253549597 0.6715589548470177 0
    outer loop
      vertex -19.622213177926696 -19.622213177926696 121
      vertex -21.45104008081595 -17.604413635541164 241.5
      vertex -19.622213177926696 -19.622213177926696 241.5
    endloop
  endfacet
  facet normal 0.8032075314806453 0.5956993044924327 0
    outer loop
      vertex -21.45104008081595 -17.604413635541164 121
      vertex -23.07328174139563 -15.41707396629396 241.5
      vertex -21.45104008081595 -17.604413635541164 241.5
    endloop
  endfacet
  facet normal 0.857728610000272 0.5141027441932218 0
    outer loop
      vertex -23.07328174139563 -15.41707396629396 121
      vertex -24.47331508566685 -13.081259446921434 241.5
      vertex -23.07328174139563 -15.41707396629396 241.5
    endloop
  endfacet
  facet normal 0.5956993044924327 0.8032075314806453 0
    outer loop
      vertex -15.41707396629396 -23.07328174139563 121
      vertex -17.604413635541164 -21.45104008081595 241.5
      vertex -15.41707396629396 -23.07328174139563 241.5
    endloop
  endfacet
  facet normal 0 0 1
    outer loop
      vertex -27.616376165153465 -2.7199756441453067 121
      vertex -27.616376165153465 2.7199756441453067 121
      vertex -27.75 0 121
    endloop
  endfacet
  facet normal 0 0 1
    outer loop
      vertex -27.616376165153465 -2.7199756441453067 121
      vertex -27.216791531189646 5.413756435947559 121
      vertex -27.616376165153465 2.7199756441453067 121
    endloop
  endfacet
  facet normal 0 0 1
    outer loop
      vertex -27.216791531189646 -5.413756435947559 121
      vertex -26.555094316568795 8.055399793811329 121
      vertex -27.216791531189646 5.413756435947559 121
    endloop
  endfacet
  facet normal 0 0 1
    outer loop
      vertex -26.555094316568795 -8.055399793811329 121
      vertex -25.637657027188208 10.619465248131242 121
      vertex -26.555094316568795 8.055399793811329 121
    endloop
  endfacet
  facet normal 0 0 1
    outer loop
      vertex -25.637657027188208 -10.619465248131242 121
      vertex -24.47331508566685 13.081259446921434 121
      vertex -25.637657027188208 10.619465248131242 121
    endloop
  endfacet
  facet normal 0 0 1
    outer loop
      vertex -24.47331508566685 -13.081259446921434 121
      vertex -23.07328174139563 15.41707396629396 121
      vertex -24.47331508566685 13.081259446921434 121
    endloop
  endfacet
  facet normal 0 0 1
    outer loop
      vertex -23.07328174139563 -15.41707396629396 121
      vertex -21.45104008081595 17.604413635541164 121
      vertex -23.07328174139563 15.41707396629396 121
    endloop
  endfacet
  facet normal 0 0 1
    outer loop
      vertex -21.45104008081595 -17.604413635541164 121
      vertex -19.622213177926696 19.622213177926696 121
      vertex -21.45104008081595 17.604413635541164 121
    endloop
  endfacet
  facet normal 0 0 1
    outer loop
      vertex -19.622213177926696 -19.622213177926696 121
      vertex -17.604413635541164 21.45104008081595 121
      vertex -19.622213177926696 19.622213177926696 121
    endloop
  endfacet
  facet normal 0 0 1
    outer loop
      vertex -17.604413635541164 -21.45104008081595 121
      vertex -15.41707396629396 23.07328174139563 121
      vertex -17.604413635541164 21.45104008081595 121
    endloop
  endfacet
  facet normal 0 0 1
    outer loop
      vertex -15.41707396629396 -23.07328174139563 121
      vertex -13.081259446921434 24.47331508566685 121
      vertex -15.41707396629396 23.07328174139563 121
    endloop
  endfacet
  facet normal 0 0 1
    outer loop
      vertex -13.081259446921434 -24.47331508566685 121
      vertex -10.619465248131242 25.637657027188208 121
      vertex -13.081259446921434 24.47331508566685 121
    endloop
  endfacet
  facet normal 0 0 1
    outer loop
      vertex -10.619465248131242 -25.637657027188208 121
      vertex -8.055399793811329 26.555094316568795 121
      vertex -10.619465248131242 25.637657027188208 121
    endloop
  endfacet
  facet normal 0 0 1
    outer loop
      vertex -8.055399793811329 -26.555094316568795 121
      vertex -5.413756435947559 27.216791531189646 121
      vertex -8.055399793811329 26.555094316568795 121
    endloop
  endfacet
  facet normal 0 0 1
    outer loop
      vertex -5.413756435947559 -27.216791531189646 121
      vertex -2.7199756441453067 27.616376165153465 121
      vertex -5.413756435947559 27.216791531189646 121
    endloop
  endfacet
  facet normal 0 0 1
    outer loop
      vertex -2.7199756441453067 -27.616376165153465 121
      vertex 0 27.75 121
      vertex -2.7199756441453067 27.616376165153465 121
    endloop
  endfacet
  facet normal 0.9987954562051724 -0.04906767432741752 -3.730406534649766e-20
    outer loop
      vertex -27.75 0 121
      vertex -27.616376165153465 2.7199756441453067 121
      vertex -27.616376165153465 2.7199756441453067 241.5
    endloop
  endfacet
  facet normal 0.989176509964781 -0.14673047445536197 -1.489615286224115e-19
    outer loop
      vertex -27.616376165153465 2.7199756441453067 121
      vertex -27.216791531189646 5.413756435947559 121
      vertex -27.216791531189646 5.413756435947559 241.5
    endloop
  endfacet
  facet normal 0.9700312531945438 -0.24298017990326473 1.3419004968529535e-19
    outer loop
      vertex -27.216791531189646 5.413756435947559 121
      vertex -26.555094316568795 8.055399793811329 121
      vertex -26.555094316568795 8.055399793811329 241.5
    endloop
  endfacet
  facet normal 0.9415440651830211 -0.3368898533922192 -2.621971324605023e-19
    outer loop
      vertex -26.555094316568795 8.055399793811329 121
      vertex -25.637657027188208 10.619465248131242 121
      vertex -25.637657027188208 10.619465248131242 241.5
    endloop
  endfacet
  facet normal 0.9039892931234431 -0.42755509343028275 -3.9249509463604565e-20
    outer loop
      vertex -25.637657027188208 10.619465248131242 121
      vertex -24.47331508566685 13.081259446921434 121
      vertex -24.47331508566685 13.081259446921434 241.5
    endloop
  endfacet
  facet normal 0.9987954562051724 -0.04906767432741752 0
    outer loop
      vertex -27.75 0 121
      vertex -27.616376165153465 2.7199756441453067 241.5
      vertex -27.75 0 241.5
    endloop
  endfacet
  facet normal 0.989176509964781 -0.14673047445536197 0
    outer loop
      vertex -27.616376165153465 2.7199756441453067 121
      vertex -27.216791531189646 5.413756435947559 241.5
      vertex -27.616376165153465 2.7199756441453067 241.5
    endloop
  endfacet
  facet normal 0.9700312531945438 -0.24298017990326473 0
    outer loop
      vertex -27.216791531189646 5.413756435947559 121
      vertex -26.555094316568795 8.055399793811329 241.5
      vertex -27.216791531189646 5.413756435947559 241.5
    endloop
  endfacet
  facet normal 0.9415440651830211 -0.3368898533922192 0
    outer loop
      vertex -26.555094316568795 8.055399793811329 121
      vertex -25.637657027188208 10.619465248131242 241.5
      vertex -26.555094316568795 8.055399793811329 241.5
    endloop
  endfacet
  facet normal 0.9039892931234431 -0.42755509343028275 0
    outer loop
      vertex -25.637657027188208 10.619465248131242 121
      vertex -24.47331508566685 13.081259446921434 241.5
      vertex -25.637657027188208 10.619465248131242 241.5
    endloop
  endfacet
  facet normal 0.857728610000272 -0.5141027441932218 0
    outer loop
      vertex -24.47331508566685 13.081259446921434 121
      vertex -23.07328174139563 15.41707396629396 241.5
      vertex -24.47331508566685 13.081259446921434 241.5
    endloop
  endfacet
  facet normal 0.857728610000272 -0.5141027441932218 -2.5617575049406086e-19
    outer loop
      vertex -24.47331508566685 13.081259446921434 121
      vertex -23.07328174139563 15.41707396629396 121
      vertex -23.07328174139563 15.41707396629396 241.5
    endloop
  endfacet
  facet normal 0.8032075314806453 -0.5956993044924327 -8.34544835632609e-20
    outer loop
      vertex -23.07328174139563 15.41707396629396 121
      vertex -21.45104008081595 17.604413635541164 121
      vertex -21.45104008081595 17.604413635541164 241.5
    endloop
  endfacet
  facet normal 0.7409511253549597 -0.6715589548470177 -3.396375360924286e-19
    outer loop
      vertex -21.45104008081595 17.604413635541164 121
      vertex -19.622213177926696 19.622213177926696 121
      vertex -19.622213177926696 19.622213177926696 241.5
    endloop
  endfacet
  facet normal 0.6715589548470177 -0.7409511253549597 -3.396375360924286e-19
    outer loop
      vertex -19.622213177926696 19.622213177926696 121
      vertex -17.604413635541164 21.45104008081595 121
      vertex -17.604413635541164 21.45104008081595 241.5
    endloop
  endfacet
  facet normal 0.5956993044924327 -0.8032075314806453 -8.34544835632609e-20
    outer loop
      vertex -17.604413635541164 21.45104008081595 121
      vertex -15.41707396629396 23.07328174139563 121
      vertex -15.41707396629396 23.07328174139563 241.5
    endloop
  endfacet
  facet normal 0.8032075314806453 -0.5956993044924327 0
    outer loop
      vertex -23.07328174139563 15.41707396629396 121
      vertex -21.45104008081595 17.604413635541164 241.5
      vertex -23.07328174139563 15.41707396629396 241.5
    endloop
  endfacet
  facet normal 0.7409511253549597 -0.6715589548470177 0
    outer loop
      vertex -21.45104008081595 17.604413635541164 121
      vertex -19.622213177926696 19.622213177926696 241.5
      vertex -21.45104008081595 17.604413635541164 241.5
    endloop
  endfacet
  facet normal 0.6715589548470177 -0.7409511253549597 0
    outer loop
      vertex -19.622213177926696 19.622213177926696 121
      vertex -17.604413635541164 21.45104008081595 241.5
      vertex -19.622213177926696 19.622213177926696 241.5
    endloop
  endfacet
  facet normal 0.5956993044924327 -0.8032075314806453 0
    outer loop
      vertex -17.604413635541164 21.45104008081595 121
      vertex -15.41707396629396 23.07328174139563 241.5
      vertex -17.604413635541164 21.45104008081595 241.5
    endloop
  endfacet
  facet normal 0.5141027441932218 -0.857728610000272 0
    outer loop
      vertex -15.41707396629396 23.07328174139563 121
      vertex -13.081259446921434 24.47331508566685 241.5
      vertex -15.41707396629396 23.07328174139563 241.5
    endloop
  endfacet
  facet normal 0.5141027441932218 -0.857728610000272 -2.5617575049406086e-19
    outer loop
      vertex -15.41707396629396 23.07328174139563 121
      vertex -13.081259446921434 24.47331508566685 121
      vertex -13.081259446921434 24.47331508566685 241.5
    endloop
  endfacet
  facet normal 0.42755509343028275 -0.9039892931234431 -3.9249509463604565e-20
    outer loop
      vertex -13.081259446921434 24.47331508566685 121
      vertex -10.619465248131242 25.637657027188208 121
      vertex -10.619465248131242 25.637657027188208 241.5
    endloop
  endfacet
  facet normal 0.3368898533922192 -0.9415440651830211 -2.621971324605023e-19
    outer loop
      vertex -10.619465248131242 25.637657027188208 121
      vertex -8.055399793811329 26.555094316568795 121
      vertex -8.055399793811329 26.555094316568795 241.5
    endloop
  endfacet
  facet normal 0.24298017990326473 -0.9700312531945438 1.3419004968529535e-19
    outer loop
      vertex -8.055399793811329 26.555094316568795 121
      vertex -5.413756435947559 27.216791531189646 121
      vertex -5.413756435947559 27.216791531189646 241.5
    endloop
  endfacet
  facet normal 0.14673047445536197 -0.989176509964781 -1.489615286224115e-19
    outer loop
      vertex -5.413756435947559 27.216791531189646 121
      vertex -2.7199756441453067 27.616376165153465 121
      vertex -2.7199756441453067 27.616376165153465 241.5
    endloop
  endfacet
  facet normal 0.04906767432741752 -0.9987954562051724 -3.730406534649766e-20
    outer loop
      vertex -2.7199756441453067 27.616376165153465 121
      vertex 0 27.75 121
      vertex 0 27.75 241.5
    endloop
  endfacet
  facet normal 0.42755509343028275 -0.9039892931234431 0
    outer loop
      vertex -13.081259446921434 24.47331508566685 121
      vertex -10.619465248131242 25.637657027188208 241.5
      vertex -13.081259446921434 24.47331508566685 241.5
    endloop
  endfacet
  facet normal 0.3368898533922192 -0.9415440651830211 0
    outer loop
      vertex -10.619465248131242 25.637657027188208 121
      vertex -8.055399793811329 26.555094316568795 241.5
      vertex -10.619465248131242 25.637657027188208 241.5
    endloop
  endfacet
  facet normal 0.24298017990326473 -0.9700312531945438 0
    outer loop
      vertex -8.055399793811329 26.555094316568795 121
      vertex -5.413756435947559 27.216791531189646 241.5
      vertex -8.055399793811329 26.555094316568795 241.5
    endloop
  endfacet
  facet normal 0.14673047445536197 -0.989176509964781 0
    outer loop
      vertex -5.413756435947559 27.216791531189646 121
      vertex -2.7199756441453067 27.616376165153465 241.5
      vertex -5.413756435947559 27.216791531189646 241.5
    endloop
  endfacet
  facet normal 0.04906767432741752 -0.9987954562051724 0
    outer loop
      vertex -2.7199756441453067 27.616376165153465 121
      vertex 0 27.75 241.5
      vertex -2.7199756441453067 27.616376165153465 241.5
    endloop
  endfacet
  facet normal 0 0 1
    outer loop
      vertex 0 -27.75 121
      vertex 2.7199756441453067 -27.616376165153465 121
      vertex 2.7199756441453067 27.616376165153465 121
    endloop
  endfacet
  facet normal 0 0 1
    outer loop
      vertex 2.7199756441453067 -27.616376165153465 121
      vertex 5.413756435947559 -27.216791531189646 121
      vertex 5.413756435947559 27.216791531189646 121
    endloop
  endfacet
  facet normal 0 0 1
    outer loop
      vertex 5.413756435947559 -27.216791531189646 121
      vertex 8.055399793811329 -26.555094316568795 121
      vertex 8.055399793811329 26.555094316568795 121
    endloop
  endfacet
  facet normal 0 0 1
    outer loop
      vertex 8.055399793811329 -26.555094316568795 121
      vertex 10.619465248131242 -25.637657027188208 121
      vertex 10.619465248131242 25.637657027188208 121
    endloop
  endfacet
  facet normal 0 0 1
    outer loop
      vertex 10.619465248131242 -25.637657027188208 121
      vertex 13.081259446921434 -24.47331508566685 121
      vertex 13.081259446921434 24.47331508566685 121
    endloop
  endfacet
  facet normal 0 0 1
    outer loop
      vertex 13.081259446921434 -24.47331508566685 121
      vertex 15.41707396629396 -23.07328174139563 121
      vertex 15.41707396629396 23.07328174139563 121
    endloop
  endfacet
  facet normal 0 0 1
    outer loop
      vertex 15.41707396629396 -23.07328174139563 121
      vertex 17.604413635541164 -21.45104008081595 121
      vertex 17.604413635541164 21.45104008081595 121
    endloop
  endfacet
  facet normal 0 0 1
    outer loop
      vertex 17.604413635541164 -21.45104008081595 121
      vertex 19.622213177926696 -19.622213177926696 121
      vertex 19.622213177926696 19.622213177926696 121
    endloop
  endfacet
  facet normal 0 0 1
    outer loop
      vertex 19.622213177926696 -19.622213177926696 121
      vertex 21.45104008081595 -17.604413635541164 121
      vertex 21.45104008081595 17.604413635541164 121
    endloop
  endfacet
  facet normal 0 0 1
    outer loop
      vertex 21.45104008081595 -17.604413635541164 121
      vertex 23.07328174139563 -15.41707396629396 121
      vertex 23.07328174139563 15.41707396629396 121
    endloop
  endfacet
  facet normal 0 0 1
    outer loop
      vertex 23.07328174139563 -15.41707396629396 121
      vertex 24.47331508566685 -13.081259446921434 121
      vertex 24.47331508566685 13.081259446921434 121
    endloop
  endfacet
  facet normal 0 0 1
    outer loop
      vertex 24.47331508566685 -13.081259446921434 121
      vertex 25.637657027188208 -10.619465248131242 121
      vertex 25.637657027188208 10.619465248131242 121
    endloop
  endfacet
  facet normal 0 0 1
    outer loop
      vertex 25.637657027188208 -10.619465248131242 121
      vertex 26.555094316568795 -8.055399793811329 121
      vertex 26.555094316568795 8.055399793811329 121
    endloop
  endfacet
  facet normal 0 0 1
    outer loop
      vertex 26.555094316568795 -8.055399793811329 121
      vertex 27.216791531189646 -5.413756435947559 121
      vertex 27.216791531189646 5.413756435947559 121
    endloop
  endfacet
  facet normal 0 0 1
    outer loop
      vertex 27.216791531189646 -5.413756435947559 121
      vertex 27.616376165153465 -2.7199756441453067 121
      vertex 27.616376165153465 2.7199756441453067 121
    endloop
  endfacet
  facet normal -0.04906767432741752 0.9987954562051724 -4.7815635794071593e-17
    outer loop
      vertex 0 -27.75 121
      vertex 0.5881028419773636 -27.72110836003318 131.02889163996682
      vertex 2.7199756441453067 -27.616376165153465 121
    endloop
  endfacet
  facet normal -0.049067674327418334 0.9987954562051723 0
    outer loop
      vertex 0 -27.75 121
      vertex 0 -27.75 131
      vertex 0.5881028419773636 -27.72110836003318 131.02889163996682
    endloop
  endfacet
  facet normal -0.04906767432741726 0.9987954562051725 1.2550306563164856e-17
    outer loop
      vertex 2.7199756441453067 -27.616376165153465 121
      vertex 0.5881028419773636 -27.72110836003318 131.02889163996682
      vertex 1.1705419320967696 -27.69249496235302 131.11528831758062
    endloop
  endfacet
  facet normal -0.04906767432741837 0.9987954562051723 -1.602141532674367e-16
    outer loop
      vertex 2.7199756441453067 -27.616376165153465 121
      vertex 1.1705419320967696 -27.69249496235302 131.11528831758062
      vertex 1.741708063526774 -27.66443536962085 131.25835798560675
    endloop
  endfacet
  facet normal -0.04906767432741325 0.9987954562051726 3.2841999236988565e-16
    outer loop
      vertex 2.7199756441453067 -27.616376165153465 121
      vertex 1.741708063526774 -27.66443536962085 131.25835798560675
      vertex 2.2961005941905386 -27.63719981105362 131.45672280493227
    endloop
  endfacet
  facet normal -0.049067674327421325 0.9987954562051722 0
    outer loop
      vertex 2.7199756441453067 -27.616376165153465 121
      vertex 2.2961005941905386 -27.63719981105362 131.45672280493227
      vertex 2.7199756441453067 -27.616376165153465 131.65720077294006
    endloop
  endfacet
  facet normal -0.1467304744553493 0.9891765099647828 0
    outer loop
      vertex 2.7199756441453067 -27.616376165153465 121
      vertex 2.7199756441453067 -27.616376165153465 131.65720077294006
      vertex 2.8283804209559857 -27.60029583553138 131.70847241390987
    endloop
  endfacet
  facet normal -0.14673047445536194 0.989176509964781 -6.648117820985981e-17
    outer loop
      vertex 2.7199756441453067 -27.616376165153465 121
      vertex 3.333421398117613 -27.525380083436776 132.01118232618472
      vertex 5.413756435947559 -27.216791531189646 121
    endloop
  endfacet
  facet normal -0.1467304744553662 0.9891765099647803 1.7419126332535982e-16
    outer loop
      vertex 2.7199756441453067 -27.616376165153465 121
      vertex 2.8283804209559857 -27.60029583553138 131.70847241390987
      vertex 3.333421398117613 -27.525380083436776 132.01118232618472
    endloop
  endfacet
  facet normal -0.14673047445536355 0.9891765099647807 -3.7478360466684076e-16
    outer loop
      vertex 3.333421398117613 -27.525380083436776 132.01118232618472
      vertex 3.806359704981873 -27.45522631264335 132.36193727982356
      vertex 5.413756435947559 -27.216791531189646 121
    endloop
  endfacet
  facet normal -0.14673047445535578 0.9891765099647819 7.493768364484715e-16
    outer loop
      vertex 3.806359704981873 -27.45522631264335 132.36193727982356
      vertex 4.242640687119286 -27.3905101423138 132.7573593128807
      vertex 5.413756435947559 -27.216791531189646 121
    endloop
  endfacet
  facet normal -0.14673047445536774 0.98917650996478 -4.716894929018741e-16
    outer loop
      vertex 4.242640687119286 -27.3905101423138 132.7573593128807
      vertex 4.638062720176422 -27.331854824545847 133.19364029501813
      vertex 5.413756435947559 -27.216791531189646 121
    endloop
  endfacet
  facet normal -0.14673047445535808 0.9891765099647816 1.5949165583622155e-16
    outer loop
      vertex 4.638062720176422 -27.331854824545847 133.19364029501813
      vertex 4.988817673815271 -27.279825242113862 133.66657860188238
      vertex 5.413756435947559 -27.216791531189646 121
    endloop
  endfacet
  facet normal -0.14673047445536758 0.9891765099647802 -1.6549086164606075e-16
    outer loop
      vertex 5.413756435947559 -27.216791531189646 121
      vertex 4.988817673815271 -27.279825242113862 133.66657860188238
      vertex 5.2915275860901305 -27.234922468338922 134.171619579044
    endloop
  endfacet
  facet normal -0.14673047445535012 0.9891765099647827 0
    outer loop
      vertex 5.413756435947559 -27.216791531189646 121
      vertex 5.2915275860901305 -27.234922468338922 134.171619579044
      vertex 5.413756435947559 -27.216791531189646 134.43005076903503
    endloop
  endfacet
  facet normal -0.24298017990327306 0.9700312531945416 0
    outer loop
      vertex 5.413756435947559 -27.216791531189646 121
      vertex 5.413756435947559 -27.216791531189646 134.43005076903503
      vertex 5.54327719506772 -27.184348269955965 134.70389940580947
    endloop
  endfacet
  facet normal -0.24298017990325674 0.9700312531945459 -1.6354441601257543e-16
    outer loop
      vertex 5.413756435947559 -27.216791531189646 121
      vertex 5.54327719506772 -27.184348269955965 134.70389940580947
      vertex 5.741642014393253 -27.134660469354216 135.25829193647323
    endloop
  endfacet
  facet normal -0.2429801799032647 0.9700312531945438 3.0719095816412753e-17
    outer loop
      vertex 5.413756435947559 -27.216791531189646 121
      vertex 5.741642014393253 -27.134660469354216 135.25829193647323
      vertex 8.055399793811329 -26.555094316568795 121
    endloop
  endfacet
  facet normal -0.24298017990327292 0.9700312531945418 -1.4283534712038128e-15
    outer loop
      vertex 8.055399793811329 -26.555094316568795 121
      vertex 5.741642014393253 -27.134660469354216 135.25829193647323
      vertex 5.884711682419383 -27.09882338311477 135.82945806790323
    endloop
  endfacet
  facet normal -0.24298017990325207 0.9700312531945469 1.818026451114517e-15
    outer loop
      vertex 8.055399793811329 -26.555094316568795 121
      vertex 5.884711682419383 -27.09882338311477 135.82945806790323
      vertex 5.971108360033181 -27.077182141968663 136.41189715802264
    endloop
  endfacet
  facet normal -0.24298017990327922 0.9700312531945402 -1.9866370673186977e-15
    outer loop
      vertex 8.055399793811329 -26.555094316568795 121
      vertex 5.971108360033181 -27.077182141968663 136.41189715802264
      vertex 6 -27.06994516289843 137
    endloop
  endfacet
  facet normal -0.24298017990326426 0.970031253194544 0
    outer loop
      vertex 8.055399793811329 -26.555094316568795 121
      vertex 6 -27.06994516289843 137
      vertex 8.055399793811329 -26.555094316568795 241.5
    endloop
  endfacet
  facet normal -0.3368898533922192 0.9415440651830211 0
    outer loop
      vertex 8.055399793811329 -26.555094316568795 121
      vertex 8.055399793811329 -26.555094316568795 241.5
      vertex 10.619465248131242 -25.637657027188208 121
    endloop
  endfacet
  facet normal -0.42755509343028275 0.9039892931234431 0
    outer loop
      vertex 10.619465248131242 -25.637657027188208 121
      vertex 10.619465248131242 -25.637657027188208 241.5
      vertex 13.081259446921434 -24.47331508566685 121
    endloop
  endfacet
  facet normal -0.5141027441932218 0.857728610000272 0
    outer loop
      vertex 13.081259446921434 -24.47331508566685 121
      vertex 13.081259446921434 -24.47331508566685 241.5
      vertex 15.41707396629396 -23.07328174139563 121
    endloop
  endfacet
  facet normal -0.24298017990326423 0.9700312531945439 0
    outer loop
      vertex 6 -27.06994516289843 137
      vertex 6 -27.06994516289843 241.5
      vertex 8.055399793811329 -26.555094316568795 241.5
    endloop
  endfacet
  facet normal -0.3368898533922192 0.9415440651830211 0
    outer loop
      vertex 10.619465248131242 -25.637657027188208 121
      vertex 8.055399793811329 -26.555094316568795 241.5
      vertex 10.619465248131242 -25.637657027188208 241.5
    endloop
  endfacet
  facet normal -0.42755509343028275 0.9039892931234431 0
    outer loop
      vertex 13.081259446921434 -24.47331508566685 121
      vertex 10.619465248131242 -25.637657027188208 241.5
      vertex 13.081259446921434 -24.47331508566685 241.5
    endloop
  endfacet
  facet normal -0.5956993044924327 0.8032075314806453 0
    outer loop
      vertex 15.41707396629396 -23.07328174139563 121
      vertex 15.41707396629396 -23.07328174139563 241.5
      vertex 17.604413635541164 -21.45104008081595 121
    endloop
  endfacet
  facet normal -0.6715589548470177 0.7409511253549597 0
    outer loop
      vertex 17.604413635541164 -21.45104008081595 121
      vertex 17.604413635541164 -21.45104008081595 241.5
      vertex 19.622213177926696 -19.622213177926696 121
    endloop
  endfacet
  facet normal -0.7409511253549597 0.6715589548470177 0
    outer loop
      vertex 19.622213177926696 -19.622213177926696 121
      vertex 19.622213177926696 -19.622213177926696 241.5
      vertex 21.45104008081595 -17.604413635541164 121
    endloop
  endfacet
  facet normal -0.8032075314806453 0.5956993044924327 0
    outer loop
      vertex 21.45104008081595 -17.604413635541164 121
      vertex 21.45104008081595 -17.604413635541164 241.5
      vertex 23.07328174139563 -15.41707396629396 121
    endloop
  endfacet
  facet normal -0.857728610000272 0.5141027441932218 0
    outer loop
      vertex 23.07328174139563 -15.41707396629396 121
      vertex 23.07328174139563 -15.41707396629396 241.5
      vertex 24.47331508566685 -13.081259446921434 121
    endloop
  endfacet
  facet normal -0.5141027441932218 0.857728610000272 0
    outer loop
      vertex 15.41707396629396 -23.07328174139563 121
      vertex 13.081259446921434 -24.47331508566685 241.5
      vertex 15.41707396629396 -23.07328174139563 241.5
    endloop
  endfacet
  facet normal -0.5956993044924327 0.8032075314806453 0
    outer loop
      vertex 17.604413635541164 -21.45104008081595 121
      vertex 15.41707396629396 -23.07328174139563 241.5
      vertex 17.604413635541164 -21.45104008081595 241.5
    endloop
  endfacet
  facet normal -0.6715589548470177 0.7409511253549597 0
    outer loop
      vertex 19.622213177926696 -19.622213177926696 121
      vertex 17.604413635541164 -21.45104008081595 241.5
      vertex 19.622213177926696 -19.622213177926696 241.5
    endloop
  endfacet
  facet normal -0.7409511253549597 0.6715589548470177 0
    outer loop
      vertex 21.45104008081595 -17.604413635541164 121
      vertex 19.622213177926696 -19.622213177926696 241.5
      vertex 21.45104008081595 -17.604413635541164 241.5
    endloop
  endfacet
  facet normal -0.8032075314806453 0.5956993044924327 0
    outer loop
      vertex 23.07328174139563 -15.41707396629396 121
      vertex 21.45104008081595 -17.604413635541164 241.5
      vertex 23.07328174139563 -15.41707396629396 241.5
    endloop
  endfacet
  facet normal -0.9039892931234431 0.42755509343028275 0
    outer loop
      vertex 24.47331508566685 -13.081259446921434 121
      vertex 24.47331508566685 -13.081259446921434 241.5
      vertex 25.637657027188208 -10.619465248131242 121
    endloop
  endfacet
  facet normal -0.9415440651830211 0.3368898533922192 0
    outer loop
      vertex 25.637657027188208 -10.619465248131242 121
      vertex 25.637657027188208 -10.619465248131242 241.5
      vertex 26.555094316568795 -8.055399793811329 121
    endloop
  endfacet
  facet normal -0.9700312531945438 0.24298017990326473 0
    outer loop
      vertex 26.555094316568795 -8.055399793811329 121
      vertex 26.555094316568795 -8.055399793811329 241.5
      vertex 27.216791531189646 -5.413756435947559 121
    endloop
  endfacet
  facet normal -0.989176509964781 0.14673047445536197 0
    outer loop
      vertex 27.216791531189646 -5.413756435947559 121
      vertex 27.216791531189646 -5.413756435947559 241.5
      vertex 27.616376165153465 -2.7199756441453067 121
    endloop
  endfacet
  facet normal -0.9987954562051724 0.04906767432741752 0
    outer loop
      vertex 27.616376165153465 -2.7199756441453067 121
      vertex 27.616376165153465 -2.7199756441453067 241.5
      vertex 27.75 0 121
    endloop
  endfacet
  facet normal -0.857728610000272 0.5141027441932218 0
    outer loop
      vertex 24.47331508566685 -13.081259446921434 121
      vertex 23.07328174139563 -15.41707396629396 241.5
      vertex 24.47331508566685 -13.081259446921434 241.5
    endloop
  endfacet
  facet normal -0.9039892931234431 0.42755509343028275 0
    outer loop
      vertex 25.637657027188208 -10.619465248131242 121
      vertex 24.47331508566685 -13.081259446921434 241.5
      vertex 25.637657027188208 -10.619465248131242 241.5
    endloop
  endfacet
  facet normal -0.9415440651830211 0.3368898533922192 -2.621971324605023e-19
    outer loop
      vertex 25.637657027188208 -10.619465248131242 241.5
      vertex 26.555094316568795 -8.055399793811329 241.5
      vertex 26.555094316568795 -8.055399793811329 121
    endloop
  endfacet
  facet normal -0.9700312531945438 0.24298017990326473 0
    outer loop
      vertex 27.216791531189646 -5.413756435947559 121
      vertex 26.555094316568795 -8.055399793811329 241.5
      vertex 27.216791531189646 -5.413756435947559 241.5
    endloop
  endfacet
  facet normal -0.989176509964781 0.14673047445536197 0
    outer loop
      vertex 27.616376165153465 -2.7199756441453067 121
      vertex 27.216791531189646 -5.413756435947559 241.5
      vertex 27.616376165153465 -2.7199756441453067 241.5
    endloop
  endfacet
  facet normal -0.9987954562051724 0.04906767432741752 0
    outer loop
      vertex 27.75 0 121
      vertex 27.616376165153465 -2.7199756441453067 241.5
      vertex 27.75 0 241.5
    endloop
  endfacet
  facet normal 0 0 1
    outer loop
      vertex 0 -27.75 121
      vertex 2.7199756441453067 27.616376165153465 121
      vertex 0 27.75 121
    endloop
  endfacet
  facet normal 0 0 1
    outer loop
      vertex 2.7199756441453067 -27.616376165153465 121
      vertex 5.413756435947559 27.216791531189646 121
      vertex 2.7199756441453067 27.616376165153465 121
    endloop
  endfacet
  facet normal 0 0 1
    outer loop
      vertex 5.413756435947559 -27.216791531189646 121
      vertex 8.055399793811329 26.555094316568795 121
      vertex 5.413756435947559 27.216791531189646 121
    endloop
  endfacet
  facet normal 0 0 1
    outer loop
      vertex 8.055399793811329 -26.555094316568795 121
      vertex 10.619465248131242 25.637657027188208 121
      vertex 8.055399793811329 26.555094316568795 121
    endloop
  endfacet
  facet normal 0 0 1
    outer loop
      vertex 10.619465248131242 -25.637657027188208 121
      vertex 13.081259446921434 24.47331508566685 121
      vertex 10.619465248131242 25.637657027188208 121
    endloop
  endfacet
  facet normal 0 0 1
    outer loop
      vertex 13.081259446921434 -24.47331508566685 121
      vertex 15.41707396629396 23.07328174139563 121
      vertex 13.081259446921434 24.47331508566685 121
    endloop
  endfacet
  facet normal 0 0 1
    outer loop
      vertex 15.41707396629396 -23.07328174139563 121
      vertex 17.604413635541164 21.45104008081595 121
      vertex 15.41707396629396 23.07328174139563 121
    endloop
  endfacet
  facet normal 0 0 1
    outer loop
      vertex 19.622213177926696 -19.622213177926696 121
      vertex 21.45104008081595 17.604413635541164 121
      vertex 19.622213177926696 19.622213177926696 121
    endloop
  endfacet
  facet normal 0 0 1
    outer loop
      vertex 21.45104008081595 -17.604413635541164 121
      vertex 23.07328174139563 15.41707396629396 121
      vertex 21.45104008081595 17.604413635541164 121
    endloop
  endfacet
  facet normal 0 0 1
    outer loop
      vertex 23.07328174139563 -15.41707396629396 121
      vertex 24.47331508566685 13.081259446921434 121
      vertex 23.07328174139563 15.41707396629396 121
    endloop
  endfacet
  facet normal 0 0 1
    outer loop
      vertex 17.604413635541164 -21.45104008081595 121
      vertex 19.622213177926696 19.622213177926696 121
      vertex 17.604413635541164 21.45104008081595 121
    endloop
  endfacet
  facet normal 0 0 1
    outer loop
      vertex 25.637657027188208 -10.619465248131242 121
      vertex 26.555094316568795 8.055399793811329 121
      vertex 25.637657027188208 10.619465248131242 121
    endloop
  endfacet
  facet normal 0 0 1
    outer loop
      vertex 24.47331508566685 -13.081259446921434 121
      vertex 25.637657027188208 10.619465248131242 121
      vertex 24.47331508566685 13.081259446921434 121
    endloop
  endfacet
  facet normal 0 0 1
    outer loop
      vertex 27.616376165153465 -2.7199756441453067 121
      vertex 27.75 0 121
      vertex 27.616376165153465 2.7199756441453067 121
    endloop
  endfacet
  facet normal 0 0 1
    outer loop
      vertex 27.216791531189646 -5.413756435947559 121
      vertex 27.616376165153465 2.7199756441453067 121
      vertex 27.216791531189646 5.413756435947559 121
    endloop
  endfacet
  facet normal 0 0 1
    outer loop
      vertex 26.555094316568795 -8.055399793811329 121
      vertex 27.216791531189646 5.413756435947559 121
      vertex 26.555094316568795 8.055399793811329 121
    endloop
  endfacet
  facet normal -0.5141027441932218 -0.857728610000272 2.5617575049406086e-19
    outer loop
      vertex 13.081259446921434 24.47331508566685 121
      vertex 15.41707396629396 23.07328174139563 121
      vertex 15.41707396629396 23.07328174139563 241.5
    endloop
  endfacet
  facet normal -0.5956993044924327 -0.8032075314806453 8.34544835632609e-20
    outer loop
      vertex 15.41707396629396 23.07328174139563 121
      vertex 17.604413635541164 21.45104008081595 121
      vertex 17.604413635541164 21.45104008081595 241.5
    endloop
  endfacet
  facet normal -0.8032075314806453 -0.5956993044924327 8.34544835632609e-20
    outer loop
      vertex 21.45104008081595 17.604413635541164 121
      vertex 23.07328174139563 15.41707396629396 121
      vertex 23.07328174139563 15.41707396629396 241.5
    endloop
  endfacet
  facet normal -0.6715589548470177 -0.7409511253549597 3.396375360924286e-19
    outer loop
      vertex 17.604413635541164 21.45104008081595 121
      vertex 19.622213177926696 19.622213177926696 121
      vertex 19.622213177926696 19.622213177926696 241.5
    endloop
  endfacet
  facet normal -0.7409511253549597 -0.6715589548470177 0
    outer loop
      vertex 21.45104008081595 17.604413635541164 121
      vertex 21.45104008081595 17.604413635541164 241.5
      vertex 19.622213177926696 19.622213177926696 121
    endloop
  endfacet
  facet normal -0.5956993044924327 -0.8032075314806453 0
    outer loop
      vertex 15.41707396629396 23.07328174139563 121
      vertex 17.604413635541164 21.45104008081595 241.5
      vertex 15.41707396629396 23.07328174139563 241.5
    endloop
  endfacet
  facet normal -0.857728610000272 -0.5141027441932218 0
    outer loop
      vertex 23.07328174139563 15.41707396629396 121
      vertex 24.47331508566685 13.081259446921434 241.5
      vertex 23.07328174139563 15.41707396629396 241.5
    endloop
  endfacet
  facet normal -0.8032075314806453 -0.5956993044924327 0
    outer loop
      vertex 21.45104008081595 17.604413635541164 121
      vertex 23.07328174139563 15.41707396629396 241.5
      vertex 21.45104008081595 17.604413635541164 241.5
    endloop
  endfacet
  facet normal -0.7409511253549597 -0.6715589548470177 0
    outer loop
      vertex 19.622213177926696 19.622213177926696 121
      vertex 21.45104008081595 17.604413635541164 241.5
      vertex 19.622213177926696 19.622213177926696 241.5
    endloop
  endfacet
  facet normal -0.6715589548470177 -0.7409511253549597 0
    outer loop
      vertex 17.604413635541164 21.45104008081595 121
      vertex 19.622213177926696 19.622213177926696 241.5
      vertex 17.604413635541164 21.45104008081595 241.5
    endloop
  endfacet
  facet normal -0.04906767432741752 -0.9987954562051724 3.730406534649766e-20
    outer loop
      vertex 0 27.75 121
      vertex 2.7199756441453067 27.616376165153465 121
      vertex 2.7199756441453067 27.616376165153465 241.5
    endloop
  endfacet
  facet normal -0.14673047445536197 -0.989176509964781 1.489615286224115e-19
    outer loop
      vertex 2.7199756441453067 27.616376165153465 121
      vertex 5.413756435947559 27.216791531189646 121
      vertex 5.413756435947559 27.216791531189646 241.5
    endloop
  endfacet
  facet normal -0.24298017990326473 -0.9700312531945438 -1.3419004968529535e-19
    outer loop
      vertex 5.413756435947559 27.216791531189646 121
      vertex 8.055399793811329 26.555094316568795 121
      vertex 8.055399793811329 26.555094316568795 241.5
    endloop
  endfacet
  facet normal -0.3368898533922192 -0.9415440651830211 2.621971324605023e-19
    outer loop
      vertex 8.055399793811329 26.555094316568795 121
      vertex 10.619465248131242 25.637657027188208 121
      vertex 10.619465248131242 25.637657027188208 241.5
    endloop
  endfacet
  facet normal -0.42755509343028275 -0.9039892931234431 3.9249509463604565e-20
    outer loop
      vertex 10.619465248131242 25.637657027188208 121
      vertex 13.081259446921434 24.47331508566685 121
      vertex 13.081259446921434 24.47331508566685 241.5
    endloop
  endfacet
  facet normal -0.04906767432741752 -0.9987954562051724 0
    outer loop
      vertex 0 27.75 121
      vertex 2.7199756441453067 27.616376165153465 241.5
      vertex 0 27.75 241.5
    endloop
  endfacet
  facet normal -0.14673047445536197 -0.989176509964781 0
    outer loop
      vertex 2.7199756441453067 27.616376165153465 121
      vertex 5.413756435947559 27.216791531189646 241.5
      vertex 2.7199756441453067 27.616376165153465 241.5
    endloop
  endfacet
  facet normal -0.24298017990326473 -0.9700312531945438 0
    outer loop
      vertex 5.413756435947559 27.216791531189646 121
      vertex 8.055399793811329 26.555094316568795 241.5
      vertex 5.413756435947559 27.216791531189646 241.5
    endloop
  endfacet
  facet normal -0.3368898533922192 -0.9415440651830211 0
    outer loop
      vertex 8.055399793811329 26.555094316568795 121
      vertex 10.619465248131242 25.637657027188208 241.5
      vertex 8.055399793811329 26.555094316568795 241.5
    endloop
  endfacet
  facet normal -0.42755509343028275 -0.9039892931234431 0
    outer loop
      vertex 10.619465248131242 25.637657027188208 121
      vertex 13.081259446921434 24.47331508566685 241.5
      vertex 10.619465248131242 25.637657027188208 241.5
    endloop
  endfacet
  facet normal -0.5141027441932218 -0.857728610000272 0
    outer loop
      vertex 13.081259446921434 24.47331508566685 121
      vertex 15.41707396629396 23.07328174139563 241.5
      vertex 13.081259446921434 24.47331508566685 241.5
    endloop
  endfacet
  facet normal -0.9987954562051724 -0.04906767432741752 0
    outer loop
      vertex 27.75 0 121
      vertex 27.75 0 241.5
      vertex 27.616376165153465 2.7199756441453067 121
    endloop
  endfacet
  facet normal -0.989176509964781 -0.14673047445536197 0
    outer loop
      vertex 27.616376165153465 2.7199756441453067 121
      vertex 27.616376165153465 2.7199756441453067 241.5
      vertex 27.216791531189646 5.413756435947559 121
    endloop
  endfacet
  facet normal -0.9415440651830211 -0.3368898533922192 0
    outer loop
      vertex 26.555094316568795 8.055399793811329 121
      vertex 26.555094316568795 8.055399793811329 241.5
      vertex 25.637657027188208 10.619465248131242 121
    endloop
  endfacet
  facet normal -0.9039892931234431 -0.42755509343028275 0
    outer loop
      vertex 25.637657027188208 10.619465248131242 121
      vertex 25.637657027188208 10.619465248131242 241.5
      vertex 24.47331508566685 13.081259446921434 121
    endloop
  endfacet
  facet normal -0.9700312531945438 -0.24298017990326473 -1.3419004968529535e-19
    outer loop
      vertex 26.555094316568795 8.055399793811329 121
      vertex 27.216791531189646 5.413756435947559 121
      vertex 27.216791531189646 5.413756435947559 241.5
    endloop
  endfacet
  facet normal -0.857728610000272 -0.5141027441932218 2.5617575049406086e-19
    outer loop
      vertex 23.07328174139563 15.41707396629396 121
      vertex 24.47331508566685 13.081259446921434 121
      vertex 24.47331508566685 13.081259446921434 241.5
    endloop
  endfacet
  facet normal -0.9987954562051724 -0.04906767432741752 0
    outer loop
      vertex 27.616376165153465 2.7199756441453067 121
      vertex 27.75 0 241.5
      vertex 27.616376165153465 2.7199756441453067 241.5
    endloop
  endfacet
  facet normal -0.989176509964781 -0.14673047445536197 0
    outer loop
      vertex 27.216791531189646 5.413756435947559 121
      vertex 27.616376165153465 2.7199756441453067 241.5
      vertex 27.216791531189646 5.413756435947559 241.5
    endloop
  endfacet
  facet normal -0.9415440651830211 -0.3368898533922192 0
    outer loop
      vertex 25.637657027188208 10.619465248131242 121
      vertex 26.555094316568795 8.055399793811329 241.5
      vertex 25.637657027188208 10.619465248131242 241.5
    endloop
  endfacet
  facet normal -0.9700312531945438 -0.24298017990326473 0
    outer loop
      vertex 26.555094316568795 8.055399793811329 121
      vertex 27.216791531189646 5.413756435947559 241.5
      vertex 26.555094316568795 8.055399793811329 241.5
    endloop
  endfacet
  facet normal -0.9039892931234431 -0.42755509343028275 0
    outer loop
      vertex 24.47331508566685 13.081259446921434 121
      vertex 25.637657027188208 10.619465248131242 241.5
      vertex 24.47331508566685 13.081259446921434 241.5
    endloop
  endfacet
  facet normal 0.6088814926111157 0.3649495220169236 0.7043260426359932
    outer loop
      vertex -23.07328174139563 -15.41707396629396 241.5
      vertex -25.787436174927656 -13.783671803119118 243
      vertex -24.312226527939167 -16.244910406223838 243
    endloop
  endfacet
  facet normal 0.6417208703126913 0.3035113676122246 0.7043260426359933
    outer loop
      vertex -24.47331508566685 -13.081259446921434 241.5
      vertex -27.014298714705035 -11.189688905628895 243
      vertex -25.787436174927656 -13.783671803119118 243
    endloop
  endfacet
  facet normal 0.6088814926111156 0.36494952201692354 0.7043260426359932
    outer loop
      vertex -23.07328174139563 -15.41707396629396 241.5
      vertex -24.47331508566685 -13.081259446921434 241.5
      vertex -25.787436174927656 -13.783671803119118 243
    endloop
  endfacet
  facet normal 0.6683801252328452 0.23915023282122905 0.7043260426359924
    outer loop
      vertex -25.637657027188208 -10.619465248131242 241.5
      vertex -27.98099879034196 -8.487943187071293 243
      vertex -27.014298714705035 -11.189688905628895 243
    endloop
  endfacet
  facet normal 0.6683801252328455 0.23915023282122957 0.7043260426359922
    outer loop
      vertex -25.637657027188208 -10.619465248131242 241.5
      vertex -26.555094316568795 -8.055399793811329 241.5
      vertex -27.98099879034196 -8.487943187071293 243
    endloop
  endfacet
  facet normal 0.6886025141732635 0.17248595055535154 0.704326042635992
    outer loop
      vertex -26.555094316568795 -8.055399793811329 241.5
      vertex -28.678226551658042 -5.704453935640466 243
      vertex -27.98099879034196 -8.487943187071293 243
    endloop
  endfacet
  facet normal 0.6886025141732636 0.17248595055535176 0.704326042635992
    outer loop
      vertex -27.216791531189646 -5.413756435947559 241.5
      vertex -28.678226551658042 -5.704453935640466 243
      vertex -26.555094316568795 -8.055399793811329 241.5
    endloop
  endfacet
  facet normal 0.6417208703126918 0.3035113676122256 0.7043260426359925
    outer loop
      vertex -25.637657027188208 -10.619465248131242 241.5
      vertex -27.014298714705035 -11.189688905628895 243
      vertex -24.47331508566685 -13.081259446921434 241.5
    endloop
  endfacet
  facet normal 0.7021932844737684 0.10416053429521284 0.7043260426359919
    outer loop
      vertex -27.216791531189646 -5.413756435947559 241.5
      vertex -29.099267314168337 -2.8660276744376993 243
      vertex -28.678226551658042 -5.704453935640466 243
    endloop
  endfacet
  facet normal 0.7021932844737679 0.10416053429521224 0.7043260426359925
    outer loop
      vertex -27.216791531189646 -5.413756435947559 241.5
      vertex -27.616376165153465 -2.7199756441453067 241.5
      vertex -29.099267314168337 -2.8660276744376993 243
    endloop
  endfacet
  facet normal 0.7090215495868949 0.0348319951498695 0.7043260426359924
    outer loop
      vertex -27.616376165153465 -2.7199756441453067 241.5
      vertex -29.24006622516557 0 243
      vertex -29.099267314168337 -2.8660276744376993 243
    endloop
  endfacet
  facet normal 0.7090215495868951 0.034831995149869927 0.7043260426359922
    outer loop
      vertex -27.616376165153465 -2.7199756441453067 241.5
      vertex -27.75 0 241.5
      vertex -29.24006622516557 0 243
    endloop
  endfacet
  facet normal 0.36494952201692354 0.6088814926111156 0.7043260426359931
    outer loop
      vertex -15.41707396629396 -23.07328174139563 241.5
      vertex -16.244910406223838 -24.312226527939167 243
      vertex -13.081259446921434 -24.47331508566685 241.5
    endloop
  endfacet
  facet normal 0.3649495220169236 0.6088814926111156 0.7043260426359933
    outer loop
      vertex -13.081259446921434 -24.47331508566685 241.5
      vertex -16.244910406223838 -24.312226527939167 243
      vertex -13.783671803119118 -25.787436174927656 243
    endloop
  endfacet
  facet normal 0.30351136761222486 0.641720870312692 0.7043260426359925
    outer loop
      vertex -10.619465248131242 -25.637657027188208 241.5
      vertex -13.783671803119118 -25.787436174927656 243
      vertex -11.189688905628895 -27.014298714705035 243
    endloop
  endfacet
  facet normal 0.30351136761222525 0.641720870312691 0.7043260426359933
    outer loop
      vertex -10.619465248131242 -25.637657027188208 241.5
      vertex -13.081259446921434 -24.47331508566685 241.5
      vertex -13.783671803119118 -25.787436174927656 243
    endloop
  endfacet
  facet normal 0.2391502328212292 0.6683801252328456 0.7043260426359922
    outer loop
      vertex -8.055399793811329 -26.555094316568795 241.5
      vertex -11.189688905628895 -27.014298714705035 243
      vertex -8.487943187071293 -27.98099879034196 243
    endloop
  endfacet
  facet normal 0.23915023282122944 0.6683801252328452 0.7043260426359925
    outer loop
      vertex -10.619465248131242 -25.637657027188208 241.5
      vertex -11.189688905628895 -27.014298714705035 243
      vertex -8.055399793811329 -26.555094316568795 241.5
    endloop
  endfacet
  facet normal 0.17248595055535135 0.6886025141732635 0.704326042635992
    outer loop
      vertex -8.055399793811329 -26.555094316568795 241.5
      vertex -8.487943187071293 -27.98099879034196 243
      vertex -6 -27.06994516289843 241.5
    endloop
  endfacet
  facet normal 0.17248595055535212 0.6886025141732626 0.7043260426359927
    outer loop
      vertex -6 -27.06994516289843 241.5
      vertex -8.487943187071293 -27.98099879034196 243
      vertex -6 -28.60419611640012 243
    endloop
  endfacet
  facet normal 0.5259838856930179 0.47672400574755774 0.7043260426359916
    outer loop
      vertex -19.622213177926696 -19.622213177926696 241.5
      vertex -22.60287684907169 -18.549701641745276 243
      vertex -20.67584911015831 -20.67584911015831 243
    endloop
  endfacet
  facet normal 0.5259838856930179 0.47672400574755663 0.7043260426359923
    outer loop
      vertex -21.45104008081595 -17.604413635541164 241.5
      vertex -22.60287684907169 -18.549701641745276 243
      vertex -19.622213177926696 -19.622213177926696 241.5
    endloop
  endfacet
  facet normal 0.47672400574755724 0.5259838856930174 0.7043260426359924
    outer loop
      vertex -17.604413635541164 -21.45104008081595 241.5
      vertex -20.67584911015831 -20.67584911015831 243
      vertex -18.549701641745276 -22.60287684907169 243
    endloop
  endfacet
  facet normal 0.47672400574755713 0.5259838856930186 0.7043260426359915
    outer loop
      vertex -17.604413635541164 -21.45104008081595 241.5
      vertex -19.622213177926696 -19.622213177926696 241.5
      vertex -20.67584911015831 -20.67584911015831 243
    endloop
  endfacet
  facet normal 0.5701782532872139 0.4228730130228965 0.7043260426359931
    outer loop
      vertex -23.07328174139563 -15.41707396629396 241.5
      vertex -24.312226527939167 -16.244910406223838 243
      vertex -21.45104008081595 -17.604413635541164 241.5
    endloop
  endfacet
  facet normal 0.570178253287214 0.4228730130228976 0.7043260426359924
    outer loop
      vertex -21.45104008081595 -17.604413635541164 241.5
      vertex -24.312226527939167 -16.244910406223838 243
      vertex -22.60287684907169 -18.549701641745276 243
    endloop
  endfacet
  facet normal 0.4228730130228969 0.5701782532872145 0.7043260426359923
    outer loop
      vertex -17.604413635541164 -21.45104008081595 241.5
      vertex -18.549701641745276 -22.60287684907169 243
      vertex -15.41707396629396 -23.07328174139563 241.5
    endloop
  endfacet
  facet normal 0.42287301302289715 0.5701782532872135 0.7043260426359932
    outer loop
      vertex -15.41707396629396 -23.07328174139563 241.5
      vertex -18.549701641745276 -22.60287684907169 243
      vertex -16.244910406223838 -24.312226527939167 243
    endloop
  endfacet
  facet normal 0.7090215495868951 -0.034831995149869524 0.7043260426359922
    outer loop
      vertex -27.75 0 241.5
      vertex -29.099267314168337 2.866027674437699 243
      vertex -29.24006622516557 0 243
    endloop
  endfacet
  facet normal 0.7090215495868947 -0.034831995149869906 0.7043260426359925
    outer loop
      vertex -27.75 0 241.5
      vertex -27.616376165153465 2.7199756441453067 241.5
      vertex -29.099267314168337 2.866027674437699 243
    endloop
  endfacet
  facet normal 0.7021932844737678 -0.10416053429521273 0.7043260426359924
    outer loop
      vertex -27.616376165153465 2.7199756441453067 241.5
      vertex -28.678226551658042 5.704453935640467 243
      vertex -29.099267314168337 2.866027674437699 243
    endloop
  endfacet
  facet normal 0.7021932844737684 -0.1041605342952123 0.704326042635992
    outer loop
      vertex -27.616376165153465 2.7199756441453067 241.5
      vertex -27.216791531189646 5.413756435947559 241.5
      vertex -28.678226551658042 5.704453935640467 243
    endloop
  endfacet
  facet normal 0.6886025141732636 -0.17248595055535162 0.704326042635992
    outer loop
      vertex -27.216791531189646 5.413756435947559 241.5
      vertex -27.98099879034196 8.487943187071293 243
      vertex -28.678226551658042 5.704453935640467 243
    endloop
  endfacet
  facet normal 0.6886025141732633 -0.1724859505553517 0.7043260426359921
    outer loop
      vertex -27.216791531189646 5.413756435947559 241.5
      vertex -26.555094316568795 8.055399793811329 241.5
      vertex -27.98099879034196 8.487943187071293 243
    endloop
  endfacet
  facet normal 0.6683801252328456 -0.2391502328212292 0.7043260426359922
    outer loop
      vertex -26.555094316568795 8.055399793811329 241.5
      vertex -27.014298714705035 11.189688905628895 243
      vertex -27.98099879034196 8.487943187071293 243
    endloop
  endfacet
  facet normal 0.6683801252328452 -0.23915023282122944 0.7043260426359925
    outer loop
      vertex -26.555094316568795 8.055399793811329 241.5
      vertex -25.637657027188208 10.619465248131242 241.5
      vertex -27.014298714705035 11.189688905628895 243
    endloop
  endfacet
  facet normal 0.6417208703126921 -0.3035113676122249 0.7043260426359924
    outer loop
      vertex -25.637657027188208 10.619465248131242 241.5
      vertex -25.787436174927656 13.783671803119118 243
      vertex -27.014298714705035 11.189688905628895 243
    endloop
  endfacet
  facet normal 0.641720870312691 -0.30351136761222525 0.7043260426359933
    outer loop
      vertex -25.637657027188208 10.619465248131242 241.5
      vertex -24.47331508566685 13.081259446921434 241.5
      vertex -25.787436174927656 13.783671803119118 243
    endloop
  endfacet
  facet normal 0.6088814926111157 -0.3649495220169236 0.7043260426359932
    outer loop
      vertex -24.47331508566685 13.081259446921434 241.5
      vertex -24.312226527939167 16.244910406223838 243
      vertex -25.787436174927656 13.783671803119118 243
    endloop
  endfacet
  facet normal 0.6088814926111156 -0.36494952201692354 0.7043260426359931
    outer loop
      vertex -24.47331508566685 13.081259446921434 241.5
      vertex -23.07328174139563 15.41707396629396 241.5
      vertex -24.312226527939167 16.244910406223838 243
    endloop
  endfacet
  facet normal 0.5701782532872135 -0.42287301302289715 0.7043260426359932
    outer loop
      vertex -23.07328174139563 15.41707396629396 241.5
      vertex -22.60287684907169 18.549701641745276 243
      vertex -24.312226527939167 16.244910406223838 243
    endloop
  endfacet
  facet normal 0.5701782532872145 -0.4228730130228969 0.7043260426359923
    outer loop
      vertex -23.07328174139563 15.41707396629396 241.5
      vertex -21.45104008081595 17.604413635541164 241.5
      vertex -22.60287684907169 18.549701641745276 243
    endloop
  endfacet
  facet normal 0.5259838856930175 -0.4767240057475573 0.7043260426359924
    outer loop
      vertex -21.45104008081595 17.604413635541164 241.5
      vertex -20.67584911015831 20.67584911015831 243
      vertex -22.60287684907169 18.549701641745276 243
    endloop
  endfacet
  facet normal 0.5259838856930186 -0.47672400574755713 0.7043260426359915
    outer loop
      vertex -21.45104008081595 17.604413635541164 241.5
      vertex -19.622213177926696 19.622213177926696 241.5
      vertex -20.67584911015831 20.67584911015831 243
    endloop
  endfacet
  facet normal 0.47672400574755774 -0.5259838856930179 0.7043260426359916
    outer loop
      vertex -19.622213177926696 19.622213177926696 241.5
      vertex -18.549701641745276 22.60287684907169 243
      vertex -20.67584911015831 20.67584911015831 243
    endloop
  endfacet
  facet normal 0.47672400574755663 -0.5259838856930179 0.7043260426359923
    outer loop
      vertex -19.622213177926696 19.622213177926696 241.5
      vertex -17.604413635541164 21.45104008081595 241.5
      vertex -18.549701641745276 22.60287684907169 243
    endloop
  endfacet
  facet normal 0.4228730130228976 -0.570178253287214 0.7043260426359924
    outer loop
      vertex -17.604413635541164 21.45104008081595 241.5
      vertex -16.244910406223838 24.312226527939167 243
      vertex -18.549701641745276 22.60287684907169 243
    endloop
  endfacet
  facet normal 0.4228730130228965 -0.5701782532872139 0.7043260426359931
    outer loop
      vertex -17.604413635541164 21.45104008081595 241.5
      vertex -15.41707396629396 23.07328174139563 241.5
      vertex -16.244910406223838 24.312226527939167 243
    endloop
  endfacet
  facet normal 0.3649495220169236 -0.6088814926111157 0.7043260426359932
    outer loop
      vertex -15.41707396629396 23.07328174139563 241.5
      vertex -13.783671803119118 25.787436174927656 243
      vertex -16.244910406223838 24.312226527939167 243
    endloop
  endfacet
  facet normal 0.36494952201692354 -0.6088814926111156 0.7043260426359932
    outer loop
      vertex -15.41707396629396 23.07328174139563 241.5
      vertex -13.081259446921434 24.47331508566685 241.5
      vertex -13.783671803119118 25.787436174927656 243
    endloop
  endfacet
  facet normal 0.3035113676122246 -0.6417208703126913 0.7043260426359933
    outer loop
      vertex -13.081259446921434 24.47331508566685 241.5
      vertex -11.189688905628895 27.014298714705035 243
      vertex -13.783671803119118 25.787436174927656 243
    endloop
  endfacet
  facet normal 0.3035113676122256 -0.6417208703126918 0.7043260426359925
    outer loop
      vertex -13.081259446921434 24.47331508566685 241.5
      vertex -10.619465248131242 25.637657027188208 241.5
      vertex -11.189688905628895 27.014298714705035 243
    endloop
  endfacet
  facet normal 0.2391502328212291 -0.6683801252328454 0.7043260426359925
    outer loop
      vertex -10.619465248131242 25.637657027188208 241.5
      vertex -8.487943187071293 27.98099879034196 243
      vertex -11.189688905628895 27.014298714705035 243
    endloop
  endfacet
  facet normal 0.23915023282122957 -0.6683801252328455 0.7043260426359922
    outer loop
      vertex -10.619465248131242 25.637657027188208 241.5
      vertex -8.055399793811329 26.555094316568795 241.5
      vertex -8.487943187071293 27.98099879034196 243
    endloop
  endfacet
  facet normal 0.17248595055535154 -0.6886025141732635 0.704326042635992
    outer loop
      vertex -8.055399793811329 26.555094316568795 241.5
      vertex -5.704453935640466 28.678226551658042 243
      vertex -8.487943187071293 27.98099879034196 243
    endloop
  endfacet
  facet normal 0.17248595055535176 -0.6886025141732636 0.704326042635992
    outer loop
      vertex -8.055399793811329 26.555094316568795 241.5
      vertex -5.413756435947559 27.216791531189646 241.5
      vertex -5.704453935640466 28.678226551658042 243
    endloop
  endfacet
  facet normal 0.10416053429521284 -0.7021932844737684 0.7043260426359919
    outer loop
      vertex -5.413756435947559 27.216791531189646 241.5
      vertex -2.8660276744376993 29.099267314168337 243
      vertex -5.704453935640466 28.678226551658042 243
    endloop
  endfacet
  facet normal 0.10416053429521224 -0.7021932844737679 0.7043260426359925
    outer loop
      vertex -5.413756435947559 27.216791531189646 241.5
      vertex -2.7199756441453067 27.616376165153465 241.5
      vertex -2.8660276744376993 29.099267314168337 243
    endloop
  endfacet
  facet normal 0.03483199514987029 -0.7090215495868948 0.7043260426359925
    outer loop
      vertex -2.7199756441453067 27.616376165153465 241.5
      vertex -0.22776515739118708 29.228876840495698 243
      vertex -2.8660276744376993 29.099267314168337 243
    endloop
  endfacet
  facet normal 0.034831995149869927 -0.7090215495868951 0.7043260426359922
    outer loop
      vertex -2.7199756441453067 27.616376165153465 241.5
      vertex 0 27.75 241.5
      vertex 0 29.24006622516557 243
    endloop
  endfacet
  facet normal 0.034831995149860025 -0.7090215495868863 0.7043260426360014
    outer loop
      vertex -2.7199756441453067 27.616376165153465 241.5
      vertex 0 29.24006622516557 243
      vertex -0.22776515739118708 29.228876840495698 243
    endloop
  endfacet
  facet normal -0.17248595055535115 0.6886025141732626 0.7043260426359929
    outer loop
      vertex 6 -27.06994516289843 241.5
      vertex 6 -28.60419611640012 243
      vertex 8.055399793811329 -26.555094316568795 241.5
    endloop
  endfacet
  facet normal -0.1724859505553523 0.6886025141732632 0.7043260426359922
    outer loop
      vertex 8.055399793811329 -26.555094316568795 241.5
      vertex 6 -28.60419611640012 243
      vertex 8.487943187071293 -27.98099879034196 243
    endloop
  endfacet
  facet normal -0.23915023282122957 0.6683801252328455 0.7043260426359922
    outer loop
      vertex 8.055399793811329 -26.555094316568795 241.5
      vertex 8.487943187071293 -27.98099879034196 243
      vertex 10.619465248131242 -25.637657027188208 241.5
    endloop
  endfacet
  facet normal -0.2391502328212291 0.6683801252328454 0.7043260426359925
    outer loop
      vertex 10.619465248131242 -25.637657027188208 241.5
      vertex 8.487943187071293 -27.98099879034196 243
      vertex 11.189688905628895 -27.014298714705035 243
    endloop
  endfacet
  facet normal -0.3035113676122256 0.6417208703126918 0.7043260426359925
    outer loop
      vertex 10.619465248131242 -25.637657027188208 241.5
      vertex 11.189688905628895 -27.014298714705035 243
      vertex 13.081259446921434 -24.47331508566685 241.5
    endloop
  endfacet
  facet normal -0.3035113676122246 0.6417208703126913 0.7043260426359933
    outer loop
      vertex 13.081259446921434 -24.47331508566685 241.5
      vertex 11.189688905628895 -27.014298714705035 243
      vertex 13.783671803119118 -25.787436174927656 243
    endloop
  endfacet
  facet normal -0.36494952201692354 0.6088814926111156 0.7043260426359931
    outer loop
      vertex 13.081259446921434 -24.47331508566685 241.5
      vertex 13.783671803119118 -25.787436174927656 243
      vertex 15.41707396629396 -23.07328174139563 241.5
    endloop
  endfacet
  facet normal -0.3649495220169236 0.6088814926111157 0.7043260426359932
    outer loop
      vertex 15.41707396629396 -23.07328174139563 241.5
      vertex 13.783671803119118 -25.787436174927656 243
      vertex 16.244910406223838 -24.312226527939167 243
    endloop
  endfacet
  facet normal -0.4228730130228965 0.5701782532872139 0.7043260426359931
    outer loop
      vertex 15.41707396629396 -23.07328174139563 241.5
      vertex 16.244910406223838 -24.312226527939167 243
      vertex 17.604413635541164 -21.45104008081595 241.5
    endloop
  endfacet
  facet normal -0.4228730130228976 0.570178253287214 0.7043260426359924
    outer loop
      vertex 17.604413635541164 -21.45104008081595 241.5
      vertex 16.244910406223838 -24.312226527939167 243
      vertex 18.549701641745276 -22.60287684907169 243
    endloop
  endfacet
  facet normal -0.47672400574755663 0.5259838856930179 0.7043260426359923
    outer loop
      vertex 17.604413635541164 -21.45104008081595 241.5
      vertex 18.549701641745276 -22.60287684907169 243
      vertex 19.622213177926696 -19.622213177926696 241.5
    endloop
  endfacet
  facet normal -0.47672400574755774 0.5259838856930179 0.7043260426359916
    outer loop
      vertex 19.622213177926696 -19.622213177926696 241.5
      vertex 18.549701641745276 -22.60287684907169 243
      vertex 20.67584911015831 -20.67584911015831 243
    endloop
  endfacet
  facet normal -0.5259838856930186 0.47672400574755713 0.7043260426359915
    outer loop
      vertex 19.622213177926696 -19.622213177926696 241.5
      vertex 20.67584911015831 -20.67584911015831 243
      vertex 21.45104008081595 -17.604413635541164 241.5
    endloop
  endfacet
  facet normal -0.5259838856930175 0.4767240057475573 0.7043260426359924
    outer loop
      vertex 21.45104008081595 -17.604413635541164 241.5
      vertex 20.67584911015831 -20.67584911015831 243
      vertex 22.60287684907169 -18.549701641745276 243
    endloop
  endfacet
  facet normal -0.5701782532872145 0.4228730130228969 0.7043260426359923
    outer loop
      vertex 21.45104008081595 -17.604413635541164 241.5
      vertex 22.60287684907169 -18.549701641745276 243
      vertex 23.07328174139563 -15.41707396629396 241.5
    endloop
  endfacet
  facet normal -0.5701782532872135 0.42287301302289715 0.7043260426359932
    outer loop
      vertex 23.07328174139563 -15.41707396629396 241.5
      vertex 22.60287684907169 -18.549701641745276 243
      vertex 24.312226527939167 -16.244910406223838 243
    endloop
  endfacet
  facet normal -0.6088814926111156 0.36494952201692354 0.7043260426359931
    outer loop
      vertex 23.07328174139563 -15.41707396629396 241.5
      vertex 24.312226527939167 -16.244910406223838 243
      vertex 24.47331508566685 -13.081259446921434 241.5
    endloop
  endfacet
  facet normal -0.6088814926111188 0.3649495220169227 0.7043260426359911
    outer loop
      vertex 24.47331508566685 -13.081259446921434 241.5
      vertex 24.312226527939167 -16.244910406223838 243
      vertex 24.88004625955723 -15.297560417077616 243
    endloop
  endfacet
  facet normal -0.6088814926111143 0.3649495220169252 0.7043260426359935
    outer loop
      vertex 24.47331508566685 -13.081259446921434 241.5
      vertex 24.88004625955723 -15.297560417077616 243
      vertex 25.501388797415135 -14.260913020520253 243
    endloop
  endfacet
  facet normal -0.6088814926111156 0.3649495220169237 0.7043260426359932
    outer loop
      vertex 24.47331508566685 -13.081259446921434 241.5
      vertex 25.501388797415135 -14.260913020520253 243
      vertex 25.787436174927656 -13.783671803119118 243
    endloop
  endfacet
  facet normal -0.641720870312691 0.30351136761222525 0.7043260426359933
    outer loop
      vertex 24.47331508566685 -13.081259446921434 241.5
      vertex 25.787436174927656 -13.783671803119118 243
      vertex 25.637657027188208 -10.619465248131242 241.5
    endloop
  endfacet
  facet normal -0.6417208703126921 0.3035113676122249 0.7043260426359924
    outer loop
      vertex 25.637657027188208 -10.619465248131242 241.5
      vertex 25.787436174927656 -13.783671803119118 243
      vertex 27.014298714705035 -11.189688905628895 243
    endloop
  endfacet
  facet normal -0.6683801252328452 0.23915023282122944 0.7043260426359925
    outer loop
      vertex 25.637657027188208 -10.619465248131242 241.5
      vertex 27.014298714705035 -11.189688905628895 243
      vertex 26.555094316568795 -8.055399793811329 241.5
    endloop
  endfacet
  facet normal -0.6683801252328456 0.2391502328212292 0.7043260426359922
    outer loop
      vertex 26.555094316568795 -8.055399793811329 241.5
      vertex 27.014298714705035 -11.189688905628895 243
      vertex 27.98099879034196 -8.487943187071293 243
    endloop
  endfacet
  facet normal -0.6886025141732633 0.1724859505553517 0.7043260426359921
    outer loop
      vertex 26.555094316568795 -8.055399793811329 241.5
      vertex 27.98099879034196 -8.487943187071293 243
      vertex 27.216791531189646 -5.413756435947559 241.5
    endloop
  endfacet
  facet normal -0.6886025141732636 0.17248595055535162 0.704326042635992
    outer loop
      vertex 27.216791531189646 -5.413756435947559 241.5
      vertex 27.98099879034196 -8.487943187071293 243
      vertex 28.678226551658042 -5.704453935640467 243
    endloop
  endfacet
  facet normal -0.7021932844737684 0.1041605342952123 0.704326042635992
    outer loop
      vertex 27.216791531189646 -5.413756435947559 241.5
      vertex 28.678226551658042 -5.704453935640467 243
      vertex 27.616376165153465 -2.7199756441453067 241.5
    endloop
  endfacet
  facet normal -0.7021932844737678 0.10416053429521273 0.7043260426359924
    outer loop
      vertex 27.616376165153465 -2.7199756441453067 241.5
      vertex 28.678226551658042 -5.704453935640467 243
      vertex 29.099267314168337 -2.866027674437699 243
    endloop
  endfacet
  facet normal -0.7090215495868947 0.034831995149869906 0.7043260426359925
    outer loop
      vertex 27.616376165153465 -2.7199756441453067 241.5
      vertex 29.099267314168337 -2.866027674437699 243
      vertex 27.75 0 241.5
    endloop
  endfacet
  facet normal -0.7090215495868951 0.034831995149869524 0.7043260426359922
    outer loop
      vertex 27.75 0 241.5
      vertex 29.099267314168337 -2.866027674437699 243
      vertex 29.24006622516557 0 243
    endloop
  endfacet
  facet normal -0.42287301302289715 -0.5701782532872135 0.7043260426359932
    outer loop
      vertex 15.41707396629396 23.07328174139563 241.5
      vertex 18.549701641745276 22.60287684907169 243
      vertex 16.244910406223838 24.312226527939167 243
    endloop
  endfacet
  facet normal -0.4228730130228969 -0.5701782532872145 0.7043260426359923
    outer loop
      vertex 15.41707396629396 23.07328174139563 241.5
      vertex 17.604413635541164 21.45104008081595 241.5
      vertex 18.549701641745276 22.60287684907169 243
    endloop
  endfacet
  facet normal -0.570178253287214 -0.4228730130228976 0.7043260426359924
    outer loop
      vertex 21.45104008081595 17.604413635541164 241.5
      vertex 24.312226527939167 16.244910406223838 243
      vertex 22.60287684907169 18.549701641745276 243
    endloop
  endfacet
  facet normal -0.5701782532872139 -0.4228730130228965 0.7043260426359931
    outer loop
      vertex 21.45104008081595 17.604413635541164 241.5
      vertex 23.07328174139563 15.41707396629396 241.5
      vertex 24.312226527939167 16.244910406223838 243
    endloop
  endfacet
  facet normal -0.47672400574755713 -0.5259838856930186 0.7043260426359915
    outer loop
      vertex 17.604413635541164 21.45104008081595 241.5
      vertex 19.622213177926696 19.622213177926696 241.5
      vertex 20.67584911015831 20.67584911015831 243
    endloop
  endfacet
  facet normal -0.47672400574755724 -0.5259838856930174 0.7043260426359924
    outer loop
      vertex 17.604413635541164 21.45104008081595 241.5
      vertex 20.67584911015831 20.67584911015831 243
      vertex 18.549701641745276 22.60287684907169 243
    endloop
  endfacet
  facet normal -0.5259838856930179 -0.47672400574755663 0.7043260426359923
    outer loop
      vertex 21.45104008081595 17.604413635541164 241.5
      vertex 22.60287684907169 18.549701641745276 243
      vertex 19.622213177926696 19.622213177926696 241.5
    endloop
  endfacet
  facet normal -0.5259838856930179 -0.47672400574755774 0.7043260426359916
    outer loop
      vertex 19.622213177926696 19.622213177926696 241.5
      vertex 22.60287684907169 18.549701641745276 243
      vertex 20.67584911015831 20.67584911015831 243
    endloop
  endfacet
  facet normal -0.03483199514986854 -0.7090215495868952 0.7043260426359921
    outer loop
      vertex 0 27.75 241.5
      vertex 1 29.190939375396106 243
      vertex 0 29.24006622516557 243
    endloop
  endfacet
  facet normal -0.034831995149869906 -0.7090215495868947 0.7043260426359926
    outer loop
      vertex 0 27.75 241.5
      vertex 2.7199756441453067 27.616376165153465 241.5
      vertex 1 29.190939375396106 243
    endloop
  endfacet
  facet normal -0.03483199514987003 -0.7090215495868949 0.7043260426359924
    outer loop
      vertex 2.7199756441453067 27.616376165153465 241.5
      vertex 2.8660276744376993 29.099267314168337 243
      vertex 1 29.190939375396106 243
    endloop
  endfacet
  facet normal -0.10416053429521277 -0.7021932844737679 0.7043260426359924
    outer loop
      vertex 2.7199756441453067 27.616376165153465 241.5
      vertex 5.704453935640466 28.678226551658042 243
      vertex 2.8660276744376993 29.099267314168337 243
    endloop
  endfacet
  facet normal -0.10416053429521231 -0.7021932844737685 0.704326042635992
    outer loop
      vertex 2.7199756441453067 27.616376165153465 241.5
      vertex 5.413756435947559 27.216791531189646 241.5
      vertex 5.704453935640466 28.678226551658042 243
    endloop
  endfacet
  facet normal -0.17248595055535157 -0.6886025141732636 0.704326042635992
    outer loop
      vertex 5.413756435947559 27.216791531189646 241.5
      vertex 8.487943187071293 27.98099879034196 243
      vertex 5.704453935640466 28.678226551658042 243
    endloop
  endfacet
  facet normal -0.1724859505553517 -0.6886025141732633 0.7043260426359921
    outer loop
      vertex 5.413756435947559 27.216791531189646 241.5
      vertex 8.055399793811329 26.555094316568795 241.5
      vertex 8.487943187071293 27.98099879034196 243
    endloop
  endfacet
  facet normal -0.23915023282122944 -0.6683801252328452 0.7043260426359925
    outer loop
      vertex 8.055399793811329 26.555094316568795 241.5
      vertex 10.619465248131242 25.637657027188208 241.5
      vertex 11.189688905628895 27.014298714705035 243
    endloop
  endfacet
  facet normal -0.2391502328212292 -0.6683801252328456 0.7043260426359922
    outer loop
      vertex 8.055399793811329 26.555094316568795 241.5
      vertex 11.189688905628895 27.014298714705035 243
      vertex 8.487943187071293 27.98099879034196 243
    endloop
  endfacet
  facet normal -0.30351136761222525 -0.641720870312691 0.7043260426359933
    outer loop
      vertex 10.619465248131242 25.637657027188208 241.5
      vertex 13.081259446921434 24.47331508566685 241.5
      vertex 13.783671803119118 25.787436174927656 243
    endloop
  endfacet
  facet normal -0.30351136761222486 -0.641720870312692 0.7043260426359925
    outer loop
      vertex 10.619465248131242 25.637657027188208 241.5
      vertex 13.783671803119118 25.787436174927656 243
      vertex 11.189688905628895 27.014298714705035 243
    endloop
  endfacet
  facet normal -0.3649495220169236 -0.6088814926111156 0.7043260426359933
    outer loop
      vertex 13.081259446921434 24.47331508566685 241.5
      vertex 16.244910406223838 24.312226527939167 243
      vertex 13.783671803119118 25.787436174927656 243
    endloop
  endfacet
  facet normal -0.36494952201692354 -0.6088814926111156 0.7043260426359932
    outer loop
      vertex 13.081259446921434 24.47331508566685 241.5
      vertex 15.41707396629396 23.07328174139563 241.5
      vertex 16.244910406223838 24.312226527939167 243
    endloop
  endfacet
  facet normal -0.7090215495868951 -0.034831995149869927 0.7043260426359922
    outer loop
      vertex 27.75 0 241.5
      vertex 29.24006622516557 0 243
      vertex 27.616376165153465 2.7199756441453067 241.5
    endloop
  endfacet
  facet normal -0.7090215495868949 -0.0348319951498695 0.7043260426359924
    outer loop
      vertex 27.616376165153465 2.7199756441453067 241.5
      vertex 29.24006622516557 0 243
      vertex 29.099267314168337 2.8660276744376993 243
    endloop
  endfacet
  facet normal -0.7021932844737679 -0.10416053429521224 0.7043260426359925
    outer loop
      vertex 27.616376165153465 2.7199756441453067 241.5
      vertex 29.099267314168337 2.8660276744376993 243
      vertex 27.216791531189646 5.413756435947559 241.5
    endloop
  endfacet
  facet normal -0.7021932844737684 -0.10416053429521284 0.7043260426359919
    outer loop
      vertex 27.216791531189646 5.413756435947559 241.5
      vertex 29.099267314168337 2.8660276744376993 243
      vertex 28.678226551658042 5.704453935640466 243
    endloop
  endfacet
  facet normal -0.6417208703126918 -0.3035113676122256 0.7043260426359925
    outer loop
      vertex 25.637657027188208 10.619465248131242 241.5
      vertex 27.014298714705035 11.189688905628895 243
      vertex 24.47331508566685 13.081259446921434 241.5
    endloop
  endfacet
  facet normal -0.6886025141732636 -0.17248595055535176 0.7043260426359919
    outer loop
      vertex 26.555094316568795 8.055399793811329 241.5
      vertex 27.216791531189646 5.413756435947559 241.5
      vertex 28.678226551658042 5.704453935640466 243
    endloop
  endfacet
  facet normal -0.6886025141732635 -0.17248595055535154 0.704326042635992
    outer loop
      vertex 26.555094316568795 8.055399793811329 241.5
      vertex 28.678226551658042 5.704453935640466 243
      vertex 27.98099879034196 8.487943187071293 243
    endloop
  endfacet
  facet normal -0.6683801252328455 -0.23915023282122957 0.7043260426359922
    outer loop
      vertex 26.555094316568795 8.055399793811329 241.5
      vertex 27.98099879034196 8.487943187071293 243
      vertex 25.637657027188208 10.619465248131242 241.5
    endloop
  endfacet
  facet normal -0.6683801252328452 -0.23915023282122905 0.7043260426359924
    outer loop
      vertex 25.637657027188208 10.619465248131242 241.5
      vertex 27.98099879034196 8.487943187071293 243
      vertex 27.014298714705035 11.189688905628895 243
    endloop
  endfacet
  facet normal -0.6088814926111156 -0.36494952201692354 0.7043260426359932
    outer loop
      vertex 23.07328174139563 15.41707396629396 241.5
      vertex 24.47331508566685 13.081259446921434 241.5
      vertex 25.787436174927656 13.783671803119118 243
    endloop
  endfacet
  facet normal -0.6417208703126913 -0.3035113676122246 0.7043260426359933
    outer loop
      vertex 24.47331508566685 13.081259446921434 241.5
      vertex 27.014298714705035 11.189688905628895 243
      vertex 25.787436174927656 13.783671803119118 243
    endloop
  endfacet
  facet normal -0.6088814926111157 -0.3649495220169236 0.7043260426359932
    outer loop
      vertex 23.07328174139563 15.41707396629396 241.5
      vertex 25.787436174927656 13.783671803119118 243
      vertex 24.312226527939167 16.244910406223838 243
    endloop
  endfacet
endsolid OpenSCAD_Model
