solid OpenSCAD_Model
  facet normal -1 0 0
    outer loop
      vertex 0 0 0
      vertex 0 0 14
      vertex 0 3 12
    endloop
  endfacet
  facet normal -1 0 0
    outer loop
      vertex 0 0 0
      vertex 0 3 12
      vertex 0 7 12
    endloop
  endfacet
  facet normal -1 0 0
    outer loop
      vertex 0 0 0
      vertex 0 7 12
      vertex 0 10 0
    endloop
  endfacet
  facet normal 0 1 0
    outer loop
      vertex 0 10 0
      vertex 3.6746323333305746 10 5.9912607465407435
      vertex 3.789518624523279 10 5.670175072531313
    endloop
  endfacet
  facet normal 0 1 0
    outer loop
      vertex 0 10 0
      vertex 3.5917711505987744 10 6.322061130993954
      vertex 3.6746323333305746 10 5.9912607465407435
    endloop
  endfacet
  facet normal 0 1 0
    outer loop
      vertex 0 10 0
      vertex 3.541733074814116 10 6.6593904373547765
      vertex 3.5917711505987744 10 6.322061130993954
    endloop
  endfacet
  facet normal 0 1 0
    outer loop
      vertex 0 10 0
      vertex 3.5250000000000004 10 7
      vertex 3.541733074814116 10 6.6593904373547765
    endloop
  endfacet
  facet normal 0 1 0
    outer loop
      vertex 0 10 0
      vertex 3.541733074814116 10 7.3406095626452235
      vertex 3.5250000000000004 10 7
    endloop
  endfacet
  facet normal 0 1 0
    outer loop
      vertex 0 10 0
      vertex 3.5917711505987744 10 7.677938869006046
      vertex 3.541733074814116 10 7.3406095626452235
    endloop
  endfacet
  facet normal 0 1 0
    outer loop
      vertex 0 10 0
      vertex 3.6746323333305746 10 8.008739253459257
      vertex 3.5917711505987744 10 7.677938869006046
    endloop
  endfacet
  facet normal 0 1 0
    outer loop
      vertex 0 10 0
      vertex 5.361896339529658 10 3.9353236063894665
      vertex 5.670175072531313 10 3.789518624523279
    endloop
  endfacet
  facet normal 0 1 0
    outer loop
      vertex 0 10 0
      vertex 5.670175072531313 10 3.789518624523279
      vertex 5.9912607465407435 10 3.6746323333305746
    endloop
  endfacet
  facet normal 0 1 0
    outer loop
      vertex 0 10 0
      vertex 5.9912607465407435 10 3.6746323333305746
      vertex 6.322061130993954 10 3.5917711505987744
    endloop
  endfacet
  facet normal 0 1 0
    outer loop
      vertex 0 10 0
      vertex 6.322061130993954 10 3.5917711505987744
      vertex 6.6593904373547765 10 3.541733074814116
    endloop
  endfacet
  facet normal 0 1 0
    outer loop
      vertex 0 10 0
      vertex 6.6593904373547765 10 3.541733074814116
      vertex 7 10 3.5250000000000004
    endloop
  endfacet
  facet normal 0 1 0
    outer loop
      vertex 0 10 0
      vertex 7 10 3.5250000000000004
      vertex 7.3406095626452235 10 3.541733074814116
    endloop
  endfacet
  facet normal 0 1 0
    outer loop
      vertex 0 10 0
      vertex 4.542803935376748 10 4.542803935376748
      vertex 4.795483337531332 10 4.313788674564489
    endloop
  endfacet
  facet normal 0 1 0
    outer loop
      vertex 0 10 0
      vertex 4.313788674564489 10 4.795483337531332
      vertex 4.542803935376748 10 4.542803935376748
    endloop
  endfacet
  facet normal 0 1 0
    outer loop
      vertex 0 10 0
      vertex 4.110643097248655 10 5.069393440256882
      vertex 4.313788674564489 10 4.795483337531332
    endloop
  endfacet
  facet normal 0 1 0
    outer loop
      vertex 0 10 0
      vertex 3.9353236063894665 10 5.361896339529658
      vertex 4.110643097248655 10 5.069393440256882
    endloop
  endfacet
  facet normal 0 1 0
    outer loop
      vertex 0 10 0
      vertex 3.789518624523279 10 5.670175072531313
      vertex 3.9353236063894665 10 5.361896339529658
    endloop
  endfacet
  facet normal 0 1 0
    outer loop
      vertex 0 10 0
      vertex 4.795483337531332 10 4.313788674564489
      vertex 5.069393440256882 10 4.110643097248655
    endloop
  endfacet
  facet normal 0 1 0
    outer loop
      vertex 0 10 0
      vertex 5.069393440256882 10 4.110643097248655
      vertex 5.361896339529658 10 3.9353236063894665
    endloop
  endfacet
  facet normal 0 1 0
    outer loop
      vertex 0 10 0
      vertex 3.789518624523279 10 8.329824927468687
      vertex 3.6746323333305746 10 8.008739253459257
    endloop
  endfacet
  facet normal 0 1 0
    outer loop
      vertex 0 10 0
      vertex 7.3406095626452235 10 3.541733074814116
      vertex 7.677938869006046 10 3.5917711505987744
    endloop
  endfacet
  facet normal -1 0 0
    outer loop
      vertex 0 10 0
      vertex 0 7 12
      vertex 0 7 42
    endloop
  endfacet
  facet normal 0 1 0
    outer loop
      vertex 0 10 0
      vertex 0 10 42
      vertex 3.789518624523279 10 8.329824927468687
    endloop
  endfacet
  facet normal 0 1 0
    outer loop
      vertex 0 10 42
      vertex 3.9353236063894665 10 8.638103660470343
      vertex 3.789518624523279 10 8.329824927468687
    endloop
  endfacet
  facet normal 0 1 0
    outer loop
      vertex 0 10 42
      vertex 4.110643097248655 10 8.930606559743117
      vertex 3.9353236063894665 10 8.638103660470343
    endloop
  endfacet
  facet normal 0 1 0
    outer loop
      vertex 0 10 42
      vertex 4.313788674564489 10 9.204516662468668
      vertex 4.110643097248655 10 8.930606559743117
    endloop
  endfacet
  facet normal 0 1 0
    outer loop
      vertex 0 10 42
      vertex 4.542803935376748 10 9.457196064623252
      vertex 4.313788674564489 10 9.204516662468668
    endloop
  endfacet
  facet normal 0 1 0
    outer loop
      vertex 0 10 42
      vertex 4.795483337531332 10 9.686211325435512
      vertex 4.542803935376748 10 9.457196064623252
    endloop
  endfacet
  facet normal 0 1 0
    outer loop
      vertex 0 10 42
      vertex 5.069393440256882 10 9.889356902751345
      vertex 4.795483337531332 10 9.686211325435512
    endloop
  endfacet
  facet normal 0 1 0
    outer loop
      vertex 0 10 42
      vertex 5.361896339529658 10 10.064676393610533
      vertex 5.069393440256882 10 9.889356902751345
    endloop
  endfacet
  facet normal 0 1 0
    outer loop
      vertex 0 10 42
      vertex 5.670175072531313 10 10.210481375476721
      vertex 5.361896339529658 10 10.064676393610533
    endloop
  endfacet
  facet normal 0 1 0
    outer loop
      vertex 0 10 42
      vertex 5.9912607465407435 10 10.325367666669425
      vertex 5.670175072531313 10 10.210481375476721
    endloop
  endfacet
  facet normal 0 1 0
    outer loop
      vertex 0 10 42
      vertex 6.322061130993954 10 10.408228849401226
      vertex 5.9912607465407435 10 10.325367666669425
    endloop
  endfacet
  facet normal 0 1 0
    outer loop
      vertex 0 10 42
      vertex 6.6593904373547765 10 10.458266925185884
      vertex 6.322061130993954 10 10.408228849401226
    endloop
  endfacet
  facet normal 0 1 0
    outer loop
      vertex 0 10 42
      vertex 7 10 10.475
      vertex 6.6593904373547765 10 10.458266925185884
    endloop
  endfacet
  facet normal 0 1 0
    outer loop
      vertex 0 10 42
      vertex 7.3406095626452235 10 10.458266925185884
      vertex 7 10 10.475
    endloop
  endfacet
  facet normal 0 1 0
    outer loop
      vertex 0 10 42
      vertex 7.677938869006046 10 10.408228849401226
      vertex 7.3406095626452235 10 10.458266925185884
    endloop
  endfacet
  facet normal 0 1 0
    outer loop
      vertex 0 10 42
      vertex 8.008739253459257 10 10.325367666669425
      vertex 7.677938869006046 10 10.408228849401226
    endloop
  endfacet
  facet normal 0 1 0
    outer loop
      vertex 0 10 42
      vertex 8.329824927468687 10 10.210481375476721
      vertex 8.008739253459257 10 10.325367666669425
    endloop
  endfacet
  facet normal 0 1 0
    outer loop
      vertex 0 10 42
      vertex 8.930606559743117 10 9.889356902751345
      vertex 8.638103660470343 10 10.064676393610533
    endloop
  endfacet
  facet normal 0 1 0
    outer loop
      vertex 0 10 42
      vertex 8.638103660470343 10 10.064676393610533
      vertex 8.329824927468687 10 10.210481375476721
    endloop
  endfacet
  facet normal 0 1 0
    outer loop
      vertex 0 10 42
      vertex 13.789518624523279 10 8.329824927468687
      vertex 8.930606559743117 10 9.889356902751345
    endloop
  endfacet
  facet normal 0 1 0
    outer loop
      vertex 0 10 42
      vertex 13.935323606389467 10 8.638103660470343
      vertex 13.789518624523279 10 8.329824927468687
    endloop
  endfacet
  facet normal 0 1 0
    outer loop
      vertex 0 10 42
      vertex 14.110643097248655 10 8.930606559743117
      vertex 13.935323606389467 10 8.638103660470343
    endloop
  endfacet
  facet normal 0 1 0
    outer loop
      vertex 0 10 42
      vertex 14.313788674564488 10 9.204516662468668
      vertex 14.110643097248655 10 8.930606559743117
    endloop
  endfacet
  facet normal 0 1 0
    outer loop
      vertex 0 10 42
      vertex 14.542803935376748 10 9.457196064623252
      vertex 14.313788674564488 10 9.204516662468668
    endloop
  endfacet
  facet normal 0 1 0
    outer loop
      vertex 0 10 42
      vertex 14.795483337531332 10 9.686211325435512
      vertex 14.542803935376748 10 9.457196064623252
    endloop
  endfacet
  facet normal 0 1 0
    outer loop
      vertex 0 10 42
      vertex 15.069393440256883 10 9.889356902751345
      vertex 14.795483337531332 10 9.686211325435512
    endloop
  endfacet
  facet normal 0 0 -1
    outer loop
      vertex 0 0 0
      vertex 0 10 0
      vertex 40 10 0
    endloop
  endfacet
  facet normal 0 1 0
    outer loop
      vertex 8.008739253459257 10 3.6746323333305746
      vertex 16.322061130993955 10 3.5917711505987744
      vertex 7.677938869006046 10 3.5917711505987744
    endloop
  endfacet
  facet normal 0 1 0
    outer loop
      vertex 8.329824927468687 10 3.789518624523279
      vertex 15.991260746540743 10 3.6746323333305746
      vertex 8.008739253459257 10 3.6746323333305746
    endloop
  endfacet
  facet normal 0 1 0
    outer loop
      vertex 8.638103660470343 10 3.9353236063894665
      vertex 15.670175072531313 10 3.789518624523279
      vertex 8.329824927468687 10 3.789518624523279
    endloop
  endfacet
  facet normal 0 1 0
    outer loop
      vertex 8.930606559743117 10 4.110643097248655
      vertex 15.361896339529657 10 3.9353236063894665
      vertex 8.638103660470343 10 3.9353236063894665
    endloop
  endfacet
  facet normal 0 1 0
    outer loop
      vertex 9.204516662468668 10 4.313788674564489
      vertex 15.069393440256883 10 4.110643097248655
      vertex 8.930606559743117 10 4.110643097248655
    endloop
  endfacet
  facet normal 0 1 0
    outer loop
      vertex 9.457196064623252 10 4.542803935376748
      vertex 14.795483337531332 10 4.313788674564489
      vertex 9.204516662468668 10 4.313788674564489
    endloop
  endfacet
  facet normal 0 1 0
    outer loop
      vertex 9.457196064623252 10 4.542803935376748
      vertex 9.686211325435512 10 4.795483337531332
      vertex 14.542803935376748 10 4.542803935376748
    endloop
  endfacet
  facet normal 0 1 0
    outer loop
      vertex 9.686211325435512 10 4.795483337531332
      vertex 9.889356902751345 10 5.069393440256882
      vertex 14.313788674564488 10 4.795483337531332
    endloop
  endfacet
  facet normal 0 1 0
    outer loop
      vertex 9.889356902751345 10 5.069393440256882
      vertex 10.064676393610533 10 5.361896339529658
      vertex 14.110643097248655 10 5.069393440256882
    endloop
  endfacet
  facet normal 0 1 0
    outer loop
      vertex 8.638103660470343 10 3.9353236063894665
      vertex 15.361896339529657 10 3.9353236063894665
      vertex 15.670175072531313 10 3.789518624523279
    endloop
  endfacet
  facet normal 0 1 0
    outer loop
      vertex 15.991260746540743 10 3.6746323333305746
      vertex 8.329824927468687 10 3.789518624523279
      vertex 15.670175072531313 10 3.789518624523279
    endloop
  endfacet
  facet normal 0 1 0
    outer loop
      vertex 16.322061130993955 10 3.5917711505987744
      vertex 8.008739253459257 10 3.6746323333305746
      vertex 15.991260746540743 10 3.6746323333305746
    endloop
  endfacet
  facet normal 0 1 0
    outer loop
      vertex 8.930606559743117 10 4.110643097248655
      vertex 15.069393440256883 10 4.110643097248655
      vertex 15.361896339529657 10 3.9353236063894665
    endloop
  endfacet
  facet normal 0 1 0
    outer loop
      vertex 9.204516662468668 10 4.313788674564489
      vertex 14.795483337531332 10 4.313788674564489
      vertex 15.069393440256883 10 4.110643097248655
    endloop
  endfacet
  facet normal 0 1 0
    outer loop
      vertex 9.457196064623252 10 4.542803935376748
      vertex 14.542803935376748 10 4.542803935376748
      vertex 14.795483337531332 10 4.313788674564489
    endloop
  endfacet
  facet normal 0 1 0
    outer loop
      vertex 9.889356902751345 10 5.069393440256882
      vertex 14.110643097248655 10 5.069393440256882
      vertex 14.313788674564488 10 4.795483337531332
    endloop
  endfacet
  facet normal 0 1 0
    outer loop
      vertex 9.686211325435512 10 4.795483337531332
      vertex 14.313788674564488 10 4.795483337531332
      vertex 14.542803935376748 10 4.542803935376748
    endloop
  endfacet
  facet normal 0 1 0
    outer loop
      vertex 10.064676393610533 10 5.361896339529658
      vertex 10.210481375476721 10 5.670175072531313
      vertex 13.935323606389467 10 5.361896339529658
    endloop
  endfacet
  facet normal 0 1 0
    outer loop
      vertex 10.210481375476721 10 5.670175072531313
      vertex 10.325367666669425 10 5.9912607465407435
      vertex 13.789518624523279 10 5.670175072531313
    endloop
  endfacet
  facet normal 0 1 0
    outer loop
      vertex 10.325367666669425 10 5.9912607465407435
      vertex 10.408228849401226 10 6.322061130993954
      vertex 13.674632333330575 10 5.9912607465407435
    endloop
  endfacet
  facet normal 0 1 0
    outer loop
      vertex 10.408228849401226 10 6.322061130993954
      vertex 10.458266925185884 10 6.6593904373547765
      vertex 13.591771150598774 10 6.322061130993954
    endloop
  endfacet
  facet normal 0 1 0
    outer loop
      vertex 10.458266925185884 10 6.6593904373547765
      vertex 10.475 10 7
      vertex 13.541733074814116 10 6.6593904373547765
    endloop
  endfacet
  facet normal 0 1 0
    outer loop
      vertex 10.475 10 7
      vertex 10.458266925185884 10 7.3406095626452235
      vertex 13.525 10 7
    endloop
  endfacet
  facet normal 0 1 0
    outer loop
      vertex 10.458266925185884 10 7.3406095626452235
      vertex 10.408228849401226 10 7.677938869006046
      vertex 13.541733074814116 10 7.3406095626452235
    endloop
  endfacet
  facet normal 0 1 0
    outer loop
      vertex 10.408228849401226 10 7.677938869006046
      vertex 10.325367666669425 10 8.008739253459257
      vertex 13.591771150598774 10 7.677938869006046
    endloop
  endfacet
  facet normal 0 1 0
    outer loop
      vertex 9.204516662468668 10 9.686211325435512
      vertex 13.789518624523279 10 8.329824927468687
      vertex 9.457196064623252 10 9.457196064623252
    endloop
  endfacet
  facet normal 0 1 0
    outer loop
      vertex 13.789518624523279 10 8.329824927468687
      vertex 10.064676393610533 10 8.638103660470343
      vertex 9.889356902751345 10 8.930606559743117
    endloop
  endfacet
  facet normal 0 1 0
    outer loop
      vertex 13.789518624523279 10 8.329824927468687
      vertex 9.889356902751345 10 8.930606559743117
      vertex 9.686211325435512 10 9.204516662468668
    endloop
  endfacet
  facet normal 0 1 0
    outer loop
      vertex 13.789518624523279 10 8.329824927468687
      vertex 9.686211325435512 10 9.204516662468668
      vertex 9.457196064623252 10 9.457196064623252
    endloop
  endfacet
  facet normal 0 1 0
    outer loop
      vertex 8.930606559743117 10 9.889356902751345
      vertex 13.789518624523279 10 8.329824927468687
      vertex 9.204516662468668 10 9.686211325435512
    endloop
  endfacet
  facet normal 0 1 0
    outer loop
      vertex 10.325367666669425 10 8.008739253459257
      vertex 10.210481375476721 10 8.329824927468687
      vertex 13.674632333330575 10 8.008739253459257
    endloop
  endfacet
  facet normal 0 1 0
    outer loop
      vertex 10.210481375476721 10 8.329824927468687
      vertex 10.064676393610533 10 8.638103660470343
      vertex 13.789518624523279 10 8.329824927468687
    endloop
  endfacet
  facet normal 0 1 0
    outer loop
      vertex 10.210481375476721 10 5.670175072531313
      vertex 13.789518624523279 10 5.670175072531313
      vertex 13.935323606389467 10 5.361896339529658
    endloop
  endfacet
  facet normal 0 1 0
    outer loop
      vertex 13.935323606389467 10 5.361896339529658
      vertex 14.110643097248655 10 5.069393440256882
      vertex 10.064676393610533 10 5.361896339529658
    endloop
  endfacet
  facet normal 0 1 0
    outer loop
      vertex 10.325367666669425 10 5.9912607465407435
      vertex 13.674632333330575 10 5.9912607465407435
      vertex 13.789518624523279 10 5.670175072531313
    endloop
  endfacet
  facet normal 0 1 0
    outer loop
      vertex 10.408228849401226 10 6.322061130993954
      vertex 13.591771150598774 10 6.322061130993954
      vertex 13.674632333330575 10 5.9912607465407435
    endloop
  endfacet
  facet normal 0 1 0
    outer loop
      vertex 10.458266925185884 10 6.6593904373547765
      vertex 13.541733074814116 10 6.6593904373547765
      vertex 13.591771150598774 10 6.322061130993954
    endloop
  endfacet
  facet normal 0 1 0
    outer loop
      vertex 10.475 10 7
      vertex 13.525 10 7
      vertex 13.541733074814116 10 6.6593904373547765
    endloop
  endfacet
  facet normal 0 1 0
    outer loop
      vertex 10.458266925185884 10 7.3406095626452235
      vertex 13.541733074814116 10 7.3406095626452235
      vertex 13.525 10 7
    endloop
  endfacet
  facet normal 0 1 0
    outer loop
      vertex 10.408228849401226 10 7.677938869006046
      vertex 13.591771150598774 10 7.677938869006046
      vertex 13.541733074814116 10 7.3406095626452235
    endloop
  endfacet
  facet normal 0 1 0
    outer loop
      vertex 10.325367666669425 10 8.008739253459257
      vertex 13.674632333330575 10 8.008739253459257
      vertex 13.591771150598774 10 7.677938869006046
    endloop
  endfacet
  facet normal 0 1 0
    outer loop
      vertex 10.210481375476721 10 8.329824927468687
      vertex 13.789518624523279 10 8.329824927468687
      vertex 13.674632333330575 10 8.008739253459257
    endloop
  endfacet
  facet normal 0 1 0
    outer loop
      vertex 0 10 0
      vertex 7.677938869006046 10 3.5917711505987744
      vertex 40 10 0
    endloop
  endfacet
  facet normal 0 1 0
    outer loop
      vertex 0 10 42
      vertex 15.361896339529657 10 10.064676393610533
      vertex 15.069393440256883 10 9.889356902751345
    endloop
  endfacet
  facet normal 0 1 0
    outer loop
      vertex 0 10 42
      vertex 15.670175072531313 10 10.210481375476721
      vertex 15.361896339529657 10 10.064676393610533
    endloop
  endfacet
  facet normal 0 1 0
    outer loop
      vertex 0 10 42
      vertex 15.991260746540743 10 10.325367666669425
      vertex 15.670175072531313 10 10.210481375476721
    endloop
  endfacet
  facet normal 0 1 0
    outer loop
      vertex 0 10 42
      vertex 16.322061130993955 10 10.408228849401226
      vertex 15.991260746540743 10 10.325367666669425
    endloop
  endfacet
  facet normal 0 1 0
    outer loop
      vertex 0 10 42
      vertex 16.659390437354777 10 10.458266925185884
      vertex 16.322061130993955 10 10.408228849401226
    endloop
  endfacet
  facet normal 0 1 0
    outer loop
      vertex 0 10 42
      vertex 17 10 10.475
      vertex 16.659390437354777 10 10.458266925185884
    endloop
  endfacet
  facet normal 0 1 0
    outer loop
      vertex 0 10 42
      vertex 17.340609562645223 10 10.458266925185884
      vertex 17 10 10.475
    endloop
  endfacet
  facet normal 0 1 0
    outer loop
      vertex 0 10 42
      vertex 17.677938869006045 10 10.408228849401226
      vertex 17.340609562645223 10 10.458266925185884
    endloop
  endfacet
  facet normal 0 1 0
    outer loop
      vertex 0 10 42
      vertex 18.008739253459257 10 10.325367666669425
      vertex 17.677938869006045 10 10.408228849401226
    endloop
  endfacet
  facet normal 0 1 0
    outer loop
      vertex 0 10 42
      vertex 18.329824927468685 10 10.210481375476721
      vertex 18.008739253459257 10 10.325367666669425
    endloop
  endfacet
  facet normal 0 1 0
    outer loop
      vertex 0 10 42
      vertex 18.638103660470343 10 10.064676393610533
      vertex 18.329824927468685 10 10.210481375476721
    endloop
  endfacet
  facet normal 0 1 0
    outer loop
      vertex 0 10 42
      vertex 18.93060655974312 10 9.889356902751345
      vertex 18.638103660470343 10 10.064676393610533
    endloop
  endfacet
  facet normal 0 1 0
    outer loop
      vertex 0 10 42
      vertex 23.541733074814115 10 6.6593904373547765
      vertex 18.93060655974312 10 9.889356902751345
    endloop
  endfacet
  facet normal 0 1 0
    outer loop
      vertex 0 10 42
      vertex 23.525 10 7
      vertex 23.541733074814115 10 6.6593904373547765
    endloop
  endfacet
  facet normal 0 1 0
    outer loop
      vertex 0 10 42
      vertex 23.541733074814115 10 7.3406095626452235
      vertex 23.525 10 7
    endloop
  endfacet
  facet normal 0 1 0
    outer loop
      vertex 0 10 42
      vertex 23.591771150598774 10 7.677938869006046
      vertex 23.541733074814115 10 7.3406095626452235
    endloop
  endfacet
  facet normal 0 1 0
    outer loop
      vertex 0 10 42
      vertex 23.674632333330575 10 8.008739253459257
      vertex 23.591771150598774 10 7.677938869006046
    endloop
  endfacet
  facet normal 0 1 0
    outer loop
      vertex 0 10 42
      vertex 23.78951862452328 10 8.329824927468687
      vertex 23.674632333330575 10 8.008739253459257
    endloop
  endfacet
  facet normal 0 1 0
    outer loop
      vertex 0 10 42
      vertex 23.935323606389467 10 8.638103660470343
      vertex 23.78951862452328 10 8.329824927468687
    endloop
  endfacet
  facet normal 0 1 0
    outer loop
      vertex 0 10 42
      vertex 24.110643097248655 10 8.930606559743117
      vertex 23.935323606389467 10 8.638103660470343
    endloop
  endfacet
  facet normal 0 1 0
    outer loop
      vertex 0 10 42
      vertex 24.31378867456449 10 9.204516662468668
      vertex 24.110643097248655 10 8.930606559743117
    endloop
  endfacet
  facet normal 0 1 0
    outer loop
      vertex 0 10 42
      vertex 24.542803935376746 10 9.457196064623252
      vertex 24.31378867456449 10 9.204516662468668
    endloop
  endfacet
  facet normal 0 1 0
    outer loop
      vertex 0 10 42
      vertex 24.795483337531333 10 9.686211325435512
      vertex 24.542803935376746 10 9.457196064623252
    endloop
  endfacet
  facet normal 0 1 0
    outer loop
      vertex 0 10 42
      vertex 25.06939344025688 10 9.889356902751345
      vertex 24.795483337531333 10 9.686211325435512
    endloop
  endfacet
  facet normal 0 1 0
    outer loop
      vertex 0 10 42
      vertex 25.361896339529657 10 10.064676393610533
      vertex 25.06939344025688 10 9.889356902751345
    endloop
  endfacet
  facet normal 0 1 0
    outer loop
      vertex 0 10 42
      vertex 25.670175072531315 10 10.210481375476721
      vertex 25.361896339529657 10 10.064676393610533
    endloop
  endfacet
  facet normal 0 1 0
    outer loop
      vertex 0 10 42
      vertex 25.991260746540743 10 10.325367666669425
      vertex 25.670175072531315 10 10.210481375476721
    endloop
  endfacet
  facet normal 0 1 0
    outer loop
      vertex 0 10 42
      vertex 26.322061130993955 10 10.408228849401226
      vertex 25.991260746540743 10 10.325367666669425
    endloop
  endfacet
  facet normal 0 1 0
    outer loop
      vertex 0 10 42
      vertex 26.659390437354777 10 10.458266925185884
      vertex 26.322061130993955 10 10.408228849401226
    endloop
  endfacet
  facet normal 0 1 0
    outer loop
      vertex 0 10 42
      vertex 27 10 10.475
      vertex 26.659390437354777 10 10.458266925185884
    endloop
  endfacet
  facet normal 0 1 0
    outer loop
      vertex 0 10 42
      vertex 27.340609562645223 10 10.458266925185884
      vertex 27 10 10.475
    endloop
  endfacet
  facet normal 0 1 0
    outer loop
      vertex 0 10 42
      vertex 27.677938869006045 10 10.408228849401226
      vertex 27.340609562645223 10 10.458266925185884
    endloop
  endfacet
  facet normal 0 1 0
    outer loop
      vertex 0 10 42
      vertex 28.008739253459257 10 10.325367666669425
      vertex 27.677938869006045 10 10.408228849401226
    endloop
  endfacet
  facet normal 0 1 0
    outer loop
      vertex 0 10 42
      vertex 28.329824927468685 10 10.210481375476721
      vertex 28.008739253459257 10 10.325367666669425
    endloop
  endfacet
  facet normal 0 1 0
    outer loop
      vertex 0 10 42
      vertex 28.638103660470343 10 10.064676393610533
      vertex 28.329824927468685 10 10.210481375476721
    endloop
  endfacet
  facet normal 0 1 0
    outer loop
      vertex 0 10 42
      vertex 28.93060655974312 10 9.889356902751345
      vertex 28.638103660470343 10 10.064676393610533
    endloop
  endfacet
  facet normal 0 1 0
    outer loop
      vertex 0 10 42
      vertex 29.68621132543551 10 9.204516662468668
      vertex 29.457196064623254 10 9.457196064623252
    endloop
  endfacet
  facet normal 0 1 0
    outer loop
      vertex 0 10 42
      vertex 29.204516662468667 10 9.686211325435512
      vertex 28.93060655974312 10 9.889356902751345
    endloop
  endfacet
  facet normal 0 1 0
    outer loop
      vertex 0 10 42
      vertex 29.457196064623254 10 9.457196064623252
      vertex 29.204516662468667 10 9.686211325435512
    endloop
  endfacet
  facet normal -1 0 0
    outer loop
      vertex 0 0 14
      vertex 0 0 42
      vertex 0 3 12
    endloop
  endfacet
  facet normal -1 0 0
    outer loop
      vertex 0 0 42
      vertex 0 3 42
      vertex 0 3 12
    endloop
  endfacet
  facet normal -1 0 0
    outer loop
      vertex 0 10 0
      vertex 0 7 42
      vertex 0 10 42
    endloop
  endfacet
  facet normal 0 -1 0
    outer loop
      vertex 0 0 14
      vertex 40 0 14
      vertex 0 0 42
    endloop
  endfacet
  facet normal 0 0 1
    outer loop
      vertex 0 0 42
      vertex 40 0 42
      vertex 0 3 42
    endloop
  endfacet
  facet normal 0 0 1
    outer loop
      vertex 0 10 42
      vertex 0 7 42
      vertex 40 7 42
    endloop
  endfacet
  facet normal 0 0 -1
    outer loop
      vertex 0 0 0
      vertex 40 10 0
      vertex 40 0 0
    endloop
  endfacet
  facet normal 0 1 0
    outer loop
      vertex 40 10 0
      vertex 7.677938869006046 10 3.5917711505987744
      vertex 16.322061130993955 10 3.5917711505987744
    endloop
  endfacet
  facet normal 0 1 0
    outer loop
      vertex 18.008739253459257 10 3.6746323333305746
      vertex 26.322061130993955 10 3.5917711505987744
      vertex 17.677938869006045 10 3.5917711505987744
    endloop
  endfacet
  facet normal 0 1 0
    outer loop
      vertex 18.329824927468685 10 3.789518624523279
      vertex 25.991260746540743 10 3.6746323333305746
      vertex 18.008739253459257 10 3.6746323333305746
    endloop
  endfacet
  facet normal 0 1 0
    outer loop
      vertex 18.638103660470343 10 3.9353236063894665
      vertex 25.670175072531315 10 3.789518624523279
      vertex 18.329824927468685 10 3.789518624523279
    endloop
  endfacet
  facet normal 0 1 0
    outer loop
      vertex 18.93060655974312 10 4.110643097248655
      vertex 25.361896339529657 10 3.9353236063894665
      vertex 18.638103660470343 10 3.9353236063894665
    endloop
  endfacet
  facet normal 0 1 0
    outer loop
      vertex 19.204516662468667 10 4.313788674564489
      vertex 25.06939344025688 10 4.110643097248655
      vertex 18.93060655974312 10 4.110643097248655
    endloop
  endfacet
  facet normal 0 1 0
    outer loop
      vertex 19.457196064623254 10 4.542803935376748
      vertex 24.795483337531333 10 4.313788674564489
      vertex 19.204516662468667 10 4.313788674564489
    endloop
  endfacet
  facet normal 0 1 0
    outer loop
      vertex 19.457196064623254 10 4.542803935376748
      vertex 19.68621132543551 10 4.795483337531332
      vertex 24.542803935376746 10 4.542803935376748
    endloop
  endfacet
  facet normal 0 1 0
    outer loop
      vertex 19.68621132543551 10 4.795483337531332
      vertex 19.889356902751345 10 5.069393440256882
      vertex 24.31378867456449 10 4.795483337531332
    endloop
  endfacet
  facet normal 0 1 0
    outer loop
      vertex 20.064676393610533 10 5.361896339529658
      vertex 24.110643097248655 10 5.069393440256882
      vertex 19.889356902751345 10 5.069393440256882
    endloop
  endfacet
  facet normal 0 1 0
    outer loop
      vertex 40 10 0
      vertex 16.322061130993955 10 3.5917711505987744
      vertex 16.659390437354777 10 3.541733074814116
    endloop
  endfacet
  facet normal 0 1 0
    outer loop
      vertex 40 10 0
      vertex 16.659390437354777 10 3.541733074814116
      vertex 17 10 3.5250000000000004
    endloop
  endfacet
  facet normal 0 1 0
    outer loop
      vertex 40 10 0
      vertex 17 10 3.5250000000000004
      vertex 17.340609562645223 10 3.541733074814116
    endloop
  endfacet
  facet normal 0 1 0
    outer loop
      vertex 18.638103660470343 10 3.9353236063894665
      vertex 25.361896339529657 10 3.9353236063894665
      vertex 25.670175072531315 10 3.789518624523279
    endloop
  endfacet
  facet normal 0 1 0
    outer loop
      vertex 18.329824927468685 10 3.789518624523279
      vertex 25.670175072531315 10 3.789518624523279
      vertex 25.991260746540743 10 3.6746323333305746
    endloop
  endfacet
  facet normal 0 1 0
    outer loop
      vertex 18.008739253459257 10 3.6746323333305746
      vertex 25.991260746540743 10 3.6746323333305746
      vertex 26.322061130993955 10 3.5917711505987744
    endloop
  endfacet
  facet normal 0 1 0
    outer loop
      vertex 18.93060655974312 10 4.110643097248655
      vertex 25.06939344025688 10 4.110643097248655
      vertex 25.361896339529657 10 3.9353236063894665
    endloop
  endfacet
  facet normal 0 1 0
    outer loop
      vertex 19.204516662468667 10 4.313788674564489
      vertex 24.795483337531333 10 4.313788674564489
      vertex 25.06939344025688 10 4.110643097248655
    endloop
  endfacet
  facet normal 0 1 0
    outer loop
      vertex 19.457196064623254 10 4.542803935376748
      vertex 24.542803935376746 10 4.542803935376748
      vertex 24.795483337531333 10 4.313788674564489
    endloop
  endfacet
  facet normal 0 1 0
    outer loop
      vertex 19.889356902751345 10 5.069393440256882
      vertex 24.110643097248655 10 5.069393440256882
      vertex 24.31378867456449 10 4.795483337531332
    endloop
  endfacet
  facet normal 0 1 0
    outer loop
      vertex 19.68621132543551 10 4.795483337531332
      vertex 24.31378867456449 10 4.795483337531332
      vertex 24.542803935376746 10 4.542803935376748
    endloop
  endfacet
  facet normal 0 1 0
    outer loop
      vertex 20.064676393610533 10 5.361896339529658
      vertex 20.21048137547672 10 5.670175072531313
      vertex 23.935323606389467 10 5.361896339529658
    endloop
  endfacet
  facet normal 0 1 0
    outer loop
      vertex 20.21048137547672 10 5.670175072531313
      vertex 20.325367666669425 10 5.9912607465407435
      vertex 23.78951862452328 10 5.670175072531313
    endloop
  endfacet
  facet normal 0 1 0
    outer loop
      vertex 20.325367666669425 10 5.9912607465407435
      vertex 20.408228849401226 10 6.322061130993954
      vertex 23.674632333330575 10 5.9912607465407435
    endloop
  endfacet
  facet normal 0 1 0
    outer loop
      vertex 20.408228849401226 10 6.322061130993954
      vertex 20.458266925185885 10 6.6593904373547765
      vertex 23.591771150598774 10 6.322061130993954
    endloop
  endfacet
  facet normal 0 1 0
    outer loop
      vertex 20.458266925185885 10 6.6593904373547765
      vertex 20.475 10 7
      vertex 23.541733074814115 10 6.6593904373547765
    endloop
  endfacet
  facet normal 0 1 0
    outer loop
      vertex 20.475 10 7
      vertex 20.458266925185885 10 7.3406095626452235
      vertex 23.541733074814115 10 6.6593904373547765
    endloop
  endfacet
  facet normal 0 1 0
    outer loop
      vertex 20.458266925185885 10 7.3406095626452235
      vertex 20.408228849401226 10 7.677938869006046
      vertex 23.541733074814115 10 6.6593904373547765
    endloop
  endfacet
  facet normal 0 1 0
    outer loop
      vertex 20.408228849401226 10 7.677938869006046
      vertex 20.325367666669425 10 8.008739253459257
      vertex 23.541733074814115 10 6.6593904373547765
    endloop
  endfacet
  facet normal 0 1 0
    outer loop
      vertex 20.325367666669425 10 8.008739253459257
      vertex 20.21048137547672 10 8.329824927468687
      vertex 23.541733074814115 10 6.6593904373547765
    endloop
  endfacet
  facet normal 0 1 0
    outer loop
      vertex 18.93060655974312 10 9.889356902751345
      vertex 23.541733074814115 10 6.6593904373547765
      vertex 19.204516662468667 10 9.686211325435512
    endloop
  endfacet
  facet normal 0 1 0
    outer loop
      vertex 19.68621132543551 10 9.204516662468668
      vertex 19.457196064623254 10 9.457196064623252
      vertex 23.541733074814115 10 6.6593904373547765
    endloop
  endfacet
  facet normal 0 1 0
    outer loop
      vertex 19.889356902751345 10 8.930606559743117
      vertex 23.541733074814115 10 6.6593904373547765
      vertex 20.064676393610533 10 8.638103660470343
    endloop
  endfacet
  facet normal 0 1 0
    outer loop
      vertex 19.889356902751345 10 8.930606559743117
      vertex 19.68621132543551 10 9.204516662468668
      vertex 23.541733074814115 10 6.6593904373547765
    endloop
  endfacet
  facet normal 0 1 0
    outer loop
      vertex 19.204516662468667 10 9.686211325435512
      vertex 23.541733074814115 10 6.6593904373547765
      vertex 19.457196064623254 10 9.457196064623252
    endloop
  endfacet
  facet normal 0 1 0
    outer loop
      vertex 20.21048137547672 10 8.329824927468687
      vertex 20.064676393610533 10 8.638103660470343
      vertex 23.541733074814115 10 6.6593904373547765
    endloop
  endfacet
  facet normal 0 1 0
    outer loop
      vertex 20.21048137547672 10 5.670175072531313
      vertex 23.78951862452328 10 5.670175072531313
      vertex 23.935323606389467 10 5.361896339529658
    endloop
  endfacet
  facet normal 0 1 0
    outer loop
      vertex 20.064676393610533 10 5.361896339529658
      vertex 23.935323606389467 10 5.361896339529658
      vertex 24.110643097248655 10 5.069393440256882
    endloop
  endfacet
  facet normal 0 1 0
    outer loop
      vertex 20.325367666669425 10 5.9912607465407435
      vertex 23.674632333330575 10 5.9912607465407435
      vertex 23.78951862452328 10 5.670175072531313
    endloop
  endfacet
  facet normal 0 1 0
    outer loop
      vertex 20.408228849401226 10 6.322061130993954
      vertex 23.591771150598774 10 6.322061130993954
      vertex 23.674632333330575 10 5.9912607465407435
    endloop
  endfacet
  facet normal 0 1 0
    outer loop
      vertex 20.458266925185885 10 6.6593904373547765
      vertex 23.541733074814115 10 6.6593904373547765
      vertex 23.591771150598774 10 6.322061130993954
    endloop
  endfacet
  facet normal 0 1 0
    outer loop
      vertex 40 10 0
      vertex 17.340609562645223 10 3.541733074814116
      vertex 17.677938869006045 10 3.5917711505987744
    endloop
  endfacet
  facet normal 0 1 0
    outer loop
      vertex 40 10 0
      vertex 17.677938869006045 10 3.5917711505987744
      vertex 26.322061130993955 10 3.5917711505987744
    endloop
  endfacet
  facet normal 0 1 0
    outer loop
      vertex 0 10 42
      vertex 32.038429439193536 10 6.609819355967743
      vertex 29.68621132543551 10 9.204516662468668
    endloop
  endfacet
  facet normal 0 1 0
    outer loop
      vertex 0 10 42
      vertex 32.00963054665561 10 6.803965719340879
      vertex 32.038429439193536 10 6.609819355967743
    endloop
  endfacet
  facet normal 0 1 0
    outer loop
      vertex 0 10 42
      vertex 32 10 7
      vertex 32.00963054665561 10 6.803965719340879
    endloop
  endfacet
  facet normal 0 1 0
    outer loop
      vertex 0 10 42
      vertex 32.00963054665561 10 7.196034280659121
      vertex 32 10 7
    endloop
  endfacet
  facet normal 0 1 0
    outer loop
      vertex 0 10 42
      vertex 32.038429439193536 10 7.390180644032257
      vertex 32.00963054665561 10 7.196034280659121
    endloop
  endfacet
  facet normal 0 1 0
    outer loop
      vertex 0 10 42
      vertex 32.08611932853558 10 7.580569354508925
      vertex 32.038429439193536 10 7.390180644032257
    endloop
  endfacet
  facet normal 0 1 0
    outer loop
      vertex 0 10 42
      vertex 32.15224093497743 10 7.765366864730179
      vertex 32.08611932853558 10 7.580569354508925
    endloop
  endfacet
  facet normal 0 1 0
    outer loop
      vertex 0 10 42
      vertex 32.23615747130329 10 7.942793473651995
      vertex 32.15224093497743 10 7.765366864730179
    endloop
  endfacet
  facet normal 0 1 0
    outer loop
      vertex 0 10 42
      vertex 32.33706077539491 10 8.111140466039204
      vertex 32.23615747130329 10 7.942793473651995
    endloop
  endfacet
  facet normal 0 1 0
    outer loop
      vertex 0 10 42
      vertex 32.453979093274526 10 8.268786568327291
      vertex 32.33706077539491 10 8.111140466039204
    endloop
  endfacet
  facet normal 0 1 0
    outer loop
      vertex 0 10 42
      vertex 32.58578643762691 10 8.414213562373096
      vertex 32.453979093274526 10 8.268786568327291
    endloop
  endfacet
  facet normal 0 1 0
    outer loop
      vertex 0 10 42
      vertex 32.73121343167271 10 8.546020906725474
      vertex 32.58578643762691 10 8.414213562373096
    endloop
  endfacet
  facet normal 1 0 0
    outer loop
      vertex 40 0 0
      vertex 40 10 0
      vertex 40 0 14
    endloop
  endfacet
  facet normal 1 0 0
    outer loop
      vertex 40 0 14
      vertex 40 10 0
      vertex 40 3 12
    endloop
  endfacet
  facet normal 0 1 0
    outer loop
      vertex 40 10 0
      vertex 26.322061130993955 10 3.5917711505987744
      vertex 26.659390437354777 10 3.541733074814116
    endloop
  endfacet
  facet normal 0 1 0
    outer loop
      vertex 40 10 0
      vertex 26.659390437354777 10 3.541733074814116
      vertex 27 10 3.5250000000000004
    endloop
  endfacet
  facet normal 0 1 0
    outer loop
      vertex 40 10 0
      vertex 27 10 3.5250000000000004
      vertex 27.340609562645223 10 3.541733074814116
    endloop
  endfacet
  facet normal 0 1 0
    outer loop
      vertex 40 10 0
      vertex 27.340609562645223 10 3.541733074814116
      vertex 27.677938869006045 10 3.5917711505987744
    endloop
  endfacet
  facet normal 0 1 0
    outer loop
      vertex 40 10 0
      vertex 27.677938869006045 10 3.5917711505987744
      vertex 28.008739253459257 10 3.6746323333305746
    endloop
  endfacet
  facet normal 0 1 0
    outer loop
      vertex 40 10 0
      vertex 28.008739253459257 10 3.6746323333305746
      vertex 28.329824927468685 10 3.789518624523279
    endloop
  endfacet
  facet normal 0 1 0
    outer loop
      vertex 40 10 0
      vertex 28.329824927468685 10 3.789518624523279
      vertex 28.638103660470343 10 3.9353236063894665
    endloop
  endfacet
  facet normal 0 1 0
    outer loop
      vertex 29.457196064623254 10 4.542803935376748
      vertex 33.23463313526982 10 5.152240934977426
      vertex 29.204516662468667 10 4.313788674564489
    endloop
  endfacet
  facet normal 0 1 0
    outer loop
      vertex 29.457196064623254 10 4.542803935376748
      vertex 29.68621132543551 10 4.795483337531332
      vertex 33.23463313526982 10 5.152240934977426
    endloop
  endfacet
  facet normal 0 1 0
    outer loop
      vertex 29.68621132543551 10 4.795483337531332
      vertex 29.889356902751345 10 5.069393440256882
      vertex 33.057206526348004 10 5.23615747130329
    endloop
  endfacet
  facet normal 0 1 0
    outer loop
      vertex 29.68621132543551 10 4.795483337531332
      vertex 33.057206526348004 10 5.23615747130329
      vertex 33.23463313526982 10 5.152240934977426
    endloop
  endfacet
  facet normal 0 1 0
    outer loop
      vertex 33.057206526348004 10 5.23615747130329
      vertex 29.889356902751345 10 5.069393440256882
      vertex 32.8888595339608 10 5.337060775394909
    endloop
  endfacet
  facet normal 0 1 0
    outer loop
      vertex 40 10 0
      vertex 28.638103660470343 10 3.9353236063894665
      vertex 28.93060655974312 10 4.110643097248655
    endloop
  endfacet
  facet normal 0 1 0
    outer loop
      vertex 40 10 0
      vertex 28.93060655974312 10 4.110643097248655
      vertex 29.204516662468667 10 4.313788674564489
    endloop
  endfacet
  facet normal 0 1 0
    outer loop
      vertex 40 10 0
      vertex 29.204516662468667 10 4.313788674564489
      vertex 33.23463313526982 10 5.152240934977426
    endloop
  endfacet
  facet normal 0 1 0
    outer loop
      vertex 29.889356902751345 10 5.069393440256882
      vertex 30.064676393610533 10 5.361896339529658
      vertex 32.73121343167271 10 5.453979093274526
    endloop
  endfacet
  facet normal 0 1 0
    outer loop
      vertex 30.064676393610533 10 5.361896339529658
      vertex 30.21048137547672 10 5.670175072531313
      vertex 32.58578643762691 10 5.585786437626905
    endloop
  endfacet
  facet normal 0 1 0
    outer loop
      vertex 30.21048137547672 10 5.670175072531313
      vertex 30.325367666669425 10 5.9912607465407435
      vertex 32.453979093274526 10 5.731213431672709
    endloop
  endfacet
  facet normal 0 1 0
    outer loop
      vertex 30.325367666669425 10 5.9912607465407435
      vertex 30.408228849401226 10 6.322061130993954
      vertex 32.23615747130329 10 6.057206526348005
    endloop
  endfacet
  facet normal 0 1 0
    outer loop
      vertex 30.408228849401226 10 6.322061130993954
      vertex 30.458266925185885 10 6.6593904373547765
      vertex 32.08611932853558 10 6.419430645491075
    endloop
  endfacet
  facet normal 0 1 0
    outer loop
      vertex 30.458266925185885 10 6.6593904373547765
      vertex 30.475 10 7
      vertex 32.038429439193536 10 6.609819355967743
    endloop
  endfacet
  facet normal 0 1 0
    outer loop
      vertex 30.475 10 7
      vertex 30.458266925185885 10 7.3406095626452235
      vertex 32.038429439193536 10 6.609819355967743
    endloop
  endfacet
  facet normal 0 1 0
    outer loop
      vertex 30.458266925185885 10 7.3406095626452235
      vertex 30.408228849401226 10 7.677938869006046
      vertex 32.038429439193536 10 6.609819355967743
    endloop
  endfacet
  facet normal 0 1 0
    outer loop
      vertex 30.408228849401226 10 7.677938869006046
      vertex 30.325367666669425 10 8.008739253459257
      vertex 32.038429439193536 10 6.609819355967743
    endloop
  endfacet
  facet normal 0 1 0
    outer loop
      vertex 30.21048137547672 10 8.329824927468687
      vertex 30.064676393610533 10 8.638103660470343
      vertex 32.038429439193536 10 6.609819355967743
    endloop
  endfacet
  facet normal 0 1 0
    outer loop
      vertex 30.325367666669425 10 8.008739253459257
      vertex 30.21048137547672 10 8.329824927468687
      vertex 32.038429439193536 10 6.609819355967743
    endloop
  endfacet
  facet normal 0 1 0
    outer loop
      vertex 29.889356902751345 10 5.069393440256882
      vertex 32.73121343167271 10 5.453979093274526
      vertex 32.8888595339608 10 5.337060775394909
    endloop
  endfacet
  facet normal 0 1 0
    outer loop
      vertex 30.064676393610533 10 5.361896339529658
      vertex 32.58578643762691 10 5.585786437626905
      vertex 32.73121343167271 10 5.453979093274526
    endloop
  endfacet
  facet normal 0 1 0
    outer loop
      vertex 32.33706077539491 10 5.888859533960796
      vertex 32.453979093274526 10 5.731213431672709
      vertex 30.325367666669425 10 5.9912607465407435
    endloop
  endfacet
  facet normal 0 1 0
    outer loop
      vertex 30.21048137547672 10 5.670175072531313
      vertex 32.453979093274526 10 5.731213431672709
      vertex 32.58578643762691 10 5.585786437626905
    endloop
  endfacet
  facet normal 0 1 0
    outer loop
      vertex 30.408228849401226 10 6.322061130993954
      vertex 32.08611932853558 10 6.419430645491075
      vertex 32.15224093497743 10 6.234633135269821
    endloop
  endfacet
  facet normal 0 1 0
    outer loop
      vertex 30.325367666669425 10 5.9912607465407435
      vertex 32.23615747130329 10 6.057206526348005
      vertex 32.33706077539491 10 5.888859533960796
    endloop
  endfacet
  facet normal 0 1 0
    outer loop
      vertex 30.408228849401226 10 6.322061130993954
      vertex 32.15224093497743 10 6.234633135269821
      vertex 32.23615747130329 10 6.057206526348005
    endloop
  endfacet
  facet normal 0 1 0
    outer loop
      vertex 30.458266925185885 10 6.6593904373547765
      vertex 32.038429439193536 10 6.609819355967743
      vertex 32.08611932853558 10 6.419430645491075
    endloop
  endfacet
  facet normal 0 1 0
    outer loop
      vertex 29.889356902751345 10 8.930606559743117
      vertex 29.68621132543551 10 9.204516662468668
      vertex 32.038429439193536 10 6.609819355967743
    endloop
  endfacet
  facet normal 0 1 0
    outer loop
      vertex 30.064676393610533 10 8.638103660470343
      vertex 29.889356902751345 10 8.930606559743117
      vertex 32.038429439193536 10 6.609819355967743
    endloop
  endfacet
  facet normal 1 0 0
    outer loop
      vertex 40 10 0
      vertex 40 7 12
      vertex 40 3 12
    endloop
  endfacet
  facet normal 0 1 0
    outer loop
      vertex 40 10 0
      vertex 33.23463313526982 10 5.152240934977426
      vertex 33.419430645491076 10 5.086119328535583
    endloop
  endfacet
  facet normal 0 1 0
    outer loop
      vertex 40 10 0
      vertex 33.419430645491076 10 5.086119328535583
      vertex 33.609819355967744 10 5.038429439193539
    endloop
  endfacet
  facet normal 0 1 0
    outer loop
      vertex 40 10 0
      vertex 33.609819355967744 10 5.038429439193539
      vertex 33.80396571934088 10 5.009630546655606
    endloop
  endfacet
  facet normal 0 1 0
    outer loop
      vertex 40 10 0
      vertex 33.80396571934088 10 5.009630546655606
      vertex 34 10 5
    endloop
  endfacet
  facet normal 0 1 0
    outer loop
      vertex 40 10 0
      vertex 34 10 5
      vertex 34.19603428065912 10 5.009630546655606
    endloop
  endfacet
  facet normal 0 1 0
    outer loop
      vertex 40 10 0
      vertex 34.19603428065912 10 5.009630546655606
      vertex 34.390180644032256 10 5.038429439193539
    endloop
  endfacet
  facet normal 0 1 0
    outer loop
      vertex 40 10 0
      vertex 34.390180644032256 10 5.038429439193539
      vertex 34.580569354508924 10 5.086119328535583
    endloop
  endfacet
  facet normal 0 1 0
    outer loop
      vertex 40 10 0
      vertex 34.580569354508924 10 5.086119328535583
      vertex 34.76536686473018 10 5.152240934977426
    endloop
  endfacet
  facet normal 0 1 0
    outer loop
      vertex 40 10 0
      vertex 34.76536686473018 10 5.152240934977426
      vertex 34.942793473651996 10 5.23615747130329
    endloop
  endfacet
  facet normal 0 1 0
    outer loop
      vertex 40 10 0
      vertex 34.942793473651996 10 5.23615747130329
      vertex 35.1111404660392 10 5.337060775394909
    endloop
  endfacet
  facet normal 0 1 0
    outer loop
      vertex 40 10 0
      vertex 35.1111404660392 10 5.337060775394909
      vertex 35.26878656832729 10 5.453979093274526
    endloop
  endfacet
  facet normal 0 1 0
    outer loop
      vertex 40 10 0
      vertex 35.26878656832729 10 5.453979093274526
      vertex 35.41421356237309 10 5.585786437626905
    endloop
  endfacet
  facet normal 0 1 0
    outer loop
      vertex 40 10 0
      vertex 35.41421356237309 10 5.585786437626905
      vertex 35.546020906725474 10 5.731213431672709
    endloop
  endfacet
  facet normal 0 1 0
    outer loop
      vertex 40 10 0
      vertex 35.546020906725474 10 5.731213431672709
      vertex 35.66293922460509 10 5.888859533960796
    endloop
  endfacet
  facet normal 0 1 0
    outer loop
      vertex 40 10 0
      vertex 35.66293922460509 10 5.888859533960796
      vertex 35.76384252869671 10 6.057206526348005
    endloop
  endfacet
  facet normal 0 1 0
    outer loop
      vertex 40 10 0
      vertex 35.76384252869671 10 6.057206526348005
      vertex 35.84775906502257 10 6.234633135269821
    endloop
  endfacet
  facet normal 0 1 0
    outer loop
      vertex 40 10 0
      vertex 35.84775906502257 10 6.234633135269821
      vertex 35.91388067146442 10 6.419430645491075
    endloop
  endfacet
  facet normal 0 1 0
    outer loop
      vertex 40 10 0
      vertex 35.91388067146442 10 6.419430645491075
      vertex 35.961570560806464 10 6.609819355967743
    endloop
  endfacet
  facet normal 0 1 0
    outer loop
      vertex 40 10 0
      vertex 35.961570560806464 10 6.609819355967743
      vertex 35.99036945334439 10 6.803965719340879
    endloop
  endfacet
  facet normal 0 1 0
    outer loop
      vertex 40 10 42
      vertex 32.8888595339608 10 8.66293922460509
      vertex 32.73121343167271 10 8.546020906725474
    endloop
  endfacet
  facet normal 0 1 0
    outer loop
      vertex 40 10 42
      vertex 33.057206526348004 10 8.76384252869671
      vertex 32.8888595339608 10 8.66293922460509
    endloop
  endfacet
  facet normal 0 1 0
    outer loop
      vertex 40 10 42
      vertex 33.23463313526982 10 8.847759065022574
      vertex 33.057206526348004 10 8.76384252869671
    endloop
  endfacet
  facet normal 0 1 0
    outer loop
      vertex 40 10 42
      vertex 33.419430645491076 10 8.913880671464417
      vertex 33.23463313526982 10 8.847759065022574
    endloop
  endfacet
  facet normal 0 1 0
    outer loop
      vertex 40 10 42
      vertex 33.609819355967744 10 8.96157056080646
      vertex 33.419430645491076 10 8.913880671464417
    endloop
  endfacet
  facet normal 0 1 0
    outer loop
      vertex 40 10 42
      vertex 33.80396571934088 10 8.990369453344394
      vertex 33.609819355967744 10 8.96157056080646
    endloop
  endfacet
  facet normal 0 1 0
    outer loop
      vertex 40 10 42
      vertex 34 10 9
      vertex 33.80396571934088 10 8.990369453344394
    endloop
  endfacet
  facet normal 0 1 0
    outer loop
      vertex 40 10 42
      vertex 34.19603428065912 10 8.990369453344394
      vertex 34 10 9
    endloop
  endfacet
  facet normal 0 1 0
    outer loop
      vertex 40 10 42
      vertex 34.390180644032256 10 8.96157056080646
      vertex 34.19603428065912 10 8.990369453344394
    endloop
  endfacet
  facet normal 0 1 0
    outer loop
      vertex 40 10 42
      vertex 35.99036945334439 10 6.803965719340879
      vertex 36 10 7
    endloop
  endfacet
  facet normal 0 1 0
    outer loop
      vertex 40 10 42
      vertex 36 10 7
      vertex 35.99036945334439 10 7.196034280659121
    endloop
  endfacet
  facet normal 0 1 0
    outer loop
      vertex 40 10 42
      vertex 35.99036945334439 10 7.196034280659121
      vertex 35.961570560806464 10 7.390180644032257
    endloop
  endfacet
  facet normal 0 1 0
    outer loop
      vertex 40 10 42
      vertex 35.961570560806464 10 7.390180644032257
      vertex 35.91388067146442 10 7.580569354508925
    endloop
  endfacet
  facet normal 0 1 0
    outer loop
      vertex 40 10 42
      vertex 35.76384252869671 10 7.942793473651995
      vertex 35.66293922460509 10 8.111140466039204
    endloop
  endfacet
  facet normal 0 1 0
    outer loop
      vertex 40 10 42
      vertex 35.41421356237309 10 8.414213562373096
      vertex 35.26878656832729 10 8.546020906725474
    endloop
  endfacet
  facet normal 0 1 0
    outer loop
      vertex 40 10 42
      vertex 35.546020906725474 10 8.268786568327291
      vertex 35.41421356237309 10 8.414213562373096
    endloop
  endfacet
  facet normal 0 1 0
    outer loop
      vertex 40 10 42
      vertex 35.66293922460509 10 8.111140466039204
      vertex 35.546020906725474 10 8.268786568327291
    endloop
  endfacet
  facet normal 0 1 0
    outer loop
      vertex 40 10 42
      vertex 35.91388067146442 10 7.580569354508925
      vertex 35.84775906502257 10 7.765366864730179
    endloop
  endfacet
  facet normal 0 1 0
    outer loop
      vertex 40 10 42
      vertex 35.84775906502257 10 7.765366864730179
      vertex 35.76384252869671 10 7.942793473651995
    endloop
  endfacet
  facet normal 0 1 0
    outer loop
      vertex 40 10 42
      vertex 34.580569354508924 10 8.913880671464417
      vertex 34.390180644032256 10 8.96157056080646
    endloop
  endfacet
  facet normal 0 1 0
    outer loop
      vertex 40 10 42
      vertex 34.76536686473018 10 8.847759065022574
      vertex 34.580569354508924 10 8.913880671464417
    endloop
  endfacet
  facet normal 0 1 0
    outer loop
      vertex 40 10 42
      vertex 35.1111404660392 10 8.66293922460509
      vertex 34.942793473651996 10 8.76384252869671
    endloop
  endfacet
  facet normal 0 1 0
    outer loop
      vertex 40 10 42
      vertex 34.942793473651996 10 8.76384252869671
      vertex 34.76536686473018 10 8.847759065022574
    endloop
  endfacet
  facet normal 0 1 0
    outer loop
      vertex 40 10 42
      vertex 35.26878656832729 10 8.546020906725474
      vertex 35.1111404660392 10 8.66293922460509
    endloop
  endfacet
  facet normal 0 1 0
    outer loop
      vertex 40 10 0
      vertex 35.99036945334439 10 6.803965719340879
      vertex 40 10 42
    endloop
  endfacet
  facet normal 1 0 0
    outer loop
      vertex 40 10 0
      vertex 40 10 42
      vertex 40 7 12
    endloop
  endfacet
  facet normal 0 -1 0
    outer loop
      vertex 0 0 42
      vertex 40 0 14
      vertex 40 0 42
    endloop
  endfacet
  facet normal 0 0 1
    outer loop
      vertex 40 0 42
      vertex 40 3 42
      vertex 0 3 42
    endloop
  endfacet
  facet normal 0 1 0
    outer loop
      vertex 0 10 42
      vertex 40 10 42
      vertex 32.73121343167271 10 8.546020906725474
    endloop
  endfacet
  facet normal 0 0 1
    outer loop
      vertex 0 10 42
      vertex 40 7 42
      vertex 40 10 42
    endloop
  endfacet
  facet normal 1 0 0
    outer loop
      vertex 40 0 14
      vertex 40 3 12
      vertex 40 3 42
    endloop
  endfacet
  facet normal 1 0 0
    outer loop
      vertex 40 0 14
      vertex 40 3 42
      vertex 40 0 42
    endloop
  endfacet
  facet normal 1 0 0
    outer loop
      vertex 40 10 42
      vertex 40 7 42
      vertex 40 7 12
    endloop
  endfacet
  facet normal 0 -1 0
    outer loop
      vertex 0 -10 0
      vertex 3.789518624523279 -10 5.670175072531313
      vertex 3.6746323333305746 -10 5.9912607465407435
    endloop
  endfacet
  facet normal 0 -1 0
    outer loop
      vertex 0 -10 0
      vertex 5.670175072531313 -10 3.789518624523279
      vertex 5.361896339529658 -10 3.9353236063894665
    endloop
  endfacet
  facet normal 0 -1 0
    outer loop
      vertex 0 -10 0
      vertex 5.9912607465407435 -10 3.6746323333305746
      vertex 5.670175072531313 -10 3.789518624523279
    endloop
  endfacet
  facet normal 0 -1 0
    outer loop
      vertex 0 -10 0
      vertex 6.322061130993954 -10 3.5917711505987744
      vertex 5.9912607465407435 -10 3.6746323333305746
    endloop
  endfacet
  facet normal 0 -1 0
    outer loop
      vertex 0 -10 0
      vertex 6.6593904373547765 -10 3.541733074814116
      vertex 6.322061130993954 -10 3.5917711505987744
    endloop
  endfacet
  facet normal 0 -1 0
    outer loop
      vertex 0 -10 0
      vertex 7 -10 3.5250000000000004
      vertex 6.6593904373547765 -10 3.541733074814116
    endloop
  endfacet
  facet normal 0 -1 0
    outer loop
      vertex 0 -10 0
      vertex 7.3406095626452235 -10 3.541733074814116
      vertex 7 -10 3.5250000000000004
    endloop
  endfacet
  facet normal 0 -1 0
    outer loop
      vertex 0 -10 0
      vertex 4.795483337531332 -10 4.313788674564489
      vertex 4.542803935376748 -10 4.542803935376748
    endloop
  endfacet
  facet normal 0 -1 0
    outer loop
      vertex 0 -10 0
      vertex 4.542803935376748 -10 4.542803935376748
      vertex 4.313788674564489 -10 4.795483337531332
    endloop
  endfacet
  facet normal 0 -1 0
    outer loop
      vertex 0 -10 0
      vertex 4.313788674564489 -10 4.795483337531332
      vertex 4.110643097248655 -10 5.069393440256882
    endloop
  endfacet
  facet normal 0 -1 0
    outer loop
      vertex 0 -10 0
      vertex 4.110643097248655 -10 5.069393440256882
      vertex 3.9353236063894665 -10 5.361896339529658
    endloop
  endfacet
  facet normal 0 -1 0
    outer loop
      vertex 0 -10 0
      vertex 3.9353236063894665 -10 5.361896339529658
      vertex 3.789518624523279 -10 5.670175072531313
    endloop
  endfacet
  facet normal 0 -1 0
    outer loop
      vertex 0 -10 0
      vertex 5.069393440256882 -10 4.110643097248655
      vertex 4.795483337531332 -10 4.313788674564489
    endloop
  endfacet
  facet normal 0 -1 0
    outer loop
      vertex 0 -10 0
      vertex 5.361896339529658 -10 3.9353236063894665
      vertex 5.069393440256882 -10 4.110643097248655
    endloop
  endfacet
  facet normal 0 -1 0
    outer loop
      vertex 0 -10 0
      vertex 3.6746323333305746 -10 5.9912607465407435
      vertex 0 -10 14
    endloop
  endfacet
  facet normal 0 -1 0
    outer loop
      vertex 0 -10 14
      vertex 3.6746323333305746 -10 5.9912607465407435
      vertex 3.5917711505987744 -10 6.322061130993954
    endloop
  endfacet
  facet normal 0 -1 0
    outer loop
      vertex 0 -10 14
      vertex 3.5917711505987744 -10 6.322061130993954
      vertex 3.541733074814116 -10 6.6593904373547765
    endloop
  endfacet
  facet normal 0 -1 0
    outer loop
      vertex 0 -10 14
      vertex 3.541733074814116 -10 6.6593904373547765
      vertex 3.5250000000000004 -10 7
    endloop
  endfacet
  facet normal 0 -1 0
    outer loop
      vertex 0 -10 14
      vertex 3.5250000000000004 -10 7
      vertex 3.541733074814116 -10 7.3406095626452235
    endloop
  endfacet
  facet normal 0 -1 0
    outer loop
      vertex 0 -10 14
      vertex 3.541733074814116 -10 7.3406095626452235
      vertex 3.5917711505987744 -10 7.677938869006046
    endloop
  endfacet
  facet normal 0 -1 0
    outer loop
      vertex 0 -10 14
      vertex 3.5917711505987744 -10 7.677938869006046
      vertex 3.6746323333305746 -10 8.008739253459257
    endloop
  endfacet
  facet normal 0 -1 0
    outer loop
      vertex 0 -10 14
      vertex 3.6746323333305746 -10 8.008739253459257
      vertex 3.789518624523279 -10 8.329824927468687
    endloop
  endfacet
  facet normal 0 -1 0
    outer loop
      vertex 0 -10 14
      vertex 3.789518624523279 -10 8.329824927468687
      vertex 3.9353236063894665 -10 8.638103660470343
    endloop
  endfacet
  facet normal -1 0 0
    outer loop
      vertex 0 -10 0
      vertex 0 -10 14
      vertex 0 0 14
    endloop
  endfacet
  facet normal 0 -1 0
    outer loop
      vertex 0 -10 0
      vertex 7.677938869006046 -10 3.5917711505987744
      vertex 7.3406095626452235 -10 3.541733074814116
    endloop
  endfacet
  facet normal 0 -1 0
    outer loop
      vertex 0 -10 0
      vertex 14.110643097248655 -10 5.069393440256882
      vertex 7.677938869006046 -10 3.5917711505987744
    endloop
  endfacet
  facet normal 0 -1 0
    outer loop
      vertex 0 -10 0
      vertex 14.542803935376748 -10 4.542803935376748
      vertex 14.313788674564488 -10 4.795483337531332
    endloop
  endfacet
  facet normal 0 -1 0
    outer loop
      vertex 0 -10 0
      vertex 14.795483337531332 -10 4.313788674564489
      vertex 14.542803935376748 -10 4.542803935376748
    endloop
  endfacet
  facet normal 0 -1 0
    outer loop
      vertex 0 -10 0
      vertex 15.069393440256883 -10 4.110643097248655
      vertex 14.795483337531332 -10 4.313788674564489
    endloop
  endfacet
  facet normal 0 -1 0
    outer loop
      vertex 0 -10 0
      vertex 14.313788674564488 -10 4.795483337531332
      vertex 14.110643097248655 -10 5.069393440256882
    endloop
  endfacet
  facet normal 0 -1 0
    outer loop
      vertex 14.110643097248655 -10 5.069393440256882
      vertex 8.008739253459257 -10 3.6746323333305746
      vertex 7.677938869006046 -10 3.5917711505987744
    endloop
  endfacet
  facet normal 0 -1 0
    outer loop
      vertex 0 -10 14
      vertex 3.9353236063894665 -10 8.638103660470343
      vertex 4.110643097248655 -10 8.930606559743117
    endloop
  endfacet
  facet normal 0 -1 0
    outer loop
      vertex 0 -10 14
      vertex 4.110643097248655 -10 8.930606559743117
      vertex 4.313788674564489 -10 9.204516662468668
    endloop
  endfacet
  facet normal 0 -1 0
    outer loop
      vertex 0 -10 14
      vertex 4.313788674564489 -10 9.204516662468668
      vertex 4.542803935376748 -10 9.457196064623252
    endloop
  endfacet
  facet normal 0 -1 0
    outer loop
      vertex 0 -10 14
      vertex 4.542803935376748 -10 9.457196064623252
      vertex 4.795483337531332 -10 9.686211325435512
    endloop
  endfacet
  facet normal 0 -1 0
    outer loop
      vertex 0 -10 14
      vertex 4.795483337531332 -10 9.686211325435512
      vertex 5.069393440256882 -10 9.889356902751345
    endloop
  endfacet
  facet normal 0 -1 0
    outer loop
      vertex 0 -10 14
      vertex 5.069393440256882 -10 9.889356902751345
      vertex 5.361896339529658 -10 10.064676393610533
    endloop
  endfacet
  facet normal 0 -1 0
    outer loop
      vertex 0 -10 14
      vertex 5.361896339529658 -10 10.064676393610533
      vertex 5.670175072531313 -10 10.210481375476721
    endloop
  endfacet
  facet normal 0 -1 0
    outer loop
      vertex 0 -10 14
      vertex 5.670175072531313 -10 10.210481375476721
      vertex 5.9912607465407435 -10 10.325367666669425
    endloop
  endfacet
  facet normal 0 -1 0
    outer loop
      vertex 0 -10 14
      vertex 5.9912607465407435 -10 10.325367666669425
      vertex 6.322061130993954 -10 10.408228849401226
    endloop
  endfacet
  facet normal 0 -1 0
    outer loop
      vertex 0 -10 14
      vertex 6.322061130993954 -10 10.408228849401226
      vertex 6.6593904373547765 -10 10.458266925185884
    endloop
  endfacet
  facet normal 0 -1 0
    outer loop
      vertex 0 -10 14
      vertex 6.6593904373547765 -10 10.458266925185884
      vertex 7 -10 10.475
    endloop
  endfacet
  facet normal 0 -1 0
    outer loop
      vertex 0 -10 14
      vertex 7 -10 10.475
      vertex 7.3406095626452235 -10 10.458266925185884
    endloop
  endfacet
  facet normal 0 -1 0
    outer loop
      vertex 0 -10 14
      vertex 7.3406095626452235 -10 10.458266925185884
      vertex 7.677938869006046 -10 10.408228849401226
    endloop
  endfacet
  facet normal 0 -1 0
    outer loop
      vertex 0 -10 14
      vertex 7.677938869006046 -10 10.408228849401226
      vertex 16.322061130993955 -10 10.408228849401226
    endloop
  endfacet
  facet normal -1 0 0
    outer loop
      vertex 0 -10 0
      vertex 0 0 14
      vertex 0 0 0
    endloop
  endfacet
  facet normal 0 -1 0
    outer loop
      vertex 0 -10 0
      vertex 15.670175072531313 -10 3.789518624523279
      vertex 15.361896339529657 -10 3.9353236063894665
    endloop
  endfacet
  facet normal 0 -1 0
    outer loop
      vertex 0 -10 0
      vertex 15.991260746540743 -10 3.6746323333305746
      vertex 15.670175072531313 -10 3.789518624523279
    endloop
  endfacet
  facet normal 0 -1 0
    outer loop
      vertex 0 -10 0
      vertex 16.322061130993955 -10 3.5917711505987744
      vertex 15.991260746540743 -10 3.6746323333305746
    endloop
  endfacet
  facet normal 0 -1 0
    outer loop
      vertex 0 -10 0
      vertex 16.659390437354777 -10 3.541733074814116
      vertex 16.322061130993955 -10 3.5917711505987744
    endloop
  endfacet
  facet normal 0 -1 0
    outer loop
      vertex 0 -10 0
      vertex 17 -10 3.5250000000000004
      vertex 16.659390437354777 -10 3.541733074814116
    endloop
  endfacet
  facet normal 0 -1 0
    outer loop
      vertex 0 -10 0
      vertex 15.361896339529657 -10 3.9353236063894665
      vertex 15.069393440256883 -10 4.110643097248655
    endloop
  endfacet
  facet normal 0 -1 0
    outer loop
      vertex 14.110643097248655 -10 5.069393440256882
      vertex 8.329824927468687 -10 3.789518624523279
      vertex 8.008739253459257 -10 3.6746323333305746
    endloop
  endfacet
  facet normal 0 -1 0
    outer loop
      vertex 14.110643097248655 -10 5.069393440256882
      vertex 8.638103660470343 -10 3.9353236063894665
      vertex 8.329824927468687 -10 3.789518624523279
    endloop
  endfacet
  facet normal 0 -1 0
    outer loop
      vertex 14.110643097248655 -10 5.069393440256882
      vertex 8.930606559743117 -10 4.110643097248655
      vertex 8.638103660470343 -10 3.9353236063894665
    endloop
  endfacet
  facet normal 0 -1 0
    outer loop
      vertex 14.110643097248655 -10 5.069393440256882
      vertex 9.204516662468668 -10 4.313788674564489
      vertex 8.930606559743117 -10 4.110643097248655
    endloop
  endfacet
  facet normal 0 -1 0
    outer loop
      vertex 14.110643097248655 -10 5.069393440256882
      vertex 9.457196064623252 -10 4.542803935376748
      vertex 9.204516662468668 -10 4.313788674564489
    endloop
  endfacet
  facet normal 0 -1 0
    outer loop
      vertex 14.110643097248655 -10 5.069393440256882
      vertex 9.686211325435512 -10 4.795483337531332
      vertex 9.457196064623252 -10 4.542803935376748
    endloop
  endfacet
  facet normal 0 -1 0
    outer loop
      vertex 9.889356902751345 -10 5.069393440256882
      vertex 9.686211325435512 -10 4.795483337531332
      vertex 14.110643097248655 -10 5.069393440256882
    endloop
  endfacet
  facet normal 0 -1 0
    outer loop
      vertex 0 -10 0
      vertex 25.991260746540743 -10 3.6746323333305746
      vertex 17 -10 3.5250000000000004
    endloop
  endfacet
  facet normal 0 -1 0
    outer loop
      vertex 9.889356902751345 -10 5.069393440256882
      vertex 14.110643097248655 -10 5.069393440256882
      vertex 13.935323606389467 -10 5.361896339529658
    endloop
  endfacet
  facet normal 0 -1 0
    outer loop
      vertex 10.064676393610533 -10 5.361896339529658
      vertex 9.889356902751345 -10 5.069393440256882
      vertex 13.935323606389467 -10 5.361896339529658
    endloop
  endfacet
  facet normal 0 -1 0
    outer loop
      vertex 10.210481375476721 -10 5.670175072531313
      vertex 10.064676393610533 -10 5.361896339529658
      vertex 13.789518624523279 -10 5.670175072531313
    endloop
  endfacet
  facet normal 0 -1 0
    outer loop
      vertex 10.325367666669425 -10 5.9912607465407435
      vertex 10.210481375476721 -10 5.670175072531313
      vertex 13.674632333330575 -10 5.9912607465407435
    endloop
  endfacet
  facet normal 0 -1 0
    outer loop
      vertex 10.408228849401226 -10 6.322061130993954
      vertex 10.325367666669425 -10 5.9912607465407435
      vertex 13.591771150598774 -10 6.322061130993954
    endloop
  endfacet
  facet normal 0 -1 0
    outer loop
      vertex 10.458266925185884 -10 6.6593904373547765
      vertex 10.408228849401226 -10 6.322061130993954
      vertex 13.541733074814116 -10 6.6593904373547765
    endloop
  endfacet
  facet normal 0 -1 0
    outer loop
      vertex 10.475 -10 7
      vertex 10.458266925185884 -10 6.6593904373547765
      vertex 13.525 -10 7
    endloop
  endfacet
  facet normal 0 -1 0
    outer loop
      vertex 10.458266925185884 -10 7.3406095626452235
      vertex 10.475 -10 7
      vertex 13.541733074814116 -10 7.3406095626452235
    endloop
  endfacet
  facet normal 0 -1 0
    outer loop
      vertex 10.408228849401226 -10 7.677938869006046
      vertex 10.458266925185884 -10 7.3406095626452235
      vertex 13.591771150598774 -10 7.677938869006046
    endloop
  endfacet
  facet normal 0 -1 0
    outer loop
      vertex 14.542803935376748 -10 9.457196064623252
      vertex 9.457196064623252 -10 9.457196064623252
      vertex 9.686211325435512 -10 9.204516662468668
    endloop
  endfacet
  facet normal 0 -1 0
    outer loop
      vertex 9.204516662468668 -10 9.686211325435512
      vertex 15.069393440256883 -10 9.889356902751345
      vertex 8.930606559743117 -10 9.889356902751345
    endloop
  endfacet
  facet normal 0 -1 0
    outer loop
      vertex 9.457196064623252 -10 9.457196064623252
      vertex 14.795483337531332 -10 9.686211325435512
      vertex 9.204516662468668 -10 9.686211325435512
    endloop
  endfacet
  facet normal 0 -1 0
    outer loop
      vertex 8.638103660470343 -10 10.064676393610533
      vertex 15.670175072531313 -10 10.210481375476721
      vertex 8.329824927468687 -10 10.210481375476721
    endloop
  endfacet
  facet normal 0 -1 0
    outer loop
      vertex 8.329824927468687 -10 10.210481375476721
      vertex 15.991260746540743 -10 10.325367666669425
      vertex 8.008739253459257 -10 10.325367666669425
    endloop
  endfacet
  facet normal 0 -1 0
    outer loop
      vertex 8.008739253459257 -10 10.325367666669425
      vertex 16.322061130993955 -10 10.408228849401226
      vertex 7.677938869006046 -10 10.408228849401226
    endloop
  endfacet
  facet normal 0 -1 0
    outer loop
      vertex 8.930606559743117 -10 9.889356902751345
      vertex 15.361896339529657 -10 10.064676393610533
      vertex 8.638103660470343 -10 10.064676393610533
    endloop
  endfacet
  facet normal 0 -1 0
    outer loop
      vertex 10.325367666669425 -10 8.008739253459257
      vertex 10.408228849401226 -10 7.677938869006046
      vertex 13.674632333330575 -10 8.008739253459257
    endloop
  endfacet
  facet normal 0 -1 0
    outer loop
      vertex 10.210481375476721 -10 8.329824927468687
      vertex 10.325367666669425 -10 8.008739253459257
      vertex 13.789518624523279 -10 8.329824927468687
    endloop
  endfacet
  facet normal 0 -1 0
    outer loop
      vertex 10.064676393610533 -10 8.638103660470343
      vertex 10.210481375476721 -10 8.329824927468687
      vertex 13.935323606389467 -10 8.638103660470343
    endloop
  endfacet
  facet normal 0 -1 0
    outer loop
      vertex 9.889356902751345 -10 8.930606559743117
      vertex 10.064676393610533 -10 8.638103660470343
      vertex 14.110643097248655 -10 8.930606559743117
    endloop
  endfacet
  facet normal 0 -1 0
    outer loop
      vertex 9.686211325435512 -10 9.204516662468668
      vertex 9.889356902751345 -10 8.930606559743117
      vertex 14.313788674564488 -10 9.204516662468668
    endloop
  endfacet
  facet normal 0 -1 0
    outer loop
      vertex 10.064676393610533 -10 5.361896339529658
      vertex 13.935323606389467 -10 5.361896339529658
      vertex 13.789518624523279 -10 5.670175072531313
    endloop
  endfacet
  facet normal 0 -1 0
    outer loop
      vertex 10.210481375476721 -10 5.670175072531313
      vertex 13.789518624523279 -10 5.670175072531313
      vertex 13.674632333330575 -10 5.9912607465407435
    endloop
  endfacet
  facet normal 0 -1 0
    outer loop
      vertex 10.325367666669425 -10 5.9912607465407435
      vertex 13.674632333330575 -10 5.9912607465407435
      vertex 13.591771150598774 -10 6.322061130993954
    endloop
  endfacet
  facet normal 0 -1 0
    outer loop
      vertex 10.408228849401226 -10 6.322061130993954
      vertex 13.591771150598774 -10 6.322061130993954
      vertex 13.541733074814116 -10 6.6593904373547765
    endloop
  endfacet
  facet normal 0 -1 0
    outer loop
      vertex 10.458266925185884 -10 6.6593904373547765
      vertex 13.541733074814116 -10 6.6593904373547765
      vertex 13.525 -10 7
    endloop
  endfacet
  facet normal 0 -1 0
    outer loop
      vertex 10.475 -10 7
      vertex 13.525 -10 7
      vertex 13.541733074814116 -10 7.3406095626452235
    endloop
  endfacet
  facet normal 0 -1 0
    outer loop
      vertex 10.458266925185884 -10 7.3406095626452235
      vertex 13.541733074814116 -10 7.3406095626452235
      vertex 13.591771150598774 -10 7.677938869006046
    endloop
  endfacet
  facet normal 0 -1 0
    outer loop
      vertex 10.408228849401226 -10 7.677938869006046
      vertex 13.591771150598774 -10 7.677938869006046
      vertex 13.674632333330575 -10 8.008739253459257
    endloop
  endfacet
  facet normal 0 -1 0
    outer loop
      vertex 10.325367666669425 -10 8.008739253459257
      vertex 13.674632333330575 -10 8.008739253459257
      vertex 13.789518624523279 -10 8.329824927468687
    endloop
  endfacet
  facet normal 0 -1 0
    outer loop
      vertex 10.210481375476721 -10 8.329824927468687
      vertex 13.789518624523279 -10 8.329824927468687
      vertex 13.935323606389467 -10 8.638103660470343
    endloop
  endfacet
  facet normal 0 -1 0
    outer loop
      vertex 13.935323606389467 -10 8.638103660470343
      vertex 14.110643097248655 -10 8.930606559743117
      vertex 10.064676393610533 -10 8.638103660470343
    endloop
  endfacet
  facet normal 0 -1 0
    outer loop
      vertex 9.889356902751345 -10 8.930606559743117
      vertex 14.110643097248655 -10 8.930606559743117
      vertex 14.313788674564488 -10 9.204516662468668
    endloop
  endfacet
  facet normal 0 -1 0
    outer loop
      vertex 9.686211325435512 -10 9.204516662468668
      vertex 14.313788674564488 -10 9.204516662468668
      vertex 14.542803935376748 -10 9.457196064623252
    endloop
  endfacet
  facet normal 0 -1 0
    outer loop
      vertex 14.542803935376748 -10 9.457196064623252
      vertex 14.795483337531332 -10 9.686211325435512
      vertex 9.457196064623252 -10 9.457196064623252
    endloop
  endfacet
  facet normal 0 -1 0
    outer loop
      vertex 15.069393440256883 -10 9.889356902751345
      vertex 9.204516662468668 -10 9.686211325435512
      vertex 14.795483337531332 -10 9.686211325435512
    endloop
  endfacet
  facet normal 0 -1 0
    outer loop
      vertex 8.930606559743117 -10 9.889356902751345
      vertex 15.069393440256883 -10 9.889356902751345
      vertex 15.361896339529657 -10 10.064676393610533
    endloop
  endfacet
  facet normal 0 -1 0
    outer loop
      vertex 15.670175072531313 -10 10.210481375476721
      vertex 8.638103660470343 -10 10.064676393610533
      vertex 15.361896339529657 -10 10.064676393610533
    endloop
  endfacet
  facet normal 0 -1 0
    outer loop
      vertex 15.991260746540743 -10 10.325367666669425
      vertex 8.329824927468687 -10 10.210481375476721
      vertex 15.670175072531313 -10 10.210481375476721
    endloop
  endfacet
  facet normal 0 -1 0
    outer loop
      vertex 16.322061130993955 -10 10.408228849401226
      vertex 8.008739253459257 -10 10.325367666669425
      vertex 15.991260746540743 -10 10.325367666669425
    endloop
  endfacet
  facet normal 0 -1 0
    outer loop
      vertex 0 -10 0
      vertex 26.322061130993955 -10 3.5917711505987744
      vertex 25.991260746540743 -10 3.6746323333305746
    endloop
  endfacet
  facet normal 0 -1 0
    outer loop
      vertex 0 -10 0
      vertex 26.659390437354777 -10 3.541733074814116
      vertex 26.322061130993955 -10 3.5917711505987744
    endloop
  endfacet
  facet normal 0 -1 0
    outer loop
      vertex 0 -10 0
      vertex 27 -10 3.5250000000000004
      vertex 26.659390437354777 -10 3.541733074814116
    endloop
  endfacet
  facet normal 0 -1 0
    outer loop
      vertex 0 -10 0
      vertex 27.340609562645223 -10 3.541733074814116
      vertex 27 -10 3.5250000000000004
    endloop
  endfacet
  facet normal 0 -1 0
    outer loop
      vertex 0 -10 14
      vertex 16.322061130993955 -10 10.408228849401226
      vertex 16.659390437354777 -10 10.458266925185884
    endloop
  endfacet
  facet normal 0 -1 0
    outer loop
      vertex 0 -10 14
      vertex 16.659390437354777 -10 10.458266925185884
      vertex 17 -10 10.475
    endloop
  endfacet
  facet normal 0 -1 0
    outer loop
      vertex 0 -10 14
      vertex 17 -10 10.475
      vertex 25.991260746540743 -10 10.325367666669425
    endloop
  endfacet
  facet normal 0 0 1
    outer loop
      vertex 0 -10 14
      vertex 40 -10 14
      vertex 0 0 14
    endloop
  endfacet
  facet normal 0 -1 0
    outer loop
      vertex 0 -10 14
      vertex 25.991260746540743 -10 10.325367666669425
      vertex 26.322061130993955 -10 10.408228849401226
    endloop
  endfacet
  facet normal 0 -1 0
    outer loop
      vertex 0 -10 14
      vertex 26.322061130993955 -10 10.408228849401226
      vertex 26.659390437354777 -10 10.458266925185884
    endloop
  endfacet
  facet normal 0 -1 0
    outer loop
      vertex 0 -10 14
      vertex 26.659390437354777 -10 10.458266925185884
      vertex 27 -10 10.475
    endloop
  endfacet
  facet normal 0 0 -1
    outer loop
      vertex 0 -10 0
      vertex 0 0 0
      vertex 40 0 0
    endloop
  endfacet
  facet normal 0 -1 0
    outer loop
      vertex 0 -10 0
      vertex 40 -10 0
      vertex 27.340609562645223 -10 3.541733074814116
    endloop
  endfacet
  facet normal 0 -1 0
    outer loop
      vertex 17 -10 3.5250000000000004
      vertex 25.991260746540743 -10 3.6746323333305746
      vertex 17.340609562645223 -10 3.541733074814116
    endloop
  endfacet
  facet normal 0 -1 0
    outer loop
      vertex 17.340609562645223 -10 3.541733074814116
      vertex 25.991260746540743 -10 3.6746323333305746
      vertex 17.677938869006045 -10 3.5917711505987744
    endloop
  endfacet
  facet normal 0 -1 0
    outer loop
      vertex 17.677938869006045 -10 3.5917711505987744
      vertex 25.991260746540743 -10 3.6746323333305746
      vertex 18.008739253459257 -10 3.6746323333305746
    endloop
  endfacet
  facet normal 0 -1 0
    outer loop
      vertex 18.008739253459257 -10 3.6746323333305746
      vertex 25.670175072531315 -10 3.789518624523279
      vertex 18.329824927468685 -10 3.789518624523279
    endloop
  endfacet
  facet normal 0 -1 0
    outer loop
      vertex 18.329824927468685 -10 3.789518624523279
      vertex 25.361896339529657 -10 3.9353236063894665
      vertex 18.638103660470343 -10 3.9353236063894665
    endloop
  endfacet
  facet normal 0 -1 0
    outer loop
      vertex 18.638103660470343 -10 3.9353236063894665
      vertex 25.06939344025688 -10 4.110643097248655
      vertex 18.93060655974312 -10 4.110643097248655
    endloop
  endfacet
  facet normal 0 -1 0
    outer loop
      vertex 18.93060655974312 -10 4.110643097248655
      vertex 24.795483337531333 -10 4.313788674564489
      vertex 19.204516662468667 -10 4.313788674564489
    endloop
  endfacet
  facet normal 0 -1 0
    outer loop
      vertex 19.204516662468667 -10 4.313788674564489
      vertex 24.542803935376746 -10 4.542803935376748
      vertex 19.457196064623254 -10 4.542803935376748
    endloop
  endfacet
  facet normal 0 -1 0
    outer loop
      vertex 19.68621132543551 -10 4.795483337531332
      vertex 19.457196064623254 -10 4.542803935376748
      vertex 24.31378867456449 -10 4.795483337531332
    endloop
  endfacet
  facet normal 0 -1 0
    outer loop
      vertex 19.889356902751345 -10 5.069393440256882
      vertex 19.68621132543551 -10 4.795483337531332
      vertex 24.110643097248655 -10 5.069393440256882
    endloop
  endfacet
  facet normal 0 -1 0
    outer loop
      vertex 18.329824927468685 -10 3.789518624523279
      vertex 25.670175072531315 -10 3.789518624523279
      vertex 25.361896339529657 -10 3.9353236063894665
    endloop
  endfacet
  facet normal 0 -1 0
    outer loop
      vertex 18.008739253459257 -10 3.6746323333305746
      vertex 25.991260746540743 -10 3.6746323333305746
      vertex 25.670175072531315 -10 3.789518624523279
    endloop
  endfacet
  facet normal 0 -1 0
    outer loop
      vertex 18.93060655974312 -10 4.110643097248655
      vertex 25.06939344025688 -10 4.110643097248655
      vertex 24.795483337531333 -10 4.313788674564489
    endloop
  endfacet
  facet normal 0 -1 0
    outer loop
      vertex 18.638103660470343 -10 3.9353236063894665
      vertex 25.361896339529657 -10 3.9353236063894665
      vertex 25.06939344025688 -10 4.110643097248655
    endloop
  endfacet
  facet normal 0 -1 0
    outer loop
      vertex 19.204516662468667 -10 4.313788674564489
      vertex 24.795483337531333 -10 4.313788674564489
      vertex 24.542803935376746 -10 4.542803935376748
    endloop
  endfacet
  facet normal 0 -1 0
    outer loop
      vertex 19.457196064623254 -10 4.542803935376748
      vertex 24.542803935376746 -10 4.542803935376748
      vertex 24.31378867456449 -10 4.795483337531332
    endloop
  endfacet
  facet normal 0 -1 0
    outer loop
      vertex 19.68621132543551 -10 4.795483337531332
      vertex 24.31378867456449 -10 4.795483337531332
      vertex 24.110643097248655 -10 5.069393440256882
    endloop
  endfacet
  facet normal 0 -1 0
    outer loop
      vertex 19.889356902751345 -10 5.069393440256882
      vertex 24.110643097248655 -10 5.069393440256882
      vertex 23.935323606389467 -10 5.361896339529658
    endloop
  endfacet
  facet normal 0 -1 0
    outer loop
      vertex 19.889356902751345 -10 5.069393440256882
      vertex 23.935323606389467 -10 5.361896339529658
      vertex 20.064676393610533 -10 5.361896339529658
    endloop
  endfacet
  facet normal 0 -1 0
    outer loop
      vertex 20.21048137547672 -10 5.670175072531313
      vertex 20.064676393610533 -10 5.361896339529658
      vertex 23.78951862452328 -10 5.670175072531313
    endloop
  endfacet
  facet normal 0 -1 0
    outer loop
      vertex 20.325367666669425 -10 5.9912607465407435
      vertex 20.21048137547672 -10 5.670175072531313
      vertex 23.674632333330575 -10 5.9912607465407435
    endloop
  endfacet
  facet normal 0 -1 0
    outer loop
      vertex 20.408228849401226 -10 6.322061130993954
      vertex 20.325367666669425 -10 5.9912607465407435
      vertex 23.591771150598774 -10 6.322061130993954
    endloop
  endfacet
  facet normal 0 -1 0
    outer loop
      vertex 20.458266925185885 -10 6.6593904373547765
      vertex 20.408228849401226 -10 6.322061130993954
      vertex 23.541733074814115 -10 6.6593904373547765
    endloop
  endfacet
  facet normal 0 -1 0
    outer loop
      vertex 20.475 -10 7
      vertex 20.458266925185885 -10 6.6593904373547765
      vertex 23.525 -10 7
    endloop
  endfacet
  facet normal 0 -1 0
    outer loop
      vertex 23.78951862452328 -10 8.329824927468687
      vertex 20.408228849401226 -10 7.677938869006046
      vertex 20.458266925185885 -10 7.3406095626452235
    endloop
  endfacet
  facet normal 0 -1 0
    outer loop
      vertex 23.78951862452328 -10 8.329824927468687
      vertex 20.458266925185885 -10 7.3406095626452235
      vertex 20.475 -10 7
    endloop
  endfacet
  facet normal 0 -1 0
    outer loop
      vertex 17.340609562645223 -10 10.458266925185884
      vertex 25.991260746540743 -10 10.325367666669425
      vertex 17 -10 10.475
    endloop
  endfacet
  facet normal 0 -1 0
    outer loop
      vertex 17.677938869006045 -10 10.408228849401226
      vertex 25.991260746540743 -10 10.325367666669425
      vertex 17.340609562645223 -10 10.458266925185884
    endloop
  endfacet
  facet normal 0 -1 0
    outer loop
      vertex 18.008739253459257 -10 10.325367666669425
      vertex 25.991260746540743 -10 10.325367666669425
      vertex 17.677938869006045 -10 10.408228849401226
    endloop
  endfacet
  facet normal 0 -1 0
    outer loop
      vertex 19.68621132543551 -10 9.204516662468668
      vertex 24.542803935376746 -10 9.457196064623252
      vertex 19.457196064623254 -10 9.457196064623252
    endloop
  endfacet
  facet normal 0 -1 0
    outer loop
      vertex 19.204516662468667 -10 9.686211325435512
      vertex 25.06939344025688 -10 9.889356902751345
      vertex 18.93060655974312 -10 9.889356902751345
    endloop
  endfacet
  facet normal 0 -1 0
    outer loop
      vertex 19.457196064623254 -10 9.457196064623252
      vertex 24.795483337531333 -10 9.686211325435512
      vertex 19.204516662468667 -10 9.686211325435512
    endloop
  endfacet
  facet normal 0 -1 0
    outer loop
      vertex 18.638103660470343 -10 10.064676393610533
      vertex 25.670175072531315 -10 10.210481375476721
      vertex 18.329824927468685 -10 10.210481375476721
    endloop
  endfacet
  facet normal 0 -1 0
    outer loop
      vertex 18.329824927468685 -10 10.210481375476721
      vertex 25.991260746540743 -10 10.325367666669425
      vertex 18.008739253459257 -10 10.325367666669425
    endloop
  endfacet
  facet normal 0 -1 0
    outer loop
      vertex 18.93060655974312 -10 9.889356902751345
      vertex 25.361896339529657 -10 10.064676393610533
      vertex 18.638103660470343 -10 10.064676393610533
    endloop
  endfacet
  facet normal 0 -1 0
    outer loop
      vertex 23.78951862452328 -10 8.329824927468687
      vertex 20.325367666669425 -10 8.008739253459257
      vertex 20.408228849401226 -10 7.677938869006046
    endloop
  endfacet
  facet normal 0 -1 0
    outer loop
      vertex 23.78951862452328 -10 8.329824927468687
      vertex 20.21048137547672 -10 8.329824927468687
      vertex 20.325367666669425 -10 8.008739253459257
    endloop
  endfacet
  facet normal 0 -1 0
    outer loop
      vertex 20.064676393610533 -10 8.638103660470343
      vertex 20.21048137547672 -10 8.329824927468687
      vertex 23.935323606389467 -10 8.638103660470343
    endloop
  endfacet
  facet normal 0 -1 0
    outer loop
      vertex 19.889356902751345 -10 8.930606559743117
      vertex 20.064676393610533 -10 8.638103660470343
      vertex 24.110643097248655 -10 8.930606559743117
    endloop
  endfacet
  facet normal 0 -1 0
    outer loop
      vertex 19.68621132543551 -10 9.204516662468668
      vertex 19.889356902751345 -10 8.930606559743117
      vertex 24.31378867456449 -10 9.204516662468668
    endloop
  endfacet
  facet normal 0 -1 0
    outer loop
      vertex 20.064676393610533 -10 5.361896339529658
      vertex 23.935323606389467 -10 5.361896339529658
      vertex 23.78951862452328 -10 5.670175072531313
    endloop
  endfacet
  facet normal 0 -1 0
    outer loop
      vertex 20.21048137547672 -10 5.670175072531313
      vertex 23.78951862452328 -10 5.670175072531313
      vertex 23.674632333330575 -10 5.9912607465407435
    endloop
  endfacet
  facet normal 0 -1 0
    outer loop
      vertex 20.325367666669425 -10 5.9912607465407435
      vertex 23.674632333330575 -10 5.9912607465407435
      vertex 23.591771150598774 -10 6.322061130993954
    endloop
  endfacet
  facet normal 0 -1 0
    outer loop
      vertex 20.408228849401226 -10 6.322061130993954
      vertex 23.591771150598774 -10 6.322061130993954
      vertex 23.541733074814115 -10 6.6593904373547765
    endloop
  endfacet
  facet normal 0 -1 0
    outer loop
      vertex 20.458266925185885 -10 6.6593904373547765
      vertex 23.541733074814115 -10 6.6593904373547765
      vertex 23.525 -10 7
    endloop
  endfacet
  facet normal 0 -1 0
    outer loop
      vertex 20.475 -10 7
      vertex 23.525 -10 7
      vertex 23.541733074814115 -10 7.3406095626452235
    endloop
  endfacet
  facet normal 0 -1 0
    outer loop
      vertex 20.475 -10 7
      vertex 23.541733074814115 -10 7.3406095626452235
      vertex 23.591771150598774 -10 7.677938869006046
    endloop
  endfacet
  facet normal 0 -1 0
    outer loop
      vertex 20.475 -10 7
      vertex 23.591771150598774 -10 7.677938869006046
      vertex 23.674632333330575 -10 8.008739253459257
    endloop
  endfacet
  facet normal 0 -1 0
    outer loop
      vertex 20.475 -10 7
      vertex 23.674632333330575 -10 8.008739253459257
      vertex 23.78951862452328 -10 8.329824927468687
    endloop
  endfacet
  facet normal 0 -1 0
    outer loop
      vertex 20.21048137547672 -10 8.329824927468687
      vertex 23.78951862452328 -10 8.329824927468687
      vertex 23.935323606389467 -10 8.638103660470343
    endloop
  endfacet
  facet normal 0 -1 0
    outer loop
      vertex 20.064676393610533 -10 8.638103660470343
      vertex 23.935323606389467 -10 8.638103660470343
      vertex 24.110643097248655 -10 8.930606559743117
    endloop
  endfacet
  facet normal 0 -1 0
    outer loop
      vertex 19.889356902751345 -10 8.930606559743117
      vertex 24.110643097248655 -10 8.930606559743117
      vertex 24.31378867456449 -10 9.204516662468668
    endloop
  endfacet
  facet normal 0 -1 0
    outer loop
      vertex 19.68621132543551 -10 9.204516662468668
      vertex 24.31378867456449 -10 9.204516662468668
      vertex 24.542803935376746 -10 9.457196064623252
    endloop
  endfacet
  facet normal 0 -1 0
    outer loop
      vertex 19.457196064623254 -10 9.457196064623252
      vertex 24.542803935376746 -10 9.457196064623252
      vertex 24.795483337531333 -10 9.686211325435512
    endloop
  endfacet
  facet normal 0 -1 0
    outer loop
      vertex 19.204516662468667 -10 9.686211325435512
      vertex 24.795483337531333 -10 9.686211325435512
      vertex 25.06939344025688 -10 9.889356902751345
    endloop
  endfacet
  facet normal 0 -1 0
    outer loop
      vertex 18.93060655974312 -10 9.889356902751345
      vertex 25.06939344025688 -10 9.889356902751345
      vertex 25.361896339529657 -10 10.064676393610533
    endloop
  endfacet
  facet normal 0 -1 0
    outer loop
      vertex 18.638103660470343 -10 10.064676393610533
      vertex 25.361896339529657 -10 10.064676393610533
      vertex 25.670175072531315 -10 10.210481375476721
    endloop
  endfacet
  facet normal 0 -1 0
    outer loop
      vertex 18.329824927468685 -10 10.210481375476721
      vertex 25.670175072531315 -10 10.210481375476721
      vertex 25.991260746540743 -10 10.325367666669425
    endloop
  endfacet
  facet normal 0 0 -1
    outer loop
      vertex 0 -10 0
      vertex 40 0 0
      vertex 40 -10 0
    endloop
  endfacet
  facet normal 0 -1 0
    outer loop
      vertex 0 -10 14
      vertex 27 -10 10.475
      vertex 40 -10 14
    endloop
  endfacet
  facet normal 0 0 1
    outer loop
      vertex 0 0 14
      vertex 40 -10 14
      vertex 40 0 14
    endloop
  endfacet
  facet normal 0 -1 0
    outer loop
      vertex 40 -10 0
      vertex 27.677938869006045 -10 3.5917711505987744
      vertex 27.340609562645223 -10 3.541733074814116
    endloop
  endfacet
  facet normal 0 -1 0
    outer loop
      vertex 40 -10 0
      vertex 28.008739253459257 -10 3.6746323333305746
      vertex 27.677938869006045 -10 3.5917711505987744
    endloop
  endfacet
  facet normal 0 -1 0
    outer loop
      vertex 40 -10 0
      vertex 28.329824927468685 -10 3.789518624523279
      vertex 28.008739253459257 -10 3.6746323333305746
    endloop
  endfacet
  facet normal 0 -1 0
    outer loop
      vertex 40 -10 0
      vertex 28.638103660470343 -10 3.9353236063894665
      vertex 28.329824927468685 -10 3.789518624523279
    endloop
  endfacet
  facet normal 0 -1 0
    outer loop
      vertex 28.93060655974312 -10 4.110643097248655
      vertex 33.419430645491076 -10 5.086119328535583
      vertex 29.204516662468667 -10 4.313788674564489
    endloop
  endfacet
  facet normal 0 -1 0
    outer loop
      vertex 29.204516662468667 -10 4.313788674564489
      vertex 33.23463313526982 -10 5.152240934977426
      vertex 29.457196064623254 -10 4.542803935376748
    endloop
  endfacet
  facet normal 0 -1 0
    outer loop
      vertex 29.68621132543551 -10 4.795483337531332
      vertex 29.457196064623254 -10 4.542803935376748
      vertex 33.057206526348004 -10 5.23615747130329
    endloop
  endfacet
  facet normal 0 -1 0
    outer loop
      vertex 29.889356902751345 -10 5.069393440256882
      vertex 29.68621132543551 -10 4.795483337531332
      vertex 32.73121343167271 -10 5.453979093274526
    endloop
  endfacet
  facet normal 0 -1 0
    outer loop
      vertex 29.68621132543551 -10 4.795483337531332
      vertex 32.8888595339608 -10 5.337060775394909
      vertex 32.73121343167271 -10 5.453979093274526
    endloop
  endfacet
  facet normal 0 -1 0
    outer loop
      vertex 28.93060655974312 -10 4.110643097248655
      vertex 33.609819355967744 -10 5.038429439193539
      vertex 33.419430645491076 -10 5.086119328535583
    endloop
  endfacet
  facet normal 0 -1 0
    outer loop
      vertex 29.204516662468667 -10 4.313788674564489
      vertex 33.419430645491076 -10 5.086119328535583
      vertex 33.23463313526982 -10 5.152240934977426
    endloop
  endfacet
  facet normal 0 -1 0
    outer loop
      vertex 29.457196064623254 -10 4.542803935376748
      vertex 33.23463313526982 -10 5.152240934977426
      vertex 33.057206526348004 -10 5.23615747130329
    endloop
  endfacet
  facet normal 0 -1 0
    outer loop
      vertex 29.68621132543551 -10 4.795483337531332
      vertex 33.057206526348004 -10 5.23615747130329
      vertex 32.8888595339608 -10 5.337060775394909
    endloop
  endfacet
  facet normal 0 -1 0
    outer loop
      vertex 40 -10 0
      vertex 28.93060655974312 -10 4.110643097248655
      vertex 28.638103660470343 -10 3.9353236063894665
    endloop
  endfacet
  facet normal 0 -1 0
    outer loop
      vertex 40 -10 0
      vertex 33.609819355967744 -10 5.038429439193539
      vertex 28.93060655974312 -10 4.110643097248655
    endloop
  endfacet
  facet normal 0 -1 0
    outer loop
      vertex 30.064676393610533 -10 5.361896339529658
      vertex 29.889356902751345 -10 5.069393440256882
      vertex 32.453979093274526 -10 5.731213431672709
    endloop
  endfacet
  facet normal 0 -1 0
    outer loop
      vertex 30.21048137547672 -10 5.670175072531313
      vertex 30.064676393610533 -10 5.361896339529658
      vertex 32.33706077539491 -10 5.888859533960796
    endloop
  endfacet
  facet normal 0 -1 0
    outer loop
      vertex 30.325367666669425 -10 5.9912607465407435
      vertex 30.21048137547672 -10 5.670175072531313
      vertex 32.15224093497743 -10 6.234633135269821
    endloop
  endfacet
  facet normal 0 -1 0
    outer loop
      vertex 30.408228849401226 -10 6.322061130993954
      vertex 30.325367666669425 -10 5.9912607465407435
      vertex 32.08611932853558 -10 6.419430645491075
    endloop
  endfacet
  facet normal 0 -1 0
    outer loop
      vertex 30.458266925185885 -10 6.6593904373547765
      vertex 30.408228849401226 -10 6.322061130993954
      vertex 32.00963054665561 -10 6.803965719340879
    endloop
  endfacet
  facet normal 0 -1 0
    outer loop
      vertex 30.475 -10 7
      vertex 30.458266925185885 -10 6.6593904373547765
      vertex 32 -10 7
    endloop
  endfacet
  facet normal 0 -1 0
    outer loop
      vertex 30.458266925185885 -10 7.3406095626452235
      vertex 30.475 -10 7
      vertex 32.038429439193536 -10 7.390180644032257
    endloop
  endfacet
  facet normal 0 -1 0
    outer loop
      vertex 30.408228849401226 -10 7.677938869006046
      vertex 30.458266925185885 -10 7.3406095626452235
      vertex 32.08611932853558 -10 7.580569354508925
    endloop
  endfacet
  facet normal 0 -1 0
    outer loop
      vertex 29.889356902751345 -10 5.069393440256882
      vertex 32.58578643762691 -10 5.585786437626905
      vertex 32.453979093274526 -10 5.731213431672709
    endloop
  endfacet
  facet normal 0 -1 0
    outer loop
      vertex 29.889356902751345 -10 5.069393440256882
      vertex 32.73121343167271 -10 5.453979093274526
      vertex 32.58578643762691 -10 5.585786437626905
    endloop
  endfacet
  facet normal 0 -1 0
    outer loop
      vertex 30.064676393610533 -10 5.361896339529658
      vertex 32.453979093274526 -10 5.731213431672709
      vertex 32.33706077539491 -10 5.888859533960796
    endloop
  endfacet
  facet normal 0 -1 0
    outer loop
      vertex 30.21048137547672 -10 5.670175072531313
      vertex 32.33706077539491 -10 5.888859533960796
      vertex 32.23615747130329 -10 6.057206526348005
    endloop
  endfacet
  facet normal 0 -1 0
    outer loop
      vertex 30.21048137547672 -10 5.670175072531313
      vertex 32.23615747130329 -10 6.057206526348005
      vertex 32.15224093497743 -10 6.234633135269821
    endloop
  endfacet
  facet normal 0 -1 0
    outer loop
      vertex 30.325367666669425 -10 5.9912607465407435
      vertex 32.15224093497743 -10 6.234633135269821
      vertex 32.08611932853558 -10 6.419430645491075
    endloop
  endfacet
  facet normal 0 -1 0
    outer loop
      vertex 30.408228849401226 -10 6.322061130993954
      vertex 32.08611932853558 -10 6.419430645491075
      vertex 32.038429439193536 -10 6.609819355967743
    endloop
  endfacet
  facet normal 0 -1 0
    outer loop
      vertex 30.408228849401226 -10 6.322061130993954
      vertex 32.038429439193536 -10 6.609819355967743
      vertex 32.00963054665561 -10 6.803965719340879
    endloop
  endfacet
  facet normal 0 -1 0
    outer loop
      vertex 30.458266925185885 -10 6.6593904373547765
      vertex 32.00963054665561 -10 6.803965719340879
      vertex 32 -10 7
    endloop
  endfacet
  facet normal 0 -1 0
    outer loop
      vertex 30.475 -10 7
      vertex 32 -10 7
      vertex 32.00963054665561 -10 7.196034280659121
    endloop
  endfacet
  facet normal 0 -1 0
    outer loop
      vertex 32.00963054665561 -10 7.196034280659121
      vertex 32.038429439193536 -10 7.390180644032257
      vertex 30.475 -10 7
    endloop
  endfacet
  facet normal 0 -1 0
    outer loop
      vertex 30.458266925185885 -10 7.3406095626452235
      vertex 32.038429439193536 -10 7.390180644032257
      vertex 32.08611932853558 -10 7.580569354508925
    endloop
  endfacet
  facet normal 0 -1 0
    outer loop
      vertex 30.408228849401226 -10 7.677938869006046
      vertex 32.08611932853558 -10 7.580569354508925
      vertex 32.15224093497743 -10 7.765366864730179
    endloop
  endfacet
  facet normal 0 -1 0
    outer loop
      vertex 30.408228849401226 -10 7.677938869006046
      vertex 32.15224093497743 -10 7.765366864730179
      vertex 32.23615747130329 -10 7.942793473651995
    endloop
  endfacet
  facet normal 0 -1 0
    outer loop
      vertex 30.325367666669425 -10 8.008739253459257
      vertex 30.408228849401226 -10 7.677938869006046
      vertex 32.23615747130329 -10 7.942793473651995
    endloop
  endfacet
  facet normal 0 -1 0
    outer loop
      vertex 30.21048137547672 -10 8.329824927468687
      vertex 30.325367666669425 -10 8.008739253459257
      vertex 32.453979093274526 -10 8.268786568327291
    endloop
  endfacet
  facet normal 0 -1 0
    outer loop
      vertex 30.064676393610533 -10 8.638103660470343
      vertex 30.21048137547672 -10 8.329824927468687
      vertex 32.58578643762691 -10 8.414213562373096
    endloop
  endfacet
  facet normal 0 -1 0
    outer loop
      vertex 29.889356902751345 -10 8.930606559743117
      vertex 30.064676393610533 -10 8.638103660470343
      vertex 32.73121343167271 -10 8.546020906725474
    endloop
  endfacet
  facet normal 0 -1 0
    outer loop
      vertex 29.68621132543551 -10 9.204516662468668
      vertex 29.889356902751345 -10 8.930606559743117
      vertex 33.057206526348004 -10 8.76384252869671
    endloop
  endfacet
  facet normal 0 -1 0
    outer loop
      vertex 29.457196064623254 -10 9.457196064623252
      vertex 29.68621132543551 -10 9.204516662468668
      vertex 33.23463313526982 -10 8.847759065022574
    endloop
  endfacet
  facet normal 0 -1 0
    outer loop
      vertex 29.457196064623254 -10 9.457196064623252
      vertex 33.419430645491076 -10 8.913880671464417
      vertex 29.204516662468667 -10 9.686211325435512
    endloop
  endfacet
  facet normal 0 -1 0
    outer loop
      vertex 29.204516662468667 -10 9.686211325435512
      vertex 33.80396571934088 -10 8.990369453344394
      vertex 28.93060655974312 -10 9.889356902751345
    endloop
  endfacet
  facet normal 0 -1 0
    outer loop
      vertex 30.325367666669425 -10 8.008739253459257
      vertex 32.23615747130329 -10 7.942793473651995
      vertex 32.33706077539491 -10 8.111140466039204
    endloop
  endfacet
  facet normal 0 -1 0
    outer loop
      vertex 32.33706077539491 -10 8.111140466039204
      vertex 32.453979093274526 -10 8.268786568327291
      vertex 30.325367666669425 -10 8.008739253459257
    endloop
  endfacet
  facet normal 0 -1 0
    outer loop
      vertex 30.21048137547672 -10 8.329824927468687
      vertex 32.453979093274526 -10 8.268786568327291
      vertex 32.58578643762691 -10 8.414213562373096
    endloop
  endfacet
  facet normal 0 -1 0
    outer loop
      vertex 30.064676393610533 -10 8.638103660470343
      vertex 32.58578643762691 -10 8.414213562373096
      vertex 32.73121343167271 -10 8.546020906725474
    endloop
  endfacet
  facet normal 0 -1 0
    outer loop
      vertex 29.889356902751345 -10 8.930606559743117
      vertex 32.73121343167271 -10 8.546020906725474
      vertex 32.8888595339608 -10 8.66293922460509
    endloop
  endfacet
  facet normal 0 -1 0
    outer loop
      vertex 33.057206526348004 -10 8.76384252869671
      vertex 29.889356902751345 -10 8.930606559743117
      vertex 32.8888595339608 -10 8.66293922460509
    endloop
  endfacet
  facet normal 0 -1 0
    outer loop
      vertex 29.68621132543551 -10 9.204516662468668
      vertex 33.057206526348004 -10 8.76384252869671
      vertex 33.23463313526982 -10 8.847759065022574
    endloop
  endfacet
  facet normal 0 -1 0
    outer loop
      vertex 29.457196064623254 -10 9.457196064623252
      vertex 33.23463313526982 -10 8.847759065022574
      vertex 33.419430645491076 -10 8.913880671464417
    endloop
  endfacet
  facet normal 0 -1 0
    outer loop
      vertex 33.609819355967744 -10 8.96157056080646
      vertex 29.204516662468667 -10 9.686211325435512
      vertex 33.419430645491076 -10 8.913880671464417
    endloop
  endfacet
  facet normal 0 -1 0
    outer loop
      vertex 29.204516662468667 -10 9.686211325435512
      vertex 33.609819355967744 -10 8.96157056080646
      vertex 33.80396571934088 -10 8.990369453344394
    endloop
  endfacet
  facet normal 0 -1 0
    outer loop
      vertex 28.93060655974312 -10 9.889356902751345
      vertex 33.80396571934088 -10 8.990369453344394
      vertex 34 -10 9
    endloop
  endfacet
  facet normal 0 -1 0
    outer loop
      vertex 28.93060655974312 -10 9.889356902751345
      vertex 34 -10 9
      vertex 34.19603428065912 -10 8.990369453344394
    endloop
  endfacet
  facet normal 0 -1 0
    outer loop
      vertex 40 -10 0
      vertex 33.80396571934088 -10 5.009630546655606
      vertex 33.609819355967744 -10 5.038429439193539
    endloop
  endfacet
  facet normal 0 -1 0
    outer loop
      vertex 40 -10 0
      vertex 34 -10 5
      vertex 33.80396571934088 -10 5.009630546655606
    endloop
  endfacet
  facet normal 0 -1 0
    outer loop
      vertex 40 -10 0
      vertex 34.19603428065912 -10 5.009630546655606
      vertex 34 -10 5
    endloop
  endfacet
  facet normal 0 -1 0
    outer loop
      vertex 40 -10 0
      vertex 34.390180644032256 -10 5.038429439193539
      vertex 34.19603428065912 -10 5.009630546655606
    endloop
  endfacet
  facet normal 0 -1 0
    outer loop
      vertex 40 -10 0
      vertex 34.580569354508924 -10 5.086119328535583
      vertex 34.390180644032256 -10 5.038429439193539
    endloop
  endfacet
  facet normal 0 -1 0
    outer loop
      vertex 40 -10 0
      vertex 34.76536686473018 -10 5.152240934977426
      vertex 34.580569354508924 -10 5.086119328535583
    endloop
  endfacet
  facet normal 0 -1 0
    outer loop
      vertex 40 -10 0
      vertex 34.942793473651996 -10 5.23615747130329
      vertex 34.76536686473018 -10 5.152240934977426
    endloop
  endfacet
  facet normal 0 -1 0
    outer loop
      vertex 40 -10 0
      vertex 35.1111404660392 -10 5.337060775394909
      vertex 34.942793473651996 -10 5.23615747130329
    endloop
  endfacet
  facet normal 0 -1 0
    outer loop
      vertex 40 -10 0
      vertex 35.26878656832729 -10 5.453979093274526
      vertex 35.1111404660392 -10 5.337060775394909
    endloop
  endfacet
  facet normal 0 -1 0
    outer loop
      vertex 40 -10 0
      vertex 35.41421356237309 -10 5.585786437626905
      vertex 35.26878656832729 -10 5.453979093274526
    endloop
  endfacet
  facet normal 0 -1 0
    outer loop
      vertex 40 -10 0
      vertex 35.546020906725474 -10 5.731213431672709
      vertex 35.41421356237309 -10 5.585786437626905
    endloop
  endfacet
  facet normal 0 -1 0
    outer loop
      vertex 40 -10 0
      vertex 35.66293922460509 -10 5.888859533960796
      vertex 35.546020906725474 -10 5.731213431672709
    endloop
  endfacet
  facet normal 0 -1 0
    outer loop
      vertex 40 -10 0
      vertex 35.76384252869671 -10 6.057206526348005
      vertex 35.66293922460509 -10 5.888859533960796
    endloop
  endfacet
  facet normal 0 -1 0
    outer loop
      vertex 40 -10 0
      vertex 35.84775906502257 -10 6.234633135269821
      vertex 35.76384252869671 -10 6.057206526348005
    endloop
  endfacet
  facet normal 0 -1 0
    outer loop
      vertex 40 -10 14
      vertex 35.91388067146442 -10 6.419430645491075
      vertex 35.84775906502257 -10 6.234633135269821
    endloop
  endfacet
  facet normal 0 -1 0
    outer loop
      vertex 40 -10 14
      vertex 35.961570560806464 -10 6.609819355967743
      vertex 35.91388067146442 -10 6.419430645491075
    endloop
  endfacet
  facet normal 0 -1 0
    outer loop
      vertex 40 -10 14
      vertex 35.99036945334439 -10 6.803965719340879
      vertex 35.961570560806464 -10 6.609819355967743
    endloop
  endfacet
  facet normal 0 -1 0
    outer loop
      vertex 40 -10 14
      vertex 34.942793473651996 -10 8.76384252869671
      vertex 35.1111404660392 -10 8.66293922460509
    endloop
  endfacet
  facet normal 0 -1 0
    outer loop
      vertex 40 -10 14
      vertex 35.1111404660392 -10 8.66293922460509
      vertex 35.26878656832729 -10 8.546020906725474
    endloop
  endfacet
  facet normal 0 -1 0
    outer loop
      vertex 40 -10 14
      vertex 36 -10 7
      vertex 35.99036945334439 -10 6.803965719340879
    endloop
  endfacet
  facet normal 0 -1 0
    outer loop
      vertex 40 -10 14
      vertex 35.99036945334439 -10 7.196034280659121
      vertex 36 -10 7
    endloop
  endfacet
  facet normal 0 -1 0
    outer loop
      vertex 40 -10 14
      vertex 35.961570560806464 -10 7.390180644032257
      vertex 35.99036945334439 -10 7.196034280659121
    endloop
  endfacet
  facet normal 0 -1 0
    outer loop
      vertex 40 -10 14
      vertex 35.91388067146442 -10 7.580569354508925
      vertex 35.961570560806464 -10 7.390180644032257
    endloop
  endfacet
  facet normal 0 -1 0
    outer loop
      vertex 40 -10 14
      vertex 35.84775906502257 -10 7.765366864730179
      vertex 35.91388067146442 -10 7.580569354508925
    endloop
  endfacet
  facet normal 0 -1 0
    outer loop
      vertex 40 -10 14
      vertex 35.546020906725474 -10 8.268786568327291
      vertex 35.66293922460509 -10 8.111140466039204
    endloop
  endfacet
  facet normal 0 -1 0
    outer loop
      vertex 40 -10 14
      vertex 35.66293922460509 -10 8.111140466039204
      vertex 35.76384252869671 -10 7.942793473651995
    endloop
  endfacet
  facet normal 0 -1 0
    outer loop
      vertex 40 -10 14
      vertex 35.26878656832729 -10 8.546020906725474
      vertex 35.41421356237309 -10 8.414213562373096
    endloop
  endfacet
  facet normal 0 -1 0
    outer loop
      vertex 40 -10 14
      vertex 35.41421356237309 -10 8.414213562373096
      vertex 35.546020906725474 -10 8.268786568327291
    endloop
  endfacet
  facet normal 0 -1 0
    outer loop
      vertex 40 -10 14
      vertex 35.76384252869671 -10 7.942793473651995
      vertex 35.84775906502257 -10 7.765366864730179
    endloop
  endfacet
  facet normal 0 -1 0
    outer loop
      vertex 40 -10 0
      vertex 40 -10 14
      vertex 35.84775906502257 -10 6.234633135269821
    endloop
  endfacet
  facet normal 1 0 0
    outer loop
      vertex 40 -10 0
      vertex 40 0 0
      vertex 40 -10 14
    endloop
  endfacet
  facet normal 0 -1 0
    outer loop
      vertex 40 -10 14
      vertex 27 -10 10.475
      vertex 27.340609562645223 -10 10.458266925185884
    endloop
  endfacet
  facet normal 0 -1 0
    outer loop
      vertex 40 -10 14
      vertex 27.340609562645223 -10 10.458266925185884
      vertex 27.677938869006045 -10 10.408228849401226
    endloop
  endfacet
  facet normal 0 -1 0
    outer loop
      vertex 40 -10 14
      vertex 27.677938869006045 -10 10.408228849401226
      vertex 28.008739253459257 -10 10.325367666669425
    endloop
  endfacet
  facet normal 0 -1 0
    outer loop
      vertex 40 -10 14
      vertex 28.008739253459257 -10 10.325367666669425
      vertex 28.329824927468685 -10 10.210481375476721
    endloop
  endfacet
  facet normal 0 -1 0
    outer loop
      vertex 40 -10 14
      vertex 28.329824927468685 -10 10.210481375476721
      vertex 28.638103660470343 -10 10.064676393610533
    endloop
  endfacet
  facet normal 0 -1 0
    outer loop
      vertex 40 -10 14
      vertex 28.638103660470343 -10 10.064676393610533
      vertex 28.93060655974312 -10 9.889356902751345
    endloop
  endfacet
  facet normal 0 -1 0
    outer loop
      vertex 40 -10 14
      vertex 28.93060655974312 -10 9.889356902751345
      vertex 34.19603428065912 -10 8.990369453344394
    endloop
  endfacet
  facet normal 0 -1 0
    outer loop
      vertex 40 -10 14
      vertex 34.19603428065912 -10 8.990369453344394
      vertex 34.390180644032256 -10 8.96157056080646
    endloop
  endfacet
  facet normal 0 -1 0
    outer loop
      vertex 40 -10 14
      vertex 34.390180644032256 -10 8.96157056080646
      vertex 34.580569354508924 -10 8.913880671464417
    endloop
  endfacet
  facet normal 0 -1 0
    outer loop
      vertex 40 -10 14
      vertex 34.580569354508924 -10 8.913880671464417
      vertex 34.76536686473018 -10 8.847759065022574
    endloop
  endfacet
  facet normal 0 -1 0
    outer loop
      vertex 40 -10 14
      vertex 34.76536686473018 -10 8.847759065022574
      vertex 34.942793473651996 -10 8.76384252869671
    endloop
  endfacet
  facet normal 1 0 0
    outer loop
      vertex 40 -10 14
      vertex 40 0 0
      vertex 40 0 14
    endloop
  endfacet
  facet normal 0.8577286100002729 0 0.5141027441932201
    outer loop
      vertex 4.110643097248655 -10 5.069393440256882
      vertex 4.110643097248655 10 5.069393440256882
      vertex 3.9353236063894665 -10 5.361896339529658
    endloop
  endfacet
  facet normal 0.8032075314806443 0 0.5956993044924342
    outer loop
      vertex 4.313788674564489 -10 4.795483337531332
      vertex 4.313788674564489 10 4.795483337531332
      vertex 4.110643097248655 -10 5.069393440256882
    endloop
  endfacet
  facet normal 0.5956993044924342 1.0625099077833643e-19 0.8032075314806443
    outer loop
      vertex 4.795483337531332 -10 4.313788674564489
      vertex 5.069393440256882 -10 4.110643097248655
      vertex 5.069393440256882 10 4.110643097248655
    endloop
  endfacet
  facet normal 0.6715589548470196 1.9245793026390657e-19 0.7409511253549582
    outer loop
      vertex 4.542803935376748 -10 4.542803935376748
      vertex 4.795483337531332 -10 4.313788674564489
      vertex 4.795483337531332 10 4.313788674564489
    endloop
  endfacet
  facet normal 0.7409511253549582 1.9245793026390657e-19 0.6715589548470196
    outer loop
      vertex 4.313788674564489 -10 4.795483337531332
      vertex 4.542803935376748 -10 4.542803935376748
      vertex 4.542803935376748 10 4.542803935376748
    endloop
  endfacet
  facet normal 0.9700312531945438 0 0.24298017990326473
    outer loop
      vertex 3.6746323333305746 -10 5.9912607465407435
      vertex 3.6746323333305746 10 5.9912607465407435
      vertex 3.5917711505987744 -10 6.322061130993954
    endloop
  endfacet
  facet normal 0.989176509964781 0 0.14673047445536178
    outer loop
      vertex 3.5917711505987744 -10 6.322061130993954
      vertex 3.5917711505987744 10 6.322061130993954
      vertex 3.541733074814116 -10 6.6593904373547765
    endloop
  endfacet
  facet normal 0.9987954562051725 0 0.04906767432741755
    outer loop
      vertex 3.541733074814116 -10 6.6593904373547765
      vertex 3.541733074814116 10 6.6593904373547765
      vertex 3.5250000000000004 -10 7
    endloop
  endfacet
  facet normal 0.9987954562051725 0 -0.04906767432741755
    outer loop
      vertex 3.5250000000000004 -10 7
      vertex 3.5250000000000004 10 7
      vertex 3.541733074814116 -10 7.3406095626452235
    endloop
  endfacet
  facet normal 0.989176509964781 0 -0.14673047445536178
    outer loop
      vertex 3.541733074814116 -10 7.3406095626452235
      vertex 3.541733074814116 10 7.3406095626452235
      vertex 3.5917711505987744 -10 7.677938869006046
    endloop
  endfacet
  facet normal 0.970031253194544 0 -0.24298017990326412
    outer loop
      vertex 3.5917711505987744 -10 7.677938869006046
      vertex 3.5917711505987744 10 7.677938869006046
      vertex 3.6746323333305746 -10 8.008739253459257
    endloop
  endfacet
  facet normal 0.9039892931234434 0 0.4275550934302819
    outer loop
      vertex 3.9353236063894665 -10 5.361896339529658
      vertex 3.9353236063894665 10 5.361896339529658
      vertex 3.789518624523279 -10 5.670175072531313
    endloop
  endfacet
  facet normal 0.9415440651830208 0 0.33688985339222005
    outer loop
      vertex 3.789518624523279 -10 5.670175072531313
      vertex 3.789518624523279 10 5.670175072531313
      vertex 3.6746323333305746 -10 5.9912607465407435
    endloop
  endfacet
  facet normal 0.9415440651830205 0 -0.33688985339222083
    outer loop
      vertex 3.6746323333305746 -10 8.008739253459257
      vertex 3.6746323333305746 10 8.008739253459257
      vertex 3.789518624523279 -10 8.329824927468687
    endloop
  endfacet
  facet normal 0.9039892931234439 0 -0.42755509343028086
    outer loop
      vertex 3.789518624523279 -10 8.329824927468687
      vertex 3.789518624523279 10 8.329824927468687
      vertex 3.9353236063894665 -10 8.638103660470343
    endloop
  endfacet
  facet normal 0.8577286100002716 0 -0.5141027441932224
    outer loop
      vertex 3.9353236063894665 -10 8.638103660470343
      vertex 3.9353236063894665 10 8.638103660470343
      vertex 4.110643097248655 -10 8.930606559743117
    endloop
  endfacet
  facet normal 0.8032075314806453 0 -0.5956993044924329
    outer loop
      vertex 4.110643097248655 -10 8.930606559743117
      vertex 4.110643097248655 10 8.930606559743117
      vertex 4.313788674564489 -10 9.204516662468668
    endloop
  endfacet
  facet normal 0.7409511253549582 0 -0.6715589548470196
    outer loop
      vertex 4.313788674564489 -10 9.204516662468668
      vertex 4.313788674564489 10 9.204516662468668
      vertex 4.542803935376748 -10 9.457196064623252
    endloop
  endfacet
  facet normal 0.6715589548470209 0 -0.7409511253549568
    outer loop
      vertex 4.542803935376748 -10 9.457196064623252
      vertex 4.542803935376748 10 9.457196064623252
      vertex 4.795483337531332 -10 9.686211325435512
    endloop
  endfacet
  facet normal 0.5956993044924326 -1.6779505383049883e-19 -0.8032075314806455
    outer loop
      vertex 5.069393440256882 -10 9.889356902751345
      vertex 4.795483337531332 -10 9.686211325435512
      vertex 4.795483337531332 10 9.686211325435512
    endloop
  endfacet
  facet normal 0.4275550934302819 6.887102623610808e-20 0.9039892931234434
    outer loop
      vertex 5.361896339529658 -10 3.9353236063894665
      vertex 5.670175072531313 -10 3.789518624523279
      vertex 5.670175072531313 10 3.789518624523279
    endloop
  endfacet
  facet normal 0.33688985339222005 -1.7857270844048498e-19 0.9415440651830208
    outer loop
      vertex 5.670175072531313 -10 3.789518624523279
      vertex 5.9912607465407435 -10 3.6746323333305746
      vertex 5.9912607465407435 10 3.6746323333305746
    endloop
  endfacet
  facet normal 0.24298017990326473 9.40744710604496e-20 0.9700312531945438
    outer loop
      vertex 5.9912607465407435 -10 3.6746323333305746
      vertex 6.322061130993954 -10 3.5917711505987744
      vertex 6.322061130993954 10 3.5917711505987744
    endloop
  endfacet
  facet normal 0.5141027441932201 3.6354244583925915e-19 0.8577286100002729
    outer loop
      vertex 5.069393440256882 -10 4.110643097248655
      vertex 5.361896339529658 -10 3.9353236063894665
      vertex 5.361896339529658 10 3.9353236063894665
    endloop
  endfacet
  facet normal 0.14673047445536178 2.367322375021324e-19 0.989176509964781
    outer loop
      vertex 6.322061130993954 -10 3.5917711505987744
      vertex 6.6593904373547765 -10 3.541733074814116
      vertex 6.6593904373547765 10 3.541733074814116
    endloop
  endfacet
  facet normal 0.04906767432741755 1.1172613470814411e-20 0.9987954562051725
    outer loop
      vertex 6.6593904373547765 -10 3.541733074814116
      vertex 7 -10 3.5250000000000004
      vertex 7 10 3.5250000000000004
    endloop
  endfacet
  facet normal -0.04906767432741755 -1.1172613470814411e-20 0.9987954562051725
    outer loop
      vertex 7 -10 3.5250000000000004
      vertex 7.3406095626452235 -10 3.541733074814116
      vertex 7.3406095626452235 10 3.541733074814116
    endloop
  endfacet
  facet normal -0.14673047445536178 -2.367322375021324e-19 0.989176509964781
    outer loop
      vertex 7.3406095626452235 -10 3.541733074814116
      vertex 7.677938869006046 -10 3.5917711505987744
      vertex 7.677938869006046 10 3.5917711505987744
    endloop
  endfacet
  facet normal -0.24298017990326412 1.400241807610235e-20 0.970031253194544
    outer loop
      vertex 7.677938869006046 -10 3.5917711505987744
      vertex 8.008739253459257 -10 3.6746323333305746
      vertex 8.008739253459257 10 3.6746323333305746
    endloop
  endfacet
  facet normal -0.33688985339222083 4.782445729380665e-19 0.9415440651830205
    outer loop
      vertex 8.008739253459257 -10 3.6746323333305746
      vertex 8.329824927468687 -10 3.789518624523279
      vertex 8.329824927468687 10 3.789518624523279
    endloop
  endfacet
  facet normal -0.42755509343028086 -4.116872083149538e-19 0.9039892931234439
    outer loop
      vertex 8.329824927468687 -10 3.789518624523279
      vertex 8.638103660470343 -10 3.9353236063894665
      vertex 8.638103660470343 10 3.9353236063894665
    endloop
  endfacet
  facet normal -0.5141027441932224 -2.4327850261332283e-19 0.8577286100002716
    outer loop
      vertex 8.638103660470343 -10 3.9353236063894665
      vertex 8.930606559743117 -10 4.110643097248655
      vertex 8.930606559743117 10 4.110643097248655
    endloop
  endfacet
  facet normal -0.5956993044924329 -1.0357133711853153e-19 0.8032075314806453
    outer loop
      vertex 8.930606559743117 -10 4.110643097248655
      vertex 9.204516662468668 -10 4.313788674564489
      vertex 9.204516662468668 10 4.313788674564489
    endloop
  endfacet
  facet normal -0.6715589548470196 -1.9245793026390657e-19 0.7409511253549582
    outer loop
      vertex 9.204516662468668 -10 4.313788674564489
      vertex 9.457196064623252 -10 4.542803935376748
      vertex 9.457196064623252 10 4.542803935376748
    endloop
  endfacet
  facet normal -0.7409511253549568 0 0.6715589548470209
    outer loop
      vertex 9.686211325435512 -10 4.795483337531332
      vertex 9.686211325435512 10 4.795483337531332
      vertex 9.457196064623252 -10 4.542803935376748
    endloop
  endfacet
  facet normal -0.8032075314806455 0 0.5956993044924326
    outer loop
      vertex 9.889356902751345 -10 5.069393440256882
      vertex 9.889356902751345 10 5.069393440256882
      vertex 9.686211325435512 -10 4.795483337531332
    endloop
  endfacet
  facet normal 0.5141027441932192 -7.886693691875395e-20 -0.8577286100002736
    outer loop
      vertex 5.361896339529658 -10 10.064676393610533
      vertex 5.069393440256882 -10 9.889356902751345
      vertex 5.069393440256882 10 9.889356902751345
    endloop
  endfacet
  facet normal 0.42755509343028403 3.987925278226066e-19 -0.9039892931234425
    outer loop
      vertex 5.670175072531313 -10 10.210481375476721
      vertex 5.361896339529658 -10 10.064676393610533
      vertex 5.361896339529658 10 10.064676393610533
    endloop
  endfacet
  facet normal 0.3368898533922189 -3.804562962759948e-19 -0.9415440651830213
    outer loop
      vertex 5.9912607465407435 -10 10.325367666669425
      vertex 5.670175072531313 -10 10.210481375476721
      vertex 5.670175072531313 10 10.210481375476721
    endloop
  endfacet
  facet normal 0.24298017990326598 8.012472477082271e-20 -0.9700312531945435
    outer loop
      vertex 6.322061130993954 -10 10.408228849401226
      vertex 5.9912607465407435 -10 10.325367666669425
      vertex 5.9912607465407435 10 10.325367666669425
    endloop
  endfacet
  facet normal 0.14673047445535922 9.070785013248413e-20 -0.9891765099647813
    outer loop
      vertex 6.6593904373547765 -10 10.458266925185884
      vertex 6.322061130993954 -10 10.408228849401226
      vertex 6.322061130993954 10 10.408228849401226
    endloop
  endfacet
  facet normal 0.04906767432741885 3.869085448619474e-20 -0.9987954562051724
    outer loop
      vertex 7 -10 10.475
      vertex 6.6593904373547765 -10 10.458266925185884
      vertex 6.6593904373547765 10 10.458266925185884
    endloop
  endfacet
  facet normal -0.04906767432741885 -3.869085448619474e-20 -0.9987954562051724
    outer loop
      vertex 7.3406095626452235 -10 10.458266925185884
      vertex 7 -10 10.475
      vertex 7 10 10.475
    endloop
  endfacet
  facet normal -0.14673047445535922 -9.070785013248413e-20 -0.9891765099647813
    outer loop
      vertex 7.677938869006046 -10 10.408228849401226
      vertex 7.3406095626452235 -10 10.458266925185884
      vertex 7.3406095626452235 10 10.458266925185884
    endloop
  endfacet
  facet normal -0.24298017990326534 -1.88201613907432e-19 -0.9700312531945435
    outer loop
      vertex 8.008739253459257 -10 10.325367666669425
      vertex 7.677938869006046 -10 10.408228849401226
      vertex 7.677938869006046 10 10.408228849401226
    endloop
  endfacet
  facet normal -0.3368898533922197 8.078443177835666e-20 -0.9415440651830209
    outer loop
      vertex 8.329824927468687 -10 10.210481375476721
      vertex 8.008739253459257 -10 10.325367666669425
      vertex 8.008739253459257 10 10.325367666669425
    endloop
  endfacet
  facet normal -0.42755509343028303 -5.59763457438758e-20 -0.9039892931234429
    outer loop
      vertex 8.638103660470343 -10 10.064676393610533
      vertex 8.329824927468687 -10 10.210481375476721
      vertex 8.329824927468687 10 10.210481375476721
    endloop
  endfacet
  facet normal -0.5141027441932216 -4.13970063072994e-20 -0.8577286100002722
    outer loop
      vertex 8.930606559743117 -10 9.889356902751345
      vertex 8.638103660470343 -10 10.064676393610533
      vertex 8.638103660470343 10 10.064676393610533
    endloop
  endfacet
  facet normal -0.8577286100002722 0 -0.5141027441932216
    outer loop
      vertex 9.889356902751345 -10 8.930606559743117
      vertex 9.889356902751345 10 8.930606559743117
      vertex 10.064676393610533 -10 8.638103660470343
    endloop
  endfacet
  facet normal -0.8032075314806465 0 -0.5956993044924312
    outer loop
      vertex 9.686211325435512 -10 9.204516662468668
      vertex 9.686211325435512 10 9.204516662468668
      vertex 9.889356902751345 -10 8.930606559743117
    endloop
  endfacet
  facet normal -0.5956993044924312 1.6511540017080948e-19 -0.8032075314806465
    outer loop
      vertex 9.204516662468668 -10 9.686211325435512
      vertex 8.930606559743117 -10 9.889356902751345
      vertex 8.930606559743117 10 9.889356902751345
    endloop
  endfacet
  facet normal -0.6715589548470209 -1.5646366123071546e-19 -0.7409511253549568
    outer loop
      vertex 9.457196064623252 -10 9.457196064623252
      vertex 9.204516662468668 -10 9.686211325435512
      vertex 9.204516662468668 10 9.686211325435512
    endloop
  endfacet
  facet normal -0.7409511253549568 0 -0.6715589548470209
    outer loop
      vertex 9.457196064623252 -10 9.457196064623252
      vertex 9.457196064623252 10 9.457196064623252
      vertex 9.686211325435512 -10 9.204516662468668
    endloop
  endfacet
  facet normal -0.8577286100002736 0 0.5141027441932192
    outer loop
      vertex 10.064676393610533 -10 5.361896339529658
      vertex 10.064676393610533 10 5.361896339529658
      vertex 9.889356902751345 -10 5.069393440256882
    endloop
  endfacet
  facet normal -0.9039892931234425 0 0.42755509343028403
    outer loop
      vertex 10.210481375476721 -10 5.670175072531313
      vertex 10.210481375476721 10 5.670175072531313
      vertex 10.064676393610533 -10 5.361896339529658
    endloop
  endfacet
  facet normal -0.9415440651830213 0 0.3368898533922189
    outer loop
      vertex 10.325367666669425 -10 5.9912607465407435
      vertex 10.325367666669425 10 5.9912607465407435
      vertex 10.210481375476721 -10 5.670175072531313
    endloop
  endfacet
  facet normal -0.9700312531945435 0 0.24298017990326598
    outer loop
      vertex 10.408228849401226 -10 6.322061130993954
      vertex 10.408228849401226 10 6.322061130993954
      vertex 10.325367666669425 -10 5.9912607465407435
    endloop
  endfacet
  facet normal -0.9891765099647813 0 0.14673047445535922
    outer loop
      vertex 10.458266925185884 -10 6.6593904373547765
      vertex 10.458266925185884 10 6.6593904373547765
      vertex 10.408228849401226 -10 6.322061130993954
    endloop
  endfacet
  facet normal -0.9987954562051724 0 0.04906767432741885
    outer loop
      vertex 10.475 -10 7
      vertex 10.475 10 7
      vertex 10.458266925185884 -10 6.6593904373547765
    endloop
  endfacet
  facet normal -0.9987954562051724 0 -0.04906767432741885
    outer loop
      vertex 10.458266925185884 -10 7.3406095626452235
      vertex 10.458266925185884 10 7.3406095626452235
      vertex 10.475 -10 7
    endloop
  endfacet
  facet normal -0.9891765099647813 0 -0.14673047445535922
    outer loop
      vertex 10.408228849401226 -10 7.677938869006046
      vertex 10.408228849401226 10 7.677938869006046
      vertex 10.458266925185884 -10 7.3406095626452235
    endloop
  endfacet
  facet normal -0.9415440651830209 0 -0.3368898533922197
    outer loop
      vertex 10.210481375476721 -10 8.329824927468687
      vertex 10.210481375476721 10 8.329824927468687
      vertex 10.325367666669425 -10 8.008739253459257
    endloop
  endfacet
  facet normal -0.9700312531945435 0 -0.24298017990326534
    outer loop
      vertex 10.325367666669425 -10 8.008739253459257
      vertex 10.325367666669425 10 8.008739253459257
      vertex 10.408228849401226 -10 7.677938869006046
    endloop
  endfacet
  facet normal -0.9039892931234429 0 -0.42755509343028303
    outer loop
      vertex 10.064676393610533 -10 8.638103660470343
      vertex 10.064676393610533 10 8.638103660470343
      vertex 10.210481375476721 -10 8.329824927468687
    endloop
  endfacet
  facet normal 0.8032075314806443 0 0.5956993044924342
    outer loop
      vertex 4.110643097248655 -10 5.069393440256882
      vertex 4.313788674564489 10 4.795483337531332
      vertex 4.110643097248655 10 5.069393440256882
    endloop
  endfacet
  facet normal 0.6715589548470196 0 0.7409511253549582
    outer loop
      vertex 4.542803935376748 -10 4.542803935376748
      vertex 4.795483337531332 10 4.313788674564489
      vertex 4.542803935376748 10 4.542803935376748
    endloop
  endfacet
  facet normal 0.5956993044924342 0 0.8032075314806443
    outer loop
      vertex 4.795483337531332 -10 4.313788674564489
      vertex 5.069393440256882 10 4.110643097248655
      vertex 4.795483337531332 10 4.313788674564489
    endloop
  endfacet
  facet normal 0.7409511253549582 0 0.6715589548470196
    outer loop
      vertex 4.313788674564489 -10 4.795483337531332
      vertex 4.542803935376748 10 4.542803935376748
      vertex 4.313788674564489 10 4.795483337531332
    endloop
  endfacet
  facet normal 0.9415440651830208 0 0.33688985339222005
    outer loop
      vertex 3.6746323333305746 -10 5.9912607465407435
      vertex 3.789518624523279 10 5.670175072531313
      vertex 3.6746323333305746 10 5.9912607465407435
    endloop
  endfacet
  facet normal 0.9700312531945438 0 0.24298017990326473
    outer loop
      vertex 3.5917711505987744 -10 6.322061130993954
      vertex 3.6746323333305746 10 5.9912607465407435
      vertex 3.5917711505987744 10 6.322061130993954
    endloop
  endfacet
  facet normal 0.989176509964781 0 0.14673047445536178
    outer loop
      vertex 3.541733074814116 -10 6.6593904373547765
      vertex 3.5917711505987744 10 6.322061130993954
      vertex 3.541733074814116 10 6.6593904373547765
    endloop
  endfacet
  facet normal 0.9987954562051725 0 0.04906767432741755
    outer loop
      vertex 3.5250000000000004 -10 7
      vertex 3.541733074814116 10 6.6593904373547765
      vertex 3.5250000000000004 10 7
    endloop
  endfacet
  facet normal 0.9987954562051725 0 -0.04906767432741755
    outer loop
      vertex 3.541733074814116 -10 7.3406095626452235
      vertex 3.5250000000000004 10 7
      vertex 3.541733074814116 10 7.3406095626452235
    endloop
  endfacet
  facet normal 0.989176509964781 0 -0.14673047445536178
    outer loop
      vertex 3.5917711505987744 -10 7.677938869006046
      vertex 3.541733074814116 10 7.3406095626452235
      vertex 3.5917711505987744 10 7.677938869006046
    endloop
  endfacet
  facet normal 0.9039892931234434 0 0.4275550934302819
    outer loop
      vertex 3.789518624523279 -10 5.670175072531313
      vertex 3.9353236063894665 10 5.361896339529658
      vertex 3.789518624523279 10 5.670175072531313
    endloop
  endfacet
  facet normal 0.8577286100002729 0 0.5141027441932201
    outer loop
      vertex 3.9353236063894665 -10 5.361896339529658
      vertex 4.110643097248655 10 5.069393440256882
      vertex 3.9353236063894665 10 5.361896339529658
    endloop
  endfacet
  facet normal 0.970031253194544 0 -0.24298017990326412
    outer loop
      vertex 3.6746323333305746 -10 8.008739253459257
      vertex 3.5917711505987744 10 7.677938869006046
      vertex 3.6746323333305746 10 8.008739253459257
    endloop
  endfacet
  facet normal 0.9415440651830205 0 -0.33688985339222083
    outer loop
      vertex 3.789518624523279 -10 8.329824927468687
      vertex 3.6746323333305746 10 8.008739253459257
      vertex 3.789518624523279 10 8.329824927468687
    endloop
  endfacet
  facet normal 0.9039892931234439 0 -0.42755509343028086
    outer loop
      vertex 3.9353236063894665 -10 8.638103660470343
      vertex 3.789518624523279 10 8.329824927468687
      vertex 3.9353236063894665 10 8.638103660470343
    endloop
  endfacet
  facet normal 0.8577286100002716 0 -0.5141027441932224
    outer loop
      vertex 4.110643097248655 -10 8.930606559743117
      vertex 3.9353236063894665 10 8.638103660470343
      vertex 4.110643097248655 10 8.930606559743117
    endloop
  endfacet
  facet normal 0.8032075314806453 0 -0.5956993044924329
    outer loop
      vertex 4.313788674564489 -10 9.204516662468668
      vertex 4.110643097248655 10 8.930606559743117
      vertex 4.313788674564489 10 9.204516662468668
    endloop
  endfacet
  facet normal 0.7409511253549582 0 -0.6715589548470196
    outer loop
      vertex 4.542803935376748 -10 9.457196064623252
      vertex 4.313788674564489 10 9.204516662468668
      vertex 4.542803935376748 10 9.457196064623252
    endloop
  endfacet
  facet normal 0.6715589548470209 0 -0.7409511253549568
    outer loop
      vertex 4.795483337531332 -10 9.686211325435512
      vertex 4.542803935376748 10 9.457196064623252
      vertex 4.795483337531332 10 9.686211325435512
    endloop
  endfacet
  facet normal 0.5956993044924326 0 -0.8032075314806455
    outer loop
      vertex 5.069393440256882 -10 9.889356902751345
      vertex 4.795483337531332 10 9.686211325435512
      vertex 5.069393440256882 10 9.889356902751345
    endloop
  endfacet
  facet normal 0.4275550934302819 0 0.9039892931234434
    outer loop
      vertex 5.361896339529658 -10 3.9353236063894665
      vertex 5.670175072531313 10 3.789518624523279
      vertex 5.361896339529658 10 3.9353236063894665
    endloop
  endfacet
  facet normal 0.33688985339222005 0 0.9415440651830208
    outer loop
      vertex 5.670175072531313 -10 3.789518624523279
      vertex 5.9912607465407435 10 3.6746323333305746
      vertex 5.670175072531313 10 3.789518624523279
    endloop
  endfacet
  facet normal 0.24298017990326473 0 0.9700312531945438
    outer loop
      vertex 5.9912607465407435 -10 3.6746323333305746
      vertex 6.322061130993954 10 3.5917711505987744
      vertex 5.9912607465407435 10 3.6746323333305746
    endloop
  endfacet
  facet normal 0.5141027441932201 0 0.8577286100002729
    outer loop
      vertex 5.069393440256882 -10 4.110643097248655
      vertex 5.361896339529658 10 3.9353236063894665
      vertex 5.069393440256882 10 4.110643097248655
    endloop
  endfacet
  facet normal 0.14673047445536178 0 0.989176509964781
    outer loop
      vertex 6.322061130993954 -10 3.5917711505987744
      vertex 6.6593904373547765 10 3.541733074814116
      vertex 6.322061130993954 10 3.5917711505987744
    endloop
  endfacet
  facet normal 0.04906767432741755 0 0.9987954562051725
    outer loop
      vertex 6.6593904373547765 -10 3.541733074814116
      vertex 7 10 3.5250000000000004
      vertex 6.6593904373547765 10 3.541733074814116
    endloop
  endfacet
  facet normal -0.04906767432741755 0 0.9987954562051725
    outer loop
      vertex 7 -10 3.5250000000000004
      vertex 7.3406095626452235 10 3.541733074814116
      vertex 7 10 3.5250000000000004
    endloop
  endfacet
  facet normal -0.14673047445536178 0 0.989176509964781
    outer loop
      vertex 7.3406095626452235 -10 3.541733074814116
      vertex 7.677938869006046 10 3.5917711505987744
      vertex 7.3406095626452235 10 3.541733074814116
    endloop
  endfacet
  facet normal -0.24298017990326412 0 0.970031253194544
    outer loop
      vertex 7.677938869006046 -10 3.5917711505987744
      vertex 8.008739253459257 10 3.6746323333305746
      vertex 7.677938869006046 10 3.5917711505987744
    endloop
  endfacet
  facet normal -0.33688985339222083 0 0.9415440651830205
    outer loop
      vertex 8.008739253459257 -10 3.6746323333305746
      vertex 8.329824927468687 10 3.789518624523279
      vertex 8.008739253459257 10 3.6746323333305746
    endloop
  endfacet
  facet normal -0.42755509343028086 0 0.9039892931234439
    outer loop
      vertex 8.329824927468687 -10 3.789518624523279
      vertex 8.638103660470343 10 3.9353236063894665
      vertex 8.329824927468687 10 3.789518624523279
    endloop
  endfacet
  facet normal -0.5141027441932224 0 0.8577286100002716
    outer loop
      vertex 8.638103660470343 -10 3.9353236063894665
      vertex 8.930606559743117 10 4.110643097248655
      vertex 8.638103660470343 10 3.9353236063894665
    endloop
  endfacet
  facet normal -0.5956993044924329 0 0.8032075314806453
    outer loop
      vertex 8.930606559743117 -10 4.110643097248655
      vertex 9.204516662468668 10 4.313788674564489
      vertex 8.930606559743117 10 4.110643097248655
    endloop
  endfacet
  facet normal -0.6715589548470196 0 0.7409511253549582
    outer loop
      vertex 9.204516662468668 -10 4.313788674564489
      vertex 9.457196064623252 10 4.542803935376748
      vertex 9.204516662468668 10 4.313788674564489
    endloop
  endfacet
  facet normal -0.7409511253549568 0 0.6715589548470209
    outer loop
      vertex 9.457196064623252 -10 4.542803935376748
      vertex 9.686211325435512 10 4.795483337531332
      vertex 9.457196064623252 10 4.542803935376748
    endloop
  endfacet
  facet normal -0.8032075314806455 0 0.5956993044924326
    outer loop
      vertex 9.686211325435512 -10 4.795483337531332
      vertex 9.889356902751345 10 5.069393440256882
      vertex 9.686211325435512 10 4.795483337531332
    endloop
  endfacet
  facet normal -0.8577286100002736 0 0.5141027441932192
    outer loop
      vertex 9.889356902751345 -10 5.069393440256882
      vertex 10.064676393610533 10 5.361896339529658
      vertex 9.889356902751345 10 5.069393440256882
    endloop
  endfacet
  facet normal 0.5141027441932192 0 -0.8577286100002736
    outer loop
      vertex 5.361896339529658 -10 10.064676393610533
      vertex 5.069393440256882 10 9.889356902751345
      vertex 5.361896339529658 10 10.064676393610533
    endloop
  endfacet
  facet normal 0.42755509343028403 0 -0.9039892931234425
    outer loop
      vertex 5.670175072531313 -10 10.210481375476721
      vertex 5.361896339529658 10 10.064676393610533
      vertex 5.670175072531313 10 10.210481375476721
    endloop
  endfacet
  facet normal 0.3368898533922189 0 -0.9415440651830213
    outer loop
      vertex 5.9912607465407435 -10 10.325367666669425
      vertex 5.670175072531313 10 10.210481375476721
      vertex 5.9912607465407435 10 10.325367666669425
    endloop
  endfacet
  facet normal 0.24298017990326598 0 -0.9700312531945435
    outer loop
      vertex 6.322061130993954 -10 10.408228849401226
      vertex 5.9912607465407435 10 10.325367666669425
      vertex 6.322061130993954 10 10.408228849401226
    endloop
  endfacet
  facet normal 0.14673047445535922 0 -0.9891765099647813
    outer loop
      vertex 6.6593904373547765 -10 10.458266925185884
      vertex 6.322061130993954 10 10.408228849401226
      vertex 6.6593904373547765 10 10.458266925185884
    endloop
  endfacet
  facet normal 0.04906767432741885 0 -0.9987954562051724
    outer loop
      vertex 7 -10 10.475
      vertex 6.6593904373547765 10 10.458266925185884
      vertex 7 10 10.475
    endloop
  endfacet
  facet normal -0.04906767432741885 0 -0.9987954562051724
    outer loop
      vertex 7.3406095626452235 -10 10.458266925185884
      vertex 7 10 10.475
      vertex 7.3406095626452235 10 10.458266925185884
    endloop
  endfacet
  facet normal -0.14673047445535922 0 -0.9891765099647813
    outer loop
      vertex 7.677938869006046 -10 10.408228849401226
      vertex 7.3406095626452235 10 10.458266925185884
      vertex 7.677938869006046 10 10.408228849401226
    endloop
  endfacet
  facet normal -0.24298017990326534 0 -0.9700312531945435
    outer loop
      vertex 8.008739253459257 -10 10.325367666669425
      vertex 7.677938869006046 10 10.408228849401226
      vertex 8.008739253459257 10 10.325367666669425
    endloop
  endfacet
  facet normal -0.3368898533922197 0 -0.9415440651830209
    outer loop
      vertex 8.329824927468687 -10 10.210481375476721
      vertex 8.008739253459257 10 10.325367666669425
      vertex 8.329824927468687 10 10.210481375476721
    endloop
  endfacet
  facet normal -0.42755509343028303 0 -0.9039892931234429
    outer loop
      vertex 8.638103660470343 -10 10.064676393610533
      vertex 8.329824927468687 10 10.210481375476721
      vertex 8.638103660470343 10 10.064676393610533
    endloop
  endfacet
  facet normal -0.8032075314806465 0 -0.5956993044924312
    outer loop
      vertex 9.889356902751345 -10 8.930606559743117
      vertex 9.686211325435512 10 9.204516662468668
      vertex 9.889356902751345 10 8.930606559743117
    endloop
  endfacet
  facet normal -0.5956993044924312 0 -0.8032075314806465
    outer loop
      vertex 9.204516662468668 -10 9.686211325435512
      vertex 8.930606559743117 10 9.889356902751345
      vertex 9.204516662468668 10 9.686211325435512
    endloop
  endfacet
  facet normal -0.6715589548470209 0 -0.7409511253549568
    outer loop
      vertex 9.457196064623252 -10 9.457196064623252
      vertex 9.204516662468668 10 9.686211325435512
      vertex 9.457196064623252 10 9.457196064623252
    endloop
  endfacet
  facet normal -0.5141027441932216 0 -0.8577286100002722
    outer loop
      vertex 8.930606559743117 -10 9.889356902751345
      vertex 8.638103660470343 10 10.064676393610533
      vertex 8.930606559743117 10 9.889356902751345
    endloop
  endfacet
  facet normal -0.7409511253549568 0 -0.6715589548470209
    outer loop
      vertex 9.686211325435512 -10 9.204516662468668
      vertex 9.457196064623252 10 9.457196064623252
      vertex 9.686211325435512 10 9.204516662468668
    endloop
  endfacet
  facet normal -0.9039892931234425 0 0.42755509343028403
    outer loop
      vertex 10.064676393610533 -10 5.361896339529658
      vertex 10.210481375476721 10 5.670175072531313
      vertex 10.064676393610533 10 5.361896339529658
    endloop
  endfacet
  facet normal -0.9415440651830213 0 0.3368898533922189
    outer loop
      vertex 10.210481375476721 -10 5.670175072531313
      vertex 10.325367666669425 10 5.9912607465407435
      vertex 10.210481375476721 10 5.670175072531313
    endloop
  endfacet
  facet normal -0.9700312531945435 0 0.24298017990326598
    outer loop
      vertex 10.325367666669425 -10 5.9912607465407435
      vertex 10.408228849401226 10 6.322061130993954
      vertex 10.325367666669425 10 5.9912607465407435
    endloop
  endfacet
  facet normal -0.9891765099647813 0 0.14673047445535922
    outer loop
      vertex 10.408228849401226 -10 6.322061130993954
      vertex 10.458266925185884 10 6.6593904373547765
      vertex 10.408228849401226 10 6.322061130993954
    endloop
  endfacet
  facet normal -0.9987954562051724 0 0.04906767432741885
    outer loop
      vertex 10.458266925185884 -10 6.6593904373547765
      vertex 10.475 10 7
      vertex 10.458266925185884 10 6.6593904373547765
    endloop
  endfacet
  facet normal -0.9987954562051724 0 -0.04906767432741885
    outer loop
      vertex 10.475 -10 7
      vertex 10.458266925185884 10 7.3406095626452235
      vertex 10.475 10 7
    endloop
  endfacet
  facet normal -0.9891765099647813 0 -0.14673047445535922
    outer loop
      vertex 10.458266925185884 -10 7.3406095626452235
      vertex 10.408228849401226 10 7.677938869006046
      vertex 10.458266925185884 10 7.3406095626452235
    endloop
  endfacet
  facet normal -0.9700312531945435 0 -0.24298017990326534
    outer loop
      vertex 10.408228849401226 -10 7.677938869006046
      vertex 10.325367666669425 10 8.008739253459257
      vertex 10.408228849401226 10 7.677938869006046
    endloop
  endfacet
  facet normal -0.9415440651830209 0 -0.3368898533922197
    outer loop
      vertex 10.325367666669425 -10 8.008739253459257
      vertex 10.210481375476721 10 8.329824927468687
      vertex 10.325367666669425 10 8.008739253459257
    endloop
  endfacet
  facet normal -0.9039892931234429 0 -0.42755509343028303
    outer loop
      vertex 10.210481375476721 -10 8.329824927468687
      vertex 10.064676393610533 10 8.638103660470343
      vertex 10.210481375476721 10 8.329824927468687
    endloop
  endfacet
  facet normal -0.8577286100002722 0 -0.5141027441932216
    outer loop
      vertex 10.064676393610533 -10 8.638103660470343
      vertex 9.889356902751345 10 8.930606559743117
      vertex 10.064676393610533 10 8.638103660470343
    endloop
  endfacet
  facet normal 0.8577286100002736 0 0.5141027441932192
    outer loop
      vertex 14.110643097248655 -10 5.069393440256882
      vertex 14.110643097248655 10 5.069393440256882
      vertex 13.935323606389467 -10 5.361896339529658
    endloop
  endfacet
  facet normal 0.8032075314806455 0 0.5956993044924326
    outer loop
      vertex 14.313788674564488 10 4.795483337531332
      vertex 14.110643097248655 -10 5.069393440256882
      vertex 14.313788674564488 -10 4.795483337531332
    endloop
  endfacet
  facet normal 0.5956993044924329 0 0.8032075314806453
    outer loop
      vertex 15.069393440256883 10 4.110643097248655
      vertex 14.795483337531332 -10 4.313788674564489
      vertex 15.069393440256883 -10 4.110643097248655
    endloop
  endfacet
  facet normal 0.6715589548470196 0 0.7409511253549582
    outer loop
      vertex 14.795483337531332 10 4.313788674564489
      vertex 14.542803935376748 -10 4.542803935376748
      vertex 14.795483337531332 -10 4.313788674564489
    endloop
  endfacet
  facet normal 0.7409511253549568 -1.5646366123071546e-19 0.6715589548470209
    outer loop
      vertex 14.313788674564488 -10 4.795483337531332
      vertex 14.542803935376748 -10 4.542803935376748
      vertex 14.542803935376748 10 4.542803935376748
    endloop
  endfacet
  facet normal 0.9700312531945435 0 0.24298017990326598
    outer loop
      vertex 13.674632333330575 -10 5.9912607465407435
      vertex 13.674632333330575 10 5.9912607465407435
      vertex 13.591771150598774 -10 6.322061130993954
    endloop
  endfacet
  facet normal 0.9891765099647813 0 0.14673047445535922
    outer loop
      vertex 13.591771150598774 -10 6.322061130993954
      vertex 13.591771150598774 10 6.322061130993954
      vertex 13.541733074814116 -10 6.6593904373547765
    endloop
  endfacet
  facet normal 0.9987954562051724 0 0.04906767432741885
    outer loop
      vertex 13.541733074814116 -10 6.6593904373547765
      vertex 13.541733074814116 10 6.6593904373547765
      vertex 13.525 -10 7
    endloop
  endfacet
  facet normal 0.9987954562051724 0 -0.04906767432741885
    outer loop
      vertex 13.525 -10 7
      vertex 13.525 10 7
      vertex 13.541733074814116 -10 7.3406095626452235
    endloop
  endfacet
  facet normal 0.9891765099647813 0 -0.14673047445535922
    outer loop
      vertex 13.541733074814116 -10 7.3406095626452235
      vertex 13.541733074814116 10 7.3406095626452235
      vertex 13.591771150598774 -10 7.677938869006046
    endloop
  endfacet
  facet normal 0.9700312531945435 0 -0.24298017990326534
    outer loop
      vertex 13.591771150598774 -10 7.677938869006046
      vertex 13.591771150598774 10 7.677938869006046
      vertex 13.674632333330575 -10 8.008739253459257
    endloop
  endfacet
  facet normal 0.9039892931234425 0 0.42755509343028403
    outer loop
      vertex 13.935323606389467 -10 5.361896339529658
      vertex 13.935323606389467 10 5.361896339529658
      vertex 13.789518624523279 -10 5.670175072531313
    endloop
  endfacet
  facet normal 0.9415440651830213 0 0.3368898533922189
    outer loop
      vertex 13.789518624523279 -10 5.670175072531313
      vertex 13.789518624523279 10 5.670175072531313
      vertex 13.674632333330575 -10 5.9912607465407435
    endloop
  endfacet
  facet normal 0.9415440651830209 0 -0.3368898533922197
    outer loop
      vertex 13.674632333330575 -10 8.008739253459257
      vertex 13.674632333330575 10 8.008739253459257
      vertex 13.789518624523279 -10 8.329824927468687
    endloop
  endfacet
  facet normal 0.9039892931234429 0 -0.42755509343028303
    outer loop
      vertex 13.789518624523279 -10 8.329824927468687
      vertex 13.789518624523279 10 8.329824927468687
      vertex 13.935323606389467 -10 8.638103660470343
    endloop
  endfacet
  facet normal 0.8577286100002722 0 -0.5141027441932216
    outer loop
      vertex 13.935323606389467 -10 8.638103660470343
      vertex 13.935323606389467 10 8.638103660470343
      vertex 14.110643097248655 -10 8.930606559743117
    endloop
  endfacet
  facet normal 0.8032075314806465 0 -0.5956993044924312
    outer loop
      vertex 14.110643097248655 -10 8.930606559743117
      vertex 14.110643097248655 10 8.930606559743117
      vertex 14.313788674564488 -10 9.204516662468668
    endloop
  endfacet
  facet normal 0.7409511253549568 0 -0.6715589548470209
    outer loop
      vertex 14.313788674564488 -10 9.204516662468668
      vertex 14.313788674564488 10 9.204516662468668
      vertex 14.542803935376748 -10 9.457196064623252
    endloop
  endfacet
  facet normal 0.6715589548470209 0 -0.7409511253549568
    outer loop
      vertex 14.542803935376748 -10 9.457196064623252
      vertex 14.542803935376748 10 9.457196064623252
      vertex 14.795483337531332 -10 9.686211325435512
    endloop
  endfacet
  facet normal 0.5956993044924312 -1.6511540017080948e-19 -0.8032075314806465
    outer loop
      vertex 15.069393440256883 -10 9.889356902751345
      vertex 14.795483337531332 -10 9.686211325435512
      vertex 14.795483337531332 10 9.686211325435512
    endloop
  endfacet
  facet normal 0.42755509343028086 0 0.9039892931234439
    outer loop
      vertex 15.670175072531313 10 3.789518624523279
      vertex 15.361896339529657 -10 3.9353236063894665
      vertex 15.670175072531313 -10 3.789518624523279
    endloop
  endfacet
  facet normal 0.33688985339222083 0 0.9415440651830205
    outer loop
      vertex 15.991260746540743 10 3.6746323333305746
      vertex 15.670175072531313 -10 3.789518624523279
      vertex 15.991260746540743 -10 3.6746323333305746
    endloop
  endfacet
  facet normal 0.24298017990326348 0 0.970031253194544
    outer loop
      vertex 16.322061130993955 10 3.5917711505987744
      vertex 15.991260746540743 -10 3.6746323333305746
      vertex 16.322061130993955 -10 3.5917711505987744
    endloop
  endfacet
  facet normal 0.5141027441932224 0 0.8577286100002716
    outer loop
      vertex 15.361896339529657 10 3.9353236063894665
      vertex 15.069393440256883 -10 4.110643097248655
      vertex 15.361896339529657 -10 3.9353236063894665
    endloop
  endfacet
  facet normal 0.14673047445536216 0 0.9891765099647809
    outer loop
      vertex 16.659390437354777 10 3.541733074814116
      vertex 16.322061130993955 -10 3.5917711505987744
      vertex 16.659390437354777 -10 3.541733074814116
    endloop
  endfacet
  facet normal 0.04906767432741755 0 0.9987954562051725
    outer loop
      vertex 17 10 3.5250000000000004
      vertex 16.659390437354777 -10 3.541733074814116
      vertex 17 -10 3.5250000000000004
    endloop
  endfacet
  facet normal -0.04906767432741755 0 0.9987954562051725
    outer loop
      vertex 17.340609562645223 10 3.541733074814116
      vertex 17 -10 3.5250000000000004
      vertex 17.340609562645223 -10 3.541733074814116
    endloop
  endfacet
  facet normal -0.14673047445536216 0 0.9891765099647809
    outer loop
      vertex 17.677938869006045 10 3.5917711505987744
      vertex 17.340609562645223 -10 3.541733074814116
      vertex 17.677938869006045 -10 3.5917711505987744
    endloop
  endfacet
  facet normal -0.24298017990326348 0 0.970031253194544
    outer loop
      vertex 18.008739253459257 10 3.6746323333305746
      vertex 17.677938869006045 -10 3.5917711505987744
      vertex 18.008739253459257 -10 3.6746323333305746
    endloop
  endfacet
  facet normal -0.3368898533922225 0 0.9415440651830199
    outer loop
      vertex 18.329824927468685 10 3.789518624523279
      vertex 18.008739253459257 -10 3.6746323333305746
      vertex 18.329824927468685 -10 3.789518624523279
    endloop
  endfacet
  facet normal -0.42755509343027887 0 0.9039892931234448
    outer loop
      vertex 18.638103660470343 10 3.9353236063894665
      vertex 18.329824927468685 -10 3.789518624523279
      vertex 18.638103660470343 -10 3.9353236063894665
    endloop
  endfacet
  facet normal -0.5141027441932201 0 0.8577286100002729
    outer loop
      vertex 18.93060655974312 10 4.110643097248655
      vertex 18.638103660470343 -10 3.9353236063894665
      vertex 18.93060655974312 -10 4.110643097248655
    endloop
  endfacet
  facet normal -0.5956993044924379 0 0.8032075314806415
    outer loop
      vertex 19.204516662468667 10 4.313788674564489
      vertex 18.93060655974312 -10 4.110643097248655
      vertex 19.204516662468667 -10 4.313788674564489
    endloop
  endfacet
  facet normal -0.6715589548470143 0 0.7409511253549629
    outer loop
      vertex 19.457196064623254 10 4.542803935376748
      vertex 19.204516662468667 -10 4.313788674564489
      vertex 19.457196064623254 -10 4.542803935376748
    endloop
  endfacet
  facet normal -0.7409511253549593 0 0.671558954847018
    outer loop
      vertex 19.68621132543551 10 4.795483337531332
      vertex 19.457196064623254 -10 4.542803935376748
      vertex 19.68621132543551 -10 4.795483337531332
    endloop
  endfacet
  facet normal -0.8032075314806455 0 0.5956993044924326
    outer loop
      vertex 19.889356902751345 10 5.069393440256882
      vertex 19.68621132543551 -10 4.795483337531332
      vertex 19.889356902751345 -10 5.069393440256882
    endloop
  endfacet
  facet normal 0.5141027441932216 4.13970063072994e-20 -0.8577286100002722
    outer loop
      vertex 15.361896339529657 -10 10.064676393610533
      vertex 15.069393440256883 -10 9.889356902751345
      vertex 15.069393440256883 10 9.889356902751345
    endloop
  endfacet
  facet normal 0.42755509343028303 5.59763457438758e-20 -0.9039892931234429
    outer loop
      vertex 15.670175072531313 -10 10.210481375476721
      vertex 15.361896339529657 -10 10.064676393610533
      vertex 15.361896339529657 10 10.064676393610533
    endloop
  endfacet
  facet normal 0.3368898533922197 -8.078443177835666e-20 -0.9415440651830209
    outer loop
      vertex 15.991260746540743 -10 10.325367666669425
      vertex 15.670175072531313 -10 10.210481375476721
      vertex 15.670175072531313 10 10.210481375476721
    endloop
  endfacet
  facet normal 0.24298017990326473 -2.1240772177072497e-19 -0.9700312531945438
    outer loop
      vertex 16.322061130993955 -10 10.408228849401226
      vertex 15.991260746540743 -10 10.325367666669425
      vertex 15.991260746540743 10 10.325367666669425
    endloop
  endfacet
  facet normal 0.1467304744553596 1.8748672654394617e-19 -0.9891765099647813
    outer loop
      vertex 16.659390437354777 -10 10.458266925185884
      vertex 16.322061130993955 -10 10.408228849401226
      vertex 16.322061130993955 10 10.408228849401226
    endloop
  endfacet
  facet normal 0.04906767432741885 3.869085448619474e-20 -0.9987954562051724
    outer loop
      vertex 17 -10 10.475
      vertex 16.659390437354777 -10 10.458266925185884
      vertex 16.659390437354777 10 10.458266925185884
    endloop
  endfacet
  facet normal -0.04906767432741885 -3.869085448619474e-20 -0.9987954562051724
    outer loop
      vertex 17.340609562645223 -10 10.458266925185884
      vertex 17 -10 10.475
      vertex 17 10 10.475
    endloop
  endfacet
  facet normal -0.1467304744553596 -1.8748672654394617e-19 -0.9891765099647813
    outer loop
      vertex 17.677938869006045 -10 10.408228849401226
      vertex 17.340609562645223 -10 10.458266925185884
      vertex 17.340609562645223 10 10.458266925185884
    endloop
  endfacet
  facet normal -0.24298017990326473 2.1240772177072497e-19 -0.9700312531945438
    outer loop
      vertex 18.008739253459257 -10 10.325367666669425
      vertex 17.677938869006045 -10 10.408228849401226
      vertex 17.677938869006045 10 10.408228849401226
    endloop
  endfacet
  facet normal -0.33688985339222133 4.9881315241261865e-19 -0.9415440651830203
    outer loop
      vertex 18.329824927468685 -10 10.210481375476721
      vertex 18.008739253459257 -10 10.325367666669425
      vertex 18.008739253459257 10 10.325367666669425
    endloop
  endfacet
  facet normal -0.427555093430281 -3.8771643121594783e-19 -0.9039892931234438
    outer loop
      vertex 18.638103660470343 -10 10.064676393610533
      vertex 18.329824927468685 -10 10.210481375476721
      vertex 18.329824927468685 10 10.210481375476721
    endloop
  endfacet
  facet normal -0.5141027441932192 7.886693691875395e-20 -0.8577286100002736
    outer loop
      vertex 18.93060655974312 -10 9.889356902751345
      vertex 18.638103660470343 -10 10.064676393610533
      vertex 18.638103660470343 10 10.064676393610533
    endloop
  endfacet
  facet normal -0.8577286100002722 0 -0.5141027441932216
    outer loop
      vertex 19.889356902751345 -10 8.930606559743117
      vertex 19.889356902751345 10 8.930606559743117
      vertex 20.064676393610533 -10 8.638103660470343
    endloop
  endfacet
  facet normal -0.8032075314806465 0 -0.5956993044924312
    outer loop
      vertex 19.68621132543551 -10 9.204516662468668
      vertex 19.68621132543551 10 9.204516662468668
      vertex 19.889356902751345 -10 8.930606559743117
    endloop
  endfacet
  facet normal -0.5956993044924362 1.75834014809567e-19 -0.8032075314806427
    outer loop
      vertex 19.204516662468667 -10 9.686211325435512
      vertex 18.93060655974312 -10 9.889356902751345
      vertex 18.93060655974312 10 9.889356902751345
    endloop
  endfacet
  facet normal -0.6715589548470158 -4.1672130487405333e-19 -0.7409511253549615
    outer loop
      vertex 19.457196064623254 -10 9.457196064623252
      vertex 19.204516662468667 -10 9.686211325435512
      vertex 19.204516662468667 10 9.686211325435512
    endloop
  endfacet
  facet normal -0.7409511253549593 -4.759929278710089e-19 -0.671558954847018
    outer loop
      vertex 19.68621132543551 -10 9.204516662468668
      vertex 19.457196064623254 -10 9.457196064623252
      vertex 19.457196064623254 10 9.457196064623252
    endloop
  endfacet
  facet normal 0.8032075314806455 0 0.5956993044924326
    outer loop
      vertex 14.110643097248655 -10 5.069393440256882
      vertex 14.313788674564488 10 4.795483337531332
      vertex 14.110643097248655 10 5.069393440256882
    endloop
  endfacet
  facet normal 0.6715589548470196 1.9245793026390657e-19 0.7409511253549582
    outer loop
      vertex 14.795483337531332 10 4.313788674564489
      vertex 14.542803935376748 10 4.542803935376748
      vertex 14.542803935376748 -10 4.542803935376748
    endloop
  endfacet
  facet normal 0.5956993044924329 1.0357133711853153e-19 0.8032075314806453
    outer loop
      vertex 15.069393440256883 10 4.110643097248655
      vertex 14.795483337531332 10 4.313788674564489
      vertex 14.795483337531332 -10 4.313788674564489
    endloop
  endfacet
  facet normal 0.7409511253549568 0 0.6715589548470209
    outer loop
      vertex 14.313788674564488 10 4.795483337531332
      vertex 14.313788674564488 -10 4.795483337531332
      vertex 14.542803935376748 10 4.542803935376748
    endloop
  endfacet
  facet normal 0.9415440651830213 0 0.3368898533922189
    outer loop
      vertex 13.674632333330575 -10 5.9912607465407435
      vertex 13.789518624523279 10 5.670175072531313
      vertex 13.674632333330575 10 5.9912607465407435
    endloop
  endfacet
  facet normal 0.9700312531945435 0 0.24298017990326598
    outer loop
      vertex 13.591771150598774 -10 6.322061130993954
      vertex 13.674632333330575 10 5.9912607465407435
      vertex 13.591771150598774 10 6.322061130993954
    endloop
  endfacet
  facet normal 0.9891765099647813 0 0.14673047445535922
    outer loop
      vertex 13.541733074814116 -10 6.6593904373547765
      vertex 13.591771150598774 10 6.322061130993954
      vertex 13.541733074814116 10 6.6593904373547765
    endloop
  endfacet
  facet normal 0.9987954562051724 0 0.04906767432741885
    outer loop
      vertex 13.525 -10 7
      vertex 13.541733074814116 10 6.6593904373547765
      vertex 13.525 10 7
    endloop
  endfacet
  facet normal 0.9987954562051724 0 -0.04906767432741885
    outer loop
      vertex 13.541733074814116 -10 7.3406095626452235
      vertex 13.525 10 7
      vertex 13.541733074814116 10 7.3406095626452235
    endloop
  endfacet
  facet normal 0.9891765099647813 0 -0.14673047445535922
    outer loop
      vertex 13.591771150598774 -10 7.677938869006046
      vertex 13.541733074814116 10 7.3406095626452235
      vertex 13.591771150598774 10 7.677938869006046
    endloop
  endfacet
  facet normal 0.9039892931234425 0 0.42755509343028403
    outer loop
      vertex 13.789518624523279 -10 5.670175072531313
      vertex 13.935323606389467 10 5.361896339529658
      vertex 13.789518624523279 10 5.670175072531313
    endloop
  endfacet
  facet normal 0.8577286100002736 0 0.5141027441932192
    outer loop
      vertex 13.935323606389467 -10 5.361896339529658
      vertex 14.110643097248655 10 5.069393440256882
      vertex 13.935323606389467 10 5.361896339529658
    endloop
  endfacet
  facet normal 0.9700312531945435 0 -0.24298017990326534
    outer loop
      vertex 13.674632333330575 -10 8.008739253459257
      vertex 13.591771150598774 10 7.677938869006046
      vertex 13.674632333330575 10 8.008739253459257
    endloop
  endfacet
  facet normal 0.9415440651830209 0 -0.3368898533922197
    outer loop
      vertex 13.789518624523279 -10 8.329824927468687
      vertex 13.674632333330575 10 8.008739253459257
      vertex 13.789518624523279 10 8.329824927468687
    endloop
  endfacet
  facet normal 0.9039892931234429 0 -0.42755509343028303
    outer loop
      vertex 13.935323606389467 -10 8.638103660470343
      vertex 13.789518624523279 10 8.329824927468687
      vertex 13.935323606389467 10 8.638103660470343
    endloop
  endfacet
  facet normal 0.8577286100002722 0 -0.5141027441932216
    outer loop
      vertex 14.110643097248655 -10 8.930606559743117
      vertex 13.935323606389467 10 8.638103660470343
      vertex 14.110643097248655 10 8.930606559743117
    endloop
  endfacet
  facet normal 0.8032075314806465 0 -0.5956993044924312
    outer loop
      vertex 14.313788674564488 -10 9.204516662468668
      vertex 14.110643097248655 10 8.930606559743117
      vertex 14.313788674564488 10 9.204516662468668
    endloop
  endfacet
  facet normal 0.7409511253549568 0 -0.6715589548470209
    outer loop
      vertex 14.542803935376748 -10 9.457196064623252
      vertex 14.313788674564488 10 9.204516662468668
      vertex 14.542803935376748 10 9.457196064623252
    endloop
  endfacet
  facet normal 0.6715589548470209 0 -0.7409511253549568
    outer loop
      vertex 14.795483337531332 -10 9.686211325435512
      vertex 14.542803935376748 10 9.457196064623252
      vertex 14.795483337531332 10 9.686211325435512
    endloop
  endfacet
  facet normal 0.5956993044924312 0 -0.8032075314806465
    outer loop
      vertex 15.069393440256883 -10 9.889356902751345
      vertex 14.795483337531332 10 9.686211325435512
      vertex 15.069393440256883 10 9.889356902751345
    endloop
  endfacet
  facet normal 0.42755509343028086 4.116872083149538e-19 0.9039892931234439
    outer loop
      vertex 15.670175072531313 10 3.789518624523279
      vertex 15.361896339529657 10 3.9353236063894665
      vertex 15.361896339529657 -10 3.9353236063894665
    endloop
  endfacet
  facet normal 0.33688985339222083 -4.782445729380665e-19 0.9415440651830205
    outer loop
      vertex 15.991260746540743 10 3.6746323333305746
      vertex 15.670175072531313 10 3.789518624523279
      vertex 15.670175072531313 -10 3.789518624523279
    endloop
  endfacet
  facet normal 0.24298017990326348 -1.2207930721265374e-19 0.970031253194544
    outer loop
      vertex 16.322061130993955 10 3.5917711505987744
      vertex 15.991260746540743 10 3.6746323333305746
      vertex 15.991260746540743 -10 3.6746323333305746
    endloop
  endfacet
  facet normal 0.5141027441932224 2.4327850261332283e-19 0.8577286100002716
    outer loop
      vertex 15.361896339529657 10 3.9353236063894665
      vertex 15.069393440256883 10 4.110643097248655
      vertex 15.069393440256883 -10 4.110643097248655
    endloop
  endfacet
  facet normal 0.14673047445536216 1.3995336109078689e-19 0.9891765099647809
    outer loop
      vertex 16.659390437354777 10 3.541733074814116
      vertex 16.322061130993955 10 3.5917711505987744
      vertex 16.322061130993955 -10 3.5917711505987744
    endloop
  endfacet
  facet normal 0.04906767432741755 1.1172613470814411e-20 0.9987954562051725
    outer loop
      vertex 17 10 3.5250000000000004
      vertex 16.659390437354777 10 3.541733074814116
      vertex 16.659390437354777 -10 3.541733074814116
    endloop
  endfacet
  facet normal -0.04906767432741755 -1.1172613470814411e-20 0.9987954562051725
    outer loop
      vertex 17.340609562645223 10 3.541733074814116
      vertex 17 10 3.5250000000000004
      vertex 17 -10 3.5250000000000004
    endloop
  endfacet
  facet normal -0.14673047445536216 -1.3995336109078689e-19 0.9891765099647809
    outer loop
      vertex 17.677938869006045 10 3.5917711505987744
      vertex 17.340609562645223 10 3.541733074814116
      vertex 17.340609562645223 -10 3.541733074814116
    endloop
  endfacet
  facet normal -0.24298017990326348 1.2207930721265374e-19 0.970031253194544
    outer loop
      vertex 18.008739253459257 10 3.6746323333305746
      vertex 17.677938869006045 10 3.5917711505987744
      vertex 17.677938869006045 -10 3.5917711505987744
    endloop
  endfacet
  facet normal -0.3368898533922225 6.021585230369176e-20 0.9415440651830199
    outer loop
      vertex 18.329824927468685 10 3.789518624523279
      vertex 18.008739253459257 10 3.6746323333305746
      vertex 18.008739253459257 -10 3.6746323333305746
    endloop
  endfacet
  facet normal -0.42755509343027887 -7.994712284311046e-20 0.9039892931234448
    outer loop
      vertex 18.638103660470343 10 3.9353236063894665
      vertex 18.329824927468685 10 3.789518624523279
      vertex 18.329824927468685 -10 3.789518624523279
    endloop
  endfacet
  facet normal -0.5141027441932201 -3.6354244583925915e-19 0.8577286100002729
    outer loop
      vertex 18.93060655974312 10 4.110643097248655
      vertex 18.638103660470343 10 3.9353236063894665
      vertex 18.638103660470343 -10 3.9353236063894665
    endloop
  endfacet
  facet normal -0.5956993044924379 -1.142899517577512e-19 0.8032075314806415
    outer loop
      vertex 19.204516662468667 10 4.313788674564489
      vertex 18.93060655974312 10 4.110643097248655
      vertex 18.93060655974312 -10 4.110643097248655
    endloop
  endfacet
  facet normal -0.6715589548470143 6.779971337897178e-20 0.7409511253549629
    outer loop
      vertex 19.457196064623254 10 4.542803935376748
      vertex 19.204516662468667 10 4.313788674564489
      vertex 19.204516662468667 -10 4.313788674564489
    endloop
  endfacet
  facet normal -0.7409511253549593 0 0.671558954847018
    outer loop
      vertex 19.457196064623254 10 4.542803935376748
      vertex 19.457196064623254 -10 4.542803935376748
      vertex 19.68621132543551 10 4.795483337531332
    endloop
  endfacet
  facet normal -0.8032075314806455 0 0.5956993044924326
    outer loop
      vertex 19.68621132543551 10 4.795483337531332
      vertex 19.68621132543551 -10 4.795483337531332
      vertex 19.889356902751345 10 5.069393440256882
    endloop
  endfacet
  facet normal -0.8577286100002736 -7.886693691875395e-20 0.5141027441932192
    outer loop
      vertex 20.064676393610533 10 5.361896339529658
      vertex 19.889356902751345 10 5.069393440256882
      vertex 19.889356902751345 -10 5.069393440256882
    endloop
  endfacet
  facet normal 0.5141027441932216 0 -0.8577286100002722
    outer loop
      vertex 15.361896339529657 -10 10.064676393610533
      vertex 15.069393440256883 10 9.889356902751345
      vertex 15.361896339529657 10 10.064676393610533
    endloop
  endfacet
  facet normal 0.42755509343028303 0 -0.9039892931234429
    outer loop
      vertex 15.670175072531313 -10 10.210481375476721
      vertex 15.361896339529657 10 10.064676393610533
      vertex 15.670175072531313 10 10.210481375476721
    endloop
  endfacet
  facet normal 0.3368898533922197 0 -0.9415440651830209
    outer loop
      vertex 15.991260746540743 -10 10.325367666669425
      vertex 15.670175072531313 10 10.210481375476721
      vertex 15.991260746540743 10 10.325367666669425
    endloop
  endfacet
  facet normal 0.24298017990326473 0 -0.9700312531945438
    outer loop
      vertex 16.322061130993955 -10 10.408228849401226
      vertex 15.991260746540743 10 10.325367666669425
      vertex 16.322061130993955 10 10.408228849401226
    endloop
  endfacet
  facet normal 0.1467304744553596 0 -0.9891765099647813
    outer loop
      vertex 16.659390437354777 -10 10.458266925185884
      vertex 16.322061130993955 10 10.408228849401226
      vertex 16.659390437354777 10 10.458266925185884
    endloop
  endfacet
  facet normal 0.04906767432741885 0 -0.9987954562051724
    outer loop
      vertex 17 -10 10.475
      vertex 16.659390437354777 10 10.458266925185884
      vertex 17 10 10.475
    endloop
  endfacet
  facet normal -0.04906767432741885 0 -0.9987954562051724
    outer loop
      vertex 17.340609562645223 -10 10.458266925185884
      vertex 17 10 10.475
      vertex 17.340609562645223 10 10.458266925185884
    endloop
  endfacet
  facet normal -0.1467304744553596 0 -0.9891765099647813
    outer loop
      vertex 17.677938869006045 -10 10.408228849401226
      vertex 17.340609562645223 10 10.458266925185884
      vertex 17.677938869006045 10 10.408228849401226
    endloop
  endfacet
  facet normal -0.24298017990326473 0 -0.9700312531945438
    outer loop
      vertex 18.008739253459257 -10 10.325367666669425
      vertex 17.677938869006045 10 10.408228849401226
      vertex 18.008739253459257 10 10.325367666669425
    endloop
  endfacet
  facet normal -0.33688985339222133 0 -0.9415440651830203
    outer loop
      vertex 18.329824927468685 -10 10.210481375476721
      vertex 18.008739253459257 10 10.325367666669425
      vertex 18.329824927468685 10 10.210481375476721
    endloop
  endfacet
  facet normal -0.427555093430281 0 -0.9039892931234438
    outer loop
      vertex 18.638103660470343 -10 10.064676393610533
      vertex 18.329824927468685 10 10.210481375476721
      vertex 18.638103660470343 10 10.064676393610533
    endloop
  endfacet
  facet normal -0.8032075314806465 0 -0.5956993044924312
    outer loop
      vertex 19.889356902751345 -10 8.930606559743117
      vertex 19.68621132543551 10 9.204516662468668
      vertex 19.889356902751345 10 8.930606559743117
    endloop
  endfacet
  facet normal -0.5956993044924362 0 -0.8032075314806427
    outer loop
      vertex 19.204516662468667 -10 9.686211325435512
      vertex 18.93060655974312 10 9.889356902751345
      vertex 19.204516662468667 10 9.686211325435512
    endloop
  endfacet
  facet normal -0.6715589548470158 0 -0.7409511253549615
    outer loop
      vertex 19.457196064623254 -10 9.457196064623252
      vertex 19.204516662468667 10 9.686211325435512
      vertex 19.457196064623254 10 9.457196064623252
    endloop
  endfacet
  facet normal -0.5141027441932192 0 -0.8577286100002736
    outer loop
      vertex 18.93060655974312 -10 9.889356902751345
      vertex 18.638103660470343 10 10.064676393610533
      vertex 18.93060655974312 10 9.889356902751345
    endloop
  endfacet
  facet normal -0.7409511253549593 0 -0.671558954847018
    outer loop
      vertex 19.68621132543551 -10 9.204516662468668
      vertex 19.457196064623254 10 9.457196064623252
      vertex 19.68621132543551 10 9.204516662468668
    endloop
  endfacet
  facet normal -0.8577286100002736 -7.886693691875395e-20 0.5141027441932192
    outer loop
      vertex 19.889356902751345 -10 5.069393440256882
      vertex 20.064676393610533 -10 5.361896339529658
      vertex 20.064676393610533 10 5.361896339529658
    endloop
  endfacet
  facet normal -0.9039892931234425 0 0.42755509343028403
    outer loop
      vertex 20.21048137547672 10 5.670175072531313
      vertex 20.064676393610533 -10 5.361896339529658
      vertex 20.21048137547672 -10 5.670175072531313
    endloop
  endfacet
  facet normal -0.9415440651830213 0 0.3368898533922189
    outer loop
      vertex 20.325367666669425 10 5.9912607465407435
      vertex 20.21048137547672 -10 5.670175072531313
      vertex 20.325367666669425 -10 5.9912607465407435
    endloop
  endfacet
  facet normal -0.9700312531945435 0 0.24298017990326598
    outer loop
      vertex 20.408228849401226 10 6.322061130993954
      vertex 20.325367666669425 -10 5.9912607465407435
      vertex 20.408228849401226 -10 6.322061130993954
    endloop
  endfacet
  facet normal -0.9891765099647806 0 0.14673047445536433
    outer loop
      vertex 20.458266925185885 10 6.6593904373547765
      vertex 20.408228849401226 -10 6.322061130993954
      vertex 20.458266925185885 -10 6.6593904373547765
    endloop
  endfacet
  facet normal -0.9987954562051724 0 0.04906767432741885
    outer loop
      vertex 20.475 10 7
      vertex 20.458266925185885 -10 6.6593904373547765
      vertex 20.475 -10 7
    endloop
  endfacet
  facet normal -0.9987954562051724 0 -0.04906767432741885
    outer loop
      vertex 20.458266925185885 -10 7.3406095626452235
      vertex 20.458266925185885 10 7.3406095626452235
      vertex 20.475 -10 7
    endloop
  endfacet
  facet normal -0.9891765099647806 0 -0.14673047445536433
    outer loop
      vertex 20.408228849401226 -10 7.677938869006046
      vertex 20.408228849401226 10 7.677938869006046
      vertex 20.458266925185885 -10 7.3406095626452235
    endloop
  endfacet
  facet normal -0.9415440651830209 0 -0.3368898533922197
    outer loop
      vertex 20.21048137547672 -10 8.329824927468687
      vertex 20.21048137547672 10 8.329824927468687
      vertex 20.325367666669425 -10 8.008739253459257
    endloop
  endfacet
  facet normal -0.9700312531945435 0 -0.24298017990326534
    outer loop
      vertex 20.325367666669425 -10 8.008739253459257
      vertex 20.325367666669425 10 8.008739253459257
      vertex 20.408228849401226 -10 7.677938869006046
    endloop
  endfacet
  facet normal -0.9039892931234429 0 -0.42755509343028303
    outer loop
      vertex 20.064676393610533 -10 8.638103660470343
      vertex 20.064676393610533 10 8.638103660470343
      vertex 20.21048137547672 -10 8.329824927468687
    endloop
  endfacet
  facet normal -0.9039892931234425 0 0.42755509343028403
    outer loop
      vertex 20.064676393610533 10 5.361896339529658
      vertex 20.064676393610533 -10 5.361896339529658
      vertex 20.21048137547672 10 5.670175072531313
    endloop
  endfacet
  facet normal -0.9415440651830213 0 0.3368898533922189
    outer loop
      vertex 20.21048137547672 10 5.670175072531313
      vertex 20.21048137547672 -10 5.670175072531313
      vertex 20.325367666669425 10 5.9912607465407435
    endloop
  endfacet
  facet normal -0.9700312531945435 0 0.24298017990326598
    outer loop
      vertex 20.325367666669425 10 5.9912607465407435
      vertex 20.325367666669425 -10 5.9912607465407435
      vertex 20.408228849401226 10 6.322061130993954
    endloop
  endfacet
  facet normal -0.9891765099647806 0 0.14673047445536433
    outer loop
      vertex 20.408228849401226 10 6.322061130993954
      vertex 20.408228849401226 -10 6.322061130993954
      vertex 20.458266925185885 10 6.6593904373547765
    endloop
  endfacet
  facet normal -0.9987954562051724 0 0.04906767432741885
    outer loop
      vertex 20.458266925185885 10 6.6593904373547765
      vertex 20.458266925185885 -10 6.6593904373547765
      vertex 20.475 10 7
    endloop
  endfacet
  facet normal -0.9987954562051724 0 -0.04906767432741885
    outer loop
      vertex 20.475 10 7
      vertex 20.475 -10 7
      vertex 20.458266925185885 10 7.3406095626452235
    endloop
  endfacet
  facet normal -0.9891765099647806 0 -0.14673047445536433
    outer loop
      vertex 20.458266925185885 -10 7.3406095626452235
      vertex 20.408228849401226 10 7.677938869006046
      vertex 20.458266925185885 10 7.3406095626452235
    endloop
  endfacet
  facet normal -0.9700312531945435 0 -0.24298017990326534
    outer loop
      vertex 20.408228849401226 -10 7.677938869006046
      vertex 20.325367666669425 10 8.008739253459257
      vertex 20.408228849401226 10 7.677938869006046
    endloop
  endfacet
  facet normal -0.9415440651830209 0 -0.3368898533922197
    outer loop
      vertex 20.325367666669425 -10 8.008739253459257
      vertex 20.21048137547672 10 8.329824927468687
      vertex 20.325367666669425 10 8.008739253459257
    endloop
  endfacet
  facet normal -0.9039892931234429 0 -0.42755509343028303
    outer loop
      vertex 20.21048137547672 -10 8.329824927468687
      vertex 20.064676393610533 10 8.638103660470343
      vertex 20.21048137547672 10 8.329824927468687
    endloop
  endfacet
  facet normal -0.8577286100002722 -4.13970063072994e-20 -0.5141027441932216
    outer loop
      vertex 19.889356902751345 10 8.930606559743117
      vertex 20.064676393610533 10 8.638103660470343
      vertex 20.064676393610533 -10 8.638103660470343
    endloop
  endfacet
  facet normal 0.8577286100002736 0 0.5141027441932192
    outer loop
      vertex 24.110643097248655 10 5.069393440256882
      vertex 23.935323606389467 -10 5.361896339529658
      vertex 24.110643097248655 -10 5.069393440256882
    endloop
  endfacet
  facet normal 0.8032075314806455 0 0.5956993044924326
    outer loop
      vertex 24.31378867456449 10 4.795483337531332
      vertex 24.110643097248655 -10 5.069393440256882
      vertex 24.31378867456449 -10 4.795483337531332
    endloop
  endfacet
  facet normal 0.5956993044924379 0 0.8032075314806415
    outer loop
      vertex 25.06939344025688 10 4.110643097248655
      vertex 24.795483337531333 -10 4.313788674564489
      vertex 25.06939344025688 -10 4.110643097248655
    endloop
  endfacet
  facet normal 0.6715589548470143 0 0.7409511253549629
    outer loop
      vertex 24.795483337531333 10 4.313788674564489
      vertex 24.542803935376746 -10 4.542803935376748
      vertex 24.795483337531333 -10 4.313788674564489
    endloop
  endfacet
  facet normal 0.7409511253549593 -4.759929278710089e-19 0.671558954847018
    outer loop
      vertex 24.31378867456449 -10 4.795483337531332
      vertex 24.542803935376746 -10 4.542803935376748
      vertex 24.542803935376746 10 4.542803935376748
    endloop
  endfacet
  facet normal 0.9700312531945435 0 0.24298017990326598
    outer loop
      vertex 23.674632333330575 10 5.9912607465407435
      vertex 23.591771150598774 -10 6.322061130993954
      vertex 23.674632333330575 -10 5.9912607465407435
    endloop
  endfacet
  facet normal 0.9891765099647806 0 0.14673047445536433
    outer loop
      vertex 23.591771150598774 10 6.322061130993954
      vertex 23.541733074814115 -10 6.6593904373547765
      vertex 23.591771150598774 -10 6.322061130993954
    endloop
  endfacet
  facet normal 0.9987954562051724 0 0.04906767432741885
    outer loop
      vertex 23.541733074814115 10 6.6593904373547765
      vertex 23.525 -10 7
      vertex 23.541733074814115 -10 6.6593904373547765
    endloop
  endfacet
  facet normal 0.9987954562051724 0 -0.04906767432741885
    outer loop
      vertex 23.525 10 7
      vertex 23.541733074814115 -10 7.3406095626452235
      vertex 23.525 -10 7
    endloop
  endfacet
  facet normal 0.9891765099647806 0 -0.14673047445536433
    outer loop
      vertex 23.541733074814115 10 7.3406095626452235
      vertex 23.591771150598774 -10 7.677938869006046
      vertex 23.541733074814115 -10 7.3406095626452235
    endloop
  endfacet
  facet normal 0.9700312531945435 0 -0.24298017990326534
    outer loop
      vertex 23.591771150598774 10 7.677938869006046
      vertex 23.674632333330575 -10 8.008739253459257
      vertex 23.591771150598774 -10 7.677938869006046
    endloop
  endfacet
  facet normal 0.9039892931234425 0 0.42755509343028403
    outer loop
      vertex 23.935323606389467 10 5.361896339529658
      vertex 23.78951862452328 -10 5.670175072531313
      vertex 23.935323606389467 -10 5.361896339529658
    endloop
  endfacet
  facet normal 0.9415440651830213 0 0.3368898533922189
    outer loop
      vertex 23.78951862452328 10 5.670175072531313
      vertex 23.674632333330575 -10 5.9912607465407435
      vertex 23.78951862452328 -10 5.670175072531313
    endloop
  endfacet
  facet normal 0.9415440651830209 0 -0.3368898533922197
    outer loop
      vertex 23.674632333330575 10 8.008739253459257
      vertex 23.78951862452328 -10 8.329824927468687
      vertex 23.674632333330575 -10 8.008739253459257
    endloop
  endfacet
  facet normal 0.9039892931234429 0 -0.42755509343028303
    outer loop
      vertex 23.78951862452328 -10 8.329824927468687
      vertex 23.78951862452328 10 8.329824927468687
      vertex 23.935323606389467 -10 8.638103660470343
    endloop
  endfacet
  facet normal 0.8577286100002722 0 -0.5141027441932216
    outer loop
      vertex 23.935323606389467 -10 8.638103660470343
      vertex 23.935323606389467 10 8.638103660470343
      vertex 24.110643097248655 -10 8.930606559743117
    endloop
  endfacet
  facet normal 0.8032075314806465 0 -0.5956993044924312
    outer loop
      vertex 24.110643097248655 -10 8.930606559743117
      vertex 24.110643097248655 10 8.930606559743117
      vertex 24.31378867456449 -10 9.204516662468668
    endloop
  endfacet
  facet normal 0.7409511253549593 0 -0.671558954847018
    outer loop
      vertex 24.31378867456449 -10 9.204516662468668
      vertex 24.31378867456449 10 9.204516662468668
      vertex 24.542803935376746 -10 9.457196064623252
    endloop
  endfacet
  facet normal 0.6715589548470158 0 -0.7409511253549615
    outer loop
      vertex 24.542803935376746 -10 9.457196064623252
      vertex 24.542803935376746 10 9.457196064623252
      vertex 24.795483337531333 -10 9.686211325435512
    endloop
  endfacet
  facet normal 0.5956993044924362 -1.75834014809567e-19 -0.8032075314806427
    outer loop
      vertex 25.06939344025688 -10 9.889356902751345
      vertex 24.795483337531333 -10 9.686211325435512
      vertex 24.795483337531333 10 9.686211325435512
    endloop
  endfacet
  facet normal 0.42755509343027887 0 0.9039892931234448
    outer loop
      vertex 25.670175072531315 10 3.789518624523279
      vertex 25.361896339529657 -10 3.9353236063894665
      vertex 25.670175072531315 -10 3.789518624523279
    endloop
  endfacet
  facet normal 0.3368898533922225 0 0.9415440651830199
    outer loop
      vertex 25.991260746540743 10 3.6746323333305746
      vertex 25.670175072531315 -10 3.789518624523279
      vertex 25.991260746540743 -10 3.6746323333305746
    endloop
  endfacet
  facet normal 0.24298017990326348 0 0.970031253194544
    outer loop
      vertex 26.322061130993955 10 3.5917711505987744
      vertex 25.991260746540743 -10 3.6746323333305746
      vertex 26.322061130993955 -10 3.5917711505987744
    endloop
  endfacet
  facet normal 0.5141027441932201 0 0.8577286100002729
    outer loop
      vertex 25.361896339529657 10 3.9353236063894665
      vertex 25.06939344025688 -10 4.110643097248655
      vertex 25.361896339529657 -10 3.9353236063894665
    endloop
  endfacet
  facet normal 0.14673047445536216 0 0.9891765099647809
    outer loop
      vertex 26.659390437354777 10 3.541733074814116
      vertex 26.322061130993955 -10 3.5917711505987744
      vertex 26.659390437354777 -10 3.541733074814116
    endloop
  endfacet
  facet normal 0.04906767432741755 0 0.9987954562051725
    outer loop
      vertex 27 10 3.5250000000000004
      vertex 26.659390437354777 -10 3.541733074814116
      vertex 27 -10 3.5250000000000004
    endloop
  endfacet
  facet normal -0.04906767432741755 0 0.9987954562051725
    outer loop
      vertex 27.340609562645223 10 3.541733074814116
      vertex 27 -10 3.5250000000000004
      vertex 27.340609562645223 -10 3.541733074814116
    endloop
  endfacet
  facet normal -0.14673047445536216 0 0.9891765099647809
    outer loop
      vertex 27.677938869006045 10 3.5917711505987744
      vertex 27.340609562645223 -10 3.541733074814116
      vertex 27.677938869006045 -10 3.5917711505987744
    endloop
  endfacet
  facet normal -0.24298017990326348 0 0.970031253194544
    outer loop
      vertex 28.008739253459257 10 3.6746323333305746
      vertex 27.677938869006045 -10 3.5917711505987744
      vertex 28.008739253459257 -10 3.6746323333305746
    endloop
  endfacet
  facet normal -0.3368898533922225 0 0.9415440651830199
    outer loop
      vertex 28.329824927468685 10 3.789518624523279
      vertex 28.008739253459257 -10 3.6746323333305746
      vertex 28.329824927468685 -10 3.789518624523279
    endloop
  endfacet
  facet normal -0.42755509343027887 0 0.9039892931234448
    outer loop
      vertex 28.638103660470343 10 3.9353236063894665
      vertex 28.329824927468685 -10 3.789518624523279
      vertex 28.638103660470343 -10 3.9353236063894665
    endloop
  endfacet
  facet normal -0.5141027441932201 0 0.8577286100002729
    outer loop
      vertex 28.93060655974312 10 4.110643097248655
      vertex 28.638103660470343 -10 3.9353236063894665
      vertex 28.93060655974312 -10 4.110643097248655
    endloop
  endfacet
  facet normal -0.5956993044924379 0 0.8032075314806415
    outer loop
      vertex 29.204516662468667 10 4.313788674564489
      vertex 28.93060655974312 -10 4.110643097248655
      vertex 29.204516662468667 -10 4.313788674564489
    endloop
  endfacet
  facet normal -0.6715589548470143 0 0.7409511253549629
    outer loop
      vertex 29.457196064623254 10 4.542803935376748
      vertex 29.204516662468667 -10 4.313788674564489
      vertex 29.457196064623254 -10 4.542803935376748
    endloop
  endfacet
  facet normal -0.7409511253549593 0 0.671558954847018
    outer loop
      vertex 29.68621132543551 10 4.795483337531332
      vertex 29.457196064623254 -10 4.542803935376748
      vertex 29.68621132543551 -10 4.795483337531332
    endloop
  endfacet
  facet normal -0.8032075314806455 0 0.5956993044924326
    outer loop
      vertex 29.889356902751345 10 5.069393440256882
      vertex 29.68621132543551 -10 4.795483337531332
      vertex 29.889356902751345 -10 5.069393440256882
    endloop
  endfacet
  facet normal 0.5141027441932192 -7.886693691875395e-20 -0.8577286100002736
    outer loop
      vertex 25.361896339529657 -10 10.064676393610533
      vertex 25.06939344025688 -10 9.889356902751345
      vertex 25.06939344025688 10 9.889356902751345
    endloop
  endfacet
  facet normal 0.427555093430281 3.8771643121594783e-19 -0.9039892931234438
    outer loop
      vertex 25.670175072531315 -10 10.210481375476721
      vertex 25.361896339529657 -10 10.064676393610533
      vertex 25.361896339529657 10 10.064676393610533
    endloop
  endfacet
  facet normal 0.33688985339222133 -4.9881315241261865e-19 -0.9415440651830203
    outer loop
      vertex 25.991260746540743 -10 10.325367666669425
      vertex 25.670175072531315 -10 10.210481375476721
      vertex 25.670175072531315 10 10.210481375476721
    endloop
  endfacet
  facet normal 0.24298017990326473 -2.1240772177072497e-19 -0.9700312531945438
    outer loop
      vertex 26.322061130993955 -10 10.408228849401226
      vertex 25.991260746540743 -10 10.325367666669425
      vertex 25.991260746540743 10 10.325367666669425
    endloop
  endfacet
  facet normal 0.1467304744553596 1.8748672654394617e-19 -0.9891765099647813
    outer loop
      vertex 26.659390437354777 -10 10.458266925185884
      vertex 26.322061130993955 -10 10.408228849401226
      vertex 26.322061130993955 10 10.408228849401226
    endloop
  endfacet
  facet normal 0.04906767432741885 3.869085448619474e-20 -0.9987954562051724
    outer loop
      vertex 27 -10 10.475
      vertex 26.659390437354777 -10 10.458266925185884
      vertex 26.659390437354777 10 10.458266925185884
    endloop
  endfacet
  facet normal -0.04906767432741885 -3.869085448619474e-20 -0.9987954562051724
    outer loop
      vertex 27.340609562645223 -10 10.458266925185884
      vertex 27 -10 10.475
      vertex 27 10 10.475
    endloop
  endfacet
  facet normal -0.1467304744553596 -1.8748672654394617e-19 -0.9891765099647813
    outer loop
      vertex 27.677938869006045 -10 10.408228849401226
      vertex 27.340609562645223 -10 10.458266925185884
      vertex 27.340609562645223 10 10.458266925185884
    endloop
  endfacet
  facet normal -0.24298017990326473 2.1240772177072497e-19 -0.9700312531945438
    outer loop
      vertex 28.008739253459257 -10 10.325367666669425
      vertex 27.677938869006045 -10 10.408228849401226
      vertex 27.677938869006045 10 10.408228849401226
    endloop
  endfacet
  facet normal -0.33688985339222133 4.9881315241261865e-19 -0.9415440651830203
    outer loop
      vertex 28.329824927468685 -10 10.210481375476721
      vertex 28.008739253459257 -10 10.325367666669425
      vertex 28.008739253459257 10 10.325367666669425
    endloop
  endfacet
  facet normal -0.427555093430281 -3.8771643121594783e-19 -0.9039892931234438
    outer loop
      vertex 28.638103660470343 -10 10.064676393610533
      vertex 28.329824927468685 -10 10.210481375476721
      vertex 28.329824927468685 10 10.210481375476721
    endloop
  endfacet
  facet normal -0.5141027441932192 7.886693691875395e-20 -0.8577286100002736
    outer loop
      vertex 28.93060655974312 -10 9.889356902751345
      vertex 28.638103660470343 -10 10.064676393610533
      vertex 28.638103660470343 10 10.064676393610533
    endloop
  endfacet
  facet normal -0.8577286100002722 0 -0.5141027441932216
    outer loop
      vertex 29.889356902751345 10 8.930606559743117
      vertex 30.064676393610533 -10 8.638103660470343
      vertex 29.889356902751345 -10 8.930606559743117
    endloop
  endfacet
  facet normal -0.8032075314806465 0 -0.5956993044924312
    outer loop
      vertex 29.68621132543551 10 9.204516662468668
      vertex 29.889356902751345 -10 8.930606559743117
      vertex 29.68621132543551 -10 9.204516662468668
    endloop
  endfacet
  facet normal -0.5956993044924362 0 -0.8032075314806427
    outer loop
      vertex 28.93060655974312 10 9.889356902751345
      vertex 29.204516662468667 -10 9.686211325435512
      vertex 28.93060655974312 -10 9.889356902751345
    endloop
  endfacet
  facet normal -0.6715589548470158 0 -0.7409511253549615
    outer loop
      vertex 29.204516662468667 10 9.686211325435512
      vertex 29.457196064623254 -10 9.457196064623252
      vertex 29.204516662468667 -10 9.686211325435512
    endloop
  endfacet
  facet normal -0.7409511253549593 0 -0.671558954847018
    outer loop
      vertex 29.457196064623254 10 9.457196064623252
      vertex 29.68621132543551 -10 9.204516662468668
      vertex 29.457196064623254 -10 9.457196064623252
    endloop
  endfacet
  facet normal -0.8577286100002736 0 0.5141027441932192
    outer loop
      vertex 30.064676393610533 10 5.361896339529658
      vertex 29.889356902751345 -10 5.069393440256882
      vertex 30.064676393610533 -10 5.361896339529658
    endloop
  endfacet
  facet normal -0.9039892931234425 0 0.42755509343028403
    outer loop
      vertex 30.21048137547672 10 5.670175072531313
      vertex 30.064676393610533 -10 5.361896339529658
      vertex 30.21048137547672 -10 5.670175072531313
    endloop
  endfacet
  facet normal -0.9415440651830213 0 0.3368898533922189
    outer loop
      vertex 30.325367666669425 10 5.9912607465407435
      vertex 30.21048137547672 -10 5.670175072531313
      vertex 30.325367666669425 -10 5.9912607465407435
    endloop
  endfacet
  facet normal -0.9700312531945435 0 0.24298017990326598
    outer loop
      vertex 30.408228849401226 10 6.322061130993954
      vertex 30.325367666669425 -10 5.9912607465407435
      vertex 30.408228849401226 -10 6.322061130993954
    endloop
  endfacet
  facet normal -0.9891765099647806 0 0.14673047445536433
    outer loop
      vertex 30.458266925185885 10 6.6593904373547765
      vertex 30.408228849401226 -10 6.322061130993954
      vertex 30.458266925185885 -10 6.6593904373547765
    endloop
  endfacet
  facet normal -0.9987954562051724 0 0.04906767432741885
    outer loop
      vertex 30.475 10 7
      vertex 30.458266925185885 -10 6.6593904373547765
      vertex 30.475 -10 7
    endloop
  endfacet
  facet normal -0.9987954562051724 0 -0.04906767432741885
    outer loop
      vertex 30.458266925185885 10 7.3406095626452235
      vertex 30.475 -10 7
      vertex 30.458266925185885 -10 7.3406095626452235
    endloop
  endfacet
  facet normal -0.9891765099647806 0 -0.14673047445536433
    outer loop
      vertex 30.408228849401226 10 7.677938869006046
      vertex 30.458266925185885 -10 7.3406095626452235
      vertex 30.408228849401226 -10 7.677938869006046
    endloop
  endfacet
  facet normal -0.9415440651830209 0 -0.3368898533922197
    outer loop
      vertex 30.21048137547672 10 8.329824927468687
      vertex 30.325367666669425 -10 8.008739253459257
      vertex 30.21048137547672 -10 8.329824927468687
    endloop
  endfacet
  facet normal -0.9700312531945435 0 -0.24298017990326534
    outer loop
      vertex 30.325367666669425 10 8.008739253459257
      vertex 30.408228849401226 -10 7.677938869006046
      vertex 30.325367666669425 -10 8.008739253459257
    endloop
  endfacet
  facet normal -0.9039892931234429 0 -0.42755509343028303
    outer loop
      vertex 30.064676393610533 10 8.638103660470343
      vertex 30.21048137547672 -10 8.329824927468687
      vertex 30.064676393610533 -10 8.638103660470343
    endloop
  endfacet
  facet normal 0.8032075314806455 0 0.5956993044924326
    outer loop
      vertex 24.110643097248655 10 5.069393440256882
      vertex 24.110643097248655 -10 5.069393440256882
      vertex 24.31378867456449 10 4.795483337531332
    endloop
  endfacet
  facet normal 0.6715589548470143 -6.779971337897178e-20 0.7409511253549629
    outer loop
      vertex 24.795483337531333 10 4.313788674564489
      vertex 24.542803935376746 10 4.542803935376748
      vertex 24.542803935376746 -10 4.542803935376748
    endloop
  endfacet
  facet normal 0.5956993044924379 1.142899517577512e-19 0.8032075314806415
    outer loop
      vertex 25.06939344025688 10 4.110643097248655
      vertex 24.795483337531333 10 4.313788674564489
      vertex 24.795483337531333 -10 4.313788674564489
    endloop
  endfacet
  facet normal 0.7409511253549593 0 0.671558954847018
    outer loop
      vertex 24.31378867456449 10 4.795483337531332
      vertex 24.31378867456449 -10 4.795483337531332
      vertex 24.542803935376746 10 4.542803935376748
    endloop
  endfacet
  facet normal 0.9415440651830213 0 0.3368898533922189
    outer loop
      vertex 23.674632333330575 10 5.9912607465407435
      vertex 23.674632333330575 -10 5.9912607465407435
      vertex 23.78951862452328 10 5.670175072531313
    endloop
  endfacet
  facet normal 0.9700312531945435 0 0.24298017990326598
    outer loop
      vertex 23.591771150598774 10 6.322061130993954
      vertex 23.591771150598774 -10 6.322061130993954
      vertex 23.674632333330575 10 5.9912607465407435
    endloop
  endfacet
  facet normal 0.9891765099647806 0 0.14673047445536433
    outer loop
      vertex 23.541733074814115 10 6.6593904373547765
      vertex 23.541733074814115 -10 6.6593904373547765
      vertex 23.591771150598774 10 6.322061130993954
    endloop
  endfacet
  facet normal 0.9987954562051724 0 0.04906767432741885
    outer loop
      vertex 23.525 10 7
      vertex 23.525 -10 7
      vertex 23.541733074814115 10 6.6593904373547765
    endloop
  endfacet
  facet normal 0.9987954562051724 0 -0.04906767432741885
    outer loop
      vertex 23.541733074814115 10 7.3406095626452235
      vertex 23.541733074814115 -10 7.3406095626452235
      vertex 23.525 10 7
    endloop
  endfacet
  facet normal 0.9891765099647806 0 -0.14673047445536433
    outer loop
      vertex 23.591771150598774 10 7.677938869006046
      vertex 23.591771150598774 -10 7.677938869006046
      vertex 23.541733074814115 10 7.3406095626452235
    endloop
  endfacet
  facet normal 0.9039892931234425 0 0.42755509343028403
    outer loop
      vertex 23.78951862452328 10 5.670175072531313
      vertex 23.78951862452328 -10 5.670175072531313
      vertex 23.935323606389467 10 5.361896339529658
    endloop
  endfacet
  facet normal 0.8577286100002736 0 0.5141027441932192
    outer loop
      vertex 23.935323606389467 10 5.361896339529658
      vertex 23.935323606389467 -10 5.361896339529658
      vertex 24.110643097248655 10 5.069393440256882
    endloop
  endfacet
  facet normal 0.9700312531945435 0 -0.24298017990326534
    outer loop
      vertex 23.674632333330575 10 8.008739253459257
      vertex 23.674632333330575 -10 8.008739253459257
      vertex 23.591771150598774 10 7.677938869006046
    endloop
  endfacet
  facet normal 0.9415440651830209 0 -0.3368898533922197
    outer loop
      vertex 23.78951862452328 -10 8.329824927468687
      vertex 23.674632333330575 10 8.008739253459257
      vertex 23.78951862452328 10 8.329824927468687
    endloop
  endfacet
  facet normal 0.9039892931234429 0 -0.42755509343028303
    outer loop
      vertex 23.935323606389467 -10 8.638103660470343
      vertex 23.78951862452328 10 8.329824927468687
      vertex 23.935323606389467 10 8.638103660470343
    endloop
  endfacet
  facet normal 0.8577286100002722 0 -0.5141027441932216
    outer loop
      vertex 24.110643097248655 -10 8.930606559743117
      vertex 23.935323606389467 10 8.638103660470343
      vertex 24.110643097248655 10 8.930606559743117
    endloop
  endfacet
  facet normal 0.8032075314806465 0 -0.5956993044924312
    outer loop
      vertex 24.31378867456449 -10 9.204516662468668
      vertex 24.110643097248655 10 8.930606559743117
      vertex 24.31378867456449 10 9.204516662468668
    endloop
  endfacet
  facet normal 0.7409511253549593 0 -0.671558954847018
    outer loop
      vertex 24.542803935376746 -10 9.457196064623252
      vertex 24.31378867456449 10 9.204516662468668
      vertex 24.542803935376746 10 9.457196064623252
    endloop
  endfacet
  facet normal 0.6715589548470158 0 -0.7409511253549615
    outer loop
      vertex 24.795483337531333 -10 9.686211325435512
      vertex 24.542803935376746 10 9.457196064623252
      vertex 24.795483337531333 10 9.686211325435512
    endloop
  endfacet
  facet normal 0.5956993044924362 0 -0.8032075314806427
    outer loop
      vertex 25.06939344025688 -10 9.889356902751345
      vertex 24.795483337531333 10 9.686211325435512
      vertex 25.06939344025688 10 9.889356902751345
    endloop
  endfacet
  facet normal 0.42755509343027887 7.994712284311046e-20 0.9039892931234448
    outer loop
      vertex 25.670175072531315 10 3.789518624523279
      vertex 25.361896339529657 10 3.9353236063894665
      vertex 25.361896339529657 -10 3.9353236063894665
    endloop
  endfacet
  facet normal 0.3368898533922225 -6.021585230369176e-20 0.9415440651830199
    outer loop
      vertex 25.991260746540743 10 3.6746323333305746
      vertex 25.670175072531315 10 3.789518624523279
      vertex 25.670175072531315 -10 3.789518624523279
    endloop
  endfacet
  facet normal 0.24298017990326348 -1.2207930721265374e-19 0.970031253194544
    outer loop
      vertex 26.322061130993955 10 3.5917711505987744
      vertex 25.991260746540743 10 3.6746323333305746
      vertex 25.991260746540743 -10 3.6746323333305746
    endloop
  endfacet
  facet normal 0.5141027441932201 3.6354244583925915e-19 0.8577286100002729
    outer loop
      vertex 25.361896339529657 10 3.9353236063894665
      vertex 25.06939344025688 10 4.110643097248655
      vertex 25.06939344025688 -10 4.110643097248655
    endloop
  endfacet
  facet normal 0.14673047445536216 1.3995336109078689e-19 0.9891765099647809
    outer loop
      vertex 26.659390437354777 10 3.541733074814116
      vertex 26.322061130993955 10 3.5917711505987744
      vertex 26.322061130993955 -10 3.5917711505987744
    endloop
  endfacet
  facet normal 0.04906767432741755 1.1172613470814411e-20 0.9987954562051725
    outer loop
      vertex 27 10 3.5250000000000004
      vertex 26.659390437354777 10 3.541733074814116
      vertex 26.659390437354777 -10 3.541733074814116
    endloop
  endfacet
  facet normal -0.04906767432741755 -1.1172613470814411e-20 0.9987954562051725
    outer loop
      vertex 27.340609562645223 10 3.541733074814116
      vertex 27 10 3.5250000000000004
      vertex 27 -10 3.5250000000000004
    endloop
  endfacet
  facet normal -0.14673047445536216 -1.3995336109078689e-19 0.9891765099647809
    outer loop
      vertex 27.677938869006045 10 3.5917711505987744
      vertex 27.340609562645223 10 3.541733074814116
      vertex 27.340609562645223 -10 3.541733074814116
    endloop
  endfacet
  facet normal -0.24298017990326348 1.2207930721265374e-19 0.970031253194544
    outer loop
      vertex 28.008739253459257 10 3.6746323333305746
      vertex 27.677938869006045 10 3.5917711505987744
      vertex 27.677938869006045 -10 3.5917711505987744
    endloop
  endfacet
  facet normal -0.3368898533922225 6.021585230369176e-20 0.9415440651830199
    outer loop
      vertex 28.329824927468685 10 3.789518624523279
      vertex 28.008739253459257 10 3.6746323333305746
      vertex 28.008739253459257 -10 3.6746323333305746
    endloop
  endfacet
  facet normal -0.42755509343027887 -7.994712284311046e-20 0.9039892931234448
    outer loop
      vertex 28.638103660470343 10 3.9353236063894665
      vertex 28.329824927468685 10 3.789518624523279
      vertex 28.329824927468685 -10 3.789518624523279
    endloop
  endfacet
  facet normal -0.5141027441932201 -3.6354244583925915e-19 0.8577286100002729
    outer loop
      vertex 28.93060655974312 10 4.110643097248655
      vertex 28.638103660470343 10 3.9353236063894665
      vertex 28.638103660470343 -10 3.9353236063894665
    endloop
  endfacet
  facet normal -0.5956993044924379 -1.142899517577512e-19 0.8032075314806415
    outer loop
      vertex 29.204516662468667 10 4.313788674564489
      vertex 28.93060655974312 10 4.110643097248655
      vertex 28.93060655974312 -10 4.110643097248655
    endloop
  endfacet
  facet normal -0.6715589548470143 6.779971337897178e-20 0.7409511253549629
    outer loop
      vertex 29.457196064623254 10 4.542803935376748
      vertex 29.204516662468667 10 4.313788674564489
      vertex 29.204516662468667 -10 4.313788674564489
    endloop
  endfacet
  facet normal -0.7409511253549593 0 0.671558954847018
    outer loop
      vertex 29.457196064623254 10 4.542803935376748
      vertex 29.457196064623254 -10 4.542803935376748
      vertex 29.68621132543551 10 4.795483337531332
    endloop
  endfacet
  facet normal -0.8032075314806455 0 0.5956993044924326
    outer loop
      vertex 29.68621132543551 10 4.795483337531332
      vertex 29.68621132543551 -10 4.795483337531332
      vertex 29.889356902751345 10 5.069393440256882
    endloop
  endfacet
  facet normal -0.8577286100002736 0 0.5141027441932192
    outer loop
      vertex 29.889356902751345 10 5.069393440256882
      vertex 29.889356902751345 -10 5.069393440256882
      vertex 30.064676393610533 10 5.361896339529658
    endloop
  endfacet
  facet normal 0.5141027441932192 0 -0.8577286100002736
    outer loop
      vertex 25.361896339529657 -10 10.064676393610533
      vertex 25.06939344025688 10 9.889356902751345
      vertex 25.361896339529657 10 10.064676393610533
    endloop
  endfacet
  facet normal 0.427555093430281 0 -0.9039892931234438
    outer loop
      vertex 25.670175072531315 -10 10.210481375476721
      vertex 25.361896339529657 10 10.064676393610533
      vertex 25.670175072531315 10 10.210481375476721
    endloop
  endfacet
  facet normal 0.33688985339222133 0 -0.9415440651830203
    outer loop
      vertex 25.991260746540743 -10 10.325367666669425
      vertex 25.670175072531315 10 10.210481375476721
      vertex 25.991260746540743 10 10.325367666669425
    endloop
  endfacet
  facet normal 0.24298017990326473 0 -0.9700312531945438
    outer loop
      vertex 26.322061130993955 -10 10.408228849401226
      vertex 25.991260746540743 10 10.325367666669425
      vertex 26.322061130993955 10 10.408228849401226
    endloop
  endfacet
  facet normal 0.1467304744553596 0 -0.9891765099647813
    outer loop
      vertex 26.659390437354777 -10 10.458266925185884
      vertex 26.322061130993955 10 10.408228849401226
      vertex 26.659390437354777 10 10.458266925185884
    endloop
  endfacet
  facet normal 0.04906767432741885 0 -0.9987954562051724
    outer loop
      vertex 27 -10 10.475
      vertex 26.659390437354777 10 10.458266925185884
      vertex 27 10 10.475
    endloop
  endfacet
  facet normal -0.04906767432741885 0 -0.9987954562051724
    outer loop
      vertex 27.340609562645223 -10 10.458266925185884
      vertex 27 10 10.475
      vertex 27.340609562645223 10 10.458266925185884
    endloop
  endfacet
  facet normal -0.1467304744553596 0 -0.9891765099647813
    outer loop
      vertex 27.677938869006045 -10 10.408228849401226
      vertex 27.340609562645223 10 10.458266925185884
      vertex 27.677938869006045 10 10.408228849401226
    endloop
  endfacet
  facet normal -0.24298017990326473 0 -0.9700312531945438
    outer loop
      vertex 28.008739253459257 -10 10.325367666669425
      vertex 27.677938869006045 10 10.408228849401226
      vertex 28.008739253459257 10 10.325367666669425
    endloop
  endfacet
  facet normal -0.33688985339222133 0 -0.9415440651830203
    outer loop
      vertex 28.329824927468685 -10 10.210481375476721
      vertex 28.008739253459257 10 10.325367666669425
      vertex 28.329824927468685 10 10.210481375476721
    endloop
  endfacet
  facet normal -0.427555093430281 0 -0.9039892931234438
    outer loop
      vertex 28.638103660470343 -10 10.064676393610533
      vertex 28.329824927468685 10 10.210481375476721
      vertex 28.638103660470343 10 10.064676393610533
    endloop
  endfacet
  facet normal -0.8032075314806465 0 -0.5956993044924312
    outer loop
      vertex 29.889356902751345 10 8.930606559743117
      vertex 29.889356902751345 -10 8.930606559743117
      vertex 29.68621132543551 10 9.204516662468668
    endloop
  endfacet
  facet normal -0.5956993044924362 1.75834014809567e-19 -0.8032075314806427
    outer loop
      vertex 28.93060655974312 10 9.889356902751345
      vertex 29.204516662468667 10 9.686211325435512
      vertex 29.204516662468667 -10 9.686211325435512
    endloop
  endfacet
  facet normal -0.6715589548470158 -4.1672130487405333e-19 -0.7409511253549615
    outer loop
      vertex 29.204516662468667 10 9.686211325435512
      vertex 29.457196064623254 10 9.457196064623252
      vertex 29.457196064623254 -10 9.457196064623252
    endloop
  endfacet
  facet normal -0.5141027441932192 7.886693691875395e-20 -0.8577286100002736
    outer loop
      vertex 28.638103660470343 10 10.064676393610533
      vertex 28.93060655974312 10 9.889356902751345
      vertex 28.93060655974312 -10 9.889356902751345
    endloop
  endfacet
  facet normal -0.7409511253549593 0 -0.671558954847018
    outer loop
      vertex 29.68621132543551 10 9.204516662468668
      vertex 29.68621132543551 -10 9.204516662468668
      vertex 29.457196064623254 10 9.457196064623252
    endloop
  endfacet
  facet normal -0.9039892931234425 0 0.42755509343028403
    outer loop
      vertex 30.064676393610533 10 5.361896339529658
      vertex 30.064676393610533 -10 5.361896339529658
      vertex 30.21048137547672 10 5.670175072531313
    endloop
  endfacet
  facet normal -0.9415440651830213 0 0.3368898533922189
    outer loop
      vertex 30.21048137547672 10 5.670175072531313
      vertex 30.21048137547672 -10 5.670175072531313
      vertex 30.325367666669425 10 5.9912607465407435
    endloop
  endfacet
  facet normal -0.9700312531945435 0 0.24298017990326598
    outer loop
      vertex 30.325367666669425 10 5.9912607465407435
      vertex 30.325367666669425 -10 5.9912607465407435
      vertex 30.408228849401226 10 6.322061130993954
    endloop
  endfacet
  facet normal -0.9891765099647806 0 0.14673047445536433
    outer loop
      vertex 30.408228849401226 10 6.322061130993954
      vertex 30.408228849401226 -10 6.322061130993954
      vertex 30.458266925185885 10 6.6593904373547765
    endloop
  endfacet
  facet normal -0.9987954562051724 0 0.04906767432741885
    outer loop
      vertex 30.458266925185885 10 6.6593904373547765
      vertex 30.458266925185885 -10 6.6593904373547765
      vertex 30.475 10 7
    endloop
  endfacet
  facet normal -0.9987954562051724 0 -0.04906767432741885
    outer loop
      vertex 30.475 10 7
      vertex 30.475 -10 7
      vertex 30.458266925185885 10 7.3406095626452235
    endloop
  endfacet
  facet normal -0.9891765099647806 0 -0.14673047445536433
    outer loop
      vertex 30.458266925185885 10 7.3406095626452235
      vertex 30.458266925185885 -10 7.3406095626452235
      vertex 30.408228849401226 10 7.677938869006046
    endloop
  endfacet
  facet normal -0.9700312531945435 0 -0.24298017990326534
    outer loop
      vertex 30.408228849401226 10 7.677938869006046
      vertex 30.408228849401226 -10 7.677938869006046
      vertex 30.325367666669425 10 8.008739253459257
    endloop
  endfacet
  facet normal -0.9415440651830209 0 -0.3368898533922197
    outer loop
      vertex 30.325367666669425 10 8.008739253459257
      vertex 30.325367666669425 -10 8.008739253459257
      vertex 30.21048137547672 10 8.329824927468687
    endloop
  endfacet
  facet normal -0.9039892931234429 0 -0.42755509343028303
    outer loop
      vertex 30.21048137547672 10 8.329824927468687
      vertex 30.21048137547672 -10 8.329824927468687
      vertex 30.064676393610533 10 8.638103660470343
    endloop
  endfacet
  facet normal -0.8577286100002722 0 -0.5141027441932216
    outer loop
      vertex 30.064676393610533 10 8.638103660470343
      vertex 30.064676393610533 -10 8.638103660470343
      vertex 29.889356902751345 10 8.930606559743117
    endloop
  endfacet
  facet normal 0 0 1
    outer loop
      vertex 0 7 12
      vertex 0 3 12
      vertex 40 3 12
    endloop
  endfacet
  facet normal 0 1 0
    outer loop
      vertex 40 3 42
      vertex 0 3 12
      vertex 0 3 42
    endloop
  endfacet
  facet normal 0 -1 0
    outer loop
      vertex 0 7 42
      vertex 0 7 12
      vertex 40 7 12
    endloop
  endfacet
  facet normal 0 0 1
    outer loop
      vertex 0 7 12
      vertex 40 3 12
      vertex 40 7 12
    endloop
  endfacet
  facet normal 0 1 0
    outer loop
      vertex 40 3 42
      vertex 40 3 12
      vertex 0 3 12
    endloop
  endfacet
  facet normal 0 -1 0
    outer loop
      vertex 0 7 42
      vertex 40 7 12
      vertex 40 7 42
    endloop
  endfacet
  facet normal 0.42755509343028986 0 0.9039892931234396
    outer loop
      vertex 33.23463313526982 10 5.152240934977426
      vertex 33.057206526348004 -10 5.23615747130329
      vertex 33.23463313526982 -10 5.152240934977426
    endloop
  endfacet
  facet normal 0.33688985339220956 0 0.9415440651830245
    outer loop
      vertex 33.419430645491076 10 5.086119328535583
      vertex 33.23463313526982 -10 5.152240934977426
      vertex 33.419430645491076 -10 5.086119328535583
    endloop
  endfacet
  facet normal 0.24298017990326626 0 0.9700312531945434
    outer loop
      vertex 33.609819355967744 10 5.038429439193539
      vertex 33.419430645491076 -10 5.086119328535583
      vertex 33.609819355967744 -10 5.038429439193539
    endloop
  endfacet
  facet normal 0.1467304744553641 0 0.9891765099647807
    outer loop
      vertex 33.80396571934088 10 5.009630546655606
      vertex 33.609819355967744 -10 5.038429439193539
      vertex 33.80396571934088 -10 5.009630546655606
    endloop
  endfacet
  facet normal 0.04906767432741563 0 0.9987954562051725
    outer loop
      vertex 34 10 5
      vertex 33.80396571934088 -10 5.009630546655606
      vertex 34 -10 5
    endloop
  endfacet
  facet normal -0.04906767432741563 0 0.9987954562051725
    outer loop
      vertex 34.19603428065912 10 5.009630546655606
      vertex 34 -10 5
      vertex 34.19603428065912 -10 5.009630546655606
    endloop
  endfacet
  facet normal -0.1467304744553641 0 0.9891765099647807
    outer loop
      vertex 34.390180644032256 10 5.038429439193539
      vertex 34.19603428065912 -10 5.009630546655606
      vertex 34.390180644032256 -10 5.038429439193539
    endloop
  endfacet
  facet normal -0.24298017990326626 0 0.9700312531945434
    outer loop
      vertex 34.580569354508924 10 5.086119328535583
      vertex 34.390180644032256 -10 5.038429439193539
      vertex 34.580569354508924 -10 5.086119328535583
    endloop
  endfacet
  facet normal -0.33688985339220956 0 0.9415440651830245
    outer loop
      vertex 34.76536686473018 10 5.152240934977426
      vertex 34.580569354508924 -10 5.086119328535583
      vertex 34.76536686473018 -10 5.152240934977426
    endloop
  endfacet
  facet normal -0.42755509343028986 0 0.9039892931234396
    outer loop
      vertex 34.942793473651996 10 5.23615747130329
      vertex 34.76536686473018 -10 5.152240934977426
      vertex 34.942793473651996 -10 5.23615747130329
    endloop
  endfacet
  facet normal 0.803207531480647 0 0.5956993044924304
    outer loop
      vertex 32.453979093274526 10 5.731213431672709
      vertex 32.33706077539491 -10 5.888859533960796
      vertex 32.453979093274526 -10 5.731213431672709
    endloop
  endfacet
  facet normal 0.9415440651830163 0 0.3368898533922328
    outer loop
      vertex 32.15224093497743 10 6.234633135269821
      vertex 32.08611932853558 -10 6.419430645491075
      vertex 32.15224093497743 -10 6.234633135269821
    endloop
  endfacet
  facet normal 0.9700312531945413 0 0.24298017990327478
    outer loop
      vertex 32.08611932853558 10 6.419430645491075
      vertex 32.038429439193536 -10 6.609819355967743
      vertex 32.08611932853558 -10 6.419430645491075
    endloop
  endfacet
  facet normal 0.8577286100002632 0 0.5141027441932362
    outer loop
      vertex 32.33706077539491 10 5.888859533960796
      vertex 32.23615747130329 -10 6.057206526348005
      vertex 32.33706077539491 -10 5.888859533960796
    endloop
  endfacet
  facet normal 0.9039892931234527 0 0.42755509343026243
    outer loop
      vertex 32.23615747130329 10 6.057206526348005
      vertex 32.15224093497743 -10 6.234633135269821
      vertex 32.23615747130329 -10 6.057206526348005
    endloop
  endfacet
  facet normal 0.9891765099647846 0 0.14673047445533755
    outer loop
      vertex 32.038429439193536 10 6.609819355967743
      vertex 32.00963054665561 -10 6.803965719340879
      vertex 32.038429439193536 -10 6.609819355967743
    endloop
  endfacet
  facet normal 0.9987954562051721 0 0.04906767432742443
    outer loop
      vertex 32.00963054665561 10 6.803965719340879
      vertex 32 -10 7
      vertex 32.00963054665561 -10 6.803965719340879
    endloop
  endfacet
  facet normal 0.9987954562051721 0 -0.04906767432742443
    outer loop
      vertex 32 10 7
      vertex 32.00963054665561 -10 7.196034280659121
      vertex 32 -10 7
    endloop
  endfacet
  facet normal 0.9891765099647846 0 -0.14673047445533755
    outer loop
      vertex 32.00963054665561 10 7.196034280659121
      vertex 32.038429439193536 -10 7.390180644032257
      vertex 32.00963054665561 -10 7.196034280659121
    endloop
  endfacet
  facet normal 0.9700312531945413 0 -0.24298017990327478
    outer loop
      vertex 32.038429439193536 10 7.390180644032257
      vertex 32.08611932853558 -10 7.580569354508925
      vertex 32.038429439193536 -10 7.390180644032257
    endloop
  endfacet
  facet normal 0.9415440651830163 0 -0.3368898533922328
    outer loop
      vertex 32.08611932853558 10 7.580569354508925
      vertex 32.15224093497743 -10 7.765366864730179
      vertex 32.08611932853558 -10 7.580569354508925
    endloop
  endfacet
  facet normal 0.9039892931234527 0 -0.42755509343026243
    outer loop
      vertex 32.15224093497743 10 7.765366864730179
      vertex 32.23615747130329 -10 7.942793473651995
      vertex 32.15224093497743 -10 7.765366864730179
    endloop
  endfacet
  facet normal 0.8577286100002632 0 -0.5141027441932362
    outer loop
      vertex 32.23615747130329 10 7.942793473651995
      vertex 32.33706077539491 -10 8.111140466039204
      vertex 32.23615747130329 -10 7.942793473651995
    endloop
  endfacet
  facet normal 0.803207531480647 0 -0.5956993044924304
    outer loop
      vertex 32.33706077539491 -10 8.111140466039204
      vertex 32.33706077539491 10 8.111140466039204
      vertex 32.453979093274526 -10 8.268786568327291
    endloop
  endfacet
  facet normal 0.7409511253549532 0 -0.6715589548470249
    outer loop
      vertex 32.453979093274526 -10 8.268786568327291
      vertex 32.453979093274526 10 8.268786568327291
      vertex 32.58578643762691 -10 8.414213562373096
    endloop
  endfacet
  facet normal 0.671558954847031 0 0.7409511253549478
    outer loop
      vertex 32.73121343167271 10 5.453979093274526
      vertex 32.58578643762691 -10 5.585786437626905
      vertex 32.73121343167271 -10 5.453979093274526
    endloop
  endfacet
  facet normal 0.7409511253549512 1.346466520428947e-19 0.6715589548470272
    outer loop
      vertex 32.453979093274526 -10 5.731213431672709
      vertex 32.58578643762691 -10 5.585786437626905
      vertex 32.58578643762691 10 5.585786437626905
    endloop
  endfacet
  facet normal 0.5956993044924246 0 0.8032075314806513
    outer loop
      vertex 32.8888595339608 10 5.337060775394909
      vertex 32.73121343167271 -10 5.453979093274526
      vertex 32.8888595339608 -10 5.337060775394909
    endloop
  endfacet
  facet normal 0.5141027441932257 0 0.8577286100002697
    outer loop
      vertex 33.057206526348004 10 5.23615747130329
      vertex 32.8888595339608 -10 5.337060775394909
      vertex 33.057206526348004 -10 5.23615747130329
    endloop
  endfacet
  facet normal 0.6715589548470285 0 -0.74095112535495
    outer loop
      vertex 32.58578643762691 -10 8.414213562373096
      vertex 32.58578643762691 10 8.414213562373096
      vertex 32.73121343167271 -10 8.546020906725474
    endloop
  endfacet
  facet normal 0.5956993044924218 -1.8762486390530455e-19 -0.8032075314806536
    outer loop
      vertex 32.8888595339608 -10 8.66293922460509
      vertex 32.73121343167271 -10 8.546020906725474
      vertex 32.73121343167271 10 8.546020906725474
    endloop
  endfacet
  facet normal 0.514102744193229 -3.688052759399428e-19 -0.8577286100002677
    outer loop
      vertex 33.057206526348004 -10 8.76384252869671
      vertex 32.8888595339608 -10 8.66293922460509
      vertex 32.8888595339608 10 8.66293922460509
    endloop
  endfacet
  facet normal 0.42755509343028986 -9.615436027374569e-21 -0.9039892931234396
    outer loop
      vertex 33.23463313526982 -10 8.847759065022574
      vertex 33.057206526348004 -10 8.76384252869671
      vertex 33.057206526348004 10 8.76384252869671
    endloop
  endfacet
  facet normal 0.33688985339220956 1.7666041923703662e-19 -0.9415440651830245
    outer loop
      vertex 33.419430645491076 -10 8.913880671464417
      vertex 33.23463313526982 -10 8.847759065022574
      vertex 33.23463313526982 10 8.847759065022574
    endloop
  endfacet
  facet normal 0.24298017990326626 -1.60226080629803e-20 -0.9700312531945434
    outer loop
      vertex 33.609819355967744 -10 8.96157056080646
      vertex 33.419430645491076 -10 8.913880671464417
      vertex 33.419430645491076 10 8.913880671464417
    endloop
  endfacet
  facet normal 0.1467304744553641 -5.870091819722313e-20 -0.9891765099647807
    outer loop
      vertex 33.80396571934088 -10 8.990369453344394
      vertex 33.609819355967744 -10 8.96157056080646
      vertex 33.609819355967744 10 8.96157056080646
    endloop
  endfacet
  facet normal 0.04906767432741563 8.797283116682554e-21 -0.9987954562051725
    outer loop
      vertex 34 -10 9
      vertex 33.80396571934088 -10 8.990369453344394
      vertex 33.80396571934088 10 8.990369453344394
    endloop
  endfacet
  facet normal -0.04906767432741563 -8.797283116682554e-21 -0.9987954562051725
    outer loop
      vertex 34.19603428065912 -10 8.990369453344394
      vertex 34 -10 9
      vertex 34 10 9
    endloop
  endfacet
  facet normal -0.1467304744553641 5.870091819722313e-20 -0.9891765099647807
    outer loop
      vertex 34.390180644032256 -10 8.96157056080646
      vertex 34.19603428065912 -10 8.990369453344394
      vertex 34.19603428065912 10 8.990369453344394
    endloop
  endfacet
  facet normal -0.24298017990326626 1.60226080629803e-20 -0.9700312531945434
    outer loop
      vertex 34.580569354508924 -10 8.913880671464417
      vertex 34.390180644032256 -10 8.96157056080646
      vertex 34.390180644032256 10 8.96157056080646
    endloop
  endfacet
  facet normal -0.33688985339220956 -1.7666041923703662e-19 -0.9415440651830245
    outer loop
      vertex 34.76536686473018 -10 8.847759065022574
      vertex 34.580569354508924 -10 8.913880671464417
      vertex 34.580569354508924 10 8.913880671464417
    endloop
  endfacet
  facet normal -0.42755509343028986 9.615436027374569e-21 -0.9039892931234396
    outer loop
      vertex 34.942793473651996 -10 8.76384252869671
      vertex 34.76536686473018 -10 8.847759065022574
      vertex 34.76536686473018 10 8.847759065022574
    endloop
  endfacet
  facet normal -0.514102744193229 3.688052759399428e-19 -0.8577286100002677
    outer loop
      vertex 35.1111404660392 -10 8.66293922460509
      vertex 34.942793473651996 -10 8.76384252869671
      vertex 34.942793473651996 10 8.76384252869671
    endloop
  endfacet
  facet normal -0.5141027441932257 4.2945454306828817e-19 0.8577286100002697
    outer loop
      vertex 34.942793473651996 -10 5.23615747130329
      vertex 35.1111404660392 -10 5.337060775394909
      vertex 35.1111404660392 10 5.337060775394909
    endloop
  endfacet
  facet normal -0.5956993044924246 1.2826231155512715e-19 0.8032075314806513
    outer loop
      vertex 35.1111404660392 -10 5.337060775394909
      vertex 35.26878656832729 -10 5.453979093274526
      vertex 35.26878656832729 10 5.453979093274526
    endloop
  endfacet
  facet normal -0.671558954847031 3.9448128416510912e-19 0.7409511253549478
    outer loop
      vertex 35.26878656832729 -10 5.453979093274526
      vertex 35.41421356237309 -10 5.585786437626905
      vertex 35.41421356237309 10 5.585786437626905
    endloop
  endfacet
  facet normal -0.7409511253549512 0 0.6715589548470272
    outer loop
      vertex 35.546020906725474 -10 5.731213431672709
      vertex 35.546020906725474 10 5.731213431672709
      vertex 35.41421356237309 -10 5.585786437626905
    endloop
  endfacet
  facet normal -0.803207531480647 0 0.5956993044924304
    outer loop
      vertex 35.66293922460509 -10 5.888859533960796
      vertex 35.66293922460509 10 5.888859533960796
      vertex 35.546020906725474 -10 5.731213431672709
    endloop
  endfacet
  facet normal -0.8577286100002632 0 0.5141027441932362
    outer loop
      vertex 35.76384252869671 -10 6.057206526348005
      vertex 35.76384252869671 10 6.057206526348005
      vertex 35.66293922460509 -10 5.888859533960796
    endloop
  endfacet
  facet normal -0.9039892931234527 0 0.42755509343026243
    outer loop
      vertex 35.84775906502257 -10 6.234633135269821
      vertex 35.84775906502257 10 6.234633135269821
      vertex 35.76384252869671 -10 6.057206526348005
    endloop
  endfacet
  facet normal -0.9415440651830163 0 0.3368898533922328
    outer loop
      vertex 35.91388067146442 -10 6.419430645491075
      vertex 35.91388067146442 10 6.419430645491075
      vertex 35.84775906502257 -10 6.234633135269821
    endloop
  endfacet
  facet normal -0.9700312531945413 0 0.24298017990327478
    outer loop
      vertex 35.961570560806464 -10 6.609819355967743
      vertex 35.961570560806464 10 6.609819355967743
      vertex 35.91388067146442 -10 6.419430645491075
    endloop
  endfacet
  facet normal -0.9891765099647846 0 0.14673047445533755
    outer loop
      vertex 35.99036945334439 -10 6.803965719340879
      vertex 35.99036945334439 10 6.803965719340879
      vertex 35.961570560806464 -10 6.609819355967743
    endloop
  endfacet
  facet normal -0.9987954562051721 0 0.04906767432742443
    outer loop
      vertex 36 -10 7
      vertex 36 10 7
      vertex 35.99036945334439 -10 6.803965719340879
    endloop
  endfacet
  facet normal -0.9987954562051721 0 -0.04906767432742443
    outer loop
      vertex 35.99036945334439 -10 7.196034280659121
      vertex 35.99036945334439 10 7.196034280659121
      vertex 36 -10 7
    endloop
  endfacet
  facet normal -0.9700312531945413 0 -0.24298017990327478
    outer loop
      vertex 35.91388067146442 -10 7.580569354508925
      vertex 35.91388067146442 10 7.580569354508925
      vertex 35.961570560806464 -10 7.390180644032257
    endloop
  endfacet
  facet normal -0.9415440651830163 0 -0.3368898533922328
    outer loop
      vertex 35.84775906502257 -10 7.765366864730179
      vertex 35.84775906502257 10 7.765366864730179
      vertex 35.91388067146442 -10 7.580569354508925
    endloop
  endfacet
  facet normal -0.9891765099647846 0 -0.14673047445533755
    outer loop
      vertex 35.961570560806464 -10 7.390180644032257
      vertex 35.961570560806464 10 7.390180644032257
      vertex 35.99036945334439 -10 7.196034280659121
    endloop
  endfacet
  facet normal -0.7409511253549532 0 -0.6715589548470249
    outer loop
      vertex 35.41421356237309 -10 8.414213562373096
      vertex 35.41421356237309 10 8.414213562373096
      vertex 35.546020906725474 -10 8.268786568327291
    endloop
  endfacet
  facet normal -0.6715589548470285 -1.9180698230578221e-19 -0.74095112535495
    outer loop
      vertex 35.41421356237309 -10 8.414213562373096
      vertex 35.26878656832729 -10 8.546020906725474
      vertex 35.26878656832729 10 8.546020906725474
    endloop
  endfacet
  facet normal -0.803207531480647 0 -0.5956993044924304
    outer loop
      vertex 35.546020906725474 -10 8.268786568327291
      vertex 35.546020906725474 10 8.268786568327291
      vertex 35.66293922460509 -10 8.111140466039204
    endloop
  endfacet
  facet normal -0.5956993044924218 1.8762486390530455e-19 -0.8032075314806536
    outer loop
      vertex 35.26878656832729 -10 8.546020906725474
      vertex 35.1111404660392 -10 8.66293922460509
      vertex 35.1111404660392 10 8.66293922460509
    endloop
  endfacet
  facet normal -0.8577286100002632 0 -0.5141027441932362
    outer loop
      vertex 35.66293922460509 -10 8.111140466039204
      vertex 35.66293922460509 10 8.111140466039204
      vertex 35.76384252869671 -10 7.942793473651995
    endloop
  endfacet
  facet normal -0.9039892931234527 0 -0.42755509343026243
    outer loop
      vertex 35.76384252869671 -10 7.942793473651995
      vertex 35.76384252869671 10 7.942793473651995
      vertex 35.84775906502257 -10 7.765366864730179
    endloop
  endfacet
  facet normal 0.42755509343028986 9.615436027374569e-21 0.9039892931234396
    outer loop
      vertex 33.23463313526982 10 5.152240934977426
      vertex 33.057206526348004 10 5.23615747130329
      vertex 33.057206526348004 -10 5.23615747130329
    endloop
  endfacet
  facet normal 0.33688985339220956 -1.7666041923703662e-19 0.9415440651830245
    outer loop
      vertex 33.419430645491076 10 5.086119328535583
      vertex 33.23463313526982 10 5.152240934977426
      vertex 33.23463313526982 -10 5.152240934977426
    endloop
  endfacet
  facet normal 0.24298017990326626 1.60226080629803e-20 0.9700312531945434
    outer loop
      vertex 33.609819355967744 10 5.038429439193539
      vertex 33.419430645491076 10 5.086119328535583
      vertex 33.419430645491076 -10 5.086119328535583
    endloop
  endfacet
  facet normal 0.1467304744553641 5.870091819722313e-20 0.9891765099647807
    outer loop
      vertex 33.80396571934088 10 5.009630546655606
      vertex 33.609819355967744 10 5.038429439193539
      vertex 33.609819355967744 -10 5.038429439193539
    endloop
  endfacet
  facet normal 0.04906767432741563 -8.797283116682554e-21 0.9987954562051725
    outer loop
      vertex 34 10 5
      vertex 33.80396571934088 10 5.009630546655606
      vertex 33.80396571934088 -10 5.009630546655606
    endloop
  endfacet
  facet normal -0.04906767432741563 8.797283116682554e-21 0.9987954562051725
    outer loop
      vertex 34.19603428065912 10 5.009630546655606
      vertex 34 10 5
      vertex 34 -10 5
    endloop
  endfacet
  facet normal -0.1467304744553641 -5.870091819722313e-20 0.9891765099647807
    outer loop
      vertex 34.390180644032256 10 5.038429439193539
      vertex 34.19603428065912 10 5.009630546655606
      vertex 34.19603428065912 -10 5.009630546655606
    endloop
  endfacet
  facet normal -0.24298017990326626 -1.60226080629803e-20 0.9700312531945434
    outer loop
      vertex 34.580569354508924 10 5.086119328535583
      vertex 34.390180644032256 10 5.038429439193539
      vertex 34.390180644032256 -10 5.038429439193539
    endloop
  endfacet
  facet normal -0.33688985339220956 1.7666041923703662e-19 0.9415440651830245
    outer loop
      vertex 34.76536686473018 10 5.152240934977426
      vertex 34.580569354508924 10 5.086119328535583
      vertex 34.580569354508924 -10 5.086119328535583
    endloop
  endfacet
  facet normal -0.42755509343028986 -9.615436027374569e-21 0.9039892931234396
    outer loop
      vertex 34.942793473651996 10 5.23615747130329
      vertex 34.76536686473018 10 5.152240934977426
      vertex 34.76536686473018 -10 5.152240934977426
    endloop
  endfacet
  facet normal 0.7409511253549512 0 0.6715589548470272
    outer loop
      vertex 32.453979093274526 10 5.731213431672709
      vertex 32.453979093274526 -10 5.731213431672709
      vertex 32.58578643762691 10 5.585786437626905
    endloop
  endfacet
  facet normal 0.803207531480647 0 0.5956993044924304
    outer loop
      vertex 32.33706077539491 10 5.888859533960796
      vertex 32.33706077539491 -10 5.888859533960796
      vertex 32.453979093274526 10 5.731213431672709
    endloop
  endfacet
  facet normal 0.9039892931234527 0 0.42755509343026243
    outer loop
      vertex 32.15224093497743 10 6.234633135269821
      vertex 32.15224093497743 -10 6.234633135269821
      vertex 32.23615747130329 10 6.057206526348005
    endloop
  endfacet
  facet normal 0.9415440651830163 0 0.3368898533922328
    outer loop
      vertex 32.08611932853558 10 6.419430645491075
      vertex 32.08611932853558 -10 6.419430645491075
      vertex 32.15224093497743 10 6.234633135269821
    endloop
  endfacet
  facet normal 0.9700312531945413 0 0.24298017990327478
    outer loop
      vertex 32.038429439193536 10 6.609819355967743
      vertex 32.038429439193536 -10 6.609819355967743
      vertex 32.08611932853558 10 6.419430645491075
    endloop
  endfacet
  facet normal 0.8577286100002632 0 0.5141027441932362
    outer loop
      vertex 32.23615747130329 10 6.057206526348005
      vertex 32.23615747130329 -10 6.057206526348005
      vertex 32.33706077539491 10 5.888859533960796
    endloop
  endfacet
  facet normal 0.9891765099647846 0 0.14673047445533755
    outer loop
      vertex 32.00963054665561 10 6.803965719340879
      vertex 32.00963054665561 -10 6.803965719340879
      vertex 32.038429439193536 10 6.609819355967743
    endloop
  endfacet
  facet normal 0.9987954562051721 0 0.04906767432742443
    outer loop
      vertex 32 10 7
      vertex 32 -10 7
      vertex 32.00963054665561 10 6.803965719340879
    endloop
  endfacet
  facet normal 0.9987954562051721 0 -0.04906767432742443
    outer loop
      vertex 32.00963054665561 10 7.196034280659121
      vertex 32.00963054665561 -10 7.196034280659121
      vertex 32 10 7
    endloop
  endfacet
  facet normal 0.9891765099647846 0 -0.14673047445533755
    outer loop
      vertex 32.038429439193536 10 7.390180644032257
      vertex 32.038429439193536 -10 7.390180644032257
      vertex 32.00963054665561 10 7.196034280659121
    endloop
  endfacet
  facet normal 0.9700312531945413 0 -0.24298017990327478
    outer loop
      vertex 32.08611932853558 10 7.580569354508925
      vertex 32.08611932853558 -10 7.580569354508925
      vertex 32.038429439193536 10 7.390180644032257
    endloop
  endfacet
  facet normal 0.9415440651830163 0 -0.3368898533922328
    outer loop
      vertex 32.15224093497743 10 7.765366864730179
      vertex 32.15224093497743 -10 7.765366864730179
      vertex 32.08611932853558 10 7.580569354508925
    endloop
  endfacet
  facet normal 0.9039892931234527 0 -0.42755509343026243
    outer loop
      vertex 32.23615747130329 10 7.942793473651995
      vertex 32.23615747130329 -10 7.942793473651995
      vertex 32.15224093497743 10 7.765366864730179
    endloop
  endfacet
  facet normal 0.8577286100002632 0 -0.5141027441932362
    outer loop
      vertex 32.33706077539491 -10 8.111140466039204
      vertex 32.23615747130329 10 7.942793473651995
      vertex 32.33706077539491 10 8.111140466039204
    endloop
  endfacet
  facet normal 0.803207531480647 0 -0.5956993044924304
    outer loop
      vertex 32.453979093274526 -10 8.268786568327291
      vertex 32.33706077539491 10 8.111140466039204
      vertex 32.453979093274526 10 8.268786568327291
    endloop
  endfacet
  facet normal 0.671558954847031 -3.9448128416510912e-19 0.7409511253549478
    outer loop
      vertex 32.73121343167271 10 5.453979093274526
      vertex 32.58578643762691 10 5.585786437626905
      vertex 32.58578643762691 -10 5.585786437626905
    endloop
  endfacet
  facet normal 0.5956993044924246 -1.2826231155512715e-19 0.8032075314806513
    outer loop
      vertex 32.8888595339608 10 5.337060775394909
      vertex 32.73121343167271 10 5.453979093274526
      vertex 32.73121343167271 -10 5.453979093274526
    endloop
  endfacet
  facet normal 0.5141027441932257 -4.2945454306828817e-19 0.8577286100002697
    outer loop
      vertex 33.057206526348004 10 5.23615747130329
      vertex 32.8888595339608 10 5.337060775394909
      vertex 32.8888595339608 -10 5.337060775394909
    endloop
  endfacet
  facet normal -0.5141027441932257 4.2945454306828817e-19 0.8577286100002697
    outer loop
      vertex 35.1111404660392 10 5.337060775394909
      vertex 34.942793473651996 10 5.23615747130329
      vertex 34.942793473651996 -10 5.23615747130329
    endloop
  endfacet
  facet normal 0.7409511253549532 0 -0.6715589548470249
    outer loop
      vertex 32.58578643762691 -10 8.414213562373096
      vertex 32.453979093274526 10 8.268786568327291
      vertex 32.58578643762691 10 8.414213562373096
    endloop
  endfacet
  facet normal 0.6715589548470285 0 -0.74095112535495
    outer loop
      vertex 32.73121343167271 -10 8.546020906725474
      vertex 32.58578643762691 10 8.414213562373096
      vertex 32.73121343167271 10 8.546020906725474
    endloop
  endfacet
  facet normal 0.5956993044924218 0 -0.8032075314806536
    outer loop
      vertex 32.8888595339608 -10 8.66293922460509
      vertex 32.73121343167271 10 8.546020906725474
      vertex 32.8888595339608 10 8.66293922460509
    endloop
  endfacet
  facet normal 0.514102744193229 0 -0.8577286100002677
    outer loop
      vertex 33.057206526348004 -10 8.76384252869671
      vertex 32.8888595339608 10 8.66293922460509
      vertex 33.057206526348004 10 8.76384252869671
    endloop
  endfacet
  facet normal 0.42755509343028986 0 -0.9039892931234396
    outer loop
      vertex 33.23463313526982 -10 8.847759065022574
      vertex 33.057206526348004 10 8.76384252869671
      vertex 33.23463313526982 10 8.847759065022574
    endloop
  endfacet
  facet normal 0.33688985339220956 0 -0.9415440651830245
    outer loop
      vertex 33.419430645491076 -10 8.913880671464417
      vertex 33.23463313526982 10 8.847759065022574
      vertex 33.419430645491076 10 8.913880671464417
    endloop
  endfacet
  facet normal 0.24298017990326626 0 -0.9700312531945434
    outer loop
      vertex 33.609819355967744 -10 8.96157056080646
      vertex 33.419430645491076 10 8.913880671464417
      vertex 33.609819355967744 10 8.96157056080646
    endloop
  endfacet
  facet normal 0.1467304744553641 0 -0.9891765099647807
    outer loop
      vertex 33.80396571934088 -10 8.990369453344394
      vertex 33.609819355967744 10 8.96157056080646
      vertex 33.80396571934088 10 8.990369453344394
    endloop
  endfacet
  facet normal 0.04906767432741563 0 -0.9987954562051725
    outer loop
      vertex 34 -10 9
      vertex 33.80396571934088 10 8.990369453344394
      vertex 34 10 9
    endloop
  endfacet
  facet normal -0.04906767432741563 0 -0.9987954562051725
    outer loop
      vertex 34.19603428065912 -10 8.990369453344394
      vertex 34 10 9
      vertex 34.19603428065912 10 8.990369453344394
    endloop
  endfacet
  facet normal -0.1467304744553641 0 -0.9891765099647807
    outer loop
      vertex 34.390180644032256 -10 8.96157056080646
      vertex 34.19603428065912 10 8.990369453344394
      vertex 34.390180644032256 10 8.96157056080646
    endloop
  endfacet
  facet normal -0.24298017990326626 0 -0.9700312531945434
    outer loop
      vertex 34.580569354508924 -10 8.913880671464417
      vertex 34.390180644032256 10 8.96157056080646
      vertex 34.580569354508924 10 8.913880671464417
    endloop
  endfacet
  facet normal -0.42755509343028986 0 -0.9039892931234396
    outer loop
      vertex 34.942793473651996 -10 8.76384252869671
      vertex 34.76536686473018 10 8.847759065022574
      vertex 34.942793473651996 10 8.76384252869671
    endloop
  endfacet
  facet normal -0.33688985339220956 0 -0.9415440651830245
    outer loop
      vertex 34.76536686473018 -10 8.847759065022574
      vertex 34.580569354508924 10 8.913880671464417
      vertex 34.76536686473018 10 8.847759065022574
    endloop
  endfacet
  facet normal -0.5956993044924246 0 0.8032075314806513
    outer loop
      vertex 35.1111404660392 -10 5.337060775394909
      vertex 35.26878656832729 10 5.453979093274526
      vertex 35.1111404660392 10 5.337060775394909
    endloop
  endfacet
  facet normal -0.671558954847031 0 0.7409511253549478
    outer loop
      vertex 35.26878656832729 -10 5.453979093274526
      vertex 35.41421356237309 10 5.585786437626905
      vertex 35.26878656832729 10 5.453979093274526
    endloop
  endfacet
  facet normal -0.7409511253549512 0 0.6715589548470272
    outer loop
      vertex 35.41421356237309 -10 5.585786437626905
      vertex 35.546020906725474 10 5.731213431672709
      vertex 35.41421356237309 10 5.585786437626905
    endloop
  endfacet
  facet normal -0.803207531480647 0 0.5956993044924304
    outer loop
      vertex 35.546020906725474 -10 5.731213431672709
      vertex 35.66293922460509 10 5.888859533960796
      vertex 35.546020906725474 10 5.731213431672709
    endloop
  endfacet
  facet normal -0.8577286100002632 0 0.5141027441932362
    outer loop
      vertex 35.66293922460509 -10 5.888859533960796
      vertex 35.76384252869671 10 6.057206526348005
      vertex 35.66293922460509 10 5.888859533960796
    endloop
  endfacet
  facet normal -0.9039892931234527 0 0.42755509343026243
    outer loop
      vertex 35.76384252869671 -10 6.057206526348005
      vertex 35.84775906502257 10 6.234633135269821
      vertex 35.76384252869671 10 6.057206526348005
    endloop
  endfacet
  facet normal -0.9415440651830163 0 0.3368898533922328
    outer loop
      vertex 35.84775906502257 -10 6.234633135269821
      vertex 35.91388067146442 10 6.419430645491075
      vertex 35.84775906502257 10 6.234633135269821
    endloop
  endfacet
  facet normal -0.9700312531945413 0 0.24298017990327478
    outer loop
      vertex 35.91388067146442 -10 6.419430645491075
      vertex 35.961570560806464 10 6.609819355967743
      vertex 35.91388067146442 10 6.419430645491075
    endloop
  endfacet
  facet normal -0.9891765099647846 0 0.14673047445533755
    outer loop
      vertex 35.961570560806464 -10 6.609819355967743
      vertex 35.99036945334439 10 6.803965719340879
      vertex 35.961570560806464 10 6.609819355967743
    endloop
  endfacet
  facet normal -0.9987954562051721 0 0.04906767432742443
    outer loop
      vertex 35.99036945334439 -10 6.803965719340879
      vertex 36 10 7
      vertex 35.99036945334439 10 6.803965719340879
    endloop
  endfacet
  facet normal -0.9987954562051721 0 -0.04906767432742443
    outer loop
      vertex 36 -10 7
      vertex 35.99036945334439 10 7.196034280659121
      vertex 36 10 7
    endloop
  endfacet
  facet normal -0.9415440651830163 0 -0.3368898533922328
    outer loop
      vertex 35.91388067146442 -10 7.580569354508925
      vertex 35.84775906502257 10 7.765366864730179
      vertex 35.91388067146442 10 7.580569354508925
    endloop
  endfacet
  facet normal -0.9039892931234527 0 -0.42755509343026243
    outer loop
      vertex 35.84775906502257 -10 7.765366864730179
      vertex 35.76384252869671 10 7.942793473651995
      vertex 35.84775906502257 10 7.765366864730179
    endloop
  endfacet
  facet normal -0.9891765099647846 0 -0.14673047445533755
    outer loop
      vertex 35.99036945334439 -10 7.196034280659121
      vertex 35.961570560806464 10 7.390180644032257
      vertex 35.99036945334439 10 7.196034280659121
    endloop
  endfacet
  facet normal -0.9700312531945413 0 -0.24298017990327478
    outer loop
      vertex 35.961570560806464 -10 7.390180644032257
      vertex 35.91388067146442 10 7.580569354508925
      vertex 35.961570560806464 10 7.390180644032257
    endloop
  endfacet
  facet normal -0.803207531480647 0 -0.5956993044924304
    outer loop
      vertex 35.66293922460509 -10 8.111140466039204
      vertex 35.546020906725474 10 8.268786568327291
      vertex 35.66293922460509 10 8.111140466039204
    endloop
  endfacet
  facet normal -0.6715589548470285 0 -0.74095112535495
    outer loop
      vertex 35.41421356237309 -10 8.414213562373096
      vertex 35.26878656832729 10 8.546020906725474
      vertex 35.41421356237309 10 8.414213562373096
    endloop
  endfacet
  facet normal -0.7409511253549532 0 -0.6715589548470249
    outer loop
      vertex 35.546020906725474 -10 8.268786568327291
      vertex 35.41421356237309 10 8.414213562373096
      vertex 35.546020906725474 10 8.268786568327291
    endloop
  endfacet
  facet normal -0.514102744193229 0 -0.8577286100002677
    outer loop
      vertex 35.1111404660392 -10 8.66293922460509
      vertex 34.942793473651996 10 8.76384252869671
      vertex 35.1111404660392 10 8.66293922460509
    endloop
  endfacet
  facet normal -0.5956993044924218 0 -0.8032075314806536
    outer loop
      vertex 35.26878656832729 -10 8.546020906725474
      vertex 35.1111404660392 10 8.66293922460509
      vertex 35.26878656832729 10 8.546020906725474
    endloop
  endfacet
  facet normal -0.8577286100002632 0 -0.5141027441932362
    outer loop
      vertex 35.76384252869671 -10 7.942793473651995
      vertex 35.66293922460509 10 8.111140466039204
      vertex 35.76384252869671 10 7.942793473651995
    endloop
  endfacet
endsolid OpenSCAD_Model
